title,review_text,stars,url
Interstellar,"鉴于粉丝屡次人身攻击，特改为1星
——————————————
郑重提示：本片有较多全景旋转镜头，可能造成恶心想吐等胃部不适，平时容易晕车晕船的请慎重观看。这不是开玩笑。

  如果说第一次看Inception的感想是“没怎么懂，不过好厉害的样子，下次有空再看一遍”，本片就是“哦，就那样啊。”

  总的来说，Interstellar的故事本身和叙事节奏都很失败。

  故事已经不是“旧瓶装新酒”可以形容的了，确切的说是旧瓶里装了七八种旧酒的混合物，加了点新的香精，贴了个新标签又拿出来卖了。从一开始长达40多分钟的男主的各种苦逼纠结和末世背景的设定，到男主做一番大事只是为了自己家庭这个动机，到教授欺瞒的情节反转，到男主牺牲自己成全女一号的这个关键情节，到“改变自己命运的原来就是另一个时空的自己”这个设定，到首位相接的环形叙事，到反派黑化的理由，到结尾女一肩负人类的新希望（等等），都能在诺兰以往的片子还有其他片子里找到无数的影子。

  虽然剧情东拼西凑，但总的来说还不算差，相比之下导演的节奏控制简直是灾难性的退化。The Prestige、TDK、Inception里那种干净利落、毫不拖泥带水的剪辑丢得一干二净，取而代之的是韩剧式的婆婆妈妈。前四十几分钟尤甚，简直让人昏昏欲睡：女儿发现房间里异状的情节被反复渲染，长的简直不能忍，好像生怕观众不知道这是关键情节；男主和女儿的告别戏，居然可以拍成那样拖泥带水。中段稍微好了一点，到男主进入五维空间那场戏又是拖沓臃肿至极：男主在五维空间里观察过去女儿房间发生的事；成年女儿在房间里思考；成年女儿的朋友在屋外催促她。这三个场景被交叉剪辑在一起，试图制造一种紧张感，但很可惜，我没有感受到。这样的交叉剪辑足足持续了大概十分钟，才进入了下一个情节。

  按理说，这样大量的情绪铺垫，最后效果应该很感人才对。但是诺兰拍人类情绪总是有种隔靴搔痒的感觉，像Inception那样点到为止就好，Interstellar里浓墨重彩地渲染，最后反而让这种感觉更加强烈。比如男主最后一次独自离家驱车前往NASA，掀开副驾驶位置的杂物堆，发现这次女儿却不在这个情节，和Inception里保险柜里的纸风车一模一样的煽情手法，效果却差远了。

  诺兰并不擅长拍打动人的情感。我怀疑他正是知道这点，才拼命地往自己电影里加数学物理天文哲学之类的噱头。我被Interstellar的某些情节打动了吗？的确有。但那是人类面对亲情和时间之浩瀚的本能反应。就像够辣的辣椒无论哪个厨师来做都能把你辣出眼泪，和厨师水平关系并不大。

  还有男主被Dr. Mann暗算那场戏，拍的拖沓且毫无张力。两人穿着宇航服打斗已经够笨重无趣了，中间居然出现了一个俯视全景镜头，小小的两人在画面下方不起眼的地方你一拳我一脚。Dr. Mann走就走，还三步一回头，拖得令人无语。

  关于视效，只能说“很朴素”，真的很朴素。没有什么超乎想象的地方，也没有什么wow的点。小惊喜是有的。五维空间的展现算是个亮点，但是也没有到令人拍案叫绝的地步。配乐毫无印象。

  总的来说，Interstellar的观影体验非常差，由于失败的节奏控制和并不出彩的视效，全篇几乎没有高潮可言，很容易一不小心就睡着。不过不用担心睡很久影响理解情节，因为不时会被音效惊醒过来。里面很多细节确实需要仔细理解台词（甚至一定背景知识），但是对理解主线发展毫无影响，不像Inception，理解主线先要理解那些梦的设定。实际观影时间拖到了160多分钟也不是什么愉快的事，事实上人集中注意力两个小时后就会觉得很累，所以看完这电影感觉非常累。还有一开始就提到的旋转镜头引发的生理不适。

  说了这么多不好，其实Interstellar够不上真正的烂片。毕竟这样一个题材高大上又是星际穿越又是人性温情的故事，想要拍到让人忍不住开骂是不太可能的。但比起导演的前几作来，实在差的太多了。

  个人评分：59/100",1,https://movie.douban.com/review/7183182/
Interstellar,"微笑着看完了《星际穿越》，微笑着走出了电影院，微笑着走进了旁边的麦当劳，微笑着咬一根薯条。吃薯条的时候，我微笑着想起了一部电影，叫《向左走，向右走》，杜琪峰、韦家辉联合执导。在这部电影结尾，地震就那样轻而易举不明所以“墨菲”般地发生了，震穿了一堵墙，男女主人公穿过时空的尘埃发现了彼此，紧紧拥抱，永不分离，故事至此，圆满结束。那时我骄傲地以为，我看到了一种像是创新一样的东西。它遵循着地壳运动的原理，充满了无比澎湃的幻想，用爱击穿了一切阻挡在人与人之间的东西，所谓“硬的墙，软的心”。嗯，我喜欢。刚想推荐给别人，不知缘何转念一想，咦，有什么东西似乎不对。于是，心一软，手一硬，那部片子我就给了个两星。

记得那还是1997年。彼时的克里斯托弗·诺兰踌躇满志意气风发，拍摄了一部2分55秒的短片。这部名为《蚁蛉》的短片讲了一个非常简单的故事：一个人在一间狭小的屋子里拍“小虫”，结果一鞋底子刚要过去，镜头猛然越过了主人公的肩头，一只朝着主人公拍过来的大鞋赫然出现在空中。

不想他日又相逢。这回，“神坛牌流水线”发明者给自己的产品套上了一个梦幻斑斓的壳，又在壳上抹了层澄黄透亮的沙，送来中国，供人朝贺。将近二十年之后，随着体重的不断增加，诺兰电影也有了量的飞跃，从三分钟变成了三个小时，从一间屋子来到了宇宙太空，从黑白变成了彩色，从IMDB末尾来到了开头，打遍天下无敌手，一举进入IMAX影院——唔，足够励志。然而也许我们真的应该仔细看看这部只对诺兰一个人具有“启示”意味的短片，然后细细考虑，在上述所有的不同之中，真的有什么可以称之为“进步”的东西吗？我看不太有。通过对个人历史的梳理我们发现，诺兰拍片子似乎从来不向前看。他喜欢回溯，但又没什么风格可言；喜欢模式，所以很难做出什么超越自己、挑战自己的举动；诚然，他更喜欢马甲，给一个普通的故事穿上一层又一层衣服，科幻啊、沙暴啊、爱啊、维啊，但终究还是只有那么点儿功夫。

我知道的不多，可又希望谁也不要骗我。很多人不愿意把《星际穿越》和《2001：太空漫游》作比，无赖如我者却一定要问，为什么不行？抄都抄了，比一比还不让吗？从那个巨大的轮形加速器，到那个棺材一样的休眠装置；从行星上空的不明物体，到色彩斑斓的黑洞之旅，诺兰活生生地给库布里克做了一遍注脚。做完自己做别人，诺兰似乎也还是不错的，毕竟没有功劳也有苦劳嘛！但这确乎是个非常致命的问题。尤其是“第一个敢于正面表现”这种表述，非常值得考量。因为，“第一”两个字往往确定了一部影片在影史中的地位，而第一的数量和质量往往决定了一部影片到底有多少部分属于自己；一部影片，到底是一粒饱满的种子，还是巨树上一片微不足道的绿叶，实在不容忽视。从这个角度上讲，《星际穿越》无非就是早前科幻电影的孑遗，比上不足，比下似还有余。

好像诺兰唯独抛弃了库布里克那座亘古不变的“黑碑”。然而“黑”与“幽灵”、“碑”和“书架”的重合又这样触目惊心地摆在面前，真希望是我在过度解读。退一万步说，这种比较的真正意义在于说明，当一种神秘的东西真的具象化之后，它的哲学意味，它的暧昧形态，它的思辨能力，都在以无法恢复的方式坍缩，最终由电影的艺术褪变为智商的游戏，由一种感受的冲动变成了烧脑的拼图，由形而上的思考变成了形而下的炫耀，形成一种另类的、甚至非影像的快感。如果用另一个词来解释，那可能就是一种“洗脑”。

当然，诺兰抄的也不只是《2001：太空漫游》一部了。比如说万年不变的摩尔斯电码和二进制，比如说双手撑地前行的机器人，这些出现在《超时空接触》甚至《星球大战》里的创意被大批量“致敬”到每一个角落里，然后又跟各种各样的物理定律搅拌在一起；此外还有书架后面的新世界，简直让《纳尼亚传奇》的铁杆影迷心头一颤。所以，与其说诺兰拍的是一部interstellar，莫若说他拍的是interstealer，肆无忌惮的引用不仅没能让他这篇穿越论文的质量有所提升，反倒在原创性上大打折扣。所以说实话，谁愿意对一个重复率高得惊人的学生另眼相待呢？

《星际穿越》，真的离杰作还差一步？我看不止。抛开物理硬伤不谈，超过半程的剧情拖沓，滞重难忍的交叉蒙太奇，演员表演和心理状态的极度单一，配上一个看上去充满人情味儿的结尾，俨然就是一部大片的标准配置。然而依我看来，这样的东西远不能称为杰作，它与我脑中闪过的任何可以被称为“杰作”的作品都有着相当大的距离，更别提“伟大”了。说到这里，我想起了一部关于霍金及其理论的纪录片，埃罗尔·莫里斯执导，名叫《时间简史》。片子当中，霍金每况愈下的身体情况和毫无感情的电脑合成声相互交织缠绕，随着身体的日益枯萎和理论的日益完善，渺小的人类和无垠的宇宙最终在“时间”这个词上形成了交集。当霍金最终发现原来时间居然永远无法逆转、健康永远不会复归时，电脑合成的声音这样说道：“人们还是会继续变老，所以等着宇宙再次坍缩，回到青春时代，这不现实。”这声音仍然冷静，但内里充满了悲伤。

我称这部电影为“杰作”。它从不想控制我的情感，但我依旧泪流不止。",1,https://movie.douban.com/review/7191382/
Interstellar,"❶【给分】
虽然，【星际穿越】在真科幻和物理爱好者眼中一定是非常平庸的。

但想了想，鉴于电影稳稳当当交了答卷，没有明显的跛脚，
毕竟诺兰是结构主义党，玩剧本才是他的本行。
在入门级科幻的外衣下，包裹的那个铜臭味十足的人文关怀，才是本片内核，也是本片骗普通影众的利器。
所以给七分完全可以，八分勉强。

但实在看不惯时光网的水军，
一大波一级小号，每个贴吧去粘贴复制同样的介绍，同样的观影体验。
甚至，有的水军直接帖子里附上时光网包票的平面宣传。

【你当我们吧务管理傻逼？看不出来你们是水军吗？】
票房吧，电影吧，恐怖片吧，好莱坞吧，哥斯拉吧，等等各个贴吧。
全被你们水军攻进了，求水军给一条活路行吗？




❷【媒评】
《今日美国》：影片单调乏味，影片先进的特效技术看起来名不副实。

《卫报》：星际穿越只是一篇科学报告。

《福布斯》：心有余，力不足，整部电影迷失在了宇宙。

《华尔街日报》：诺兰168分钟的电影塞满了困惑的谬误

《The Wrap》：50分不及格，诺兰的科幻史诗完美起飞，却在降落时坠毁。

《The Playlist》：25分糟糕透顶，诺兰的《星际穿越》花了数百万美元带领观众来到了宇宙最遥远的地方，影片给予观众的感情身临其境却十分廉价，这些情感贺曼公司（美国著名贺卡零售商）的贺卡都能提供给你。

《Movie city news》：科幻片的老梗拿来愚弄观众，虽然不能说是烂片，但也绝非佳片

《烂番茄》：一部愚蠢的电影，60%新鲜，40%烂。

CinemaScore网站上统计的普通观众综合评分中，《超能陆战队》得到了一个A，而《星际穿越》为B+ ，同为秋冬档，迪士尼这部动画夺冠，把星际穿越打得落花流水。而讲述物理学家霍金的传记电影《万物理论》将是今年奥斯卡多个奖项的候选者，媒体预测《星际穿越》将无缘奥斯卡。




❸【吐槽】
一大波跟着水军起哄和抒发感怀的装逼党，怀着朝圣的心态，前去影院瞻仰。
派拉蒙和华纳花大血本做网络公关的行为，已经引起国外影迷反感。
还联合内地时光网推波助澜，期望口碑能多米诺骨牌似的扩散。

但说真的，这种科普级别的科幻，需要你们去烧脑吗？
看加来道雄的大众科普，岂不是要升仙得道了？

大实话，
半吊子科幻迷，带着文艺细菌去看这片，横竖都是值得歌颂的史诗。
真科幻迷看这片，味如嚼蜡，还非要蹩脚的烘托出最后的虚情假意。",1,https://movie.douban.com/review/7193583/
Interstellar,"首先该剧是一部脑残剧，其次我觉得豆瓣9.3的得分堪比黑洞巨坑，再次我不是诺兰的粉丝，兴许比较客观又或许比较无知，总之奉劝大家别看！这部剧已经不是尿点多不多的问题，而是可以洗个澡剪个指甲再接着看都无虞的程度，韩剧节奏是也~，硬伤已经无力吐槽，无论你是不是太空迷，有看新闻有学过中学物理的估计都得吐血十升，至于情感，只能呵呵了，除非你为自己的柔弱而感动，否则流泪只会出现在哈欠连连中…
男主去去就来，我就细细道来吧~
1. 剧情
片长接近三小时，可以负责任的说前面两小时带领我穿越回上个世纪，不是剧情，而是各种桥段大集锦，地球危机—拯救人类—抛子弃女—恍如隔世--惊险万分—内讧不断，你敢说你在儿时没看过这种编剧？（九零后除外）
故事从一片玉米地开始，最后…玉米地没提了…，好吧我中了文言文的毒，首尾呼应是木有的！然后是莫名其妙的在玉米地里飙车追一个无人侦察机，还一度强调是印度产的，有赞助吗…，导演其实只是想告诉大家，这灰机是在寻找神马信号，苦苦灰了十年，是隐喻！但拜托，这隐喻一点用没有好吗，最后也没解释这玩意是哪来的…估计很多人看完之后都忘了这茬…
接着是学校见家长，无非是要说明故事背景：因为沙尘暴加上神马植物枯死病，全世界的人快饿死了（其实片中也没发现有人饿死…，倒是一个动物都木有，难道人类生命力比小强厉害？），所以所有人都得去做农民，没有军队没有宇航局，甚至连读大学都不让，连高级宇航员的男主都得非转农去耕田（理由是浪费钱…），这尼玛跟上山下乡多么的一致啊~我想说，人类至于放弃治疗吗？当今科技毫无办法的解决方案就是回归原始时代，这神马逻辑？种田是比人数的？如果是地不行了，你一百亿人去耕也木有用啊亲~，再说机器耕田不用吃饭，人还得吃饭呢，这不更浪费粮食吗，男主家还两孩子，应该计划生育的说…地球都病成那样了，不花钱不努力去研究科技不去迫切的找外星殖民地，反而动员全员耕田，我能说这很SB吗，不要跟我说科技有害，那是宗教片了，谢谢
剧情推进到天才女儿发现幽灵，带领奶爸奔赴地下组织NASA，几番寒暄，翌日，男主就去开飞船了！！！！这是一场说走就走的旅行啊，不用培训开飞船啊，尼玛即使你再有经验也不可能瞬间去开别的飞船啊，会开F16不代表你会开F22啊啊啊啊，这宇航计划本来没有他啊，可以瞬间加个人的啊，这是公交车啊啊啊，话说本来应该是谁去的…
说时迟那时快，男主女主加酱油小黑和无名就上天了，用的还是三级火箭推进技术，还是得有一年多到土星（话说查了下地球到土星是最近距离约为5500万公里，最远距离则超过4亿公里，而一光年是94608亿公里，这尼玛要走一年？！！！），跟2014年的技术毫无二致，就这科技水平还太空旅行，阿门…
然后男主女主到了第一个星球，一小时等于七年遍地是水的地方，重力是1.2G，出舱时是不用适应的，直接啪嗒啪嗒就可以轻功水上漂了，然后遇到巨浪，然后争分夺秒逃跑，话说他们在这星球没有做研究啊，都是水啊，生命之源啊，地表为神马不做测试啊，连采样都没有啊啊啊啊啊，就因为一小时七年，地球人等不及？那明知这样去那干嘛啊，期望一去就山清水秀可以带人来吗？我勒个去…然后他们回到了阔别23年的小黑身边，一小时7年，23年三个多小时，我怎么看都不觉得男主开了那么久灰机啊，简直是全程直播的啊啊啊啊，另外我想问，小黑不在地球啊，他也是过地球时间？不懂…还有男主开着飞船在1.2G的星球进出自如，让我感觉地球起码得是2.0G的，不然为啥要三级推进才能上太空？
接着到了NO.2星球，在去这星球之前男主女主争吵了，一个是要早点回家，一个要去找男朋友，这尼玛能不能严肃点，上班时间别干私事，这点觉悟没有还跟我说人性，那大家都回家办公去吧…NO.2星球出现了反角，他的动机和水平估计只有幼儿园水平，为了活下去，骗男女主说这是个宜居城市，留住他们然后开飞船逃跑，尼玛你说这很恶劣他们会不带你走？！！！还得折腾杀人夺船，妈妈呀~最强大脑不能没有你~，另外男主女主为了救反角，反复呼喊别手动对接，起码重复了三十遍，话说你就不能直接说我们已经给你设置权限了，你破不了，你说别别别，这跟岛国爱情动作片一个道理…
顺势的偶然的男主一时兴起就勇闯黑洞了，真心不想吐槽这个，又是说走就走的冒险，好适合无脑SB，好刺激哦~~~你可以说他没选择，但真的不至于如此猴急，这是常识…，几毫米的钢板居然能顺着潮汐切入黑洞，看来这个洞好温柔的说，这个潮汐的低谷是有多低？开这么个口神马都跑出去了啦，还尼玛什么黑洞！吞噬压缩行星恒星的黑洞居然敞开怀抱迎接了小破船，充满了人性光辉~
最后想不开的是，男主回到了自己书房，我很好奇如果女主一起的话，是不是也在书房还是在别的地方，这个点是怎么选的，随心？这不是宗教片…还是男主的书房就是宇宙中心？太扯淡….还是说人生就是小宇宙，那为啥一定会回到那个时间点，而不是出生的时候？导演似乎也懒得解释，直接就五维空间，为的就是互动，爸爸爸爸我们去哪里呀~~~
得到老爸“真传”的女儿拯救了全人类，老爸见姥姥女儿，满屋子的儿孙满堂，居然没有感人画面，一句话没说，还有可怜的老爸儿子木有露面，不知死活，说到这想起了老爸儿子烧玉米地，这一幕是想制造恐怖紧张气氛吗？好像没有被恐怖到啊…，短促的十分钟介绍了男主醒来的一切，姥姥女儿居然是叫老爸去找女主…父女之情呼来唤去，在抛弃不放弃之间徘徊，这跟一个都不能少一个道理，却错误放在了狗血科幻的框架下，哭笑不得，真爱无敌，爱才是超越所有的一切纽带，包括引力、时间等等，这还是宗教片吗？导演不敢触碰GOD这个主题，只能假托爱来解释这个最后从黑洞传回的数据，这是各个脑残粉最值得依赖的点吗？但这个真的和星际穿越无关，片中说亲人死了我们还保有爱，这本无益于社会发展，所以爱不是为了生存的而是有我们未知的东西，这个东西很玄乎，无法理解，我只能说是GOD，如果导演真的想要表达的是这个，我只能说你表现得够烂，本可以精致的科技被你粗糙地描绘，本可以更强力的LOVE被你的狗血桥段分解得支离破碎，你想高大上没错，但拜托不要披着狼皮，而且是破破烂烂的狼皮。
综上所述，想表达高深主题没有错，核心是真心实意的，但记住这不是纪录片而是电影，不要本末倒置了，真的假不了，假的也真不了，忽略硬伤是万万不能的！",1,https://movie.douban.com/review/7200621/
Interstellar,"首先声明，这片子平心而论我会给个三星（当然，属于绝对不会选择去电影院看的范畴），只是觉得这部片子被诺兰粉甚至诺兰教徒捧得太高，要拉低一下分数才打的一星。
    总体来说，该片一点也不烧脑，根本没有期待中看到最后把前面不知所云却又环环相扣的伏笔全部串起来，一种醍醐灌顶，然后大呼过瘾的感觉。整部片子除了黑洞做的挺漂亮外，在理论、概念的应用方面，完全是了无新意，或者说，这部片子就是一部披着科幻外衣的亲情大戏，“因为爱”的梗让我差点没喷出一口老血，我完全没有感受到所谓的硬科幻。
     另外麦康纳和海瑟薇给我的感觉总是和这部戏不是很搭 > <
     相比于刚看完的《彗星来的那一夜》（这个名字我也想吐槽），诺导的这部作品，真的是有失水准呢。 - -",1,https://movie.douban.com/review/7191542/
Interstellar,"为什么说渣渣，主要还是宣传的硬科幻电影，我都不知道这么多BUG还是与霍金齐名的什么鸟科学家想出来的啊，时间只能被压缩或者延长，不能逆转，猪吗？还未来人回到过去解救自己，都说不通，未来人已经存在了，为什么还拼命的回去拯救以前的自己呢，神经病吗？如果可以回到过去拯救或者改变历史，那我们不是每天都要担惊受怕自己历史被改写了吗？除非使用平行宇宙来解释，但是这个电影偏偏不是这样说的，太多的BUG了，脑残粉来喷我吧，没事的。这个电影居然被评到了9.3分，专门弄个账号来吐槽一下的，顶多7.5分，不能再多了，还是给接近3个小时的电影的辛苦努力的。
除非电影假设是平行宇宙成立，而且很多东西还没被科学印证，就居然说是硬科学，硬个毛啊。
假定：①众多平行宇宙中，有一个和现在宇宙相同，且超前这个宇宙一点，及A和B宇宙；②在黑洞由于巨大引力场扭曲时空，平行宇宙会交叉，相互影响，这个宇宙中所发生的事情在另外一个交叉的宇宙中产生了影响，出现超自然现象，即黑洞中发生的事情会存留且相互影响其他交叉宇宙。
那么：
① A宇宙女孩的老爸很早就出去太空了，经过一系列的事情，坠入到一个不知名的黑洞，时空扭曲，他找到了他们家的书房（空间扭曲），并且通过书房告诉现在跟他年纪一样大的A宇宙中的女儿发生的事情，就是stay（留下），黑洞中看到多维世界推书的时候影响到了B宇宙的书房，当时B宇宙还是小女孩的女儿，小女孩破解stay。A宇宙中老爸给成年的女儿发完stay之后挂球了。但是A宇宙中的另外一个星球上的人类胚胎得以完好发展，经过不知多少时间之后，这个人类已经掌握了更高的科技甚至星际穿越、制造黑白洞等技术，他们想回到太阳系看看他们祖先生存过的地方，于是在太阳能中制造了黑洞和虫洞（这个黑洞也可能是任何一个平行宇宙中的高等智能生物制造的），以便能回去，黑洞是平行宇宙交叉的地方，所以在B宇宙中也会突然出现一个黑洞，黑洞的存在会改变引力场，所以B宇宙中地球引力发生变化。
② 宇宙中存在多个黑洞、白洞，之间有虫洞连接，黑白洞和虫洞中留存着平行宇宙在其中做过的事情，同时也是不同平行宇宙相互联系、宇宙间相互连通的通道，B世界中的黑洞是A世界（或者其他平行宇宙世界）创造的。
③A世界男主所做的事情留在了时间静止的黑洞中（光速旅行时间静止），相当于一个信箱中的信件，在不同黑洞、虫洞中流传，所以B世界中也经历了同样的事情，只是stay这个留言在宇宙交叉相互影响的时候，女儿的年纪在A和B世界中不一样而已。在后来B世界机器人在A创造的黑洞中的一番话后，B世界主人公觉得有希望解决奇点数据，就传达给了B世界中的女儿，并拯救了B世界。
通过虫洞，所有的世界的黑洞、白洞都连接在一起，导致各个平行世界相互影响，甚至出现超自然现象，当你在黑洞中做了一件事情，其实你可能已经通过引力改变了另外一个世界，甚至可以在不同宇宙中穿梭。而有一点需要说的是，同一个宇宙中，时间会因为引力不同而导致同一世界中各点时间不一样，物体以光速前进时间就静止了，所以黑洞、白洞以及虫洞中时间是静止的，在其中所做的事情就留存了下来。
以上只是自己的猜想，不然没办法解释，就又回到了自己回到过去拯救自己的谬论去了。
这个电影表达自己穿越到过去改变自己的设定就有问题，自己都无法自圆其说，又没有说明平行宇宙，起码这个还可以有得解释嘛。
最后，我想说的是：别说是硬科幻电影，一点都不硬。",1,https://movie.douban.com/review/7192212/
Interstellar,"那些给星际穿越打五星的皇帝新衣党，和那些说看懂了的大傻逼们，旋转对接那里主人公的登陆舱是如何多过爆炸碎片而从容对接的？无重力状态下的无定向爆炸，是怎么做到只摧毁爆炸体而不殃及池鱼的？上帝说这是个奇迹，反正我是信了。还有后面主人公进入黑洞之后，是如何无视连光都无法逃逸的引力的。对于一个只辐射熵的黑洞，主人公是如何眼见了那些奇迹的。真是一部傻逼见仁，傻逼见智，傻逼懂一切的好电影。本来过时理论拍电影讲个好故事就够了，这么多奇迹，故事也没讲明白，相比小时代还更好些呢。
黑洞中心在一个美国小姑娘的卧房里，这样一个美帝无耻自大的设定，连老美看完都哭笑不得，我真的不知道这样一部烂电影是怎么在国内赚的那么多口碑的。哇，皇帝的衣服真好看！他不是什么都没穿么，我只是个孩子，所以我不懂那叫皇帝的新衣。
还有那个五维空间接触问题，高维向下接触不是不可行的，但绝对不是这样的接触方式。而且第五纬度，只不过可以扭曲时间，却不可以肆意介入时间，更不能发生时间冲突的干预。电影里，第五维度的生命体，竟然完成了第六维度的工作。这让第六维度的生命情何以堪！！！
使个大劲，拍了部童话，还那么的幼稚。对于时间的解释，是那么幼稚和苍白。。。好吧，电影观众多数都是白痴。。。
其实这部电影应该叫做，一块汉密尔顿是如何拯救人类的。整部电影唯一的亮点就是汉密尔顿的植入广告。",1,https://movie.douban.com/review/7353484/
Interstellar,"几个星期前看的了，看完了觉得片子挺烂的。撑爆了两星，给摄影。

可是看到芸芸众生各种马屁五星，我真希望影评可以给0星。

1。故事情节跟《新世纪福音战士》有拼

首先，我是EVA的超级粉丝。

但我不是骨灰级的，因为我知道，里面的故事逻辑结构，不能用正常人的思维去衡量。

这部Interstellar，就是一个烂板的EVA。

我不是学物理的但至少也是个STEM的专业毕业的，你妈逼一个搞电影的傻居然用蠕虫洞黑洞各种洞来忽悠我的7刀（诶是14刀我还帮bf付了电影票呢）。

Christopher Nolan的电影，我就看过蝙蝠侠第三部，看得简直要吐（尤其是不喜欢那个法国女猪，一幅欠扁样）。

你现在得瑟的觉的好莱坞自己刚刚的了，居然跑来搞Sifi的主题了。

那个书橱部分，导致我有在看玄幻剧的幻觉。

还有那个红发女儿啊，小时候还挺招人疼的，长大了那个一脸逼逼的bitch样。

想着Nolan怎么又要创造大表姐了，这不前两天果然看到Vogue之类的杂志整着个大红头妹公主裙傲了个来大姨妈的姿态，傲然逼逼。

封面配文：（果然）又有一（表）姐要冉冉升起！

2。两个Matt，一个Anne

Part 1: 两个Matt

先讲讲两个Matt的故事。

第一个Matt，准确的被荷里活号称为Matthew。

马休小朋友，曾经是傻逼RomCom的男猪。

一脸“我每天都被自己帅醒”的不羁样，围绕在大众脸的女猪之间。

花蝴蝶后来发现，荷里活吃饭拿小金人，就是要作践自己。

于是Dallas什么House, 私刻赛四的华狼，蜂拥而至。

Dallas没看，Trailer看了觉得奇烂，也对主题无感。

还有最反感的就是好好一花样男子偏要把自己搞得像残废，但人家学院派现在就吃这口（见查理兹赛隆之《女魔头》，表姐的Silver Lining）。

(PS表姐Silver Lining是看得我很少要甩手而去的电影）

私刻赛四电影一直不对胃口，但可以看出McConaughey是拼的。

后来看到了True Detective，觉得，McConaughey真是演技暴发了。

尤其是另一个Harrelson激情满满<3。

结果，马休叔因此尝到甜头，连个福特SUV的小广告，都搞的像个True Detective的番外。

我等啊等，怎么没有等到他和Marty的激情片段？

Intersteller也不能例外，整个片子透着浓郁的逼逼样，尤见于在学校骂老师的部分。乏善可陈。。。

Marty到哪去了？！

二号马达同学，我看晚和男友吃饭时突然迸了一句，丫肯定是睡了制片人了。

男友爆笑。。。

跑到那个冰冻星球的部分之前，其实觉得片子还好好的。

结果弄了个湿漉漉的马达熊抱马休兄近一分钟！

你知道一分钟的胶片要多少帧么？

你知道姐一分钟的耐性有多少么！？

结果马达兄不仅不搞基，还神神叨叨的说要拯救人类把氧气。

你被关关外许多年，怎么你的偷窥比几十年应该更先进的头盔还硬？

最后，居然还给我个Doctor，连舱体接合警告都不听。

男友说，电影么，不要太较真，而且这个Dr. Mann神经应该不是很正常了。

我说那他们前面翻文件这兄弟神经不正常应该有感觉啊马休不还老逼逼。。。

吐槽无能。

马达兄，在《波恩的身份》的花样年代，曾被姐奉为男神。

自从波恩第二部（不记得叫啥因为Marie死了就记得海报绿油油）那个换了的导演瞬间让我觉的草逼。

还有自从找了个南美的吧台妞做后爸，我也心死了。

这段马达兄插入的莫名其妙，本来其实可以展示大自然不一样的险恶风情，结果整了让粉丝捧场？搞得虎头貂身体。

Part II: Anne

不晓得这个大嘴妹为毛在国内被奉迎为女神。

够白，够高，眼睛够大，这些我承认。

可是要学历没学历，要脸蛋一般般，要演技一塌里糊涂。

是不是也给潜了？

她不仅在第三部蝙蝠人中以病态的消瘦出现，现在还在这部有机会成为大片的傻逼片中，跟我以高姿态像党支部阿姨一样的唧歪Meaning of love!

Meang of love噢我草！！！！！我都笑出声了，被周围人鄙视。。。

这个Hathaway和演她爸的老头，俩人是不是要成Nolan的御用了？

Nolan要和私刻赛四的小李火拼了！

3。我也无话可说了

为什么国人（米国和中国，其它语言我不懂）如此追捧此剧？

还搞出一群自诩技术宅的人研究分析检验自己对于电影的独到见解。

拜托，就一个Nolan和荷里活的挂sifi羊头搞娱乐狗肉的啥电影，把你们忽悠的哈喇子乱塌。

我也是醉了。

－－－－－－－－－－－－－－－－－－－－－－－－－－－－－－

＃我什么时候也能和大众有同样的口味＃",1,https://movie.douban.com/review/7211675/
Interstellar,如何面对“死”的问题，西方的答案是激烈“求生”。所以导演重复的那段黄昏的诗：咆哮吧、不要妥协就表达了这种价值观；而面对死，庄子说“故善吾生者，乃所以善吾死也”、“杀生者不死，生生者不生”；释迦牟尼说“无明灭则行灭。。有灭则生灭，生灭则死灭”。与之对比，西方主流价值观下整个片子以极度进取甚至暴力的方式，这种主流价值观下（包括现在的东方）也才会遭遇片中的困境，然后再同样的思路去解决问题，循环不已。而在此基调下，里面所谓的爱不过是木偶般的摆设，如此讽刺。,1,https://movie.douban.com/review/7210247/
Interstellar,"当大师跑肚拉稀弄出一个垃圾时，粉丝仍然毫不犹豫的顶礼膜拜——剧情硬伤累累，故事情节苍白简单，节奏缓慢拖沓，演员演技够渣，特效泛泛，开头煽情唧唧歪歪直逼春晚，伪科幻和伪文艺的完美融合，整个一被高科技名词包裹的太空肥皂剧，完全就是庸作，烂片。换做别人看在相对论份上勉强可给7分，诺兰拍的只能给5.9，不及格，差盗梦空间几条街的水准。
          至于国内高达9.3，超过IMDB历史第一的肖申克的救赎（9.2分）的评分更是盲从到近乎谄媚，换做其它人拍的，还有那么多震撼，跪拜甚至泪流满面的吗？要是冯小刚拍的，尼玛得无数诺粉跳出来骂，瞧你丫那操行，拍的什么JB玩意儿，想学诺兰大神，也不撒泡尿照照自己！
          
      电影里那首每每被用来装逼的诗现在看起来倒是别有深意： 不要温顺（盲从）地走入那长夜（装逼）
白日将尽（一片跪拜），暮年仍应燃烧咆哮（发出自己的声音）
狂怒吧，狂怒吧！
对抗着光明渐逝（皇帝的新衣）！
                                                   
（如果现在评选内地上映年度最佳影片的话，我选国产片《我爱你》——那才是真实淳朴不装X的父爱母爱，年度最名不副实影片倒是可以授予《星际穿越》）",1,https://movie.douban.com/review/7193972/
Interstellar,百分百塞钱给了豆瓣，骗我们中国人钱，豆畔又一次骗了我，近三个小时，最多打6.8分，9.3分太离谱了，明天我就打电话投诉豆半。电影前一个小时全是在无聊的聊天，完全是没有把电影剪辑好，这一部分最多打3分。整个电影偏向于记录片形式，技术性太低，创新就最后出现个乱扯的五维空间。没看的，建议别看,1,https://movie.douban.com/review/7191297/
Interstellar,"这是一部不错的电影，应该能值3星半到4星。评分能值8分-8.3分。

所以喜欢电影的同学们，我们一起打差评把它拉回正常的区间吧。不了解douban的算法，不过大概500个1分或者1000个2分什么的就可以了。

我们怎么能让一个好莱坞的经典大片(我真的看不出这个片和碟中谍，die hard，星球大战 ，世界之战之类的有什么区别）踩在真正的好电影上面。

怎么能让interstellar的分比罗马假日高，比天堂电影院高，比天使爱美丽高，比我们俩高。这是对所有文艺中二的侮辱，这是对所有doubaner(中文译名逗比）的侮辱，我们不能坐视这个现象发生，我们要团结，我们要战斗，我们要用我们伟大的逗比光波杀死这些衷心的粉丝们，让他们成为死忠粉。

我是个大妈，没读过玄论，别说这么伟大的诺兰的电影了，连哈佛的物理学大三课件（如果有的话）都看不懂。所以我可以很大妈的说：

在我看来这就是一个好莱坞商业大片，批了一个向库布里克致敬的皮。对了，这个片的分比库布里克的2001太空漫游都高！！我暗戳戳的想，一定是诺兰怕被骂，就跑到那个物理学大牛那里拜山头，多亏诺兰粉的广而告之，全世界的人都知道“穿越时空”理论是这是老家伙最先提出来的（后面跟了那样一群起点男和晋江女啊。。。。没这个老家伙，让我们怎么活啊）。然后老家伙一想，穿越时空的物理电影啊，搞科普的，必须好啊，导演还是个科学爱好者，虽然基础差了点，关键是有热情。他还答应帮我找好莱坞某特效公司最好的图形制作电脑外加200个民工做一个史上最逼真的黑洞模型。干了！所以老教授就来帮interstellar站街了。

这个片子，主角完全是一个典型的美国英雄，孤胆英雄，和阿诺爷爷钢铁侠小蜘蛛阿汤哥brad pitt （world war Z)等等等等一起排排站。世界快毁灭了，没有政府，没有军队，没有救灾小组，只有主角一个人！多么悲壮多么感怀多么汤姆苏多么小强不死。

因为什么，因为爱。来自大世界的爱意。

植物不行了，植物学家都去死。刮沙尘暴了，气象学家都去死。地球is dying,主角屹立不倒。而且主角和隐藏boss主角女儿（btw，again，主角女儿小时候演的真好，如果都是长大了之后的演技和脸估计这片就值3分了，anne....anne至少可以刷脸），破解了地图，找到了组织，组织虽然很大很多人，但是只有主角一个人有光环加身，所以这个退了役的没有每天坚持训练的孩子老大的前宇航员就上天了（杨利伟要哭了，当初拼死拼活训练，上天之前好好检测身体状况是为了啥啊：为了爱啊）

经过一系列的谈判变故（诺兰粉都把剧情给大家普及完了），主角缩在长得像澡堂子一样的睡眠舱里来到目的地。

目的地1，先干掉一个，因为他是男配，他又帅又聪明，闪烁着人性的光辉，做为起点文学小弟a，促成主角成长与觉醒的关键人物，他不死谁死。

目的地2，又干掉一个，因为他还是男配，小弟b，忠诚善良长得丑，为了守护带头大哥（和他的妞：好莱坞大片怎么能没有妞）一个人在飞船里寒窑苦等20多年。为了只留下主角和他的妞，当然他也必须死。

还有一个人类希望一样的人物，这个必须是boss啊。人前有所有的闪光点，人后有自己的中二小心思。所以，当然也要死一死。

太好了，只剩下主角和妞了，现在开始拯救地球。因为是主角，当然要自己拯救地球。怎么能让妞拯救。所以妞虽然按照原来的计划成功的找到了基地，可以开始拯救了地球了，但还是需要主角来拯救自己。主角不好意思的说，我拯救完了，不用你了，不过我们有爱啊，还记得吗，这个“我们有爱啊”还是你告诉我的，估计是导演告诉你的吧。

主角拯救了地球。一个人。运用强大的物理知道（虽然大家都说是物理知识），拯救了地球。一个人。

所以我要给它打1分，让它回到它该呆的地方去。
中年大妈就是这么二逼，所以才有一种病叫做中二病。",1,https://movie.douban.com/review/7288362/
Interstellar,"黑洞是時空的不連續點（斷、高梯度⋯），也可視為時空的原點，主角跌入原點、還保有不需仰賴物質侷限的自由意志，這就好像世界各地常見有流浪漢宣稱自己是造物主（神）般「荒謬」。
其次，如果真有此不斷穿越時空的神，那他竟是靠唯心的「愛」（欲求）來達成，那主角在「原點」應該看到無數的細菌、蟑螂⋯,他們的「愛」（欲求）比任何都牛B, 而人類是謙虛自己「愛」（欲求）的卑微，如此才可能虛心探究物質世界，怎會退化到低等生命呢？

犧牲，如果是基於「超越」需求，那只是代表「實踐」，唯心化是走神秘主義的文明退化路。",1,https://movie.douban.com/review/7206707/
Interstellar,"这部片的魅力实在太大，从入场十几分钟开始就打瞌睡，中间水星球的地方还让人提起了一点精神，但是后面继续阳痿直到最后三十分钟左右才重新又有一点点科幻的意思。

整部片就是一部流水账，又臭又长的流水账！！！如果说诺兰是一个牛逼的导演，或者说拍的电影很牛逼，我只能说，那至少能代表过去。

《记忆碎片》还是非常不错，《盗梦空间》的时候就觉得有点just soso了，直至今天的《星际穿越》我已经完全坚信好评是水军刷出来的。只需要付出几百万的水军费用换来超高好评多赚取上亿票房，这个生意我想傻子都会做。透支名气也有个度，你能骗的了一次骗不了两次，以后诺兰的片就等着出来了在家里看吧。

欢迎水军和自认逼格高的人来舌战！",1,https://movie.douban.com/review/7193399/
Interstellar,"比富春山居图还烂得电影真的出现了，就是啥狗屁穿越。一个富翁很有钱，问他怎么来的，说穿越到未来拿的，然后去未来访问他孙子，钱怎么来的，他说，就是我爷爷遗传的啊！这他妈的就是星际穿越。
这种逻辑放在机器猫里面让人笑一笑还行嘛。拿到这里来，我真的想说，导演，我要给你跪下来了！
全篇表现宇宙浩瀚的场景也屈指可数，精彩打斗更是几乎为0.顶多算不及格的科幻片，国人怎么就这么装逼把分数刷到这么高！",1,https://movie.douban.com/review/7193825/
Interstellar,"先说明一下，就这个电影来讨论电影，暂时忘记牛逼的导演。

    评论很长，分为两部分，第一部分解释科幻，让你更容易懂电影，扒掉科幻的外衣；第二部分谈扒掉科幻后的电影内容，不喜欢看科幻解释的可以直接看第二部分。

    《星际穿越》最近在朋友圈里经常出现，大部分是什么看直接恶补物理知识的帖子，附带还有一些说诺兰多么牛逼的，什么镜头多么震撼，什么意境多么深，思考人类存亡的问题等等，反正吹的很牛逼，我忍不住了，决定写这个评论。
     当时看见那么多牛逼的漂亮，我真的很心动，我的一个同事提前看了，对这个电影评价很烂，建议我不要看，当时那听的进呀，一下班就往电影院跑，火急火燎终于压点进电影院了，可是最后真的很失望。


    第一部分
说说里面的科幻吧，我一点点地解释，把电影的这层科幻外衣脱下，回归内在的本质。

一 先说里面的四维和五维空间吧，其实他们的数学表达很简单的，（X1,X2,X3,X4.......Xn）,n就代表空间维度。一维空间就是一条直线，只能前进后退；二维空间就是一个面（想想平面电影），可以左右前后移动；三维空间就是咱们现在真实所在的几何空间（想想3D电影）；四维空间就不那么好理解了，简单理解就是在三维空间再加上一个时间轴，就成为四维空间，有点类似现实环境，不同的是现实中的时间轴是单向的，不能回去；五维空间自己想吧，数学表达很简单，真的很难想象。大学本科学过线性代数的人应该对这都有理解，毕竟这都是线性空间，只不过维度不一样。

二 黑洞，这是高中物理的知识，简单地说就是以光速围绕他旋转的偏向力仍然比万有引力下，逃逸速度大于光速的天体，不能被直接观测到，只能间接证明存在。

三 虫洞，这是多维空间的概念，了解就行，实在不行，想想莱顿瓶的那个瓶口（可能类似），只是理论上证明可能存在，从来没有被发现，也可能根本不存在。

四 奇点，这是一个数学和物理里面都有的概念，简单说就是在这个点，所有的定律都会突然失效，比如黑洞就是个奇点。奇点大学就是这么来的。

五 墨菲定律这样的就不属于物理内容，其实很简单，就是可能发生的事一定会发生，其实墨菲定律是一个在理想条件下的定律，适用于群体，不适用于个体。比如每天开车的人都有可能出车祸，但是有些人开了一辈子车也没有出车祸，在他的一生里，可能的事就没有发生。

六 引力弹射，这个是天体轨道动力学里面的东西，已经不属于科幻，现在的深空探测器经常这么改变探测器轨道，比如飞出太阳系的旅行者一号，最近火热的“罗塞塔”彗星探测器，还有正在探测水星的“信使号”探测器等等，它们都使用引力弹射。具体就是利用天体的引力场加速、减速、改变运动方向。其实很简单，跳钢管舞时，一直手拉着钢管旋转就是这样，高中物理知识就能理解这个东西。

    七 解释下时间，根据广义相对论，高速运动时，时间相对于原先的参照系统，时钟会变慢，这就是为什么主人公还很年轻，而他女儿已经老了，就是因为他高速运动过，他所在的空间比他女儿所在的空间时间慢一下，但是在他的空间内部时间不会有什么变化，一分钟还是一分钟，不会成为一年，只不过他在过一分钟的时候，她女儿过了一年。这是属于大学物理的内容。

就科幻而言，其实里面有不少BUG的，就稍微说说吧。
1：黑洞周围的高能射线辐射会非常厉害的，这些射线很难防护，会直接导致人类死亡；

2：当飞船在黑洞边，接近光速飞行时，根据质能方程，飞船质量会迅速增大的，结构会发生变化，并且是原子层次的变化，更别提分子变化了，此时飞船肯定不是飞船了，人也不是人了，估计飞船即使没有被高能射线毁掉，功能也早就费了。

3:黑洞里面不可能存在原子结构，具体什么结构现在还不知道，反正密度肯定比中子密度高，以原子、分子构造为基础的飞船、人是不可能存在的。所以电影里最后，人到黑洞内部需找解决方程的方法纯属扯淡。

4：飞船在穿越虫洞，黑洞边飞行时，飞船结构一定问题没有，着陆后一个巨浪竟然打碎飞船，太假。

    科幻就介绍到这里，其实就是层外衣，豆瓣上很多人说这里面的一些科幻画面做的很宏大，很有想象力。那我介绍霍金的《时间简史》，这也是很多文艺青年都爱说的一本书，在中文版里面有大量这样的超维度，黑洞，空间时间弯曲的插图，当时看的很震撼。电影画面倒是没有给我留下太强的感觉，这个可能因人而异吧。我还清楚地记得书里的这些插图还是由台湾的团队完成的。整个太空画面的制作，我真的不觉得比去年的《地心引力》好，甚至不如国内爱好者POCKN做的宇宙探索预告片好，（优酷上有这个预告片，大家可以看看）。

    你觉得它牛逼是因为你见识太少了。


第二部分

    说了那么多，无非就是想把那层科幻脱掉，闲上面文字太多的人可以直接看下面，这里没有科幻，而是讲讲我对这个电影的看法。

这个电影情节很简单，就是地球不适合人类生存，人类快要灭亡了，一群人在宇宙黑洞中需要解方程的方法，亲爹通过五维空间回到以前告诉女儿如何解开这个方程，通过这个方程可以利用反重力成规模输送人类至外太空，拯救全部人类。

    扒开那层科幻外衣后，与一般末日片差别不大吧，这样就更好评论他吧。

    再讲个故事吧，假如地球上剩下最后两百人，不幸的是有一百个人病毒感染得了重病，会慢慢死亡，剩下一百个健康。大家想尽一切办法自救，现在有两个方案：一是放弃那一百个病人，全力保护健康的人，保全人类的存在；二是救那一百个病人，但是面临的危险就是剩下的人有50%的可能感染病毒，结果就是有50%的可能200人全部生存下来，50%可能人类灭亡。
    让你选择你会选择哪个，我会毫不犹豫地选择第一个方案，原因很简单，在事关人类灭亡的选择上，承担不起任何风险，要不然就是目前知道的唯一智慧文明就此消失，你我全部消失，所有美好的，不美好的爱恨情仇全部消失。在这个问题面前，人类文明社会的所有道德、爱、利益等等全部退后。
    回到电影里，看看导演是怎么处理的，主人公临危重任去探寻太空，寻找拯救人类问题的方法，就那么几个人进入太空，他们可是整个人类唯一的希望呀，即使寻找失败，人类的延续也只能靠他们，可是千挑万选出的精英呀。可这几个人还在哪里吵、斗、谋杀。最可恨的是，巨浪来临时，有个SB还站在水里不动，女主角去捡数据记录仪，你要帮的话就赶快去帮，不帮的话赶快回到飞船，别站在哪里等死呀，巨浪来了终于死了，怎么死的呢？是等巨浪等死的。看到这里时，真的觉的导演直接在侮辱我的智商。
电影的整个环节就是卖爱，天将降大任于这几个人，他们是各种卖爱，女主角想她可能死去的男朋友，就让飞船去她男朋友曾经探测的星球，原因是什么呢，就是感觉。操，整个人类的希望就在你这感觉上，应该体现的理性、责任、担当一点没有体现出来，人类的生死存亡比你去看你那死去的男朋友重要无数倍。男主人公寻找刚刚失败后，就放弃继续需找答案，无论怎么都要回去看望女儿，真是不顾一切回去呀。也同样完全不顾拯救整个人类的重任就在他们几个身上呀，如果这要是真实情况，估计主人公回去不得被愤怒的地球人给剁了，费那么大经历把你送出去寻找答案，好救大家，你确因为想念女儿，失败一次就要回来，真他妈的窝囊。
在真是的宇宙规律面前，人类的爱、眼泪等感性因素屁都不是，要想活下去就必须理性、冒险、再加上运气。这也是真实的航天探索高风险、高投资的原因。电影在快完了，总不能一直卖爱呀，就给出了宇宙服从于人类爱的情节，宇宙也被人类的爱感动了，还以为死了的人掉进黑洞，告诉黑洞外的人，如何解开方程，父女之间还通过莫尔斯代码交流，一种最原始的电码，现存还在使用的可能也就SOS这个字符了。
扒开科幻的外衣后，我看到的电影表达的情感让我很失望，导演把个人的爱远远凌驾于整个人类的生死存亡，很难想想这是导演严肃思考后的结果。
其实有很多别人科幻电影真的很好，所表达的主题也非常好。比如布鲁斯·威利斯演的《绝世天劫》，小行星撞击地球，人类面临灭亡，父亲离开地球去用核弹炸毁小行星，剧情很感人，过程中也有吵闹，也打起来，面临死亡的恐惧大家都有，可是最终大家为了拯救地球。可是最后拯救人类大于一切矛盾，父亲依依不舍道别女儿，为了拯救女儿，拯救人类，父亲亲自按下了核爆按钮，最终死在小行星上，却拯救了整个人类。此外还有《阿凡达》，为了拯救一个外星物种，人类不惜互斗，《安得的游戏》中最后安得的哭泣，等等。我真的搞不清楚为什么导演这么处理电影，爱可以让电影感动，甚至可以是电影的全部，但这些应该限制在人类文明社会中，爱真的不应该凌驾于人类的存亡。",1,https://movie.douban.com/review/7196522/
Interstellar,"仅就离我们最近的比邻星，光要跑4.22光年，以人类最快的飞行器新地平线号探测器每秒16公里，也就是每小时5万公里，需要10万年才能到达。别告诉人人类都能接近光速了，还解决不了地球生态这点破事。还不说接近光速就是接近神。反正都接近神了，创造个英雄主义电影，一切都不需要解释。
这类电影最大的问题，会扭曲一般民众对宇宙或者仅仅是太阳系有多么的巨大的误区、以及对自然最起码的敬畏的丧失。
美国人搞的玩意儿居然让我想起了某个时代的一句话：人定胜天。",1,https://movie.douban.com/review/7632775/
Interstellar,"说实话，之前看到豆瓣这么高的分数，以及无数人的强力推荐，希望满满地进了影院，原以为影片起码可以有90分，实际大失所望，也就70分水平吧，这里面还有10分是给童年版的墨菲，那个小萝莉的，实在太水灵了。

1、原以为是个硬科幻，还是硬不起来，以为能有什么新的理论观点，看完之后，发现只是把中学小学科普读物里的知识重新炒了一边冷饭。居然这样的电影还有人说看不懂，还有人说脑洞大开？我只能说中国的科普水平亟待提高。

2、影片的人文色彩和家庭伦理倒是出乎意料，我觉得这些个人文情怀倒是远远胜过科幻的噱头。

3、其他的硬伤就不多说了，什么进入黑洞还能出来，没有被潮汐引力撕碎，等等。我就一个疑问：
    徘徊者号到达第一个星球，米勒失事的那个星球，说是引力很重，所以引起时空扭曲，星球上1小时等于地球7年， 大概是这个意思。然后降落之后说，重力大约等于地球的130%，才多了30%重力就能实现这种效果？此为疑问的第一个部分。

    然后黑人留在空间轨道，库珀和布兰德去星球表面，OK，星球表面1小时等于地球7年，外层空间的时间还是按照地球的走，那么这个分界点在哪里？是海拔越低，时间越慢，是这样吗？是一个渐进的过程？地面1小时=7年，1000米高空=5年，2000米高空=3年？是渐进式的，还是突进式的？此为疑问的第二部分。

    最大的疑问，库珀他们在星球表面逗留了几个小时吧，然后黑人在空间站过了23年，如果这期间他们可以视频通讯的话，难道库珀他们就可以在镜头里看着黑人迅速变老？然后库珀这边说了1小时，黑人那边过了23年？这种交谈是啥感觉？黑人听完库珀说了几句话，就老了好几岁？库珀那头可以解释，可是黑人这边呢？2小时的谈话分成23年说完？半个月说一句？",1,https://movie.douban.com/review/7206821/
Interstellar,"受到朋友圈的影响，带着极大的热情与期望观看了本片，结果整个儿人都不好了。
      影片整体上看懂了，逻辑上没什么，但是影片的整体感觉非常之差。
      前面家庭伦理剧看的我快睡着了，即便到了太空也是疵点频出，科幻硬伤什么的我就不提了，估计有一票自我感觉智商颇高的人会各种诠释加鄙视，这都无所谓。但整个片子反应人性存在极大的问题，每个人都有天使般高尚的情感（除了那个唯一的反派），完全不符合一般人的逻辑。
      1、太空探险活动无组织，无纪律，且无领导。整个太空探险活动全部由科学家组成这种设定太也奇葩，所以才会出现女科眼看着海潮落下，仍不听劝阻去捡装备的情况，真的不如“童子军”。这样严肃的代表全人类繁衍计划的活动居然没有任何组织和领导架构，成员间没有清晰的职务和隶属，最后还要考表决，实在难以想象。
     2、地球上的生产关系极其落后。因为沙尘天气就影响食物，必须放弃地球，本身就是个伪命题。也许美国人理解的农业就是农场主的自耕，自种，自收，自食，以及自我贩卖。哪怕到了末世也抱着私有土地神圣不可侵犯的想法，实在可笑。如果真的频繁出现恶劣天气影响农作物生长，肯定需要严格的军屯予以保证食物。政府建立现代化的采光房，隔绝风沙。电影中那间破木屋子都没被吹飞，钢混加钢化玻璃结构的采光房更不会有影响，食物仍然可以得到保证。别和我说20年没降雨，那样电影里的人也早死光了。
     3、凭什么要我去找她，和我有一毛钱关系吗？最最不能忍受的是，主角刚醒来，参加了自己女儿的遗嘱告别仪式后，就被鼓励去虫洞探险，去找那个女科同伴。我勒个去，这真是神一般的逻辑？她孤不孤单与我有一毛钱关系吗？太空探险也是一场说走就走的旅行？而且，太空站都建立了，这些年就没人继续探险联系女科？这样的脑残结局还不算烂尾吗？
     总结来说，受制于美国电影普遍宣扬的精神，如勇敢，仁慈，亲情，无私和个人主义等等，电影表达变得不伦不类，完全脱离了现实。这种打着科幻旗号，宣扬所谓美国精神的倒霉片，居然有这么多屌丝来捧臭脚，仿佛看不懂就智商归零一样。
    这是我今年看过的最倒霉的电影……没有之一。",1,https://movie.douban.com/review/7199862/
Interstellar,"我是看的10：50的最后一场，看完已经快2点了，晕晕沉沉的开车带老婆回家。路上两人无话，开着开着眼皮却打起了架，差点撞着人，被老婆一阵数落。还好电影是半价，总能让心情平复一些。

中文译名已经预兆了烂片的前奏，穿越--这应该是于正娘娘宫心剧的不二题材，看这种电影真是一种罪过。本片情结拖沓，人物结构松散。从头到尾描写的人物两只手就可以数的出来，却用了三个小时。而最大的问题在于逻辑上的硬伤太多。电影就是故事，不管是事实的而是虚构的，情节之间的联系是要符合逻辑的。
不讲导演的结构问题，只讲编剧的问题
（1）故事的背景:
故事的背景是人类面临着因作物危机而要移民的情况，试问A不同种的作物患上同一种病的可能性，B是否一定要报着洗澡水和孩子一起倒掉的心态来移民。毕竟看到后来的几个目标移民星球的生存环境都要远远比地球来的恶劣，如果这样，那为什么要走了。我觉得故事的背景不如改成，由于某种不明机制，太阳提前变成红巨星，膨胀的太阳即将吞没地球…… 起码这样合服逻辑
（2）MILLAR星球：问题A MILLAR上有散射光，那就要有光源。在已经存在着黑洞的前提下，这肯定是双星系统，双星体统因行星运行的不稳定是不会有生命的。这些在出发前NASA没调查过吗。
（3）如引力存在着使时间变慢的情况，那么在MILLAR上的引力要大到何种程度。
（4）黑洞的设定：人没有进入黑洞的视界前已经被拉成碎片了，至于而后还和外界有信息交换，进而又出现在土星附近。这已经混不可解了。
科幻不是科普，科幻电影就要像星球大战那样好好的把故事将清楚，而不要把基普·S·索恩的来做背书，拉虎皮做大旗。

最后吐槽下给那么多的高评分，媚雅是有害的，尤其是对那些不懂装懂的人而言。",1,https://movie.douban.com/review/7196114/
Interstellar,"这部片的魅力实在太大，从入场十几分钟开始就打瞌睡，中间水星球的地方还让人提起了一点精神，但是后面继续阳痿直到最后三十分钟左右才重新又有一点点科幻的意思。

整部片就是一部流水账，又臭又长的流水账！！！如果说诺兰是一个牛逼的导演，或者说拍的电影很牛逼，我只能说，那至少能代表过去。

《记忆碎片》还是非常不错，《盗梦空间》的时候就觉得有点just soso了，直至今天的《星际穿越》我已经完全坚信好评是水军刷出来的。只需要付出几百万的水军费用换来超高好评多赚取上亿票房，这个生意我想傻子都会做。透支名气也有个度，你能骗的了一次骗不了两次，以后诺兰的片就等着出来了在家里看吧。

欢迎水军和自认逼格高的人来舌战！",1,https://movie.douban.com/review/7193398/
Interstellar,"狗屎。

所谓的爱与死亡，原来就是男的一定有一个女的，女的一定有一个男的。死亡就是有人死了。

我原本以为是亲情，父女之爱，对人类的爱，等等。结果居然是要给一个伟大的女科学家安一个男医生，那个吻看的我恶心死了。他就不能是一个普普通通的医生吗？男主一定要给他安排一个女人，就不能是革命友谊的同事吗？

哥哥不想走，关他老婆孩子什么事，他不想走就不走，凭什么拦着不让他老婆孩子走？他自己在那边等死就好了。根本没有问过他老婆的意见，想不想走？

科幻也迷。

所谓的a计划，b计划。真的搞里搞笑的，像小孩子一拍脑袋想出来的，根本不用考虑怎么做，A计划把所有人搬到太空站上去。b计划把受精卵搬到宜居的地方，用代孕的方式建立殖民地。可a计划就是骗人的，怎么骗的先不说。所以b计划是怎么执行？这就很重要。整个电影就是胡扯，导演都不知道他在拍什么。

哎，反正看电影的人也不会多想，伟大，伟大就好了，感动，感动极了。6极了，男人拍的东西果然不能细看",1,https://movie.douban.com/review/15822920/
Interstellar,"去年看的片子，很典型的科幻剧情片，因为太典型了，所以要好好整理下语言。
因为我这个两星，下铺和我闹僵了一个多月，他是个标准的科幻迷。我也喜欢科幻，不过我的原则是无论看什么电影，就算是口碑再好，再大作大导的片子也要带上脑子和自己的观影逻辑，没人有权利指责我这一点。下面是我的看法:
片子固然是好，单说电影制作和拍摄方面完全没问题是佳作，许多科幻元素，设想都非常到位，比如飞船，时间理论，都精彩绝伦，诺兰的叙事和拍摄手法绝对一流，引人入胜，这些方面和国产绝对不能做比较一比气死人，电影的制作水平绝对是科幻电影的巅峰。
那么问题来了，为啥子我还是只给了两星呢?电影制作和科幻设定固然是好，可是这烂屎剧情，大团圆剧情真的让我摸不到头脑，拍个科幻你还非要弄伏笔最后强行解释弄个圆环显示你剧情的优秀么?恶心，越到后面，剧情越是圆满，我感觉越扯越恶心，最后那个团圆是感动谁呢?非要科幻和剧情一块吃么?这号时间循环类剧情真的是又老又俗，看的无语。你既然做，给弄点神秘的，你解释不了的玩意留白，比你这样强行回归主旋律的感染力要强得多，最后就是这狗屁剧情硬是把前面我对他科幻的好感泼了冷水，看到最后感觉嘴里喂了一口翔。
留白这号东西，是科幻和悬疑作品是否能给观影者带来冲击力和印象最起作用的手段，就像诺兰另一部电影记忆碎片，我第一次看的版本没有最后男主发现自己就是杀了妻子的情节，当时看完冲击力特别强，真心吹爆。可是后来给朋友安利又一起看了一遍有最后男主回忆起来是自己把他老婆杀了，自己内疚无法自拔。看到这，自己心里跟打了五味瓶一样，记忆碎片带给我的一切好感都没了，我自己感觉是不会再给朋友推荐这片子了，因为他在我看来只是二类剧情片。
在留白这点，诺兰真的比林奇差的多，干嘛所有事情非要解释的那么清楚招人嫌呢。
我自己不认为自己是那种通过否定他人价值来显示自己价值的人，我只是有自己对电影的感觉与思路。那些在评论区里无脑刷五星的同学们，希望你们早日提升下对电影剧情方面的理解和认识，不要一看见哇，科幻，哇，财阀，哇，美女，哇，帅哥，然后就给666。真的很低智商。
现在垃圾片子我都是路过一句话也不多讲，诺兰这个算是好的典型的，我说下我的看法。不要让剧情误了科幻，更不要为了主旋律可以迁就科幻的发展。电影是艺术，你要在一定的市场上去拓展你最大的可能，就像索尼造的黑科技很多都不实用，卖的又那么贵，可你无法改变索尼大法真香的事实。电影也要有这种臭脾气",1,https://movie.douban.com/review/12333598/
Interstellar,"我觉得过誉了 所以给个低分来平衡吧 事实上如果别人没有在我耳边吹神作 我应该会为中途剧情的转折打五分
然而 剧情的硬伤在前面实在太让人犯困了 半天都没进主题 好不容易进了吧 看到的又是很多似曾相识的东西 简单的说 就是用很多科学术语把穿越时空换汤不换药了 再撒点情感的佐料
当然啦 有的地方蛮感人的 看哭了 比如说那个儿子跟他对话 说自己生孩子了 过几秒钟说孩子死了 还有墨菲说今天是我生日 这个生日比较特别 因为你离开的时候就是我这么大的年纪
我承认可能是因为身边人都吹神作 所以我带着特别大的期望来看的 看完之后觉得真不值得那么高的评价 当然对于许多我打五分的电影尤其国产电影 它还是不错的",1,https://movie.douban.com/review/8252146/
Interstellar,"我是看的10：50的最后一场，看完已经快2点了，晕晕沉沉的开车带老婆回家。路上两人无话，开着开着眼皮却打起了架，差点撞着人，被老婆一阵数落。还好电影是半价，总能让心情平复一些。

中文译名已经预兆了烂片的前奏，穿越--这应该是于正娘娘宫心剧的不二题材，看这种电影真是一种罪过。本片情结拖沓，人物结构松散。从头到尾描写的人物两只手就可以数的出来，却用了三个小时。而最大的问题在于逻辑上的硬伤太多。电影就是故事，不管是事实的而是虚构的，情节之间的联系是要符合逻辑的。《哈利波特》故事的背景全是虚构的，但人物之间、情节之间的联系符合逻辑且相互呼应。所以好看。
不讲导演的结构问题，只讲编剧的问题
（1）故事的背景:
故事的背景是人类面临着因作物危机而要移民的情况，试问A不同种的作物患上同一种病的可能性，B是否一定要报着洗澡水和孩子一起倒掉的心态来移民。毕竟看到后来的几个目标移民星球的生存环境都要远远比地球来的恶劣，如果这样，那为什么要走了。我觉得故事的背景不如改成，由于某种不明机制，太阳提前变成红巨星，膨胀的太阳即将吞没地球…… 起码这样合服逻辑
（2）MILLAR星球：问题A MILLAR上有散射光，那就要有光源。在已经存在着黑洞的前提下，这肯定是双星系统，双星体统因行星运行的不稳定是不会有生命的。这些在出发前NASA没调查过吗。
（3）如引力存在着使时间变慢的情况，那么在MILLAR上的引力要大到何种程度。
（4）黑洞的设定：人没有进入黑洞的视界前已经被拉成碎片了，至于而后还和外界有信息交换，进而又出现在土星附近。这已经混不可解了。
科幻不是科普，科幻电影就要像星球大战那样好好的把故事将清楚，而不要把基普·S·索恩的来做背书，拉虎皮做大旗。

最后吐槽下给那么多的高评分，媚雅是有害的，尤其是对某些文科生而言。",1,https://movie.douban.com/review/7820912/
Interstellar,"一：（小知识）蛀洞并不是一种给你从一个地方穿到另一个地方的隧道。

二：穿越蛀动的条件之一是高于光速。

三：然而高于光速的旅行在狭义相对论中是禁止的（满屏幕高端有文化评论你们都是爱因斯坦的知己）。

四：掉进黑洞没被压成一滩屎？反而进了超立方体？

五：（小知识）超立方体是想象高维的手段，如一个正方体展开为六个面是二维生物想象三维生物的手段，超立方体是三维生物能理解的展开为八个立方体的东西的本来面目。

六：来自高维世界的（事实上是六维世界，十维分裂成四维和六维）的超立方体（超立方体？）的特色只是多了一条时间线，瞎了，在里面瞎逼飘，瞎逼叫，“stay”，喷了。

几个物理学家（物理学家？）的对话显然只有高中文化，全程向观众科普过时的小知识，肥肠的出戏，加上轰轰作响的配乐和徐徐跳动的膀胱，真是低速无耻下流幸福圆满温馨感人。

建议该电影滚回十九世纪末。",1,https://movie.douban.com/review/7544140/
Interstellar,"#星际穿越#是部环保片，导演一再的强调地球的环境恶化，但影迷们只看到宇宙的美丽神奇，都去一昧的思考什么物理概念宇宙理论，大家都忽略怎么去保护改善现在的地球环境。《星际穿越》里的人类已经彻底的放弃了地球可持续生存的可能性，而是选择了很不靠谱的人类全体移民外星球。 并且这个移民的方式是靠通过“爱”的多元空间的解迷才能实现达到的！呵呵，如果没有那两父女异空间的“爱”估计那电影里的全部人类就在地球上嗝屁了。
我们应该从这电影里反思现在我们对地球都做了什么，应该首要的去思考怎么保护地球的生存环境。而不是讨论什么宇宙啊，空间啊之类虚幻的东西！",1,https://movie.douban.com/review/7209195/
Interstellar,片子一开始就是保守势力所最固守的西部，土地，小木屋，然后又是跟变形金刚4一样的中年男人，儿子，女儿，然后就是父爱，责任，从美国片就能看出美国保守势力的强大，片子推进之后就如约而来的拯救，然后就是人性善恶，然后又是解释天父，从黑洞开始就说是他们来搭救我们，然后最后出现的所谓五维空间，平行宇宙，上帝就在其间，然后说上帝就是自己，但是又说这个空间是另外的上帝给我们建立的，这片子就是一部美国保守势力出钱拍的，宣扬传统的爱，救赎，责任，信仰天父，lld，跟变形金刚四一样，让人看了不舒服。另外把《时间简史》用电影给我们讲了一遍，真的无语了。,1,https://movie.douban.com/review/7206644/
Interstellar,"星际穿越 不烧脑/故事简单似儿科/
地球又要毁灭,人类如何繁衍/
新大陆新时空，人类自然需要新适应/

特技看多麻木了/悲情演技难感染/
与其说是科幻片/其实是部黑色幽默纪录片/

地球毁灭不可怕/伪科学假数据谬理论害死人/

人类习惯了地球的正常宜居/
便总把宇宙周期规律的异常视作不正常/
总想抗争，总想拯救/

家长都是孩子未来的记忆和幽灵/
人类所有知识，科学演算理论、
在宇宙面前，在宇宙空间里
都显得那么渺小，弱智
让看电影我的，觉得是那么乏味，无聊，可笑，幼稚，
如同搭建起几个幕布背景墙，摄影棚，
找了几个小孩子，在拍儿童剧，过家家。

看到最后主人公回到四维，五维空间，
突然感觉，还不如蒲松龄老人千年前创作的神话故事。
深感，
聊斋志异更伟大！",1,https://movie.douban.com/review/7205725/
Interstellar,"刚看完《星际穿越》 三个小时的无聊，又臭又长！1.粑粑去哪了？2.演员演技都很一般！3.投资很少的样子，穿帮的飞船上还有很多手印！4.开始好好的发射火箭脱离轨道，后来就直接变成飞船随意飞往任何星球了！5.最后的那个谜题解开，宁静的空间站！1979年的日本动画高达就有了旋转空间站理念你造吗？！6.空间跳跃（1982年的超时空要塞就有了断层平行世界概念）！ 真不知道豆瓣能把如此无聊毫无特性的片子评分9.2是为什么。。
也许是外国人不看钢普拉吧。。",1,https://movie.douban.com/review/7201462/
Interstellar,"爱是魔法般的奇迹

    凌晨看完了《星际穿越》，感慨也是颇多，其他人怎么评价我不知道，对我来说是极好的。不夸张的可以说是本年度我看过的所有电影中最喜欢的一部，没有之一。还好我并没有出现很烧脑的情况，整部影片没出现乏味之感。这一切说起来还得感谢两年前我拜读了《天才在左，疯子在右》一书，平生第一次被一本书籍有深深的震慑住的。这也直接影响到我后期涉猎了更多哲学和心理学类别的书籍。在这本书里有很多章节同样也涉及了大量的物理名词，以及现今科学无法解释的问题。其中一篇描写四维空间的文章让我甚感兴趣，所以那段时间也算把一些平日接触不到的物理知识狠狠科普了一下。虽然很多都是不知道在说些什么但是感觉很厉害的样子。建议看本片之前还是要普及一下里面出现的物理名词。（在这里我就不班门弄斧了，网上能查到关于这部影片的科普文章。）影片所传达的信息量很大，而我所接受理解到的或许仅是其中一小部分。也因性格所致，有些物理知识想不明白的地方我也没去深究，我现在的知识量想要透彻明白那些，那就真的是太杀我的脑细胞了。我没有那么强烈的求证思想和求知欲望，也注定了我只是芸芸众生里微小的存在。我不过只是想在休息的时间看里一部电影用来充实调节一下我的生活，我可不想反倒让一部电影来影响了我的生活。我更注重自我当下的感受，我们应当是控制者而不是被奴役的一方，此道理用在金钱上或许大家能更好的理解。我们利用金钱可以更好的创造和改善我们的生活，所以我们拼命赚钱，可是我们要做金钱的主人，而绝不能反过来被金钱所奴役。
    说了这么多题外话，我只是想告诉大家，我们应该更关注并且理解人类的精神文化，我们一生最重要的学习不是对那些写在书本上的死板知识的探究，而是应该回归到本我，关心点落在人上，以人为本，学习更好认识他人以及认识自己。
    或许也是受到自己喜欢哲学类书籍的影响，我自身是比较认可推崇人文主义的，所以本片震撼到我让数度落泪的便是贯穿影片，“爱”这个主题，爱这个词包括的含义太多太广，对亲人伴侣的爱，对认识的乃至不认识的人的爱，这里有点上升到大我这块了，我自己反正还无法理性到那个地步。对动植物乃至是没有生命的物种的爱。爱这个词不是我只言片语就能去阐述表达的，这里恕我词穷了，我顶多只能说，只可意会不可言传。其实每个人的心中都应该l有属于自己的那个理解，毕竟一千个读者便有一千个哈姆雷特。
    看完本片在回家路上我想了很多，现在的我更坚信爱才是这个世界上最强大的力量，她承载着时间的流逝而不急不缓的展现出她的力量。只要时间足够，逐渐发生的微小改变就可以造成巨大的变化。这观点也可以印证在达尔文的《物种起源论》。影片最后人类之所以得以继续生存下去，是库珀跟女儿凭着爱这股力量奇迹般的直接超越了时间流逝，实现了平行时空的交流。虽然墨菲是几十年后才得以真正明白年幼当时发生的那些并非偶然，毕竟我刚刚也提到这股力量是随着时间流逝才慢慢显现。不知道另一个时空的我此刻在做什么，一想到这便感叹造物主的伟大神奇，因为此刻都颠覆传统科学理论了，所以我能想到的便是神话故事中的神明了。反正我也不是无神论者。
说回我们如今的生活，或许很多人此时正爱着另一个人，可是他们并没有让彼此感受到幸福，甚至给彼此带来痛苦折磨，就更别说那股如魔法般神奇的爱的力量所带来的奇迹了。所以他们渐渐变得不再相信爱这个词语，人与人之间的交流关心少了，不懂爱，不会爱，也不敢爱时现在很多都市人的通病。因为怕自己受到伤害，所以干脆封闭自己。别人走不进去，自己也出不来。可能有人看到这里会冷笑我别装做看透一切似的，我不过也只是这大多数人中的一员。我承认自己也确实跟大多数人一样，正是因为我自己也是这样的存在所以我想要改变并且愿意去相信这股力量。
    你如果硬要让我给你实质性证据证明爱就是有这样神奇的力量，我很抱歉，我没办法给你这样的科学依据，因为她所展现的力量是现今科学根本无法去解释的。我记得以前在知乎上看到一个问题，提问如今的社会做好事不见得会有好报了，那我们为什么还要去做呢？有一个回答很好，其实我们坚持一件事情，并不是因为这样做了会有效果，而是坚信，这样做是对的。所以我相信，只要你懂得如何正确的向自己向他人表达你的爱，并且坚持这样做，随着时间的推移，你会发现彼此身上都会有更好的变化，这是一定确定以及肯定的存在。即使过去有那么一些经历让你曾无助绝望，备受痛苦，只要你坚持怀揣着你的那份爱走下去，在不远的将来我相信曾经这些打压你磨练你看似不太美好的回忆只是一件包装不太精致的礼物，待你有足够耐心慢慢拆开才会发现这其中隐藏着无法用金钱衡量的财富。我想那必定会是影响你今后一生的礼物。
    用我自己的故事举个例子吧，当然我所提供的这些看法都没有科学依据，我没办法靠科学去证明推敲，但我可以靠我自己，靠我的心，她早已向我证实了爱如魔法般的神奇力量。我想，再先进的科学技术在今天还无法检测出我的思想我的精神转变吧。这些都只能靠我自己用心体会。
    我曾经很喜欢很喜欢一个女孩，为了更好的靠近她，了解她，我做了很多改变，说来惭愧，其中养成阅读这个习惯便是来自她对我的影响。所以我今天能更好的理解这部电影那是她两年前在我身上施的魔法。只是我现在才接受领悟到。我毕竟也只是凡夫俗子，跟大多数人一样有太多人性的弱点，其中占有欲作祟更是让我曾经很长一段时间陷入极度无奈和痛苦之中，那个时候经常想不明白，钻进死胡同，折磨彼此。我想不通真心真意付出用尽所有的去对一个人好，在另一个人看来或许可能会是一种痛苦折磨。后来的日子里，我的心境开始有了变化，不再去执着自己与她之间的结果，更多的是止于唇齿，掩于岁月了。学会了清淡无形不给她压力而造就双方相处的轻松。以前我一直觉得自己是为了她才去做那些改变的，后来的日子里我渐渐明白，我做这一切其实不是为了她而是为了我自己，毕竟这些改变最终的受益者是我自己，这便是我提到的爱的力量是随着时间的推移渐渐显现出来的。而当我意识到这个想法的那一天，我发现自己不喜欢她了，我只是还爱着她。所以现在的日子里我们以朋友的身份相处交流，而在这段时间里的相处，却第一次让我感受到了从未有过的舒服实在，让我内心得以平静，这不就是我随着时间慢慢懂得了如何爱一个人并从而得到的幸福吗。喜欢她的时候我充满了太多占有欲，太自私，我并不幸福。而当我真正学会爱的时候我才忽然明白过去的所有的不被我明白的苦痛在这将近两年的时间里早已慢慢演化为了一种巨大财富，这财富不以金钱衡量却胜过金钱，这或许是一种看得到的，例如我说到的养成阅读习惯。也或许会是一种看不到的，比如上升到自我思想精神层次。
    我懂得了如何更好爱一个人。相爱固然很美好，可若是我爱你的时候，你却不爱我呢？
    爱上你的那天，我突然就听懂了所有的情歌，这难道不算爱的神奇力量，让我这理解感悟能力都提升了。终于明白了安妮宝贝曾说过的那句话，“真挚的爱情从来都不曾坚定”，于是我学会克制，放下了占有欲，放下了自私。就像小波说的那样，“我爱你爱到不自私的地步。就像一个人手里一只鸽子飞走了，他从心里祝福那鸽子的飞翔，你也飞吧。我会难过，也会高兴，到底会怎么样， 我也不知道。 我会不爱你吗？不会。”
    虽然此时我只能孤独的怀揣着我那份不太成熟的爱走在人生的道路上，但我一直坚信爱是比被爱更接近魔法的奇迹，有一种文明，是救人的人，要对被救的人心存感激，因为她让救人的人有了一次行善的机会。所以我爱你，哪怕你并不爱我，但我仍然觉得占了便宜，因为你让我尝到了一次魔法的滋味。你不是我的魔鬼，你是我的天使，你像我的导师一般，我感激你让我享受到爱一个人的美好，我感激你引领我认识自己改变自己。再以后的日子我同样会像爱你一样爱着别人，因为爱从不会停止，她不受任何载体的控制。
    今天说了太多超出电影以外的自己感受，严格意义上来说已经不是影评了。在我看来一部成功的科幻片如果只是为了科教那肯定会让人觉得乏味，所以主题不能离了人文，得始终依托围绕这点才能更好的去正确引导大众，并得到大众接受。好的导演通过电影或许可以影响一个人一生的轨迹发展。而诺兰他做到了，我很高兴自己也感受到了这一点，同时我也希望更多的人能感受，所以我写下这篇文章，希望有人能看到，如果能帮助你更好的理解爱这个词语我更是荣幸至极。我在想，诺兰拍这部电影他肯定不是单纯为了给我们科普激发大家的求知欲，不是真的要让你去研究物理、搞搞科学、拯救人类之类的这些，毕竟那只是一小部分人的使命，他更多的是在向大多数如你如我一般的平凡又微小存在的人类，传递一种我们与生具来便拥有的却慢慢消失的力量，一种依靠现今科学至今无法解释的奇迹力量，而这个魔法般的奇迹便是爱。
    最后，必须还要提一点，影片里当库珀在另一个时空向女儿传递信息想要改变过去但最后终不能如愿实现。也同时告诉了我们，过去已经发生的是永远无法改变的。
过去回不去，未来还未来，你我当活在当下。但行好事，莫问前程。与大家共勉。",1,https://movie.douban.com/review/7198560/
Interstellar,"这个剧的厉害之处就在于，曼恩做了坏事（对男主和其他人类来说），但是不是坏人。宇宙真的对人类，不对，是宇宙中的一切生灵，碾压式恐怖。五维空间实现时间具像化，人类真的能走到这一步吗？很多时候是不是认为的一些好运气，其实是未来的自己在拯救现在的自己，或者五维中的人类，随手的乐趣？
评分是大一评的，第一次没看懂，半个小时就看不下去了，啪啪打脸",1,https://movie.douban.com/review/16158197/
Interstellar,"首先声明：就电影本身而言我会打三四星，由于这片子虚高的分以及把它奉为神作的粉丝的那种傲慢让我故意给的一分
喜欢的点：1音乐，特别喜欢，充斥着神秘，悲伤，未知，羁绊，和片子传达的剧情情感很贴合：2天上一小时地上七年的设定，父亲看长大的儿女发来的视频那段我确实哭了，很打动我。然后应该就没有了……
不喜欢的点：1最后那段传递数据拍的浮于表面一笔带过，让人满脸问号，至少我是这样（当然你们这些把它奉成神的粉丝不会，你们一下就看懂了）先传递stay让女儿留住自己，你应该没有失忆，女儿当时告诉你留下了哈哈哈，然后就是传递数据，我脑子一堆问号，什么数据？哪来的数据？这些数据是干啥用的？女儿通过这些数据解决了什么问题（一个数学题？）？这个问题解决了怎么就把人们逃离了地球？真的是一堆问号，就把我当弱智吧，你们都是高智商，只有我觉得这拍的是晦涩难懂，其实这个像平行时空的设定我看的时候还是很震撼的，只是这个设定下完成了解救地球人的方法我是着实没看懂。2这个片子好像已经成了装逼必备品，看过看懂并且很喜欢就好像很高档，没看过还没啥，你看过但觉得一般还行或者表达没太看懂好像就是很low很弱智一样，真的无语，第一次有一部片子本来觉得挺好但因为大众的膜拜和对不喜欢它的人的贬低对一部片子好感全无。
总结：一部主打亲情的科幻片，还是很喜欢，但绝对没有到神一般的地步
（不知道是不是自己太较真，到现在看了那么多五星解说我也没懂，他传递的是啥数据，哪来的数据，这数据咋就解救了地球人，那么多看懂了的就给我这个弱智解答一下吧，谢谢，ps：不喜欢小时代等无脑爽片，真的想懂）",1,https://movie.douban.com/review/15649858/
Interstellar,和流浪地球同样的问题，也是大多数科幻电影的通病___________________________________________________________________________________________________________________________________________,1,https://movie.douban.com/review/15645738/
Interstellar,"刚出时候看的电影，现在剧情几乎已经快忘没了，
这里讲下短评 各种懵逼 ，没看懂，有点乱的评论，其实这很正常，可是你为什么会给5星？没看懂不是应该是1星吗？？这是什么逻辑没看懂就是五星神作，还有其他评论神作的往往就是电影刷了好几遍之类的，借别人一句评价诺兰在中国都快成法lun功了，跟游戏界的暴雪一样。
在看看热门评论5星“以前给看不懂的神作打高分是装逼，诺兰之后，有了给看得懂的神作打低分这种装逼。为了特立独行，有的人什么都干得出来（PS：我说的是“给神作打低分”，不是“给热门电影”，呵呵） iPhone”
你真的认为那些看不懂却评价五星就是高智商？强行灌输5星评价就是高智商，1星评价就是笨蛋。而这条热门评论就是毫无逻辑的人身攻击，诺兰之后，有了给看得懂的神作打低分这种装逼。这句话逻辑讲得通吗？

印象中电影建立在地球快毁灭之际，父女对白，建立在人类最后的希望，却只会哭鼻子和靠爱指引方向的方式解决问题，excuse me? 在逗我吗",1,https://movie.douban.com/review/8051176/
Interstellar,"偶尔看到这个电影在豆瓣的评分居然这么高，我不得不提醒大家，这个电影绝对是骗大家的。
1.能通过审核的电影一般都是没有什么深度，剧情比较拖沓，然后看起来世界观很宏大。
2.当时去影院看这部电影完全是因为他播放时间比较长，差不多三个小时。跟一个女性朋友下午去看的，考虑到这部电影放晚后差不多就该吃晚饭了——如果短的话还得领着人家去逛，又要花钱。
3.看完之后我肯定了我的第一条观点。
内容大概讲的就是现在的地球不能住了，然后去找新的地球；一不小心飞进了虫洞，然后来了个轮回。然后就没有了。",1,https://movie.douban.com/review/7506756/
Interstellar,"本就是烂片，一旦人出名了拉出的屎都是香的，这就是充分证明了为什么那么多画家出名后随便搞两笔就能卖很多钱。而且一旦某个东西被一群人热捧后就会成为热潮，不管东西好不好总有瞎起哄的人在里面充人数。很多“皇帝的新装”心理。这群人绝对也热追过韩剧“来自星星的你”的。 一旦热捧出名后 就是里面放个屁大家都会觉得很香。电影里面就随便放本书 大家都会觉得有深刻的含义有隐喻。我真觉得好笑。穿帮的镜头在里面都被一群疯狂追捧的傻逼粉丝看成了隐喻和神秘。 可见这片子唯一的成就就是充分的暴露了有着一群伪影迷的存在。周围要是有人说这片子好，不用跟他辩 偷偷蔑视下他 这就是一个伪影迷，没什么分辨能力只会追风潮的人。
看电影完全可以忽略什么科学物理这里面的规律，因为这是电影不是上物理课教你怎么运算之类的，电影是什么？电影是剧情，是要告诉你发生了什么事，里面的人怎么解决的，一群伪影迷看个电影自己把自己给误导了，看偏了...很难想象你们看西游记封神榜的时候是怎样的！那些神仙都能变身还没告诉你变身的科学规则，你们岂不是想出脑花来了？我看这烂片完全忽略了什么物理什么科学之类的 纯粹是看电影剧情的，剧情很平，故事的逻辑有问题，并没有大家吹嘘的那么好。
有些盲目追风的粉丝居然疯狂到里面放本书他们都觉得有深刻的含义隐喻，找出那本书里面的内容来衬托着电影里的原因。我真觉得可笑。人一旦疯狂就会失去理性用在这里一点都不过！这就跟某个伟人出生前压根就没人觉得有什么异样，等他长大有了作为后，大家就会自欺欺人的胡编乱造说他出生前天空异样。什么狂风暴雨 雷鸣闪电 或者有只凤凰 龙之类的落在他家屋顶上，来蛊惑大家！这群傻逼粉丝也是这样，明明是一部很平常 很普通的片子，在被一群喜欢飞机 轮船 航空母舰 太空的人热捧后，就会被冠以神作来蛊惑其他追风的，那些追风的人里面总有那么一群喜欢什么出名就去“挖掘”里面的道具的历史来为他说服别人增加证据，---- 什么这片子里面的科技是几个真实的科学家搞的，什么里面某本书的作者是谁谁谁，还得过诺贝尔文学奖，之类的。你就是用黄金铺的片子，剧情不好，电影本身仍然是垃圾。我们看的是电影，不是物品，喜欢看科技 对太空着迷完全可以去看看中央台的“宇宙揭秘‘这节目嘛干嘛到处瞎起哄来误导电影界的那跟风不懂电影的白痴啊！",1,https://movie.douban.com/review/7216589/
Interstellar,"吐槽一：亲情
最最最让我恶心的人，就是墨菲。一开始就塑造了很久很久她和老爸多么 难舍难分，结果都是一个屁！小心眼记仇似的一直没给老爸发视讯。终于发了，那时 她哥都有小孩了，你是有多想你爸啊？最后自己老到快死了，她爸终于出现在她面前，竟然说不到一分钟的话，就叫他爸“你走吧”。知道你已经有一群后代亲人在你身边围着你这个老太婆够幸福了，不用一下子就把你老爸叫走吧？你是有多爱你老爸啊？

吐槽二：抛弃
还是那个墨菲。知道宇航员不会回来，就说自己的老爸抛弃自己，让人类在地球等死在那怨恨。最后，她自己拯救了人类，不用逃离地球了，她就完全忘记那些宇航员，还让自己的老爸去找女主角。你真够行了！那边说人家抛弃你，这边你还不是一样抛弃别人，而且你更绝，你在地球要是死了，还一大群地球人陪你死，而宇航员是独身一人在陌生星球。

吐槽三：伟大
什么是伟大？拯救人类才是最伟大的事，但男主的脑袋除了要活着回去见他女儿这个承诺，好像就没其他的。在知道就算找到可以生活的新星球，人类也不可能去到，他就马上想回家，但你就这样回家有什么用，还不如一开始就不要离开，而且你要回去死，不代表其他宇航员跟你一样去死，要不是就你会开飞船，一定不只一个想杀男主。

吐槽四：怕死
我真不明白，那个在休眠的宇航员还想要活着回地球去死的想法那么强烈。你都可以睡着，没有痛苦的睡着，你还会痛苦，怕死到要骗其他宇航员过去，再杀死对方再想着逃回地球，你休眠还真是想好多事情啊！！！

吐槽五：亲吻
为什么每次电影里女生心喜若狂之下亲了旁边出现的男生，男的都要像捡到便宜有点小开心？就不能恶心一下嘛？又不是各个都是美女，各个都是你的女神吗？

吐槽六：突破
里面那个老教授很早就算出了一个不可能成功解救人类的结果。而墨菲三两下就算出来，呵呵。。。老教授，你以前都在干什么？墨菲，你见到你爸的启示前又都在什么?

吐槽七：随便
为什么拯救人类的都是宇航员，就算去到新的太空，要考察是否可以适合人类生存的，至少还要有其他领域的专家？另外，人类不是因为枯死病植物不能生长而面临失望，为什么墨菲弄那个所谓的破解，就解决了病理上的问题？为什么那时的人类，只要大量的农夫，以为种田就能解决地球的生存问题吗？如果真面临那样的问题，但地球基本就快灭亡了！",1,https://movie.douban.com/review/7212290/
Interstellar,容不下不同意见人生攻击，一星拉高一些人的树脂，部分人看电影能看出优越感。一般就是一般，看电影还能看出自己高人一等的优越感，跳进黑洞靠爱拯救世界，地球上活不了植物太空城过得好好的。好多瞎扯逻辑不通。一星奉上，部分影迷素质低下，一星奉上，还要凑字，仅针对部分影迷，音乐特效还行，剧情设定像一坨大编，一群狗吧唧吧唧吃的可香了,1,https://movie.douban.com/review/15063090/
Interstellar,"《星际穿越》说的就是一种严重的植物病毒毁掉了人类所有的粮食，只剩下玉米，但玉米也岌岌可危，然后主角一系列努力来拯救人类。
就在2021年9月，国家公布最新科研成果。人类已经拥有了人工合成淀粉的技术！所以把这电影奉为神作的人会越来越被当傻子看。
在全世界范围内，无论古今中外，道德模范和偶像的示范作用是十分重要的，在美国也不例外。美国就连拍《蜘蛛侠》《超人》《钢铁侠》类的英雄电影中，常常会有从货车边救起小姑娘，或者扶老太太过马路类的桥段，其目的就是为了达成向雷锋一样的示范效果，进而使得全球人民心向美国。然而美国一方面通过各种影视剧作么在全球范围内塑造自己的道德偶像，另一方面又加紧通过网络系统性地摧毁中国人自己的道德偶像。真他妈恶心",1,https://movie.douban.com/review/13887529/
Interstellar,"星际又穿越，高端又大气；宇宙黑洞来，加重仅三成；行走都无恙，一小时七年；念高速电梯，可以穿越否？
无人探测难，载人航天易；一批宇航员，单程去赴死；苟活机器人，智能赛诸葛；插科又打诨，还得人送死！
既已信号出，却不言明细；惜字贵如金，航天贱如土；再来一批人，一一查验之；一星接一星，似是旅游团！
主角金刚身，黑洞扯不烂；五维空间神，独接闺女房；引力操作强，移书又挪物；不写不摆字，偏要玩解谜！
时间悖论啥，关我什么事；明知没留住，还要发STAY; 果然没留住，仍旧很震惊；完事出五维，黑洞大脱身！
一个小农屋，一个科研所；室内唠唠嗑，九成镜头毕；若要机器人，方铁皮盒子；若要拍休眠，塑料袋一装！
一群自闭儿，人数不过十；国际不讨论，总统不关切；科级公务员，也不见一个；以毛细见大，人类大逃亡！
墨菲定律强，从头说到尾；圣经故事灵，一遍又一遍；唯恐人忘记，不知我玄妙；最好看不懂，新皇帝新装！
投资很强大，成本很低廉；科幻无常识，魔幻无逻辑；请个科学家，噱头作得足；似烧脑神片，实狗屁不通！
粉丝很奇葩，以上皆无视；探讨相对论，以上皆无视；黑洞又多维，以上皆无视；试毁人弱智，实恐己脑残！

最烂的科幻片，却得了出奇的高分，脑残粉们将其中内容推高至非常人所能看懂，以此显示自己渊博的知识背景？真不知一个商业片哪来的理论含金量。要说这是一个科幻片，它却对科学常识的践踏到了令人发指的地步；要说这是剧情片，逻辑上的悖论又漏洞百出。要说制作，其粗制滥造程度也几乎找不出能和它比肩的。一个实打实的超级烂片，唯一可取之处就是粉丝奇多，欺世盗名的导演诺兰，从这点上说是成功的。可怜了脑残粉，就像皇帝的新装中的那个皇帝，自己的选择，就算被骗得光着屁股游街，也要走完全程！",1,https://movie.douban.com/review/7577743/
Interstellar,"你相信意识能改变世界吗？
两部电影都给出了各自的答案!
①用药成佛——《超能毒贩》
②爱传黑洞——《星际穿越》
原以为前者是唯心，后者是唯物。
但是我错了，因为这里有一个悖论：
未来的人类拯救即将灭亡的人类祖先。
这是因果律——先假定结果再谈原因。
【剧透部分】男主发现了女儿房间的重力异常，于是破译出二进制坐标，但其女儿却坚信她用摩斯密码破译出的是“stay”（重要伏笔，最后公布）。男主根据坐标找到了秘密太空研究所，其利用重力推送飞船，并且他们发现了神来的“虫洞”， 太空移民有望（悖论初现，先果后因）。在太空中经历了一系列变故，男主被迫跌入黑洞 ，这正是男主通过时空扭曲进入第五维度的关键 ——但是男主为什么会回到女儿房间的平行空间 ，回到出发前在女儿房间的时候？正如女主画龙点睛的真情表露——因为爱!爱或许能在另一个维度以人类不能理解的方式存在，爱也是在黑洞中向未来传达信息的关键（这里的爱是一种意识产物）。在一切皆有可能 （Murphy定律）的黑洞中，进入黑洞的男主尚存要拯救女儿的爱，这个想法其实已经冥定了人类最终能够存活下来，并且放置虫洞、制造五维空间、救回男主。正是黑洞中“爱”的信息传递，使未来人类从设定成为了真实（由果变因），而后男主通过五维空间告知奇点数据拯救人类（由因变果）。由此回到了女儿房间的重力异常那一幕。。。
【剧透结束】
贝松告诉我们：只有时间能够量度存在。
诺兰告诉我们：只有重力能够维度交流。
但只有意识改变了世界，宇宙才能有解！",1,https://movie.douban.com/review/7195238/
Interstellar,"Do not go gentle into that good night,
Old age should burn and rave at close of day;
Rage, rage against the dying of the light.

黑洞因为引力巨大引起的潮汐力瞬间就会将人撕成碎片（当然电影如果也这样就拍不下去了）前2句预示了进入黑洞不会很温和。
DYING OF THE LIGHT 就是黑洞 在黑洞内的光永远无法突破引力的束缚，被外界观测到，我们能观测到黑洞的证据是他的吸积盘及被他吞噬物质碰撞发出的热和光。

在广义相对论无法与量子力学调和的状况下，他这首诗个人觉得其实是让猪脚们去黑洞里探究最后的希望。电影中说黑洞内的五维超空间是未来人类创造的同样虫洞是未来人类开设的，那为什么要将我们引导一个黑洞旁边呢？伴着黑洞的行星想想就不适合人类居住。那唯一的答案就是让我们进入黑洞进入超空间来整合这2个理论为人类科技的进步助推一把（其实有点同类电影因果关系的问题了）",1,https://movie.douban.com/review/7191486/
Interstellar,难看到我一分都不想打了，先别着急喷，我认为这么高的评分根本不符合实际，这种特效看似华丽，实则陷入“为炫技而炫技”的怪圈。黑洞“卡冈图雅”的建模过度追求视觉冲击，复杂的光影与吸积盘效果沦为空洞的视觉符号，没有与剧情深度融合，更像是脱离故事的独立奇观展示。太空舱内失重场景、穿越虫洞的画面，技术堆砌感过重，动作设计机械僵硬，缺乏真实物理细节的打磨，让科幻场景的沉浸感大打折扣。特效喧宾夺主，反而削弱了科幻设定本该具备的严谨与震撼，难以给观众带来身临其境的体验。并且在剧情方面上也有很大的漏洞，简直是围绕一个观点转，又没有任何理由，这根本不像是9分以上的电影，即便分数这么高，我觉得，在评分7.5分以上的电影里面随便拿出一个电影都能比这部《星际穿越》好看，就是特效离谱、细节扭曲、剧情炸裂，总的来说还是这三个方面没有融合好达到一体的效果，这么高的的评分完全高估了《星际穿越》这部电影。《星际穿越》充斥着大量晦涩概念，强行将高维空间、五维超立方体、引力传递等硬核理论塞进剧情，却不做清晰解释，让普通观众一头雾水。影片后半段库珀在超立方体中与女儿的“跨时空交流”，时空逻辑混乱，既缺乏科学严谨性，又没有合理的叙事铺垫，只是生硬地用科幻概念制造“烧脑”假象。这些难懂的设定非但没有增强故事深度，反而割裂了剧情连贯性，让观众疲于应付不明所以的科幻术语，观影体验沦为云里雾里的概念堆砌，最终只剩空洞的故弄玄虚。,1,https://movie.douban.com/review/16701369/
Interstellar,"给1分是因为9.4分实在太过分了，所以中和一下。
宽容评价的话8.4差不多，刻薄一点7.4也不过分。 但是9.4。。。wtf？
我之所以觉得这片子不错，不是因为科幻创意部分。
恰恰相反，是因为文戏部分拍的还行，没有像很多大片一样光注重大场面特效，而把文戏拍的跟屎一样（例如变形金刚之流）。可见导演还是用心拍了这部电影。
举个例子，本片中男主的女儿和儿子小时候经常一言不合吵架，当兄妹长大成人30多岁时，自然是变成了成年兄妹之间的正常交流，但是导演用心的地方是：兄妹一旦遇到分歧，导演把他俩小时候一样吵架的氛围给拍出来了。。看的非常舒服且真实。
还有，演员选的真好，劳模姐跟小女孩的演员长得还真的有点像。
兄妹给父亲的视频邮件，还有男主从时间过的很慢的星球回来看到儿女整整20来年的视频之后内牛满面的情景等等，的确演的让人动容。
总之，这片演技表现的都不错，只要演技发挥的好的电影总体水准都不会太差。
但是我看很多五星评论扯什么穿越设定多流弊啥的，我就觉得好笑。如果这就是你认为这片拍的好的原因，那恕我直言，你压根不知道自己看电影主要是享受什么，而且你看的科幻电影太少了。
本片的科幻设定非常烂俗，未来的自己影响过去的自己，这种穿越无限套娃模式，简直是被无数科幻影视作品用烂了的桥段，本片无非就是套了个黑洞的素材，本质就是时间穿越这种烂俗剧情。。至于使用黑洞还是时间机器只是一个噱头而已，没什么差。
当然，电影这玩意是这样的，尽管烂俗的设定，如果你拍出来的特效比以往都要惊艳那也一样可以媲美全新的优秀创意，甚至更加让人赏心悦目。。例如金刚骷髅岛虽然也是烂俗的剧情，但是它比前作都要大的多的多，而且特效要惊艳的多的多，所以一样让观众带来船新的体验，而不会计较剧情多俗套。 但是星际穿越并没有，它并没有拍出黑洞给人带来的震撼，只是一个凸透镜一笔带过，而五维生物给男主安排的时间结界也完全没给人眼前一亮的感觉，本来一堆模糊的书架困住男主，让他无法跟近在咫尺的女儿进行任何交流，这种痛苦的确能让人感同身受，可是，你特么用力推就能把书推下去，这是不是太儿戏了？？不用加点别的附加条件之类的吗？？还有我正在迷惑他到底要怎么在戴着这么笨重的太空手套控制手表指针，莫非把手套脱下来？ 虽然是五维生物给他开挂，但是毕竟是太空，脱下手套没事吗？？还在纠结这些的时候，这货居然直接远程搭脉拨动指针了。。这。。。
这不是合不合理的问题，而是没有给人科幻惊艳感。。电影的科幻元素都是细节画面给人震撼，而你特么把细节都无视了，那我还看个啥？？
所以，这些科幻元素给人感觉拍的非常平庸无聊。跟以往的穿越套娃模式科幻电影比起来，非但没有什么亮点，反而不如。
总而言之， 本片属于平庸且缺乏创意的科幻大片，演技加分项也主要是靠几个主演本身就是老戏骨。  其实他们本来也并没有太注重品质，几个大牌主演就不用说了，连马特达蒙都请来演个配角是几个意思？？钱多烧的慌？？明摆着是有收割一波粉丝的想法。",1,https://movie.douban.com/review/15610234/
Interstellar,"谢谢你，让我意识到我更喜欢科学而不是科幻。我仍然记得初高中时购买《科幻世界》和《推理世界》杂志的时光，我当时对这种强逻辑的故事非常着迷。但现在回顾，我发现这种情感非常奇怪，因为它使用非理性的思想去崇拜理性。实际上，规律就在那里，不增不减，也不需要人去崇拜。当我意识到这种矛盾时，再去看科幻电影，我突然发现不仅仅是这部电影，几乎所有的科幻电影貌似是在说科学，但其实是在通过科学这层外衣描绘人性，不论是批判还是赞扬。我很好奇，这个东西真的值得讨论吗？我为什么不去关注柴米油盐或看看研究报告、科学论文呢？为什么要看你们这种披着科学外衣的冒险故事呢？不得不说，《星际穿越》无论是剧情、特效、音乐还是制作都是顶级的，但它的方向却错了，越努力越错。谢谢你，让我意识到科幻电影只是一种受资本娱乐控制的消磨时间的产品，和动作片、谍战片或西部片并没有什么不同。无论你披上怎样华丽的外衣，电影依然只是一种娱乐产品。我还会为你花时间吗？可能吧，消磨时间呗。
不好意思，本来不想给分的。但是我看到电影中那些""love, love, love""的台词，以及提到""爱死去的人有什么意义""这个问题时，Cooper竟然回答这个问题没有意义，但最基本的意义不就是让活着的人可以做出违背个人利益、有利于集体利益的事情吗？连这个都回答不上来，让我感到很失望。因此，我给了个一星评价。",1,https://movie.douban.com/review/15356966/
Interstellar,"诺兰太想标新立异做业界翘楚了，不断在挑战观众极限，配乐就像电影的空気，最好的表现就是感受不到它的存在，但又不可缺失、无比重要，是用来陪衬画面、加强情绪的东西。你音乐搞那么大声，对白完全听不见，没事就来个慷慨激昂的“升华”显得矫揉造作，而且观众营造情绪还不够就被打断，太烦人了，还让不让人好好看了😭
另外，当初这片宣传热度太高，全网在诺兰吹，到处都在放男主在太空看女儿视频后痛哭的画面，个人认为那是全片最精华的一幕，结果还没看就被剧透了⋯除去这一幕以后，父女间的感情完全不到位啊，亲子关系的着墨还不如“人生遥控器”和“你好李焕英”呢！
诺兰的作品，我只喜欢黑暗骑士和致命魔术，盗梦也还行，从蝙蝠侠崛起开始，諾兰就疯也似的追求画面感和虚无飘渺、晦涩难懂的东西⋯像是空间扭曲、多线性时空、冷门文学、哲学、物理学等等，完全忘了“电影的本貭是说好一个故事”、“电影最重要的永远是剧本-杨德昌”这些简单大道理！
好的电影能给你震撼、带来启发，诺兰似乎是沉沦在“我的片要烧脑、要多刷才能看懂、场面一定要壮观宏伟”这些标签上一去不复返了⋯⋯盜夢后的每一部片都主题模糊、没有中心思想、逻辑不通、节奏混乱、越搞越玄乎，信条更直接滑铁卢了🤦‍♀️连主角都不知道自己在演啥，你怎么能期望观众能看懂？观众看不懂，就没有情绪反应，没有情绪反应就不卖座，不卖座就没法拍自己想拍的片，一夜回到解放前⋯寄望新片“奥本海默”拜托他能拍出黑暗骑士那样震撼人心的好片，别再乱搞啦！",1,https://movie.douban.com/review/14427699/
Interstellar,如题 就是 整整三个小时的 伦理片啊 通篇就像表达一个观点 就是他爱他闺女 然后呢 没了 单就不说 整个片子一点科学理论没有 就单单一种细菌能杀死所有主食的植物就是扯淡 根本不可能实现 沙尘暴更是胡扯 沙尘暴还能360度无死角的 全球刮么 这不是扯犊子么 其次说去太空 大哥一点拯救地球的觉悟都没有啊 我感觉他就是想看飞船 兜一圈 最可笑的是 一船的科学家 居然要听司机的 他觉得浪费时间了 他想要回家了 就得依着他 准备返航 已经明确指出了 计划A是假的 只能实现计划B 他居然还能为了想见女儿而毁掉 人类最后的希望 这种人为什么要让他拯救人类啊 一起飞 一穿洞 一降落 一升空 就用了整整一小时二十分钟啊 屁都没弄明白就要往回走 如果说 到结尾之前 我还相信 还在寻找 这片子里 有真的科学与物理学的话 那么到了接尾 我的人生观就崩溃了 我不知道除了 扯淡 还能用什么词来形容 先不说五维空间 我就不明白他到底给他女儿传送了什么信息让她能一下子就拯救地球了 其次我相信这个信息应该不是几个简单的词句 那么要知道 摩尔斯电码 可不是心灵感应 一个词就得敲好几下啊 他想传送一个能拯救人类的信息 估计这信息量 够他敲一年的了 最后说一下 这片子的科技感 如果是是九几年拍的 我感觉都是二流水平 跟 太空漫步 和 绝世天劫 都不在一水平 还有那机器人 也是醉了 我很好奇 如果它侧着倒了可怎么办呢？ 总的来说 如果我能穿越回去 我一定告诉自己 不要看这电影 非常后悔,1,https://movie.douban.com/review/7416368/
Interstellar,"被奉为大神的诺兰最新作《星际穿越》终于千呼万唤始出来，在看过真容之后，影片又是否真的能被奉为神作呢？
    首先不得不提的是，上周末在北美大规模公映后，诺兰吃到了12年来第一个败仗，影片以明显低于预期的成绩输给了迪士尼漫威联手推出的动画《超能陆战队》屈居亚军，是否应该为影片感到不值？答案是否定的，一部影片的上映是很讲究战略的，迪士尼经过去年同一档期《冰雪奇缘》的大卖后非常懂得在冬天如何带来一丝暖意，而漫威则是这个星球上最会拍娱乐大片的公司，所以在面对电影应该给人带来的第一要点上，野心庞大靠拢文艺的《星际穿越》输给卖合家欢消费娱乐的《超能陆战队》则在情理之中。
    视觉层面上，是否真的达到了电影时代的顶尖水准？可以说仅仅凭借克里斯托弗·诺兰的名字，就能毫不费力地在任何一家电影公司拿到1.65亿的投资，只要有钱，就没有拍不出来的视效。这一点在面对开场既有超长镜头技惊四座的《地心引力》时，相比较来讲本片的惊艳程度和视觉想象力相形见绌。诚然不是说本片的特效场面不够震撼，胶片IMAX摄像机拍出的老旧质感是最赞的映画手段，其中黑洞的表现更是足矣载入史册，但作为万众瞩目的诺兰，手握花不完的钞票，耍着平庸地镜头语言，留下的却只有一个仅仅。
    在过去十几年里，诺兰能成为中生代导演中的佼佼者无外乎两点，装逼式地拍一部每个人都看得似懂非懂的所谓“高智商”题材，以及在眼花缭乱的烧脑过程中表达出的情怀。且不论充满争议的维度空间给观众带来并存的好奇感和扯淡感，本片最失败的地方在于情感的表达太过于简单粗暴，反而多出来些这直接导许虚情假意，致了在漫长的影片进行中，本来可以剪辑地更灵活紧凑环环相扣，却像是迷失在太空中一样不停地重复着情感沦陷，跟着就很容易带出观影过程中的疲惫感和烦躁情绪，就不能别磨叽，快点儿行不？
    那么本片最出彩的地方出在哪儿？有人说要把主角换成布拉德皮特或者汤姆克鲁斯会更好？在很长一段时间里，影片本可以有任意的发展方向，这种不确定性的魅力时刻带给观众的疑问，交织在主角到底最终是选择回家还是选择人类上，可以说在很大程度上，是马修麦康纳一个人的表演让影片持续焕发着演技与特效的碰撞，但不幸的是，这一份焦躁不安的情绪被单调乏味的俗套发展延伸了下去。
    并不是说《星际穿越》不是一部优秀的电影，但作为一部瑕疵明显的杰作，被捧得太高也确实名不副实，在经历了《黑暗骑士》的巅峰后，诺兰距离再次锻造出神作俨然已十分接近，但《星际穿越》在各界的总体评价上确实也不如诺神的诸多前作。
    以上仅仅代表个人在对于诺兰的高期待后的一点失望回应，一千个人有一千个哈姆雷特，无论评价如何，《星际穿越》也是一部值得去IMAX影院好好体验一把的大制作，很久不写长影评，略有生疏，如有错误请指正。",1,https://movie.douban.com/review/7191183/
Interstellar,还能更炫更儿戏一点吗？毫无思考仅靠煽动，毫无敬畏仅余妄想。好的科幻片应该首先承认人类的无知，并跳出人类的视角去看待人与宇宙的关系。被吹到不行的特效如同导演抡圆了膀子朝观众脸上砸各种金银珠宝，闪到不行但全无美感。所以评价《行星穿越》很简单，你把片中所有角色换成中国人，然后再想想自己愿意打几星。,1,https://movie.douban.com/review/9945083/
Interstellar,"刚出时候看的电影，现在剧情几乎已经快忘没了，
这里讲下短评 各种懵逼 ，没看懂，有点乱的评论，其实这很正常，可是你为什么会给5星？没看懂不是应该是1星吗？？这是什么逻辑没看懂就是五星神作，还有其他评论神作的往往就是电影刷了好几遍之类的，借别人一句评价诺兰在中国都快成法轮功了，跟游戏界的暴雪一样。
在看看热门评论5星“以前给看不懂的神作打高分是装逼，诺兰之后，有了给看得懂的神作打低分这种装逼。为了特立独行，有的人什么都干得出来（PS：我说的是“给神作打低分”，不是“给热门电影”，呵呵） iPhone”
你真的认为那些看不懂却评价五星就是高智商？强行灌输5星评价就是高智商，1星评价就是笨蛋。而这条热门评论就是毫无逻辑的人身攻击，诺兰之后，有了给看得懂的神作打低分这种装逼。这句话逻辑讲得通吗？

印象中电影建立在地球快毁灭之际，父女对白，建立在人类最后的希望，却只会哭鼻子和靠爱指引方向的方式解决问题，excuse me? 在逗我吗",1,https://movie.douban.com/review/8051194/
Interstellar,"当年打三分是给特效。现在看来两分都嫌多。
稀烂的物理科幻逻辑，毫无内核的美式主义拍的冗长又啰嗦。诺兰一贯装X式“故意不好好说话”（诺兰最后一部好好说话的是盗梦空间）（总有人喜欢把深度和故弄玄虚混为一谈）。这么个垃圾电影天天有人遇到其他科幻电影就要自我颅内高潮。
ps:请不要和我谈科幻，是否看懂之类的话题。我接触科幻可能比你年龄还大，我的理科常识背景也不需要你质疑。",1,https://movie.douban.com/review/14952637/
Interstellar,"标准美式价值观宗教殖民内核：美洲殖民＋宗教神学＋传统内斗＋父女亲情剧
开头男主梦回坠机，飞行员当农民，身份转变突兀不尊重人才。背景是沙尘暴和作物枯萎，男主开车追无人机，压倒了一大片玉米。玉米地情怀，你当赫鲁晓夫呢？一架没有太阳能板，带燃油发动机的无人机叫太阳能飞机？开头铺垫家有幽灵，重塑墨菲定律，放生无人机，开车到学校和老师谈话，说没有军队了（美方代表说不要军队了呵呵），新教科书写阿波罗计划是伪造，老师说人们不再需要航天和工程师，紧缺食物哦，各种反智主义齐聚一堂。沙尘暴，见沙尘条纹，男主莫名其妙肉眼判断引力波，引力观测肉眼搞定，牛顿棺材板不用压了。一堆沙子好奇妙好独特好玄幻哦。爱因斯坦的广义相对论早就写了，引力波是光速传播，后来实际实验也证明了是光速传播，该片依旧整出[爱与引力穿越时空]，宣传口号喊喊得了，但居然真的用这么差劲的方法呈现出来，瞎编黑洞内部情况，整出引力波影响宏观物质（书本），搞男主手弹引力波，你当你弹钢琴呢！建议重修广义相对论，无颜面对爱因斯坦！纵观全片诺奖顾问就是个背景板，背景板再漂亮也掩盖不了诺兰写的的烂剧本。
解密出坐标，来到NASA。航天需要庞大的配套产业链和人才体系，极其烧钱，工厂、发射台和火箭发射时都极其显眼。开诚布公的NASA居然是全球最隐蔽的地点还要对公众保密？迎合市场的反智主义，大组织总有隐秘基地和阴谋计划，反智主义渲染科幻电影，南辕北辙。这不是漏洞问题，是态度问题，反科学的态度非常鲜明。28分，男主说NASA拒绝了上面的要求，向饥饿人群投放bombs，但良心发现没去炸。（这指核弹而不是炸弹，用核弹大规模消灭饥饿人群。）全球缺粮，粮食就是生命，男主也晓得外面一大群饥民，还敢开车压玉米？一个缺粮到炸人群，反智到工程师都不要的烂摊子，还能组织起航天力量？摆出来都好笑。办公室旁造火箭，还敢搞电焊装逼。没军队了，核弹居然能给NASA，NASA还是解散再重组的，阴谋论都集齐了，美式反智主义的病入膏肓。博士解说饥荒，枯萎病菌蔓延作物，这里博士解说的只有作物哦。生产氧气的又不只是作物，更何况单靠一种病菌就能灭全球植物导致氧气骤降？真生物白学了，生物的多样性变异性，总有幸运儿天生免疫某些病菌病毒，况且地球大半氧气是海藻供应的。而且病菌跟引力有毛关系哦，瞎编设定结局还没法收尾。作为初始设定，首先要有足够的强的理由，真到万不得已必须离开地球，才能有信服力。病菌再怎么肆虐，肯定是对抗而不是离开。哪怕随便编个陨石撞地球都比这种嘴遁强行解释更强，这破理由违和感爆棚。博士就说要离开地球，找新居住地，你来说说枯萎病菌怎么不会跟上空间站？大棚密封种植怎么就不行？
台词重复宣扬colony殖民一词，美洲殖民那套，搬家去无人新星球那叫移民！行动名拉萨路行动（耶稣进山洞复活信徒），明示男主掉黑洞被降神拯救，把宗教故事包装进黑洞，铺垫这是[they]的旨意（把上帝进行包装），宗教神学思想包装进科学故事危害性极大。嘴遁解说，四十八年前就发现土星虫洞，十年前发射12艘载人飞船，人肉侦查不管死活，真当无人探测器和太空望远镜不存在。虫洞还要包装成单向通信，视频可以传过去但传张照片回来看看就是会死的那种，好歹给张虫洞对面的星图提前介绍下宇宙背景啊，咋知道对面是否真正宜居？反正神的旨意放心去肯定有，而这12行星和恒星系就没有过正式的电影画面。咋不一开始就直接带上12批受精卵一次全搞定？女主最后登陆的星球一片荒漠吃石头吗？荒漠最省事呢。还有一个先遣宇航员呢？alone个鸟啊。（ 故事直接残疾，先遣者极度尴尬，被硬安插的12勇士，后面是男是女一出场露面就会霸占男女主的结局宗教地位，死了又不符合宜居条件登陆，只能强行删除被遗忘。）博士回复男主说不知道你要去多少年，这分明路线都没有规划，逻辑都不通就硬煽情。美洲殖民那套洗白，那12个宇航员多么了不起、勇敢，尤其土豆哥是最优秀哦。把殖民思想重复再洗白植入观众脑中呵呵，一如《敦刻尔克》那样把败仗进行洗白，但后面剧情就知道多么笑话了。也有观众解读成耶稣12门徒中出叛徒的故事，也能很好印证这是宗教片。
开局就拖了42分钟，全员嘴遁无实物解说，还搬几个老头伪纪录片口吻访谈，除沙尘暴外没有环境渲染。其他场景和破烂空壳模型一样是满满的贫穷塑料质感，怎样省钱怎么来。别的片20分钟就已经能把一整个科幻世界背景渲染出来了，这么拖时间就交代了个空气？拖拖沓沓42分钟，背景残缺极其严重！代入感极差，这个时代背景什么水平都搞不清。想看的是科幻世界，不是42分钟的乡村生活！全人类都知道全靠嘴遁不结合具体画面推剧情是最最差劲的方式，好顶级的艺术手法哇哦。先设计一个高效的催眠劝退机制，把大部分正常观众劝退就没人打差评了，留下来大部分都是诺吹，靠洗地忽悠欺骗大量小白观众，大吹特吹牛皮。挂羊头卖狗肉欺骗观众，宗教价值观洗成爱。破烂的弱智铁盒子机器人还是上世纪五十年代的设定，用手抓握的功能都没有只会旋转狗扒有毛用，《普罗米修斯》好歹有超仿真机器人体现科技感。全息显示舍不得做，失重懒得拍，全程假装人造重力糊弄就行，《2001漫游太空》的人造重力都拍的比这烂片要好。塑料袋泡水冬眠土的一批，腌制泡椒凤爪吗？51:36冬眠池地板陶瓷砌的，56/91分空间站墙壁又是陶瓷板，103分冰球地面舱还是陶瓷板，121分飞船绝壁陶瓷板。55/57分飞过土星时，连上面的大气层灰蒙蒙的静止贴图。飞船左侧晃动镜头重复使用了六七次，表示危机就只会乱抖动空间站或飞船搞得跟飞机气流颠簸似的。34分博士解说空间站时就带了一嘴一秒镜头，还是拿混凝土建筑旋转一下镜头假装空间站糊弄观众，镜头交代极其潦草。全片黑洞镜头更是少得可怜。这就是用爱做的全模型无特效实拍大制作？哇，歪脖子病都给治好了呢。
终于飞船发射了，男主今天农民，一夜成了宇航机长，说走就走星际旅行去了，这么玩儿是吓醒前面睡着的观众吧？说好的去殖民三男一女，也没多带个女性认真的吗？《阿凡达》里有呈现人造子宫，别人科幻细节是画面实打实展示出来的，这呢？你靠什么一个女人就敢繁衍下去？从架子上把冷冻卵子拿下来直接一句空气孵化是吧。毕竟西方信教的真把圣经当历史，相信五千年前，夏娃一个女人就生育了全人类。博士女儿就内定，NASA他们家开的，全计划博士一人操控，又是西方传统一人boss操控大组织。穿过虫洞对面星球居然是在黑洞边上？有点天文知识都知道人类在恒星系居住，而黑洞周围都是死亡地带不宜居住，黑洞片硬编成殖民片，深入骨髓的西方殖民思想。男主说还有颗中子星在附近两者引力抵消（把中子星画面放出来啊，在白板上画饼充饥真会糊弄。）中子星是大恒星超新星爆炸后的核心，谁家住中子星边上？只会堆砌物理名词和物理结论吓唬小白。一句引力抵消说得轻巧，但人体能承受的最大加速度是有限的，从近光速绕黑洞飞行，减速到被水球引力捕获的水球第一宇宙速度以下进行登陆，人体早就散架了。两行星绕黑洞运行连恒星都没出场露面真会糊弄啊，谁家由黑洞提供阳光的？黑洞周边超强辐射环境，靠近事件边界那引力足够撕碎行星了，最低限度也足够把行星大气层全剥离，这恶劣环境怎么住？何况不怕哪天掉进黑洞？
登录水球，明显用的传统火箭动力，就算弄个离子发动机之类的都比这更有科幻感，还说计算燃料，火箭公式算一个看看。一艘小飞船随意登陆黑洞旁的行星起飞外太空来回到处飞，也不用造大火箭了，根本是在无视燃料。又当又立，星旅片无视燃料本可以理解，先装引力抵消又假惺惺的计算燃料可真会装。水球和冰球是明确离黑洞很近的，大气层早就全被剥离了，还装水球空气减速节约燃料，冰球有毒气体。不可能宜居的死地还硬编登陆殖民，来都不该来的，就硬拖时间烂煽情。水球时间慢速这么严重等你登陆研究地球人都要死光了，非得优哉游哉地去一趟，理由就是来都来了无语，太空上看不清是哦。水球强行剧情杀一个宇航员，真就工具人预定。引力超大海啸上天，宇航员怎么跑得这么流畅？免疫引力的超级赛亚人？山高海啸小飞船能硬抗哇哦。水球受巨大的引力，早就被潮汐锁定了，海啸是站不住脚的，反正导演要求装进圣经的灭世大洪水配方舟的场景。黑人在空间站生活了23年说尽可能的研究黑洞，你拿什么研究？又研究了个空气？无视空间站零配件维修磨损和生存物资消耗，光维持空间站轨道高度姿态都一大笔燃料，咋不算进去？23年光黑人他吃喝拉撒都消耗光物资，偌大的空间站空空荡荡连植物舱都没展示，你拿什么呼吸循环？哦，枯萎病菌上空间站只能种玉米了，脑袋里全装的是玉米，黑洞数据就用来解决玉米太空种植问题的。这时面临去两个星球的抉择，博士女儿：爱不是人类发明的，来自更高维度文明，是一种力量，可以超越时空真实存在。连光谱分析大气成分确定目的地都做不到，路线规划都没有，只会用爱发电。连尊重科学的态度都没有，搁这拍魔幻片呢。弯弯说用爱发电大家都笑了，星际穿越说用爱发电都感动哭哇哦。
三人登陆冰球，水球要留人值守空间站，冰球反而不留人值守了，方便集体剧情杀真省事呢。揭露阴谋，博士欺骗公众建空间站并不打算救地球。继续NASA阴谋论，完全不尊重自家科学机构，全反智瞎幻想。还宇航员内斗，这是在砸碎代表人类希望的宇航员角色。土豆哥暴露自己自私只想得救，哎前面不是说你们很伟大很勇敢的吗？明明可以坦诚相待的啊？整个星球就剩你们4人还要不死不休是吧。回地球同样死路一条，宇航员肩负重大使命深入太空，却一出门就喊着回家，连基本的牺牲奉献精神都没有，配不上NASA牺牲的先辈。这就是你们的内斗精神？真就西式人权笑话，人权警告！男主头盔已经裂了还好意思说50%破裂，搁这搞笑呢。顺带一提，帆船运动员基本都会游泳，少卖毒鸡汤了。完了黑人被毒鸡汤炸没了，全程像是被美洲殖民贩卖过去的工具人呢。土豆哥坐自己飞船对接失败撞坏了空间站人没了，又又又强行剧情杀，哎刚刚说好的人权呢？剩男主和博士女儿两人，男主玩毛熊那套对接空间站。
男主女儿这边跟兄弟吵架，半部片都拿来搞家庭矛盾了，内斗传统艺能。家里聚餐明明只能全啃玉米了，还敢开车冲玉米地，还点火烧田。设计一个缺粮背景还要随意毁坏庄稼两次什么反智操作？数十年沙尘暴还是漏风木头屋子不修理就穷煽情，这么多年只送一个视频没见后悔真乃大孝女啊，甚至最后都没留点戏份让男主探望儿子，这就是所谓的感人亲情吗？反正就是换个演员嗖的一下就长大了，成长过程啥都没交代，够省事的，也没说学的物理学专业，上去就能和博士畅谈物理公式，人均自学成才物理天才，瞬间就领悟手表摩斯密码，白手起家几十年就完成人类瞬移空间站，枯萎病菌不用解释也能太空站种树。别问，问就是“孝”的力量，用爱发电解决一切。书和电影都没法解释那么多漏穿黑洞的漏洞。起点上有无数玄幻小说，都是宇宙背景的，能算科幻？拿诺奖顾问当挡箭牌假惺惺标榜科学，却连一般剧情的合理情节规律都没有，实则宣扬反智主义和宗教殖民思想。所谓“神作”一抠细节就自相矛盾、一窍不通，实乃神棍作品。
两人去最后一个星球，男主跳黑洞，你说温和型黑洞，那就公平些别双标，要么两个都不碎要么人和飞船都碎。飞船碎了人没事，肉身抗黑洞，不愧是耶稣旨意包邮的你，天文观测数据随随便便上TB，用手一个个弹嗯，还送超大氧气瓶保证传完信息呢亲。跳黑洞能看到的是未来人类送的超立方体，咋不一开始直接送地球门口呢？黑洞内部目前人类未知，不是所谓的高维空间，那是导演瞎编出来的。把人类未知的黑洞包装成神的地盘，把神包装成未来人类，想回到黑暗中世纪的神学至上么？过去人类就没有科学家24小时监控引力波是吧，毕竟这片开头就全员反智不要工程师了。男主直接送回人类身边，还说不能干涉现实？这明明能有无数种方法影响过去的。弄个五维空间就把观众唬得一愣一愣，感动的不要不要的。超立方体空间一看只通往女儿房间，还把手表往外拿走照样能传信息，最后在实验室完成记录，连基本逻辑都不要了。把资料信息传给年轻的博士或更年轻的女儿不好吗？博士你死的好冤啊，哦，会出祖母悖论一秒结束，自己都圆不回来自己，只好整一个老套的宿命论穿越时空套路。（问某20岁的亿万富翁钱哪来的？答：50岁的我回到过去送给我的。那50岁的你钱哪来的？答：50岁的我在20岁时拿到了未来的钱。）这种明显的基础悖论，一般正常思考过都不会拿来就直接套用的，科幻连逻辑自洽都没有，一部反科学宗教片。退一步来讲，就当所谓的未来人类好了，这么强大简称超人吧，这就是最常见的烂尾机械降神结局，男主尽管作死反正主角光环不会死，遇到困境无法脱身了，直接请超人帮天选之子开外挂渡过难关，学这个等外挂精神自我感动吗？总结一下，开局嘴遁拖沓，起因毫无信服力，过程强行剧情杀，用爱发电加内斗，结尾机械降神硬煽情，烂的彻头彻尾。
圣经内核，上帝降下灾病考验人类，男主亚当摘智慧果(黑洞公式)，女主夏娃，去新星球繁衍后代当新人类圣母，女儿造星际飞船前往新家园(诺亚方舟)。《太阳浩劫》的框架，飞向太阳(黑洞)，看见神迹，星球接人，内斗破坏飞船，弹舱跳太阳(黑洞)完成任务。太空旅行部分和结尾披的《2001太空漫游》的皮，某些分镜直接《哆啦A梦》同款。星际穿越的劣质模仿，毫无创意，究极缝合怪。这片弹幕一堆问号一堆嘲讽，因为整部片都是玩玄学套路违背科学精神，弹幕都看得出剧情漏洞百出。何况在西方宗教眼里，咱们无神论者都是反智迷途羔羊要拯救的，要用传教式电影洗脑。西方电影最爱用个人英雄两边救世最后回家，再搞点亲情爱情硬煽情来掩盖缺点，骗取观众眼泪。典型的西方公式套路剧本，都老掉牙了。父女爱和科幻皮是糖衣，内核是西方文化殖民，糖衣炮弹！天天扮演上帝选民拯救世界，看这类电影的时候有多少人反思西方思想狭隘？批评他们XX主义夹带私货呢？戳穿它怪我喽。这片本就是迎合西方观众设计的，都2020年了还这么天真的看待一个宗教殖民洗脑故事。醒醒，那套西方神话已经破灭了。",1,https://movie.douban.com/review/12939043/
Interstellar,"从电影一开始的飞机(姑且这么叫吧)翅膀，我就开始陷入了迷惑，这到底是要讲啥？
粗略统计了一下，全片一共看了20次左右飞机翅膀，编剧坐飞机可能很喜欢坐飞机中间就看窗外的翅膀，抱歉我实在理解不了外国人的思维
看到最后我才发现这是一部以美好结尾倒着编出来的故事，但是让我顺着看，就像苍蝇掉进菜里恶心
槽点1：
影片最开始说地球环境恶化，植物都开始枯萎，还有漫无天际的沙尘暴，，既然都这样了，我 为什么不能安双层或者三层窗户用来防尘，为什么不能住到地下去
可能是大家都太喜欢和灰尘为伴了，还把盘子扣到桌子上，可真有zb主义生活情调啊
车子窗户都是沙尘，您不能做成全封闭的车厢吗？那么大的沙尘，空气滤清器从来都不堵吗？
槽点2：
无人机，还是RQ-1(捕食者)，那TM是2000年以前的产物了，造型能不能改改，还能飞十年？骗小孩也起码装装样子吧
笔记本电脑触摸板就能直接控制飞行姿态，我服了，你控制方向我倒是可以相信，这倾斜角度是怎么出来的？难道是川建国同志的加持？
槽点3：
收割机；无人收割机，设想是挺好的，全片我只看到了主角家的房子，学校和镇子上的仅有的一条路，奥对了，还有航天局的铁丝网加地下车库入口，谷仓在哪里？坏了为什么要忘男主家跑，没看到哪有工作车间或者谷仓
小女孩墨菲的房间灰尘是他爸在五维空间操作的，那收割机的罗盘为什么被干扰了，也是黑洞中奇点的男主操纵的？为下一部埋伏笔？
槽点4：
男主根据提示拿到航天局的坐标，然后就直接去了，没两句话就被说服加入计划了，这么信任男主？电影中哪里有体现男主是飞行员+航天员+工程师的？我真以为是个自学成才的农民
航天员进入太空之前没有适应性训练？旁边的几个博士和其他高知识份子是怎么去的？就因为学历高就能上去操作航天飞机？还很熟练的样子
槽点5：
人类造出车轮减小了摩擦，航天局的智能助手是又回到了石器时代？方形的？后期在2号冰原星球内部竟然还有绿色的线路板以及各种排线，真接地气
走路(移动)姿势与猩猩无异，1号水原星球救女主的竟然开始旋转，您那排线不怕被拧断还是长条形的迷之旋转更符合在未来纪元生活？
槽点6：
穿越虫洞之后的全是水的一号星球，女主在剧中还说了全是水，然后飞船就自信的停下了，他怎么知道水只有那么深？什么时候报的数据？我还以为飞船会漂浮在海上
女主开始搜寻前面一个飞行器遗骸的“黑匣子”，这时出现了非常高的巨浪，借鉴别人的回答是引力潮汐引起的，大量的水都在随潮汐运动，可以理解
但人类都能休眠了，飞船连雷达都没有吗，黑匣子连定位都没有吗，那么高的浪听不到声音？牛逼
槽点7:
接着他们又来到一个连云都被冰冻住的2号星球，他们在这里找到了在休眠仓中的第一批探险者他还活着，
这个探险者欺骗大家还有一层地表，男主和这个邪恶探险者就踏上了前往第二层地表的路途，
途中男主和飞船通信靠的是贴在头盔上的一张胶布？还有按钮？这可真够便捷的，二战的装备都比你先进
邪恶探险者想要杀掉男主，男主悬在绝壁上，邪恶探险者在全身都是高科技的情况下竟然使用身体接触男主？
在双双摔落冰原后，双方厮打在一起，男主的头盔竟然是被另一个头盔撞碎的，我天，那可是航天服，难道是乐高产的航天服？
氧气供应装置竟然在腿上，换个气瓶还需要弯腰？这可能是石器时代的设计师设计的航天服
槽点8：邪恶探险者1号熟练的驾驶飞船去炸了环形母舰Endurance，这种时候还能维持稳定的转速？离心力是喝多了吗？
但是这部影片还有值得夸奖的地方，例如男主在第二次去往航天局的路上，掀开了副驾驶的步，他想看到墨菲，憨憨机器人的幽默的设置，前呼后应，以及其他一些大量感情戏，也有很多，不再赘述",1,https://movie.douban.com/review/12804620/
Interstellar,"星际穿越涉及的太空物理和脑洞，就科幻迷来说一般般，不就是时间变慢，跨越多维空间？没啥稀奇的，可豆瓣WQ和精神GZ大半都直呼看不懂~好烧脑哦~。。。。。。我想吐。
感觉在豆瓣上的科幻迷比较沉默，大家只评分，很少发影评，结果给了WQ、精神GZ一种大家跟他们感受相同的错觉。说实话，WQ、精神GZ对科幻的知识欠缺得很，就不要出来BB了！

星穿竟然评分高过我最爱的太空漫游？！必须一星平衡一下。~手动滑稽

另外，转两个网友的帖子。如有侵权请告知。

给小破球评1分的人根本不懂科幻。阿西莫夫比走穴刘更惧怕这些喷子，因为心理史学不可能成立，神经鞭不可能存在，丹尼尔早就报废了。哈里谢顿强行感动，盖亚意识就是抄袭。还TM科幻圣经个锤子。

如果星际穿越是中国拍的，流浪地球是美国拍的，那又会是怎样一片的舆论？
场景如下——
中国官宣：《星际穿越》是一部硬核科幻巨作！
网民：可别扯硬不硬核了，只有超级巨大的黑洞才能保证施加在飞船两边的潮汐力不至于差异大到将飞船轻易撕裂，而电影中的黑洞明显不够巨大，你看周围那么近的距离还有好几颗行星呢。你看吸积盘的弧度，黑洞不够大！
网民：就说说黑洞吸积盘的超级温度怎么穿？黑洞的超强辐射（宇宙最强的X射线，α，β射线等等）怎么防？电影说穿就穿了，解释都没解释还硬核呢。
网民：影片属于时空穿越了，说硬核的应该知道这需要的能量比再造个地球都大，未来人都能随手放置黑洞了，怎么不抬抬手把地球枯死病治好了！这编剧吃屎的逻辑吧？
网民：这么多逻辑漏洞还说请了好多顾问！
网民：他爸怎么不计较他儿子过得怎么样？
网民：这个女主演真烦！😓
网民：艾玛这小破飞船能穿越？😂
网民：这五维时空这个样子？你跟我开玩笑？😂
网民：爱不光能发电，还能拯救地球
网民，这电影太沉闷了，看的我都睡着了
网民：我也睡着了，周边的人都睡着了！花不花钱无所谓，浪费时间！😪
网民：中国啥时候能拍个像样的科幻电影呀
网民：一星不解释😡
网民：还枯死病，这是什么设定？
网民：艾玛，生穿呐，真牛逼！！😢😢
网民：卧槽，有没有点基础知识，自然跌落黑洞你知道要用多久吗？你确定还能赶上看见你女儿最后一面？
还有另一大堆没有物理知识的网民会给你提出各种啼笑皆非的喷点！
美国好莱坞：《流量地球》是一部疯狂的电影
网民：哇塞太壮丽了，场面太大啦。
网民：好硬朗的风格我喜欢
网民：好感人的情节，我哭了
网民：不一样的价值观，美国电影又进步了，这次没有个人英雄主义
网民：木星在地平面升起，梦中的场景呀！
网民：有人注意到那只被冰冻的鲸鱼了吗？我看哭了，珍惜当下吧！
网民：重元素聚变以前从来没见过哎，好先进！
网民回楼上：还是美帝，掌握核心科技！人类的希望啊😘
网民：叛逆的小孩成长的故事😌
网民：超越想像，不离不弃！带着敬畏，带着希望，带着地球去流浪，面对茫茫宇宙我们都是大写的人！😏
网民：谁能科普一下，这些发动机真能推动地球吗？🙄
网民：这么大推力地球能受得了吗
网民回楼上：我来科普一下，一万台的推力是150万亿吨，相当于在亚洲美洲大陆上放置了150万亿吨的山峰，也就是几条山脉的重量，这点压力对大地来说不算什么！",1,https://movie.douban.com/review/9967349/
Interstellar,"整片只有美国，其他国家都死绝了吗？满片都是星条旗，太极端民族主义了！米国人就能代表全人类吗？太狭隘了！除了墨菲其他科学家都是傻子吗？整个故事讲的就是父女俩拯救米国人？太扯淡了吧？他俩有谁不小心半路嗝屁了或脑子没转过弯来，人类哦不米国人就要灭绝了？
评论不自由，赞美无意义！五分太多，打个低分平衡下！不能因为它是米国产电影就对它放松要求！星穿，不及格！
手动狗头保平安🐶🐶🐶
当然，不是无脑黑，以上借鉴隔壁无脑黑。纯粹娱乐一下。想想这部电影，同样的剧情改成我兔拍会被黑成啥样。真不知道这个9分有多少米国爸爸光环加持😂
要批评也要硬核。
特别后悔带着脑子去看的星际穿越，剧情连贯特效佳是真的，可是科学错误太多了吧，看的过程中全程尴尬，这也行，肉身穿黑洞，用爱穿越……那么浅的水那么大的浪……你让我这个专业研究波浪的人情何以堪😂😂😂https://m.guokr.com/article/439490/  更专业的吐槽请戳这里
抄袭机器猫！！！！！！抄袭机器猫！！！！抄袭零容忍！！！可怜的机器猫，红辣椒，攻壳机动队，被各种抄袭…………当然啦，米国爸爸怎么能叫抄，那叫借鉴和致敬！怎么能说是抄袭，有辱斯文！
当然，在充斥着漫威英雄爆米花电影的时候，难得一部能知道尊重科学的电影，剧情连贯特效佳，单纯论电影的话冲特效给5分，但是，扣4分，扣在抄袭上，扣在只有米国人上，全片地球就一个米国……无力吐槽，扣在还有各种科学错误上……
一部漏洞百出的抄袭片，神棍片……",1,https://movie.douban.com/review/9966927/
Interstellar,"这片获奖还不少，问题是这电影从编剧开始就已经烂掉了，完全搞不懂获奖理由也完全搞不懂豆瓣的高分怎么得来的。电影内容就是因为农作物受细菌入侵一样接着一样都死光了，然后人们开始闹饥荒，开始琢磨逃离地球，就这么个事。
       问题是这编剧或者说这剧本生拉硬套引入个虫洞来吸引眼球，却完全不去关心基础科学。电影里的科学家就是一群脑子坏掉的人，打个比方就是：科学家发现随着人长大，脚也会长大，鞋子不合脚了，哎呀这可咋办！然后科学家就研究怎么使人们的脚码保持不变。最后科学家们绝望了发现这做不到，就崩溃了，就去研究时空问题寄希望于外星人。。。。结果最后外星人说：SB们，你们把鞋子弄成不同尺码就好了。
      这电影说的就是同样的事情。影片中的科学家就是做着同样削足适履的事，不去琢磨抗病虫害，老琢磨怎么逃跑，别扯淡什么超级细菌超级病毒，说真的，就算农作物死光了凭借现有科技水平把石油天然气变成食物也没多大难度，反正怎么搞都比逃走找新星球简单的多。这种电影完全是胡扯的没边的典范，简直比猫和老鼠里主角的生命力还玄幻。",1,https://movie.douban.com/review/8536682/
Interstellar,"最烧脑大片——《星际穿越》观影指南（Only for Fun）

关键词：万有引力、空间维度、空间维度的折叠与展开、超维立方体（三维地球在高维度展开）

1、万有引力（不用背概念，知道有这么一回事行了）最寻常的表现是重力？

2、空间维度（一维是点和线，二维是平面，三维是立体，四维加入时间，五维？）目前人类可以操作的有3个维度，也就是说：三维空间中物质可以实质化，四维空间中时间可以是实质化。片中人类的希望——NASA在破解万有引力在多维度中的方程式，试图解开第4维：时间？万有引力被当今人类科学认知为贯穿于所有维度中！所以，星球引力大到可以放慢时间，黑洞引力大到可以吞噬光线，吞噬恒星。

3、空间维度的折叠与展开：如果空间多维性成立，那么一个高维的点在四维空间中展开是一个面，在三维空间中展开是一个立方体。所以，将低维世界在超维立方体中展开，时间实质化，引力也可以操纵。

    一句话解读：当三维地球将要毁灭时，在高维度智能生命的帮助下通过土星引力虫洞到达一个三维黑洞，然后主角和一个机器人通过三维黑洞进入一个高维度智能生命制造的超维立方体（三维地球在高维度展开）中，通过发出三维实体摩斯密码（书架）、超维摩斯密码（引力）、四维摩斯密码（那块表）最后把高维引力方程在同步的时间中发送给女儿，女儿通过方程的成果带领人类逃离地球，并在(多处)土星上空建立反重力（引力？）基地。

    本片设定高维度压倒一切：时间可逆！三维空间可用展开、折叠的方式缩减！贯穿空间维度的引力可精细操纵！低维度空间在高维度中展开时所有时间段可以索引！引力是第五维？

我的科学问题：
    黑洞吞噬物质光线、能量，所以无线电磁波当然也不可逃逸。于是贯穿于多维度中的引力就成了在低维度空间较理想的通信方式。三维黑洞是用超光速的引力来吞噬，根据相对论，基于时间不可逆转与引力贯穿维度原则，那么第四维的边缘理论上可以触摸了。时间（第几维?）在三维黑洞中表现形式？为什么时间不可逆，因为引力在维度中的贯穿，是不是说在三维空间甚至四维空间中不可逆，但在更高维度又如何？

    评价：地球毁灭设定过于粗糙。用到众多已知未知物理概念，我这种文化不够的人看起来有点烧脑，不开心！本片有一个信念：保护家人。孩子未出生的时候已经是你的家人，要誓死保护！

    主观评分：1.0分，理由是硬科幻外壳里一颗柔软的心。

    客观评分：6.0分，理由是剧情基本流畅，人物表演无硬伤。

    亮点：用物理学解释等价交换原则的哲学内在。表现为：出去探索、送女主去另一处。",1,https://movie.douban.com/review/7418039/
Interstellar,"之前我还期待这部电影能取代《黑客帝国》在我心目中的地位，但遗憾的是，诺兰让我失望了。《盗梦空间》已经能当做教科书级别的科幻电影，可是这一部.....
一部具有划时代意义的科幻片通常具备以下特点：

1. 技术先进（这一点并非必须，《月球》也没有用大场面，却能表达很深的内涵）。

2. 表达人类自身的一些局限性。

3. 能跳出人类中心论（这一点成就了《银翼杀手》《2001太空漫游》《黑客帝国》的辉煌）。

4. 达到哲学性和娱乐性的完美结合。

   那么《星际穿越》显然只具备了1,2稍微有所涉及，34则完全没有。接下来我会细细分析。

   影片所谓“烧脑”的地方，大概就是开始半小时内的内容与后面相互对应。女孩遇到的“幽灵”，布兰德的“握手”，其实都是主角穿越后干的。本以为诺兰会给出一个意料之外的答案，却没想到是这样，还不如告诉我们真的有“幽灵”算了。

   其次，里面的科学术语听不懂也没关系，反正那些概念都是幼儿园级别的。只要能明白“天上一天，地下一年”就行了。影片一开始就营造出完美的气氛，失联的地球，前途未知的旅程，在第一次取数据失败时达到了高潮。可是后面渐渐滑向了平庸。

   马特·达蒙饰演的博士一出场，一股阴谋感就涌向心头。我当时猜测，这个博士会不会打算倒戈一击，干掉主角逃跑。没想到我的预感成真了。经过一段日常剧情后，博士果然动手了。自然不可能解决掉主角。搭上了一个炮灰后，两人开始了追击战。我很清楚，按照这种片子的惯例，那个博士一定会自食其果。果然，博士不到十分钟后就炸死了。影片比较典型的一个反派就这样领了便当。

   我打三星是为了后面那段情节，主角驾驶飞船顶飞空间站的戏很有看头，汉斯季默的配乐再次发挥了功效，上次是在《使命召唤》。于是，主角再次发挥烂俗的英雄主义精神，舍生取义，穿越到了异次元。在这里导演本来能有机会突破瓶颈，可是他再次撒狗血。主角把居然能像弹钢琴那样，操纵另一个时空。于是乎，开头那些奇怪的情节就得到了解释。就这样，影片彻底神棍。最后几分钟匆匆收场，人类移民空间站（想起了《极乐空间》），主角见到了已经风烛残年的女儿，实现了自己的诺言。最后一幕中，他偷了一架飞船去寻找女主。

然后，就没有然后了。

纵观影片，其技术上有亮点，但是内涵甚至比不上《盗梦空间》。完全就是披着伪科学的好莱坞狗血英雄片，我不知道为什么豆瓣评分超过9，能到6就不错了。现在的观众越来越懒，所以导演也变得过于依赖技术。

呜呼，哀哉。",1,https://movie.douban.com/review/7193523/
Interstellar,"不涉及时间旅行的情节方面：
1，作物危机：
能体外培养受精卵成为胎儿和十秒唤醒冬眠人的文明还搞不定作物危机？！

2，A计划和B计划
专心培养农民的人口怎么制造出把六十亿人飞离地球的设施？
着陆的航空员冬眠了的话，电脑不用啊，再怎么说都有太阳能的。。。
“播种人口”听上去很美好，可是安妮海瑟薇同学，你忘记把细胞泡液氮里了，就算不考虑你三天两头拿出来看看造成的冻融损伤，细胞也不可能有效了= =

3，其余
二进制的摩斯码能有那么大的信息量么？每分钟六十个字节吧，也就3600个字节，每个字母还不止占一个字节，高等物理公式的符号没有对应的摩斯码。。。【好吧，爱比时间和重力还牛，嗯

又如二号机脱离时AH在逃逸黑洞的速度下还能正常流泪？！

看完Packing for Mars后一直想看宇航员都免不了的低重力呕吐 - -

token黑人果然挂得没存在感

字幕把“三维空间”翻作“三次元世界”，看着太微妙太出戏了 = =

4，画面
传说中很洗涤心灵的土星画面和倒数那段各种无感
太空浩瀚感Gravity目前还是无出其右
唯一在海洋星球那段燃了下 绝对震撼

5，剧情
整个物理学那坨作为非专业人士还是蛮好接受的
剧情的话基本开始就猜到了 最老的trope 特别是第一次看到stay的时候 确定度从60%到了95%
节奏拖沓到。。。影院不是这么冷的话我都睡了两觉了
Matt Damon那段。。。删了没人会知道的好么
最后反正是中部农民白人男主角拯救世界 = =
决定去Dr Mann那里的时候看的人很不爽 太low了
莫名其妙结尾终于想起还没交代Brand
那小段儿刚开始燃呢
马修叔又扭着妖娆的臀去抢风头了=_=

虽然对Nolan失望，但是，TARS我是脑残粉了！！！
最幽默，最relatable的角色，亲爱的sleek <3 球发周边钱包给你！

P.S. :虽然理智上知道不可能，但在翘臀拖拖拉拉拼摩斯码的时候，很方便脑补拼的是STAR TREK哇 = =|
还有那个I KNOW, 不要太穿越哦Hans Solo",1,https://movie.douban.com/review/7193367/
Interstellar,"东方文明喜欢用行善万能论，西方文明喜欢“爱”万能论。
简单地说，这就是以偏概全，故意以刁钻的方式混淆是非。
就像是你要一个人休息一下，他就懒惰到饭都不吃，把自己饿死。
你要一个人说话声音小点，他就把自己舌头割掉。
别人杀了你全家，但是我给你说要有爱，你必须把别人接进家门，好好招待，要尊重仇人的人权。
一说向善，就什么都以善为标准；一说有爱，就什么都以爱为标准。
完全混淆是非，是恐怖主义的另外一种表现方式，反向的恐怖主义——现在还没有名称，可能是西方白左？这种思想与恐怖主义的本质一模一样。
恐怖主义：为了自己认为对的观念，可以牺牲所有人，包括自己、亲人等等一切。
白左：爱万能论，一模一样，黑绿进入国门烧掉你的祖坟（巴黎圣母院），你也要爱他们，牺牲整个民族也要成全自认为对的观念。
以一种极端的方式，来行事，且自认为伟大。
非常的邪恶与恐怖，但是可以博得很高的群众票房，群众就吃这一套。
整部片子围绕着男主女主的亲情，还有各种爱产生，各种夸大爱的作用。
他们承担着全人类的未来，种族的希望，却因为“爱”不断的意气用事，是编剧故意给他们顺利，反观人类历史，所有的先驱者，如果像他俩这么做，早在艰苦的拓荒中死去，怎么可能活下去。
还有一点反人类的剧情，开始在水星球，黑人独自待了23年，居然还能正常说话，太反人类了！不说23年，有人能脱离社会，独自生活5年不疯，那就是圣人了，独自生活23年，居然如此轻描淡写，也是异想天开。
水星球，队友被巨浪冲走，男女主角第一时间不是讨论队友如何，而是开始争论“哲学问题”——爱，与家庭。我真是替他们队友感到悲哀。
总之，这是一部西方左派思想内核的电影，极端“爱”万能论，你居然敢说“爱”有错？来人，批斗！",1,https://movie.douban.com/review/10569559/
Interstellar,"我只想那些所谓的双标狗给我解释解释电影里男主角掉入黑洞不被撕碎还能进入五维空间是运用了科学的哪个理论？？？
不光这点，还有就是进入五维空间居然还能拨动三维的书籍，更是扯淡。那些双标狗说的所谓的硬核科幻就是这么水的么。
总之，1颗星支持一下，5颗星怕双标狗太骄傲。不要把所谓的科幻和科学扯到一块，都是扯淡。戒骄戒躁，希望以后的科幻能够继续努力，更进一步。",1,https://movie.douban.com/review/9968119/
Interstellar,"第一次写影评，献给这部伪科学电影。为什么给一星，因为太多科学文盲把这部电影分数推的太高了，而它实际顶多两三星的水平，so...一星先给你，表达一下愤慨。
——————————————————
       是不是很多人看完之后大呼精彩，因为坚持看完了那么沉长无聊的铺垫之后，高潮了几分钟，你们以为你们居然看懂了，感慨这个回路设得真好真好牛，这个科学真牛逼真神奇？一边对自己智商感到优越，一边直呼诺兰牛逼，然后嗨森的跑来豆瓣打了满分？又或者很多人看的晕头转向，却又不敢打低分，因为都说这是部牛逼的高智商电影，说出了自己看不懂岂不是让人笑你智商？但实际这部电影是个什么情况呢，我看了两遍，第一遍是电影上映时，突然发现豆瓣上有部9+分的电影正在上映，于是赶紧兴奋的跑去影院看了...看完觉得烂到想吐，真的是被豆瓣分数欺骗了...我说烂到想吐并不是因为我没看懂，事实上我理科学霸来的，是有能够分辨真伪科学的基础。另一遍是我这两天刚看的，重新温习的目的就是加深印象，然后这里写篇影评狠狠的喷喷这部装逼神作，为什么我要这么做，因为前段时间西部世界看到第三集我就弃坑了...大小诺兰的电影真心不是我的菜，为了故弄玄虚，设置那么多套路，只为装成一个b.....但事实上，这些套路设置的毫无趣味，甚至违背科学，违背逻辑，这样的故弄玄虚看似装的多么牛逼，实际上却是体现导演的三观不正，停留在套路上的导演能是好导演？别人导演在艺术的道路上不断追求，这些导演整天摆弄这些唬人的玩应，自认为套路牛逼，其实通篇都是漏洞。人家电影把电影的每个情节都做得完美，让每个细节与台词都值得观众去细细品味，诺兰导演只是把细节用作给套路的沉长铺垫，刻意到恶心的煽情，又是拯救人类的崇高使命，又是父女情怀，一到生死时刻就摆出父女情怀，有帮助吗？事情做到大半还在纠结对不对，难不成一开始就没搞清楚自己为了什么去做这件事？三观不正的导演也只能这样了。我在电影看的这部电影，前半2/3的部分很瞌睡，听到影院内吵吵嚷嚷声音很杂，很少人在安静的看电影，电影放到一半已经走了不少人。好奇心驱使我坚持认真的看，因为我相信豆瓣9+分数一定有什么特别的地方....ok，扯了这么多没用的，来说说正题，这部号称硬科幻的电影，甚至还拍了一部纪录短片叫做《 《星际穿越》中的科学 》，那么我们来看看到底它的科学有多硬，逻辑有多么的牛逼。
——————————————————
       为了证明我确实看了这部电影，以及我确实看懂了，我先说一下导演及编剧到底讲的是个什么故事。尽量简单点，说主干，地球上植物的枯萎病蔓延，植物都开始死去，导致了土壤沙化，沙尘暴肆虐，植物没了粮食也就没了，没有植物光合作用，氧气含量将逐步减少，所以植物枯萎病导致了人类面临世界末日...这里槽点太多了，一会儿喷。未来的人类放置了一个虫洞在土星附近来拯救现代人类，虫洞通向另一个星系，另一个星系有几处可能适合人类居住的星球。事实上确实有一个星球，安妮海瑟薇在片尾的时候已经找到那里了，并且可以看到海洋，山峦，有新的太阳，并且脱掉了面罩，说明星球上有氧气，温度适宜。当库伯堕入黑洞的时候，落入了未来人类在那里放置的五维空间超级立方，立方连同着莫非的房间，库伯利用五维立方把黑洞中得到的关键数据传递给墨菲，墨菲用关键数据解开引力的方程式，通过改变引力来把巨型空间站带离地球。

       ok，槽点一个一个来吐，你地球以其他方式面临末日可能还说的通，植物枯萎病导致末日就呵呵了...植物枯萎会导致地球氧气枯竭吗？地球70%氧气来自海洋藻类制造的，呵呵...我们不说这个枯萎病病毒有多么可怕，不说自然选择有怎样的过滤效果...但这种病毒肯定不会导致人类的末日，就算植物枯萎，地球仍然是最适合人类居住的环境的，地球有适宜的环境，温度，气候，有水，有大气层。比起人类来到外星，外星空气成份的比例，温度，重力，和水的含量都不一定更适宜人类的生存，这样的外星具有比地球更适宜生存的条件？再不济，在地球上制造隔离环境也比去外星强的多的多....人类拯救世界的思维模式是多培养农民，而不是研发科技对抗植物枯萎病，甚至工程师成了被人鄙夷的职业？就算枯萎病无解，也一样有很多方法消灭这种病毒，诺兰没听说过禽流感，疯牛病，这些牲口禽类的瘟疫疾病吗？人类也不是一个个去治愈它们，而是统统杀死焚烧，消毒，再把去重新饲养健康的牲口禽类。包括人类的食物，难道就不能通过合成或者细胞培育的方式来解决吗？也比你人类迁徙到其他行星来的强的多吧？去了那里还不是要人造食物，难度还更大。整天犯中二病，还有那么多人看不出。

       你们记得nasa是怎么把库伯送上太空连接到空间站的吗？通过火箭推进器啊啊啊啊啊啊啊大哥们，然后穿过虫洞之后，库伯降落过两颗星球，直接用使用空间站的子飞船进行往返，呵呵....几个推进器才能使库伯离开地球表面进入太空轨道，这里直接用飞船的动力就能离开星球表面了...脱离地球时所使用的推进器的体积都比这艘飞船大几倍，这里开始脱离科学胡编了吗？看过火星救援吗？马特达蒙脱离火星表面所乘坐的返回舱，去掉舱体的体积，剩余部分都是推进器的体积，要脱离星球表面需要多少燃料看得懂吗？别说科幻电影不纠结这些，你敢打着硬科幻的旗帜，观众就必须纠结这些。

      我问你们，科学家没有实际到过外星表面，他们是如何测得外星表面温度的，如何判断星球表面气体的稀薄程度和气体的成分含量的？这些数据需要宇航员实际登陆星球才能得到吗？电影中编剧就脑残了，直接派出12名宇航员登陆12颗可能具有生存条件的星球，正常人应该先测算各处星球的数据，选择最具有适合人类居住的数据的星球进行探索吧？这样不但节省资源与时间，还不至于让其余11名宇航员白白去送死。电影里主角就脑残了，放着一个有海洋有陆地，温度适宜，地表存在氧气（必定也有植物或者藻类）的星球不先去探索，先跑去海洋的星球（不知星球上有没有陆地，我猜应该有，但是有的话为什么前一艘飞船没有在陆地上降落？如果有的话为什么库珀等主角没有去陆地上一探究竟就返回了呢？因为大浪就放弃？），和冰封的星球...

      电影中从地球达到土星耗时两年，ok...这个时间能够说得过去（火星是轨道最接近地球轨道的行星，2006年美国的火星勘测轨道飞行器耗时7个月抵达火星，地球与土星之间间隔了火星和木星的轨道），但穿过虫洞之后真就更不严谨了，两个星球及黑洞之间也没交代飞行的时间，黑洞的引力，表明黑洞近距离是不会存在太多星体的，能存在的星体实际上是对星体的运行速度有要求的，运行速度小于的逃离速度的，会被黑洞吸收，运行速度等于逃逸速度的，会形成轨道运动，运行速度大于逃逸速度的.....事实靠近黑洞的地方连光速都无法逃离，星体必须以接近光速的轨道速度，才能在离黑洞较远的轨道运行而不被黑洞吸收。so，这个距离肯定是较远的，没准几个光年？但肯定不是电影中飞行器几年能达到的，说飞行几十年都觉得少了....另外你飞行器以那种速度飞在黑洞边上....你不是在搞笑吗？秒加速到光速被黑洞吸走....
      
       通过黑洞的引力来加速逃离黑洞？are you kidding me？导演和编剧真的是一群科学盲，能量守恒知道吗？势能转化为动能，动能转化为势能，能量并不能凭空产生，你在这么高的地方落下去，不可能反弹到这么高的时候还具有更快的速度。影片中的“引力弹弓效应”是的的确确存在的，但是参照物不同啊啊啊啊，引力弹弓效应并不能利用黑洞增加动能逃逸黑洞，而是利用第三者行星的速度，通过弹弓效应剥夺第三者行星的动量，从而让飞行器获得了第三者行星的速度与飞行器本身速度叠加，速度的参照物是第一者行星，这里黑洞自身就是第一者，所以这里只是相对于第一者而言的，并不能通过引力弹弓效应增加速度获得逃逸，只能遵循动能与势能守恒。另外以你这种小飞船的速度，离黑洞的逃逸速度相差那么大，敢去靠近黑洞？库伯说牛顿第三定律，总要舍弃点什么，意思是力与反作用力，说的容易懂一点，就是打枪时有后坐力，火箭推进器喷射物质流时，给物质流一个作用力，火箭受到反向的作用力前进....动量守恒....直接雷倒我，库伯的意思是说，空间站以弹射掉他的飞行器的方式进行加速从而逃离黑洞，雷死我了，第一，飞行器不是以弹射的方式进行脱离，无法达到飞行器加速的目的，顶多减轻了空间站的重量，使加速效率更高（但这里库伯大概不是这个意思，因为牛顿第三定律是关于作用力与反作用力的定律，牛顿第二定律才是关于加速度的定律，加速度与作用力成正比，与物体质量成反比，and...如果要用到减轻空间站来提高燃料利用率的话，这些累赘负重应该尽早脱离，在决定前往黑洞利用引力弹弓效应之时就应该开始减负重，而不是到了这里才减负重，到这里减负重已经无意义了，因为这里燃料已经几近耗尽了，黑洞引力加速度与物体质量无光，意思是引力弹弓效应增加的动力与空间站质量无关,好比铅球和羽毛同时落地）...第二...就算能加速，这点加速相对于黑洞的重力加速度....简直....简直....简直了....说真的，这种科学文盲别拍这种电影，拍出来也是给90%的学渣看....我也懒得喷电影中的未来飞船是怎么简陋了...简直连现代的飞行器设备都不如....还叫未来科幻片。科普一下，黑洞是一个星系的中心，黑洞的引力足够维持一个星系的运行，我们所在的太阳系不叫星系（叫做恒星系统），银河系才叫星系...
     
       被雷得外焦里嫩之后，再来说说剧情硬伤吧....我们也不去说到底三维空间的生物在五维空间以什么形式存在，或者三维生物能不能进入五维空间，电影说它能，那么就假设它能吧。也不去说黑洞把飞船都撕碎了，主角光环居然强大到没事，不但没事最后还被在土星附近被飞船捡到了....我看过两三部关于船只失事之后主角在海上漂泊的电影，《一切尽失》、《少年pi》、《海洋深处》人家海上漂流上百天都遇不到船只拯救，何况茫茫的宇宙中....在宇航服氧气被用完前，被人类飞船捡到....呵呵了....主角的女儿墨菲可不知道库伯会何时何地出现在那里，只是单纯的被捡到了...捡到了....到了....也不去说五维空间中时间能像空间轴一样移动到底对不对，假设它对吧，假设未来能够影响过去吧，这些没有定论的东西都先默认吧。我也懒得去说在救马特达蒙的那颗行星上，有一幕居住舱还是什么东西爆炸了，爆炸的碎片溅射出去，还在星球上燃烧...燃烧....说说主线上的硬伤吧，未来人类在现代放置虫洞，来拯救现代人类，未来人类在黑洞表面放置超级五维空间来让库伯传递关键数据给墨菲解开引力方程。既然未来人类能力这么大，为什么不直接把数据传递给墨菲呢？那么假设这个数据必须要人来发现才能成立，因为这个数据不能凭空产生，不能没人发现它，不能从未来人类给予墨菲之后再由人类流传到了未来再给回现代的墨菲，那么这个需要实际测量的数据就失去了起始的来源。那么反过来问，这个新的生存星系是怎么获得的？未来人类把这个星系传递给现代人类，人类在这里繁衍生存之后，在某个未来达到科技水平之后再把过去人类引到这里来，那么到底是谁发现它找到它的？这个星系就在这个死循环中没有起始点。既然这个星系的来源可以在循环中不需要起始点，那么奇点引力的数据又为什么需要费这么大周章让人类自己发现？玩逻辑，自己死在逻辑上，呵呵...

       其实类似这种模式的科幻电影有不少吧，人类通过时光机回到过去又影响未来，过去未来形成回路这种模式的电影，但这部电影打着硬科幻的旗号，它的区别在哪里？因为这部电影其实认同时间是不可逆的，人类不能通过时光机回到过去，这是相对论的一个结论，但是诺兰并不知道为什么时间不可逆，就像陈凯歌拍无极的时候就认为只要奔跑超过光的速度，时间就会倒流一样...诺兰导演原本想在电影中加入超光速的设定，被科学家顾问阻止了...超光速设定...超光速设定....为什么说光速不能超越呢？光速的本质是正无穷速度，光速运动时间静止，v=s/t，时间间隔t=0，v=正无穷，通过时空关系被参照物以光速c被感知，但光速的本质意义是0时间间隔的瞬时传递，所以有实体的物质达不到这个速度，并且这个速度在逻辑上是极限不可被超越的速度，所以时间不可能被计算出负数，代表光速不可超，时间不可逆，显然诺兰大神并不明白这些吧，不然怎么会设想出超光速飞船呢？so，这里的“硬科学”在于，诺兰承认时光机并不存在，时间不可倒流，但他却认为在低维空间中时间轴在高维空间中以空间轴的性质存在，可以被自由选择方向。引力是低维空间和高位空间的桥梁，所以可以利用高维度空间来影响低维空间过去或者未来的引力，人不能穿越时空，但引力能啊，哈哈....好聪明....哈哈...哈哈...呵呵....果然好硬...

       再补充一点点，库伯并不知道未来人类已经在黑洞上为他准备了超级五维立方，他是在堕入黑洞之后才知道这一点。那么就出现了几个说不过去的地方，先让机器人塔斯堕入黑洞，我们知道，如果机器人塔斯堕入黑洞，黑洞无限的引力能不能摧毁机器人，光都无法逃出的黑洞，就算机器人进去也是无法发送出电磁波信号与安妮海瑟薇的空间站联络的。光就是电磁波，电磁波的传递速度就是光速，光速无法逃出黑洞，意味着塔斯进入黑洞就算还能工作也无法传递出任何数据信号，更合理的说，塔斯直接被黑洞引力压至原子塌陷而报废，库伯也没有自己舍身进入黑洞的理由（除了利用牛顿第三定律舍弃自己轻微的体重来给海瑟薇更多的加速度，还有牺牲自己，让海瑟薇得到更多的口粮和氧气资源，增加安妮海瑟薇的生存几率，但这里也说不通啊，如果不想跟海瑟薇竞争食物和空气，他可以选择进入冷冻休眠状态，保存生命，减少消耗。空间站中那么多不必须设施可以丢入子飞船舍弃，比如片尾海瑟薇用来驻扎营地的材料....应该包括一些锤子扳手螺丝刀篷布之类的东西吧？比如舍弃一些桌子椅子，我不信不能腾出比库伯重的多的重量），因为一来库伯不是机器人，无法凭人类的感知去测量量子数据（我们还得假设机器人中已经内置了量子数据的测量硬件系统，没事），二来库伯不具有比机器人更高端的信息传输功能，所以他的舍身是多余并且没必要的，他不知道超级五维立方在那里等着他。如果是未来机器人，我想至少应该设置成为中央处理系统（脑系统）和机器人物理功能部分（肢体）分开才对，或者最好还有中央处理部分与肢体部分的远程控制功能，这样机器人肢体部分出状况时，或者损坏或者无法回收时，可以把脑系统取出，放入空间站系统中工作，因为除去机器人的肢体工作能力外，机器人的智力工作，运算能力，与信息储存才机器人的价值所在。脑系统远程控制机器人的功能也是大有用处...就当是电影中科技设定简陋吧。而太空中需要节省资源，机器人自身的重量体积是一种太空任务的弊端，与物理功能发挥的实际工作效果来说，机器人功能应该把脑系统内置在空间站与子飞船的系统中，再配置额外的外接设备实现物理工作能力在特殊时候一起出任务，而不应该是纯粹外设机器人...比方说人在空间站内移动工作，你个这么大体积、重量的庞然大物跟在人类屁股后面工作？浪不浪费资源？碍不碍事？傻不傻逼的设定？工作效率低不低下？或者通过对讲设备与人员交流工作？也是很突兀吧？
      
————————————————————
大概就这些了，以后想起什么再来补。东西都说在这里了，就不再去加更多的主观评论了，真的是以前觉得诺兰还可以，看过这部电影之后打心底里觉得诺兰一无是处....

如需转载，请随意转载，不必征求本人同意。

****************************************************
其实我也犯了几个错误，我就不在原文上更改了，保留原文上的错误，在这里更改。一方面这是对自己的坦诚，错误没什么好遮遮掩掩的，二来也是尊重帮助我发现错误的网友。

1、引力弹弓效应，因为自己看的时候不仔细，其实电影中主角的意图是，空间站燃料不足以达到最后那个可能具有生存环境的星球，所以需要借用黑洞的动量给空间站补充动力。so，在不考虑空间站原有的动力能不能够达到不被黑洞吸收的速度（接近光速），不考虑这个的条件下，这种方法给可以在空间站燃料不足的情况下补充动力的。不过确实很难让人接受，这种人类的飞行设备去挑战黑洞的引力...

2、这一点是我自己想到的，其实也是一个比较容易误导观众的地方，库伯最后逃离黑洞，在土星附近被飞行器捡到，开始觉得这个主角光环太雷人了，后来突然上个厕所的时候一下想通了，既然未来人类在帮助库伯了，帮助库伯从黑洞表面逃出，那么合理的方式也不会把他扔在宇宙中等死，可以扔在某个飞船能发现的地方（或者直接扔回地球，电影设定的未来人类能够做到，但是不能这么做，因为库伯还有没完成的事），因为库伯在之后还有使命需要完成，虫洞那边的信息没有传递回来，只有库伯知道那边发生的事情，库伯才能带领人类找到那边适宜居住的星球，如果库伯死在黑洞里了，这个星系探索的任务又要重做一遍，人类已经没有更多资源和时间去完成了大概。所以这里要让库伯被nasa飞船拯救其实也是一条主线需要，而不是随意的设置。还有一个容易误导人的地方，机器人塔斯脱离空间站的时候说了一句“see you on the other side，coop（那边见，库伯）”哪个那边啊？后来才想起来，妈的这是机器人的幽默感，天堂见的意思...",1,https://movie.douban.com/review/8158732/
Interstellar,"首先，我并不太懂天体物理，对于量子力学跟广义相对论我也不太懂，我相信在座的各位99.99999%都不懂量子力学跟广义相对论。所以，你就不要说——你丫懂爱因斯坦吗？不懂还敢给1星？对于这样的装B犯，我会回敬他——你丫懂爱因斯坦还会在这跟我瞎BB？你丫懂广义相对论？全世界能弄懂广义相对论的有几个？

所以，科学的角度我也不敢瞎BB，我不是科大爷。我就从我一个小观众的角度去说一下，为什么我给1星！再次说明一下，我是学文科的，理科的确是不在行。但我买票的时候万达那姑娘没告诉我这片文科生别看，如果她告诉我了，说不定我就不看了。

首先这片的故事用120分钟就OK了，硬撑到169分钟，我边看边想快进，那个拖沓啊！比如说我们写封信，一句话能交代清楚的事情，我们用了五句话，看信的累不？我们写小说，一句话用五句那倒能理解，但这是电影，情节紧凑些难道不比拖沓的好吗？

再次这片的理论我不挑，但有些东西我真的很费解，比如弹射座椅进黑洞真的没问题吗？好吧，真的没问题。诺兰你说没问题就没问题吧。还有，马特达蒙到底想干嘛？我跟我老婆辩论了半天，我说这丫的想溜，我老婆说他想去第三个星球上播种。我到现在依旧没想明白。

我知道导演想表达人性，爱，希望，这种高大上的主题，但事实上却说教意味很浓。自以为是的台词根本不能达到这种效果，而且略显肤浅，不过这点上我觉得也不能怪诺导，并不是所有的观众都是文科生。

好吧，我只能说这么多，因为我没怎么看明白，可能是我的IQ太低，我建议以后万达挂个牌子，文科生慎看。",1,https://movie.douban.com/review/7196681/
Interstellar,"放心无剧透，但是能看得出影片的粗制滥造。
先说观影过程中的感受。
一部科幻电影，尼玛还真够科幻的，导演脑洞大开，还一本正经的把观众忽悠一把。虽然《星（上）》除了那群很萌的会自己到处乱跑的割草机，就跟科幻扯不上半毛钱关系。坐我边上那哥们哭的一塌糊涂。尼玛要哭就去看剧情片啊，一堆躲被窝里就看完的剧情片能把你哭死，来电影院看啥科幻片。好吧，《星（下）》终于和科幻扯上关系，而且一扯就扯的有点远。尼玛装个虫洞就不能装近点吗，非装在土星边上就看它光环漂亮？不知道飞船要飞两年吗？虽然三分钟后一船人就到了洞口，两年也是很长的好吧。到了洞口就要进去，一进去发现，还真是个洞啊。导演你多啦A梦看多了？还是桂林岩洞逛多了？虫洞里尼玛还真是个洞啊！逛完这洞逛那洞，填完这坑填那坑，直到把《星（上）》挖的坑都填了，中间穿插两次星际冒险。说到冒险我就冒气，还好没做成3D片骗钱，尼玛特效团队也太省钱了吧！全片两个飞船模型，一片啥也没有的汪洋大海，一片全白的荒地，几条穿来穿去的光线，就打通关啦？这叫什么特效，有关部门没钱了吗！特效说，没啊，我们还做了几个球。做你个球！还有那个随船的机器人，就个大铁盒子你也做的高大上酷炫拽点啊！那显示屏是上世纪八十年代的？还有那腿，抓着档位不放，尼玛你一块钢板哪来的爪子啊！是导演临时加的吧？最讨厌就是科幻片里讲科学道理，尼玛本来就是扯的还扯的那一本正经，很出戏的好不好！
必须吐槽它的特效。星际穿越的特效真的很烂，跟低成本美剧差不多。每次飞船出险情都是同一个角度对着船尾拍，尼玛模型就做了个尾巴吗？一整个星球的场景只做了个水面放几个箱子，全片两个飞船模型，没有对星空做过多描写，飞船对接一直是那个抖来抖去的画面。同一个镜头，如果原封不动的出现两次，对情感或剧情没有大的推动，那就是错误，不可原谅。机器人没花功夫设计，一个铁盒子加莫名其妙的显示屏，声音也不做特殊处理，所有的室内场景都过于随意，对情节毫无意义，NASA的工程师在发射塔始终做着同一件活，一个小女孩的房间整个大书柜摆那么多书不很奇怪吗。
还有人物的浪费，最浪费的是他的儿子，一个与主角性格迥然不同的血脉，到后面只有几个粗糙的镜头，甚至到结局莫名的消失了。马特达蒙的演技是所有演员里最好最耐看的，剧情却不够深刻，成了一段可有可无的支线。NASA的科学家，突然就领便当了是因为剧组没钱啦？多个重复设定的机器人，完全没有辨识度。
最后来说情节，爱，全片想表达的主题。安妮海瑟薇的父亲跟她之间，哪里体现出很深的情感来，我是体会不到，他俩甚至没有过多的同一场戏，最后父亲过世的时候貌似揭露的秘密更震撼她的心吧，父爱早就抛到九霄云外了。安妮对她男友的爱，也没有那么强烈吧，说不去就不去，说去就去，挂了就挂了，倒是她跟男主之间，是不是也可以擦出点火花。男主和小女孩之间，别拿眼泪去换观众眼泪了，依照小女孩对科学和天体的热爱，对万物的理性与执着，在NASA玩的那欢，父亲要去从事一项很酷的事业，怎么突然又小女孩起来了。我还一度以为，她爸是不是不去了，哭成那样，还期待着看她怎么说动老爸为人类事业而牺牲一切。还有，那块表跟爱有什么关系，突然掏块表出来不觉得很突兀吗，结局的时候更是说到爱就闪那块表，说到爱就闪那块表，尼玛观众不是傻子，知道你在强调你买了块表！没发现所有的情感都是影片告诉你的，如何去深刻体会？
网上说片里很多是在致敬2001太空漫游，比如简陋的铁盒机器人。拜托，现在是2014，你脸上粘点毛就说是猴子，要演孙悟空，说向老版西游记致敬，谁看啊？
全片我最感兴趣的就是那片玉米地，种那么多玉米，片子拍完能卖不少钱吧。",1,https://movie.douban.com/review/7193329/
Interstellar,"这是我欣赏过的最烂的科幻题材电影，没有之一。

看了看其他人的评论，我无法理解截止到目前它依然能获得9.3分这样高分观众是处于什么样的心态。影片绝对是B级片，导演一定是把大把银子花费在男女一号才导致影片如此粗制烂造。由于电影槽点数不胜数，这里我就不一一列举了，我简单描述一下剧情：

财大气粗的NASA把新手老农Cooper(男主)送上了太空，Cooper运用娴熟的拖拉机手动驾驶技术(Blue Shit!?)开着50年代的破旧空间站穿越了虫洞，不知为何降落在某星球上，在20厘米深的海面上被100米大浪拍死了一名帅气队友后，他仓惶逃回空间站却发现时间过了20多年。在另一个星球上发现某NASA冰冻队友M，却最终化玉帛为干戈，和M扭在了一起，可惜肌肉发达的M毕竟不是男主不幸被空间站辗死，空间站也因此报废。接着，Cooper为了大我牺牲小我，舍生救女主，跳入茫茫黑洞（是黑洞吗？黑洞不是看不见吗！？）但，男主命不当绝，被耶稣附体一样进入了四维空间（What the f**k!），又冥冥中暗示他的女儿救赎自己。最终，影片在男女主说不出的爱情亦或是蛋蛋的忧伤里落下了帷幕。

从这部影片我们看到，理论物理系的学生们，你们有福了！！如果你们找不到工作，不要怕，你们也去拍电影嘛！请放心，不论剧情有多烂，不论演员有多逊，一定有人埋你的单。

我预测，这部影片上映1个月或许会被人家忘记。但，我想，不会被人家忘记的一定是贯穿整个影片的充满传奇色彩的炫酷的大裤衩机器人吧！",1,https://movie.douban.com/review/7183902/
Interstellar,"先给出结论：《星际穿越》就是一部烂片。
只是因为剧情晦涩，又有所谓的顶尖外国科学家加持，导致恨国贼们在看不懂的同时又不敢质疑，不明觉厉的就上演了一出《皇帝的新衣》争先恐后把它捧成了所谓“有史以来最伟大的硬科幻电影”。
《流浪地球》上映之后，让很多跪得太久爬不起来的精神外国人都如丧考妣。
在惊恐之中，它们不惜一切代价来造谣中伤小破球，拼命抹黑。
在各种奇葩言论中，《星际穿越》被精神外国人当成底牌，经常被它们拿出来跟小破球对比。
在这些家伙的嘴里，《星际穿越》是百年难见的圣片，全方位碾压小破球，中国人永远拍不出来这么好的硬科幻电影。
但事实上，当年看这部电影，我就觉得这是一部烂片，逻辑混乱，严重违背科学常识，根本不配叫做科幻电影，完全是披着科幻外皮的宿命论俗烂片。
最近因为恨国贼们总拿这两部电影做对比，为了不犯那个Damon DanceForMe的毛病先入为主先射箭后画靶，我专门重新看了一遍 《星际穿越》。
看完之后，我的结论跟几年前一模一样：
这就是烂片，尤其是以科幻的标准来看，《星际穿越》的硬伤比《流浪地球》只多不少。
限于篇幅有限，本文只说几个比较明显的硬伤。
基本的设定就不符合科学常识：
《流浪地球》至少还为地球危机给出了一个基本合理的理由：太阳急速老化，要提前变成红巨星吞没地球。
而诺兰连个起码的合理理由都给不出来，非常敷衍地说小麦、秋葵等基础农作物相继因枯萎病灭绝了。如果真的是这样，这就是个简单的农业问题，现在的科技水平都能轻易解决，根本算不上能导致人类灭绝的惊天难题。
而且这个粮食的问题根本不可能通过星际穿越来解决啊：小麦、秋葵灭绝了，至少地球上还能种玉米，而虫洞那边的那几个星球，状况一个比一个恶劣，连玉米都种不出来，人类就算搬家过去，一样是饿死，而且比在地球上死的都快。
杠精们可能会说，那些星球可以改造啊。
这不是废话吗？人类如果有改造一个陌生的外星球的能力，直接改造老家地球好不好？
黑洞部分被恨国贼们吹嘘得天花乱坠，但是这部分内容也完全不符合科学常识：
黑洞长得根本不是那个样子，也不可能有行星绕着黑洞旋转。
退一万步说，就算有行星绕着黑洞旋转，那种环境也不可能适合人类生存：
黑洞是大质量恒星死亡后的结果，死亡之前会历经超巨星阶段和超新星爆发，围绕其旋转的行星不被吞掉也被炸碎了，就算苟活下来也肯定距离极远才能免遭毒手，而且黑洞又不发光发热，行星上肯定是极寒黑暗死寂，条件必然连冥王星都不如。
根本用不着登陆去看，用屁股想也知道肯定不适合人类生存。
关于虫洞和高潮的部分，如果硬说是外星人或者不知道是谁搞的倒也罢了，影片如果从男主牺牲自己掉进黑洞女主洒泪离开的时候结束的话，那还不算太烂。偏偏诺兰要自作聪明，不知道适可而止，在后面加了不少所谓五维空间的戏，借主角之口说这是未来人类搞出来的事情，这下子就把本片拉到比普通烂片都不如的格局了：
既然未来人类没有灭绝，说明人类肯定会渡过这次危机，而且以他们这么牛X的能力，居然都能操控五维空间，制造虫洞进黑洞救人，还能随意切换时间地点，那么对未来人类来说，解决老祖宗们的一点粮食危机和小风小沙，简直是举手之劳。
于是主角父女的这点生死离别爱恨情仇一下子变得分文不值了：因为未来人类能耐太大了，相比之下他们父女的这半辈子的牺牲毫无意义，多他俩少他俩没区别，未来人类自己就能解决一切问题：
本来人家是不准备露面的，觉得给老祖宗们一个匿名的虫洞就能解决问题。没想到这帮废物一点小事都干不好差一点就要全灭，只好给掉进黑洞马上就要Game Over的男主救回来续条命再开个挂，才勉强把事情解决。
杠精们可能会说，也许这就是正史啊，主角父女是命中注定拯救人类的救世主，所以未来人类必须要给他俩开挂让他俩完成这件事情，别人都是不能替代的。
如果是这样的话，那恰恰证明了我之前给这部电影下的定义：
这根本不是科幻片，纯粹是披着科幻外皮的宿命论俗烂片。",1,https://movie.douban.com/review/9977153/
Interstellar,这部片基本上就是拍飞船仓  外景拍的也是地球  至于剧情     真的不合理   当然毕竟是电影  不合理也是正常的   至于四维  他敢这么拍那么就这么看吧  但是没震撼   最多就是说前面发生的事情用四维解释了   但是花这么多时间看用几分钟就可以表达完的思路我是真的觉得浪费时间,1,https://movie.douban.com/review/9966314/
Interstellar,"以下评论来自百度贴吧粘帖。
自己实在没兴趣花时间浪费在这种烂片上。
拍电影不是读物理课本，那些个文艺装逼范和理科装逼同志们，你们懂？
另外这电影水军太多，时光网评论差评，全被删。

“它完全放弃了电影的第一属性，即影像魔术，视觉戏法，所谓的官能娱乐性
无限放大了电影在发展中被人赋予的第二性，即人文性，或者说内涵
二者彻底失衡，感官刺激0，文化腔调100，即使给出了好几幅特棒的幻灯片大图，美得不行
也完全没有《地心引力》那种，角色当时的心境与空寂浩渺的宇宙完全吻合的牛逼
在卡隆的天才面前，诺兰的平庸暴露无遗！


是影帝马修精彩的入魂演技帮我撑到了最后，观感极度疲惫与烦躁
这电影有我讨厌的一切：装逼，杰西卡·查斯汀的拙劣演技，杰西卡·查斯汀用拙劣演技装逼
真是他妈的有文化、有思想、形而上到完全不是电影了
没有一个瞬间，让人有器官的感应与共鸣
我没有那么理性，所以身体都不能被带入，我也根本没有移情


情感上，唯一有点打动我的，是海瑟薇知道她被爸爸骗了的一瞬间
她的表演也不错，但是导演给她发挥的机会太少
电影不是文学，也不是哲学的具象
电影是要有桑德拉·布洛克最后一只脚踩在大地上，让观众身体都跟着沉重了的官能体验的
马修踩在了无数东西上，甚至好几维以外的空间的不知什么东西上
但就是没有一下，踩在楼主心上


我对诺兰也算是爱到死去活来了，从记忆碎片到致命魔术，从TDK到盗梦空间
他是知道怎样平衡官能娱乐与人文内涵的
特别是在他只有那么点成本制作记忆碎片时，他还是知道的
而当他具备了调动上亿美元的资本的时候，居然来了这么一出
R U Fucking fucking with me fucker？
Fuck！！！",1,https://movie.douban.com/review/7193302/
Interstellar,"我完全不能理解为什么这部电影可以被打到这么高的分。几年前我看的时候并不知道此片有什么特别的，看完只觉得又臭又长，逻辑还贼烂，甚至我怀疑暗藏私货为宗教迷信翻案，特来打一星平复一下心情。
首先我接受所有科幻设定，无论有多离奇，但是逻辑依然是乱的。“they”能制造虫洞，能在黑洞里制造五维空间，能把主角从黑洞里送回地球附近，却不能帮地球解决枯萎病？即使这个枯萎病真的这么难解决，怎么上了太空站就没事了呢？
其次，神棍攻击科学体系最常用的说辞之一就是，科学不能接受宗教理论的原因是因为科学还不够发达。此片先放出了一个ghost的概念，最后用高维空间时空穿越引力通讯来解释，貌似科学，实际上是彻头彻尾的反科学，为迷信张目！
最后最恶心的一点，全片无时不在暗示爱是可以穿越时空限制的强大力量，呕，好恶心！这个台湾那帮人喊出用爱发电有什么区别？爱只能提供更强的主观意愿，要成事还是要物质条件允许啊！
我认为此剧核心想表达的东西其实和《时间旅行者的妻子》，《时空恋旅人》是一致的，但是为了避免重复，套了个太空科幻的客，结果驾驭不了玩砸了。另外两部科幻爱情片我认为把控的很好，非常喜欢。",1,https://movie.douban.com/review/10008151/
Interstellar,"一个星给马修的表演，整个剧情的发展非常生硬，矮化了科学家和宇航员的形象。吐槽都吐不过来：

a，推动人类抛弃地球这么个大事件的源头：植物病的起因和解决方案根本没有交代清楚，没有足够的理由作为支撑，全靠诺兰粉脑补。

b，整个片子里从航天飞机，生物冷冻设备，黑洞轨道上的两个“适宜生存”的星球，道具粗糙，场景毫无想象力和美感。

c，作为片中“最优秀宇航员”，库柏这个角色到底追寻的是什么都搞不清楚，为了解救自己的子女选择去太空探索和冒险（不顾已经失去母亲的年幼的一双儿女）；发现PLAN A的骗局后又后悔，不顾一切的想着回到地球（不顾全人类最后的希望）；过程中又保护同伴牺牲自己吸入黑洞。（这时候又不考虑与孩子团聚了），始终不知道信仰在哪里，到底是要大爱还是小爱。

d，以硬科幻作噱头，请了殿堂级的专家作背书，片中解释虫洞，维度，时空概念都没问题，俨然摆出一副实事求是，科学严谨的样子，后面的进入黑洞直接跳转多维空间又是什么意思，空间崩塌后直接穿越到土星附近又有什么依据。这误导也太厉害，本来就没有什么宇宙和时空概念的人把这当成科学事实了，你看脑残粉不是说了：“这些都不容质疑，批评的人难道你们比基恩博士还牛逼吗？基恩跟你们说了进了黑洞不但不会挂，还会开挂啦？宇宙不是绝对的！

e，如果说这是硬科幻，在目前没人比基恩博士牛逼的情况下，那我们只能承认黑洞等于多维空间了，这显然太扯淡了；如果这是家庭温情片，父亲被无良的政府骗去执行任务，识破骗局后历经磨难要回到儿女身边，但半途又为同事的爱情和人类生存而放弃了回家，这又太崇高了，显然突破了温馨家庭片。如果这只是一部普通的科幻片，那浩瀚瑰丽的星系镜头太少太不过瘾了，至于震撼，连97年拍的《超时空接触》都比不上，更不要谈《2001太空漫游》了

f，主角光环就不谈了，反正什么手撕鬼子，什么美国队长之类的都弱爆了。

诺兰是天才导演，拍出了神级的电影是事实。但这部电影他的心太大了，什么都想表现，什么都往篮子里装，末日生存，宇宙观，时空观，宗教观，家庭亲情和最大最真实的动力~爱，所以全都没有说清楚，情节发展的太生硬和突兀了。",1,https://movie.douban.com/review/7200442/
Interstellar,4%本科率不是胡扯的，能给9分的观众真不是一般人。每次看这片，我老婆都能在前10分钟内睡着，经过多次尝试最后放弃了。看完流浪地球2，再看这个片，发现个大问题，这到底是个什么片？？！科幻？全片2小时40多分钟，至少2小时20分钟基本和科幻无关，至少前两个小时睡了，后面40分钟不影响你对科幻的理解。剧情？就那么几个场景转换，房子、玉米地、室内、航天器内，几个零碎的星球镜头，特效做的好像小游戏厂商。有个理解不了的一点是，地球完蛋了，可看半天好像就是美国农民要完蛋了。匪夷所思的场景设置就更理解不了，比如：航天器里面休眠仓地面埔的是小马赛克瓷砖？？！！方便擦地？！无重力还得方便擦地，睡眠舱还得是浴缸，那无重力就淋浴？北方洗浴业鬼才啊！手动对接航天器，导演不懂AI辅助决策可以，没问题，机器人都能接管，人就得手动？设计师是法国汽车设计转业过来的？这么反人类的设计？！有大哥说关于黑洞的描绘，特马的这个描绘好久之前就有了好吗，不看纪录片吧？他搬过来就是他独创？！弦理论、时间受重力影响问题，早就有了没人拍然他捡起来了，就N13了？还烧脑还神作？这是比电子表计算器还弱的处理性能吗？我都看的要睡着了都比你计算速度快。最可气的，还说诺贝尔获奖的给指导的，我就想问问，三维升四维物体全须全尾没变化，线性代数都给否决了，理工科大一的基础知识就给毙了，这能叫科幻片？！比紫土豆子成精打响指都扯淡。,1,https://movie.douban.com/review/14950841/
Interstellar,还能更土更儿戏一点吗？毫无思考仅靠煽动，毫无敬畏仅余妄想。好的科幻片应该首先承认人类的无知，并跳出人类的视角去看待人与宇宙的关系，而不是一头扎入狭隘的家庭纠纷与大国情怀中自作聪明自我感动。被吹到不行的特效如同导演抡圆了膀子朝观众脸上砸各种金银珠宝，闪到不行但全无美感。有人说作为美国第一部硬科幻电影，不要跟中国比，只想说这宣传攻势票房体量已经超越大多数中国商业大片了，凭啥不能和人家比？所以评价《星际穿越》很简单，你把片中所有角色换成中国人，然后再想想自己愿意打几星。,1,https://movie.douban.com/review/9991584/
Interstellar,还能更土更儿戏一点吗？毫无思考仅靠煽动，毫无敬畏仅余妄想。好的科幻片应该首先承认人类的无知，并跳出人类的视角去看待人与宇宙的关系，而不是一头扎入狭隘自我意淫式的大国情怀中自作聪明自我感动。被吹到不行的特效如同导演抡圆了膀子朝观众脸上砸各种金银珠宝，闪到不行但全无美感。缺乏人文关怀的粗制滥造的伪科幻真烂片!在一次次践踏人命的虚妄中把践踏民主与自由的恶毒用心包装成“小确幸”般的大爱，其用心险恶令人发指!在烂俗的父女情的集体煽情下廉价的眼泪像过期塑料般散发着恶臭!星际穿越显然配不上一部科幻片应有的科学态度，一副践踏科学罔顾科学的嘴脸乃是历史的倒退，也是对世界科学发展的羞辱!西式伪科学丑陋面具下对人文精神的一次践踏!乃世界人文关怀的大毒瘤!,1,https://movie.douban.com/review/9972200/
Interstellar,故事很垃圾，完全看不下去，典型好莱坞套路。后面才发现是抄袭哆啦A梦未来救过去，不过是套了一层科幻的外壳。如果未来可以改成过去，那就永远不会有过去了，即使可以改变过去也不过是平行世界的另一个过去而已。轻易放弃地球，却选择移民外太空，难道不知道后者的难度提高了成千上万倍，不是脑残是什么。,1,https://movie.douban.com/review/9967685/
Interstellar,感觉这只是一个文艺片，以科幻的角度讲太扯了，进入黑洞不被潮汐作用扯死；农业病的缘由也没交代，一下就只能种玉米了；一个普通人怎么就能进入高度机密的航空局。太多不合理的存在了，剧情扯，科幻也扯，各种扯淡。为什么会这么高分，打五星的都是文艺小清新吗？强烈不推荐，容易误导科学精神，降低智商。,1,https://movie.douban.com/review/9980569/
Interstellar,"片子很好. 1星只是獻給nolan腦殘粉

http://movie.douban.com/photos/photo/2208218888/?start=0&

2014-11-14 14:46:41 MZ-飞去飞来
吸积盘的可见光波段没有那么强，因为可见光会被各种物质挡住很多，最强辐射是伦琴伽马射线波段，强到根本无法靠近到这个距离，所以看见这个样子的人，已经是死人了。

2014-11-14 23:49:59 joe-chu
这个黑洞的样子可是三十个人加上好几千台电脑一年的工作结果，理论
支持者是Kip Thorne，请问哪里不靠谱了？

2014-11-15 00:10:17 Flamenco
不靠譜的顯然是這些行星
還有這些宇航員蹦蹦跳跳的拍片子

也就是說 這黑洞越靠譜越不對
黑洞靠譜 那這些宇航員還活着就很不靠譜

kip thorne是對的
那麼nolan就是傻逼



其實科幻片都有各種各樣的問題
刺就在那 看你挑不挑",1,https://movie.douban.com/review/7192625/
Interstellar,"烂片，你直接表达>bo萝菠萝蜜时光倒流不就好了，有必要搞得那么复杂？显得你老美有文化，笑话我们国人吗？
连个玉米（多好种的粮食啊）——你这都种不好？（是农民退化还是农科技术已废？），你还好意思去穿越？？噗噗
如果把主角换成中国人（中国人，啥，沙漠我们都能绿化了，你们国外种不出玉米，笑话吗），你们还能打几分？？噗噗
结局：等死的只剩下男主一个人回来，只剩下美国人还活着，其他都没看到可能都饿死了（非美国人类灭绝计划）。----果然大美利坚是解救人类的希望（此刻牧羊犬们应该饱含泪水的感动，鼓掌~~~）。噗噗
星际穿越是一部：由于老美农民退化和不重视农业，导致种不好玉米引发的浪费财力乱穿越的脑残剧",1,https://movie.douban.com/review/9976280/
Interstellar,"看过一次星际穿越竟然听说有人一遍没看懂，然后就看各种影评吹，真是日了狗了。
　　那是科幻片吗？那只是一部穿着科幻外衣的神学片而已！
　　看看剧情吧，主题就是地球没救了，不能住人了，人类要求存，就要寻找新的家园，电影里所有的一切，都是围绕着这个主题展开了。
　　然后呢？
　　要搬家，就要有两个条件，一是交通，一是目的地。
　　可惜地球的科技水平太低，一个条件都无法满足。
　　然后，就神展开了，因为一群叫做五维人的神灵出现了，在太阳系开了个口子，让只有五毛科技的人类发现了有可能适合人类的几个星球，可特么这帮五维人帮忙只帮到一半，竟然让人类自己在几个星球里面找一个适合的，我就不明白了，既然五维人想救世，干嘛不把适合人类生存的星球直接告诉地球人呢？救世还有救一半撂在那里的?
　　片子大部分内容都是围绕寻找适合的行星的，然后，更诡异的情节出现了，在最后二选一的时候，主角竟然选择了一个靠近黑洞的。
　　靠近黑洞的，黑洞，黑洞！
　　重要的事情说三遍。
　　特么你脑子有屎啊！
　　有没有科学常识，就算是那个靠近黑洞的星球适合人类居住，你特么也不能选啊！！
　   我就问一句话，地球人已经等的望眼欲穿了，你明知道那颗行星一个小时等于七年，为什么还要下去呢？ 不谈时间扭曲，一颗如此靠近黑洞的行星，终究还是要被吞噬的，可以说，这颗行星的位置已经决定了它不可能成为人类的希望，为什么还要下去？为自己加戏么？  
　　再说另一个条件，交通问题。
　　地球的科技不可能将那么多人都送上太空，老博士研究了一辈子都没有成功，主角女儿研究了半辈子 也没有成功，最后怎么成功的？
　　五维人通过主角告诉他们的！！！
　　也就是说，地球上所有科学家用的努力都白费了，五维人看着地球人苦逼了几十年，最后动了动嘴，点化了主角，送出了答案！！
　　你跟我说这是科幻片？
　　特么为什么我觉得这是耶稣救世片呢？
　　只是把耶稣换成了五维人！！
　　这样的片子，竟然被包装成了硬科幻，而且还被吹捧到肉麻的地步！！
　　究竟中国观众是傻逼呢，还是中国的影评人是傻逼呢？",1,https://movie.douban.com/review/9965268/
Interstellar,"首先，我是中国科幻迷。
我是看完诸位豆瓣用户的《流浪地球》和《战狼2》的影评入的坑。
大家说的非常在理，这两部电影的确bug很多。因此我会用同样“客观”的眼光去欣赏这么一部愚蠢到我吃的三文鱼都可以在抖一下鱼鳍的时间想到的垃圾故事。
首先是，里面没有中国人，这个是扣分点，主线剧情一个能看的黄种人都遇不到，但是我非常实在，只扣0.5分。
地球都出事了，美国征服自私自利自己就自己还不考虑分享情报让别人一起上，这也就算了只派出一个退役的傻逼。这种剧情《流浪地球》都减分的情况下扣你1.5分不过分吧？
黑人必死定律，好莱坞传统的，政治正确的恶心人的设定，你们什么时候能够开明开放学会睁开眼睛看世界了就知道这个世道变了。扣0.5分
因为植物枯萎病动物大量死亡你们不整治居然指望飞船逃离？狗呢？猫呢？兔兔呢？你们有没有良心啊？扣0.5分
在黑洞里面谈感情？未来的人类帮助了你？帮您马呢怎么不直接治疗枯萎病啊？这种弱智剧情估计也只有屠杀了印第安人的弱智白种人才能想的出来，再扣1分。
希望大家喜欢我的影评，对所有电影都能如此严格并且一视同仁。谢谢！",1,https://movie.douban.com/review/9995219/
Interstellar,就凭主角肉身穿黑洞，给个一星不为过吧？其实有零星我就给零星了，配乐还不错，这个一星是给配乐的。还有故事的开头，怎么莫名其妙太阳系内就出现虫洞了？怎么就认定这是虫洞了？影片都没有明确的交代，现在美国的科幻片烂到这种地步了？实在没好故事了去买刘慈欣三体的版权吧，烂在一个破导演手里还不如你们买去拍，拍出来肯定比星际穿越这种烂片强多了。,1,https://movie.douban.com/review/9974554/
Interstellar,"现在：
我错了，我不应该抬杠。我的童年能有什么可以黑的呢？
所以，送一星给去世了的藤子先生。我要抓紧吧哆啦A梦补完了。
要怪就怪我为什么要突然回忆童年吧。
一部抄袭的电影居然都能捧上神坛，呵呵呵呵呵呵呵呵呵呵呵呵。
星际穿越就算硬也是藤子·F·不二雄 聪明，有智慧
你诺兰就只是补充了个黑洞模型，装什么装，了不起？
------------------------------------------------------
3.20日之前
ok ，我气也消了，该几分就几分。个人观点6.5
下面杠精而已。
你告诉我为啥找到宜居行星踏马都在黑洞边上？脑子瓦特了？

黑洞边上，两个星系的太阳怎么还没被吸进去？

离开一个恒星系这么简单的吗？还是说这个黑洞在恒星系里？那么这还能有太阳啊！

那个方程，咋就可以就人类的命了？都有这么牛B的微生物了，你杀不死，去哪不是死？（生物学想不到到边界了，23333）



宇宙中真空环境，阳光光线居然有菱形的轨迹？这应该是散射才有的效果吧？



飞船燃料真多。。。



黑洞和回去的虫洞又没有相对运动，你引力弹弓个毛线啊！女主，你就是看了剧本吧。。。



最后，星际穿越除了咨询了黑洞模型，还有啥科学原理？



不懂天文学可以学，诺兰导演，这并不是啥丢脸的事（狗头 ）



你告诉我星际穿越地球上是家庭伦理剧，占了1/3，飞船上占了1/2，然后就是行星黑洞，想出bug都难！但就是这种简单背景下，导演都可以犯这么多的科学错误？星际穿越只要知道黑洞模型，其他全靠编，诺兰粉，你用这个碰瓷小破球？你不比比特效场景数量和难度！你不比比它科学知识多少！你吧比比未来感？



星际穿越其实也不硬啊，而且难度比小破球小很多，知识除了咨询了相对论基本知识和黑洞模型，其他全靠编，出bug难度很大，但就是在这种情况下星际穿越出现大量bug，双标党有什么资格指责流浪地球？而且流浪地球中小bug几乎没有，就是有也可以忽略，大bug是为了浪漫。。不知那些人什么玩意
这是正经影评。
小彩蛋https://www.zhihu.com/question/311181845/answer/611940309
你们诺兰粉丝这么睿智的吗？连经典力学都不懂，却大谈特谈M理论。我和你们不一样，我学物理不是为了装B。
以后谈到诺兰，我第一反应是诺兰粉丝是杠精，行吧，星际穿越一生黑，它叙事也不行，反正不和我胃口。
诺兰粉丝一生黑
你们开心就好。",1,https://movie.douban.com/review/10017331/
Interstellar,"解释一下 星际穿越科学的部分准备工作做的很好，科幻电影中除了科学以外就是幻想。科幻小说一样。不可能都符合科学，都符合的话那就能真的星际穿越了。
那么科幻电影中还有科幻小说中科学不能实现的部分（有的是暂时不能实现，有的是永远不能实现）比如凡尔纳的海底两万里就实现了，地球大炮就没实现）就需要幻想来补充。
比如沙丘系列中的星际穿越是靠香料和工会领航员来实现，星际迷航是靠曲率引擎来实现，地心救援穿过地心是靠一种发明出来的新元素来实现（现实中目前做不到）总之现实世界科学搞不定的事情靠幻想来圆，来补充并具备某种程度上的合理性。有时候可能比较没道理，比如星际迷航可以很不讲道理的说一句我们开启护盾了，战锤40里兽人可能更不讲道理的说我有Waaaagh力场，但终归有一个解释。
星际穿越中的虫洞是未来的人类放在哪里的，这个解释就很好，不管是否合理，总之幻想出一个虫洞接近地球能用，这就具备了基本设定。
从科幻设定上非常违和的就是那个破飞船，怎么看外型和配置材料发射方式都是地球九十年代产品基础上改装出来的。特别是过了几十年以后，男主角的女儿去世的时候，庞大的移民飞船（未来人类已经帮着点了科技树了）所显示的科技水平也不足以应对黑洞周边飞行所带来的种种问题。整个片子看下来一直有一种男主角骑着自行车拿着弹弓子战胜了装甲师的强烈违和感。诺兰在很多作品里都有这个问题，就是他觉得不好解释的事情就干脆不解释，说是自暴自弃也好说是瞪着眼装看不见也好，总之不解释。不解释就不解释吧，脑袋没点儿病就不叫大师了。但是那个多维空间闹鬼的部分则充分暴露了诺兰假大师的本质。
看一个访谈里大刘自己说过，他觉得三体不适合拍成影视作品，不是所有的科幻小说都能变成科幻电影。
PS：我没正经看过三体小说 也不是大刘的粉丝 大刘的作品风格我也不喜欢 纯属就事论事
大刘认为三体里讲了很多多维度的事情，人类是在三维世界里，你让他们想象四维五维的世界是想象不出来的 好比你强行让一只没有眼睛耳朵的蚯蚓去想象油画看起来什么感觉？音乐是什么？相当于一只蚯蚓凭他想象对很多只同样没有眼睛耳朵的蚯蚓描述了一场交响乐音乐会是什么样子的。
我们就是那群听众蚯蚓。而诺兰就是那条负责吹牛X的蚯蚓。
星际穿越里圆球形状的虫洞已经是科学想象中绝佳妙笔了，当时我看到的时候也觉得很精彩。包括对黑洞的描述。
但是到了那主角亮着迪厅灯光跟他女儿玩儿闹鬼那段就很恶心了。为什么？因为不要说编，连幻想都幻想不出来。
诺兰拍这部电影在我来看是很失败的，因为需要幻想来解释的时候（比如如何应付黑洞的引力差）他没有解释。而后又强行设计了人类根本幻想不出来，科学家和特效师都不知道该怎么表达的选题（多维空间）以至于作为一部科幻电影科学方面做的很好，幻想部分完全不及格。
历史上的影视作品里针对这种连想象都没发想象的场景有两种处理方式我觉得都说的过去。
一个是超时空接触里最后高级外星生物以女主角老爸的样子出现了，解释也很简单粗暴，因为这样容易沟通，虽然拗得有点硬，但是好歹是个解释。
第二种就有意思了，代表作是2001太空漫游和EVA电视版的最后一集。怎么描述呢，简单的说就是大师抽风了。由于大师过于牛逼，脑子里所呈现的东西实在没有办法具现象化给观众，别说观众了，连特效师都没发搞明白，所以大师决定开始胡整！
给大家一个例子，就是大师前一秒钟还好好的，男主角还穿着宇航服在宇宙飞船里跟HAL作斗争，后一秒钟大师突然口吐白沫，双眼上翻，撕开衣服沾上油墨在墙上胡抹！大家都吓坏了，大师最后连内裤都脱了开始拿小弟弟作画。但是，最重要的是，当大师折腾完了以后，每一个来看这幅画的人都说不上来这画想表达的是什么，但是每个人都从内心感觉，这画太牛逼了。更重要的是，这种真牛逼的感觉是从内往外，真心感受，但就是说不出来大师是特么个什么意思。2001太空漫游的最后一部分就是这幅画。
回到诺兰的星际穿越，里面男主角跟他闺女玩儿闹鬼那段多维空间的戏，感觉是卡在2001太空漫游和超时空接触结尾戏中间的一个不伦不类的玩意儿。怎么看都是一种这特么是什么玩意儿的感觉，同样也是一副画不上的乱抹，诺兰给人的感觉很像国内大喝一声用脑袋蘸墨，一脑袋过去就把礼仪小姐举着的宣纸捅破了的书画大师。",1,https://movie.douban.com/review/9984674/
Interstellar,作为一部鼓吹西式战狼的毒草，披着伪自由的外衣实则奴役人类自由，缺乏科幻片必要的论证，违背可学常识。经不住自由批判的科幻不是科幻，批评不自由，则赞美无意义!一部毫无价值，自我意淫自我迷醉的西式“小确幸”，坐井观天似的沉沦于无知与狭隘中，这不能说是自由，只能说是精神的毒瘤!基于几个客观的认知，这部电影毫无根据，践踏民主，用毫无节制的自我感动土气且无意义!,1,https://movie.douban.com/review/9974057/
Interstellar,"不知何时开始，突然之间铺天盖地的都是《星际穿越》宣传，主要卖点有三个，诺兰导演、烧脑神作、一大堆科学名词。
        诺兰导演我喜欢的，他最出名的应该是《盗梦空间》，但我更喜欢他的《致命魔术》、《记忆碎片》。
        烧脑片一直是我的菜，再看那些科学名词，除了“拉萨路”这个宗教名词外，其它咱都熟悉啊！！豆瓣9.2的评分，这片子不容错过啊！！
        
        可惜的是希望越大失望就越大，没想到《星际穿越》是个大烂片。
        我觉得一部好电影最基本的要求是好看，无论是高雅是低俗，你得好看，不能为了追求某些东西而生搬硬套。
        本片各种拖沓各种假崇高，爱能拯救一切，爱能穿越时空，爱那么万能还要科学干嘛！
        
        另外还有些细节的东西不得不写出来吐槽一下：
        一开始给人的感觉是荒凉的西部，这点我可以理解为世界末日前的大萧条时期，但为嘛盘子要扣在桌子上，碗橱呢箱子呢，有种东西叫密封箱知道吗。
        沙尘暴的场景不错，飞沙走石，坐在车里都得戴上N95，但沙尘暴那么厉害，家里那小木屋、那玻璃窗也不加固密封一下，尼玛脑子有问题吧，活该你家里全是沙子。
        NASA的机器人居然是麻将牌造型的也就算了，尼玛这货还上天了，这四方棱角在太空中科学吗，我真的担心会把哪碰坏了。后面这货居然用机械手操纵飞船，我去这什么逻辑，这飞船全手动操作的嘛？另外看那升空的火箭，看这飞船破破烂烂的外表，再看那小小的登陆飞船，那星际通信技术，NASA的科技树有问题啊！！
        登陆第一个外星球时，也没任何扫描分析，那妹纸就一脚就下去了，液态的就一定是H2O嘛，就不能是液氮嘛？不能是硫酸嘛？然后妹纸向前一溜小跑，我说妹纸你看着点路行不行啊，你确定这个星球一定都是平地嘛，这水里就没个坑，就没点外星怪兽？
        当巨浪来时，麻将牌变形成齿轮滚过去救人，然后抱起人一溜小跑回来了，妹的你两条腿跑的那么快，滚个毛线啊！！难道机器人除了幽默指数，还有个隐藏的炫耀指数。而站在门口的大哥，你站那作死啊，活该你被浪拍死，奇怪的是拍完了尸体还留在原地。
        飞船不是进水了嘛，不是要等半小时嘛，怎么才等几秒就起飞啦。
        第二个星球，本片唯一的反派出现，拿掉了猪脚头上的通信模块，这模块谁设计的，居然在外面，而且那么轻易被拿掉。这也就算了，然后反派把通信模块扔下山崖，再把猪脚打下山崖，额，这叫凡事留一线，日后好相见？然后猪脚的头盔被打裂了，嗤嗤的往外喷气，额，外面是真空嘛？宇航服里大气压好大呀。然后是女主飞过来直接在裸露环境扒掉猪脚的头盔用氧气，……我能想到的就是猪脚脸上开始各种疙瘩，然后开始变异。
        反派强行对接打开舱门，发生大爆炸，太空中爆炸会有那么大团的火苗嘛？不是应该是球状的嘛？主飞船落向地面，额，为毛会落向地面，根据动量守恒应该是向反方向太空深处飞去啊，难道反派是绕了个圈从反面对接？或者主飞船一直是停在重力范围内靠动力停留？
        gravity翻译成重力有些不好解释，用引力比较好吧。猪脚能把书撞到地下去，能把灰尘变成2进制码，却只控制秒针输出摩尔斯电码，直接在灰尘上写字不好吗？另外为嘛你的手能穿过书橱，人却过不去呢，不合理啊？
        大结局，猪脚120多岁，墨菲和他第一次重逢就让他去找女主，看来除了科技男主还把自己的爱情故事一起通过手表告诉了女儿。镜头一转女主在第三颗星球上孤独的做着奶妈，依然年轻，看来第三颗星球上的时间也有问题啊。

        还有很多不想再吐了，吐槽完再来说说优点：
        如果满分10分的话，小墨菲必须给1分，感觉整部片子里演得最好的就是小墨菲了，其他人总觉得他们都是来打酱油的；
        沙尘暴给1分，铺天盖地的沙尘记忆深刻；
        黑洞特效给1分，的确炫丽，而且是前所未见的；
        五维空间给2分，这是第一次在银幕上直接表现出一个三维物体在五维空间中的感受，超赞！！
        寂静的太空给1分，本片在太空中没有用任何背景音乐，太静了，静得让人窒息。
        所以本片最多也就是6分-7分。
        另外本片很多地方都不得不让人想起《三体》、《大宇宙时代》。",2,https://movie.douban.com/review/7219545/
Interstellar,"首先不知道也不关心国内引进版删减了什么内容，只是大致吐槽一下本片个人觉得的槽点，不喜勿喷。

槽点1，翱翔在美利坚上空的“印度鹰”，续航十年的太阳能不需要光电转换（至少画面上看不出类似太阳能板的东西），难以想象有这种黑科技的人类竟然快灭亡，差评！
槽点2 ，宇航服氧气供应不限量！原来人类掌握了强悍的物体压缩技术，马甲一样大的宇航服背包足以装下用之不尽的氧气，以至于片子结尾处找到男主的说“你的氧气就剩几分钟了”，笑cry，彻头彻尾黑科技，但竟然还是快灭亡，差评！（记住，不管主人公一行相对于地球时间来说扭曲到何种地步，但他自己的相对时间是没有变的！）
槽点3，地球黄沙遍野，竟然不缺水，差评！
槽点4，没粮食了，要饿死了，快灭亡了，那你丫的哪里来的啤酒！？（至少看上去就是啤酒），啤酒不用粮食来做么！？死到临头还要搞奢靡之风，差评！
槽点4，博士太多，十几个，名字确实记不住，不如叫ABCD或着甲乙丙来得痛快，反正大部分人都在打酱油，差评！
槽点5，一行四人，两个酱油角色，一个发呆打望被巨浪拍死变浮尸甲（死在一步之遥的地方），几乎没发挥什么作用，另一个有超强的忍耐能力，独自停留在轨道上生活23年竟然面不改色心不跳（与反面角色比比看吧，那家伙呆了十几年就疯了），绝对全片最强，但同样毫无建树，白活23年，甚至没有想去找过男女主，最后误踩雷，结论，智商是个大问题！差评！
槽点6，深不及膝盖的一汪水能掀起喜马拉雅山那么高的的浪，刮海啸的时候海面什么样子？请参见《后天》，《2012》，《海云台》等。以后洗脚要当心别被洗脚盆里的浪拍死了！差评！
槽点7，地上一小时，天上七大年，全片重大bug！不管什么外因，同一个星球上，地面和近地轨道也不会有这种时间差异，完全胡解相对论！差评！
槽点8，黑洞吞噬周围的一切，连光都无法逃逸，地球人类的废柴飞船竟然有足够的推力能跑出黑洞，有这种黑科技你还能要灭亡了，差评！
槽点9，男主一行来到的星系，没有恒星，至少片子里没看到，等等，字幕里出现过“中子星”，哦，原来曾经这里有过恒星，但现在衰变为中子星了，但是，中子星不发光，没有发光的恒星，那登陆的几个星球，白昼哪里来的？咦，那里有一个大大的发光体啊，卧槽，那是黑洞啊，黑洞把光都吸进去了，黑洞本身只会发出非常微弱的射线，所以，诺兰，科学的世界你们文科生不懂！差评！
槽点10，马克呆萌啊，你真的又呆又萌啊，孤岛求生十数年，把你活生生变成了神经质+话唠+废柴啊！史上最弱反派！差评！
槽点11，片子后半部分，黑洞虫洞，已经傻傻分不清楚了，反正都是个洞，插它个狗日的！差评！
槽点12，有机体穿过黑洞虫洞都跟旅游一样啊，超人的体魄，那你丫还灭亡，差评！
槽点13，片中世界设定鬼畜，什么旧联邦啊，禁书啊，抄袭《伊莱之书》能再明显点么，差评！
槽点14，男女主是怎么有感情的，男主女儿最后让男主去找女主，这什么情况啊，哪儿来的铺垫？铺垫够么？差评！
槽点15，人体休眠苏醒，原来是秒醒啊，这个一吃了炫迈口香糖停不下来的酷炫啊，低温水里睡个十年，开棺之后必须立刻现在马上醒过来，再次展现人类黑科技（要休眠肯定要低温，降低新陈代谢速度，低温就注定不可能一瞬间满血原地复活），既然又是黑科技，你丫还要灭亡，差评！
槽点16，智能机器人四四方方，姑且不说你这有棱有角的是否便于移动，那磕着一下保修什么的肯定就是没有的了！反人类设计，差评！
槽点17，显然编剧们也没有认真学习相对论，以至于全片的理论基础几本都在胡扯，差评！
总之，点满各系天赋树的人类不明不白就要灭亡，我书读得少，你不能这样骗我。
另外，片子节奏把控问题很大，前半部分拖拖拉拉废话连篇，却也没有展现出一个即将灭亡的世界所应有的紧张感，男主父子，父女的感情戏也铺垫不到位，直接造成男主看到老太婆女儿时全场大笑。后半部分导演突然发现点卡不够了，于是果断删掉全部涉及科学理论的章节，伪科幻变身神棍肥皂剧，高潮high不起来，煽情欲哭无泪。
总之这部片子本身不烧脑，但是众多错误和伪科学，绝对烧掉你的脑细胞，相比也是bug一堆的《地心引力》来说，后者简直堪称完美。对比《月球》，《这个男人来自地球》这些低成本电影来说，震撼效果也差了几个档次。",2,https://movie.douban.com/review/7195230/
Interstellar,"需要达成这样的一致，即：我们之所以走进电影院，是为了娱乐休闲，是为了用眼睛和耳朵去欣赏一个好故事及其带来的美感，是为了让自己受一些熏陶——情感的或哲理的……诸如此类；但绝对不是为了变成牛顿爱因斯坦霍金之类的物理学牛人，更不是为了去受那些自以为智商很高的导演编剧等人的虐。

如果能够达成这样的一致，那么关于《星际穿越》这部影片，我们就可以用简单明晰的语言去进行理中客的讨论，而不至于说一大篇连自己都不知所云的废话。

这部将近三小时的影片讲述的故事是——
在未来的某个时代，地球上流行“枯萎病”，染上枯萎病的农作物减产甚至绝收，造成人类社会发生大面积的饥饿；同时，地球上沙尘暴肆虐，严重危害人类的身体健康。总之，由于枯萎病和沙尘暴，地球越来越不适宜人类居住。于是，NASA决心拯救人类！NASA拯救人类的办法是向外太空移民或殖民，并由科学家制定了移民计划A和殖民计划B。为了实现这两项计划，NASA前后向外太空派遣了十二组科学考察队，分别去寻找适合人类居住的星球。其中有三组发回了他们所到达的亦即可能适合人类居住的星球的信息。然而计划的实现还必须依赖地球上的科学家解开一个神秘的方程式，而要解开方程式必须得到一组关键的数据，而那组关键的数据似乎隐藏于“黑洞”中的“奇点”。于是，NASA又派遣了以飞船驾驶员库珀和女博士布兰德等人组成的考察队，先花两年时间到达土星附近，并通过土星附近的“虫洞”快速进入外太空，然后抵达了先前反馈信息中的两个星球，确认这两个星球其实并不适合人类居住。可是此时飞船的燃料业已不足，必须付出有人坠入黑洞的代价，同时根据“牛顿第三定律”也就是与黑洞外围强大的吞噬力相反的反作用力，才能够将剩下的最后一个人连同彻底失去燃料的飞船反射到第三个星球。因为布兰德的恋人或许还生存在第三个星球上，所以为了她的“爱”，唯有库珀作出牺牲。作出自我牺牲的库珀坠入黑洞后，鬼使神差地到达了奇点，并且从奇点进入了“白洞”，这个白洞竟然就是与地球上他女儿的书房“平行”的“五维空间”。最终，库珀将奇点的数据通过莫尔斯电码发送给三维空间里的女儿，帮助她解开了那个神秘的方程式，从而拯救了人类。

这是一个好故事吗？

比起将六七十亿人送往外太空移民或殖民从而使人类得以拯救，积极地治理枯萎病和沙尘暴是否靠谱得多？尤其是在连雾霾都可以变成APEC蓝的今天！
可见，从一开始，这就是一个在逻辑上漏洞百出的故事！是一个站不住脚的故事！是导演和编剧为了讲而讲的故事！
一旦明白了这一点，我们就能发现，影片中所有的灾难、骗局、背叛、争斗、巧合、感情，以及所有精美的画面、配乐和让人津津乐道感觉牛逼不已的物理学专业术语，都只不过是为了填补故事的漏洞而已！就是用一万句谎言来圆最初的一个谎言。

正如一万句谎言也是谎言，这部影片为了填补漏洞所做的努力，本身也是漏洞百出。
所以，当你不明白找到一颗适合人类居住的星球与那个神秘的方程式有什么关系的时候，当你惊讶于前往外太空的探险者竟然没有携带任何一件用于自卫的武器的时候，当你感到影片中人物的性格自相矛盾的时候，当你认为其中的机器人的智能水平忽高忽低的时候，当你惊诧于肉体被黑洞吞噬而完好无损的时候，当你难以理解为何从五维空间向三维空间只能发送莫尔斯电码而不能进行其他的信息传递或控制的时候……请不要认为自己物理没有学好，也不要认为自己没有看懂这部电影，而是要暗自庆幸，你的脑洞至少比影片的漏洞小！

还值得一提的是，影片中每到关键时刻，都会冒出一个相同的关键词——“爱”。也许这个“爱”就是导演和编剧最想表达的主题。
然而这是多么扭曲和荒谬的“爱”啊——为了“爱”整个人类，库珀不惜离开最需要他“爱”的孩子；而一旦踏上星际穿越之旅，库珀就因为“爱”他的孩子而不惜各种冒险；当库珀决定牺牲自己坠入黑洞时，他所考虑的既不是对全人类又不是对自己孩子的“爱”，而只不过是为了将一个同行的女人布兰德送往她的“爱”身边……

如果仅仅是故事和主题如此不堪，如果影片仅仅以开人心智的科幻题材亮相却以近乎反智的结局草草收场，那么还可以说，我们娱乐和休闲了，我们乐意！可是最令人难以忍受的在于，影片所流露出来的，导演和编剧站在一个虚假的智力高度，对观众观影感受毫不留情的虐待以及对观众智商极尽所能的嘲讽。

这，就太不厚道了！",2,https://movie.douban.com/review/7192157/
Interstellar,"你们是在给科教片打分么？

硬科幻本无妨，只要配上一个足够软的故事，让涉及的科普概念围绕着故事自然展开，比如盗梦，比如地心引力。诺兰这次却是硬饭硬吃，故事本身和科普内容太接近，导致影片实际上本末倒置，故事变成从属于科普的注释。

作为一部商业电影，这部片子也就三分。作为一部诺兰出品的电影，这片子最多两分。",2,https://movie.douban.com/review/7188222/
Interstellar,"1）对话太罗嗦；
2）特写镜头太多（人脸），
3）远景镜头太少，飞船飞行时都不给全景，只给个头，作为太空片很不爽，诺兰咋拍了个这种片子。
4）音乐：多制造些噪音而已。
5）对了，还有点煽情。

之前有人拿这个跟《2001太空漫游》比较，看了之后我想说：你太搞笑了吧，诺兰这个片子最多达到纪录片水平，连电影级别都达不到，更别提跟库布里克比了。

理论？
片子看着不爽，理论再好有个p用。别扯理论的事，先把逻辑学好吧。

想学理论，这个纪录片就很专业：宇宙的构造：The fabric of the cosmos.

总之：对这部电影非常不满；
多看科幻片，多看太空片，之后你根本看不上这个片子。",2,https://movie.douban.com/review/7190100/
Interstellar,"首先声明是个人感觉，从一个普通人的角度来说。

我没受过什么高等教育，所以对电影是否科学不做评价，只是从一个电影对普通观众的角度来说，这部电影更像是一部科教+情感片，走的是严肃科学和煽情路线。

那么问题来了，严肃科学作为这部电影的主体之一，在普通人眼里感觉实在是乏味，简直就像在上课，一大堆科学术语让一般人很难完全明白意思，严肃的东西也很难让普通人提起兴趣来。整场都能不断听到有人抱怨无聊乏味。
打个比方，说得粗俗点，就好象你玩个游戏，还要控制你的角色吃喝拉撒，拉完还要看他擦屁股。因为这很科学很真实，但是从娱乐的角度来说，完全让人提不起兴趣。而且作为一部科幻片，本身就参杂了许多目前技术并未达到的，幻想出来的事物，既然是幻想，真的有必要搞得这么严肃乏味么。

而电影另外一部分就是情感，这部分怎么说呢，就是很平常的父女情，亲情。虽然伟大，但是父母的爱本来就是伟大的，这并没什么出奇之处，而且作为一部科幻电影，恐怕很难有引起普通人感同身受的引子，那就更显得平淡无奇了。或者说其感情戏感觉至少在我们国家，不接地气，难有共鸣。

最后此片号称投资一点几个亿美元，但个人感觉没什么特效感，很多可能因为拍摄手法，视角的原因，没表现出来震撼的感觉。

就说这么多吧，个人感觉此片的娱乐指数较低。对我这样的普通观众来说实在是很一般的感觉。",2,https://movie.douban.com/review/7189356/
Interstellar,"主语都是“我”主语都是“我”主语都是“我”，所以这只是我自己的看法罢了。

我喜欢片头不让人上进的压抑和在这样的压抑中依然坚持着研究机械仰望星空的男人。
我喜欢为了渺茫的机会飞入无垠的星空陷在时间洪流里的那个男人。

我喜欢这样的挣扎和孤独，我喜欢看着旋转的太空站流泪。
我喜欢安妮海瑟薇用绝望的语气讲述高维生物如何在过去和现在之间游走而人类永远不可能，人类本来就不可能。

我不喜欢莫名其妙地钻进黑洞里拨动时间发电报，我不喜欢人类莫名其妙的因为父女不朽的爱得了救。

我就喜欢看西西弗斯日复一日地推着注定会滚落的石头并为他感动流泪我不喜欢有一天石头突然禅定在山巅西西弗斯带着紧箍咒成了斗战胜佛。

我就是讨厌happy ending。
从男主成功钻进黑洞开始我就觉得这部片子彻底烂掉了没有救了，便意和恶心一起涌上来，还好我只是去撒了泡尿而没有吐。
最终还是没有忍住打了两星，我就是这么阴暗，呵呵。

我讨厌希望。
因为我是个自卑到无可救药的悲观主义者，我总会被希望表面绚烂的光芒烫伤。",2,https://movie.douban.com/review/7198015/
Interstellar,"电影开头冗长的铺垫已经让我后悔了~

bug总结如下：

1. 无论从成本还是安全性考虑都应该先派机器人到12个星球上进行探测，仅仅因为人类遇到危险时能发挥出求生本能就让12个宇航员送死？

2. 虫洞和黑洞都是超高密度天体，普通航天器不可能从中穿越，后面男主穿着航天服飞进黑洞更是扯蛋~（早就该被黑洞的超强引力扯的粉碎了）

3. 黑洞里竟然是男主家的书架后面，还有比这更扯的么？假设黑洞里的五维书架空间是“they”制造的，男主又是如何无师自通的控制重力？还能精确的控制手表秒针？完全变成玄幻片了~

4. 女儿通过手表指针传递的黑洞数据解开方程？请问方程的解如何验证？（既然无法从外界得到黑洞数据，如何验证数据的真实性？nasa又怎么能同意以此建立空间站？）人类怎么可能把自己的命运压在一只破表上？

5. 解开方程只是能让更多人穿越虫洞~而剧中地球人并不知道虫洞中是否有适合居住地星球（穿越虫洞的人只能收到地球发来的信息，而无法发信息回去）~何以建立空间站搬离地球？

看完本片得出四个字：狗P不通！",2,https://movie.douban.com/review/7196798/
Interstellar,"这电影我是强撑着看完的，没办法本人欣赏水平有限，没法和打五星了看这破电影还能泪流满面的大神比。所以简单说下我受不了的地方：对话啰嗦，三个小时电影,起码两个小时对话，除了嘴遁就是嘴遁，对话毫无营养，对话与演员表演丝毫没有让人震撼或者触动的感觉。完全就是老师给学生讲课的调调，让人昏昏欲睡。音乐给人感觉不是震撼，而是嘈杂，有个什么破事发生了就开始响起那烦人的音乐，好像有多吊似的，其实整部电影除了最后，压根没发生多吊的事，就好像你在上音乐课放的不是音乐而是女人在尖叫。从头到尾不知道主角儿子有个球用，而且感情线硬的让人想吐。男主就是个脑残，肩负拯救人类的重任却满脑子除了儿女就是儿女，这要放在蝙蝠侠2中，如果小丑让他在一船人质和儿女之间选，他应该会毫不犹豫把那一船人炸了。结局玩反转，虽然还行，但是前面拖沓的节奏已经让人完全没有心情去感受最后新奇的感觉。
   总之这是部及其需要耐心才能睡完的电影，就像电影中那样，我看了三小时电影好像坐了二十多年一样。",2,https://movie.douban.com/review/7193794/
Interstellar,"《穿越》这个体裁是内地广告公司搞出来的——女博士说得很清楚，时间可以加快可以减慢但是不能逆转——但不管怎么说，和内地穿越片一样，都是远看大题材大制作、近看也不过就是儿女情长罢了。

我看后就一个感想，诺导这一次搞砸了。

导演很想严谨，比如前面还在说纳税不是全部用在教育上，紧接着老教授就说那啥NASA总不能告诉吃不饱的纳税人，钱都打了飞机——但是很多时候，比如说小麦死绝了之后男主和老丈人喝着麦芽花啤酒花前月下，比如一开始空间站还旋转着模拟重力，到后来失重状态就懒得描述了……

为什么是儿女情长？从第一次惊呼“23年”开始，男女主就仿佛20年刑满释放刚回家听着儿女爸妈描述这些年的故事一样令人潸然泪下。这种情怀一直维持到最后，男主进入女儿的书房扮演幽灵，偷窥少女成长的烦恼开始达到高潮，乃至最后看着一双儿女开枝散叶一病房，圆满收尾。

这故事要是换做多年前 返老还童 或者是 神奇遥控器 那还有点儿意思，但是换成星际穿越背景，就是那么格格不入。

为什么是空洞的题材？影片的逻辑结构就是，地球回到农业都快完蛋的农业时代，身为飞行员兼工程师兼科学家兼美国队长的男主，以及一出场就有个聪明脸蛋通常一看就知道是拯救世界关键的小女儿，两个人遭遇了各种奇怪的事件，为了解开这谜题他们根据线索找到了美太属。

“那啥”说我们要为人类找个新地球，而现在旅行的传送门已经开启，第一批勇士也发回了三个可能的移民点，我们要分别去考察，而男主会开飞机于是强征入伍。这个人类移民计划有个宗教意味的名字萨拉路，负责人老教授说，我们影片的关注点不是星际旅行，而是爸爸去哪儿——先不说飞行器故障随时可能自挂东南枝，时间也是很着急的。

于是偏偏第一个考察目标星球在黑洞旁，男主说导演你逗我呢，这个星球再完美迟早也是被黑洞吃掉的——因为黑洞的缘故，这个星球上呆2小时，地球上就是23年，时间着急死了——地球才着急呢好么，如果能实况转播的话，男主一个表情摆上5-6年的不要笑死人。

好，考察队员留恋星球上的景观，非战斗减员。

第二个考察目标是宇宙最强特工杰森伯恩的目的地，杰博士说导演没逗你是我在逗你，为了让你们来营救故意说这里的姑娘漂亮引诱你们过来的。

好，一声爆炸巨响，考察队再次减员。

为了去第三个星球，男主把飞船开进黑洞引力场的椭圆轨道，然后莫名其妙地决定要牺牲一下，用自己冲向黑洞的反冲量把女主的飞船推出外轨。然后男主被黑洞吃掉，接下来进入哈利波特与囚徒的故事情节，为过去的自己和女儿布置解密作业。

顺便一说，那啥的老教授辅导男主女儿成才，但死不承认人家的女儿比自家的吊，老教授算不出来的公式，死后才被解开谜题的男主女儿搞定——虽然没搞明白这公式和人类移民到底有什么关联，但不明觉厉，女儿终于拯救了人类（其实也就是米国这么一小撮人类），把他们送上了前往新地球的旅途。

而男主像跳海之后被冲上沙滩一样漂在宇宙中，背景远处突然出现了救护车，镜头暗下来皆大欢喜。

抛开物理学不说，情节其实毫无新意和亮点。在地球人都在研究导演布置的作业时，我不得不说影片其实不怎么好看。特效么，三分之一的时间都在旋转……你知道我在说什么……剧情么，也就雪山上打斗一段起伏跌宕，一开始的卧室幽灵以及雪山打斗本身都被这《穿越》二字点醒，观众早就可以猜到。

非说猜不到的，恐怕也就是贴片广告，汉密尔顿手表，星际穿越的关键……



ps，本人笑点较低，影片中我笑得最开心的莫过于男主被抓进萨拉路，热翔吃一斤，how old are you怎么又是你，老教授！从蝙蝠侠到盗梦空间，从致命魔术到惊天魔盗团，作为配角太高冷，这脸没法子看了。

马特达蒙难得被骗出演了倒霉蛋，估计前面反复说曼恩教授是宇宙最强特工，哦不是，最强科学家，让他动了心。这脸帅得也是没法看。",2,https://movie.douban.com/review/7207267/
Interstellar,"这部电影我觉得并不是一部好电影，而是一部好宣传的电影，就是先找些人说好看、烧脑、牛逼，这样谁再说不好看就是自己笨了，其实这部电影的逻辑太烂了，吐槽点太多，大部分人所为的“好看”都是受到宣传印象主观产生出来的，我在影院里看的时候总是觉得有问题，但是脑子里却在想不可能逻辑不通啊！！都说好的，豆瓣评分9.2，一定是我坐姿不对！！

看完电影的一段时间里，我一直在思考，到底是我的问题还是电影的问题，最终我还是把它定性为披上科学外衣的雷片。

最扯蛋的就是大背景，人类文明进化到今天了，在任何时候都不会放弃科学、工程，而电影大背景是因为作物开始挂了所以大家放弃科学进步都去种地了。。。这个逻辑太牵强了，这种问题不是因为种地的人不够导致粮食不足的，是因为作物本身生长出现了问题，解决的办法只有科学，而不是大家都去种地，这个不会有效果的。这完全是傻逼式的倒退，就好比你平时都开汽车，今天突然有个着急事情要出远门，但是却选择了步行。而最终选择长途迁移至遥远未知的星系来解决作物生长问题，这尼玛不是头疼医脚么！！！花那么大成本能确定作物在新的星球上能生长么？最后的宇宙飞船上不是作物也长的好好的么。

第二扯淡，既然黑洞里的未来人那么吊，为啥非要在黑洞里给男主创造那么个环境让他去拯救过去的人类，自己直接传信息给那个老博士不就行了，大家不早都开开心心飞走了，用得着兜这么大圈么？不过貌似里面也有那么点解释，届都似因为爱啊。。。从前讲爱跨越国界人种，物种什么的都弱爆了，爱尼玛是夸维度的。。。

黑洞里的各种细节吐槽点更多，就不一一列举了",2,https://movie.douban.com/review/7197118/
Interstellar,"星际穿越这部电影的在华商业运作无疑是成功的，9分以上影评，著名导演的号召力，“观众”好评如潮，一时间仿佛不看这部电影，自己就没了逼格一样。

终于，我这个普通观众环揣着“渐入佳境，叹为观止，泪流满面，恍如隔世”的期待走进了影院。

2个半小时很快过去了，我丝毫没有感受到这16字真言，有的只有失望，有一种被欺骗的感觉。

电影，首先是一个故事，能把故事讲好，这是一部好电影的最基本要素。星际穿越是个什么故事，简单来说就是一个父亲和女儿之间的亲情故事，这么个简单的故事，却套上了一个星际旅行的宏大框架，感觉有点大材小用了。至于拯救人类什么的，只是顺带的事。

这是一个漏洞百出的故事（本文不涉及任何对科幻要素的评价，仅就一般逻辑而言）。无论怎样，爸爸一行乘上太空船，穿越了“they”提供的虫洞，来到了可能存在几个适合人类居住行星的空间范围，开始了探索之旅。

第一个行星上，爸爸一行降落在了一片“海洋”之上，然后，没有任何检测过程，一行人直接跳进了“大海”。天哪，在一个陌生星球上，即便穿着太空服，怎么就敢跳进未知的液体当中，这哪是探索，简直就是自杀！还好，导演安排这些液体就是地球的海洋，那OK。接着，更令人吃惊的是，在水深不到膝盖的“海洋”上，居然掀起了高达几公里的巨浪。随后，酱油男一号，离飞船最近的人，偏偏要在飞船外等有先进机器人救援的女主角，于是，大浪袭来，女主角安然无恙，导演毫不犹豫地给酱油男一号发了便当，他的脸甚至还没来的及让观众记住。

第二个行星上，马特戴蒙演的博士出于求生本能，做了一些对有害团队的事，这到没什么，人之常情，顺手还给酱油男二号黑人博士发了便当（黑人博士的便当不是他最大的悲剧，后文再提）。但是，笑话又出来了，作为一个有“单独”探索未知行星能力的马特戴蒙博士，居然在明知太空仓没有对接的情况下，强行打开舱门，硬是被导演把便当塞入了他窄窄的喉咙。

至此，配角全挂，男女主角乘坐的破损太空船不幸又被附近的黑洞引力捕捉到，看似要被全歼了。危急关头，好爸爸为了救女主，和一个机器人分别坐进一艘登陆艇，成为运载火箭中助推器的一部分，把登陆艇推力耗尽后，分离了母船，把女主送往希望之地。其实他们真的不用牺牲，母船上控制一下点火分离就好，不需要人在上面按一个分离按钮，星际旅行没有那么原始。

好了，好爸爸的飞船被吸进了黑洞，黑洞中的粒子撞击着飞船，马上就要散架了，怎么看好爸爸都死定了。急中生智，好爸爸想到的逃生策略居然是弹射，对，他真的弹射了！！！我&^%&*^。导演智商何在？？？

弹射后的情节没什么好说的了，神展开了，对，看过电影的朋友都知道，真的是“神”展开！电影也迎来了最大bug，好爸爸看到过去的爱女，不断发信息希望女儿能留住自己，不要让自己参加这项探索活动。记得那个沙尘信号吗？原来是好爸爸自己留的，但是正因为这个沙尘信号，他和女儿解读出了坐标，来到NASA，开始了探索计划。我真的无语了，谁能给我圆一下这个故事。

最后的最后，好爸爸一睁眼，回来了，回到地球文明了，虽然时间长了点，女儿都要入古了，但是真的回来了！还记得酱油男二号黑人博士吗？他孤独的在轨道上研究黑洞20多年，最后死于非命，早知道往里一跳就能回家了！这个还不是他们一开始走的虫洞，是个黑洞，往里一跳一样就回家了。

感情戏也好，亲情流露也好，在这个瞎扯的故事大纲下，我丝毫没有入戏。这个近3小时的电影，对于星空的场景描绘还比不上地心引力，甚至比不上90分钟影片超体那最后几分钟对宇宙的描绘。

星际旅行，虫洞，黑洞，时间流逝速度不一，空间维度，这些是很多影片小说中常见的元素，本片也毫无新意，更不用说考究其中科学合理性了。即使撇开这些，低级的逻辑错误和神展开充斥全片，大大拉低观影乐趣。就和本文开始所说，一个父亲女儿的亲情故事，不用去套一个星际旅行的宏大框架。

作为普通观众，我的感受就是这些，不值票价，3星水准。至于那么多吹水，把一部平庸的片子吹上神作的，为了表示对其他神作的敬意，2星！",2,https://movie.douban.com/review/7206361/
Interstellar,"大概是一般人的思维定式，觉得影评和长度成正比，超过100分钟的电影，不给个4星以上，就会被人说无知，于是积极上阵往高分打，生怕落后别人。但我发现很多细节的处理还是不到位。比如困在其他星球上的同事到底怎么样？男主最后穿越虫洞被抛到宇宙中，眼一睁回到地球了，怎么救他回来的？这些地方都没有交待清楚。不过诺兰再怎么样，也比沃卓斯基这种‘伪一流导演’要好

刘镇伟，低俗代表，就算你真心喜欢《大话西游》，《回魂夜》但是听见别人都骂低俗无聊，你也忍不住跟着大部队当一次绵羊，假惺惺的说道‘这部电影真没意思’难怪他的电影向来有票房但没人气

就好像当年‘黑客帝国‘上映的时候，很多观众看完都觉得很赞，纷纷表示我看懂了电影复杂的内涵。后来采访导演沃卓斯基，人家表示：我们就是喜欢把情节编复杂，这电影是动作片，真没什么内涵......于是大家惊讶之余，又打出很多尴尬表情来搪塞自己虚伪的评论。。


【我们看看诺兰的风格】
00年-记忆碎片113分钟，事件穿越
10年-盗梦空间148分钟，梦中穿越
14年-星际穿越168分钟，星际穿越


我来预测一下她的下部电影，必定也是穿越，而且也是情节繁复很长，能看得你腰酸背痛

PS：本人玩世不恭，言辞犀利，不喜勿喷，但欢迎交流",2,https://movie.douban.com/review/7217045/
Interstellar,没有人和我一样觉得《星际穿越》是部NASA宣传片吗？明显是对美国上升时期价值观的呼唤和怀旧，因为现在保守主义盛行嘛，他们要呼唤登月时期雄心勃勃的美国。况且纳税人对NASA的高额投入也不满，关键词是男主跟老爸说：“我们是探险者和开拓者，不是守护者。”这简直可以直接拿去国会申请太空科研经费了好吗？包括也可以在国会念一遍“不要温和地走进良夜，老年在日暮之时应燃烧咆哮。”可是影片对那个野心勃勃的时代却没有反思，对世界为什么走到末日的地步也仿佛不需要反思，只要把命运交给伟大的NASA就行了。可是拯救地球一定要到太空里去吗？仅仅是植物得了癌症就要放弃我们的地球家园？他们跟我们不一样，美国本来就是他们移居过去的，他们对土地毫无仁慈，只要带着家人再移到另一个新大陆就行了，家庭团结也是他们清教徒的传统。还有身为博士的女主恍然大悟发现的新武器“爱”：“爱不是我们发明的，也许是更高维度文明的证明。。。”笨死了。因为这么笨所以四维世界的一切问题都只好交给五维世界去解决了。。。好吧，这就是人家内部的一个励志片儿，可据说在美国票房并不高，人家自己不买帐，为什么中国人却买帐？也许因为我们正在大国崛起吧。好事是炒热了迪伦托马斯的那首好诗，那就读诗吧。,2,https://movie.douban.com/review/7196428/
Interstellar,"槽点太多，就讲其中一个较大的：

1. 人类之所以能得救，是因为Murph得到了黑洞内部的物理信息，从而解开引力方程式
2. Murph之所以得到了黑洞内部的物理信息，是因为他老爸Cooper从黑洞内部居然可以跟她实时通讯。（而且使用摩斯码，为啥不拿起笔直接写给她看呢）
3. Cooper之所以会在黑洞里面，是为了拯救飞船和Brand逃脱黑洞引力，自愿掉进黑洞
4. 飞船之所以会滑向黑洞，是因为之前的探险员Mann博士的鲁莽操作破坏了飞船
5. Mann博士之所以乱搞飞船，是因为他贪生怕死，骗来Cooper等人后，试图夺取飞船返回地球
也就是说，如果Mann博士不贪生怕死骗来Cooper的话，人类就会灭亡！所以事实的真相是贪生怕死、欺骗拯救了人类！",2,https://movie.douban.com/review/7863300/
Interstellar,"1
    我只给这部电影两颗星。我和老婆为了赶上7点50那场IMAX，连新闻联播都没顾上看。可是整场电影看下来，明显低于我的预期。一个半小时可以讲完的事情，花了接近三个小时的时间。别跟我扯什么表现人性，我是来看穿越的，不是来看飙泪的。
2
    我不知道有多少人会因为走进IMAX大厅却没有工作人员发3D眼镜而感到疑惑。看着汹涌而入的人流，每个人手上都没拿着眼镜，我也慢慢产生不好的预感，一直到电影开始。。。尼玛裸眼IMAX啊。。。
3
    男主人公年轻时候做过宇航员，现在是两个孩子的父亲。他们捕获了在空中飞了10年的印度产无人机，如此推算下来，这场危机发生时间不过十数年。曾经的粮食出口大国，转基因技术大国，科技大国——美国，居然对席卷全球的植物枯萎病束手无策。我觉得不可思议。因为这个理由人类要去穿越，多少有些牵强。
    当然也可能是另一个原因。在高歌教授写的《蓝星科技畅想》里面，他用科幻的手法写过这样一个东西，名字叫银河系临界图谱。太阳系在银河系中也是围绕着中心在旋转的，所到之处的宇宙环境也会影响地球上的生态。所处环境好的时候，物种大爆发，生机盎然，所处环境不好的时候，物种消亡，死气沉沉，就如同曾经发生过的数次物种大灭绝。如果人类都束手无策的情况，那么很可能就是太阳系进入了银河系临界图谱的衰变区或者毁灭区。不过从书中来看，目前地球还是在比较好的高峰区，只是在2005年“地球的生态环境发生了一次转捩，虽然仍处于绿色的高峰区，但却跌入了较差的单一特征点区”。从图谱上看，距离进入差一点的蓝色平稳区，还有几百万年呢。当然那不过是作者所写的科幻，现实中说不定明天地球就进入不好的宇宙环境了呢，呵呵。
4
    我们设想有一本书，里面全是白纸。我们在上面画上各种场景，还有人物。当我们快速翻动这本书的时候，那些场景就连贯地动起来了，这就是动画。
    白纸上的世界就是二维世界，那本书的厚度就是二维世界的时间，也就是二维世界的人们无法理解的Z轴。在我们这个维度，我们可以清晰地看到二维世界的时间，甚至可以去翻阅任意时刻的二维世界。同理，我们三维世界在更高维度的人们眼里，时间或许就是固定的一个个方块，他们可以翻阅我们这个维度的任意一个时刻，那是我们无法理解的第四维度。
    下面来说一个故事。某一天开始，二维世界人们所生活的星球环境开始变差，植物都得了枯萎病，闹起了粮食危机。于是人们想要寻找另外的星球拯救自己。他们派出了很多的宇宙飞船去寻找。未来已经掌握高维度技术的人们给现在的人们制造了一个可以穿越很长距离的虫洞，将他们引到了一个“黑洞”边上。那个“黑洞”，就是未来已经掌握高维度技术的人们所创造的高维度空间。如果是正真的黑洞，男主人公早已被强大的引力撕成碎片，嗯，应该是量子级别的碎片吧。在那个人造“黑洞”里面，二维世界的男主人公看到了一页一页的纸，每张纸上都是自己女儿书房的场景。他在三维空间翻动这一页一页的纸，和自己二维世界的不同时间的女儿进行交流，最终让女儿知道了解决人们的方法，于是他们得救了。在未来，他们也理所当然地掌握了高维度空间技术，于是创造高维空间，影响现在的二维世界。
    看，是不是一个半小时就能讲完的故事？
    如果扩大到三维世界，就是这部电影所讲述的了。如果真的有高纬度生物对我们的世界产生了影响，那在我们看来都是无法理解的事情，于是在我们嘴里，“他们”变成了上帝、神灵、魔鬼、幽灵、灵异事件。
    我记得电影中说过一句话，引力是可以穿越多个维度的。宇宙中四个基本力：引力、电磁力、强相互作用力、弱相互作用力。唯有引力，可以跨纬度产生作用。正因为这个，男主人公可以在高维度空间里面把三维世界的书敲落，也可以影响沙土的轨迹，以及秒针的摆动。
5
    天上一天，人间千年。
    中国古人的某些思维、技术，总是会表现出超越那个时代的特征，甚至是现代人类都有无法达到的东西。或许，他们接受了未来掌握高维度空间技术的中国人的指导？
    时间对我们三维世界的人们来说，确实太虚无，抓不到摸不着。而当男主人公和那个作死女宇航员一起从巨浪星球回到轨道舱的时候，里面的那名黑人宇航员已经在那里生活了20多年。观众们发出惊叹的声音。是啊，巨浪星球几个小时，人类时间已是数十年。
    同样的，我们可以用二维世界来做比喻。巨浪星球那本书，因为引力巨大，翻动较慢。而人类世界那本书，因为引力较小，翻动较快。所以，在巨浪星球的书里面待几小时，这边人类世界的书已经翻了20多年了，人本身新陈代谢还是按照自身的生物钟在进行，所以，时间的差异在身体上完完全全地体现了——那名黑人宇航员胡须都发白了。
6
    最后还是要感谢这部电影，它让我第一次在三维的世界里面看到了多维空间的场景。
    PS：曾经听说《三体》要拍电影。那里面涉及到多维空间，我觉得这很难去表现。但通过这部电影，我们觉得在三维世界中表达多维空间的场景还是可行的。",2,https://movie.douban.com/review/7192792/
Interstellar,"《星际穿越》是2014年由克里斯托弗·诺兰执导的科幻电影。该片主要讲述了几个宇航员通过穿越虫洞来为人类寻找新家园的冒险故事。该片在中国大陆首映斩获票房7.55亿人民币，远超其在欧美的票房，于2020年重映票房突破8亿人民币，可见中国观众对这部科幻大片的喜爱之深。《星际穿越》不仅“叫座”,而且“叫好”，它的豆瓣评分高达9.4分，IMDb评分为8.6分，《纽约时报》给它打了90分，可谓是“享誉中西”。这样一部被许多影迷奉为科幻电影巅峰之作的美国科幻大片在视觉特效、配乐、镜头等技术层面基本无可挑剔，但究其内核，《星际穿越》仍是一部摆脱不了好莱坞式白日梦的太空版西部片。
《纽约时报》在影评第一句就盛赞：“像过去伟大的太空史诗一样，克里斯托弗·诺兰的《星际穿越》将地球上的焦虑和渴望提炼成一个有力的流行寓言，反映了地球上的情绪。”但是，与其说这部美国大片“反映了地球上的情绪”和“地球上的焦虑和渴望”，不如说它只反映了美国人的情绪，更准确的说，男主角库珀对女儿的爱以及“回家”的渴望才是这部电影着重展现的情绪。而将这种个人情绪歪曲成“地球上的情绪”无疑显露了诸如《纽约时报》这种美国媒体的傲慢以及西方中心主义倾向。戴锦华教授就曾评价：《星际穿越》“是一个很老的好莱坞故事”，而这“也几乎是美国社会的核心价值，也是支撑美国的所有大众文化叙事的关键，叫做回家的故事。”而《纽约时报》在影评中也变相证明了这一点：“《星际穿越》是关于对家的渴望，关于进入未知的航行，最终变成了返回的奥德赛。《星际穿越》可能会在太空电影的先贤祠中占有一席之地，因为它满足了地球上的强烈需求，不仅是对冒险和新奇的渴望，最终也是对舒适的渴望。”显然，在《纽约时报》看来，“回家的故事”是地球上所有文化的“强烈需求”，并且讲述了这种“回家的故事”也是“《星际穿越》是一部值得打90分的高质量科幻电影”的有力证明。这种把美国社会的核心价值扩大成地球上所有国家的“强烈需求”的论断，何尝不是充斥着“明显的民族主义信息”。在《星际穿越》中，几位宇航员以及科学家都没怎么发挥作用，就随着一个接一个的意外几乎毫无价值地去世了，因为他们是配角，而主角库珀却能够凭借着对女儿的爱以及回家的渴望毫发无伤地穿越黑洞。根据常识，黑洞有着极其强大的引力，是一种时空曲率大到光都无法从其事件视界逃脱的天体。正常人靠近黑洞只会烟消云散，化为乌有，而“在主角不死的逻辑面前，所有物理定理都得让步”（《父权》：102）。《星际穿越》为了成就所谓的父女情竟然让主角库珀能够只凭肉身就能穿越黑洞，醒来后就发现自己“回家”了，终于和女儿团聚（详见《父权》：106），而拯救地球的关键就是主角库珀对自己女儿的爱，而不是所有人类的共同努力，甚至不是所有美国人的共同努力。这种不合常理的个人英雄主义果然是《纽约时报》所赞赏的精神，但是将其歪曲成“地球上的强烈需求”是非常荒谬可笑的。
究其本质，《星际穿越》是一部太空版的好莱坞经典西部片，承载着传播美国民族精神和国家形象的功能。以“西进运动”为背景，美国西部片表现了“这个国家的无穷可能性和无限展望的形式化愿景，从而把西部扩张和天定命运‘变得十分自然’。”作为美国本土特有的类型电影，西部片描绘美国理想生活图景，崇尚个人英雄主义，暗中传播美国主流意识形态，宣扬美国精神。西部片中隐藏的核心价值就是“现代文明对原始野蛮的征服”，美国人代表的是现代文明，而印第安人则是原始野蛮的代表，于是美国人就在这种二元对立思维下合理化自己西部扩张的野蛮行径。从这个角度上看，在《星际穿越》这部太空版西部片中，人类居住的地球代表的是“现代文明”，而未经开垦的其他星球则是“原始野蛮”的象征，于是电影中将开拓外太空、寻找人类新家园这一行为毫不避讳地称作“殖民”。影片中的B计划—将人类胚胎转移到宜居星球上一延续人类这个种群—最终也成功了，于是孤身一人的女主将星条旗插在这个新家园上，完成了对这个“野蛮之地”的初步“殖民”。因此，就算是一部未来科幻片，《星际穿越》的内核仍是老套的“文明和荒野的对峙”的美国西部片主题，但同时又充斥着当代美国主流意识形态，宣扬美国精神以及“美国梦”的“明显国家批准的政治潜台词”。
《星际穿越》最大的问题在于它是一场虚假的好莱坞式白日梦。影片中拯救人类的关键是主角与自己女儿之间的无限深情，而拯救人类的途径是靠未知高维力量施以援手。人类面临生态危机，不是靠从实际出发解决问题，而是靠地球上一对美国父女之间可以“量化”的爱来拯救人类。在这如此荒诞的情节设置的背后是美国普世价值意识形态的大行其道。上帝死了，但现代资本主义社会塑造出了新的宗教，如“科技”、商品以及“爱”；“爱”成了好莱坞向观众灌输的现代宗教概念，发挥意识形态控制的作用，“而宗教意识形态所支撑的核心理念就是美国国家形象的两个方面（先进形象和正义形象-合法性）。”而无论是“上帝”还是“爱”，都是“在世界之前就有的‘逻辑范畴的预先存在’，不外是对世界之外的造物主的信仰的虚幻残余。”换言之，《星际穿越》企图利用现代宗教概念来向观众传达：“有一个绝对的崇高的存在凌驾于人类和世界之上，来让人膜拜。”而“只要人还依赖、膜拜于某个东西，那么，人要达到一个自觉乃至真正的行动，就很难了。无论是何种宗教，都是让人丧失主观能动性。”对这部影片而言，在用“爱”这种宗教概念来拯救世界的逻辑面前，物理学也得让步。同时，影片中展现了未来人类可能面临的巨大灾难：气候转变导致了粮食危机，地球已经不适宜人类生存。而面对这样的灾难，“《星际穿越》把好莱坞的一种解决问题的方式用到了极致并且超过这个极致”，这种好莱坞的方式“从绝对真实的，具有批判力的现实介入，以一个白日梦的个体解决作为出路”（《父权》：106）。“而这部电影把它做到了极致，因为它给了我们，关于现在的文明逻辑正在把我们自身带向毁灭，我们正在摧毁我们的地球，这样一个问题进入。但，它以我们被一个未知的善良的力量所救，我们将移民全宇宙，我们将把现代的逻辑播放全宇宙，以这样的一个方式结束。但，这并不是诺兰的责任，也甚至不是好莱坞的责任”（《父权》：106）。《星际穿越》能够获得这么大的成功，很大一部分原因就是它让观众沉浸在父女情深的戏码中感动得涕泪涟涟，这种虚假的“感动”消解了观众的问题意识以及批判力，诱导观众相信：当灾难来临，人类不需要实际行动和对策，仅凭爱就能拯救世界。这样一场好莱坞式的白日梦既缓和了观众焦虑情绪，消解了观众的危机意识，又给予观众情感宣泄的舒爽感。然而，这种“高度鸵鸟式”（《父权》：106）的解决对策终究是对大众思想的麻痹，让大众沉迷于白日梦......
文献引用：
A. O. Scott, “Off to the Stars, With Grief, Dread and Regret”, in The New York Times, 4 Nov. 2014.
戴锦华《失踪的母亲:电影中父权叙述的新策略》，载《海南师范大学学报(社会科学版)》2015年第8期,第99页。后文出自同一著作的引文，将随文标出该著名称简称“《父权》”和引文出处页码，不再另注。
Thomas Schatz, Hollywood Genres: Formulas, Filmmaking, and the Studio System, New York: Random House, 1981, P. 47.
李正奥《好莱坞西部片意识形态的类型化表达》，载《电影文学》2019年第16期。
欧阳照、刘哲《景观社会中《星际穿越》的意识形态分析》，载《今传媒》2019年第7期。
王虹《审美意识形态与现代宗教形式》，载《科学与无神论》2018年第2期。
弗里德里希·恩格斯、卡尔·马克思 《马克思恩格斯选集》第四卷，人民出版社，1995年，第227页。",2,https://movie.douban.com/review/15211828/
Interstellar,"中国都早已经不拍高大全了吧？美国人还有这么弱智的趣味。所有人都愚蠢，只有男主一家众人皆醉他们独醒。他们家人上天入地无所不能，概率低到中彩票一般的操作也能无悬念命中，我是主角我怕谁！
特效是很震撼。可是在不同维度的世界敲书柜的情节设计得偷懒、不合理。既然不是一个维度的世界，怎么会有那么直接的作用呢？影片表现得是男主很用力、急切地敲。合着男主一使劲，连维度都能打通？
多一颗星给特效和安妮海瑟薇的颜值。",2,https://movie.douban.com/review/10366560/
Interstellar,"星际穿越，看完了。

不能有个好bgm就瞎逼用啊…玉米地开车适合这bgm么…（看完后觉得全片这破bgm都不适合。）

我实在是不太理解这片子怎么就能成“我人生最幸运的是就是那天去看了星际穿越”“我最羡慕三种人，balabala，balabala，还有没看过星际穿越的，因为他们还有机会享受那种震撼”，我实在是觉得任何电影，任何事，任何人，甚至一切，都不会让我有类似这样的想法。

原来这个小机器人能跑这么快。

长大的汤姆还真是卡西演的…我就说眼熟。

我很讨厌严肃的伪科学与巧妙的偷换概念，这片子显然都占了，一个是墨菲定律，一个是用缅怀死去的人是有意义的来证明有更高级的存在。

全程不入戏，一点不感动，我看诺兰电影都有这种感觉，漂浮，夸张，刻意，不合理。

与降临一样，未来的自己决定了过去的自己，但有关记忆，都说不通。

剧本很难写，这无需质疑，但信息量并不多，我很在意的一些地方是，都能掌握时间，制造虫洞了，居然还不能解决粮食问题…而且本身这个故事真的做作到极点了，每个人物的行为逻辑都是一拍脑子就决定，情感都是被设计出来的，极其虚假。

喜欢机器人的设计，不像bb8也不像spweeks，它是承担相当重要的剧情的。

4分。不如盗梦空间也不如降临，与湮灭又不是一个赛道的，星际穿越，不科幻，更不文艺。",2,https://movie.douban.com/review/15389219/
Interstellar,"披着科幻外衣的温情片
【上】影片部分：
赛博朋克（Syberpunk）的创始人威廉吉普森说过一句话：“未来已在当世，尚未众所周知（the future is here. It’s just not evenly distributed yet.）。”作为科幻作家，威廉吉普森及其后来者为大银幕贡献了一个全世界观众都喜闻乐见的世界观设定：高科技的反乌托邦世界，在电影《黑客帝国》（The Matrix）中，这种惨淡悲观的设定被沃卓斯基姐弟发挥到了极致。事实上，正如同黑客帝国所传递出来的讯息一样，科幻电影作为一种带有预言属性的电影种类，其科学的外表下暗藏的往往是今人对来世的担忧，《星际穿越》（Interstellar）就是这样一部带着强烈预言性质片子。

《星际穿越》故事的时间设定距离现今并不遥远，这也使得全片的技术水准没有像其他很多科幻作品中所展示出的那样极端发达，甚至可以说，假如这部影片放到半个世纪前的1968年，和库布里克的《2001太空漫游》（2001：A space odyssey）一同上映，当时的观众并不会因为影片中所体现出来的时代科技差异产生任何理解上的障碍。而且比较极端的，剧中为数不多的科技突破都被用在涉及推动剧情发展的关键点上，打个比方就是编剧一直在刻意的走平路但是遇到了一堵墙，现有的科技水平无法让编剧正常通过这堵墙，只有祭出更高级的科技来打穿这堵墙，故事才会得以继续推演——电影中的自走人工智能机器人，以及高级文明制造的高维空间（这点会在之后专门讨论）就是破墙的利器——而全片余下的科技水平基本维持在现实的略微往上一点，这就造就了星际穿越极为接地气的叙事方式。整个故事不同诺兰之前的影片——没有并行的线索，没有烧脑的暗线，更没有阶段式的剧情升级——抛开所有科幻元素就是很简单的一件事：地球生态面临毁灭，科学家提出了解决方案，主角前去实施，在各种偶然和必然中取得了最终成功。这是一个比较没有故事的故事，正常叙事也不能玩出以往手法的高明，要想有所新意就只能从故事本身入手。

全片设定的起点是地球生态的毁灭，编剧创造了一种造成全世界植物死亡的病毒，由此带来的连锁反应包括食物匮乏、环境恶化、生态毁灭乃至氧气耗尽使得人类灭亡。其实这个设定是什么并不重要，重要的是编剧传达出的内里：地球的资源在未来是可以耗尽的，看似富饶的星球生态其实脆弱的让人难以想象，再深刻一点，就是人类在宇宙时代的自我危机意识。人类种群永远是懒惰的、追求舒适的，偏安一隅的，资源丰富的时候人探索未知事物的内在驱动力除了好奇就只剩下追寻真理的渴求，可惜的是好奇心容易丧失，真理也不是人人都在乎，所以想要更强大的动力，外界的危机就显得必不可少了。导演成功创造了一个灭世级别的灾难，悬在人类头顶的达摩克利斯之剑随时都会落下，而在这个时候，一个伟大计划的提出，就显得顺理成章了。其实不难看出，全片想传递给观众的是一种雄心壮志，利用现有科技突破限制达到成功的经历所体现的恰恰是人的重要，但遗憾的是，整个故事里最关键的两步，都不是人走出来的——或者说，不清楚是不是人走出来的。

第一步，就是出现在土星附近的那个虫洞（wormhole）。虫洞是翘曲空间的联通点，宇宙旅行的快车道，有了虫洞就可以突破光速限制开始宇宙级别的航行，目前科学界并没有确凿的证据表明虫洞存在，这和黑洞不一样，黑洞因为可以被观测到的引力异常被间接证实，虫洞目前只存在与理论之中，片中这个虫洞，应该是由黑洞Gargantua强大的引力扭曲周围空间所产生的（影片最后Cooper跌落进黑洞Gargantua，出现在虫洞中，还和过去的小Brand博士来了一次超时空的握手）。那么问题来了，这样一个Bug级的东西为什么会出现在太阳系，是谁让他出现在这里的？片中对这个问题很含糊的一带而过，大致表示有某种“he”或者“they”希望引导人类由此开拓新的生存空间。总之，这个“he”或者“they”是不是人暂且不知，因此人的主体性暂时被削弱了，而且对此事较为含糊地介绍起到的效果是讨好式的浑水摸鱼：如果一个虔诚的基督徒宣告那个“he”是上帝，科技神教的教众也无法反驳什么，在美国这样一个基督教国家，这种处理手法无疑十分高明的。这里还有一个很基本的问题：为什么是土星？答案其实很简单：诺兰简单粗暴的对《2001太空漫游》做了完美的致敬，在《2001太空漫游》中，外星神级生命留在月球的黑石为人类指明了土星，最后Bowman博士在土星轨道穿越了由黑石开启的星门最终变成了星孩。有看过库布里克电影的人会说在电影里面明明是木星任务，这里不得不提到当年阿瑟克拉克在小说写下的原始目的地就是土星，但基于当时的技术无法用特效制作出一个令人满意的土星环，库布里克这才把目的地改为没有星环的木星，半个世纪过去，现今的技术不仅可以让土星环看起来真实无比，连黑洞的视界也能模拟出来，这是时代的发展，也是技术的进步。

第二步，就是Cooper向Gargantua黑洞跌落时掉进去的那个五维空间。进入黑洞这点剧情虽然比较短，但是值得大书特书。首先，这是整部影片的一个隐含转折，情节至此开始回归高潮，之前被验证已经失败的Plan A逐渐转为成功，而在五维空间中的故事直接交代了前后故事的发展，催动了整部影片意境的升华。其次，这么重要一个五维空间出现在这里，很遗憾和人类没有什么关系，这又是一个“他”者文明的行为，我们不能窥视出关于那个文明的蛛丝马迹（虽然我更倾向于认为这是来自未来人类的援手）。最重要的，这个五维空间的存在是超科技的，正是由于这个五维空间的出现，Cooper才得以穿透时空的间隙把黑洞的关键数据信息传递给自己的女儿，拯救已然失败的Plan A。接下来围绕这个关键点一步一步分析：

1，作为剧情轴承的五维空间。回到我在文章开头关于墙的比喻，电影里面的墙有两堵，一堵是奇点数据的获取，一堵是时间空间的距离，要突破第一堵墙，需要拥有完善人工智能的机器人，而第二面墙的破壁工具，就是五维空间的超立方体。正是有了这两个超越现今水准的科技，整个故事的逻辑才不至于坍塌，行动才能得到继续。
每一个看过电影的人都对影片中一副灵活死胖子形象的人工智能机器人记忆深刻，这货基本全能，还自带95%的幽默，跑起来也可爱到极点，但是大家在观看影片的时候有没有一点不协调感：这货的科技值很高，无论是行动方式，智能程度，都突破天际了。而我看完整部影片，发现这个机器人最大的作用，或者说无法逃避的作用，就是进入黑洞并获取第一手数据。要想统一经典物理学和量子力学的分歧，直接观测奇点的数据就成为了必须，说起来这也是人的悲哀，缺少了各种传感器和数据收集工具，就算是越过了史瓦西半径看到了奇点也没有办法得出什么实质性的结论，于是，替代人类的机器人就必须拥有完善的智能，能够独立观测记录下黑洞内部的数据，并在五维空间中将其传递给Cooper。这也是为什么这个机器人必须高级必须智能的缘由，诺兰无法找到另一个方式替代机器人的作用，这个出于剧情考虑的超科技修补对比起影片主推的赞颂人的主题同时并列，略有讽刺。
而更加关键的，就是将消息回传到地球。除了霍金辐射的基本粒子，没有任何物质能从黑洞的引力下下逃逸，超立方体恰到好处的出现，它无视时间和空间的限制，成为能够贯穿全剧的工具。虽然这个五维空间的设定精彩无比，夺人眼目，但超立方体是为了存在才存在的，换句话说，这个超立方体此刻若换成“外星人”、“上帝”、“未来人类文明”、“老鼠”、“42”等等其他元素，都而丝毫不会影响故事的表达，这个超科技修补不仅暴露了全片明显的匠气，还近一步减弱了影片的科幻主题的表达，再次证明诺兰用科幻外衣伪装人情故事的初衷。

2，作为物理学范畴的五维空间。电影的整个剧情都是围绕着这个独立于时空之外的子宇宙展开的，无论是Murphy小时候的指路幽灵，还是最后通过手表指针传递的关键讯息，五维空间的作用都居功至伟，而抛去五维空间表面炫酷的视觉效果，其最核心的两个能力：跨越时间和穿越空间，才是其存在的真正价值。

关于时间穿行，我们通常会面对一个个祖父悖论式的麻烦——如同《十二猴子》（Twelve Monkeys）和《时空罪恶》（Time crimes）里面那种——人在时空中做过的一切都只是线性宇宙里面已然发生过的，你的所有行为都只是为最后已经达成的结果做铺垫，尽管量子力学用平行宇宙理论有力打击了线性宇宙的假设，但相对论下的时间单纯一维的世界明显更受大众欢迎，因为比起无所顾忌的在无限个可能性中穿梭，人还是更喜欢回到过去重温包裹在玫瑰色回忆里的童年。毫无悬念，本片也选择了线性时间的叙事模式，不得不说这是一种旧瓶新酒的炒冷饭，前不久有一部影片《彗星来的那一夜》（Coherence）就选取了交叉平行宇宙的方式来展开故事，大家可以对比一下两者的差异。

关于空间穿越，翘曲时空在更高维度可以实现宇宙级别的联通，这一点尚且说得过去，但是如此精确的定位到主角的老家一栋房子的卧室的书架后面这件事情，只能是神级文明或上帝的能力了。事实上，影片传达给我们的真实情形是这样：Cooper掉进了虫洞，并没有真正进入奇点，那个五维空间被刻意放在更高维度下他跌落的路径上，避开了三维世界中黑洞强大的潮汐力，从更高维度接走了Cooper和那个忠犬机器人，并提供了机器人观测奇点的条件，将关键数据送给了Cooper。这同样是一个相对固定的宇宙——封闭，单一，毫无新意——正如之前的那些作品所展现的世界一样。

总结起来，《星际穿越》中的时空线非常牢固，正如同我在文章开头引用的那句话：“未来已在当世，尚未众所周知”，无论是神秘的幽灵，穿越虫洞时超时空的握手，还是早已存在的五维空间，都是同一个线性时空中的联动表现，诺兰所做的努力就是动用科技让这一切形成一个自洽的逻辑整体，而观众也在一个上帝般的视角下获得了极具新意的观感体验，科技在此退居其次，纯粹充当了修补匠的角色。

所以，可能是因为我的期待太高，我个人并不觉得这是一部纯粹的科幻片。《星际穿越》更加类似《黑洞频率》（Frequency）这样的电影，看起来硬派的科学情节实际上是由软绵绵的温情内核支撑起来的，虽然很多理论都经过了论证，其中涉及的现象也经过了严谨的推算演练，但补丁就是补丁，影片不是为了科幻服务，很多科幻元素在剧中是解决问题的方式而不是追求方式的问题。

这是一部好的影片，但不是一部好的科幻影片。",2,https://movie.douban.com/review/7217697/
Interstellar,"生活在未来的大雄过的不如意 所以用时空机器把小叮当送回过去帮助小时候的自己用于改变未来。

Interstellar的故事原理差不多就是这样的，因为现在的地球快毁灭了 生活在未来的人类为了拯救人类，其实也是拯救自己。就通过某种方式 穿梭了时空 解救了自己。

未来的人类发现 揭开教授的方程式 获取黑洞内部的资料是拯救人类的唯一方法

生活在未来的人类的科技发达程度 能达到通过黑洞/虫洞 揭示/创造一个5维空间。

在这个5维空间里 人能够通过重力穿梭时空，但只能穿梭到本人过去的时空 不能穿梭到本人未来的时空 （所以男主角只能看到过去的自己和女儿 却看不到未来的自己和女儿）。在这个5维的空间里 人可以通过重力和不同时空里的对象交流- 这种交流可以改变未来--但无法改变过去。

但因为从来没有人得到过黑洞内部的资料。没有人能随意出入黑洞。估计未来的人类作了很多试验 但都失败了。所以教授的方程式一直无解

既然能创造黑洞和虫洞 但是未来的人类出于某种不可抗拒的因素 不能直接让自己在5维的空间里和过去的人类交流，进而解开方程。就像未来的大雄不会直接用时空穿梭机穿梭回过去帮助自己。只能倚靠小叮当代理。

在片子里小叮当就是男主角。

未来的人类“They ""通过某种科技力量 在土星附近人为的创造了一个虫洞。这个虫洞同样也能让现在的人类探测到。（另一个解释也可能是这个虫洞是宇宙间自然发生的 只不过被未来的人类利用到了）

同时这个虫洞之外 在另一个银河系 还有个黑洞

这个黑洞也有可能是未来的人类创造的，或者自然产生并被利用到了

在机缘巧合之下 男主角进入了未来人类设计的5维空间，并成功获取了黑洞内的资料 传输给了自己的女儿 揭开了方程式。从而直接改变了人类的未来。

在改变人类未来的一刹那 5维空间坍塌。因为人类的历史进程改变了。未来的未来人比现在的未来人类更加高级。能够随意让人出入黑洞和虫洞。所以男主角得救了。",2,https://movie.douban.com/review/7186672/
Interstellar,但是，要多浅有多浅，，实在不咋地，也就比好莱坞大片强了一个小拇指盖，，，，，，，，。。。。。。。。，，，，，，，，，，，，，，，，，，，，，，，，，，，，，，，，，，，，，，，，，，，，，，，，，，，，，，，。。，，，，，，，，，，，，，，，，，，，，，，，，，，，，，，，，。，。，，，，，，，，，，，，，，，，，,2,https://movie.douban.com/review/14935694/
Interstellar,"抛去科幻的部分来看，细节处理很棒，情感线细腻不生硬，这点非常值得学习
但是大框架问题太大了，甚至可以说是没有逻辑...作为科幻这个硬伤就不能原谅
你都高维生物了...直接把主角拖过去拿数据再送回去不就解决了么，就为了凸显主角跟女儿的亲情，兜那么大一个圈子根本不能自圆其说，铺垫全程主角跟女儿的亲情作为爆点，然而在逻辑上实际根本就不是解决问题的必要条件，难道是未来人逗祖宗玩好玩么？ 喜剧片么
要么你也可以洗时间上注定发生的事不能改变，必须让主角跟她女儿传递信息...那就有点为了圆而圆的意思了，那导演咋拍都行，说啥都有理，反正都是他给注定的，那也没啥可以感动的了，设计非常僵硬了
如果导演编剧能想办法降低未来人的能力和实际作用并能以科学一点的方式自圆其说，我可以给5星...但是显然他们没这个能力了，那就只能给差评了。你一部科幻还是硬科幻标签的电影，大框架设定上连逻辑都没有，细节再好有啥用...感觉就是为一盘醋（逻辑上可有可无的亲情线）办个饺子宴...
只能说这部电影不适合有逻辑思维能力的人去细看...随大众放弃思考就跟着导演的意思走，那还行",2,https://movie.douban.com/review/14919211/
Interstellar,"一直知道这个电影，也听很多人把它夸上了天，我一直挺期待，终于找机会从头到尾看完了。说实话，我不是一个冷酷的人，相反电影安排的所有动人之处我都get到了，甚至有两个地方我感动得流泪了，一个是男主掉进黑洞之后揭示女主跟他穿越时空的第一次握手，另一个是男主回来后跟女儿团圆那一段。但是作为一部科幻片，我觉得这部影片并不合格。
看了一下，这个电影应该是12年首映的，用现在的眼光来看，硬伤很多，很多地方就是没有科学根据地硬圆，实在圆不上就用爱来解释，这种做法在我看来有点low。在剧情的安排上，为了制造反转和冲突，有些人物表现得很割裂和悬浮，我甚至隐隐感觉到导演和编剧在幕后洋洋得意的戏谑和傲慢。
关乎人类存亡这么重要的任务，NASA既不成熟也不团结，没有做好充足的准备，没有对各种不利情况做足预判和应对方案，专家的表现非常不专业和儿戏。当看到几个专家在人类命运的关键时刻，居然像几个孩子一样在那里争执起来，我真是看得满头问号。
 电影特技很炫，情节跌宕起伏，引用很多知识和典故，看起来逼格很高。但是剧情是为了反转而反转的，人物是为了牺牲而牺牲的，全员工具人，我感觉不到人性，只觉得冰冷。
总结就是，电影既没有说服我，也没有打动我。",2,https://movie.douban.com/review/14740915/
Interstellar,"当初星际穿越甫一上映，就迎来了身边同学的高度好评，六年过去，我终于第一次看完了，说实话，又是期望过大导致的略有失望。
从打4星能看出本人整体还是好评的，以下只是高期望中令我失望的部分，毕竟已经被夸这么多了，不差我一个。
（1）先说故事本身
作为一部商业片其可看性在我这很不合格，至少剪辑相当不合格。挺过无聊得要命的前一小时就只是给我铺垫了时代背景？更不用说套路化的父女亲情了，这些只需几句旁白就能完成的东西居然花费了一部电影最宝贵的前一小时，后面怎样都无法弥补前一个小时如坐针毡给我屁股带来的伤害。
星际穿越后半部给前面加了不少分，我比较别扭的主要还是靠『爱』拯救世界，就一个感觉――boring。
懒得写了，先列个提纲，有空补
（2）精神内核
（3）科幻部分
8.24更
上来改个评分，知道这片抄袭了哆啦A梦剧场版之后跟吞了苍蝇一样，《红辣椒》也是，果然老裁缝了，2星走起。",2,https://movie.douban.com/review/12810158/
Interstellar,"如果星际穿越是中国拍的，那又会是怎样一片的舆论？
场景如下——
中国官宣：《星际穿越》是一部硬核科幻巨作！
网民：可别扯硬不硬核了，只有超级巨大的黑洞才能保证施加在飞船两边的潮汐力不至于差异大到将飞船轻易撕裂，而电影中的黑洞明显不够巨大，你看周围那么近的距离还有好几颗行星呢。你看吸积盘的弧度，黑洞不够大！
网民：就说说黑洞吸积盘的超级温度怎么穿？黑洞的超强辐射（宇宙最强的X射线，α，β射线等等）怎么防？电影说穿就穿了，解释都没解释还硬核呢。
网民：影片属于时空穿越了，说硬核的应该知道这需要的能量比再造个地球都大，未来人都能随手放置黑洞了，怎么不抬抬手把地球枯死病治好了！这编剧吃屎的逻辑吧？
网民：这么多逻辑漏洞还说请了好多顾问！
网民：他爸怎么不计较他儿子过得怎么样？
网民：这个女主演真烦！😓
网民：艾玛这小破飞船能穿越？😂
网民：这五维时空这个样子？你跟我开玩笑？😂
网民：爱不光能发电，还能拯救地球
网民，这电影太沉闷了，看的我都睡着了
网民：我也睡着了，周边的人都睡着了！花不花钱无所谓，浪费时间！😪
网民：中国啥时候能拍个像样的科幻电影呀
网民：一星不解释😡
网民：还枯死病，这是什么设定？
网民：艾玛，生穿呐，真牛逼！！😢😢
网民：卧槽，有没有点基础知识，自然跌落黑洞你知道要用多久吗？你确定还能赶上看见你女儿最后一面？
还有另一大堆没有物理知识的网民会给你提出各种啼笑皆非的喷点！",2,https://movie.douban.com/review/10506608/
Interstellar,星际穿越是软科幻，硬不起来就煽情，豆瓣9.2高分完全是诺兰脑残粉太多，大多数人喜欢跟风，虽然我也很喜欢诺兰，但这部明显刚刚及格，七点多分就不错了，IMDB给的分是8.6，我相信大多是诺兰的死忠粉丝太激动，而且这部电影有太多经典科幻电影的影子比如《太阳浩劫》等，地心引力和火星救援才是硬科幻，这部片子并没有期待中的震撼，感情戏看得尴尬（盗梦空间的感情戏不错），科幻概念缺乏新意，绝对算不上经典的科幻片,2,https://movie.douban.com/review/9747203/
Interstellar,"拖沓冗长。无关的细节把本来就不紧凑的剧情分崩离析。一盘散沙。我打开的方式不对？男主是the night of的男主。今天才知道叫麦卡纳。准备把他的片子都找来看下了。。。
加一点。立意是非常棒的。苟且之中看这种生命跨度的电影能够使人生更豁达。坦然面对喜乐无常。太空一个盹儿就是地球的23年。人间的苍老不够是须臾之间。若真的有别的太空生命。他们看待人类会不会是我们看待昆蚁般匆匆呢？人生不过三万天。还有什么理由不快乐呢？",2,https://movie.douban.com/review/9315586/
Interstellar,"首先说明，我不是谁的粉，也不想黑谁。里面的主角谁演的我也不认识。这部电影刚出来的时候就得到一致差评，所以一直也没看过他。前几日实在无聊也就看了下，本想有些意外，结果却是无法坚持看完。首先电影是披着科幻的外皮，剧情不是那么高大上，那么难以理解。话说蝴蝶效应，前目的地，恐怖游轮之类时间穿越，时间循环都能接受，一个时间变慢什么的有什么难以接受的。科幻场景只能算中规中矩，不算宏大，投入金钱自然也不会太多。电影就是电影，科技什么的就是噱头，你要较真就输了，就像达芬奇密码一样，教廷的较真不过是免费宣传。就简述一下情节吧，前面农场情节算是中规中矩，没有亮点，也没有大的漏洞。从主角找到隐藏的航空基地的时候，问题就来了。基地的负责人说什么主角是最好的飞行员，对他无比期待，无比推崇。这里明显的不对。首先从主角经历来看，他可是让战斗机坠毁了，而原因后面也只是猜测是黑洞引力。也就是说这一原因当时是不成立的。一个没有明显不可抗拒的原因而让战斗机坠毁的飞行员没把牢底坐穿算是幸运了，还是什么最优秀飞行员，这明显太不符合现实。另一个不符合的就是，既然他们无比期待主角，干嘛不把他接来，主角又不是生活在火星上，开车就个把小时的路程。看到这里就索然无味，也还能接着看吧。
  后面一系列场景和情节也只能用中规中矩来表现。直到某个反派博士出现。对不起，我实在记不住他的名字，也不想再去翻看一遍。总之那个博士的表现算是可圈可点，第一次亮点出现。博士的隐忍让人佩服，偷袭了主角，与主角雪地大战。主角虽然前面被渲染的智勇双全，但是没发现博士的阴谋也是可以接受的，只能说博士更加阴险。但是博士始终是个科学家，纵然偷袭成功也还是被主角击败。以主角的睿智，应该洞悉博士的阴谋。就算没有洞悉，博士也自己说出来了。他要夺飞船，而要达到他的目的，主角一行人自然是都必须死的。不然的话他只要说实话就行，主角他们自然会带他离开。也就是说此场战斗结果直接决定主角小队所有成员的命运。可是主角本已经压制对手却又表现的像个傻B，被博士头槌攻击不反抗，不躲避而是哀求，被连续四次攻击。最终头盔破裂。拜托，人家都要杀所有人了，主角还让人杀，这也脑残也该有个限度吧。看到这里，我已经有点坚持不住了。如果让博士夺走飞船来个剧情反转，主角等人全部葬身是我更愿意看到的结果。最后女主角在千钧一发的时机救了主角。一个典型的天神情节，反正已经那样了，天神情节不算什么。只要运气好，智慧，力量的统统不需要了。大不了天降闪电直接劈死敌人，或者敌人直接脑残作死？接下来，夺得飞船的博士突然从智慧过人变成脑残，竟然操作不当自己把自己炸死了。而原本脑残无极限的主角又是天神附体。天神情节又强势出现。主角是天神，博士就是衰神。一部天神情节多次出现的电影有看头吗，还是多重的天神一起出现。有神照着，就算主角光这屁股跳入黑洞也能毫发无伤吧。然后我果断的拉到最后，正好看到年老的女儿和主角告别的场景，当然，期间的情节不用看也能脑补了。
  至于父女感情什么的就也不用再提。主角不是大公无私的英雄，不过是个普通人，这也不能强求。女儿是个父亲可以负天下人，但是不能负我的略自私的普通人。儿子更是一个天下人都死光关我P事的自私主义者，心中充满了愤怒。这样的感情真的能感动人？我是不能坚持看完的，就是不知道大家是如何坚持下去的。总之是空洞，漏洞百出。建议大家看电影的时候多用脑子，不要人云亦云。",2,https://movie.douban.com/review/8645102/
Interstellar,"浪费了本来可以宏观大气的好题材。这部电影可谓是又臭又长，我看了一个半小时实在受不了了。拿着宇宙，物理的幌子，讲了一个狗血的亲情故事。
     从一开始剧情上就存在着许多生搬硬套的情节，比如刮了一阵沙尘，地面上莫名奇妙多了一组摩尔斯电码？然后推理出一个门牌号，居然是NASA。我真是吓得说不出话来。编剧，咱们发挥想象力也要合乎情理好吗？不觉得有点扯犊子吗？
     还有男主他女儿，也算是个奇葩了，因为老爸要去做这个工作，要离开自己。难道不应该是难过吗？居然是满满的仇恨啊喂！而且一恨恨了好几十年连老爸都不想见，神逻辑，你赢了！
     我想说，如果想拍宇宙的科幻片，就踏实拍，没有足够的人文情怀，就别生拉硬拽了，真的显得很扯淡。比起盗梦空间真是不知道差多少。
     感觉视觉效果还可以，给两星吧。",2,https://movie.douban.com/review/7743429/
Interstellar,跟过去自己看过的科幻大片没的比，情节有点无厘头，最后库柏的女儿怎么拯救的地球我这个九十年代初的物理本科生愣是没有看明白，有时评低分写差评是需要勇气的，本人恰恰不属于人云亦云的那类人。不知道评高分的人是不是个个都补了天体物理的知识。节奏太拖沓，说白了就是穿越未来再回到现在的二十一世纪版，类似的电影电视剧以前就看过的，不是导演的创新，在家用盒子看的，除了前半小时是连续看下来的，后面的续看都是十分钟之内就想睡觉，三个小时的片花了我一个星期才看完。还是星球大战系列好看。,2,https://movie.douban.com/review/7461537/
Interstellar,"细节1. 我认为库珀更喜欢女儿。一家三口追印度无人机的时候，儿子差点开到悬崖下面去了，库珀这么说，我让你跳崖你也去啊！
库珀带女儿去找秘密军事基地看到门被锁了，女儿说你不是带了老虎钳子吗？去剪开，库珀这么说了句：真是我的好女儿。

细节2：当墨菲和弟弟吵架 烧了玉米田 再偷回到房间里的时候，打开盒子第一个就是手表，而手表的指针已经在传递二进制信息了，第一眼墨菲没有注意，以为手表坏了。而那个时候库珀的主线还在曼恩星球上和曼恩打架。等于说按时间线，墨菲在进入房间前，库珀已经在五维世界想通后传递引力方程了。

最后还有几个问题，
问题1，库珀说太阳系外最近的星球在1000光年之外，而我搜索到的
“目前认为蛇夫座的巴德那星有行星围绕其转动,距离我们5.94光年,而暂时还没有发现比邻星（4.22光年）有行星系的迹象.所以巴德那星应该是离我们最近的“太阳系”骚哥5041 2014-09-30”
问题2电影中的他们究竟是谁？
以电影直接给出的答案 是未来的人类。那么他是墨菲库珀破解引力后的地球人类，还是艾德蒙斯星球几百个受精卵产生后的人类?


问题3库珀被黑洞吞噬后进入了五维世界，但是在五维世界里他看到的所有时间片段都是女儿的那个小房间（除了五维世界坍塌后的和海瑟薇的握手） 按理来说他到了五维世界应该可以看到所有的选择，结果。


问题4库珀是在黑洞所在星系被吞噬了，最后五维世界坍塌，库珀反而在土星附近被飞船找到。怎么穿越的？


问题5我们在四维世界中，时间是我们的限制，我们不能回到过去，或者跳向未来，那么在五维世界中，他们可以看到时间的开始和之后的结果，并且通过引力去向低维度去沟通，那么五维世界的限制是什么？ 对于他们来说这个限制四维世界的时间是什么?

问题6 小白问题，曼恩博士在初步夺船之后，他会怎么办？从我得到的细节来说，他在离开地球之前就知道布兰德博士引力方程解不出，又不可能得到黑洞的数据，所以他认为地球是没救了，库珀知道plan A是骗局之后执意回家，是曼恩起杀心的原因。他在这个星球上受不了死亡的蔓延，就发送假信号，他在进入永恒号之前还对男女主角说过一句，等我进入之后我们再讨论任务如何完成。所以我认为曼恩如果夺船成功，他不会回到地球，他会去艾德蒙斯的星球。",2,https://movie.douban.com/review/7386415/
Interstellar,剧情拖沓很拉低分数的，音乐向宗教致敬我同意，但是最后五维空间的人还是人类，那么上帝的存在就被弱化了。本片将近三个小时都在表达一个主题爱，人类的爱是永恒的力量。不要带工科男去也可以看懂的。电影就是电影，只谈物理学很作好么，上过大学的都稍微懂一些，星际穿越所涉及的理论并不深奥。我为了看本片冒着大雨，一个人花钱去影院看，结果我真的失望了，还不如去年环太平洋奥特曼打小怪兽来的震撼。表达的东西太多，使观众很难分辨导演到底在表达什么。,2,https://movie.douban.com/review/7212360/
Interstellar,"高中时候理科，物理不算差，理综的一半分是物理，大学学的数学，观众背景交代完毕，
    看了很多观众的评论就是拿着黑洞虫洞五维空间时间弯曲相对论等等的来说事，所以觉得他就是一部好电影，我觉得电影所表述的东西完全完全没必要叫你明白相对论是什么，虫洞黑洞有什么区别，只是部分观众看了给人感觉扯上那些很深奥的名词时候觉得电影瞬间就高大上，其实完全没觉得有什么费脑力只说法，为什么豆瓣这些所谓文艺青年要把他说的那么深不可测的样子，反正我女朋友一直学文，她也一看就懂，冗长的铺垫后所讲述的内容完全没想象那么宏大震撼，感觉跟喜洋洋差不多吧！",2,https://movie.douban.com/review/7207555/
Interstellar,"看完电影出来，已经接近零点。冷风一吹，我缩缩脖子。又抬头看了看夜空，不错，勉强能找到几颗星星。仰望星空这种事情，终究不太适合我做。回到车里，边热车边打开音乐。交响乐雄浑的声音在车厢内回荡，我开始回想这部电影给我留下的印象。

      挺不错，嗯，挺不错。批评人之前先肯定与表扬，这个道理我懂。片子拍得很好，大场景恢宏，小片段温馨，节奏感把握恰到好处，有点烦的时候加快，有点累的时候舒缓，整场看下来轻松愉快，一顺到底。编剧和导演很懂观众心理，按照通俗的说法：全场无尿点。难得。

      内容与形式并重。无论你是喜欢科技类型的，还是喜欢英雄主义的，还是喜欢探险活动的，还是喜欢伦理道德类型的，统统满足。最后大圆满，坏人死光，好人全活，爽得我旁边座位上的小姑娘热泪盈眶的，小手绢卷得死死，估计她男朋友手都乌青了。嗯嗯，我也挺感到，嗯嗯，我也挺感到，这个这个。好吧，我其实感到挺无聊的。

      坏话来了：
      我其实并不想显得自己有多么地与众不同，只不过有些想法确实不吐不快。作为一个从初中就开始大量阅读科幻小说的资深科幻迷而言，这片子里的所有科技噱头都难以打动我，所以我更关注人文方面的展现。说实话，流于肤浅！里面数次引用英国诗人托马斯的《不要温顺地走进那良夜》。本来这诗是谈论死亡的，用来形容浩瀚星空倒也不算太差，姑且受了。可是拜托，你朗诵几遍我就深深被你打动了么？为了应和，特意安排了一场好人变坏以及打斗以及命悬一线，以及，坏人的最终灭亡。我用食指和中指弹了弹方向盘，也罢，虽然相当地俗套，也就算你过关了。

      然后是重头戏穿越黑洞。据说编剧之一是真正的物理学家，我倒是想请教一下了：连一个小小爆炸都承受不了的飞船，怎么承受住连光线都无法逃逸的黑洞引力的？最后还“弹射”成功！看到这儿，我不由自主浑身颤抖了一下，我感觉到自己那低微的智商在嚎叫：这是赤裸裸的挑衅！呃...算了算了，不算什么大问题。过了黑洞之后问题来了：又是回到过去！虽然是披着炫目科技外衣的回到过去，可是这手法真的很烂街啊。怎么跟现在百分之八十左右的网络小说一个德性啊？无语了。

      最后，一片祥和，所有好人都生存下来，所有坏人都死绝。所有期望都成真，所有梦想都实现。---就是这一点，我用手掌使劲拍了拍方向盘，TMD就是这一点让我受不了！
      你引用半天诗歌，老太太一般要告诉观众同志们：宇宙是残酷的，是血腥暴力的，是充满危险的！到最后居然大圆满！那你还说个毛啊？听到你引用第一遍的时候我还以为碰上部发人深省的真正的探索片，还担心自己的哲学承受力是不是扛得住呢。结果居然是轻轻松松的大圆满。你让我说你啥好呢？一切为了票房？鄙视一下下。

      真正能展现宇宙残酷、残忍、血腥，同时又壮丽、妖艳、魅惑的科幻作品；也展现人性的软弱、自私、贪婪，同时又坚韧、善良、宽厚的科幻作品，有。最近几年中国就有一本“三体”相当不错。至于今天这部电影嘛，顶多也就是睡前故事一类，入门读物而已。

      我开动汽车，驶上空旷的马路。午夜静寂，星宿在雾霾和大气层之外闪烁亿年前的微光；交响乐铺满车厢，我这小小人类，也在音乐陪伴下闪着人类人性的微光，彼此应和，长长短短...",2,https://movie.douban.com/review/7199723/
Interstellar,"刚看完星际回来，三体教深度中毒患者表示很失望。下面写一下感观：
    星际用各种科幻包装，却有好多含糊的表述，马修从五维空间到底传回了什么？高维度的理论可以简单通过摩斯码表述？简单表述就能解决拯救人类的方程？方程又在推演什么妙计？一系列虚无都归结成了爱，好无语！
    理论羸弱就算了（哪怕请再牛逼的科学顾问也没用），故事线条也平淡无奇——无非就是跟女儿一起救现世，（预谋）跟心上人一起救未来（而且人家女主心里装的还不是他），再加一个反派从中捣乱，弱爆了。特效嘛，万花筒效果就是五维空间展示？华丽版哆啦A梦抽屉时空机，就是穿越虫洞？再加一个灾难片标配巨浪，好吧，全片特效也就这些。最后吐槽一下飞船内饰，真心不如半个世纪前拍的《2001太空漫游》，更像是密室逃脱：福尔马林裹尸袋、污秽的仪表盘。。。总之毫无科技感
    但愿《三体》别被好莱坞毁了，更别被天朝毁了。",2,https://movie.douban.com/review/7195905/
Interstellar,"介绍一下个人背景：读设计的，包括INTERACTIVE设计以及各种，做过定格动画，自拍自导的艺术性电影在德国艺术节展出过，对电影并非完全不懂得欣赏。

看过NOLAN的INCEPTION, 觉得比这部好太多，至少电影必要的因素都具备，有冲突有高潮有悬念，全场无尿点，把科幻写的非常人性并且贴近生活。这部电影是和老公一起抱着极高的期待去看的。

周五下午上了4个小时的编程课，已经几近崩溃的状态下去看的这部电影，走出电影院脑袋更痛了。不仅因为NOLAN介绍了太多我所不熟悉的概念，虫洞，黑洞，5维空间什么的（都是老公给我解释的，他是科幻迷），更重要的是原本可以一个小时讲完故事，导演非得拖到3个小时。简单的说就是：男主为了拯救人类去找一颗能代替地球的星球，然后遇到了一个之前来的飞行员企图偷他们的飞行器（看的英文版的，实在记不住名字，见谅哈），后来背叛者犯傻比被炸死了，男主就莫名其妙掉进黑洞的五维空间了，后来空间崩塌了他活到140+岁被人类找到了。剧终。

如果不是NOLAN导演，如果IMDB不要把分弄得那么高，像Rotten tomato一样只有7.5，光那些场景设置以及3d效果我应该会再给它一颗星。有段时间看的快睡着的时候觉得回到小时候北京科技馆里面的太空展览影片，浩瀚的宇宙，星际之旅啥的。如果影片名字叫《诺兰的星际猜想》的我估计会给满分，故事性实在是比较匮乏。

你可以批评我智商不够看这部电影就不要写影评黑它。但是导演的目的始终是大众群体，作为花钱贡献票房的我当然有资格说它，而且我敢说像我一样看着觉得像纪录片而非电影的人非常多。我们所在场是IMAX放映厅，全场几乎座无虚席，能感觉到大家都是抱着很高的期待来看的，剧终的时候大家就默默起来走掉，没有一个人鼓掌。我个人经历是一般IMDB 8分以上电影大家看完都会鼓掌的。我不会因为大家都说这部电影好看而鼓掌拍手说好看深奥有哲理有意义非常发人深省，就像没有看到皇帝的新衣我不会说好看，不好看就是不好看！",2,https://movie.douban.com/review/7192958/
Interstellar,"一个肩负全人类种族延续使命的航天员放弃自己的使命,去搞什么""为了爱"",""为了亲情"",这跟三体里面的圣母程心有得一拼,看到这里就觉得这片没什么意思了.主角为了一己之私而坑害全人类,最后却被吹成英雄(在偶然之下拯救了人类,甚至..这个偶然也说得含糊其辞).
          其实,倒不是说""人类种族延续""是人类的唯一重要的使命,这个还是可以讨论的.你要真觉得那所谓""爱""比人类延续更重要,那也是可以的.结果,却又通过意外的惊喜(穿越时空到过去)来拯救了人类,这就烂到爆了.你要让人类就此灭亡,倒是还能让人思考思考,说不定是个好片.
          另外,""时空穿越回到过去""也是个烂透了且没有逻辑性的剧情好不好,仅此一项,就可以把这片归入烂片之列了.
          当然,这片场面还不错,算是个大场面高科技烂片吧.",2,https://movie.douban.com/review/7190896/
Interstellar,"一个爹，为了拯救世界而抛下女儿前往新的星球，似乎是一种舍小家为大家，其实就是想自己溜到新星球美滋滋过日子了，否则真爱女儿，为什么不留下陪女儿度过剩下的时间？明明这趟很有可能就是一去不复返，所以这完全是主角自私的体现。全人类如果连个宇航员都找不出来，那不如灭了得了。以上理由，扣一颗星。

再后来的五维生物，就实在是把人逗乐了，既然未来你都能有五维生物，就不说什么悖论了，为什么就不能有50维生物？那不是脑袋一拍就啥都解决了？看半天电影，还以为有什么本事，结果不就是未来支援，真是闹麻了。再扣一颗。

然后就是这个男主，他更是牛批，拿个手表发点摩斯密码就把那么复杂的信息发过去了，编也不编像点，你还不如写男主最后直接蜕变，变身成五维生物，脑袋直接连接上他女儿的脑袋，然后把信息全部传过去，这都比你那合理点。扣两颗。

最后还行，他女儿是个圣人，遇到这种爹还没想办法给他弄死，这么孝，必须给颗星，综合评价：两星。",2,https://movie.douban.com/review/16500035/
Interstellar,"故事将语言基于五维空间内，Murphy对父亲的离开由憎恨、怀疑到最终释怀，明白了“ghost”的真正含义，是人类情感所产生的的共鸣结果，在无尽的宇宙空间中、在孤独与寂寞中、生存还是毁灭的抉择中寻求自我。

此外，电影中还有许多值得品味的细节：Brand为救Edmunds与Cooper发生争执，表现在人类种族存亡面前私人情感的渺小无力；Mann博士为回到地球编造数据欺骗众人，表现人性之中害怕孤独、渴望救赎的一面；还有老教授的谎言、Cooper牺牲自己掉入黑洞的无私、Brand独居Edmunds星球的孤独……

不要温和地走进那个良夜

影片中，Brand教授多次重复这句话，印象颇深，便记了下来，原诗（部分）如下：

不要温和的走进那个良夜

老年应当在日暮时燃烧咆哮

怒斥、怒斥生命的消逝

智者在临终时已经向黑暗妥协

因为他们的言语已经黯然失色

他们不想被夜色迷惑",2,https://movie.douban.com/review/16342911/
Interstellar,"总体来说，这电影有点做着和煽情，一些细节也经不起推敲，至少有两个细节十分令人迷惑：
1、既然先去外星的三个人都能给地球发回信息，为什么库珀他们的永恒号却只能接收信息，完全不能给地球发回信息？
2、巨浪星球上一小时等于7年，登陆飞船排水大约50分钟，加上其他时间，库珀他们在星球上呆的时间最多一小时多一点，为什么返回永恒号时永恒号上的时间回过去了23年？",2,https://movie.douban.com/review/15212056/
Interstellar,"之前给三星，被豆瓣拿星穿踩地球的无脑吹给恶心到了，为客观化本片评分作出微薄贡献故改成两星。
星穿是好在剧情设置，演员演技，Zimmer的配乐，特效美术。 但穿越黑洞如何克服引力差防止被撕碎，超空间只有5个维度的粗浅简化的设计等等诸多科幻设定在对现阶段人类来说都是无法通过科技演化的逻辑去推演甚至可以说是玄幻的.  此片属于典型的成功商业片，披着科幻的外皮，一切的科幻设定的不合理性用黑科技全部一笔带过。在豆瓣上一味无脑吹本片是史上最硬核的，怕是刚接触科幻不认识威尔斯不认识阿瑟克拉克也没看过库布里克.
这么悬的设定都觉得合理的，都觉得堪称硬核可以吹爆的，就不要对地球来个两套标准。论科幻设定，雨果奖得主和中科院院士都觉得没有太大的问题，一个个非要比科学家还懂。对我们自己的片子就肆无忌惮的极尽讽刺挖苦之能事，评判标准前所未有之苛刻，一片口诛笔伐。地球的问题自然是有，分析讨论碰撞观点也是有趣的。但直接为打一星这样那样的罗列地球的不合理性，那么请问星穿科幻设定，其终极方程式有合理性？人掉黑洞里没被撕碎有合理性？未来人类都能把黑洞挪来挪去了挪不开地球上的人有合理性？那时候有哪怕一个影评人聊这事儿吗，一到地球这儿全说是毛病，是硬伤。有些影评人我看明白了，他们不是在批评流浪地球，他们是纯粹的恨流浪地球，不是因为情节或者手法，只是恨他没有好莱坞血统，一句话，流浪地球若是换成卡梅隆或者诺兰导演，演员全好莱坞班底，吴京换成马修麦康纳，所有的硬伤都不是硬伤，所有的缺点都是优点
近年来烂片遍地的国产电影市场令人失望，伤心之余更叹其发展的举步维艰，安心接受外来文化产品的投喂我们对自己的文化认同感越来越薄弱。
星际穿越 imdb8.6 豆瓣9.2.
流浪地球 imdb8.0. 豆瓣7.9
哪儿的月亮比较圆？还不够一目了然？
呵",2,https://movie.douban.com/review/9963107/
Interstellar,"演技4星，安妮顶着大妈脸演啊。我范冰冰李冰冰肯定不会这样自毁形象的。

特效很烂
尤其是那个机器人

无法理解，男主进入黑洞后竟然进入了5维空间，更无法理解，他是如何就打开了女儿房间的监控，又如何推倒书籍，给女儿发信号，他又是如何控制手表给女儿发信息的。

他女儿解开方程又怎样了，人类就直接移民太空了？在太空种粮食比地球上种粮食成本更低吗？不需要减少人口吗？",2,https://movie.douban.com/review/7424260/
Interstellar,"一部少见的硬科幻，或者说里面穿插很多科学理论的电影，诸如时间界限，奇点，时空拐点，虫洞，多维空间。如果只是电影迷，而少涉猎科幻著作和星空知识，可能会对这部电影非常好奇，但作为忠实的科幻迷和电影迷来说，我自认为这部电影只能算中等档次，有三个很弱的方面：一是情节简单，二是特效的低端，三是Bug比较多

个人观点:我认为电影在中国大卖的一个原因之一就是电影所涉及的科幻信息为大众较少涉猎，能引起广泛的好奇心。

我例举我认为较失败的地方：
故事进程推进过于唐突
男主角开着一架烂皮卡，竟然大半天时间顺着公路就找到了“地球上最隐蔽的地方”（电影里角色说的），然后瞬间就成为了地球拯救员，立马就和一个只会哭哭啼啼的女人及几个酱油哥奔赴太空。

特效低端，场景小

1.粮食危机，人类的生存危机自始至终都是从极小的角度叙述（演员的讲述，几个科学家装模作样地研究枯萎病以及突发的沙尘暴）。前面的20分钟就始终在那块玉米地周围。

2. 电影里土星的画面在网上随便一搜一大堆，简简单单的3G效果，我们技术部的同事看了自认为2天他就能搞出来。土星可是从近距离飞船的角度望出去的啊，要不要搞那么单调。土星绵延数十万公里的风暴，条纹哪里去了，还有那几十颗卫星呢（土星至少有2颗卫星被认为可能存在生命，怎么就这样忽略了）。

3.整个电影在太空就出现了画面感极差的地球（和地心引力相比），单调的土星，新星系单调的空间（记得就出现了一个单调的行星画面，大概停顿2秒钟）以及几个颜色单调且难看的星云或超新星爆炸什么的背景。无论星云还是超新星爆炸等等的画面，肉眼只会看到白光，且很微弱，而电影里出现的画面只能是电子眼长时间曝光下的效果。因此，既然电影想要展现星云，请把效果做好点，不然就按真实的人眼识别的图像来做。在地球晴朗的夜空下用相机随随便便拍摄的星云也要比电影里好看不知道多少倍。

4. 从没见到如此难看的地外行星，这种星球的场景随便在我们大四川好多地方都可以拍摄，除了穿上了宇航服，敢说是外星么？，成本压缩到这个地步，搞什么飞机 (马克达蒙还好意思说这里的风景很美）。惨白的天，混上了石灰的水，放大版的海啸，冰原基本上构成了这两个星球的所有要素，甚至连风都没有一丝，更别说日出日落。反过来看我们太阳系，8大行星各具特色，都是美的惊天动地，海王星，天王星，土星，火星，木星哪个不是鬼斧神工之作。

科学上觉得扯蛋的部分
1.地球到土星需要2年，说明电影假设时代的科技并不比现在发达多少。进入新星系后，在太空的与在第一个星球的时间差怎么可能有那么大，因为从太空到该星球在电影里就几柱香的功夫，这又不是超光速旅行，黑洞如何把相聚不远的两个地方时间扭曲成1小时：7年，而且还不被吸进去。

2. 第一个星球没有狂暴的大风，也没有强烈的地震，也没有超大的卫星，电磁设备也运行正常，海啸怎么来的，如果黑洞引起的，那黑洞又不像月球那样围绕地球转动引起一波波潮汐，怎么引起的海啸是一波波的，如此大的引力也没把这个渣渣星球的大气吸走。

3. 第二个星球的大气部分固态化，气层浓厚，这样一个冰冻星球气温应该非常非常低，男主角还能把手套取下来，面罩破裂后身体还完好无损。其次我曾在科技文章上看过宇航服造价都是千万美元起，竟然用头碰两下就坏了，就算是几十块的摩托车头盔也没那么渣。

4. 既然用于探索适于人类居住的行星，那飞船上肯定带的有各种检测仪，例如检测适合人类生存所必须的水，氧气，阳光等等。现在在地球上科学家都能分析出太阳系其它行星的构造，那帮人是哪根神经坏了驱使他们先不去空气通透，有固体地表且环境较好的第三个星球，而是选择前面两个渣渣星球的。

5. 就连跑土星都要2年的飞船，怎么能够在近距离摆脱黑洞，而且电影里几乎从不涉及黑洞的吸引力，而是描述了主角主动直奔黑洞。其次不断拍摄飞船高速度运行时演员那夸张的表情，特别是那爱哭女人的表情，但又不配上其它应有的效果略让我恶心。

6. 根据目前的科学理论，黑洞是看不见的，只能通过力场的干扰等现象来推测，电影里的黑洞显然是个大大的黑体。

7. 结局更是乱扯，就那个人造空间站能住几个人（目测还没极乐世界的大）。从主角女儿领悟了救世密码，到倾尽全地球人力物力财力也得花好多好多年才能在建造那个空间站吧，那个男主角在这期间就在太空飘着？还是在他书架后面的多维空间躺着？

PS：类似的时空门在‘时间轴“这本书就有，机器人又没银河系漫游指南的萌，空间站在极乐世界，刘慈欣的三体也有，总的来说该电影没多少突破的地方",2,https://movie.douban.com/review/7422680/
Interstellar,"除了IMAX 以外，这部电影还剩下什么呢？
诺兰找来了《Contact》和《Cargo》的剧本，然后找来一帮一线明星、顶级配乐师，再花大价钱找人做了特效，然后一部能赚大钱的电影就出炉了。虽然喜欢挖坑的他想烧一下观众的脑，可对于被蓝翔状元魔法特虐了好几年的我们来说，这点坑都不够绊脚的。
模糊的背景设置，可笑的物理学知识。不管演员是多么卖力，场景是多么华丽，平庸的剧本让整部电影都缺乏一种力量。当然，剧场里的观众不会这样认为，因为IMAX挽救了这部电影。
上帝是公平的，在大师辈出的年代没有以IMAX为代表的技术，而商业与人文关怀似乎总是不能得兼。",2,https://movie.douban.com/review/7414430/
Interstellar,"那些泪流满面给五星的，你们是不是全部都嗑药嗑high了？？
良心点评这戏值★★☆，五星卖点在哪？一帮脑残粉坑人不倦！
卖科幻场面吗？跟《地心引力》《01太空漫游》不出伯仲。
卖情感催泪吗？女神一号Anne Hathaway都被Christopher Nolan拍成路人甲乙丙了。
卖惊险刺激吗？你可别告诉我记录型的传记科幻片男主角动作会比《非常人贩》更劲爆。
毫无卖点不止结尾的五维空间都不知道算是导演温情的“神来之笔”还是纯粹想拖沓节奏凑够180分钟。
总之， 跟《盗梦空间》比起来，这一次Christopher Nolan让人好生失望。
公正两星，拿好不谢!!!",2,https://movie.douban.com/review/7386854/
Interstellar,"细节1. 我认为库珀更喜欢女儿。一家三口追印度无人机的时候，儿子差点开到悬崖下面去了，库珀这么说，我让你跳崖你也去啊！
库珀带女儿去找秘密军事基地看到门被锁了，女儿说你不是带了老虎钳子吗？去剪开，库珀这么说了句：真是我的好女儿。

细节2：当墨菲和弟弟吵架 烧了玉米田 再偷回到房间里的时候，打开盒子第一个就是手表，而手表的指针已经在传递二进制信息了，第一眼墨菲没有注意，以为手表坏了。而那个时候库珀的主线还在曼恩星球上和曼恩打架。等于说按时间线，墨菲在进入房间前，库珀已经在五维世界想通后传递引力方程了。

最后还有几个问题，
问题1，库珀说太阳系外最近的星球在1000光年之外，而我搜索到的
“目前认为蛇夫座的巴德那星有行星围绕其转动,距离我们5.94光年,而暂时还没有发现比邻星（4.22光年）有行星系的迹象.所以巴德那星应该是离我们最近的“太阳系”骚哥5041 2014-09-30”
问题2电影中的他们究竟是谁？
以电影直接给出的答案 是未来的人类。那么他是墨菲库珀破解引力后的地球人类，还是艾德蒙斯星球几百个受精卵产生后的人类?


问题3库珀被黑洞吞噬后进入了五维世界，但是在五维世界里他看到的所有时间片段都是女儿的那个小房间（除了五维世界坍塌后的和海瑟薇的握手） 按理来说他到了五维世界应该可以看到所有的选择，结果。


问题4库珀是在黑洞所在星系被吞噬了，最后五维世界坍塌，库珀反而在土星附近被飞船找到。怎么穿越的？


问题5我们在四维世界中，时间是我们的限制，我们不能回到过去，或者跳向未来，那么在五维世界中，他们可以看到时间的开始和之后的结果，并且通过引力去向低维度去沟通，那么五维世界的限制是什么？ 对于他们来说这个限制四维世界的时间是什么?

问题6 小白问题，曼恩博士在初步夺船之后，他会怎么办？从我得到的细节来说，他在离开地球之前就知道布兰德博士引力方程解不出，又不可能得到黑洞的数据，所以他认为地球是没救了，库珀知道plan A是骗局之后执意回家，是曼恩起杀心的原因。他在这个星球上受不了死亡的蔓延，就发送假信号，他在进入永恒号之前还对男女主角说过一句，等我进入之后我们再讨论任务如何完成。所以我认为曼恩如果夺船成功，他不会回到地球，他会去艾德蒙斯的星球。",2,https://movie.douban.com/review/7386414/
Interstellar,"不明白为什么评分那么高，去电影院看的，很后悔，一点都不好看，唯一说还挺好的就是最后的一二十分钟的悬疑片段还行，其他简直就是胡扯，导演自称找了世界一流的研究黑洞的科学家做顾问，扯犊子呢吧，有没有一丁点的科学常识，任何东西靠近黑洞都会被压扁拉伸成分子、原子大小的东西，就相当于把大米磨面粉，然后再组装成大米形状，还是原来的大米么，人进入黑洞，被分解成一个一个的分子、原子，出来后假设能组装，组装成人，还是原来那个人么（而且任何东西进入黑洞，是不可能还能出来的，靠，有没有一丁丁点的科学常识啊！！！！！！！！！！！！！！！！！！！！！！！！！！！！！）
附注：关于黑洞的真实解释，请参考：http://tech.qq.com/a/20150116/019207.htm?pgv_ref=aio2015&ptlang=2052#p=1",2,https://movie.douban.com/review/7344861/
Interstellar,狗血淋头的情节，低劣的令人发指的布景道具，漏洞百出的细节以及随处可见的穿帮镜头，这一切已经令我连吐槽的力气都没有了，最雷人的那个机器人的造型，让我以为自己在看恐龙特急克塞号大电影……实在不理解为什么这么多脑残粉，这部电影有哪怕是一点点科学性可言吗？完全就是披着伪科学外衣不伦不类的老套煽情片。太空题材？还是去看看Gravity吧！,2,https://movie.douban.com/review/7226418/
Interstellar,"在我读完了刘慈欣的《三体》之后，我开始看不下去所有其他的科幻作品，包括书籍、电影以及所有科幻的表现形式，我总会在看完之后（或者在你看完的时候）撇撇嘴说，这算什么科幻。
    为什么这么说，说的这么自负。
    因为我看过《三体》。
    就像一个见识过万里长城的人不会再对哈德良长城发出赞叹，我的科幻爱好起于《三体》，也将终于《三体》。可能我喜欢的不是科幻，而是《三体》。
    少年的浪漫在于憧憬宏大的战场上万炮齐发，在于羡慕军人身上笔挺的军装，在于推演室里不断嘈杂的电报声中身材高大的将军举起指挥棒的那一丝自信的微笑。
    联邦，机甲，将军，皇帝，反坦克地雷，莫洛托夫鸡尾酒，宇宙，太空，星系，间谍，督战队，这些是一个渐渐长大成熟老去的少年一生不变的激情，是一看到就会热血沸腾荷尔蒙急速分泌的美妙字眼。所有追梦的少年都会在心里给这些闪亮的星辉们留下一席之地，并且不屑于与别人说起，却会在某个平凡的聚会上讲起战史口若悬河，你看，他的眼里闪着光芒。
    等到渐渐成熟，这些都会酿成哲学。
    我读到《三体》里星舰国际那支人类历史上最伟大的舰队排列的整整齐齐如同一把发光的梳子般划过太阳系的天空，想象着这是人类最强大的武力用最直接的方式宣泄着整个人类文明的自信，眼泪不知道留下来多少——虽然我读过无数遍，虽然我知道在下一页这支人类最强大的舰队会被三体文明用最简单粗暴的方式全歼，但是我仍然骄傲的留下激动的泪水，好像回到中国申奥成功的那天夜晚，真心的为自己的文明能够爆发出如此强大的力量而自豪。
    虽然这只是一部虚拟的小说。
    但是不要嘲笑一个少年的赤子之心。谢谢。
    这就是我为什么能看懂《星际穿越》，并且因为这部电影而感到不屑。
    《星际穿越》在宏达的人性图卷上浅尝辄止，有些畏缩的避开了人类文明延续的问题，着眼于一个父亲对于自己的女儿的爱，这是这部电影最大的败笔。前期大部的相对论等高深理论的铺垫，最终落在了奇幻小说的格局上，这是导演的失职。作为一个期待值极高有着相当大票房号召力的好莱坞级导演，诺导，您对不起少年年轻时候的梦。
     不过只是个老文青罢了。
    电影开头启用了末日危机的噱头，但是巧妙的把这种危机符号化了——没有刻意解释危机形成的原因，好像冥冥中一个直白的画外音轻声说道：人类面临危机，人类将要灭亡，滚滚袭来的沙尘暴不知从何而来，这种文艺范儿表现的很漂亮，很洒脱，远远强过《雪国列车》，足见导演功底，这就是诺兰导演的价值所在——然后开始了他标志性的诡异叙事，设计悬念，把这种漂亮的功力勉强延续到了电影开始后的三分之一，然后让后三分之二毁了这部电影。在文明层面上的表现与渲染，《星际穿越》甚至不如《阿凡达》。
    拖沓的情节，脆弱的逻辑，在“烂柯”典故结束后开始崩坏，只想着女儿的指挥长，只想着爱人的女宇航员，没什么存在感的另外两人，一个苟且偷生片面黑化的上一批探索者成员，让宇宙背景瞬间跌落至最普通的家长里短，让人不忍卒睹，让人扼腕叹息这样宏达的前期铺垫最终变成了几个人类个例最自私的所谓爱。
    亲人之间的爱是深沉的，是无私的，是最值得歌颂的，没错。
    贪生怕死是人类的本性，也是值得另开一篇论文来探究的。
    但是，请不要不要不要打着科幻的名头，谢谢，不要侮辱科幻，谢谢。我操。
    科幻不是一个只用来吸引票房的噱头。
    相对论也不是。
    这种立意随随便便搞个摄影棚排成韩剧或者排成小成本的类似于《小鞋子》那样的文艺片就好了，别拍成科幻。
    我们想看的，是宇宙层面上文明的交汇，是科技哲学的渲染，是叶文洁因为受到所有人的背叛最终请求“主”的降临改造人类社会，是罗辑因为爱而一个人孤独的静坐十几年保持对三体文明的威慑，是云天明因为爱着程心而送她一颗星星送她人类生存的最后希望，是面壁者为了心中的理想和信仰费尽心机计算致胜的方式，是人类文明为了文明的存续和人类的尊呀向远比自己强大的三体文明开战，宁死不屈。
    而不是这样，打着科幻的噱头，搞一个看似宏大的宇宙图景，然后给其中的一对父女开最强大最二逼最无语的主角光环，一个能他么的进入四维空间（明明是3.5维），另一个更牛逼，青春期的小姑娘不追贾斯汀比伯居然他么的用莫尔斯电码翻译自家的书架而且还翻译成功了……我我我，这槽从何吐起啊我了个大草。
    看科幻是为了温习少年的梦，温习那些年仰望着星空想象着星星上的人如何生活的少年心绪，温习当年曾想驾驶机甲拯救世界的小小野心，而不是看包裹在科幻外衣下的家庭剧。
    大导演，大作家们，请不要嘲笑我们的梦想。
    谢谢。",2,https://movie.douban.com/review/7217464/
Interstellar,"Nolan的《星际穿越》太令人失望了，整出戏启于一个非常牵强的动机，故事推进完全没有Nolan一贯的层层铺垫的叙事手法，缺乏最前沿的物理学理论，只是充斥着一大堆当今科幻小说中已用烂的桥段，但又为了营造戏剧冲突而生搬硬套更显突兀，甚至部分情节根本不合乎物理学规则。同时人性和社会伦理探讨过于肤浅流于形式，当年拍出《记忆碎片》、《盗梦空间》和蝙蝠侠三部曲的Nolan大神这次明显野心太大而操之过急了。
在此仅劝各位科幻小说迷勿入，《星际穿越》只会令你们失望，这戏只适合非科幻迷自行YY而已。",2,https://movie.douban.com/review/7213301/
Interstellar,"Nolan的《星际穿越》太令人失望了，整出戏启于一个非常牵强的动机，故事推进完全没有Nolan一贯的层层铺垫的叙事手法，缺乏最前沿的物理学理论，只是充斥着一大堆当今科幻小说中已用烂的桥段，但又为了营造戏剧冲突而生搬硬套更显突兀，甚至部分情节根本不合乎物理学规则。同时人性和社会伦理探讨过于肤浅流于形式，当年拍出《记忆碎片》、《盗梦空间》和蝙蝠侠三部曲的Nolan大神这次明显野心太大而操之过急了。
在此仅劝各位科幻小说迷勿入，《星际穿越》只会令你们失望，这戏只适合非科幻迷自行YY而已。",2,https://movie.douban.com/review/7213300/
Interstellar,"看了很多影迷的的评论！~~大部分都是以惊艳来表达自己的看法，于是我也跑去看了，接近三个小时的时间让我很蛋疼，真的是一种煎熬！~~于是注册了个帐号来吐槽！~~~~~

       首先介绍一下自己，本人对电影谈不上痴迷，但是也经常去看看，有好电影也会给朋友分享介绍，穿越是我第二次上当，第一次是小刚同志的私人订制。不扯远了，开始吐槽！~~~~

      第一，优秀的宇航员回农场种庄稼，就已经够扯淡了，重新组建后为什么没有召回？？

      第二，去外太空寻找星球拯救地球人的理由依然扯淡！两个理由太牵强，一是庄家得病粮食不够吃，二是庄家得病氧气越来越少！我想请问，粮食越来越少难道就没有决解的办法吗？？去外太空这样复杂的高科技都能决解难道决解不了庄家问题？？？二是氧气！氧气难道是单靠庄家植物提供？？？？你TM好歹也来几个森林树木或者草原也得病枯萎的镜头撒！！~~~伤心！！~~~~

      第三，重力问题，连接上那个锅盖一转一转的就像在地球上一样可以行走了。已经到了太空失去重力，难道靠一个锅盖转来转去就有重力的，就可以不漂浮了？？？

      第四，休眠那个同志醒来，就跟正常人睡觉醒来一样，没有任何生理不适。我的哥，一个睡了几十年的人难道不会出现肌肉萎缩，TM的老子鼠标用多了小指都会不能弯曲，太久不下床的人突然下地脚都会麻木，真的有点扯淡！~~~
      
      第五，跑到那个水球上去，没有任何试探你就晓得那个水有多深，直接就停下来了？？？？

      第六，在那个冰球上，头盔被打破了居然没死？？？这里得引发几个小问题，那个冰球上有空气吗？如过有空气并且和地球上的空气压力相差不大我就原谅他了，如果没有空气或者压力相差很大，你还不死，请问导演你做过把小动物放在瓶子里再抽干瓶子里空气的实验吗？？？氧气问题我就不扯了，说多了都是眼泪！~~~~

      好吧，今天就吐这么多，其他那些数理化的专业东西我不在行，没有发言权，就扯这么多，希望来个打高分并且所谓看懂了的大神来给我上一课，谢谢！！~~~

     最后在唠叨一哈，太空类的上次那个叫撒子地心引力的，我觉得比这玩意强多了，深度类的盗梦空间也很给力，多线类的致命魔术也不错，画面类的也有阿凡达（虽然我不喜欢阿凡达）

      好了不说了，这次是真的！！~~~~",2,https://movie.douban.com/review/7212722/
Interstellar,"看了这么多积极向上的影评，老夫实在忍不住来吐槽一发了，尤为欣慰的是发现陈老巨（http://movie.douban.com/review/7188684/）的有些观点与咱挺相似的，在看下面对他影评的回复，不得不对有些人避重就轻、缺少常识的评论，而感到深深的捉鸡。
所以在此呢，咱就说重点，也就是俺以为AB计划是根本没有去做的必要。
先来明确一下电影里的前提背景：当时地球环境破坏（各种沙尘暴）、人口暴多（60亿）、植物接连患枯萎病（我只记得是粮食作物，其他植物好像没提，有记得的同学明确下）。由于植物的枯萎导致氧气浓度不足。

好了，这是前提，主角们的计划是到外太空寻找殖民地，最终的结局是在宇宙中建立了一个巨大的空间站，植物在空间站中正常的生长着，那个女科学家孤独的一个人在一毛不拔的新星球上等待着。

现在，问题来了，有去太空建空间站的必要么？有去找新殖民地的必要么？

首先不管去否都要解决植物的枯萎病问题，枯萎病由真菌、细菌等各色微生物导致，咱就假设真有这么牛逼的微生物存在好了（其实不可能，详见知乎这篇植物病理学PhD的帖子http://www.zhihu.com/question/26652610/answer/33591934?utm_campaign=weekly153&utm_source=weekly-digest&utm_medium=email），主角最后即使成功了又如何还不要植物的问题能解决了才行，全人类会傻逼兮兮地把希望放在主角身上么，显然是放在那帮植物学家身上。

其次，乃们觉着和治理地球环境相比，在外太空建立小行生态圈更容易？老夫几年前刷过的记录片里面就明确地讲过一帮人在沙漠建立小型生物圈失败的故事了，叫生物圈II号，自行搜索吧。在退一步讲，未来人类就是牛逼的建出来了，有必要搬到外太空么，不能在地球上建么，比如造一艘大船，放在海上不就好了，搬去沙漠也可以啊，去太空是真烧钱的土豪啊。

顺带说一句，植物造成氧气浓度降低简直呵呵，不少记录片里都讲了地球上氧气和二氧化碳的最大储量库是海洋，约70%。无知的人类快去膜拜藻类和珊瑚礁（死去的藻类，主要成分是碳酸钙）吧，电影里不提他们说的过去么。

预计有人会反驳地球大环境已经破坏的不成样子或者全球的大变化已经不适合人类居住，咱继续呵呵。乃们觉着乃们6300万年前的祖先是怎样逃过恐龙灭绝的，乃们觉着乃们50万年前的祖先是怎样逃过第5次冰期的，用大环境说事的简直是没理由没证据想一言以蔽之抱着电影就是这样设定的你能拿我怎么样这样的心态的蹩脚的挣扎啊。咱就算遵循电影的设定，地球环境真的治理不了，咋可以在地球建隔离区啊，地球温度没太空低，又没有各种宇宙辐射，又有天然的重力方便人的生活，还不知足啊。

当然咱并不反对在太空建设殖民地这种想法，这是可行的，但放在这种背景下，实在是怎么看怎么别扭，就像一个矮穷挫想泡白富美一样的心态，能get？之前也有人提到过，太空殖民地容纳不了这么多人口。

前提很重要，你可以说的很没有道理，比如coherence里面那颗牛逼的彗星，比如千钧一发里牛逼的基因技术，但一旦设定好了，后面剧情应该是顺应这个前提而诞生的，而不是让人觉着该剧情在那样的背景下，一点也不现实。

我想，要让地球真的在也不能容纳任何生命的存在，可以写这样的前提，比如说某黑洞要靠近太阳系啦，太阳近几年突然抽风啦，太阳要衰竭啦，之类的理由，才说的过去。

关于科幻方面到底硬不硬，咱真的不想说了，首先这个设定就不硬，黑洞引潮力已被吐槽无数次，真的，别妄想了，主角进不了黑洞边缘就会被撕碎的。

还坚持硬度的，先去看完凡尔纳的神秘岛，再来讨论这个问题。

总之，被拍成科幻电影的各种梗，都是70年前科学界的假想，50年前的小说，经典常在，多刷写经典，多看几部记录片，不要跟风，不要不懂装懂，不要不讲事实不讲道理，这样的评分会科学很多。

嘛其实我想打三星的，但为了拉低平均线，只能昧着良心给2星了。",2,https://movie.douban.com/review/7211949/
Interstellar,"诺兰是个不错的导演。是个真正的导演。是个不了解科学却想用自己的认知来诠释科学的导演。

当然科学在这部片中只是一个噱头。我并不想数落片中的物理问题，但是有一点却是让我无法接受的

那就是作为一部科幻片，片中人物怎能如此的非理性。

没错你可以说影片的主题是爱，和理性无关。但是送上太空的不是演员，不是艺术家。这些人，至少应该会像一个“理科生”一样思考。

科学的世界是很复杂的，并不像导演或者大部分平凡人所接触的社会那样，感情用事，率性而为。没错他们可能会很无聊，很不近人情。这是踏入科学领域最基本的要求，就像没有腿的人不能跳舞一样，很残酷，但是很现实。不经过理性逻辑思维训练的人，只会把研究搞砸。

但是诺兰以为科学家像娱乐界的人一样，可以冲动行事，可以不经思考，可以任由情感驾驭理智。他错把科学家的“灵感”和艺术家的“任性”相混淆。

所以一个出色的导演，他可以是业内极其成功的楷模，他可以见多识广，他可以才华横溢，但最终在这种他完全不了解的领域，他还是像一个婴儿一样无知。

学几个物理名词并不难。像粗通一点物理理论也非常简单。但是想学会像科学家一样思考，可能是他一生也做不到的。


所以他只能把文艺片的剧情套在科幻上。

所以他只能以纯粹的浪漫主义来诠释理性。


就像飞得再高的鹰，也无法想象海底的鱼是怎样生活的。所以他告诉我们，鱼也是在海底扑闪着翅膀飞翔。


让我们回到剧中人物上。

偌大的NASA里，没有一个真正像科学家的人。唯一一个为人类未来担忧的老人，却差点成了招人恨的反面形象。

心理素质再差的人也能上天。想想中国航天对宇航员的审核有多么严格。Cooper这种连开飞机都会被淘汰的人，成了人类的希望。

儿女情长。甚至在穿过黑洞之后，Cooper还在为自己拯救人类的行为而后悔。他后悔没有陪在女儿身边一起等死。他相信只要留在地球并且装作不知道危险，一切就都会好起来的。

因为导演就是这么想的。

最后拯救人类的是“他们”。所以老科学家最后的远见和牺牲都成了反面典型，因为他“放弃了我们“。而只要我们不放弃，就能战胜一切。如果战胜不了一切，就一定会有神来救我们的。

听着熟悉吗？人定胜天。人可以让地球服、海洋降，强迫宇宙吐宝藏。人有多大胆，地有多大产。。。

我想起了《银河系漫游指南》中，地球毁灭前用纸袋套住脑袋的人。

在浪漫主义导演面前，地球就这样被拯救了。

被爱拯救了。

爱是唯一能穿越所有维度的矢量。

为什么一种动物颅腔内的分子级别生物化学反应能穿越维度？
女人说，因为这样听起来好感人。

Amelia认为，对死去的人的爱无法被科学解释。

我想说，这种狗屁逻辑只是自以为是的秀下限而已。琼瑶剧中这种对话再多也不嫌多，但是这么文盲的话不应该由科学家口中说出。

不好意思激动了。因为实在对这部影片的价值观非常反感。

一艘大船即将沉没，而船上只有一条救生艇。你会让小艇载着幸存者保留人类的火种，还是让它随着大船一起沉没？

影片给了我们答案。只要有爱，即将沉没的大船就会自己浮起来。精神战胜一切。",2,https://movie.douban.com/review/7210148/
Interstellar,"看影评9分，就决定去看了，坐了三小时，大场面没有，打斗没有。有疑问，穿个宇航服的人是怎么承受超光速穿越？在黑洞，飞船都要烂了，穿宇航服的人是怎么穿越黑洞的？两人打架 头互碰，男主的帽子都碰个洞。怎么解释呢？不要跟我说那里极寒，黑洞是热的。就是五维空间未来的人类相助，就是等于神助。一个不合常识不合逻辑的电影，冠以高智商那就火了，看不懂的都是智商有问题，不懂装懂的用一些无法证实又无法证伪的东西说通之后就好似自己是导演了，估计导演都不知道自己在拍什么。我说五维空间是永恒，万物永恒不变，人无生老病死，时间就没了意义，成了实体，好似人手中的玩物，永恒世界里 无大小，无多少，就好似佛法里的极乐世界。和尚圆寂就是去五维空间。然后你说个十维空间出来，他说个百维空间出来。有何意义？你说这是给大家想象空间 我说倒不如说是 给了大家自我为是，吹牛的空间。还不如看 辩护人 来的有意义。
导演可是爽死了 用了这么少的人 就在一个房间里拍成的自己都不知道是什么的电影。忽悠了这么多人。还不如看 复仇者联盟 变形金刚来的爽快。",2,https://movie.douban.com/review/7209027/
Interstellar,"克里斯托弗-诺兰之于好莱坞，便如王家卫之于香港，是那种典型的鬼才导演，其作品都带有鲜明的个性特色，令人过目不忘，《盗梦空间》、《记忆碎片》、《致命魔术》都包含了一个巨大的悬念，影片结尾悬念揭开之后好多人还转不过弯来，直到在豆瓣、百度贴吧上搜索相关的解惑帖子之后，仔细琢磨一番，才恍然大悟：“原来竟然是这样一个故事！靠，太牛逼了！”
《星际穿越》上映伊始便在微信朋友圈里感受到了不同寻常的热潮，很多朋友都去看了，不少人大加赞誉，还有人发了《看懂星际穿越必备的物理知识》来解释黑洞、虫洞、相对论、五维空间等概念，为了怕剧透，我没细看，不过期望值倒是被提的很高。
然而在影厅里花了160多分钟看完本片之后，却完全没有当初《致命魔术》《盗梦空间》观后的震撼，原因是我竟然一遍就把这部号称高上大兼烧脑的科幻巨制给看懂了！黑洞、高维空间这些概念虽然晦涩，但对于我这样一个将《三体》视为科幻圣经的人来说，理解起来根本毫无障碍。后来虽然照惯例去豆瓣和百度贴吧看了有关的释疑帖子，结果仅仅是印证了自己之前对影片的理解罢了，再无从前的震惊与叹服。
影片最大的悬念就是未来的人类通过穿越时空的方式给现代的人送来启示，使他们的科技水平发生质的飞跃，从而躲避了世界末日的大灾变，在太空中建立起庞大的空间站，让人类得意继续繁衍生息，说穿了都是很老套的梗对吧？真的很老套，无数穿越题材的小说、影视诸如《终结者》、《触不到的恋人》、《别拿穿越不当工作》以及我前不久读的东野圭吾的《解忧杂货店》，采用的都是这个桥段：未来的人穿越时空改变了现在，被改变的现在又影响了未来。因果往复，形成一个循环，只不过这个循环存在逻辑上的漏洞，为了说明这个问题我想借用《星际穿越》百度贴吧中所举的一个经典例子。
一个少年在散步时不慎跌入湖中，拼命挣扎，眼看就要淹死，忽然一个老人把他从水中救起，之后老人消失无踪。少年发奋苦读，成为一个物理学家，在几十年后发明了时光穿梭机，回到过去那个他落水的时点，从水中救起了快淹死的自己。
一个很典型的穿越故事，基本情节在本质上和《星际穿越》别无二致，表面上看很似乎很圆满，但细细推敲便会发现矛盾：少年得救才能成为科学家，成为科学家才能研制出时光机回去就自己，这成了一个环状的因果结构。少年得救的前提是自己能平安长大成为科学家，而如果他不能得救又怎么能平安长大当科学家呢？这是一个先有鸡还是先有蛋的死循环！帖子原文认为在本片科学顾问物理学家基普·索恩的观点中，从高维宇宙看来，穿越到过去，去拯救，去做的一切，本身就是历史中的一部分，一切都是被宿命的。因就是果果就是因，一切都是客观存在。
然而这个解释却让我觉得有些强词夺理，关于穿越时空我有自己的理解。为了解释其中的矛盾，我们不能把时间想象成单一轴线，而应该想象有无数条时间轴，无数个平行时空，在每一个时空中都有一个少年，在A时空里他落水后淹死了。而在B时空里他没有落水，平安长大的他成为科学家，研制出时空穿梭机去往A时空中自己落水的时点，救了自己。这一举动的实质相当于在那个落水的时点将A时空的时间轴掐断，再将B时空此时点之后的时间轴线接续到A时空上，形象点说就是两股车道并线，是个字母Y的形状，而非单轴线时空中的环形。这样才能在逻辑上把这个“自己救自己”的故事解释圆满。
当然平行时空仅仅是一种假说，而且很难想象。平行时空理论上应该存在无限多个，就拿刚刚的例子来说，A和B仅仅是无数时空中的两个而已，在其他的时空中少年可能既未溺水身亡，有没有成为科学家，而是去当了一名卡车司机，而另一个时空中他可能又可能是一名帮会小混混……凡此种种，不一而足。每个时空中的他都不一样，因为诸多因素的无限性，所以平行时空有无限多个，人的大脑无法想象完整。我最早接触这个概念是在大学老师讲矩阵的时候，设想一个二维矩阵，每一个维度即代表一个参数，组建成一个简单的二参数宇宙模型，因为每个参数的取值范围是负无穷至正无穷，因此这样的时空便会有无限多个。而组成一个真实时空的参数个数本身又是无限的，无限和无限的叠加，所以便形成了无数个平行时空，每个时空都独一无二，所有的平行时空囊括了所有的可能！你是个矮丑穷？没关系，在某个平行时空里你说不定就是个高富帅，拥有着你所有梦想的一切。觉得日子艰难了，就想想平行时空中那个高富帅版的自己。所谓“我在地狱仰望天堂”就是这个意思了。
说完了最重要的穿越话题，再来聊聊影片中对于其他科学概念的表现吧。
黑洞：只存在于理论上的东东，目前尚未被直接观测到，应该也无法被直接观测，因为黑洞具有极大的引力，会吞噬接近的一切物质，包括光和射线。即使存在一个黑洞实体我们能看到的也只是一片黑暗的虚无。至于像电影中的男主那样钻到黑洞里去会怎样？《三体》中做了准确而详细的描写：人会被巨大的引力压缩至纳米尺寸，穿过事件视界之后自然是死的不能再死了，但从外部视界来观察，由于相对论的作用，人被吸入奇点的过程所持续的时间将是无限长，从这个角度说此人获得了永生。影片男主在进入黑洞后既没被引力压缩成纳米人，又未被潮汐力撕碎，反而因祸得福进入了后世人类设置的空间，并成了拯救世界的英雄，最后还能逃出生天，只能说是主角模版起作用，这一刻张无忌、韦小宝、段誉灵魂附体，他不是一个人在战斗！太不科学了，吞噬一切是黑洞的基本属性，连光都不能逃逸出来，请问男主即便不死，他怎么出来的？
虫洞：影片中用卷起的纸很形象的解释了虫洞的原理，本质上就是在高维空间上将低维空间进行折叠，从而缩短了空间上的距离。
时间的相对性：影片里巨浪星球上一小时等于地球上的七年，这是广义相对论决定的。因为那里靠近黑洞，受巨大的引力作用，光速变慢，时间的流逝也就相对变慢了很多，所以才会产生沧海桑田，再回首已是百年身的效果。《三体》中程心因为乘坐的飞船误入光速黑洞，由于那里面的光速接近于零，等她花了十几分钟从中脱困而出的时候，外面的世界已经过去了几千万年！原本她的爱人在外面等待着历尽艰辛后的重逢，结果两人竟相隔了几千万年的距离！最后她只看到爱人留给她刻画在石头上的讯息，我无法用语言形容自己读到此处时内心的震撼与惊恐，相对论的威力竟至于斯，一瞬间就让相爱的两个人天人永隔！《星际穿越》对时间相对性的运用也非常成功，尤其是影片结尾时，站在床前的是风华正茂的父亲，而躺在病床上的却是耄耋之年、行将就木的女儿。两代人跨越时空的牵手，见证了亲情和爱的力量，见证了人类顽强与命运抗争的不屈斗志，将影片的主题大大升华，可谓感人至深，是全片最大的亮点。
高维空间：这应该是全片最烧脑的一个概念了，幸好《三体》对它做了形象的描绘，但是小说也讲了高维空间是无法用语言描述的存在，四维相对应三维，我们可以用三维相对应于二维来类比想象。《三体》里讲了这样一个故事：一名妓女因为偶然进入了高维空间，她轻而易举的便拿走了皇帝秘藏的宝石，这是魔法吗？不是。我们设想一下，在一个二维平面世界里有智慧生命的存在，他们身体的形状就只能是点、线段或者小平面。在这个二维世界中的国王有一颗珍贵的宝石（假设宝石是一个点的形状吧），为了防止这颗宝石被偷走，国王在宝石周围修建了一个牢固封闭的圆圈。想象在这个二维的世界里，圈外的人想要拿走宝石，就必须要打破这个圆圈才行。而对于我们生活在三维空间的生命来说，如何能在不打破圆圈的前提下拿到宝石？再简单不过，我们只要伸手从圆圈上方把宝石拿走就行了。《三体》故事中的妓女就是因为进入到了比我们三维世界更高一个维度的空间之中，所以我们三维空间中再严密的防护（比如一间密不透风的房间），对她来说也是形同虚设，她要做的仅仅是从另外一个维度把宝石轻松地拿走而已。《三体》中的说法，宇宙诞生之初拥有高达十一个维度，那时被称为美好的“田园时代”，然而经过多年的星际战争，智慧生命用降低维度的武器彼此攻击，结果导致现在的宇宙只剩下三维空间了。即便这样还有智慧生命在把三维世界降成二维，所用的武器就是全书中的终极大杀器：“二向箔”！最终太阳系就是被这玩意变成了一个平面！《三体》中的高维空间是一种客观存在，我们三维生命也可以进入，进入之后会觉得极度广阔浩淼。但《星际穿越》中的设定似乎是人类在未来科技发展之后才得以进入更高的维度，更恐怖的是他们突破了时间维度的单向性，可以影响过去未来。这样一个在空间上达到四维，时间上能往来自由的高级文明，相对于我们这些空间上仅能在三维活动，时间上仅能单向前进毫无自主能力的低等文明来说，那简直是神一般的存在了。""他们""要想救我们想必也是轻而易举，最后男主传递给女儿的不过是一组方程式就拯救了全人类，传递媒介竟然还是最简单原始的摩尔斯电码。“他们”连那么高上大的虫洞都能给我们传送过来，区区一组方程式用得着那么费事吗？最终的奥义藏在黑洞之中，是为了要考验老祖宗们的勇气？星际航行、生离死别、阴谋背叛、自我救赎、舍生取义……只能理解为电影编剧为了制造戏剧冲突而设置的噱头，毫无必要与合理性。
前文多次出现的《三体》，实在是因为电影里出现的科学概念在这部小说里有更加形象和详细的描述，让我无法不在脑海中闪回。再举个例子吧，影片结尾人类建筑的巨大圆柱体空间站很牛叉吧？有网友说这是诺兰在向自己的《盗梦空间》致敬。然而我要告诉大家，这个圆柱体空间站的形象在《三体》里早有珠玉在前，而且稍微剧透一下，如此碉炸天的东东，在书中仅仅是一个衬托性的物件，并未能挽救人类最终的灾难。论及艺术性和思想性，《三体》更远超《星际穿越》，那才是真正大气磅礴的银河史诗。熟悉我的朋友都知道，在文学影视方面我相当的崇洋媚外，给西方欧美国家的评价远高于中国，但《三体》真的是我读过最好的科幻作品，没有之一！相比较这部耗资数亿美元打造的星际大片，《三体》为我们展示的却是一幅更加波澜壮阔、气势恢宏的宇宙画卷，更能引起人们对很多终极问题的思索。“仰观宇宙之大，俯察品类之盛”，抬望浩瀚无垠的星空，自省渺小卑微的自我，每个人的内心深处都会有某个地方被触动，人生观世界观都会发生些许的改变吧。",2,https://movie.douban.com/review/7207543/
Interstellar,真心不怎么样。没有惊心动魄的悬念，也没有太空的宏大的场面。剧情可以说狗血，最基本的黑洞的介绍竟然在探索太空的紧要关头；一点理论的突破竟然会很容易的能够被人类实现；被黑洞黑了以后竟然会回到自己家的书柜；布兰德没有进入黑洞竟然会和库伯一样的年轻；还有在那个星球为什么人类自己会发生生死的冲突？没理由啊？不能一起回来吗,2,https://movie.douban.com/review/7207431/
Interstellar,"很多人评价这部电影把 看懂/看不懂 = 喜欢/不喜欢。

根本不是那么回事。

普通观众，即使没全部明白，多少也知道了整个片子的脉络。知不知道黑洞多大虫洞是什么，完全不影响这个片子是否感动了我。

所以把看懂or看不懂这个问题抛开不谈。

我只知道父女之间的互动让我觉得生硬做作；

在太空通过视频交流男主泪流满面，只让我觉得有人切了洋葱跟我说”你快闻啊你怎么不闻啊？“

女儿从小到大，都是拧巴。拧巴得一点不可爱，甚至也谈不上有个性。直接导致了对他们父女一点不关心。

前面铺垫冗长。之所以说冗长，是因为没有意义。只会让观众想：什么时候上天啊？而不会想：天哪 他怎么可以离开这么可爱的女儿？

想到黑洞频率里，好像根本没有过多的镜头说到父子之间如何亲密如何爱，但后来两人通话之后，还是觉得心里很酸很感动。说白了，导演驾驭文戏的功力不够（真心喜欢记忆碎片etc. 对导演只有膜拜，但不能盲目膜拜）。

剪辑失败。人物经验情感极其破碎。经常发现男主刚刚泪流满面，出来之后和众人又是一副谈笑风生。

就不提其它逻辑硬伤诸如意外闯入航天局第二天就要上天之类。逻辑硬伤可以忍，剧情不懂可以猜还可以看剧透，你花了我3个小时，没让我觉得一丝感动，这不可以。imdb上n多的5-星，为了平衡无数莫名的10星。3星的作品我也给2星，为了平衡那么多5星。",2,https://movie.douban.com/review/7207295/
Interstellar,"刚从影院IMAX厅看了星际穿越回来，一群观众的情绪非常两端，坐我旁边的姑娘哭了，坐我身后的小伙子一直很大声打哈欠。
朋友问我，是不是很好看？
我坐在座位上，等着人潮先散，内心一片茫然。
本人不是科技迷，对剧中各种理论知识没法分析，但从刚刚观影完毕的感受来看，我有以下几点难以理解，敬请高人解答。

一、舒芙蕾？
原谅我太抓细节。因为当老教授提到玉米是现在地球上唯一能种得活的植物后，我就对玉米强大的生存能力产生了敬畏，以致当墨菲和哥哥、嫂子和侄子坐在一起吃饭，嫂子好心问墨菲还要不要来点舒芙蕾时，我茫然了。
舒芙蕾难道不是需要用低筋面粉做吗？地球上都只能种得活玉米了，你哪里来的小麦啊？

二、七年是不是太冒险了？
当男主和女主从第一个星球回来后，时间已经无可奈何地过去了23年，有些苍老的黑人迎接了他们。男主悲痛地回看地球传来的信息，哭得肝肠寸断。
这一段看完，我是真心感动了，被男主的演技打动。
可是，剧情一转，又出现让我理解无能的事情了。
为啥你们到了第二个星球，竟然不慌不忙起来？还记得在第一个星球，因为飞船需要四十分钟排水时，男主那暴怒+激动的表演吗？这里怎么大家就那么从容了呢？
剧情没交代清楚，容我猜测，这个星球的时间没有扭曲得太厉害，所以大家不紧张了，应该是这样吧？
那问题就来了。为什么大家一开始不决定先去时间扭曲不厉害的第二颗或第三颗星呢？
冒着失去这么多时间的危险，去第一颗星，你们这群号称最强大脑的人是怎么想的啊？

三、你确定能把女主送到爱人身边？
剧情最紧张的时候，我又再次精分了。
隐约记得之前的剧情描述，说大家对黑洞都不太能理解，还需要可爱的机器人牺牲自己去探测数据来着。怎么一回头，男主就那么自信地要利用黑洞边缘的啥引力，把女主甩到她爱人所在的第三颗星球上了？
请问，你都没探测过数据，是怎么能计算到哪个位置，以什么角度，往后甩多少个机舱？
好吧，说到可爱的机器人，还有个理解无能或者是我忽略了细节的梗。那便是机器人在第二颗星球上自愿要去黑洞探测数据了，但是它说它需要另一个机器人才能办到。但是话说第二个机器人不是还没来得及修理就自爆了么？那么咱们的机器人后来又是怎么探测到数据的？

四、强大的墨菲是怎么理解神逻辑的？
最后的五维空间梗也一度让我崩溃。男主觉得去太空是个蠢决定，所以就给墨菲留下stay的密码。既然他已经不愿去太空了，为虾米后来又留下NASA的坐标呢？不留坐标不就永远不会离开了？
后来，经友人提醒，说是男主留坐标的时候，是知道机器人探测成功，想要告诉墨菲，他们其实就是我们自己。
我恍然大悟，同时深刻地鄙视了自己的智商。因为我如果是墨菲，先是收到坐标，又是收到stay的密码的话，以我有限的智商，我的理解绝对是NASA是个阴谋，爸爸一定要留下。然而作为拯救了人类的墨菲，她看问题的方式当然与众不同，她一下就理解了，他们就是我们呀！！！

以上就是我队某些剧情的不理解之处，或许是因为有看漏的地方，或许是自己理解不到位。希望大家给予解答！",2,https://movie.douban.com/review/7207196/
Interstellar,"今天去看了星际穿越，实话实说，我觉得真的是超级难看，我看的睡着了，但是只睡了十几分钟，好恨我自己为什么这个时候失眠了，要是能全部睡着就好了，这三个小时我坐下来 屁股疼，腰酸，还腿麻，实在是一点都不值得！
在我看来就是在看一个很无趣的纪录片，还生搬硬套，莫名其妙，叫这个电影是美国人拍的，所以就算扯蛋，还有人说这是有内涵有高度，妈蛋，要是换成中国人拍的估计要被骂到狗血淋头了！
首先整个电影没有什么震撼镜头，而且剧情超级拖拉，节奏死慢，还没什么中心思想，我就感觉一直在摆谱，后面摆的太大了，不好收场了，就硬是凑了一个轮回出来，给我扯什么五维空间，想给人那种美国大片固有的让人恍然大悟的感觉，但是却弄巧成拙，弄的不伦不类，既想拍出灾难片的无助感，又想故弄玄虚拍出科幻片的即视觉，还想埋下伏笔弄出悬疑剧的感觉，隐约还打着伦理剧的亲情牌，但是就是都很失败，四不像！
还有电影名字虽然叫星际穿越，其实拍星际和穿越本身都是一笔带过的，一大段都在discover（是这么拼吗）尼玛，像回到了童年参观科技馆一样，感觉美国人拍这个电影就是在彻头彻尾炫耀自己外空探索能力牛X，总之真的就是典型的包脚布电影，又臭又长，长长臭臭，臭臭长长！
最后我想说，你说我没有文化也好，理解能力差也好，但是我就觉得，人生已经如此的艰难，何必看个电影还让自己不自在？这个电影我给2星，1颗星是给它三个小时的加量不加价，没有功劳还有苦劳，0.5颗星给安妮海瑟薇，长得是挺漂亮的，演技也不错，还有0.5颗星给美国佬，好歹每次穿越都是到未来，比中国动不动穿越到乾隆旁边有节操！但是花个百来块钱去观赏，实属吃饱了撑的腰子疼，有句说句同样来自星星，都教授就更贴近民生！造福人类！好了，我的话说完了！谢谢观赏！",2,https://movie.douban.com/review/7207153/
Interstellar,"这部电影还没上映时就被铺天盖地的诺兰粉给淹没，上映第二天朋友圈就是这种“烧脑”的词。周末正好有时间，我就去看一下这些人的“脑熔点”究竟有多低。

看完后我只想说，这电影18.8元RMB的团购价我都觉得贵了，科幻不如《阿凡达》，科教不如CCTV10，亲情不如《幸福来敲门》，整个影片都是男主和他女儿的各种自私，男主抛弃全人类也要回去找女儿，而她女儿因为男主要上太空而恨了男主23年，这到最后演的是恋父情节吗？

太空物理漏洞一大堆，根本不值得到电影院去看！只说几个常识问题就可以否定整个故事框架：

首先，这么大的NASA,居然只能等下课的宇航员自动上门！

虫洞都能有生物可以随意控制了，还治理不了一个被污染的地球？如果把必需逃离地球的理由换成对我们威胁最大的太阳，那还说的过去。

黑洞，黑洞的质量大的惊人，银河系的中心，或者说是宇宙的中心就是一个黑洞，如果太阳掉入银河系的中心，可以把太阳压缩到一粒米这么大，更别说一个人掉入黑洞。

还有就是时间变慢，假设如电影中一1小时等于7年，那么主角在飞离母舰时，母舰在看主角们时，动作应该越来越慢，就像电影在放慢镜头，因为引力变大，光速变慢，光子所承载的信息需要更多的时间才能到达而。打个比方，我在一光年外举了一下手，你要一年后才能看到，那么这一年你要长大变老，我也要长大变老，但是你看到的是一年前的我，所以你以为我这一年没长大，但其实我是长大的。就算我举完手以光速飞到你身边，那你也要等一年后才能看到我，但是这一年我还是会长大变老。所以男主和女主与其他人在一起后还这么年轻是不可能的，这也是对生物学上新陈代谢的不尊重！

永恒号发生爆炸时，爆炸所产生的力应该是四面八方的，在失重状态下怎么可能旋转的比陀螺还平稳？在那么高速的旋转下，只要有一点垂直偏斜，就不可能接近对接口，导演实在编不下去该怎么对接了，只好把飞船做成《盗梦空间》中的陀螺为剧情服务了！

最后只想吐槽各位脑残粉所推崇的亲情、人情，为什么男主见完他女儿后连他儿子问都不问一句，赶紧开着飞船泡妞去了，忘记那个一直为他守候的儿子，还有就是说在影院哭的脑残诺兰粉，别傻不拉几的说出来好不好，要哭滚一边去哭，没人觉得你多么善感，只会觉得你好骗+思想狭隘

导演还是好导演，影片的深度表现手法不错，但9分真的太过了！",2,https://movie.douban.com/review/7205916/
Interstellar,"每次看到一部逻辑性强的电影，总会十分的激动。因为那会让我在影片结束时感受到大脑的顺畅和发自内心的成长感。但这部片结束的那一刹那，我们反而出现了一种淡淡忧伤。下面我想谈谈我的想法。
       时间，是电影生命的标尺，短了不能完整讲述故事情节，长了会让观看者感觉到疲惫，尤其是脑力电影。这部就是让我觉的很累的电影。170分钟的时长以超越阿凡达的时长。再加半个小时足以变成国产剧的上下两部。
       色彩，总的说色彩的部分还是挺好的。是我喜欢的宇宙色的基调和高级灰的现实，让人感觉深邃。
       节奏，不得不说还可以，在170分钟的时间里情绪的起伏紧紧跟随着故事情节。
       配乐，一般。没有让人感觉一听就吸引的节奏。但是配合画面已然是映衬到位。
       人物情感，完美。从同事，父母，知音，恋人，内心的走戏总是很细腻，这点有一部分是演员的因素，但是导演的把握的确精准。
       现在看到这里就会有人说：“你前面的评价都还不错，为什么却给一个较差的评分？”那是因为下面我说的这一点足以让这部电影的逻辑荡然无存。
      根据爱因斯坦的相对论来看，这部电影对时间和空间的转换、想象完全是正确的，但如果把相对论和人体基因的新陈代谢周期结合，你们就会发现，虽然身在不同的星球但父亲和女儿的身体新城代谢是有固定差值的。这个差值是不会消失的。也就是说无论你在什么地方你的新城代谢是不会停止运行的，父亲的身体衰老程度永远大于女儿。可能你们在符号下的生日差值变小（就是年龄数字）但你身体呈现的衰老状体是不会逆向变化的。所以当那个父亲回到女儿病床的时候，我坚信，导演被自己的逻辑束缚了，也被一个名字叫做“想象力”的借口接管了。
      对于一部主打逻辑和特效的电影来说，逻辑和想象力是让它的特效变的更加让人信服的事情。但当你的逻辑出现一点点的问题时，这个问题就会一直延续到影片结束，会让你的特效和故事结构变的更加苍白无力。犹如近死悲鸣之态。
      这就是我为什么在各项电影要素都不错的情况下已然给它较差的评分。

注：以上内容纯属个人见解，无标准答案。大家看看了之即可。亦可留言讨论。",2,https://movie.douban.com/review/7205374/
Interstellar,"电影是朋友推荐的，看的时候却没有盗梦空间那般酣畅淋漓的感觉，对于其中精妙的物理原理膜拜有之所知寥寥。回来逛了一圈豆瓣，见好评如潮，总觉得有哪里不对。

些许想法，诸位姑且听之。一千个读者眼里有一千个哈姆雷特，就算我看出哈雷路亚，那也是我自己的事。豆瓣处女评，希望各路大神给予一些善意。
--------------------------------------------------------

1.关于人类灭绝

沙尘暴肆虐，农作物大幅减产，人口锐减，军队教育等事业停滞，航天员回家务农，学生不给读书赶回去种地，连大型收割机这样的农业生产资料都基本不见……这样的背景设定让我在影片最开始陷入了【卧槽这搞鸡毛】的情绪中。在【如果世界末日，人们会...】这个问题上，诺兰给出的答案与我心中的预期有偏差，甚至说截然相反。这样的设定就好象一个吃惯米饭的人突然把包子馒头当主食总会不习惯一样，心中难免生出几分不赞同。虽然姑且信之，依旧会影响整部电影的观影感受。至少在一开始，我无法融入到导演要创设的情境中。

【因为资源不足军.事科技停滞】说实话，我是蛮不能理解这个设定的。在我看来，越是艰难的时刻，军.事与科技的投入占的比例越大。这道理很好解释：美国人要吃饭，中国人要吃饭，欧洲人也要吃饭。粮食总共就那么点，我不够吃怎么办?到了这种时候，还讲什么礼仪廉耻，那绝对是一个字——抢！就算不抢，也要放着被别人抢。无论何时，为了保证自身的利益，军.队这种暴力机构都是必要的。
不过换个角度，如果地球上只剩下美国人了，那么暴力机构似乎也没有那么重要了。鉴于电影中并未出现完整的世界格局，提到的也就印度及两个欧洲国家，这一假设似乎是可以成立的。（诺兰根本没提水稻嘛讨厌～）

航天机构解散也有些牵强的。NASA作为军事力量的作用不多赘言。都种时候了，地球都快不能住了，那当然是要往外面跑。在宇宙空间建设基地有难度，在行星表面上建立基地行不行？这情节在很多科幻片中都出现过。航天飞机既然能穿越虫洞，其技术水平要用在模拟地球环境上，也不是不能想象。
关于这点，我在最后仍有疑问并且始终无法接受。

至于受教育人口限制，那也不现实。军.队要发展，科技必不能少，人才的培养更不能放松。面对铺天盖地的沙尘暴，科学家必然会发明各种各样的措施，不论有没有用。我才不相信人类会坐以待毙。

另外这么大玉米地才一家人让我很震惊。劣者总觉得都快末日了，国家必须发动武.装力量紧紧守护农作物。都资源短缺了，所有的资源当然要收归国有，由国.家同一分配。这时候还能有自己的地，美国人的私有制意识果然牛叉。或者情况还没有到活不下去那么恶劣？


2.关于安妮海瑟薇

一行人登录到第一个星球，安妮扮演的Brand惦记实验数据，一不小心让帅哥队友被海浪拍死了。诺指导是想表达理工女的科研精神吗？但是抱歉，我看到的是被诸多人诟病的、拖后腿的、蠢哭了的小白女主。
那段关于爱超越维度的言论，太突兀了，过渡太生硬了，跟先谢国家颇有相似之处。

个人并不觉得安妮在电影中扮演了多么重要的角色，甚至说把她的戏份切光，稍微圆一圆也无损电影观感。感觉上安妮的存在更多是为了迎合商业化的需求。就这点而言，盗梦空间显然做的更优秀。

2.关于影片中的兄长

这个角色很有说头，大概是个反面教材。
哥哥读书不好，升不了学，于是去当了农民。知识水平有限，觉悟也有限。在【教育限制】这个设定下，大概相对论、两方时间流速不同这样的知识已经属于非常高精尖了，他是完全理解不了的。他所知道的就是“教授抛弃地球，父亲抛弃我们”。他泯然众人，平平无奇，甚至，没有父亲的爱。
这么说当然是有些过了。但是相对于感天动地的父女之情，这个儿子到最后甚至是直接被忽略了，连结局都没有交代。两人如此差别待遇，真是忍不住怀疑此子是否亲生。（或者是我错过了什么剧情？）
儿子怨恨父亲—女儿信任父亲；儿子学历低—女儿爱科学，学霸拯救人类；儿子代表的是大部分普通人，觉悟不高—女儿是小部分精英人士，和他父亲一样富有冒险精神、挑战精神，不屈不挠的抗争精神。
电影的主题是爱，是亲情，这本无可厚非。电影中的父女之情着实令人感动。但是用儿子做对比衬托，在我看来，是令“亲情”蒙尘了。这个人是妹妹的哥哥，父亲的儿子哎。你把手心打扮得漂漂亮亮的，手背却脏兮兮划了两条杠，换个角度看，是否也是冷冰冰的残酷？

PS.影评区高举榜首的那片评论，作者在最开始推荐了一篇关于Tom的影评，字字戳中我辈心坎。忍不住要腆着脸说一句，英雄所见略同啊！

3.关于影片后段兄妹的争吵

老爹一去几十年，儿子跟他们父女的精神境界已经完全不同。我没看懂他为什么连妹妹想要在自己原来的屋子里呆一会都不行。至于妹妹放火烧了玉米地引开哥哥……好吧我无语了。
是我错过了什么剧情吗？
放火和冰原两处剧情是交叉剪辑的，实在是莫名其妙。看不懂放火的戏剧冲突，龟毛的我又陷入了不赞同之中，连带导致当时的BGM也显得神烦。

4.关于书架

书架那段剧情，身边的友人看得似乎泪汪汪了，我却看得兴致缺缺。因为早就猜到了。
来之前被小小剧透了一下，大约是“三维看不见四维五维，但是五维却可以看见三维”类似这样的话，因而”ghost”一出现我就知道此物来自高维度了。既然高维度，时间也是变量，那么这”ghost”就算是老爹也没什么好惊讶的。事实上电影的一般尿性就是老爹没跑了。
怀着对电影基础设定的不赞同，我对此电影有些挑剔了。看的时候关注的不是父亲对女儿的爱，更多是在纠结这个五维（还是四维？）究竟是怎样与三维产生联系的。他为什么就会落在【书架后】这个坐标？为什么可以推书？
当然了，最后的解释只能是——因为爱。这么一部以硬科幻做噱头，打着科学基调的片子，最后方程没有解说没有，用一个轻飘飘的love就打发了，WTF？

5.关于传输信号

地球可以发射信号给飞船，飞船却传不回去。这到底是为什么啊？还有通讯使用的传输信号，是激光吗？鉴于光也是有速度的，（相对于宇宙这个大空间）主角其实没跑开太远是吧？连光年都不需要用上啊。（当然是因为中间有虫洞变相缩短距离）
通信信号穿越虫洞没有问题？

6.关于时间与岁数

对于男主124还不是多少的高龄，也算不上是长寿什么的。124这个数据本身就是虚的，男主自己其实没有衰老多少。一小时等于七年，虽然对于地球而言这是几十年，但对于主角自己，就是几小时而已。


7.关于结局

说真的，我没有明白。求大神莅临指导。
【女儿老死，老爹奔向第二春】这个我就不吐槽了，【女儿解开了方程，在太空中建立了基地，拯救了全人类。】到底是闹哪样？
为什么一定要离开地球？离开了地球，农作物就不发病，人类也不发病了？既然地球没法生存要往外面逃，你说一开始废除NASA的设定究竟是个什么鬼？难道是【大部分人智商有限，认定地球不挪窝。只有少数高瞻远瞩的才有长远的目光？】但是说实话，即使是当今世界，现在，2014.11.20，遭遇危机后人类社会也不会放弃往外逃的念头。未来人类社会却出现了倒退，这究竟是为何？
再退一步讲，如果【出去了农作物就能生存，可惜当时的科技无法让全人类移民】那部分移民有问题吗？空间站已经是现实，在未来不久出现一个比较大型的、续航能力长的空间基地培育农产品，不可以吗？为什么就要选择废除NASA这种蠢毙了的，竭泽而渔杀鸡取卵的方式？
电影以【风沙肆虐，农业衰退，导致科技衰退，人类文明倒退】为背景，最后以【科学技术拯救人类】结尾，整个过程给我一种【我本来正常吃饭，你让我每天吃垃圾食品，最后来个每天使用食谱A的人来证明食谱A的有效性】这种行为是不对的，因为你不能证明我正常吃饭就比用食谱A差了。

对于电影中的精妙的物理知识，时空概念，本人没有那知识水平妄加评论。但是这一点高大上的科技知识并不能遮掩整部电影在基础设定就出现的硬伤。电影需要戏剧冲突、人物塑造、情节推进，各方面的因素综合，就好象看一幅画要看整体，而不是因为画中一支腊梅形神兼备就以偏概全。所谓“烧脑”我也不知道烧在哪里，若是物理知识么，需要你知道的他已经交代了，再深奥的就算不懂也没有太大影响。若是整个故事的逻辑构造么……
呵呵。

翻了一下低分的评论，我辈颇感心安，放心地给了两星。这分数其实是打低了的，但是就诺兰曾经的水准，以致命魔术、记忆碎片、为准绳，马马虎虎了。",2,https://movie.douban.com/review/7200428/
Interstellar,"我打四星的电影，现在打低分只是为了把分数往下面拉一拉，离我的心理预期接近一些。
1.星际穿越中规中矩，不值得imdb9.1的高分。imdb9分以上就等于名留电影史上的经典了，星际穿越总让你觉得还差点劲儿。
2.诺兰一直都这样，记忆碎片盗梦空间一直都这样，用一个设计精巧的逻辑诡计去包装一个内在肤浅的故事，叙事方式很华丽，但是抛开技巧看内涵的时候总是在震动你的思想或灵魂上差一点点。
3.据说还有诺兰粉去给肖申克和教父刷一星，太卑劣了。盗梦空间能冲到第四都名不副实。好在它现在掉下来了。
4.一部好电影的关键在于它的内涵，外在只是表象。硬科幻的壳子下面还是一个关于环境保护关于爱的片子，剥去了硬科幻的壳，只看架构，实在算不得一个精巧的故事。可能还不如宫崎骏在环保反战和爱这几点上更能引起人们的反思。虽然里面的演员演的都很动人。
5.马修麦康纳真是快成精了，看林肯律师的时候还被他的皮相迷惑，看真探就已经是佩服，再看星穿，真是一点不带个人痕迹、演谁是谁的好演员。影帝啊！请收下我的膝盖。
6.很多人不敢吐槽不好看是因为怕被说自己没看懂没内涵？问题是作为一个国际知名导演诺兰他真的可以不用拍三个小时的，节奏故意拖的那么慢难道是想让观众也和主人公一起感受一下恍如隔世的感觉？宇宙空间的画面做得那么“朴素”也是为了衬托这是一个严肃又略显阴暗的题材，你们要是再不爱护地球的话我们人类就要灭绝了？
7.不过我一直阴暗的觉得人类是最贪婪和最丑陋的，如果有一天人类真的要灭绝了还蛮容易接受的，只是可惜了这个地球上那么多可爱的生灵。或者全人类都死翘翘把地球还给其他动物也不错。
8.既然都已经关乎到全人类的生死存亡了为什么到了其他星球你们还要插星条旗，美帝也还是有狭隘民族主义的顽疾。
9.整个片子看下来我发现了我的男神，机器人塔斯！大暖男！还萌！看他掉进黑洞还好担心他回不来。
Ps我还真是热衷于吐槽：IMAX的音响震到椅子都跟着幌，感受了一把4D电影的待遇，不收钱。",2,https://movie.douban.com/review/7196587/
Interstellar,"这部电影的评分实在太高了~才驱使我进电影院的~

电影开头冗长的铺垫已经让我后悔了~

bug总结如下：

1. 无论从成本还是安全性考虑都应该先派机器人到12个星球上进行探测，仅仅因为人类遇到危险时能发挥出求生本能就让12个宇航员送死？

2. 虫洞和黑洞都是超高密度天体，普通航天器不可能从中穿越，后面男主穿着航天服飞进黑洞更是扯蛋~（早就该被黑洞的超强引力扯的粉碎了）

3. 黑洞里竟然是男主家的书架后面，还有比这更扯的么？假设黑洞里的五维书架空间是“they”制造的，男主又是如何无师自通的控制重力？还能精确的控制手表秒针？完全变成玄幻片了~

4. 女儿通过手表指针传递的黑洞数据解开方程？请问方程的解如何验证？（既然无法从外界得到黑洞数据，如何验证数据的真实性？nasa又怎么能同意以此建立空间站？）人类怎么可能把自己的命运压在一只破表上？

5. 解开方程只是能让更多人穿越虫洞~而剧中地球人并不知道虫洞中是否有适合居住地星球（穿越虫洞的人只能收到地球发来的信息，而无法发信息回去）~何以建立空间站搬离地球？

看完本片得出四个字：狗屁不通！",2,https://movie.douban.com/review/7196285/
Interstellar,"我重头捋了捋诺兰的历史，从97年《noodlebug》开始诺兰癔想了一个“螳螂捕螳螂，螳螂在后”的故事。该片讲了一个人在拍死小一号的自己的同时也被大一号的自己拍死了。这是最初的原型故事。也是诺兰精神问题的本原。然后在接下来《追踪》《失忆》《失眠》三个片里，诺兰示图用人对人的欺诈下套来解释原型故事，但他显然不满意，于是《致命魔术》里，他用魔术师在魔术中不断自杀，不断新生来解释原型故事，这似乎比前三部更接近原型。但他仍不满意，于是在《盗梦空间》里他用某层梦境里的人对另一层梦境的人达到控制来解释原型故事，但他还是不满意，于是有了《星际穿越》他用某一维度的人对另一维度的人的影响、控制来解释原型故事。我想说“这回你该满意了吧”
      所以我惊喜地发现这是一个精神病人的自我治疗过程。他要给自己的癔症一个满意的答案！！愿他早日健康！！",2,https://movie.douban.com/review/7194457/
Interstellar,在太空到达木星后进入虫洞，这个做出来的效果还是很美的，但只靠幻想作品是立不起来的，要用科学来支撑，呈现想像力，星际穿越‘是在地球快要毁灭的时候NAsA发现士星附近出现了一个虫洞。尽管不清楚怎么来的但虫洞大大缩短宇宙旅行距离，因此人类派出探索者穿越虫洞去寻找別的星球，剧情很好，但是效果却没达到,2,https://movie.douban.com/review/12283583/
Interstellar,一个村庄连年庄稼枯萎，沙尘暴袭来。井底之蛙的村民就以为整个地球要毁灭了，正好美国国家宇航局就在这个村附近，所以国家就派了一个以前当过宇航员的村民即刻启程去寻找新的适合生存的星球。结果每到一个星球他逛一圈就觉得不适合生存，然后离开。你咋就知道飞船降落地不是类似于珠穆朗玛峰的地方？不同国家的天气需要多少颗卫星才能判断，你附近溜达一圈就知道一颗星球不适合人类居住了？建议应该改名《一个农民宇航员的到此一游》PS，没有歧视农民的意思，纯属觉得这样的角色设置离谱。其他的东西，一言难尽，不对我个人的胃口。看到豆瓣9.2分惊了，特意来打分拉低分数。,2,https://movie.douban.com/review/9931310/
Interstellar,"看完感觉挺奇怪的。

必须得说超越普通人大脑想象力的五维世界这个想法，还有那些虫洞、黑洞，本身是非常吸引人的。

可问题也就来了。用三个小时就想对普通人说清楚许多聪明绝顶的物理学家花了一辈子都弄不明白的问题，确实是强人所。所以虽然许多人说他是理论上最严谨的科幻电影，我觉得这个对于看电影的普通人来说没有意义。里面那些穿越啊，我觉得没有几个人能明白这是什么回事。而这本身是电影宣传的时候的最具吸引力的东西。至于其他的那些爱啊什么的主题，对于电影来说就比较普通了。

而且我还查了一下这些理论。这些理论本身还存在许多矛盾。很多都是一家之言，根本谈不上有多么多么严谨。你根据这些东西拍一个电影出来本身就不要指望他有多么严谨。不过作为一个科幻电影，想象肯定是免不了的，毕竟是人弄出来的一个东西，毛病肯定是存在的。但我想不明白的是他为什么在宣传的时候非要强调自己是一个，好像非常严谨的科学作品一样。可能是我自己看过的东西不全面，主观有偏差吧。

其实我觉得这个电影他拍一个系列比较好，先把基础的那些东西让大家你了解一下，然后再拍现在这个事情，我觉得就好多了。

最后他这部电影到底要说的是个什么意思？父爱拯救女儿顺便拯救世界？诺兰导演既然情怀这么高，那我实在不能接受他把拯救世界的关键归根于爱，说得好像爱才是这个世界存在的理论基础一样，我觉得这个太low太假了，反正我是强烈鄙视，这简直就是在耍流氓么。科幻电影注重实质，而不搞那些花里胡哨的特效，这个我还是挺欣赏，但你不搞特效搞出一个这么弱爆的东西来我就无语了。果然还是一个凡人，逃不脱这些。本来还以为他是一部真正的硬核科幻电影。

imdb和豆瓣上评分高到变态，我是无法理解。总之我觉得我还是挺失望的。",2,https://movie.douban.com/review/7478601/
Interstellar,"首先说我故意过来差评好片博关注的可以洗洗睡了, 看哥帐号应该知道哥不混豆瓣.
其次说我不适合豆瓣一边玩蛋儿的也可以洗洗睡了, 哥能注册豆瓣的帐号哥就有发言的权利.
这片能上9么? 能上么哥哥姐姐们?? 如果说理论不对可以谅解那最多前面2小时作为一个科幻背景的感情片还稍微能容忍, 那么后面呢哥哥姐姐们? 后面那是啥? 哥看半小时就能明白诺兰想说的那个""他们""是NM不晓得哪个维度来的超人爹, 但是那个N维空间的设定你们能忍? 那个隔空间握手的设定你们能忍? 那个拨表传代码的设定你们能忍? 那个未来的人屌爆了创造了N维空间, 创造了他们的相遇, 创造了太阳系虫洞的设定你们能忍??? 如果你们连这些都TM能忍你们应该也能享受哥撇条时遗留下来色泽鲜艳留有余温的翔.
继续吧, ""你没有孩子, 不懂得这部戏的内在!"", 对不起, 哥孩子3岁了, 要说父子情哥不比谁差, 感情动人处着实动人, 但是逻辑彻底不通的科幻片压根不能叫作科幻片! 诺兰你有种拍点朴实的感情戏会死么? 时空旅行者的悲哀好好讲讲会死么? 非要扯些自己根本不理解的东西有意思么? 说实在的盗梦说的啥作为导演的你真的明白么???
再继续吧, ""你就是个喷子, 不懂就不懂, 装什么装!"", 对不起, 哥第一科技光电子毕业好歹也学过量子力学好歹也读过相对论, 即便不能太懂哥也不比大部分人差. 硬伤懂么硬伤!!! 有硬伤的电影能上9么? 诺兰最后那一小时不就是说""一切都可以办到""么???因为TMD爱么!!! 是的, 从某种意义上确实""一切都可以办到"", 那TM拍科幻片有什么意义呢? 直接天马行空瞎JB扯不就行了么? 指不定那个位面真有艾泽拉斯呢!!! 指不定真有塞伯特恩呢!!! 少来了好不好!!! 这样扯你们会给9么!!!
我想说点关于这个电影的好话, 确实有不少让人眼眶湿润的环节, 但是我过来看看不争气的你们把这电影抬高到了一个让人气不打一处来的境界, 我就真心受不了了.
装逼的小P孩也好, 脑残的家里蹲的婆娘也好, 你们都跟哥洗洗睡吧!
谢谢你们了我的哥哥姐姐们!",2,https://movie.douban.com/review/7191949/
Interstellar,"套着科幻外皮的亲情片，连软科幻都算不上。算是玄幻片或者鬼神片也不过分，高维生物算是神?
先不说能构建太空生态系统的人类为啥解决不了地球上的枯萎病，同样是建设密封式生态圈，地球上比太空中便宜多了吧?规模也大多了吧？脑子抽了搞太空移民，钱多的没地方用了?别说传染问题，太空能建成生态圈，肯定就有隔离防护切断传染的办法，不然太空建筑也是地球带上去的种子，为啥没有枯萎病?有钱和技术能力搞太空移民，却搞不出疫苗和特效药治愈枯萎病，这里真的是地球吗，科技树都歪到娜美克星去了。到这里还能勉强算是科幻的范畴，至少是人类目前科技还能解释的水平，虽然解决问题的思路和精神病人差不多。
靠近黑洞居然还没死?就算飞船动力强悍能顶住引力（这发动机至少是反物质级别的），还有海量x射线是不？跨越无数光年都能被地球观测到的x射线暴，靠近了黑洞辐射会有多强?没个几百上千米厚的防护层，人能活？飞船还能用?福岛核反应堆才多大的辐射量？无人机器人进去一个完球一个。能造出在黑洞附近活动的飞船（还是有人飞船，按电影里的飞船壁厚度怎么也要是白矮星装甲才顶得住辐射，动力源连反物质发动机都够呛，不懂的可以百度一下白矮星物质密度）人类早就称霸银河系，歼星舰四处乱跑了，用得着高维生物来拯救?剧情到这里人类科技已经完全解释不了，连理论水平都是非常勉强，已经算的上玄幻片了。
能活着进去也就罢了，居然还能活着出来?黑洞可是连光都逃不出的强大引力源，白矮星进去都能撕碎了，一个几十公斤碳基生物能活着进去就够玄幻了，居然还能活着出来，我黑洞都不要面子的嘛？别和我扯白洞，首先没有观测记录，连物理模型都没有，只是一个完全没谱的猜想。就算真的有，以极大速度喷射出的物质流里夹杂了一个穿着宇航服的活人，然后这人还没死?不服气的可以钻进三峡大坝的泄洪孔里和水流一起喷射出来，试试自己还有没有全尸？白洞的物质喷射流肯定比三峡的泄洪孔水流给劲多了。把一个大活人从黑洞中活着救出来，先不说维生装备，需要的能量把地球物质整个泯灭都不够用的，现有理论都达不到的高度，更别提技术了，最后只能归结于高维生物，这不是鬼神片是啥？
剧情的起因，经过，结果都是异常的扯淡，完全和科幻扯不上关系，不如起名叫做高维生物启示录或者鬼神穿越。一颗星给音乐和特效，一颗星给海瑟薇，没有更多了",2,https://movie.douban.com/review/12806415/
Interstellar,"《星际穿越》豆瓣评分竟然有9.3分，为什么大家都觉得好看呢？我看后说实话真的是有点生气了，有一种被欺骗的感觉。
从故事上来说，这是一个好故事吗？开始还觉得有很多“虫洞”、“黑洞”、“时间膨胀”、“五维空间”“休眠”“潮汐力”“墨菲定律”这些词汇貌似挺酷的挺科学的，但越放到后来就越觉得整部片子就是在故弄玄虚，到最后男主角掉进女儿书橱房间的空间里，实在太扯了，到后来就因为一个“爱”字就什么都可以脑补了，什么都可以说的通了，科幻片也不能什么道理都不讲吧。男主角后来飘在宇宙中，突然画面切到病床上，然后就说了一句“在你的氧气快没前的几分钟把你救回来了”，在浩瀚的宇宙中找个人这么容易真是小看宇宙了。诸如此类生编硬造的地方还有很多，比方在充满水的星球上的那个男的死的莫名奇妙的，明明可以先上飞船，非要等到那女的被机器人救回飞船后才想到上船，他又不是去救这个女的他一直就是看着。再比方后来男主角的女儿回到他们之前的住处，男主角的孙子抱着男主角女儿的纸箱（里面有男主角的手表），她对他说类似你留着吧送给你了，这段也很莫名的，我总觉得一个好的电影，任何情节都对整个故事是有作用或影响的，我本以为这个孙子在片子中会起到什么关键作用，结果完全无关。所以3个小时的片子里我感觉有将近1小时对整个故事起不到大作用的情节。
从画面上来说，我本以为它是一个画面浩瀚壮观，特效应该比较上乘才能做这个题材的片子吧，但有个几个画面实在粗糙的我看不下去，比方（1）飞船在宇宙中飞的一个角度，每次飞船在飞就是这个角度，而且看上去一点不像在飞的样子。（2）他们第一个接近的星球外有一条光环，这光环看上去就是平面的，一点立体空间感都没有，就像在看教科书上的图片一样。（3）有水的星球那个巨浪看上去也好假。
我觉得这个片子真的拍的不伦不类，感情方面也不到位，科幻方面也不到位。我这么讨厌它，竟然中间有一小段情节我竟然哭了，是男主角到一个星球上回到空间站上时间过去了二十几年，然后他儿子在这二十几年内给他录的视频，我看到这可能就是感慨了下时间这东西真让人伤感。",2,https://movie.douban.com/review/7206816/
Interstellar,"不知道这部片子怎么就那么高的分，一部好片子要么就是情感打动人，要么就是场面宏大震撼人，可这部片子真的不是。
从感情来说，明明开头岳父鼓励男主寻求第二春，但是男主拒绝貌似忘不了前妻，可是在见女主没几面后就把持不住急着约炮了，儿子在剧里真是可有可无的，女儿与父亲的情感描述算勉强过关。
再说电影技术，前一小时里基本上就是在黄土茫茫里，没有半点星际震撼。如果这是一部宇宙旅行或者物理科教片的话，这绝壁不是一部好的生物科教片。 当在宇宙中，我们俯瞰地球，她还是蔚蓝美丽，可开头不还说都黄沙漫天了吗？
开头介绍地球上的作物正在被某种枯萎病影响，人类需要食物充饥，需要光合作用产生的氧气呼吸，试问一个可以完成planB的文明社会会解决不了粮食病毒问题？试问是移居另一个星球重建一个全球生态系统简单还是简单解决一个病害简单？就算假设planB成功了，在一个荒芜的星球上人类怎么生存，恐怕要从山顶洞开始吧？",2,https://movie.douban.com/review/7196100/
Interstellar,"首先背景的交代就比较扯。沙尘暴有那么可怕吗。看起来和北京正常的天气也差不多呀。

然后就是读诗啊。对接啊。亲情啊之类的拉时间的部分。

过了虫洞之后就看到了一个光照正常的围绕黑洞运行的行星（哪来的光照呢）。然后飞船上的人开始大谈相对论显示了导演作为一名文科生的基本素养。。


男主回来之后过了20多年。。 也不想想能够引起时间弯曲的引力得有多大要摆脱这个势能陷阱得要多少燃料。。好吧我错了。。我又忘记要尊重文科生的基本素养了。。

然后就是各种暗示男主要跳黑洞啊。这个时候大致就知道所谓的引力暗示之类的都是男主搞的鬼了。。跳了黑洞嘛。。变成了啥都是可能的啊。

然后开始扯宗教了。什么思念死去的人来自更高级别的规则之类的。。好吧好吧。。文科生信教那是很正常的呀。。结果男主不信。果然被坑了。。哈哈哈。让你丫信科学被坑了吧。

最终就是跳黑洞了。。然后果然那些都是男主搞得鬼。而帮男主搞鬼的就是未来人。。然后各种念诗啊等等等等。。。

不过最后的结局倒是很喜兴。。是我喜欢的大团圆结局。。。




总之呢。。这是一部文科生电影。。 基本上就是歌颂了一种为了女人而跳黑洞的壮举。。。

没了",2,https://movie.douban.com/review/7191913/
Interstellar,"- 以一部几乎三个小时的片子来说，整个电影的前半段非常赶：电影作为一种用影响和声音展示的艺术，前半部平铺直叙直接告诉你”算啦算啦其实差不多就是这么回事儿“的片段有些过多。

- 作为一种艺术形势，画家用光影颜色和线条来描述一种美，而不是直接用笔刷在画布上写”这个是个姑娘，她很美“。这片子在讲故事的时候用了很多这种手法

- 作为一名看预告片的时候被那几个宇宙镜头震撼到的无知群众，我去看之前的期待其实并不是很高，但是最终看完出来的时候，想想果然也就是那几个镜头好看。

- 这个片子本身相当一大部分出彩的内容都更多的来自于director of cinematography

- 现在想起来，之所以这片子预告片透露的内容不多，其实很大程度上因为这部片子本身故事就不多，戏剧成分非常虚弱。而且情节和戏剧成分的交代的也比较粗糙：太多的情节没有前后的照应，而且整个推进方式和讲述方法都显得比较粗糙。

- 诺兰在这部片子里罕见的似乎并没有使用太多CG内容，太空中有关太空舱和太空船的部分似乎是直接用特摄完成的。

- 接上条，可惜他在21世纪拍出来的效果比之68年的2001似乎没什么本质进步的样子……

- 这个片子有相当多的向2001致敬的部分，作为喜欢2001的粉丝或许值得一看。

- 但是同时，这个剧本本身缺乏2001奇异的想象，好莱坞式模式的剧本故事和最终和整个拍摄的风格似乎并不是非常合拍。

- 结局部分似乎有意使用最近比较流行的一种手法：在一般意义上要结束的地方再加上两个twist，gone girl和birdman都用的不错，但是诺兰兄弟这两个包袱用的真是不怎么添彩。

- 据说科学设定部分参考了某位科学家的预言著作，但是仍然让人觉得槽点颇多。

- 综合来说表演乏善可陈，私人觉得和剧本直接有关：人物的形象本身比较平白，没有太多塑造空间。

- 这部片子烂番茄昨天75%今天71%又72%",2,https://movie.douban.com/review/7182086/
Interstellar,"（这篇长评写于2014年11月刚看完电影后的感受，但是忘了当时为啥没发出来，今天整理电脑看到了，那就今天发出来。）

短评表达不完全，我还有很多吐槽，转来长评好了。

总槽点：【别打着科幻的旗号搞你的纯商业片了好么！！！作为曾经的科幻小说迷的我不接受！！！！】【商业片内容还这么陈旧真的好么！！！】
全片就是浪费！浪费了星际旅行这么好的一个题材和催泪点！浪费了（听说）背后强大的物理科学技术支持团队（好像有基普索恩？巧合的是我高中时候看过他的一本厚书讲黑洞的，当然没怎么看懂的，但我也觉得基普会不会被你气死？！）！浪费了应该不菲的制作费和特技费！也浪费了导演你自己从盗梦空间积累的叫做“大神”的名气和我原本对你的期待值！！！

1.吐槽致敬2001的部分：电影开始一段之后开始了太空画面和音乐，我因为没做好准备功课，一直以为诺兰就是拍2001太空漫游那位，于是在太空船第一次出场时喷了。。。我想说怎么都过去这么几十年了，导演君你的太空船还是那样甚至不如过去那艘酷炫前卫了！！！？？还有配乐也是没有过去那么恢弘独到，反而商业气息浓重了这么许多？？（写影评的时候查了查，原来只是向2001致敬啊，虽然我真心没觉得这电影有多少向2001致敬的诚意喽，反而觉得这只是一种抱大腿的营销手段喽。）

2.首先吐槽表达，前面半小时我都快笑死了好么，把观众当做小学生来教育真的大丈夫么？？还被营销以“智商不够看不懂”？前半小时已经能够深深感受到导演那种生怕你看不懂的心态了，改成“导演觉得他都把你想成小学生来解释了你还看不懂的话他会觉得你智商不够”更贴切。

3.然后吐槽所谓的“没智商就看不懂”的说法，综合看我越来越倾向于认为这是一种营销手段，专门针对想守住自己逼格的观众喽。这也需要智商，只需要有颗善于接受的心，影片说什么，开什么脑洞，就接受什么就够了啊

4.非常想吐槽的感情和人性刻画：有人说诺兰拍得好感人？！我去！这种讲述类似宇宙旅行的孤单和人类渺小以及冒险精神的题材谁拍不都是应该很好嘛！！！重点是！诺兰还真没拍好，别说我个人就看过多本杰出科幻小说，别说那里面好几本能让我读着书就热泪盈眶，这片都不及我看过的任何一部同类型科幻小说！！！

5.最想吐槽的所谓“科幻""的概念和片中科学观：这连科幻的水平都够不上，这他妈也算硬科幻，你他妈一定是在逗我。。。那些评论说看科幻看泪奔的人你是从来没看过真正的科幻吧，宇宙的题材的科幻作品随便甩一部都甩过这个九条街好吧！说硬科幻的人别侮辱硬科幻这个词了好么！这tm连一般科幻都算不上好么。顶多算个科普，还是早被科普过无数遍的毫无创新和诚意的老调陈词的那种科普！不是科普再加上一个愚蠢无意义的脑洞就叫科幻的ok?

6.接着吐槽广告植入，一开始一大堆的NASA就亮瞎我眼了好么（NASA你说，你给了多少广告费？我不信你没跟这片子谈过），接着满屏的USA旗真是我也是醉了。btw没有人发现既然是美国的宇航员们只有黑人和白人没有黄种人真的大丈夫不会被骂种族歧视么。。。

7.对无节操的绑架媒体（我猜的）这种营销手段的吐槽：最后随便看了看新闻，看到一条“理科男点赞，文科女吐槽”的新闻伴随着“文科生如何看懂”的字样的新闻。。。。。。我去，诺兰你的团队给了中国媒体多少好处费？！！这槽点都满溢出来的稿子。。。公关real给力啊

8.还给自己女儿起名墨菲定律，你女儿的遭遇可完全和墨菲定律相反好么

9.不重要的一点，但是也好想吐槽！CG技术也不怎么样好么，我记得有一幕好像是在那个冷死人星球三个人站在山峦上我都看笑出声了，跟什么少年派完全不是一个档次上的，钱果然花了很多在公关上了啊。

这年头，老外都跑中国来骗孩子啊。

最后我只能说，全片对我最有建设性最有意义的启示是：以后再也不用怕鬼了，他们可能是五次元的我自己提醒的哦，萌萌哒。。。oh no!

说什么这片子检验智商，也许更准确的说法是，谁对此片大赞特赞谁就需要检验下了。
。。。",2,https://movie.douban.com/review/7796869/
Interstellar,这是一个装逼的电影！如果说不好看，就会被认作为不懂高端的物理科学，不懂高大上的人文，我就要说不太好看！相对论离我们凡夫很远，虫洞黑洞离现实也很遥远，五维空间是神的地方，我们望尘莫及，电影给了我们一个天马行空的幻想舞台，我们看到了黑洞，虫洞。充满水的，冰雪的外星球，可是为什么那么大的浪可是水深只到脚踝，为什么后来找到的马克戴蒙扮演的科学家要撒谎，他的所作所为为了什么？！为什么最后一个人进入黑洞以人的质量却可以安然无恙的进入五维空间！而女主角进入黑洞却飘到一个很适合安营扎寨的星球！最后女儿究竟悟到了什么？父亲给了女儿什么启示？！让人能够搬到土星！导演自己都不知道吧，概念电影，不可能费钱拍3d，2d已经看着头昏,2,https://movie.douban.com/review/7195035/
Interstellar,"星际穿越，奇葩电影，漏洞百出，物理指导吃“嘟” ：
  
       一、飞船对接后开始自转产生G值，出发去土星了，观察影片，自转大概2秒一圈，计算表明，这种情况下一个G的产生需要宇航员离自转中心仅仅1米！！！

       如果宇航员走到离自转中心2米处，会感到2G，也就是2倍体重，空间站内部空间半径起码10米，难道去外圈工作要承受10G（10倍体重）吗？？？！！！

       好吧，那我们就减小转速吧，减到转一圈需要6秒多，这样去10米半径处就是1G了，但是记住：不管转速如何，你感到的G值都和你离自转中心的距离有关，他们在不同位置感受到的G值相差很大的，也就是说，假设转一圈需要6秒多，你离自转中心10米起步，你在驾驶舱里转一圈，吃个饼，玩会电脑，看个风景，再拉个屎，你会感到自己一会儿有70公斤，一会儿有77公斤，一会儿有84公斤，一会儿有91公斤，一会儿有63公斤，一会儿有56公斤，一会儿有49公斤，这才前后走了3米路呢，叫人如何生活？？？！！！
       
      二、曼宁博士作死后，库珀去自转对接，机器人告诉我们转速一秒一圈，这种情况下，离自转中心3米处（这个货仓飞船起码10米长）的宇航员就要承受12G的过载，看影片中的人，是头朝左，脚朝右的状态，但是玩过跳绳的小学生都知道，如果宇航员面朝飞船头部舷窗向外正坐，飞船匀速自转的转法会让宇航员端正地向前扯离座位，而不是左右歪斜。

       考虑到之前转速一直在增加，从一秒零圈增加到一秒一圈，确实会导致身体歪，不过这涉及人体重心位置，需要假定穿了宇航服的人重心在屁股之上，而且三米半径处的线速度也就20米每秒，就算10秒之内加速完成，切线的加速度也就2G，年轻人是不会坐都坐不端正的，就好像是乘公交车，你是横着坐在车厢里，面朝侧面车窗，司机10秒之内把车开到72的表速（城际客车那种速度），你拉着扶手歪成那样了吗？？？！！！（影片中系着高级安全带都有45度歪）

       好了，我的结论就是，这时的12个G值是加在宇航员背部，垂直朝向面部的，影片中库珀对机器人说，如果他黑视了，就让机器人帮他操作。其实，这种受力情况下，宇航员产生的是红视，而不是黑视，就是血都涌到头部，而不是脚部。同时，血都涌向面部，而不是背部。现在的歼击机飞行员穿了抗荷服时对于红视的承受上限是5G，黑视是12G，时间是20秒左右。影片中库珀承受了 12G 的 红视 长达20秒以上，他的感受就是清醒而剧烈的头痛，不是右边美女那种昏迷，同时呼吸会很困难，而两眼会爆红渗血直到两个眼球“啵、啵”地弹射出去，流鼻血必然像喷泉。。。

       抛砖引玉，目前看出这2个奇葩脑残的地方，至于天体物理上的奇葩之处，大家慢慢揭发吧~~~~~~~~~~~~~~~~~~~~~~~~~~~~~~~~~~~~~~~~~~~~~~~~~~~~~~~~~~~~~~~~~~~~~~~~~~~~~~~~~~~~~~~~~~~~~~~~~~~~~~~~~~",2,https://movie.douban.com/review/7600343/
Interstellar,"看影评9分，就决定去看了，坐了三小时，大场面没有，打斗没有。有疑问，穿个宇航服的人是怎么承受超光速穿越？在黑洞，飞船都要烂了，穿宇航服的人是怎么穿越黑洞的？两人打架 头互碰，男主的帽子都碰个洞。怎么解释呢？不要跟我说那里极寒，黑洞是热的。就是五维空间未来的人类相助，就是等于神助。一个不合常识不合逻辑的电影，冠以高智商那就火了，看不懂的都是智商有问题，不懂装懂的用一些无法证实又无法证伪的东西说通之后就好似自己是导演了，估计导演都不知道自己在拍什么。我说五维空间是永恒，万物永恒不变，人无生老病死，时间就没了意义，成了实体，好似人手中的玩物，永恒世界里 无大小，无多少，就好似佛法里的极乐世界。和尚圆寂就是去五维空间。然后你说个十维空间出来，他说个百维空间出来。有何意义？你说这是给大家想象空间 我说倒不如说是 给了大家自我为是，吹牛的空间。还不如看 辩护人 来的有意义。
导演可是爽死了 用了这么少的人 就在一个房间里拍成的自己都不知道是什么的电影。忽悠了这么多人。还不如看 复仇者联盟 变形金刚来的爽快。",2,https://movie.douban.com/review/7209014/
Interstellar,"薛定锷的诺兰：只有你真正看了诺兰电影 才能知道这回是上乘佳作 还是臭长烂片。

本片的故事逻辑可简单概括为：一个人得道成了仙 贯通上下五千年后 指点过去的自己如何修真。

而外表包装则是极其烂俗的美国主旋律：family first。堪比港片今句：做人呢，最重要就是要开心。

本片之烂：一在故事。
我很生气的原因是编剧的极端不负责任。各种巧合和生编硬造，为了把一个故事说圆连吃奶劲儿都使出来 而吃相还非常难看。本剧悲剧 直追史上巨烂致命魔术：双胞胎+人复制机。

地球不明粮灾——星际移民解决问题——ab计划（鉴于a不可行，实行b受精卵繁衍）——a计划意外成功——大家happy移民。

这个故事表面上是圆了。但一转念就觉得搞笑：
a 粮荒你不想着做实验找疫苗 尝试其他方式合成粮食啊 移个p民啊？？你确定到别的星球有地方种粮食？你确定粮灾病毒不会带过去？
b 没有保密没有培训 个人英雄直接上阵去开飞船。这些我就不吐槽了，美国主流科幻片一直这种德性。
c a计划先放下不提，b计划竟然只想到了人类。连诺亚方舟都知道带上各种动物呢。生物多样性啊亲 没有各种动植物微生物你觉得人类能单独生存？
d a计划意外成功了，大家移民了 ，happy ending了。等等，粮荒解决了吗？

好了 我们接下来说a计划的意外成功问题：
大概就是男主在进入黑洞后跌入五维空间 这个空间的量度是时间，所以男主超越了时间，将这个第五维空间通过摩斯码传给了女儿，于是女人破解密码。
但是我很疑惑，男主是怎么通过手表指针传递给女儿的。他是如何拨动那块手表的指针的？（毕竟手表指针是机械运动，大哥你是如何隔空操作机械运动的？）
当时空间站和地球的联络都已经中断了，而男主处于第五维竟然能自由的和空间站，地球分别联络，简直神奇！
尼玛还不如编为女儿卧室就是虫洞入口，女儿推开书架 发现老爹就在另外一侧。全球人通过这个虫洞移民呢！！

本片之烂——二在长度。
如果全片长度控制在90分钟，那么它还只是平庸。而近三个小时的长度完全暴露了诺兰的弱点。他擅长玩的是结构。线性叙事的节奏掌控，疏密取舍，他太烂了。长达一个小时的垫场竟然一点父女情故事没讲，（另外儿子的存在必要是？？？？？？来陪郭破虏？）最后开始大煽特煽，观众还得脑补为何这对父女这么情深儿子那么遭嫌弃。连春节晚会的倪萍朱军都没这么恶心，人家还好歹给你讲讲励志人物的生平呢我擦。
取全片后50分钟，前面两个小时砍去三分之二留40分钟，这片还能忍。

至于幼稚的大我小我问题，墨菲定律问题，都算了不提了，心塞。当电影给女主取名墨菲时，就应该知道是部大烂片了。
尼玛父亲在人类即将灭亡的背景下 为了全人类的前途抛弃小我去找出路，女儿竟然歇斯底里的问：你抛弃我了！！！这种境界，这种指责与不宽容不理解不支持，有什么好父女情深的？？
平民小夫妻 老公为家庭辛勤工作赚钱养家 老婆赋闲在家整天抱怨老公：你抛弃我了 你不陪我了！！有没有这种即视感？
擦，还陪你呢？两人抱着一块饿死就尼玛是恩爱了我擦。

我以前一直喜欢老美 无知无畏没文化 先天乐观可爱多。毕竟人家人格健康。文化深厚可都是苦逼着泡出来的，兔子毛子莎士比亚那种文化底蕴纯是苦难造就的各种心理亚健康神经病。如今一看，老美的浅薄已经不可救药了。
少数几位三星评论 还各种宽容讲视觉效果挺好的，演员表演挺好的。擦 好你妹，标准爆米花电影 标准台词 当安妮海瑟薇看到男主二选一放弃自己保全她时 含着泪花说ohno，她自己也被这种恶俗的桥段噎着了吧？21世纪的技术背景还远不及60年代的太空漫游，想象力之频发 诺兰你好意思吗？

给两星纯粹为了区分无耻到惊天骇俗的致命魔术，无他。",2,https://movie.douban.com/review/7195624/
Interstellar,综上所述，我不觉得出场的宇航员真的满足宇航员的标准，因为太过感性，容易冲动，很不理智，尤其是因为爱，他们找到了解决的方案，啧啧啧，我不相信。再补充一些短评内容，库伯在黑洞里对书架操作的顺序跟墨菲小时候发现的并不一样。我不清楚为何这部电影有这么高的分，他们最终还是抛弃了地球，呵，美国人。,2,https://movie.douban.com/review/9973950/
Interstellar,"本来刚看完的时候虽然满脑子都是太扯了不会吧，但是觉得也还算值回票价，可是后来越想越不对劲，最后得出结论如果不是那两只会卖萌的机器人和电影院里与飞船引擎完美合拍的震动座椅，真的还不如对着电脑屏幕看卡拉狄加的热血飞行员们和二货cylon飞船打打杀杀呢。
所以突然就由衷地懊悔自己当初为啥要弃理从文！现在终于明白什么叫无力吐槽啊！！！
假装科技范儿又要玩哲学还要照顾观众心情happy ending 看似好卖力可是所以就忘记请编剧和技术顾问了嘛？作为一个高二之后再没学过物理的纯文科生，都觉得隐（百）隐（分）约（之）约（百）的不对劲呀。黑洞那么温顺嘛多么厉害的文明可以制造黑洞还可以从黑洞里救人顺带把机器小伙伴也解救了？所以未来的人类是先捞出了机器小伙伴然后告诉它量子数据然后通过库珀传给Murphy？所以按照后来的结尾就是那个时代的人了吧，一百年不到他们科技发展那么高端了？不然这个机器人先生是时空旅行了嘛，先进入几千年或者几万年之后取经，弄到量子数据传给库珀再跑回来，电影不是教导我们只能进入未来不能回到过去？
开头的设定看起来不错的样子，可是，因为植物得枯萎病和沙尘暴就要反科学，这个逻辑是被黑洞扭曲过所以我不理解嘛！？（突然脑洞打开想起来高中可爱的地理老师告诉我们因为包头的沙尘暴好严重市民们出门都要用围巾裹着头所以这个城市叫包头）农作物都死光了那么植物呢，亚马逊大森林呢，都得了枯萎病？怎么就至于没有了农作物们的光合作用，氧气都没有了？
NASA研究拯救人类大计的时候，顺便也在研发对抗枯萎病嘛？那个小小的实验室怎么预感到玉米要成为下一个被感染的？他们为什么不试试培育一下太空作物嘛，再顺便造个三北防护林防沙治沙什么的，学习一下怎么根治土壤盐碱化的问题。。。
Murphy 因为不同意教科书上的观点和同学打架，就被老师叫家长？那个金发女教师拿着那本旧教科书就如同禁书一样的神情，拜托这是中世纪嘛，说地球绕着太阳转就是大逆不道？
为什么进入黑洞之后就可以正好掉进自己女儿书柜的后面？貌似是高纬度的存在可以看到低纬度的存在，可是为什么那么巧，为什么他不能看到其他地方？是黑洞不是通灵好嘛。所以还不如像2001太空漫游里各种激光特效交响乐变成婴儿呢，反正都是扯嘛，还不如高大上一点。
虽然我不知道量子数据是什么，但是通过秒针的颤动来传递，应该要很久很久吧。
NASA的保密工作到底是不好还是不好，开车破卡车就能到门口，之前从来没有人发现过吗？一家子先是爸爸然后是女儿都加入“秘密组织”没有人怀疑嘛，这个秘密组织的头头还堂而皇之的自己开车跑出来？
弱弱的问，无处不在的美国总统去哪里了，其他国家的政府呢？主要是那么大的一个项目又是在粮食紧缺的时期，应该得要政府出资支持才可以吧，就任凭一个老头子控制嘛？是因为他们的反科学做的太好了，没有其他科学家发现？因为如果管钱的人知道一切都是为plan B 服务的，应该不会大公无私继续拨款了吧。
还有库珀当时知道老头子骗了他之后，第一反应不应该是“尼玛你把你的宝贝女儿送上太空至少还有希望活下来让我的女儿在地球上等死啊！”
库珀一个人加个会卖萌的机器人就可以偷偷开走一架飞船，拜托就算是科技再发达再不稀罕飞船，他就不需要地面任何支持就可以开个小飞船到另一个星系去了？！
世界上最伟大的物理学家是在那个星球上被冻傻了嘛，手动对接空间站都不会，都不知道对接不好会爆炸（虽然这个设定本身感觉就很扯，他自己被炸飞可以理解，那么高大上的空间站就这么点小故障炸成那个样子，是怎样通过安检上天滴？），他当初是怎么一个人千里迢迢穿越黑洞跑过来的？
后来人类去空间站生活了是怎么回事呢？Plan C？不去星球移民了，那之前男主女主拼死拼活是为了谁，就是为了为5000个蛋蛋寻找新世界？Murphy解方程不是为了找出办法让空间站穿越黑洞跑去新的星球的嘛？不是在小黑板和演算纸上解出来了？或者说他们在去的路上？因为人太多了空间站太大所以速度比较慢？不像结尾库珀偷个小飞船一下就可以跑去了。。。怎么突然就有那么多财力物力造空间站了？是解了个方程不是挖到了宝藏啊。而且还有闲功夫把救世主的家原封不动搬过来膜拜？好好奇搬房子的时候有没有触动五维空间啊。。。


为什么最后一幕我想到了宜家车库里的样板房？好温馨呀，在荒凉的土地上一个温暖的家，遥远的星球，陌生的星系，啊，男女主人公就在这里男耕女织生儿育女担负起繁衍人类种族的重任！或者没事做的时候就从那5000个宝贝蛋里挑几个孵化出来玩哈哈。
或者是我太笨了没有理解？可能远处那些居住点是被Murphy拯救之后人类又派来的后援团搭建的？那她还穿着Nasa宇航服怎么回事嘛，貌似她不用头盔那里的大气是可以呼吸的呀，所以她一定要么是刚降落不久，要么是一直自己待在那里才对吧？

好混乱，总而言之赐予我一个萌萌的机器人先生吧，跑步的姿势好可爱，粗手粗脚的关键时候还会公主抱！（好吧，说到这里又想到一个槽点原谅我太笨没看懂，那个莫名其妙牺牲的忘记名字的宇航员，你为什么不先上飞船？？等着大家都进来你好锁门嘛？如果不是镜头给了一下他漂在海水里可怜的小身影，我之前其实一直在飞船里找他，因为男主女主一直在打情骂俏一点没有表现出痛失队友的情绪！）

可能诺兰是高级黑吧，任何一种信仰包括科学，都经不起这样妖魔化呀，所以这个电影应该改成18禁才对，不然极有可能对青少年儿童的身心产生非常不利的影响，以后成天对着各种风吹草动分析解码，通灵大师以后可以加入科学阵营了，因为其实你的亲人正在看着你，你看杯子倒了是他们在五维空间用重力控制的！",2,https://movie.douban.com/review/7190732/
Interstellar,"看过流浪地球之后，星际穿越被提及好多次，特意来补了星际穿越，如果说星际穿越是硬科幻，小破球各种被喷，真的是外国的月亮比较圆系列。

在黑洞引力场范围内，连原子核都不能保持其物理性状，更何况什么人类、航天器、机器人这些分子级的东西，早就被压碎了。人类的细胞根本就不能保障其生化性状，怎么可能在黑洞里活着。更可笑的是，黑洞是连光都出不来的存在，男主作为一个人，竟然从黑洞里出来了。虫洞那里更不用吐槽了，要想穿过虫洞，起码需要接近光速，同样的，人体如果接近光速，早就受不了了。

飞行器从地球上出发的时候，分离了三次火箭助推器，才成功达到第一宇宙速度飞向卫星。那么在男主去的两个星球，一个是1.3G,一个是0.8G,和地球重力几乎相当，太空飞船就能直接从地面飞到太空？请问没有三级助推是如何达到那个星球的第一宇宙速度的？

而且在一个1.3G的星球，重力加速度和地球差距并不是太大，为什么有山一样高的海浪？完全理解不能。而且黑人博士在1.3G的卫星轨道等男女主，为什么过了23年？绕地球的卫星和地球上的时间差别很大？强行相对论还是压根不懂相对论?

然后什么爱能穿过五维空间，这个真心是尬演，看的很无语。

整个片的硬伤多的咱就不说了，不知道为什么这个片9+分，小破球只有7+分",2,https://movie.douban.com/review/10004128/
Interstellar,"这片子很多镜头都像是摄像机固定在飞船上一样，很新鲜，但我看得不爽，很多壮丽的场景都看不全的，而且这次诺兰的场面调度也很一般。
举个例子：那个满是水的行星那里，那一段诺兰使劲招数，把海浪特效镜头砸到我脸上，对我吼着“这海浪超大，情况超紧急”，但那个调度让海浪和飞船看起来跟玩具模型一样，对比下雷德利·斯科特的《法老与众神》中海啸冲击法老军队片段的调度，就知道这片场面调度水平太一般了。
这片设定硬伤也很多（NC粉眼里这可是一部硬科幻作品啊，但祖母悖论咋解释？为毛主角能穿越黑洞？这到底是不是黑洞？），且很多背景设定都欠妥，毫无说服力，尤其是片中人类末日的理由根本站不住脚。因为片中的所谓末日设定只考虑了美国全然不考虑其他国家，美国国情代表了整个世界。
由此引发了很多BUG，例如：
PS:那些NC粉还觉得大众看不懂是水平问题，还要大众去看各种科普，合着观众没有物理学博士都不配看这电影？那他们要是看不懂指环王是不是还要去看百万字的砖头书原著阿？
这片角色塑造较为乏善可陈，而且很多角色功能性太强了。
马特达蒙的角色就是用来与主角队对比的，极端且情绪化，可他最后的行动让他看起来像个傻子。他作为挑选出来的科学家，他会不知道强行连接飞船的后果？NASA科学家和宇航员素质了解下？这个角色完全是诺兰用来强行制造悲剧的，就为了那一段旋转对接的片段做铺垫（那一段确实很震撼）。
而安妮·海瑟薇的角色则很扁，看下来基本没有什么深刻印象（延续了诺兰不会塑造女性角色的光荣传统）。
至于马修·麦康纳依然保持了一贯影帝水准，不过那段哭戏有点用力。
全片最有印象的就是机器人了。
还有一点，这片的内核也是尴尬得不行，这片的表现出来的四个内核：
也就是说，诺兰用了一个宏大的叙事来表现一个幼稚得不行的主题，格局小，综合下来会发现这是部宇宙尺度的家庭伦理片。
当然，上述都不是最严重的问题，最最最严重的问题其实是，星际穿越是一部披着科幻皮的神话片！为什么呢？尽管前半部分不停铺垫，这前三分之一节奏很慢，就为了给片尾马修在五维空间用那表调摩尔密码给女儿数据，也就是说气势拯救世界的其实不是主角而是靠全知全能的五维未来人！说白了，就是机械降神，这种意料外的、突然的、牵强的解围设计极大地破坏了影片的故事内在逻辑。而且即使是为了片尾的机械降神，前半段的铺垫显得太过刻意，让后半段看起来太过巧合，设计感非常重。
这片子，既然库伯亲口说过伸出援手的是未来获救的人类，那自己救自己为啥要主角先穿过虫洞再在飞去黑洞绕这一大圈呢?直接派代表去地球解救不就行了吗？所以这就形成了一个巨大的逻辑缺陷。这就像你要去上班的地点十分远，你一路奔跑去上班，你跑到一半发现时间不够，最后还是得靠通知家人把私家车开过来给你，你再开着私家车跑完余下的路程。
这tM什么逻辑？你一开始直接开车去不就行了吗？这不是多此一举吗？星际穿越另一个逻辑缺陷就在这里。
还有，通片场景充斥着对多啦A梦剧场版和2001太空漫游的借鉴，诺兰NC粉们对前者死活不承认，还喜欢攻击批评者。鉴于此，本来打算给两星，还是扣一星吧",2,https://movie.douban.com/review/9981240/
Interstellar,"三星的片，因为是诺兰的作品，也因为他如此卖弄和说教的作风给打两星。

偌大的放映厅，上百人老老实实地在座位上一坐就是3小时，还不算前面20分钟的trailer，还有人慕名而来不惜牺牲自己的脖子坐最前面的两排也要看这场电影，结果等来的就是这么一部披着科幻概念的外衣、讲述老套的“爱拯救地球”主旋律、没什么紧张刺激、没什么大场面、没什么悬念、全靠配乐烘托气氛、名不副实的星际冒险片。

影片结束屏幕刚一黑，所有人立刻起身离席，散的比恐怖片结束时还快。我不禁怀疑平时留到最后等彩蛋的人都哪去了，更别说这还是大导演的片…… 朋友提醒了我，大家都憋着尿呢。好嘛，幸好我在剧情最无聊的时候去了一趟厕所。真心想跟所有导演说一句：要两个半小时/三个小时？？？能先看看自己拍的什么玩意吗！

我怕自己听不懂英文术语，回家赶紧看了别人写的剧情分析，看完了更加失望。根本不是我没理解到位，整个故事就是这么乏善可陈。老套故事和被人用烂的梗，被个黑洞啊虫洞啊5维空间包装一下就端上来冒充大菜。太空场景也没有很震撼，让我记忆深刻的只有高耸入天的海上巨浪，不过三下两下就过去了，没给几个远景。整个电影70%的镜头都是室内环境，破烂房子里或狭小太空舱，对着几个主角的脸不停来回照。完全没有太空旅行、星际穿越应该有的很多壮阔景象。大家都在赞扬导演被投资2亿只用掉1.6亿，我只想说他省不省钱关观众什么事，省钱的结果就是拍出来的东西质感不对，拍成了话痨片说教片。

3小时里每到重要情节，耳边响起的都是旋律极其相似的配乐（或者根本就是同一首？），要是没有这么渲染气氛的音乐，我看所有人都能看睡着。再说说演技。男主马修被网友大为称赞演技的两处流泪场景：开车离家流泪 和 看儿女视频流泪，在我看来就是典型的好莱坞流泪桥段~ 就是、男演员、眼睛红了、流泪了、不然还能怎么演！我反正看到这两段时瞬间出戏，研究起马修的哭戏功力来，反正是没被感动到。

总之，这是一部我不会再拿出来看的电影——剧情要是不怕被剧透，我几句话就能给你讲完；理论基础离我们的现实太遥远，没个定论，不值得写什么分析；构想虽说宏大，但各种类似的星际科幻片在前，加上好莱坞隔三差五就要拯救地球一次，这部作品也实在没什么可膜拜的 ……我还是翻出致命魔术再看一遍吧~",2,https://movie.douban.com/review/7185963/
