title,review_text,stars,url
Joker,"观看《小丑》是一次难忘而特别的观影体验。
原因很简单：
1、《小丑》是新一届的威尼斯金狮奖作品，这是世界电影所能获得的最高荣誉之一，关键它还是DC出品的，本届影迷观影之前很好奇；
2、我很喜欢《蝙蝠侠·黑暗骑士》中希斯莱杰诠释的小丑形象；爱屋及乌，本届影迷观影之前还很期待；
3、在观看《小丑》的过程中，导演带给带来了一次又一次艺术和三观上的暴击，本影迷左思右想之后，做出了一个不与主流意见一致的个人判断。
因为讨论《小丑》是一件比较严肃的事情，所以我也不多说废话，直接进入主题。
我的评分：一星（五星制），理由如下：
1、小丑人物塑造失败；
2、故事逻辑牵强；
3、创作精神和创作动机险恶。
为什么这么说？以下是论述部分。
要讨论《小丑》究竟是一个什么样的电影，最重要的是要回答一个问题，即：
小丑，是一个什么样的人？
为了让大家更直观地思考这个问题，我把围绕小丑故事中的相关词，列举了一些出来，做了一张简图。
就着这些关键词，我来提取几个，尝试解剖一下小丑这个人物。
电影中，导演给亚瑟的笑赋予了很多很重要的内涵。
这个内涵具体是：
1、生理上，这是一种疾病；
2、电影层面，它有利于情节推动；
这种推动一个是辅助说明亚瑟的理想是做一个喜剧演员，「笑」可以作为他的喜剧理想的一个注脚；
另外一个是，小丑多次触怒旁人都是因为他的笑，这甚至直接导致了地铁杀人案件，直接促成了亚瑟的性格转变。
3、艺术隐喻上，「笑」也方便创作者去对亚瑟经受的苦难做出「讽刺」效果；
（自认为）受尽人间疾苦的亚瑟，不断地狂笑，有益于影片压抑情绪的累积，并且在心理上给观众造成一种逆向的思维暗示，触发观众代入自身情感，达到心理高潮。
可以说，用小丑形象中外化的「笑脸」这样一个已知条件，去作为故事推进的一个抓手，原本是非常聪明也很巧妙的做法。
但是，《小丑》这个作品，最大的败笔之一，也是在这里——
在影片呈现中，导演并没有很好地把小丑形象上外化的笑脸，内化成亚瑟这个人物的性格。相反，导演对于小丑的「笑」的使用，极为粗暴。
（真正看得懂的小丑粉 ，甚至会因为这种粗暴的处理而愤怒，因为看懂了就会明白，导演实际上是根本不尊重小丑的。）
粗暴何在？
答：
1、对于「笑病」这样一种原创性疾病，导演并没有在科学层面进行清晰的病因、病理、病症的解释；
我相信我这么说，一定会有人执意告诉我导演进行了解释，所以下文我也会举例推敲给大家看一下，导演是如何解释亚瑟的「笑病」的，然后大家会发现，导演对于亚瑟的病，实际展示的只是「病态」，而非某种特定疾病：
不具体，也就留出了狡辩的空间。
这种玩法儿，是艺术上的「偷换概念」。（它实际上是一种导演不负责任的行为。）
2、上一点直接导致了，艺术层面导演对于「小丑的笑」的使用，泛滥并且随意。
这也是本片创作上最大的问题，那就是它根本不服务于电影，不服务于观众，终极目的是且仅是「名利双收」。
至于华纳对它作为一个面向大众的精神产品的责任感，可以说是负的。这其实也是我一定要提醒一下大家这个片子非常具有迷惑性的原因。
（它看上去在隐喻政治，实际上在迎合市场。）
好，下面是本人对以上两点的解释部分。
首先，《小丑》会莫名其妙大笑这个行为第一次做出解释是在公交车上。
亚瑟心情不好，坐在公交车上，前排的黑人小朋友看着他，他做鬼脸逗了逗小孩，小孩的妈妈转过头来对小丑说：
然后小丑就仿佛受了很大刺激开始犯病，大笑不止。
妇女问他很好笑吗，他递给妇女一张纸条，上面写着：
「可能」，是大脑损伤或神经系统疾病。
这个「可能是大脑损伤或神经系统疾病」，用得真是有趣。
为什么？
因为这里做这样的说明，看上去是为了在后文甩出亚瑟童年被虐待的事实，但是，一旦这样来解释亚瑟「笑病」，那么实际上就进一步模糊掉了亚瑟「笑病」的病症，让观众对于「笑病」的理解变成了「精神病」的一种。
每次亚瑟心情不好想要杀人的时候，这个「可能」都构成了一个有效的解释，那就是——
他只是有病。
恕我直言，这是一种全然不光明不磊落的叙事方式，因为这就变相地让亚瑟这个人物有了「绝对豁免权」：
都是因为别人曾经对他不好，导致了他精神出问题；
都是因为他精神出了问题，所以他即便杀人放火，他也依旧是一个好男孩。
这个逻辑看上去竟然还有些让人无法反驳，但是一多想两步，就会发现它的问题在于「报复对象的随意化」和「报复行为的扩大化」。
用大白话说，这个逻辑是这样的：
A在你小时候虐待了你，你长大后，觉得全世界那些BCDF都对不起你，BCDF可能只是看不惯你，或者对你不够好，但你却因为A虐待了你，觉得应该杀了BCDEFGHIJKLMN……
我就问问大家，这个人物逻辑你们认了，你们不害怕吗？
因为亚瑟有笑病，所以他不论在什么不合时宜的场合大笑，不论他能否控制、是不是故意的，都可以被解释为「他只是生病了」「我们应该体谅他」。
但是，如果你是那个被他的笑声冒犯到的人，你又如何分辨这个人的笑是否可控、是否善意的呢？
好，有人要说了，亚瑟说了他的笑只是一种疾病，是不可控的呀。
说到这里，设定上的漏洞又来了。
1、亚瑟在经历「杀母事件」之后，基本没有再出现过不可控的笑，这是为什么？
他的笑病到底是生理性的，还是单纯精神性的？
2、在小丑的同事蓝道给亚瑟手枪后，蓝道开玩笑调戏侏儒，亚瑟放声大笑，并且收放自如，没有病症。这不是能控制么？这里为什么又能控制呢？
3、亚瑟多次犯病的症状是不一样的。
在公交车上，面对黑人妇女问他为什么笑，亚瑟笑得完全说不出话来，只能递给她小卡片解释；
在地铁上，面对华尔街精英问他为什么笑的问题，亚瑟有气喘不上来的症状（事实上开场在心理医生那里等情节也有该症状），但能说出断断续续的单词；
在韦恩那里，面对韦恩问他为什么笑的问题，亚瑟笑得厉害，但是却能顺利地表达完整的短句，并且没有出现喘气问题。
类似这样的细节还有很多很多，简而言之：
观众真的没法看明白亚瑟的「笑病」，到底是个什么病。
即便导演在电影中，对于亚瑟这个病的病因，做出了一个极为牵强的解释，也不行。
亚瑟去疯人院寻找母亲领养自己的证据时，看到母亲虐待自己的记录后（实际上是母亲前男友虐待的他），得知了自己小时候被绑在暖气片上被虐待的事实：
「头部严重受伤」这里可以对应在公交车上，小丑递给黑人妇女的卡片上所写的：
「可能是大脑损伤或神经系统疾病」。
也就是说，亚瑟的这个「笑病」，是被母亲潘妮当时的男友殴打所致。
但是，问题是，「殴打」是何以导致一种完全新型的精神疾病产生的呢？没有说明。
而且我前面也说了，亚瑟犯病的病因也非常难测，我曾试图假设他是不能被语言刺激，但是拿几个细节一对比，就发现这个思路并不成立。
比如在公交车上，被黑人妇女说了两句，他就被刺激到了；但是在面对韦恩的时候，韦恩跟他先后说你有毛病吗，我不是你爹，你是被领养的，在这种强烈的语言刺激下，亚瑟还平静地跟韦恩来回对话了很长一串，直到对话结束，他才犯病。
亚瑟这个病……真懂事啊。
这个病，真的也太懂得为剧情考虑了一点。
以上，都是我认为导演对亚瑟「笑病」诠释非常模糊并且站不住脚的一些细节。诸如此类的还有很多，大家可以自行去影片中挖掘。
也正是因为导演对于亚瑟的「笑病」没有做出清晰的设定和解释，并且一再利用这个理由，让亚瑟做出过激行为，方便剧情发展。（比如本片最重要的剧情转折点：地铁杀人事件）
所以，我认为：
导演只是在利用小丑外化的「笑脸」形象，假意给亚瑟披上一个悲情英雄的外，为的是方便获取观众情感上朴素的认同与支持，但是骨子里完全没有认真对待小丑这个人物。
这直接导致了亚瑟在影片中的「笑」被泛滥使用，自相矛盾之处，数不胜数。
而且，从故事背景出发，即便是在哥谭市，我们也应该假设是一个基本符合正常世界运行逻辑的人类世界。
在这个前提下，如果导演不解释清楚小丑的笑病，到底是一种什么病，那么要求正常人去理解小丑不正常的行为，就是流氓做派了：
因为正常人完全无法用正常的逻辑，去判断他的行为；
同时也无法用任何病人的病理特征来观察他的行为。
应用到现实场景里，这已经不仅是一个普通的叙事逻辑问题了，这首先是一个亟待解决的医学问题啊。
回到上面的提问：小丑是个什么样的人？
答：说不清。
小丑，因为他那个说不清的病，变成了一个说不清楚的人。他不是一个完整的人物，只是一个半完成状态的设定而已。
不信你们就观察一下，那些给《小丑》打五星的朋友们，是不是把小丑当符号看待的；他们是不是主要在结合某些完全跟故事无关的东西，在丰满小丑的人物形象、或进行情感投射？
当然，这也的确为很多观众提供了辩护空间：因为设定不清楚，所以怎么脑补都可以。
上一部分，我们已经论证了亚瑟在设定上最虚的一个问题。
那么这一部分，我们来做另外一个维度的分析，那就是我们暂时假设：亚瑟的笑病，是一种他自己本身完全未知、完全无法控制、也完全没有办法医治的一个不治之症。
在这个基础上，我们就影片写实的部分（即有故事情节设计的部分），来再思考一次：
小丑，到底是一个什么样的人？
这个时候，就要延续我们的关键词图，做出一张围绕小丑展开的人物关系图，来进行一个直观的讨论了：
结合剧情，在这张人物关系图中，我们可以获得几个基本事实：
1、亚瑟遇到的人，很多都曾对亚瑟有过「疑似」不算友好的行为或态度。
这里「疑似」的含义是：亚瑟认为别人对他不友好，但是在别人的理解里，可能并没有对亚瑟不友好。举例：心理医生。
2、亚瑟最后基本上杀掉了所有他能找得到的、「他认为」对他不友好的人。
不管这些人，是否真的对他不友好；
不管这些人，对他不友好的程度是否到了死有余辜的程度，他基本都杀了。
这里，我先以亚瑟跟母亲的关系为例，讲一下为什么我认为亚瑟这个人物做得很糟糕。
首先，母亲，是关心过他的。
比如小丑让母亲吃饭，母亲也会让他吃，母亲会关切地说，他太瘦了。
注意，母亲角色在本片中的表演是很出色的。
大家可以注意细节，故事设定是母亲也有精神疾病、生活基本无法自理，但她出色就出色在，她把自己的精神病病症演得很清楚：
她的精神问题体现为她的记忆和认知错乱，但这不影响她能基本按照同一个逻辑去生活与思考。
这就把潘妮这个人物做得很具体：
具体，才会真实、可信，有讨论价值。
其实大家观察亚瑟跟母亲对话的状态，可以发现，亚瑟基本上不太跟母亲有真正的亲密感，也不会为母亲创造与外界交流的机会，更不要提买个轮椅带母亲出去散散步了；并且外形上，母亲本人身型也极其消瘦，可以想见她也是过得很糟糕的。
但是，亚瑟却在脱口秀现场对莫瑞和其他人说：  （尽管这个部分是他臆想的）
什么叫照顾得很好呢？
亚瑟没有钱，没法给母亲提供好的物质条件，导致母亲消瘦，这一点勉强可以理解；但是，把行动不便的母亲当作囚犯一样，终日关在家里，这也算把她照顾得很好吗？
影片中，亚瑟关心母亲的信、关心韦恩、关心自己的身世，但是，他真的关心过母亲吗？
场景一：
亚瑟回家时，发现母亲被救护车带走了，在救护车上，医生问他：
后来在医院门口，警察告诉亚瑟，他们是因为地铁杀人案去找亚瑟母亲的，没想到他母亲会突然中风。
但是亚瑟全然不顾自己是地铁谋杀案真凶的事实——其实这也是他母亲中风的直接原因——因为她是因此而歇斯底里受到刺激的，面对警察，他劈头盖脸就是：
你们看，其实亚瑟的思维逻辑已经在各个地方展示得非常清晰了，那就是——
我过得不好，都是被人害的。
他总是下意识地恶意揣测是别人在针对他。
但是从不自省。
而且这里，母亲会因警察怀疑儿子是犯罪嫌疑人歇斯底里，其实从侧面很强烈地说明了：
她深爱着自己的儿子。
如果她不爱，她不会因此而有任何情绪波动，更别说歇斯底里，激动住院了。
可惜儿子不爱她。一点也不。
场景二：
亚瑟去找韦恩，得知自己不是母亲的亲生孩子，他又跑去精神病院证实这一件事。
他确认了：
1、潘妮不是自己的亲生母亲；
2、潘妮当时的男友曾虐待自己，而潘妮袖手旁观。
亚瑟再次感觉全世界都对不起自己。
他去医院杀了母亲。 杀她，他一个指甲盖的不舍，都没有。
他的心里全是恨。
就好像眼前被他杀死的这个女人，在他的生命中从没给过他一丁点温暖一样——
但是怎么可能没有呢。 他们一起看脱口秀，一起生活，一起相依为命呀。
别说是人，一条狗跟你在一起生活几十年，杀它都该有点不舍吧。亚瑟没有。
他恨母亲没有制止当时虐待他的人，但是他忽略了：
母亲也是被殴打的那一个，她也是弱小的那一个。她也有精神病，但她本人，没有伤害过亚瑟。
亚瑟不管。
他只能看得见自己。
不光对待母亲，他对待自己的偶像莫瑞也是一样。
亚瑟曾经崇拜莫瑞，他想象自己去现场看莫瑞的脱口秀，告诉莫瑞自己一直跟母亲住在一起，现场的观众都哄笑起来。
在亚瑟的想象中， 莫瑞跟现场的观众说不要笑，他分享了自己的故事来为亚瑟解围：
你们看，即便莫瑞是一个成功人士，但是他也曾是一个身世可怜的人；
所以，他用自己的故事，宽慰亚瑟，让观众理解亚瑟，甚至把他从观众席叫出来鼓励他，希望他能通过努力真正地走上人生的康庄大道。
亚瑟后来也杀了他——  因为亚瑟发现，莫瑞跟自己想象的不一样。
他竟然曾在自己的节目中播放了亚瑟表演的片段，用口无遮拦的标准的美式脱口秀幽默调侃了他。要知道，这在脱口秀节目中，其实并不一定是一种恶意，并且莫瑞依然表达：
自己超喜欢亚瑟。
这真的不一定是一句中伤。
因为他后来还邀请亚瑟去参加他的节目，尽管工作人员说这邀请是因为聊他那次节目效果好，但是对于亚瑟这样一个默默无闻的人来说，这个邀请，其实是一个他接近自己梦想的机会。
他完全有机会在电视机前去展示他能做一个喜剧演员的能力呀。
但是亚瑟压根就没有这个能力。
他的能力就是，永远用最大地恶意去揣测他人。
他记不住莫瑞作为偶像给他的鼓励和「拥抱」；不能理解莫瑞的思维和工作；他还残忍地杀掉了他。
这就是DC新塑造的超级英雄？  （注：个人认为，塑造超级反派实际上也就是把反派「超级英雄化」）
我们再次回到前面的问题：小丑，是一个什么样的人？
答：从所有跟他接触过的人的角度看，他是一个极度自私自恋的变态杀人狂。
从一个普通的、友善的人类的视角来看：这也是一个在绝对意义上，有病有害的人。
每每细想亚瑟种种杀人的动机，都叫人毛骨悚然、不寒而栗。
都是世界的错咯？
以上，是影片写实的部分，亚瑟与对自己两位最重要的人的关系的处理。（一个是亲人，一个是偶像）
从我的角度，我是不能接受这两个人被亚瑟杀害的。
因为他们并没有做什么真正意义上伤天害理的事情。
别说这两个了，包括地铁的华尔街精英、包括带孩子的黑人女邻居（导演解释说她没死，但是我仔细回看了镜头，交代得非常不清楚，无法佐证导演的解释）、包括害他丢掉工作的同事蓝道、甚至包括心理医生…… 这些人，就影片交代来说，没有一个是死有余辜的。
没有一个。
但是亚瑟像恶魔一样，夺走了他们的性命，并自以为正义。
这不是「精神病」朋友们，
这是真正意义上的「凶手」。
将一个凶手拍成拯救世界的超级英雄，这其实也从侧面揭示了，《小丑》这个作品背后的精神意旨是：
毁灭吧，世界。
我不明白，DC做这样的作品，除了点燃大众的负面情绪之外，价值何在？（关键是，故事人物都还做得一塌糊涂，完全没有艺术性）
「截至目前，影片全球票房将破10亿美元，收入已实现制作成本的15.3倍，成影史最赚钱漫改电影。（来自时光网）」
哦。
原来如此。
从商业的角度说，《小丑》的确迎合了一种极度压抑的社会情绪，他让许多情感主导理性的人能瞬间代入自己对现实的不满。是一个不错的资本商品——
但是朋友们，你们真情实感，可电影公司想要的只是你们口袋里的钞票呀。
艺术诚可贵，良心价更高。若为名利故，二者皆可抛。
这，才对得起商业电影的「商业」二字。（微笑）
只是可惜《小丑》没法在国内上映。
不然，DC的高层真是牙都要笑掉了：
豆瓣9.0哦，
文艺青年的韭菜，真好割。",1,https://movie.douban.com/review/12030863/
Joker,"整个电影特别强行 刻意去加强小丑不幸 甚至他去医院给孩子表演节目掉出枪还骗老板是道具被解雇也是他的不幸？ 不了解事实的情况下就去找别人的儿子 打扰别人的生活 也是理所应当？ 换个角度看他的老板，慈善家就有多幸运吗？ 电影除了强行卖小丑的惨对别的角色有什么描写吗？ 且难道小丑作为小丑是出色的吗？ 他讲的笑话不好笑还要怪别人不买单？ 因为自己的不幸就应该仇富伤害别人 难道这样做就是酷的？ 传达的这些信息细思极恐。
关于有人说这是民粹主义 那是不是也不应该找这么没有代表性的主角来反对精英反对权威？ 找这么有特殊性的角色 还尝试以他的精神疾病加强他的不幸合理化他杀人的事实 难道平民都有精神疾病？ 都推崇暴力与杀人？ 影片中主持人因为小丑的精神疾病而把他请上台 那影片本身又何尝不是用精神疾病来搏眼球？
想反应类似社会问题的电影很多 寄生虫的描写就很深刻且角色非常有代表性 同样都是一部电影的 建议大家不要看小丑浪费时间",1,https://movie.douban.com/review/10577322/
Joker,"小丑的悲惨来自于哪里：
1.社区管理员告诉他经济形势不好，所以预算被砍，他没法领到救济
2.尤其是她没有听他的倾诉所以对她产生怨恨？
3.他的广告牌被一群小混混抢走，然后被小混混打，然后对这个社会失望了？
最后走上街头参与到暴动，支持小丑的人之中就有这些小混混吧，就是这群乌合之众吧！
4.他的同事把枪给他，然后他带去幼儿园，跳舞的时候掉下来，然后被老板开除
为什么要给神经病枪？  他为什么自己要把枪倒带幼儿园？ 鬼看到都会害怕吧？这能怨别人？
5.三个精英在地铁欺负一个良家少女，然后欺负他？然后引发一场全社会的仇富运动，富人都是这样？
excuse me 这个情节立得住脚？承认会有这样这样的人，但是大概率下更多的会是参与暴动的乌合之众吧
6.在档案里看到他养母小时候虐待他，然后把养母闷死了？
这一段真的莫名其妙，我能想到的是 他养父有权有势让他养母年轻时签了一些文件，然后他又相信了，就回头把养母杀了？
7.他臆想 那个黑人邻居跟他上床，陪着他去养母那里，最后发现这只是臆想，就过去邻居家杀了那个黑人女人？
让你失望的人都要死掉？
excuse me，整个看的经不起一点推敲，我受害，过得不好，别人欺负你了，就应该拿起枪去杀掉每一个欺负过你的人，这样的人跟畜生有什么区别?
或许很多人会说他是小丑啊，但是小丑的话就不应该用这么俗气和生拼硬凑的悲惨来把他一步步逼向疯狂啊，他是小丑啊，他的疯狂不需要这么庸俗的悲惨好吧！
这个电影凭什么会比V字仇杀队要高？还有蝙蝠侠黑暗骑士人家诺兰刻画的才好吧，这个真的有点莫名其妙，看完真的很难受，关键还能拿金狮奖，emmmm大概现在围剿CN就是唯一的政治正确吧！",1,https://movie.douban.com/review/10570097/
Joker,"这电影恐怖，不止因为在现实中强化未来的伤害的可能，还因为它就是制片方当下的一场加害。演员、草民、枪击案受害者，甚至隐身的更多；而我在买票时，也为它投了资。
从小所有伤害我的人都能说出“都是因为他……”但那些挥出拳头的都是谁呢？
至少，众多新闻源指明：不过五年前的黑暗骑士枪击案凶手被捕时，骄傲地自称小丑。
今后，我决定花$5上轻轨时，会有更多的人相信在那破旧车厢中开火是为民除害，即使华尔街男孩不会坐地铁——
比如华纳男孩们，只需要付6千万，就可以让主角、反角和编剧轮番对演员进行身体羞辱、强化侏儒胆怯无助的刻板印象，或拿着电影工业从基顿时代开始就有的某种“职业修养”让主演榨干自己的身材、翻开心理的创伤，然后用长镜头贩卖他的病体和悴容、任他不用替身而一次又一次地经受和施加真实的暴力、被车真的撞倒。
（他们的痛苦被展示，不知有谁的伤痛被掩藏。用替身便好么？）
一边毫不掩饰地指涉着阿克姆、韦恩等不必要的庞然消费符号，一边用改装的现实妄想尝试媚俗，用满溢的烂俗弦乐填塞这样的情绪：“你拥有的只有伤疤，而伤害（面目模糊的）他人就能获得释放、快乐和满堂正义的赞许”——而强吻被等同于爱与温暖。要说自我中心地居高临下，这才是吧。
不用台词念出就不是在附加判断了吗？
对黑暗骑士枪击案的所有敏感和关怀，就是给凶手打上高光，同时把影院里的所有人塑造成为富不仁吗？
奇怪的是，这部电影还是在丽都岛上的威尼斯电影节首映的，并在精致的电影宫得了满堂彩和最高奖。
而我，付出了$12观摩、加入了这场加害，听周围人一看到那矮人就会发出的笑声；而华纳会收获预算数倍的首映票房和一片“果然比某某公司的电影更黑深残呢”的评价。
尽管它的声音和画面都不过像在逐句机翻剧本。
追加：https://www.zhihu.com/question/354379893 （以下图片来源，作者@每一天欢乐 见水印）",1,https://movie.douban.com/review/10558969/
Joker,"原作者：恒子笔记 来源：知乎
革命者和恐怖分子的区别是：
看到社会黑暗，革命者们会想推翻黑暗统治，建造更美好的世界；而恐怖分子只想毁灭世界。
欧美那些上流社会是不认可革命的，尤其是针对资产阶级的革命。
他们把革命者归为跟恐怖分子一类的人：想毁灭世界。
因此，《小丑》就基于这个假定：
那些处于底层的人，都是潜在的想毁灭社会的恐怖分子。
实际上，从中国过去一百年的历史看：
底层的人并不想毁灭社会，只是想少些压迫。
他们可能仇富，可能有点短视，但对同是底层的人，他们非常富有同情心。
那些穷苦出身的红军战士为了同样劳苦大众甘愿牺牲生命，就是证据。
我说的底层，是大部分底层人，而不是他们里面的一些疯子。任何群体里都有少数极端的人，更何况基数那么大的底层人。
小丑这种肆意报复社会的神经病，就是极端的疯子，不会有多少底层人追随他。
底层的人从来都只会追随那些带给他们翻身希望的革命者，比如那些帮他们分到田地的人。
电影《小丑》的剧情是：小丑受到了来自上流社会的歧视和嘲笑，于是杀了那些嘲笑他的人，结果意外成为了哥谭底层人崇拜的英雄。
所以，看这部电影看得我如鲠在喉！
这就好比说，当年中国民国时期，那些反抗黑暗的革命前辈们，其实都是小丑那样的神经病和疯子。
你膈应不膈应？
再说，被节目嘲笑叫压迫？节目还嘲笑名人，比如总统，CEO，这些人也被压迫？
说白了欧美上层人根本不知道什么叫压迫。他们讨厌节目嘲笑，于是认为这就是所谓的压迫。
欧美不是没有底层，欧美的底层也不比我国底层强到哪里去。
那些睡厕所，睡公园的流浪汉，在欧美精英人士眼里不是底层，因为他们觉得这些人跟垃圾桶里的垃圾一样，并不是人。
他们只会把他们想象中的中生活不如意的当做底层生活。
他们似乎认为，对所有人来说，衣服食物和房子都是不需要考虑的事情。
正如他们描画的《小丑》，不愁吃不愁穿，住着两室一厅的好房子。
主角所遭遇的一切挫折，无非就是才华不足导致的事业不顺（老板责骂、其他人嘲笑）
而这就是欧美精英眼里的底层生活。
他们潜意识似乎觉得：吃穿不要紧，要紧的是精神追求。
而实际上，对于真正的底层人，吃穿是他们最大的追求。
现实中的一个例子：
好莱坞女星安吉丽娜·朱莉曾到战后的伊拉克采访。
看着遍地废墟和衣食无着的伊拉克人，她说：
这些人虽然一无所有，但他们拥有自由。
再回到电影：
《小丑》就是一部上流社会创作出来让上流社会十分欣赏的电影，真正的底层他们从不敢触碰。
比如诺兰的《蝙蝠侠》第三部中的韦恩，明明有广大底层人民的力量可以使用，导演非要让他去释放囚犯，失去道义。
如果韦恩像中国老革命前辈那样发动底层人的力量，1000个蝙蝠侠也得给他干趴下！
其实第二部中希斯莱杰的小丑最让中国人信服。
这版小丑受人崇拜并不是因为他代表社会底层，而是他能看穿人心。
他看穿哥谭市的黑帮和蝙蝠侠的心理，利用黑帮的势力，把蝙蝠侠虐到找不到北。
他智商超高，嫉善如仇。
他制造混乱并不是为了报复社会对他的不公，而是他单纯地享受混乱的社会。
他是一个脱离了低级趣味的反派。
对比《小丑》中的那位受点委屈就要报复社会的小丑，诺兰的小丑简直不知道高了多少个档次！",1,https://movie.douban.com/review/14487143/
Joker,"倘若这部电影的主角是一个叙利亚人民都家人,朋友在战争中悲惨的死去，最终黑化成小丑的故事我会给他五星的，毕竟主角的遭遇比起被美国侵略的国家的人民实在是要幸福太多。所谓的精神病，在战争遗留下的精神创伤面前也实在是不值一提。可惜不可能，毕竟美国老爷心软，见不得穷人。如果主角还能学习马列毛，带领底层人民掀起阶级斗争，那我要给他五十星。当然也不可能，美国人眼里无产阶级战士什么的那可是比小丑还要邪恶一万倍，可怕一万倍的存在。",1,https://movie.douban.com/review/13484424/
Joker,"本人是一名小丑粉丝，当然，这个小丑是指黑暗骑士的，是指希斯莱杰的，桌子上摆的小丑的手办，各种昵称都叫小丑，因为太爱，所以我一开始就有点排斥这部所谓的小丑前传。
后来还是忍不住看了出来以后口碑大好，各种获奖的电影。说实话，我一直是强忍着看的，一直忍到最后希望他能给我什么升华的东西，但是很可惜，一直到最后的都没有，有的只是what the fuck！请问，一个携私报复的神经病loser，凭什么去诠释我一个追求至恶的高智商的joker？？？真的是不配！
有人说是人生太悲惨，造就了这个小丑，请问，这个主角亚瑟的悲惨命运真的没有自身的问题么？你凭什么把所有责任推给社会？难道社会就应该圣母婊，满足所有人，包括那些妄想症患者的需求么？如果不满足就是社会对你的亏欠？
这还真是助长了当前社会弱即有理的风气了，看看现在满大街那些横行的人，一副光脚不怕穿鞋的架势，把社会和所谓的富人全都摆在了对立面，我承认这个社会有天生富人，但是你没有去看看那些大部分的富人他们是怎么奋斗的，怎么拼搏的，承受了多大的压力和牺牲么？有几个人的财富是这个社会白给的，如果没有你凭什么白要，不给还要闹？
看到电影最后满大街的小丑打砸狂欢的时候，说实话我感觉到了深深的可怕，这部电影，就应该封杀，为什么要鼓吹这种流氓暴力？？？那些叫好的人，如果你和你的家人生活在这样的社会，请问你会幸福么？享受么？电影里的亚瑟有一句话，大概是我现在什么都没有了，所以我可以放肆的发泄和报复了，这是何等可怕的变态心态？
我爱的那个小丑，希斯莱杰的小丑，他的犯罪是高智商的，他追求的pure evil，他可以把自己抢来的如山的钞票随意的烧掉，而不是卑微的去追求名利，女人，爱和身份，他在试探的，是人性，追求的是至恶与至善在人性上的冲突与融合，是对所谓正义的重新考量和定义，而亚瑟的这个小丑，你的境界真的太低了，你就像那些为了报复社会闯进幼儿园砍小孩的失败者，让你来诠释我最爱的小丑，你真的不配。",1,https://movie.douban.com/review/12044266/
Joker,"俗套的剧本，看到开头就能想到结尾
有人说重在过程，该片讲述的是一个人发生转变的过程，这个过程本身是否有趣暂且不说，电影呈现的过程如此平庸，老套，狗血，没有惊喜
看了一半还以为是翻拍老版的猛龙怪客，实在是太如出一辙了，猛龙怪客没有心理问题，他也不认识蝙蝠侠
小人物深感平庸，在意识到自己竟然开始产生影响之后春风得意，这个故事实在老套古板，如果它的本意有想涉及社会现实的话，想去分析什么东西都话，那它只能算是不及格的作品
只有演员的演技还配得上如潮的好评，杰昆演的很好，也让一些脑残观众意识到，银河系里不是只有希斯莱杰才能演好小丑，有很多人都可以
最后的俗套部分无法打动我，它没有任何说服力",1,https://movie.douban.com/review/12027510/
Joker,"烂片！从电影对社会造成的影响这个角度看，毫不客气的讲这是一部烂片。好莱坞导演托德·菲利普，用全球最好的电影创作资源制作了一部极其肤浅，极端商业化的电影。
《小丑》让我想起上个世纪和本世纪初，以张艺谋为代表典型的中国第五代导演，他们拍的那些阻碍人类理性发展的电影。
不得不说《小丑》的编剧非常高明，他用普通的大众角度先引起人们的同情，再植入现实世界的现状，最后再用童年去笃定如今荒诞的社会。原本是社会危害的小丑成功越位到观众崇拜的地位，那个丑陋的家伙好像可以通过电影向上苍或者某个主管造物的神，表达我们作为一个普通凡人，长久以来忍受的痛苦。
纯感性的叙事结构，给所有对现实不满的人来了一次集体高潮，但高潮之后又能怎么样呢？《小丑》就像毒品， 更确切一点的讲，这电影就像抖音。
抖音作为一个现象级产品出现，遭到了很多的非议，也有很多用户出来为抖音辩护。我们不能片面的说抖音百害而无一利，它确实在一些美食教程，适宜的正能量宣传，甚至在教人学习技能、语言等方面做出了不可忽略的贡献，但在剥夺人的思考力这一点上，它的危害确实存在着。
为什么说抖音剥夺人的思考力，是抖音在危害用户，而不去说是用户管不住自己？因为用户作为个体，他是社会的组成，而抖音作为一个组织机构的传播点，他有更大的责任为社会风气和社会走向负责。同理，《小丑》从视听上来看，确实超级棒，但是我们不能单纯的认为小丑在童年或者过去曾被社会抛弃，他就有权利去犯罪，去让哥谭市大火燃烧。
抗战时期，在我国南京数万万同胞惨遭日本军杀害、羞辱，难道如今我们就应该去侮辱日本吗？我们生活在一个三维的世界里，空间、时间和人性每时每刻都在变化。我们没有办法改变别人对我们的看法，但是我们有办法改变自己对别人的看法，这才是正常的社会风气。如果我们每一个人都对社会充满愤怒，那我们指望谁来对我们温柔相待呢？我们指望谁去创造一个和谐美好的世界？
影片的最后小丑杀死了母亲，那个和现有社会保持联系的人，他彻底的决裂了，表面看起来很伟大，仿佛要开辟一个新的世界。但是也只能是看起来伟大而已！真的，没有别的什么屁用。
19世纪的欧洲有一个特别厉害的人，他的名字叫圣西门。因为他提出了一个叫做“社会主义”的概念，但如今人们给他的概念加了两个字“空想社会主义”，如今我们提起社会主义都说马克思怎么样，而鲜有人知道圣西门和他的那些伙伴。
圣西门和马克思有什么区别呢？
颜值，时代，酒量，这种区别当然存在，但不致命。最致命的一个区别就是：圣西门像个小丑一样，一股脑的只想造反，只想着怎么在哥谭市放把大火引起全市人民对自己的关注；而马克思不一样，他写了《资本论》、《共产党宣言》，他把当时存在的资本主义社会研究的瓜熟蒂落，然后提出了具有可操作性的共产党宣言，于是他成了伟人。
我想，如今反对或者觉得马克思是纯扯淡的人没有几个。除了那些地主，尤其是那些拥有资深祖业的三代地主和资本家可能会有一丢丢的难过。
奥斯维辛集中营、抗日战争时期的慰安妇、731部队实验品的后人以及正在发生着的伊朗政府，他们都很愤怒，但我相信他们会在做出一些适当的发泄后，会很温柔的活着，但这不叫苟且。
好莱坞电影的品质像大树一样，越来越不如从前。包括被评为奥斯卡金奖的《三块广告牌》、《小丑》这样的电影不断的登陆中国，像我们传播着极其不健康的野蛮观念，更可怕的是我们想法设法从各种盗版网站寻找资源，一遍一遍的欣赏，像青春期的小男孩，怎么都高潮不够一样。以为自己得到了享受，其实已经在慢慢变得虚弱、丑陋、无法自控。
公众号：影评匠",1,https://movie.douban.com/review/12155255/
Joker,"希斯·莱杰的小丑的成功并不能证明其他小丑也是成功的。
这部电影蹭着希斯·莱杰当时的热度，引来了无数影评人的吹捧，产生了一个现象级结局——出现了怕被一群吃人血馒头的影评人排外，从而无人敢批评的情况。就好像那个用虚构的品牌去采访时尚圈名流的例子，没人愿意承认自己没听说过这个品牌，都怕露怯从而砸了自己的饭碗，所以每个人都在努力地为这个虚构的品牌撒谎。
这个垃圾电影所带来的结果就是这样：
影评人怕自己被其他影评人孤立排斥，自然要合群，奉承。
网红们为了营造自己热爱艺术的形象，跟风吹捧。
普通人为了紧跟潮流，被莫名其妙塞了一嘴的大便，还自我暗示这是一部好电影，毕竟那么多名人都说它好。
跟风的所有人都不得不夸赞这部电影。
它真的好吗？
所有人对小丑的包容和善意，都被他曲解为对自己的无能的蔑视。关键的是他还自命不凡，自以为是，自我感动。这么样的一个废物，因为自己的无能被人揭穿而狂怒，从而大开杀戒。这玩意儿有什么好感动的？给了好评的人真的能跟这样的主角共情？？？怎么着？你们也这个德行？
把自己的无能归罪于他人的坦言，这才是这个小丑的“病”——卑微且恶臭。
他在地铁上杀了人，怎么就让美国沸腾暴乱了？怎么就成了偶像了？美国现实中这么杀人的还少吗？怎么没沸腾？怎么没成偶像？因为这个电影就是生拼硬凑出来的啊！为了迎合小丑最终的形象，而生硬地拼了一个故事给他。就好像我买了一扇门，然后围绕这扇门开始建房子，那特么能是什么好房子吗？
《小丑1》的热度褪去了， 希斯莱杰的人血馒头大家吃够了，大家才能正视《小丑2》了，才敢批评《小丑2》了。
何苦呢？",1,https://movie.douban.com/review/16321857/
Joker,"这部电影的结果非常符合人性。
以前的小品，什么残疾啊，买丑啊，都会引人大笑，为什么人没有同情呢？因为人物形象太丑，无法让人联想到是会是自己。
这个电影，依然是丑角，但是不是搞笑的，他的丑，是可以接受的，大笑这个缺点，并不会让人觉得这是一个无法接受的丑，相比赵本山演的那种癫痫，刘能那种小丑 ，这个大笑就微乎其微了，甚至很多人会想拥有这么个技能。这是一个可以接受的丑。
我相信每一个喜欢这部电影的人，都有把自己幻想成这个主角小丑过，甚至我都见过不少人用这个做头像。
主角的一系列遭遇以后，他做的是杀了这些对他不好的人，通常正面人物会牺牲自己，感化别人，而这部电影是杀光所有对自己不好的人。这个非常符合大多数人遇见欺负自己的人时候的想法。
用小丑做头像的人，我发现都是用了小丑扭曲跳舞的那一段截图，这个也反应了，大部分人都是想表现自己的，因为这个舞本身的动作都是很装b的，所以这也很能让人感同身受。
小丑还是一个很有理想，执着于做喜剧演员的人。这哪个人没个理想啊，所以非常的能带人幻想是自己。
因此小丑这个角色，能让人带入这么个身份，我有一些缺点，虽然是缺点，但是我觉得这是我的特色，别人都不能理解我。我有自己的理想，但是身边的每个人都不看好我。我生活不如意，也遭受着不公平，于是我爆发了，杀了所有欺负我的人，我跳着很装b的舞，我看起来非常的与众不同。
人性就是如此，邪恶又自私。善良是少数的。
最后，我是非常讨厌这个角色的，生活中我也认识这样的人，愚蠢又极端，能力不行，又想得到高待遇，又懒又自私。",1,https://movie.douban.com/review/15609403/
Joker,"A top criminal, it turns out, just needs to learn to giggle. The director twisted a highly intelligent criminal into a mentally retarded person, I wonder if the director is too stupid to understand the nature of the crime?! Or does the director understand the world according to his own intelligence?! Anyway, did the director's limited intelligence screw everything up! About actor, I know Robert De Niro is an idiot,but if the director and producer are idiots, it's hard to imagine, well you know, it's hard to get a bunch of idiots together, because it's probably a crime ring running a movie investment scam.",1,https://movie.douban.com/review/14670057/
Joker,"亚瑟被抓，进入警车，他的红色嘴角歪向一边，他的笑声依旧难以停止，他也不再克制这样的笑，他显得无比自由。电影配乐此时逐渐增强，层层铺叠欲渲染以至宏大的终章。镜头转向更大的场面，在硝烟四起的城市里，带着小丑面具的群像登入他们作乱的舞台。这一切都让人觉得熟悉，这与《v字仇杀队》《搏击俱乐部》有什么不同吗？前者只是加了纳粹集权的历史影射后者只是多了一个心理学的双重人格的卖点，但一切有多大的不同？都是如此的平庸使人厌倦。满座的影院并无一人愤然离席，好莱坞又一次展现了它对庸人的谄媚，作为聪明的大众传媒巨头，它的确知道如何行事。
而毫无疑问，无论从这部影片已经得到电影奖项和它即将获得奖项来说，这次谄媚是成功的。甚至身边不乏有人以艺术，耐人寻味来评价这部电影。人们似乎已经淫浸在漫威一类通过动作打斗给人多巴胺刺激的电影中很久了，《小丑》的出现让人觉得面目一新。再者有菲尼克斯的表演加持，他的舞步把优雅与癫狂完美融合，在色彩复古而浓郁的视觉效果里把人引入恐惧。继而解释充分的故事线又把人引出恐惧，因为这是完全可以解释的，小丑让人同情，因为我们也悉知他苦难的一二，影片结尾小丑们的胜利让人在惶惶中感到亲切起来，为他鼓掌的正是我们心中的虚无感，而这种似是而非的心理满足不正是最让人喜欢的麻醉剂？
齐泽克在影评中说到“它展现的社会失序和资本主义制度下的黑暗恰恰能引人深思”“人们被黑暗中的虚无者的唤醒”。可是影片是抒情的而非反思的，它只想要唤起观众的情绪，它大声呼喊观众理解小丑而不是去分析他，去批判它。这就是为什么在这部电影中占了重头戏的配乐使人恼怒的原因，它给了电影一个史诗一般的基调，它总是适时响起以便把观众的情绪安置恰当，特别在影片最后的它逼迫在人们思考之前就陷入宏大叙事之中一览无余的壮丽之中，多么绚烂庄严啊。
镜头牢牢锁定在亚瑟本人身上，观众得以体察到他细微的情绪变化。通过菲尼克斯的演技，神经质与脆弱癫狂与善良在亚瑟身上得到和谐，观众动容于他最开始的温情，而他身上遭遇的一系列不幸得以承托住观众的同情，然而同情就是终点了吗？影片刻意把问题的导火线引向社会失序，对贫困人口的忽视，如市长在演讲中对穷人的贬低，心理医生对其病人的敷衍。诚然它给我们一个窗口去反思社会各种失范行为的发生过程，但也就点到为止了。并且因此它回避了一个更重要的问题？如果这是毫无理由的呢，这是希腊神话式降临的苦难，如果人们无法把责任推给社会，人们应该如何处之？在简单的故事逻辑中，电影并不欲引发观众更多的思考。
“从前我以为我的人生是一出悲剧，现在我才发现它是一出喜剧” 这句台词一语道破小丑的内心转变。然而这句话并非是一种自嘲，因为自嘲至少意味着背后的自嘲者有价值判断。这句话意味着他将以屈从的方式从他的人生剧幕里落败而逃，它成为出演喜剧的那个人也成为观看喜剧的那个人，他完全归顺了他人生不幸的恶的逻辑，这是他所谓的自由。当他抛离了从前的行为准则，碾碎了那个逗公车上小孩笑那个善良的自我，但他并未建立任何新的道德而是敞开怀抱拥抱空虚，在虚无之中，人的生命失去意义，暴力也因此可以毫无缘由肆无忌惮。如果说小丑在漫威原著是充满力量的反派， 那类不由分说充满意志的破坏力使人着迷。那么在这部片子里他被合理化了，同时也剥夺了他作为叛逆者的力量，他融进那些戴着小丑面具的人群，成为一个失焦点。
电影和任何文化产品一样，毫无疑问是一种意识形态，《小丑》提供了让人失望的道德，为了为了献媚提出的道德。它给人不适感和恐惧却不使人敬畏，呈现了一种软塌塌的文化。电影北美上映期间警察高度防备，讽刺的是观众的虚无感恰好在电影中得到回应和释放，从这个层面上来说电影又一次展现出了它如何在资本主义文化内部规训。我们看到电影和他的观众连缀成一体，在这样的文化景观里，他们都以为他们在反叛着什么。",1,https://movie.douban.com/review/12041405/
Joker,"★ Sunday Movie: Impression of JOKER
Recommendation star ★☆☆☆☆
JOKER has broken through 1 billion in the world.
I watched it today. And in my view, it is a crazy horrible movie. I don't know why so many people marked it so high to 9.0 point.
But I began to know why it has been not allowed to come out in China. In a word, it, to the extent, released out the evil side of humanity. No wonder that the overseas government will arrange some polices around the premier of JOKER that exerts a terrible influence on people.
It is not the life value that our society advocates. I have no idea what the movie wants to convey to audiences. Maybe there should be someone who tells me why it is so popular.
Anyway, I don't like it.",1,https://movie.douban.com/review/12035933/
Joker,"别人对小丑做了什么：
母亲：领养、虐待及协助虐待致其精神疾病、误导父亲身份
市长竞选人：解释误会、要求远离
同事：赠枪、说谎致其失业、出于被警察盘问的不安上门拜访
公车上母女：冷漠远离、接受解释不理睬
女邻居：电梯中陌生人的礼貌
地铁中三个“精英”：不理解小丑大笑精神疾病，殴打
小丑脱口秀表演观众：上传其尴尬表演视频
脱口秀明星：在节目上调侃其失败脱口秀演出、邀请参加节目、尝试沟通对话
泛社会集体：抢夺其广告牌，毁坏殴打；对其公共场合大笑表示厌恶；出于职责对其进行心理疏导；由于各种失误对其进行开除......
..................................................................
小丑对别人做了什么：
母亲：晚年照顾生活起居、满足母亲重复要求、窒息杀害
市长竞选人：反复上门打扰，影响其儿子，间接导致其死亡
同事：割喉残杀
公车上母女：逗孩子发笑，大笑并递卡片解释
女邻居：深夜出现在其家中导致恐慌
地铁中三个“精英”：枪杀、追杀
小丑脱口秀表演观众：一点都不好笑的演出
脱口秀明星：直播爆头击杀
泛社会集体：对心理辅导师大喊大叫；制作卡片向他人解释自己精神疾病；在火爆直播节目中枪杀主持人；引发社会暴乱......
................................................................
欢迎补充......
其他方面如何暂且不论，价值观这一项就是一坨屎。
不管你有怎样的境遇怎样的故事，你都应该是一个【明确】的人，对别人的接受与给予相当。
我不喜欢这部电影，我也不想说服别人讨厌这部电影。
写这篇影评的目的就是找到其他认为这部电影不配9.0分的同类。",1,https://movie.douban.com/review/10647846/
Joker,"小丑刚出来时好评如潮。
让我这个诺兰版蝙蝠侠的粉期待不已。
9.1的分数在豆瓣来说是这类电影的第一了吧。评论和文章都是一顿吹，更是钓足了我的胃口。
可惜千呼万唤始出来，终于看过之后，大失所望。
此片荣获第二部让我观影途中睡着的佳片。
除了影片拍出的氛围和质感，其他都差了那么好几些的意思。
剧情比较老套，我觉得对超英这类电影这个不算太大的问题，关键是节奏还得特拖沓。
一拖沓起来，就有点矫揉造作，故弄玄虚的感觉。
特别是表达小丑境遇中的挫折这部分，力度太弱。
街头莫名被打，过于俗套。
车上被黑大妈呵斥，本想引出小丑的病，结果大妈一个SORRY，力度大减。
去医院表演带枪，这明显是你不对啊。
地铁上再次上演岛国痴汉片喜欢用的剧情，此时我已睡着。
如果小丑因为这些原因而走上犯罪道路，那不值得同情，反该遭人唾弃。因为这些挫折不值一提，也不合逻辑。
最后搞成个要爽不爽，要深刻不深刻的烂片。",1,https://movie.douban.com/review/10646602/
Joker,"中途在酒吧表演的时候一度想要快进，最终收回了躁动的手指，反复听JOKER的笑声，确实很怪异，但我整片下来，就真的仅仅感受到了他只是一个freak，离我心里的JOKER差的极其之远。
有人就说了，这是前传，是他从懦弱无能变成狠戾乖张的记录，但是我看不到他思想的怂恿性，以及他行为到底能推动社会怎么样，他仅是凭借自己的本能厌恶去射杀，谋杀别人，而不是通过故事情节以及如何使高谭堕落去做这些事，所有的人都是群演，配合JOKER一步步成为符号象征，可在我心里，他永远不会征服我，无论我设身处地在哪一方。要知道JOKER可以使那么坚定的正义使者堕落，使蝙蝠侠进退维谷。
可在这部片子里，我就仅仅感受到了他的歇斯底里和失控的疯狂。我在看这部片子之前，想到了
，我想可能会把发条橙里面的主角反着演一遍吧，嗯，好像是的。
我看完之后想到了
那些戴面具的人都走到了广场去抗议，可是我觉得在V字仇杀队里面是可以说服我的，而在这部电影里，我心想，真的仅凭杀几个人，就能躁动起这么多人去反抗政府？小丑好像没能预想到他做的事可以造成这种崩坏的效果吧，我也没想到。
如果“反社会式”电影可以凭空高这么多艺术分，那么也实在是有点好笑了。
我讨厌这个电影，因为我看到了一个弹幕，讨厌这个电影的都是哗众取宠，我真是rsndm了",1,https://movie.douban.com/review/10644252/
Joker,"当年就是带着一种很怪异的、毛骨悚然的感觉看完的。当时成为大热影片，现在想来是迎合或者间接反映了社会层面的大众心理。只是猜。

这个人物是很反传统，在文学创作上也立住了。可是我就是不喜欢他，也不喜欢可能投射到现实的某种未来，尤其影片结尾小丑站在车顶庆祝他英雄一般的胜利。但我觉得，revolution不会迎来所谓的美丽新世界，当时就是这种感觉。

才想起来是2019年，在此之前，美国梦和美国英雄故事可能早就落幕了。政治正确的极端强调，来自于一大部分治理者是脱离了生存需求却面临了一个生存危机的美国，他们不懂大家在想什么了，面临整体衰落的时候，信念与理性是失灵的，所以崛起的一部分人“I don't give a f**k""，然后自恋狂抓住了这个抓手。

接着，美国的演变其实也没有逃脱人类命运这个大的宏观背景。最后会不会是血的GM啊，或者战争，如果是的话，牺牲的只能是那些本来的底线里需要保护的弱者。。。比如老人，比如儿童，比如残疾人，都是被扔在话语权外的人。

这些都基于我东读一些，西聊一些，还有自己的推演和猜测。除了心痛就是心痛。但是小丑这种，类似于JD万斯，真的就大写的不喜欢。",1,https://movie.douban.com/review/16547238/
Joker,无聊至极，这是一个可怜人的故事罢了，电影所表现出来的悲哀社会和主人公扭曲的对待让人无法赞同，主人公没有任何抗争，只不过一路向下滑到最底层。电影想表达什么呢，社会有点变态我看出来了，人性的扭曲么，奇怪，就算扭曲了然后呢，电影到底想说什么呢？另外，小丑下楼梯的镜头一点意思没有，瞎蹦呼！,1,https://movie.douban.com/review/13949952/
Joker,"全片围绕亚瑟这一特殊社会底层人士的悲惨经历展开，说他特殊是因为，他患有一种""狂笑病""，其实我更希望这是他真实反应，是被他母亲误导的，很可惜从影片几处情节来看并不是（以地铁一幕最为有力），因为这是唯二我能想到的杀母原因，另一当然就是”无懈可击精神病人""了，因为不自主的大笑一直被旁人视为怪胎（说实话有点牵强）肯定有人会说他不止大笑还有其他怪癖，影片当中并无体现，其中导演为了强化这种联系又安排了公车上逗小孩大笑引反感和厕所认父大笑吃拳头两幕，后一幕稍显勉强不自然的感觉，接着是在工作中的不顺，街头扮演小丑被熊孩子抢走牌子接着追过去又被打，本身非常向往成为喜剧演员，现实中却因""怪胎""身份屡受欺负，带着一身伤痕回到“哈哈社”，一把来自所谓“罩人大哥”的手枪彻底改变了他的命运，他有了革自己命的物质基础，因为这把手枪他丢了饭碗，回去的地铁上，因为自己的大笑不适时的发作，招来一顿打，可能是刚失业心里很不好受，也可能是发泄于罪魁祸首“手枪”，他直接掏出了手枪连开几枪射杀了两人，最后第三个也没能幸免于难，一段舞步压惊后，回到家，偷看了母亲的信，得知自己的生父竟是名人，名字忘了，当下正竞选市长，不管抱着什么目的，总之要去尝试一下，没有比现在更糟糕的局面了，母亲病危，女友又是幻想出来的，在得知自己真实身世后，变成疯狗对母亲痛下杀手，杀了给自己枪的“大哥""，知道自己是彻底玩完了，同时发现自己一心向往的喜剧演员竟对自己是如此嘲讽取笑，当晚正受邀参加访谈，最后一个晚上他把自己打扮得非常光彩，在台上发了一顿什么“你们永远不懂我这个屌丝的生活有多么悲催""之类的鸟语又杀了一个。整个影片于我个人而言非常厌恶。",1,https://movie.douban.com/review/12864839/
Joker,"本来应该给4星的，因为一看评分过高就打一分平衡下。
4星完全给演技、叙事手法、色彩运用拍摄手法、配乐基调的艺术性。
而我的一星，是打给大多五星网抑带哥。
描述问题本身并不能解决问题，也没有价值。
出问题的并不是影片本身，而是观众不能合理明确的解构、欣赏的尺度，代入其中，放大其负面情绪，本身是没有价值的，无病呻吟、矫揉造作。
影片的启示应当是对于边缘人物的关心、对于社会政策的关注。而不是对人物黑化的认同、将其奉为领袖、圣经。我这么说肯定有人说：我们没有把亚瑟当英雄，我们不会像亚瑟一样变态。那么推崇者怎么看待亚瑟的？敢为人先？亚瑟不是反抗，他不关心政治，他是在挣扎，终被撕毁。
可哀，可怜，可怨，不可欺。时代可哀，自我可怜，政府可怨，社会不可欺。
一般人的观后感：太惨了...emm...太惨了。大佬的观后感：本片的运镜....本片的色彩....网抑的观后感：跟我一样，我也如此，情深所致，（理所应当，）我太难了，社会太黑暗，我又被压榨，别人不理解，我又不敢动。
影片想表达什么、影片的艺术性如何，前人述备矣。珠玉在前也就不多写了。本来我也想长篇大论的表达情感，但害怕不自觉中自己也成了网抑会员。
顺便，我这样不长篇大论的样子是不是很low比不配写影评？
再顺便，不知道在想社会太阴暗我太难的人是不是幻想了一个虚空社会，还不如幻想个乌托邦。不知道网抑会员会不会在看影片时去外卖到了而喜笑颜开地和外卖小哥打着招呼。
日光之下无新事，不敢说小丑没有社会价值，但我还是去看蟹工船吧。",1,https://movie.douban.com/review/12770581/
Joker,"影片过度极端主义，民粹主义。阶级问题是大问题，但不能无休止的放大。自人类文明的发展开始，阶级问题就已经存在，只不过未开智的人们无法意识到罢了。
美帝资本家拍摄此类电影难道真的是为了解决阶级问题吗？不，这对解决问题毫无作用，但却能赚取一片呼声和金钱。
影片传导不正确的意识与价值观只会导致底层阶级越发贫穷。这让他们不去抓住高度发达的社会为他们提供的阶级上升通道反而去进行毫无作用的游行与动乱，资本家也更本不会受到丝毫影响。
先向社会名流与中上阶级灌以恶名，扣上恶帽子，最后以杀死他们来获得掌声，这正确吗?这不正确!这只会向人民灌输错误的人生观价值观。在这种价值观存在也使得美国警察不得不高度警惕某些高危人群。美帝如果继续对此不管不顾，终将玩火自焚。
如果这类电影在我国广泛公开上映，长久之后将对我国国民造成极大的消极影响，特别是对不具备独立思考能力的群体。
不得不承认，人类文明的辉煌之下都有阶级问题的存在。一方面人们崇拜着繁华恢宏的社会，另一方面又对阶级问题的无比憎恨。
在我看来，只要人类存在，就一定会存在阶级问题。没有很好的解决办法，高度发达的社会可以给人带来更高物质条件，但带给人快乐的往往是自己处于更高的阶层。在我看来，社会保留有全方位多层次的阶级上升通道便是解决阶级问题的最好办法，人类文明的发展也应该往这个放向去靠。",1,https://movie.douban.com/review/12769214/
Joker,"《小丑》是一部令人失望的电影，配不上它的声名。
电影故事可以概括为：精神病杀人事件。精神病杀人事件有什么好看的呢？
无数给这部电影打高分的观众从中看出了阶层固化、贫富差距对普通人的侮辱与损害。这并不是因为电影真的有多深刻，而是因为白左文化的病毒已经深入人们的头脑。
白左文化的一大特征就是否定个人责任。认为一切的责任都是国家的责任，一切的过错都是社会的过错，一切的丑恶都来自那些自私冷漠的资本家们的剥削。
在电影里，小丑是这么认为的，他的追随者们也是这么认为的。小丑批判富人蔑视他的存在，没有关心他爱护他，所以他才要报复社会。
小丑的困境是富人造成的吗？
不是。他是一个被收养的小孩，从小遭受家庭暴力，脑子被打坏了，留下了精神疾病。（动不动就难以抑制的大笑。）这个悲剧是母亲的前男友（一个爱好家庭暴力的渣男）一手造成的。如果小丑怀恨在心，查到这个渣男的地址并进行报复，我们会觉得合情合理。但小丑并没有这样做。他迁怒于养母当年没有保护自己，所以用枕头闷死了养母。
人到中年，小丑遭遇了事业危机：下岗。
为什么会下岗？因为他在给小朋友们表演的时候藏在身上的枪掉了出来，吓坏了小朋友们。老板因此开除他有问题吗？我想每个脑子正常的人都会开除这样的员工。
这件事当然是小丑的错，你去给小朋友表演节目，身上带把枪干嘛？但小丑并不这么认为。小丑认为这是同事的错，因为他给了自己这把枪，还在老板面前说自己的坏话。于是小丑杀害了他。
同事为什么要给小丑一把枪呢？
因为小丑工作的时候被几个小流氓欺负了，一顿暴打。他赠送枪让小丑保护自己。事实上这把枪确实起到了保护作用，地铁上小丑遇到攻击时，就使用这把枪干掉了过来殴打自己的三个人。
地铁杀戮事件可以称之为防卫过当。虽然这几个人罪不至死，但是主动去围攻殴打弱者，就应该做好被弄死的觉悟。我也不是很同情他们。
这几个人是什么商业精英。听到商业精英被杀害。哥谭市的人渣们就开始沸腾了。他们觉得小丑是英雄。纷纷戴上小丑面具，把小丑视为他们的精神偶像。
小丑是精神病，这些人则是又蠢又坏。勤奋工作多辛苦，暴力与破坏使他们快乐。
哥谭市流行的是一种仇富文化，戴着小丑面具的人们总是像蛆虫一样聚集在一起抗议贫富差距。小丑干掉了商业精英，他们高兴；小丑干掉了节目主持人，他们高兴。
只要有富人遭殃，他们就高兴。
不管是在电影中的哥谭市，还是在现实中，仇富人群就是这样的特征：一看到富人破产、入狱、遭遇不幸，他们就兴高采烈；一想到所谓的贫富差距、阶层固化，他们就咬牙切齿。
他们愚昧的大脑里只安装了一套零和博弈的程序。他们觉得富人所得，就是自己所失；财富要靠争抢，地位要靠杀戮。他们理解的人类社会有点像大猩猩群体。
但市场经济并不是这样的。市场经济的核心是合作与共赢。但是如果每个人都要求“赢”的一样多，合作就难以发生，社会就会回归丛林。
合作是困难的（想想那些你讨厌的老板和同事），创造财富是困难的。一个精神病人要治愈自己，要实现当谐星的梦想，要经历千辛万苦，要承受莫大风险。
小丑没有这样的耐心。对心理医生的治疗不满意，他杀害了对方；当谐星之路要遭受调侃和嘲笑，他杀害了主持人。
对小丑来说，他人不是可以合作一起创造财富实现共赢的对象，而是威胁自己损害自己的敌人。他人即地狱。
有些坏人确实伤害了他。遗憾的是，小丑把这些坏人当成了整个社会。
电影外的很多人也是这种思维。
这样一部电影，让我感觉非常无聊和无趣。接连不断的暴力和凶残，精神病践行着白左文化的价值观，以武器的暴力代替言论来“批判”社会。满眼所见皆是丑恶。
无论是思想还是行为。
很难理解这部电影为什么可以获得那么多赞美和高分。可能是因为错误的观念已经统治了太多人的头脑，这个世界已经到了愚昧与黑暗的边缘。
电影结尾，小丑被无数的小丑们从警察手里救出来。小丑跳梁，群魔乱舞，哥谭市陷入了末日狂欢。
电影外，看着豆瓣上的千万条五星评论，透过那些愚昧邪恶的声音，我看到的是同样的景象。
我穷，是别人的错，因为社会体制、贫富差距。
我坏，是别人的错，因为政府取消了免费的医疗福利。
我失败，是别人的错，别人不尊重我的梦想还嘲笑我。
我作恶多端，还赢得了电影里的无数粉丝和电影外无数观众的同情与理解，他们还纷纷给我的故事打五星，说这是一部伟大的电影。
我是小丑，我是一个精神病，他们是傻逼和坏怂。
原文：https://xw.qq.com/cmsid/20191116A073LA00?f=newdc",1,https://movie.douban.com/review/12737377/
Joker,"据说这是一部反英雄主义电影，却拍成了一部英雄主义电影。这其实反映了现在西方社会一种割裂的价值观，也隐隐透露出西方文明的没落。这部电影是一部彻头彻尾的失败之作！很多人盲目夸奖主演的高超演技，可是一部迷失主题的电影，主演的演技再高超又有什么用呢？电影的主题到底是在讲什么呢？小丑本身是一个反社会的人格，但是在电影中却描述成一个被社会践踏的人格……小丑由一个犯罪界的霸王枭雄式的人物，践踏别人的人，变成了一个被别人践踏的、弱小、无助的、可怜的底层人。一个枭雄式的人，怎么可能长期忍受别人的践踏而不作反抗？即使童年时期无力反抗，一旦到青少年时期，也绝对会绝地反击！不可能长期忍受。所以说，这部电影里面的小丑跟蝙蝠侠英雄电影里面的小丑是两个人。人物换了，是不是这部电影就成功了呢？错！这部电影还是崩坏了。我们在这里看到的成功不是电影的成功，是美国新闻审查制度的成功。我们都知道，美国是最发达的资本主义国家，自诩开明。可是，他却有一张看不见的网笼罩在各行各业，包括新闻出版业。这一点，我们从美国大片中可以非常清晰地看到。他们的政治正确，其实从某些方面甚至比国内还要严重。所以我们看到的小丑，他不再是一个犯罪的天才，他不再是一个利用人们心中的恐惧去控制、威慑普通人的人，他不再是一个似乎象征着恐怖主义的这样一个人。恰恰相反，它变成了一个受害者，一个社会不公正的受害者。嗯？！每次到这个时候，美国电影就显得非常的无力，因为社会的不公正他们是没有办法的，他们没办法正视底层人民的反抗，他们一向歌颂的是上层人士的开明，比如说蝙蝠侠，富人行侠仗义，穷人作恶多端，这是西方社会的调性。所以说一个社会不公正的受害者，他要怎么办呢？他要反抗吗？他要革命吗？可是革命是不允许的啊，资本家们不答应啊。但是小丑居然确实这样做了，一个精神癫狂意识濒临崩溃的人成了社会暴动的领袖人物，这是导演的讽刺手法吗？他到底是同情小丑还是要讽刺小丑。他成功地鼓动起一场暴动，但这场暴动更像是一场罪犯的狂欢，跟小丑这样的小人物完全不搭边，是不是导演突然想起小丑是个坏人了？导演不光换了小丑，还换了蝙蝠侠一家，仁义富豪变成了为富不仁，可能导演确实看不惯超英片粉饰太平那一套，可是又无力对抗美国的精英政治现实，所以炮制出这么一部不伦不类的片子，恰如剧中小丑很多不伦不类的行为。这到底是小丑这个人物的悲哀，还是美国导演的悲哀，或是整个西方文明的悲哀……
通过这部电影，可以联想起另外一部英雄电影：黑暗骑士崛起。虽然是由诺兰这样的导演来出导。但是面对同样的窘境，一部底层人民站起来反抗上层社会的史诗赞歌，硬生生的拍成了被恐怖主义利用的一次暴乱事件。从两部失败的电影作品，我看到了西方社会的弊端，看到了西方社会那块遮羞布，甚至看到了西方文明的日薄西山……",1,https://movie.douban.com/review/12377190/
Joker,"也可能是不想看懂，我只能说这是部美国电影，一部给美国人看的电影，一部给喜爱美国本土文化的人看的电影。要么是我太非主流（在电影上我真觉得不是），要么是这电影本身就受众狭窄，总之要说故事性，我个人觉得不如《寄生虫》，其他的算了，我不想看出什么来，疲倦，像是UC、头条骑脸一样，震惊！刚刚何炅和日本人打赌xxx！这两个习惯可以让人长命百岁！，好了我不缺什么反社会犯罪片，我过了乐衷谈论这种精英暴民精神病疯子英雄罪犯等话题的时候，若有需求我想看冷静的资料，不需要谁再震惊我引发我去反思。黑暗骑士之后有没有小丑我也不关心
为什么评分这么高？演技？我只是觉得难演，但抱歉我不知道他演的好还是不好，我觉得一切都夸张，从头到尾都是美国味，碰巧我挺讨厌这种味道的，所以打扰了
当然了，不好意思看了盗版，而且还尽说坏话，那就怪生活不便利国内不上映吧，再说上映了我即使去了也保证会中途退场，我能判断得了，这就不是我会想看的片",1,https://movie.douban.com/review/12247970/
Joker,"主角太nc，没体现出任何智商，失败
背景亦都没铺垫，小编还怕用满地的乐瑟不足以让观众明白哥谭市的混乱，专门加入了街头小混混暴打主角的桥段想做成乱世出枭雄，但这样做实在是太天真了，因为表现的面太窄，社会问题描述不够，仅仅让主角一个人受到了不公待遇，唯一一次电车之 还被主角救场，腐朽之息只停留在表面，根本就没体现出哥谭市从上而下腐败不堪的体制，好好的一个高智商犯罪大反派，被拍成又没智力值又没罪恶感的老舔狗，失败
剧情太枯燥，没多少反转和伏笔，失败
表情戏和家庭戏又写得太多，不知道的还以为在拍《我爱我家》，失败
场面太寒碜，没有爆米花电影一贯的飞车爆破大追杀，失败中的失败
最惨还是那些观众，乜野都不清楚，被那些影评人带着节奏，人家夸就跟着说好，殊不知跟《黑暗骑士》的小丑比起来这个就是坨翔，不知道怎么来的豆瓣8.7的分数
Why so serious？",1,https://movie.douban.com/review/12230338/
Joker,"回想一些第一次听说小丑这个词你是从什么时候开始的，电视剧?动画片?还是在表演的马戏团?我想绝大多数人最先肯定不是通过DC漫画了解的。后来你又或是怎么喜欢上小丑这个角色的呢，自媒体短视频?黑暗骑士?已逝世的前任小丑希斯·莱杰?另外你有看过原著漫画吗?你为什么喜欢小丑?
回归到这部剧上来，这部剧有好多地方都狗屁不通，第一为什么亚瑟在地铁上杀了三个所谓的社会精英之后会有那么多底层人民疯狂的崇拜甚至为之对抗zf?就因为他做了那么多底层人民想做却不敢做的事情?试想下，如果现实生活当中有这么一个人做了我们大多数人想做却不敢做的事情，大多数观众肯定是横眼对待“又不关我的事”，“这傻x真是天真”，“哎呀这就是个杀人魔”，各种各样的想法都会聚集到作为观众的我们脑海里，但就是不会出现跟随他这类的语言。所以这点不现实，另外一个收视率那么高的节目组，居然不检查嘉宾是否带违规物品，直接让他带了一把枪过来?还让他全程直播杀人?而且没有一个人去阻止他?一个安保人员都没有?这得造成多大的社会影响?
这部电影一直在讽刺人性有多么罪恶，底层人民过的有多惨，高层权贵们过的有多好。但是这部剧里的底层人民没有一个是好的，亚瑟的母亲是个精神分裂者收养了亚瑟甚至任由她男朋友殴打他，亚瑟的朋友也是一个两面三刀的家伙，说是他是亚瑟所谓的大哥还给了他一把枪，可转过头来立马在老板面前打他小报告，亚瑟也不是个什么好东西，跟着同事一起嘲笑侏儒，之后杀母，杀黑人母女，杀他那个大个子朋友，杀主持人。他就是要解决掉他所有看不惯的人，之前做了对不起他事的人，想这种人完全没有必要怜悯，不知道怎么会有人被电影感动到?大概是他满足了你们想做却不敢做的事情的幻想吧！",1,https://movie.douban.com/review/12220324/
Joker,"刚开始根本没看懂，直到有人把《寄生虫》和这部片子联系起来我才明白一些。
首先我很赞同影评人说的小丑这个人物根本没有立起来这件事，小丑的笑症被触发没有一个明显的理由，表现起来在时长和控制程度上没有固定的特点；其次我也认为，他杀掉别人，常常出于自以为的被伤害。
小丑杀掉了许多人，包括地铁上的三个白领、母亲、前同事、Thomas、心理医生、脱口秀演员，除了前同事，其他人对小丑都并不怀着不刻意的恶意，但小丑总是基于自己的误解，直接把他们杀了。
导演似乎和奉俊昊一样，标签化地把小丑当做社会底层人看待，受到过数不清的不公与蔑视。但这种不公与蔑视本身就站不住脚，《寄生虫》中一家四口人披萨盒子都叠不好，自然拿不到工钱，不是披萨店对他们不公平；小丑认为偶像播放他的视频嘲弄他，但偶像是脱口秀演员，讲笑话播视频未必有中伤之意，甚至之后还请他来参加节目，这嘲弄不过是他臆想的罢了。",1,https://movie.douban.com/review/12201351/
Joker,"这就是舔片，变着花样绞尽脑汁的舔观众的舔篇，总之就是在舔，整部电影就是为了舔去舔，把各种舔镜头拼在一起舔。
但我觉得主演的演技相当好，属点浪费了。
那种憋不住的怪笑，明显就是刻意营造出来的，为了营合观众，好多营销号说每一次怪笑都代表着不同的心理历程布拉布拉布拉布拉，我也是醉了，这个也叫舔，这是为了舔读者去舔。
总有那么些人，把小丑搞成自己头像当非主流，以为自己很特殊吗？这类人可能连电影都没看懂，可能只是觉得头像很阴暗，
每个人心中都藏着一个小丑布拉布拉布拉，哈哈哈哈。",1,https://movie.douban.com/review/12194562/
Joker,"《小丑》是2019年比较热门的电影，讲述的是蝙蝠侠系列中小丑是如何变成那个恶魔“小丑”。之前我看了一遍，最近又看了另一遍，但我始终无法将其归类于「值得一看的电影」。甚至某些网友评论，《小丑》是一个“有害”的电影。这一次，我打算将政治等元素先放一边，重点讨论一下《小丑》的故事性。
曾经有人评价，希斯·莱杰之后再无小丑。这是对《蝙蝠侠：黑暗骑士》中希斯·莱杰精湛演技的肯定。不过在《小丑》中，华金·菲尼克斯的出色演技也赢得了众人的认可。
要说《小丑》最令人印象深刻的，莫过于主角的笑声。电影中有非常多的镜头留给了主角小丑的笑声，配合安静的环境，小丑的笑声显得非常诡异。并且，华金·菲尼克斯的笑声中没有喜悦愉快等正面情绪，配合那拧巴的表情，你所能感受到的只有痛苦、凄凉、病态。
不过，故事设定是小丑的笑是一种病，其笑声所能传达的信息并不是很多。这一笑声既不能反应人物的情绪，又不能刻画性格，它就像喷嚏一样。一个人经常打喷嚏，但你无法从这一行为推断出他是什么性格。在看电影的时候，相信有不少人会快进掉那段枯燥而无信息的笑声。我认为主角亚瑟的笑声并不算是很好的设计，如果《小丑》能更清晰的揭示小丑为什么会笑，什么是触发他的笑点，这样可能会更有利于刻画人物。
提到小丑形象，免不了和希斯·莱杰所演绎的小丑进行对比。在《蝙蝠侠：黑暗骑士》中，希斯·莱杰所饰演的小丑无名无姓，是个十足的反社会罪犯，狡诈多谋，善于玩弄人心，以他人的恐慌为乐。但同时，他又有自己的世界观，思想观念甚至有一定程度的哲学辩证性。他是一个领袖级的恶人，富有深度，引人好奇“他究竟经历了什么才变成这样的”。可以说，《蝙蝠侠：黑暗骑士》的成功，小丑居功至伟。
而在《小丑》中，华金·菲尼克斯虽然表演确实很优秀，甚至瘦成皮包骨的敬业精神也让人佩服，但是他所塑造的小丑犹如幼稚的孩童——跟希斯·莱杰的小丑相比。华金·菲尼克斯演的小丑显得不聪明，没有希斯·莱杰演的小丑那种高智商犯罪；在世界观上，华金·菲尼克斯演的小丑显得很渺小，他的视野只局限在母亲的幻想故事、喜剧演员的一亩三分田地，而希斯·莱杰所演的小丑视野明显更加广阔，所图更大；在心理层面，华金·菲尼克斯演的小丑也内心脆弱，经不起打击，而希斯·莱杰演的小丑则足以称得上“独当一面”。
有人说，华金·菲尼克斯演的小丑更接近普通人，比希斯·莱杰更加立体真实。我对此评论表示质疑。首先，华金·菲尼克斯演的小丑再接近普通人，他依旧是普通人无法理解的精神病患者，并且他也无法代表底层民众，他达不到那种典型。其次，“真实立体”也不是很站得住跟脚。一方面，两个小丑都挺真实的，反社会精神病在现实中也有，希斯·莱杰的思维也是挺清晰的，大多数逻辑也是常人能理解的。另一方面，华金·菲尼克斯演的小丑尽管拥有更多的人生背景，但并不意味着希斯·莱杰那无名无姓的小丑不立体。
我认为《小丑》没达到我的预期的原因在于，希斯·莱杰塑造的小丑引人好奇“他如何变成这样”，但《小丑》却没有很好的解释。某种程度上，我并不觉得这两个小丑是同一个形象，他们是各自独立的人物形象，没有直接的因果联系。
上文关于华金·菲尼克斯和希斯·莱杰的对比是有倾向性的，但这不是针对演员的，而是针对故事。这两人都在故事剧情合理的范畴内很好的演戏，充分塑造了两个不同故事中的小丑形象。但是，正因为这两个故事是那么的不同，因此在这场对比中喜欢哪一个都没有意义了。这不是同台飙戏的对比，而是两个故事的对比。
尽管小丑在《蝙蝠侠：黑暗骑士》中并不是主角，但他绝对是至关重要的角色，电影用了很多场景来刻画这一人物形象。在《蝙蝠侠：黑暗骑士》中，小丑是始终如一的人物形象，并且随着故事的推进不断揭晓他更深层的特质。起初你以为他是贪婪地罪犯，谁知他却对钱毫无兴趣；提及父母，他的反应是激烈的，这意味着童年经历对他有很深的影响，小丑不是凭空诞生的；他对蝙蝠侠的执着也是颇有意思，他也在追求自己的圆满；越往后，越能发现小丑作恶的动机是复杂的，甚至夹着阶级种族、混乱公平等话题的辩证性；最具反讽意味的是，小丑将曾经的法治官员变成了堕落的罪犯。
通过层层递进的剧情，小丑最终升华为一种象征。小丑化身撒旦，如同恶魔萦绕人们心头，他充满了负面能量，象征着人们内心的黑暗面，象征着人性的恶。也正因为此，《蝙蝠侠：黑暗骑士》的小丑是银幕史上独一无二的角色。
而在2019年的《小丑》中，小丑的形象某种程度上是割裂的。普通人的亚瑟和小丑，看起来就是两个人。视觉的影响是非常大的，演得再好，人们的潜意识认知还是会受到影响。同时，电影还刻意的让小丑形象做坏事，卸妆后的华金·菲尼克斯则做好人。这就导致，当普通人形象的华金·菲尼克斯用枕头捂母亲的时候，给人的感觉仿佛一个好人一夜间突然变坏一样，毫无过渡。此外，小丑形象所做的事和普通人形象相差太大，很难将其统一起来。
撇开视觉形象的割裂不谈，就说剧情本身对人物形象刻画也是存在负面影响的。《小丑》一度想要将主角亚瑟刻画成一个社会底层受害者，但是在他犯下罪恶之前，他并非只有一个选择。换言之，是主角自己选择了罪恶，并非全是社会压迫。
看到这些极端的选择，我坚决不认可【社会逼迫使得主角小丑爆发】这一观点。主角在被欺负后对三个西服男开枪，这是被逼急后的反击，合情合理。但是之后的一系列事件都有选择的余地，而主角的选择只证明一件事情——他本身就是个疯子！而且，在采访时，主角还撒谎说是因为他们唱歌不好听才死的，这显得很虚伪。
《小丑》努力的营造氛围，华金·菲尼克斯努力的演绎受害底层民众形象，但剧情设计却起了反效果。电影想要引导一种效果，即“小丑是在社会逼迫下一点点变坏的”。但我要说，这个剧情设计非常虚伪。小丑之所以是小丑，是因为他是疯子，他享受混乱和血腥，与之前那些氛围和社会受害者没直接关系。诚如那个喜剧演员所说，主角太自怜自哀了——如何能与希斯·莱杰那个自信的小丑相提并论？
很多媒体和网友都认为，《小丑》的主题存在很大的误导性，传达出“暴力可以解决问题”的理念。我认为这种担心不无道理。如之前所说，主角其实面临很多选择，并不是只有开枪这极端的选择。他会这么做，只因为他是个疯子。然而，在电影中，小丑有很多追随者；在现实中，有很多人吹捧小丑。追捧一个疯子，颠倒是非好坏，这何尝不令人担忧？
我非常喜欢阿西莫夫的这句话：“武力是无能者的最后手段。”《小丑》中主角的选择，也反映出他的“无能”。他没有想过如何让自己的生活变好，只是一味的发泄。小丑的行为不会让这个世界变得更好，希望大家能理性观影，切勿盲从。
有影评提到，《小丑》引导人们思考阶级隔阂和贫富矛盾。我认为这并不是成功的引导，甚至《小丑》对阶级隔阂的话题只是浅尝辄止。韦恩竞选市长前故意发表了一段引发争议的演讲，充满歧视意味，这本身就非常不合理，竞选挑好听的话说更常见。而且，主角本人也表示对政治不感兴趣，结果电影非常努力的将小丑和底层反抗运动绑定在一起。主角本身是精神病，他的遭遇不能代表所有的底层人。
想要探讨阶级隔阂，电影还需要设计多几个角色和次情节，以不同立场、不同身份、不同人物的不同行动来相互对比反衬，才能得出关于这一主题的辩证性结论。就《小丑》来看，阶级隔阂只是电影的故事背景罢了。以阶级政治主题来看《小丑》，剧情就会显得很单薄，因为小丑的所作所为都是个人行为，反映不了群体，行为缺乏衍生意义。
抽丝剥茧后，不难发现《小丑》值得肯定的故事设计并不多。从人物形象到剧情设计，再到电影主题，故事其实多有不足。诚然，华金·菲尼克斯的演技很值得认可。但是，我仍然不敢说《小丑》这个故事是值得推荐的。
欢迎关注同名头条号、公众号（伏龟影评）",1,https://movie.douban.com/review/12181601/
Joker,单片整体能到7分左右，但可惜这是部起源电影，不得不从“小丑”这个符号来宏观感受。杰昆演技没得黑，镜头语言也真没得黑，压抑的氛围非常到位。但是明显此片过于讨好学院派，过度的去演绎“绝望”，产生了一种与现实逻辑剥离的感受，从开篇到最终结尾前，明显感觉得到导演就是为了最后的爆发（升华）才在前面设置了一系列荆棘，导致影片到达三分之一就开始麻痹了，最后也完全没有嗨点，因为你都知道了结局了，还怎么嗨？？虽然提其它影片不好，但是黑暗骑士中的小丑塑造之成功之处就在于你不知道下一步到底是什么。同样，一部电影也是，你早在影片开局就猜到了结局，那么整个观影过程就变得枯燥无味了。导演明显在镜头语言、美术风格（这个真没的黑，美术风格太棒了，包括小丑套装）以及演员表演太过于专注，反而将故事弱化了，这就导致学院派一片好评，但是剥开这层面纱你真的觉得它“好看”吗？？黑暗骑士我再看十遍都不会腻味（已经看了无数遍了），但是《小丑》我只会看一遍。这里废话一句，比如在圈内评价颇高的《Hello，树先生》，确实你看各种剖析发现导演确实很有一套，故事和电影非常值得探讨，但是毕竟你是院线商业片，好看是于非专业的观众的第一诉求，很明显我觉得这部《小丑》是没有达到的，前期的专业圈子一致好评导致了从众的大众不敢说“不太好”毕竟会显得你不懂。所以我持：这是一部适合学院派但比较不那么完美的商业化电影。这个意见，个人打7分，但是鉴于无脑跟风吹太多，打个1星表达态度和平衡下分数吧（虽然没啥卵用）。,1,https://movie.douban.com/review/12132105/
Joker,看完这个电影，我不知道该说什么，为什么会有这么高的评价？我试图去找答案，于是找到豆瓣，翻了若干页，没有找到我想要的解释。我看的很认真，有点恼火！看完这个电影，我不知道该说什么，为什么会有这么高的评价？我试图去找答案，于是找到豆瓣，翻了若干页，没有找到我想要的解释。我看的很认真，有点恼火！看完这个电影，我不知道该说什么，为什么会有这么高的评价？我试图去找答案，于是找到豆瓣，翻了若干页，没有找到我想要的解释。我看的很认真，有点恼火！,1,https://movie.douban.com/review/12117582/
Joker,穷不被尊重在哪个地方，哪个时代都是这样的。越穷越光荣那只是昙花一现。要想被尊重，被认可，需要从自身找问题，社会制度，别人的偏见当然会成为你翻越阶级制度的障碍，所以要更加努力才行。心里扭曲、妄想、癫狂，打砸抢烧，把这个社会推到重来，即使杀光所有富人，所有精英阶层，社会底层的人就幸福了？就有尊严了？就富裕了？只会更穷！更乱！造成社会分裂，造成人类文明的倒退！这种电影会增强那些社会底层人对社会、对人类的不满，引起社会的骚乱，鼓励恐怖主义。国外可以随心所欲的表达自己的政治观点，但是别过了头，言论自由也要有一定的约束，显然导演表达的观点过于偏激。导演就是剧中小丑，站在人类进步的角度，这部电影就是块绊脚石。这不电影适合30岁以下观众观看。,1,https://movie.douban.com/review/12112846/
Joker,"并没有吹爆的那么精彩，说真的，感觉男主的演技太用力，太尴尬，你们那些喜欢的就吹演技多么多么有层次，有深度，我只觉得看着那演技太假，太虚..

设定还有个bug，应该说是演员选角太老了..一副四五十岁的样子的小丑，比上一代还老..还去玩弄小蝙蝠侠的嫩脸..

然而，所有人都知道小丑是蝙蝠侠的宿敌，按照这个设定，二十年后长大了蝙蝠侠在和个六七十岁的老头斗法，还常常处于下风..
当然，杠精可以说，和蝙蝠侠斗法的是另外个小丑..（有意思？）

还有影片中，托马斯韦恩变成了道貌岸然的滚蛋，他的死并不是抢劫，而是源自自己的言论，导致了小丑们的暴动，最后被模仿男主杀死主持人的方式杀死..（DC这么自己打脸自己好吗？导演为了再牵强点，特意拍了个小丑面具人杀死蝙蝠侠老妈抢珍珠项链的镜头来弥补一下。至少拍的几部蝙蝠侠，还有这十年来关于蝙蝠侠双亲的死都抢劫，而不是小丑暴动啊！这就是DC比不上漫威的地方了，经常自我打脸！）

基于这个设定，那以后蝙蝠侠各种怀念老豆的过往，还有被杀场景，还有他和小丑各种斗法的故事，是不是在说蝙蝠侠他们家罪有应得了？这都是蝙蝠侠他们家活该了？他老豆死有余辜了？

整体来说，黑化得太牵强，不够强烈，男主说善良又不够善良，打击面不够大又不够深，坏的时候又没有坏到邪恶，反而是想让人怜悯男主，这样一来，你把蝙蝠侠放哪儿放？？
故事没你们吹的那么丰满，特别是男主，样子不讨喜，尤其年龄是BUG..
至少在我看来只模仿了小丑的样子，没有演绎出小丑的灵魂。
我还是重温一下希斯莱杰版本的小丑吧，那个才是真正的小丑。",1,https://movie.douban.com/review/12107556/
Joker,看完电影《小丑》，感觉它对不起我下载5个g高清资源时候的耐心等待。本来不想说什么，就当浪费时间了呗。但是各种吹捧在微博和抖音上蔓延，让人很不适。很难想象这么烂的片是怎么被一群做作娘炮的影评人冠以神作，意义非凡等各种名头奉上神坛的。整个剧情以「我是精神病-我妈是精神病-ZF治不好我-我坐地铁被欺负我拿.枪打死他们-ZF不愿意治疗我了-我妈小时候虐待我我要掐死他-我要打死所有的有钱人，我仇富有钱人和ZF-我就是要走上街头打.砸.抢」为主线展开，不知所云去尼玛的臭傻逼烂电影。这电影烂就是烂，群众的眼睛有时候都是雪瞎的人云亦云，不存在仁者见仁智者见智一说，一坨屎和一碗面哪个好吃有点智商的人都能分辨。但是竟然豆瓣有个影评说就光这个傻笑就可以拿奥斯卡，嗯，国外的屁股舔着就是香啊。还是自助的,1,https://movie.douban.com/review/12095325/
Joker,"不啰嗦，直接说出差的原因：
1.剧情差:一个本来心存善念的人，被扭曲、畸形的社会逼疯了，变成了凶手，杀人犯——这难道不是一个不能再老套的故事吗？只不过在很多其他作品里，这种角色是反派，而这部电影中是主角罢了。
2.最重要的一点：这根本就不是小丑——主角就是一个被社会逼疯的普通人，仅此而已。
      小丑应该是谁？他是哥谭的诅咒，是DC宇宙的犯罪之王，是DC永远的王牌！他要比所有的疯子更疯，比所有的怪人更怪。而我们的主角在电影中的几次作案不疯狂，不怪诞，毫无魅力，回味一下，殴打他的白领赖皮，人前一面人后一面的同事，假仁义道德的脱口秀演员，让观众看了都生气，好像很多被逼急的人都可能杀掉他们，只不过主角多了张小丑面具而已。
        可能你会说，这是主角没完全变成小丑时候的故事，这时他还是正常人，没必要那么疯狂，怪诞。但我不这么认为，万物必有因，被逼疯的人又不止他一个，为什么他就能成为小丑，就应该在他还是正常人的时候就表现出一些疯狂，邪恶，怪诞，甚至天才的特质。而且他的犯罪更应该是一出世就一鸣惊人，当他身上的那种特质刚一露出来，就让他像个魔鬼一样，导演是想通过在厕所舞蹈来表现他享受犯罪的人格，但是毫无感染力，毫无震撼力，还不如拍成小丑第一次杀人后，用撬棍一边击打死者头颅，一边狂笑，在脑浆和血液的纷飞中舞蹈，来得震撼。
这样平庸的小丑，我欣赏不来。",1,https://movie.douban.com/review/12093338/
Joker,呵呵，这电影价值观不敢苟同，8.8分？   呵呵，你们都是大师，中国不上映是对的，人性一半天使一半恶魔，这电影却极力宣扬恶魔部分，让每个人内心深处的恶魔通过肆意践踏他人生命得到释放，还要美化那种快感？我就呵呵了，尊严、冷漠、社会、政治的问题非要通过这种方式来释放？回到原始社会？8.8分？给你们的孩子看？,1,https://movie.douban.com/review/12078537/
Joker,这部片揭露美国鬼子的劣根性，还是很浅薄的。美国人劣根性很复杂，没有祖先归属感让他们做事情没有底线，自卑变态猥琐残暴，应该要深刻反省。美国其实不是一个国家，而是一个利益集团，只要你有资本都可以加入。实在不行出卖自己和器官都可以，只要对利益团体有用。最好在暗网表演孙子因为反思生命，于是杀光他自己全家男性，囚禁女性为奴，一步步超级变态的过程。,1,https://movie.douban.com/review/12066711/
Joker,小丑，作为dc最著名反派，亿万富翁蝙蝠侠的反面，近来由于反英雄流行在一片欢呼下成为主角，他本来可以是穷人的英雄反对阶级固化和资本主义的标志，但聪明的资本家给他加上有病的帽子表面上是为了表现他的惨，但实际上把他和普通的穷人割裂开了，妙啊!没有人会把自己和疯子联系在一起，即使他说他不是，小丑粉都知道小丑的笑容本来是对社会现有秩序的荒谬和虚伪的嘲笑，现在变成了神经质有病的笑，于是受全球化冲击的蓝领观众们只是感受到他的悲惨，愤怒，他的堕落与疯狂，事实上这只是进一步放大发泄了他们的情绪，完全没有探讨根本问题，结果是资本家凭借这些负面情绪以上十亿美元的票房狠赚了一笔愤怒民众的钱，顺带煽动了民粹，转移了矛盾。事实证明帝国资本主义每次在面临巨大危机时煽动民粹，打击左派，制造冲突，转移矛盾是其惯用伎俩，一战二战都是如此，但每一次都将其更加拉入深渊，他们显然没有吸取教训!小丑可惜了!,1,https://movie.douban.com/review/12063606/
Joker,"政客的虚伪阶级的对立治安的混乱名人的嘲讽都是真的。

但是压垮小丑的几个因素里，最主要的应该是关于妈妈的真相和他自己的精神疾病吧，而这其实和以上因素关系很弱，甚至觉得被当作父亲的韦恩挺冤的。

导演就是堆了一堆很惨的人设在那里，包括大家喜欢的双重人格妄想症，然后又虚假地利用永恒不变阶级对立社会不公主题煽动一下情绪，然后说“我变成这样都是设会的错”，是极其不负责任又毁角色的行为。

讲真你在生活中遇到莫名大笑的人慌不慌，你去看一个演员自己笑不停讲的段子却不好笑的演出你会不会生气，有病就要所有人把他像宝一样小心翼翼供着吗，你童年遭遇不幸就要所有人在长大后宠着你吗？",1,https://movie.douban.com/review/12060504/
Joker,"按综合品质来看，应该不至于是一星的烂片；但我要打一星，因为影片太过誉，无脑打满分的人过多，且整部电影价值观太不正常，似乎编剧有反社会倾向。
本片的主角是一个神经病杀人犯。这似乎不算什么，关键是它传达的理念是：一切都是社会的错，也想方设法让观众可怜并同情这位神经病杀人犯。
以传统意义上的反派为主角当然也可以很精彩。《发条橙》、《天生杀人狂》、《V字仇杀队》这三部电影我就很喜欢，不仅是因为它们的剧情更丰富。《发条橙》前半段丝毫不会让人同情主角，后半段会，但那时主角以痛改前非成好人；《天生杀人狂》的“天生”二字也不会让人有任何误解；《V字仇杀队》反对的是一个畸形的政府。
这部电影的各种情节，都在暗示小丑是被社会逼着走向疯狂，但是真的吗？他被解雇是因为他持枪去医院还各种撒谎；他喜剧事业不成功是因为他没讲笑话之前自己先笑场；至于他被抢和在地铁上被揍有一部分原因是因为社会治安不好，但这部电影也明显不是挺警察的立场。
不仅剧情很无趣，关键是，主角小丑在我看来找不到任何优点。
有人可能说他照顾母亲，但他把母亲杀了；
他杀人后全无悔意，还肆意跳舞，完全没有人性；
他面对警察各种撒谎和逃跑，明明套路并不高明，居然还让他频频得逞，最终竟然还能顺利上直播（在此之前不仅被警察发现，还明明告诉过一侏儒，也竟然没被举报）；
连他最后上节目的演出和讲的笑话都一点不精彩。
就这么一位没有人性，没有礼貌的疯子，还频频道貌岸然地说教：
这里都把小孩脸弄扭曲成这样了，小孩肯定疼坏了，竟然也没跑，之后小丑还撒谎说自己是好人：
明明是内心丑陋的坏人、疯子，为何要全片站在同情的角度理解他的心路历程，为何还要花大段时间听他说教？
总之，这就是一部包装华丽，但内核扭曲的电影。如果真有那么多人会从这位小丑身上找到共鸣，那也许真是社会的错了。",1,https://movie.douban.com/review/12057864/
Joker,我觉得这个片子的价值观有点扭曲，很扭曲。特别是在这个特殊的时期出这个影片，真的让人怀疑这是正常的影片，虽然有放过那个侏儒的正面形象，但是这个角色给人带来的负能量太多了，演员是成功的，电影真的很烂，一点小事就能大动杀心，这就是这个影片要讲述的主题么，这是在摧毁年轻人的价值观，给那些萌生的邪恶的想法提供养分，让他们觉得这就是正义,1,https://movie.douban.com/review/12056573/
Joker,"不用跟我说平行宇宙，另起炉灶之类的废话，如题，这不是希斯莱杰那个小丑。
完全不是，看完以后，我又去刷了一遍黑暗骑士，很确认，完全不是。
我不知道为什么分数这么高，只能理解为我们的世界真的堕落到这种程度了。
希斯莱杰的小丑高智商，高调，无所畏惧，事事快人一步，蛊惑人心，看似疯癫做事狠辣，阴郁的让人颤抖。
这部小丑胆小无能，低声下气，事事受人摆布，只会意淫，只能是装出来的变态，十足的loser怪胎。
我理解因为希斯莱杰的珠玉在前，DC想给小丑独立列传，所以要美化人性，归罪社会，以前是官逼民反，现在是社会吃人，总要有个假想敌，让人对小丑心生同情。但是这次，DC玩砸了。
小丑不是说不要严肃，要笑呀，所以就给他安个不定时狂笑障碍症，人家这是病，是病，政府还不给药。
小丑在黑暗骑士里跟蝙蝠侠都能大战三百回合的人，到这里竟然战斗力为零，被几个熊孩子欺负。
小丑的奋起只是同事莫名其妙给了一把枪，真是酒壮怂人胆。
原来小丑的原本理想不是试验拷打人性，真的就是想当一个谐星，还真的上脱口秀，苦练技能，记小本本。
评论里很多人说如果一部反英雄电影就能给文明社会造成什么伤害，那么这个社会就太脆弱了，那么电影里一个戴面具的凶徒在地铁里杀三个人就可以让哥谭市把这个人奉为神明了？那才是扯淡的社会吧！
如果是，只能证明小丑只是个政治的牺牲品。
希斯莱杰的小丑出场就让人惊艳，完美的设计，高明的手段，不仅潇洒还毒辣。这里的小丑就算暴走了，能干啥，在地铁里逃跑，还是上脱口秀本来打算自爆，结果爆头主持人。
那个视黑帮于无物，玩弄警察蝙蝠侠于手心的小丑，原来是个跟她妈合住的弱鸡，还叫happy！
小丑间歇的狂笑并没有让人毛骨悚然，只能说大部分时间都很尴尬。
他倒霉，他出身不好，他有病，就应该报复社会，反人类，这是什么狗屁逻辑。
黑暗骑士里小丑每次把刀子放在别人的嘴上的时候，要割下不割下去的惊悚，是因为他的疯癫，不按常理出牌，这里的小丑那，每次暴力都那么顺其自然，理所应当，不出所料。
黑暗骑士里面的老头子说了一个故事，大致意思是世界上有一种人，他可怕的地方在于根本不在乎什么金钱物质，只是为了让世界燃烧。而这里的小丑顾忌太多，想要父爱想要爱情想要关注想要爱，这不是纯粹的小丑，这就是一个俗人。
这个世界也许跟我们的是无尽的黑暗，给了我们黑色的眼睛，我们应该去寻找光明。
不想浪费时间吐槽了，最后回答一个问题，去年的一个很火的网剧讨论了如果一个精神病人杀人，应不应该被惩罚，因为他可能感觉不到被惩罚。
我的答案是：血债血偿。",1,https://movie.douban.com/review/12056527/
Joker,"是我境界太低了吗？get不到广大观众朋友的意境？看大家各种吹各种五分。艹，我真的想暴粗口恕，真特么垃圾浪费我两个小时。
我很想搞明白各位高分吹是不是水军刷的，如果不是刷的，你真觉得好看？如果你觉得好看你别逗了，你是在装x吧。
原谅我这么义愤填膺，毕竟被忽悠了两个小时谁也生气。大家千万不要这部片子的高分骗了，实在是没有看头，也别看那些一本正经胡说八道的影评，说的好特么高升一样，就Tmd是个煞笔",1,https://movie.douban.com/review/12054308/
Joker,"《小丑》这样的电影，让我感到恶心。看了大约20分钟，只想吐，引起强烈生理不适。病态，相当病态。这种电影已经不仅仅是潮流，而是西方虚无主义的说教了。未来的畸形人，也许真不是说说而已。
想想也并不意外，庸众和群氓们会热爱这种电影，因为他们内在的空洞和虚弱。这种电影仿佛在肯定当代人逐渐膨胀的“无力感”，以及精神和心灵层面的无能。当艺术家和庸众的虚弱意志达到共识，类似《小丑》这样的电影也就不足为奇了。
可笑的现代人。从这方面来说，现代人若是要看喜剧，不用上电影院，自己照照镜子就可以了。
没看下去，完全看不下去。这种电影劝大家少看。如果你希望自己的生命有活力，最好别看。如果类似电影使你生理不适，那么你是健康人；假如你看着感到愉悦和亢奋，你需要对自己警惕了。说到底，《小丑》是garbage。
另外，我想说：类似《小丑》这样的电影非常假，十分虚伪，骨子里是谎言。说虚无主义都抬举它了。只能说：虚伪，极其虚伪。",1,https://movie.douban.com/review/12052874/
Joker,"什么狗屁生活所迫？结尾曲唱个this is life你就跟着life了？什么狗屁大V别人说啥跟着说啥的无良媒体。把人都教成精神病随便杀人你就满意了？

冠冕堂皇life尼玛。什么狗屁社会大街上抢你东西还有理，路上人站着都看笑话。什么狗屁社会跟你家小孩玩玩还几把挨骂？什么狗屁社会有几个地痞流氓勾引个小姑娘就说什么贫富差距？什么狗屁生活拿枪故意陷害你让你丢掉工作反过头来跑到你家白送命？什么狗屁生活有行为障碍还励志一定要做不可能做成的谐星？挑战不可能就是你这个狗屁社会的口号？

这贫富差距得大到多大才能让人看到地铁杀人暴行连连称好？甚至还想自己也杀两个？什么贫富差距才能让一个主持人在节目里公开对他人障碍羞辱甚至还要邀请他来上节目再羞辱？什么贫富差距能让普通群众杀市长的同时连他老婆也杀了？
这他妈根本就是个为了营造个人英雄主义而故意畸形的社会，说白了就是为了蝙蝠侠做铺垫。这电影从头到尾就是个精神病暴力倾向臆想症患者在这个畸形社会里没得到治疗而随便杀人的故事，更令人震惊的是这个社会竟然畸形到精神病患者随便杀人反而人人叫好。我真是服了。
还冠冕堂皇的叫什么生活所迫。那么多人生活我也没见人人杀人。求求微博上各位大喊生活的大哥大姐们带点思维。平时出个什么伤人的案子一帮人大喊大叫的死刑死有余辜绝不放过，到了电影里头导演说了一句狗屁的生活，你他妈就连连喊对对对恨不得嫁给这个杀人犯娶了这个精神病跟他过一辈子。
要不是最低一颗星我都给他打零分。
别评论瞎杠，有这些时间自己也写个影评，表达表达你的观点",1,https://movie.douban.com/review/12049193/
Joker,"其实也没那么差，但是看到评分那么高，所以给个低分拉一拉。
顶多6分吧。很做作的影片，评分这么高恐怕只是拍了大部分观众想看到的。
1.极度无聊。刚开始就各种惨，后来。。影片拍的很拖沓，硬是给他拖到两小时
2.很多地方不合逻辑，具体不想细说（想说我没看懂的不用喷了，这么垃圾电影不想讨论），很多场景的营造很做作，不真实。夸张手法can't buy me
第一次写影评，写不太出来，第一因为不在乎，第二因为看之前没想过要写影评，不像很多人可能养成习惯了，看电影完写影评（尤其是这么火的影片）。
这个比平时的一些（适合小孩子看的）其他电影更让我讨厌，可能因为大众觉得好而我觉得差吧。。
希望再过一段时间或者几年，他的评分能够低到没有人通过搜索高分影片而找到它。。",1,https://movie.douban.com/review/12046681/
Joker,"个人是比较理性的一个人，所以并没有觉得这个片有什么特别的。
1、这个小丑，从一开始，就已经显示出不一样，化妆的时候强迫微笑，还流泪，可以猜到他后续应该是悲情的。
2、不就是一步步心态崩溃，最后选择报复社会么，加上本来就有精神病，小时受虐史，他的一切其实是符合预期的。一个人，都被压迫到这样的，能不报复？这种人一般3个结局：1、报复社会，2、自杀，3、好心人介绍换个工作找到自我继续活着。
3、当然不能同情这个小丑，他已经是变态了。但他的遭遇产生这样的后果却并不让人意外吧。
4、对于我们正常理性的人来说，很难代入这个角色，更不要说所谓的压抑，一切都是旁观，更多的是气愤，而不是同情。
总结，没找到有什么理由可以去同情这个小丑。。。本片，差评。",1,https://movie.douban.com/review/12043329/
Joker,什么鬼东西拍的是，哗众取宠标新立异就是高分电影？一个精神病人的末日狂欢就是好电影？别tm逗了。全程不懂在拍什么鬼。反人类，毁三观。也就是角度比较不同而已，真的看不懂别硬舔，烂片就是烂片。随着资源的逐渐放开看着吧，这片的分绝对会到7以下。群众的眼光是雪亮的。当然，如果没看过这片的人我不建议看，毁三观。浪费时间,1,https://movie.douban.com/review/12042823/
Joker,"1：
如果这部电影没有被“主流”奉为神作的话，
我更愿意当它是一个小丑的玩笑，
玩了一手有点混乱的反讽，
这样就不至于乱了内心秩序~~~~
2：
分两次站桩看完，不适感一直一直有…
我心中的小丑，是一个有着致命狂躁魅力，
天生无序暗黑有坚定自我意志的反派人物，
《黑暗骑士》给小丑的宇宙虽小
但希斯·莱杰把角色燃烧与宣泄到了极致
超高智商，冷静变态，
灵魂精分却不混乱，魅力无边♾
这个《小丑》一步一个脚印
黑化得顺其自然，合理且按部就班
踩着节奏挣扎着从亚瑟到小丑的神经病
很难让灵魂战栗…
也很不“小丑”……
3:
没说这电影差，
电影本身破立的点就站在了一定位置…
加上菲尼克斯的表演在这……
但剧情真的是欠~~~~
落地太过于现实，小丑的大师范在最后才看到，几处闪回妄想的镜头处理也敷衍，看这类剧情，每次都想把《搏击俱乐部》搬出来，别问我为啥………
全片刻意制造乱…乱一点，再乱一点，再再再.再乱一点，混乱到你只看得到菲尼克斯悲凉瘆人又光彩照人的表演并跟着一起嗨……故事弱成这样也因为情绪代入感，你开始充分理解这个神经病…
此处省略一万字关于影片的逻辑混乱……
立意跟观点什么的也不多说…
引发的讨论吵翻了…大把人吵，
没看热闹前觉得类型片怎么玩都可以的，
不是主流嘛，影响坏不到哪去…
看了热闹后，觉得我们国家广电那啥东管西控是有一定道理的…（多时候气瞎管的）
过于清醒跟混乱都不是好事……
植入一些必修原则是有必要的，
不容易反动……
很多人会说，
只是一部电影而已，当艺术片看看就好~~~
额，不那么好呢，
这么多人吹的时候，关于观点跟立意，
头脑需要风暴下…
深度电影迷们小范围内怎么打架都好，
但若大众“主流”接受并吹捧的话…
非常不行……
也别跟我说只有心智不成熟的人才看什么都有煽动性~~~~~
你以为文明没有那么脆弱，
可为什么觉得跟现在的香港这么像~~~~~
内心世界观不健全.脆弱.敏感并只在自己的自怜视角范围内看世界的人来说……
人性里的恶念，
地心引力可牵不住…
现象级类型片电影里当然很有存在的必要，
但既然是架空现象级犯罪片
那，那么多人喊共情力是怎么回事？
豆瓣超半数的人给出了5星，
这不能都是从影片艺术角度来欣赏的吧……更多的应是某个区域内某种程度有认同感…
尤其在将来M型社会会逐步加重的情况下…
结合香港现在这个鬼样子……
这个吹捧，更像是某种预言…
政治正确当然招人烦，但暗黑不节制，关键地方不及时收住，根源不深究，以负面的价值观挑战现实，在阶层矛盾缝隙里呐喊反叛与批判，合适，又很不合适……所以引发了群架……
当年的《黑暗骑士》《出租车司机》能影响一些人并出现模仿者，今天的《小丑》会吗？
好像有~~~~还不少~~~~~
最后，借李玫瑾老师一句话
善待你身边的每一个人，也是在保护你自己
最后的最后，《发条橙》里面的阿历克斯也很极品，但希斯·莱杰的小丑，在我心中，至今无人能超越~~看完此片，更怀念~~~~
PS：小朋友跟小白兔，敏感脆弱，世界观不健全的就别看了……不是电影迷的也不咋的能看下去，挺压抑的……",1,https://movie.douban.com/review/12040616/
Joker,"本片有2个强行为起源而起源的点！1：:控制不住的笑病，而这个病平时没什么用，却总是在导演想改变剧情的时候发作，每次看到他在关键场合发病大笑总是贼尴尬，而且出戏！2：强行改变时间线，不管有多少个平行宇宙，或者dc时间线如何混乱，小丑和蝙蝠侠都是处于一个时代，都是风华正茂的时候崛起的，小丑的诞生就是为了给蝙蝠侠找个对手而设定出来的，而本片的小丑却成了布鲁斯成为蝙蝠侠的推手，沃德法克。。。
民风淳朴哥谭市，人才辈出阿卡姆！原来我以为这是一句调侃，但这个评分让我信了这句话。。。
小丑是天生的混沌阵营人物，他的世界有几个点是一定不能更改的！1：童年家暴的父亲，这是他笑脸的由来！2：天生高智商，这是他以普通人走上非凡犯罪的基石！3：心理学等级接近满级，这是他魅力的来源，疯子是没有魅力的，小丑并不是疯子，他比任何人都冷静！4：蝙蝠侠的崛起，这点非常重要，蝙蝠侠崛起之前，小丑是没有目标的，他觉得这个世界非常无聊，也很无趣，所以他进了阿卡姆疯人院，没有小丑，蝙蝠侠依然是蝙蝠侠，但没有蝙蝠侠，小丑不会是小丑！有了目标，才有了动力，蝙蝠侠的目标是改变哥谭市，而小丑的目标是改变蝙蝠侠。蝙蝠侠是光明阵营的，他们之间不是私仇，而是阵营之争！如果这4点少了一点，这个小丑，不是“小丑”！
而本片，却把这4点改的一个不剩。。。剧情由笑病来推动，造型和外号由蝙蝠侠老爸和一个谐星来定档，服装改自卓别林。。。没有高智商，没有心理大师，他就像一个真正的可怜的悲催的小丑，莫名其妙被推上了风口浪尖，然后莫名其妙的成了蝙蝠侠的推手，一个懦弱的神经质的疯子，这就是你们眼中的小丑？？？
他的那些想要改变人思想的语言或者名句，来源于他想要达到的目的，也来源于他的信念和阵营，并不是来自愤怒或自哀自怨！他杀人或者制造混乱也不是源于他愤怒，而是因为他就是混乱无序，像黑暗骑士电影里的小丑就很好的诠释了这个特质！我打低分不是因为这个片子里的小丑不像我认为的小丑，而是因为这个小丑，太正常了，就像超级英雄片一样，我告诉你他是怎么来的，然后你懂了，这不可能是小丑的起源，这也不是小丑！小丑的本质是混乱无序，我们不可能理解，如果导演说理解了，然后讲给你听，你也理解了，那肯定是哪里不对，回想一下电影的发展，这种手法我感觉跟“小丑”改造双面人的手法如出一辙啊？？？？
卧槽，小丑这个人物有毒！！！",1,https://movie.douban.com/review/12039168/
Joker,"我很可怜，我是弱者，我被压迫，所以，我要杀人？？？这电影逻辑零分，严重误导青少年。
即使是在国外，这电影也绝对不是主流。各位大v 自媒体们，不要为了流量瞎带节奏啦。
让我想起咪蒙，用一个个谎言编造出各种鸡汤，引起共鸣。用一个个不合逻辑编造出社会的不公平，引起共鸣。
为什么非要140字……",1,https://movie.douban.com/review/12037841/
Joker,"世界对任何人都是公平的，小丑自己活在了自己的世界，认为世界伤害了他，其实就是他自己这样的懦弱让自己变成了反人类人格！电影艺术本不能用更多现实社会道理去评价，但是如果世界上的人都像小丑这样，那么这个世界就无规矩了，人性无拘束的肆意妄为！那么人距离灭亡就不远了！最近的世界暴乱这么多！那些人就如电影里的小丑一样！得不到自己想要的生活就认为是别人的夺取！把责任都推给了整个社会，却不曾想想自己的原因....
如果非要评分：
作为电影艺术给5星
但是作为电影里传播的道理和教育我一星也不能给，就算每一个人都是生活里的小丑，就算会受到各个方面的压力和打击，就算人人都在嘲笑自己，我们还是需要扮演好自己栋角色，而不是去选择去责怪，如果你不想成为小丑，而想成为主角，那就只能努力的去改变自己，世界上的人如果都像电影里的小丑这样，那这个世界会变得很动荡！",1,https://movie.douban.com/review/12036688/
Joker,"杰昆演得很好，非常好，好到惊心动魄，好到触动灵魂。
但是，你们为什么要说他是小丑呢？
其实还有很多对比图，但是没必要都贴出来。
我想，这些就已经能够回答我上面提出的问题了。
是的，杰昆全身心地向我们展示了一个恶魔是如何诞生的。
而希斯，只是让小丑短暂地出现在我们面前而已。
恶魔是什么？
百度百科里说，恶魔是邪恶的象征，是神灵和人类的敌人。
小丑是什么？
我没办法定义别人心中的小丑，只能说，在我心中，小丑是混乱的象征，他的敌人不是具体的神灵或者人类，他的敌人是不可琢磨的秩序。
亚瑟是恶魔，所以他弑母，杀友，伤害无辜。
不要辩解，不要为恶魔开脱，他不需要你们的开脱。
小丑就是小丑，他没有仇人，他甚至都不仇恨蝙蝠侠，他只是想让这个世界回归混乱而已。
或许你会说，亚瑟是小丑的起源，他将来会进化成真正的小丑。
但是很遗憾，我得告诉你，小丑是无法进化的。
亚瑟会因为受到虐待，会因为被人无视，会因为自觉受到命运的不公正对待而释放出心中的恶魔。
他不宽容任何一个伤害到他的人，他向每一个无视他的人复仇，他享受因为他而起的混乱……
这正是极致的恶的象征。
但是小丑不同。
他无需宽容，因为无人能伤害到他；
他无需复仇，因为他不需要以复仇来找存在感；
他甚至都不享受他制造出来的混乱。
因为，纯粹的混乱，仅仅就是混乱而已。
扪心自问，极致的恶，和纯粹的混乱这两种风马牛不相及事物，可以实现进化吗，又如何才能进化？
是从沉重进化到炽热，还是从广大进化到长久，又或者，从1安培的电流，进化成1坎德拉的光强？
任何强加上的理由，都是对“混乱”这个字眼的重新定义，那还是纯粹的混乱吗？
所以，最后再问一句，亚瑟这样一个极致到绽放美丽的恶魔，你们为什么非要给他强加一个小丑的名号呢，难道不觉得这是对双方的亵渎吗？",1,https://movie.douban.com/review/12036595/
Joker,"这样一部电影 口碑能成功 一方面说明市场畸形 一方面也说明社会太浮躁了
世上的事从来都不是非黑即白
大部分人终其一生 只停留在看山不是山 看水不是水的层次 只有极少数人能变得博爱 悲悯  沉着 豁达
推荐顾长卫的时代三部曲 和意大利电影灿烂人生三部曲
最后祝看到这篇文章的人
沉舟侧畔千帆过 病树前头万木春
穿越黑暗 遇见光明 实在不行 燃烧自己给世界带来光明",1,https://movie.douban.com/review/12036227/
Joker,"其实就是一个自怜的人讨怜不成功，也找不到办法出来，讨怜没讨到，因此报复社会的故事。本以为他会大彻大悟，问题别人就应该可怜你么？

真的小丑反派懂得人性的规律，从不觉得别人应该如此，所以才可以在复杂多变的环境中虐蝙蝠侠。

然而这个自怜的小丑，连做姥爷的对手都不够格。

小丑会去祈求别人的圣母心？奇怪的是哥谭废青居然暴乱，暴乱的原因是觉得自己很可怜，韦恩家族没有可怜到他们。

我晕！美国的风景线的起点可真低，只需要打死3个人！

我醉了，醉醒以后吐了",1,https://movie.douban.com/review/12035564/
Joker,"片子其实拍得挺好的，如果它的片名不是小丑其实可以给高分。但是既然名字叫小丑，剧情又那么落入俗套，自然只能给低分了。
小丑和蝙蝠侠是人性的两面，蝙蝠侠代表的是绝对的法治，正义，而小丑代表的是绝对的恶。小丑摆明了是个高智商高情商的自恋狂，他犯罪是因为崇拜蝙蝠侠，因为蝙蝠侠需要他，他是蝙蝠侠的影子，它存在于每个人的心里，是每个人包括蝙蝠侠都甩不掉的人性最纯粹的恶。他犯罪不需要任何理由，因为他就是恶，他在漫画里永远不会死，因为他是人性的阴暗面，不可能被消灭，如果蝙蝠侠为了报仇杀了他，那么蝙蝠侠就会成为新的小丑！
所以我们可以说小丑作恶是因为他崇拜蝙蝠侠，他的存在才是蝙蝠侠继续存在的理由，他作恶仅仅是因为他本身就是恶，这是他的义务，如果他不做恶了，他就是蝙蝠侠，但是本片把小丑作恶的理由非常非常俗套地改编成了因为父母变态加上生活不如意导致他也变成变态。这是对“小丑”的亵渎，小丑作恶从来不需要父母或者社会来背锅。同时小丑是绝对地高智商高情商就喝蝙蝠侠一样，但是本片的小丑智商高不高就不说了，情商肯定很低，小丑本来应该享受犯罪，销售哥谭市为他燃烧，而本片的小丑似乎在享受的仅仅是大众追捧他……格局一下子比漫画低了不知道多少。不过这俗套可能是大众最容易接受的吧，一个变态的诞生不是因为他生来就是变态，而是因为父母和社会作恶。。。。太俗了",1,https://movie.douban.com/review/12035311/
Joker,"这部电影我认为拍的不错但是，看完之后非常难受，有个人说的有一些对电影呈现下来的给人一种自己不努力怪社会的感觉，而且主角的客观条件优于很多人，但是只有主角决定以牺牲他人生活的方式表达自己，你可以觉得是特立独行，错的不是我错的是世界。但是我看来就是太自私而已。
结合现在的社会里面发生的事情，这部电影仿佛是为了犯罪分子开脱，让一些恶行的合理化，但是人总是有选择的，恶性只看结果不看原因，反感这部电影传递的信息，又或者是导演功力不够让我觉得它传递的信息令人反感。
一分给全体剧务组的努力
现在很多人把一自己观点不同的人归类于，想要显得自己独特，或者一上来就开启嘲讽模式，别人家庭 别人智商等等，反正在网络上别人不同意你的观点就不配为人。",1,https://movie.douban.com/review/12035127/
Joker,"一部好电影会让观众有很强的情感共鸣，光就这点来说，我认为《小丑》算是好电影。
然而整个观影过程极其煎熬。他的笑，他的笑话，他的生活，全部都让我觉得很难受。这种压抑感一直伴随着整个影片放映过程。
我看完之后心情很差。并非那种惆怅的忧伤，而是浓重的压抑。
我并不是厌恶变态，比如《汉尼拔》我就很喜欢。每一个疯子都有其疯的原因 ，这个原因往往是悲惨的。一部电影如果过多侧重于讲疯子的起源，讲他生活的悲惨，就难免让观众感觉压抑。
就算看到最后亚瑟站在警车顶上被众人顶级膜拜，我还是一点都笑不出来。
别的不说，看得很压抑，看完心情不好，这作为让一个人打一星的理由，已经足够了。",1,https://movie.douban.com/review/12032977/
Joker,我看了以后很平静，几乎没有被打动，除了料想会有不少人跑到楼梯那儿比V，切。《小丑》挺矫情的，我共情不了，我现在无法确定是社会形态还是意识形态导致的，我被它推到了阶级的对立面——不好的出身，不被他人认可，作为笑料，连自嘲也无法缓解的痛苦，我没有，我不曾被生活逼迫到角落的角落的角落，不抵抗就消亡我没有——唯一一次想自杀，是被前老板忽悠，失去了一段七年的友谊。「当你想批评别人时，记住，这世上不是所有人都有你这样的优势」，我对自己遭遇的不公，忍耐阈值挺高的，我为吴军想，为吴斌想，为芳姐想，为猫咪们想，甚至可以理解老陈，我的付出得到什么了呢？吴军当所有人的面张口闭口就是「精神病」，吴斌当所有人的面张口闭口就是「嘿嘿傻逼」，策划部没一个人能写剧本，投标了《嵇康传》扔给我，我给他们擦屁股写大纲的时候毛毛还问我要日常的剧本意见，如果你们山影的各位觉得我对《最后的武林》这个本子的付出不需要被认可也不需要尊重我，你们为啥不直接拍李鲁轲那稿？吴军说「我不知道这剧本是你写的」「让你写是看得起你」「我那时候有人用我我就很开心」「是你写的又怎么样签合同了吗」你们不晓得著作权是我动笔写的那一刻法律就保护我的知识产权了吗？我的忍耐被认为理所当然，我忍耐到重度抑郁了我也没说你们谁一个「不」，我图什么呢？我理解你们应该有苦衷，仅此而已，如果我的价值取向跟小丑一样，你们已经死八百回了。我有时候挺为你们难过的，也为自己难过，明明是挺好的一个人，我怎么就看走眼了呢？写到这里我叹了口气，我记忆里都是吴军嬉皮笑脸的傻样，在上康城一起度过的那段日子，我挺快乐的，14年离开北京前，家具还拉到了上康城托给吴军，16年回北京给吴军打电话要一封推荐信，「怎么你是看不上山影么」，17年我推掉《徐徐推之》，因为吴军在会议室「你叫我什么」？18年我离开北京，以后也再不会叫那声「叔」了，我现在满脑子都是你撑牛逼吃了温文妈妈做的辣椒，大口喝水的样子。我吧，我还是相信人的善良的，就像我一直以为会是谁杀死小丑的妈妈把他推向深渊呢？是他自己呀。我对别人恨不起来，或许因为我把这辈子所有的恨都给了我的家庭，我已经精疲力尽了朋友们。,1,https://movie.douban.com/review/12032965/
Joker,这种煽动性如此强的垃圾电影被捧上神坛，难不成诸位豆瓣er都和小丑一样，身处底层，苦大仇深，感同身受吗？且不谈他那些逻辑上的硬伤，HK废青和电影里那些暴乱分子有什么区别，这部电影，别有用心，很多NC还说这种电影大陆不能上映，GD总局又如何如何，这种电影说实话就该完全封杀，因为群众素质问题，这种电影确实不合适现在的NC年轻人，不过还好，我国禁枪,1,https://movie.douban.com/review/12032358/
Joker,"垃圾片中的垃圾，导演编剧演员都特么傻逼，去吃药吧，去住院吧，正常人的社会不适合你们。浪费我时间去你大爷的。
这剧情能看？磨磨蹭蹭玩鸡毛？真的前面都看睡着了，好心你要杀人早点杀，要鞭尸早点鞭，一点内涵都没有。
这剧情能看？磨磨蹭蹭玩鸡毛？真的前面都看睡着了，好心你要杀人早点杀，要鞭尸早点鞭，一点内涵都没有。",1,https://movie.douban.com/review/12031321/
Joker,太一般了，一个小丑的黑化过程而已，吹的有点高了平分11111111111111111111111111111111111111111111111111111111111111111111111111太一般了，一个小丑的黑化过程而已，吹的有点高了平分11111111111111111111111111111111111111111111111111111111111111111111111111,1,https://movie.douban.com/review/12031168/
Joker,还珠格格版小丑？看了一半看不下去了。蝙蝠侠和小丑还是兄弟了，黑人女的喜欢被跟踪？就喜欢被人打？和个文艺片一样，简直了，太作了这个电影，就像还珠格格一样又臭又长，和黑暗骑士比起来差太多了，小丑也演得太浮夸了，为什么打一星，因为看不下去。看得我困死了，还得打140个字，我都没什么好写的了。,1,https://movie.douban.com/review/12030899/
Joker,"希斯莱杰的小丑制造的就是混乱，一种操控人性的混乱。
杰昆菲尼克斯的小丑，纯纯的就是一路任由生活宰割人，看不到未来，就瞎乱。
整部电影纯纯在自怜和讨怜，然后引发了一群自怜和讨怜的人暴动……这简直是对反派的侮辱。
真不知这种烂片还被吹得那么高……
我喜欢小丑，是因为他能超越人性，操控人性。而不是深陷自怜和讨怜弱鸡！",1,https://movie.douban.com/review/12030859/
Joker,"首先如果大家对这类感兴趣的，强烈推荐大家看 “心灵神探”
首先，小丑的形象应该是什么，蝙蝠侠二电影的小丑原型应该是公认还原最好的也是最令人深刻的吧，首先他具有十分聪明的脑子，他的理智思维以及会控制人的能力，如果你有点心理学的认知，最重要的是对人性的思考与认知已经达到一种普通人无法企及的高度，他的有些观点在一定程度上甚至没有错，因为莎士比亚的一句话说，生存还是毁灭，这是一个问题，他选择了后者而已。任何东西，特别是道德，心理，在思考到一定程度，你会发现，所有的边界都是模糊的，没有对错，没有善恶，是一个模糊的，善良一瞬间会堕落成罪恶，罪恶有时也是善良的象征。这些思想其实很恐怖的，我个人认为，它完全有可能改变一个人的行为。就比如你很爱的你孩子，你以前从不打孩子觉得孩子不好，你那么爱他怎么舍得打他，可是你邻居也很爱孩子，可是他觉得他那么爱他孩子有时候就该教训他，甚至有时候因为一些错事对孩子大大出手。例子很多，心里善良可能会做出来很多不一样的结果，而如何心理一点一点去改变的。
所以这是重点，我觉得彻底改变一个人的思想已经行为准则，不止是环境对他的影响，而是需要他有一定的基础，物极必反，只有他对一些事情的思考认知达到一定高度才能转变，比如他首先自己很聪明，他自己也知道，但是因为社会的黑暗以及内幕，他自己怎么样也无法达到他想要的样子，但周围有的很普通或者有点傻逼的人就仿佛可以拥有一切，让小丑看到了不公平，看到其实社会的本质的一面是阴暗的无情的冷酷的，他无法改变，活着他竭尽他的智慧他也无法达到他想要的，而别人似乎已生来就有，外表光鲜亮丽，背后却并不尊重他，这不是错了吗，这个世界不是很奇怪？其实我们就是处于这个世界当中，我觉得这也是黑暗骑士二令人真正陷进去的原因。所以小丑选择另一种方shi证明自己，只不过，他所想要的只是混乱，一切的混乱。
而这部电影，我觉得小丑对社会本质的深层次的剖析没有，你看现实世界韩国演艺圈那样子，也绝对比这电影真是残酷的多，最少小丑不该还幻想着一开始在屏幕里能得奖，我觉得，真正看清楚的人是悲伤的，为什么，是因为他们连想都想不到，因为他们看清了现实的残酷，我觉得这种压抑才是最致命的，而不是什么所谓未成年砸他广告牌什么的，正常人也能理解啊，等等很多小事都是能理解的，如果小丑因为这些反社会，我觉得牵强，我觉得他应该看到的是应该社会最黑暗的本质。因为他是一个让正常人思维完全转变的人，他能够控制人的思想，知道你在想什么，我觉得，这是需要天赋的。但这绝对不是精神病。。。
总之，我觉得重点不够突出，应该是他的思想，对社会本质的认识，电影应该对纪录他自己的思想的辩论，不是他打我我要还回去，，社会欺负我我要还回去，社会对我不公平我要还回去，不是这些。而是，社会存在人性的不公平，人生之不平等，社会阶级的脱钩，上面没有把下层人当作人等等等等，人性是经不起考验的，你现在很穷，但当你变得富有你也想把钱留给孩子，你是公司领导你也不会把员工当作人，而是用最好的办法让自己利益最大化，，特别是金融方面，很残酷，很无情。或许小丑看到这些，发现，所有的一切根本是拯救不了的因为人的本性，所以，还不如破坏掉吧。我觉得这是这部电影应该表现以及展示的，以及小丑对思想道德上面的思考，但是也可能这些东西可能真的不太利于社会和谐，，所以才不会播出，但也不是，有很多小众的东西很真实，不说了，不管怎么样，我给出的我理由，接受辩驳，但不接受无端指责。我主观的分，很主观的评分。其实一星低了，但我觉得总分太高了，不该是本来得分，我要拉拉分。",1,https://movie.douban.com/review/12029035/
Joker,不懂你们有什么可抒发感慨的，悲哀。想想为什么不在中国上映。懒得打那么多字。细思极恐的美式主义，跳梁小丑似的讽刺港独问题。已经靠这种方式想来支持香港问题，这我不觉得是什么好的电影，有点理性头脑吧，别自以为很懂剧情很懂电影，一个评头论尾，这煽动性的电影就不该存在，观影需谨慎呐。,1,https://movie.douban.com/review/12028889/
Joker,看了四十分钟，弃了，看不下去。无聊，拖沓，冗长，40分钟都没有展现出什么吸引人的剧情，都是一些婆婆妈妈鸡毛蒜皮的破事。大烂片。看了四十分钟，弃了，看不下去。无聊，拖沓，冗长，40分钟都没有展现出什么吸引人的剧情，都是一些婆婆妈妈鸡毛蒜皮的破事。大烂片。看了四十分钟，弃了，看不下去。无聊，拖沓，冗长，40分钟都没有展现出什么吸引人的剧情，都是一些婆婆妈妈鸡毛蒜皮的破事。大烂片。,1,https://movie.douban.com/review/12028644/
Joker,还是那个观点，本片除了杰昆的演技。毫无看点。剧情的掌控，节奏的把握，不敢恭维。同题材的V字剧情比他好怎么没被吹上神坛，现实主义类型的我不是药神剧情都比他好。如果不是披着DC的外衣，又被外模吹成神片，你们客观理性的看这部电影还是这种感受🐴？甚至我怀疑得奖都有政治因素，毕竟，今年全世界都被搅得到处游行。但是客观的看这部电影真的不合格,1,https://movie.douban.com/review/12028553/
Joker,"昨天看完了《小丑》，它是一部独立DC电影宇宙的电影，讲述了一位生活陷入困境的脱口秀喜剧演员渐渐走向精神的崩溃，在哥谭市开始了疯狂的犯罪生涯，最终成为了蝙蝠侠的宿敌“小丑”的故事，这句简介是豆瓣上，这部电影在豆瓣评分9.0，很高吧，看来很多人喜欢它咯？
感觉近些年的电影创作越来越脱离格式化了，什么格式化？就是以故事为主，用演员的演技去体现这个故事中要表达的情感，大家可以看出国内的电影是不是都是这样，先有了故事才有了人物；但我觉得这是不对的，应该是先有了人物才会发生故事，剧情是跟着人物走的，看过《小丑》的朋友们，来告诉我，你是沉浸在电影的故事里还是在人物上？电影把小丑这个人物刻画地非常成功，成功地让人们忘记了他是个反派。
这部电影给人的感觉太黑暗了，整部片没有见到有阳光的场景。生活的压抑让小丑不断去看心里医生，然而心里医生并没有把他当回事，他想对世界保持笑容，但笑却成了他的疾病，他娱乐了别人，也成了别人娱乐的对象，就连他的母亲在他看来都是欺骗者，虽然小丑的身世电影没有给出准确的答案（他母亲的病例可能是伪造的，包括领养记录），这个坑挖得不错；我认为小丑并没有精神疾病，也没有精神奔溃，他上节目的所作所为一定是经过事先排演；电影前半段让小丑的情绪递进式爆发，但是剧情少了起伏感，没有惊喜也没有惊讶，电影的后半段逐渐让角色靠近《黑暗骑士》里的小丑，但是这个小丑可完全不是那个小丑的对手！其实我并不明白为什么那么多人喜欢它，难道电影的内容让很多人产生了共鸣？并不是所有人都能看懂电影里的艺术手法吧。
通常人们喜欢一件事物应该是在这件事物上找到了共同的特点，难道有那么多人对生活压抑着悲观情绪？还是每个人都有些反英雄主义的梦？一个悲剧的诞生，不仅仅是客观因素，生活应该是自己主导的。电影里的哥谭是病态的，有他一样的小丑，也有着穿着黑衣的蝙蝠侠。生活总要继续，混乱是解决不了问题的，牺牲他人的自由换来的自由可称不上自由，顶多是一种自私的心理安慰！电影并没有给人们传达正确的道理，反而为错误的事欢呼雀跃。没错，我不喜欢这部电影，因为我没有看到小丑应该有的样子，他应该是个天才，是个犯罪大师，他参透了人性的黑暗面，也利用了这些黑暗面，他从来不会为缺钱二烦扰，因为他有的是手段，可这部电影里的小丑呢？就真的是个小丑！用暴力去娱乐那些追随者，在他们面前翩翩起舞，他的高智商哪去了？他的手段哪去了？还是导演编剧也想让人们内心里的小丑跳出来作怪？我原本以为这个版本的小丑会把我看哭，然而并没有，内容上除去真实时代背景的意义，那么这部电影的成功之处，就是完美地刻画了一个装精神病的正常人！我不会给大众献上阿谀奉承，并不是大家说的好就是真的好。我会给这部电影打上差评！因为我的观影感非常不好，幸好我们这里看不到，不然花钱买不好的感受简直就是浪费！
我还是比较喜欢黑暗骑士里的小丑，因为这个版本的小丑才是巅峰，就连《哥谭》剧集里的那个年轻版的小丑都非常不错。推荐大家去看看关于小丑的一部漫画作品《苍白骑士》，在这里小丑与蝙蝠侠联手了，我觉得这是最适合改编的剧情了，那个的小丑有着两面派，但目的是为了哥谭变得更好！",1,https://movie.douban.com/review/12028474/
Joker,"现在很多电影都在无病呻吟，国内国外皆是如此。
影视剧的创作模式和题材类型已经进入瓶颈。
不过这部就很厉害了，它创立了一个新的题材：有病呻吟。
主角开篇就说有精神病，然后通过种种剧情安排的，通过非常刻意和做作的社会黑暗面的展示。
再通过一些生活中常会产生的负面心理来取得观众的共鸣。
观影全程看一个精神病傻笑，很抱歉，我既不能感受到他的悲凉和孤独，也不能体会到他的思想深度。
我能感受到的就是做作。
所以他的思想深度是什么? 他努力的目的是什么？除了他病态的心理问题，我想不出来。
别跟我说什么权威，压迫，有钱人，社会冷漠。
抱歉，我已经过了30岁了，我不会因为有人发了：“看看是不是同款女朋友”，“我知道你也会这样”等的视频，而产生“哦，真的，原来我不是一个人！”的多巴胺效应。
道理谁都懂，问题是如何解决？
打砸抢烧？随便杀杀路人？随便打打警察？
你今天把城市毁了，几年后它依旧恢复原貌。
问题需要的，是答案，是解决方法。
我想到了《V字仇杀队》，我不知道西方怎么了。
过去V只是反对政府，如今的小丑却要反人类。
你们每个人都把自己代入抗议者的身份，又有谁想过，旁观者也是帮凶。
开头画面中，小丑追逐着几个孩子的时候，街头路人的冷漠比起孩子殴打小丑的行为更让人寒心。
所以，在小丑眼里，你们每个人都是造成他堕落消极残忍的原因。
也许，是你们太喜欢给自己找外部原因和借口的本质，让你们高潮了吧。",1,https://movie.douban.com/review/10649123/
Joker,无法把自己从影子里拿出来去看看为什么会有这么多的所谓的作品需要我们去反思？你永远不会知道 当你被一次次无情的困兽在思想的笼子里时 你想的永远是被安排好的！权贵们需要中产或者善良的老百姓不断的反思 因为你们才是最好的生产工具 你从来都不会认为一个人渣会有什么用！因为那都是被安排好的！人之初 性本善 唯独权贵却能独善其身 当它们告诉你不要学习 享受生活的时候 你想想它到底在干什么 也许你得到了实惠 但一颗平常心 何尝不能被安排呢？,1,https://movie.douban.com/review/10648836/
Joker,一个给恐怖主义站台的电影，一个给暴恐找正当理由的电影，看之前我还对本片有所期待，看完后我只希望这个片从地球上消失（同步消失的还有所有有小丑心理的人）。把自身的不幸全部归咎于其他人，这就是为什么有人不幸的原因。影视界现在陷入了一种怪圈，愿意给所有懒惰、抱怨和迁怒的人拍手叫好，这仿佛成为了主流价值观，成为了政治正确。韩国的《寄生家庭》也是同理，抱怨产生的报复，没有任何正面的价值。希望看电影的所有人都能警醒。,1,https://movie.douban.com/review/10648619/
Joker,1 犯罪心理学。2 一部真正有质感的漫改电影。3 黑化主角的最后一根稻草。4 社会矛盾你越无视它，最后爆发得就越惨烈。5 杀人不眨眼，快准狠。6 说话直来直去，不掩饰，不夸大，符合主角的特质。7 这部电影的续集不好写。8 本片作为前传太牵强。9 不在沉默中死亡就在沉默中爆发，永远不要小看人的叛逆心。10 不解决根本问题，这个世界永远不会太平。11 结尾部分有些敷衍。12 很多细节设置很不错，比如街边的涂鸦和随处堆放的垃圾。13 一看场景谁都知道是纽约。14 贫富差距是很多社会问题的导火索。15 人生来不平等。16 实在看不明白主角到底是控制不住地笑还是在假笑。17 人都是被逼出来的。18 纽约被黑化成哥谭市，布景道具不容易。19 富人就是为富不仁。20 千万不能取笑一个被逼到绝境的人。21 小丑第一次杀人的时候看得很解气。22 节奏慢，大段大段心理描写。23 这是超英电影改编幅度最大的一部作品。24 和诺兰的三部曲首尾呼应。25 很多定格场景特写很有艺术感。26 卓别林的电影有什么特别寓意？27 主角笑声有些凄厉。28 人总会为孤独付出代价。29 遇到如此一连串打击，是谁都会崩溃。30 这才是真正意义的普法教育。31 这电影要在天朝上了弄不好会出事。32 和谐与逃避让人远离真相。33 绝大多数犯罪行为归根结底是一种报复。34 人做任何事都会付出代价，勿以善小而不为，勿以恶小而为之。35 这样能认真讲好一个故事的电影越来越少了。36 千万不要小看边缘人物，没准有一天他们会干出惊天动地的大事。37 电影对人物角色塑造添加了许多艺术化处理，代入感更强了。38 色调饱满，风格化很强。39 罗伯特德尼罗的客串算是电影最大彩蛋。40 罗伯特德尼罗发福比较明显。41 主角和角斗士时候反差很大。42 挖掘反派的内心世界是未来电影的新趋势？43 在哪里生活都不容易。44 经济萧条往往意味着社会动荡。45 主角对角色的演绎和诠释很到位。46 艺术化处理要与现实结合才能使作品更有生命力。47 统一的着装，统一的假笑，这就是上流社会的标准生活，亘古不变。48 哥谭地铁站间距真长。49 主角的遭遇向我们诠释什么是四面楚歌处处碰壁的生活。50 如果是国产电影，最后结局一定改成警察叔叔破案成功，大家都过上幸福生活。,1,https://movie.douban.com/review/10648230/
Joker,"不喜欢《小丑》，非常不喜欢《小丑》，它对整个电影世界是有害的，尤其在它获得威尼斯金狮奖之后。实际上，电影和奖项的关系并非一方对另一方的单向加冕，而是互相构建彼此的权威。不可以认为获奖的电影就是好电影。对《小丑》来说，获得金狮无法证明任何事情，反而消解了威尼斯电影节作为三大的权威性。
这是一部邪恶的电影，邪恶并且令人作呕，并非指它内容，而是它的出现本身便是邪恶。电影并不表现真实的人，哪怕不被人理解的精神病患者，它只表现符号。通过不断地滑坡论证，试图“发明”暴力的合理性。于是导演用虚假的材料拼贴出某种必然性，看，都是你们，是冷漠的大众完成了邪恶的最终生产。
电影当然是一种欺骗，但欺骗本身也分真诚和虚伪两种。前者可以通过虚假的构建抵达内心的真实，是关于故事的人，而后者，拙劣如这部电影，它知道在此时观众想看什么，为此不惜放弃电影本身，甚至艺术本身所应当具备的操守。
当然，影像当然可以向观念投诚，如雷芬斯塔尔那部《意志的胜利》，即使歌颂纳粹，其艺术价值也无法被彻底否认。但同样的，前提是作者的真诚。
《小丑》的不真诚在于，它对当下这个不健康时代明目张胆地迎合，因为迎合可以带来收益，它不在乎有多少道德标准在迎合过程中被虚假的拆解，当真正的电影用故事去构建人的时候，它用故事消灭了人，更可鄙的是，就连这份恶意都是出于资本，不是出于思考。
错误的电影在错误的年代假装正确，但它没法也永远不能通过任何奖项，评分，表演和被蛊惑的观众的铺天盖地的欢呼来帮助其证明自身的价值。
它唯一可以证明并且已经很好地证明了的，只有美国电影体系在某些方面的无耻。",1,https://movie.douban.com/review/10648066/
Joker,"我会对    黑暗骑士的小丑  有着无限的探究欲  想去找到理由
对这不电影的小丑毫无兴致   前面 除了 尬还是尬
也许 一切解释都是神经病   你奶奶的  我无聊去理解神经病的思维 给于正常人的逻辑 编辑就可以无脑乱写了？  除了满篇的政治正确气味还有啥
这小丑没有追求  只不过一帮人念想的傀儡 是没有灵魂的
虫子逆天还是虫子  光环给的太猛了  直接就是剧情需要 哪来的逻辑可能  那么多看的爽的人  是对病态多么的渴望啊。",1,https://movie.douban.com/review/10647536/
Joker,"精神病玻璃心被伤害就该去杀人放火？能力达不到欲望的要求就该去怨天尤人？出身卑微就该去随便谩骂出身高贵的人？工作失误被辞退就该报复整个社会？这个世界其实只有弱者和强者之分，弱者如果还想要跟强者一样要存在感，那就只能演这样一出矫情丑陋卑微残忍的戏了。《蝙蝠侠》里面的小丑有超高的智商和能力非常人；而这出戏的小丑本来就是个灰尘一样的平凡人，导演偏要偷换概念让他哗众取宠找存在感，在这乱世被乌合之众解读为平民英雄，真是个出奇的坏比！！
一个精神病患者的间歇性精神病行为被拍成电影本来就是片荒时代人类文明的倒退。没想到这样的电影还居然受到一群人的追捧，简直是人性的堕落。
另外，说演员演技好的一定是没有好好看一下《蝙蝠侠》里希斯莱杰的眼神和微表情。肢体语言矫情跟演技好不是一个概念。",1,https://movie.douban.com/review/10647206/
Joker,只能说没那么神吧，剧情和人物设定上伤挺硬的，首先剧情上看了一半后面基本就猜到了，虽说看之前也知道这个片子是讲joker怎么Feng的，但还是期望有些真正人性的SS而不是拿精神病去挡，无论是心理医生还是韦恩都还没有说哪里能看出是体育或者人本身就很坏，其中YS消减被反复提到，但不说清为什么YS消减，我也没觉得体育怎样，而为数不多很坏的角色，最后结局也不出意外，并且给人感觉坏的层次不深，就是没事找事的层面，给了一堆这样的角色和不明所以的体育问题把joker逼Feng推进剧情，真还没抖音上讲的一些商业故事真实，以至于看到结尾我觉得影片刚要开始了就结束了，最后结论是这娃抗压能力不咋地还不想磨练自己光想f社会，社会上还是SX多，追随个傻子白长个脑子，这句话也送给H港的FQ。除了剧情方面剩下的都没什么说的，演技和配乐都非常非常非常好，很多地方都没词，全靠演技，总体给3分吧,1,https://movie.douban.com/review/10646335/
Joker,很多人用DC风格标榜，用社会现实美化。但是就电影来说肯定不及格，杰昆演技没的说，但是导演节奏的掌握，剧情的老套，实在不敢苟同。很多人非要用现实主义去标榜这部电影的伟大。其实只是假装DC影迷凑个热闹！同题材的V字或者国产的现实电影我不是药神，剧情的嵌入，节奏的把控都不知道比小丑好多少倍，但是仅仅因为小丑是DC，是国外的，是被外媒炒作过头一一部电影。所以很多人非要强行五星。接受所有人反驳，我看到中途都快看睡着了，好在有快进，要不然真心忍受不了。,1,https://movie.douban.com/review/10646076/
Joker,昨天看了小丑，表演是不错但感觉作为一个成年人（目测小丑得40多了吧）这种生活都受不了那真就是他自身问题了，还没给他放卢旺达呢。表演也太突兀，毫无征兆的即兴舞蹈，也可能是我更喜欢希斯莱杰？感觉片子想表达类似电影浪潮所表达的内容但故事不够完整。要当市长的大富翁没保镖？我更相信小丑是黑暗骑士里面因为家庭才黑化的。感觉这片也就7.5。,1,https://movie.douban.com/review/10645947/
Joker,"先说电影吧！
电影的主角—亚瑟，一个一直认为自己患有笑病的家伙。
我并不想把整部电影全部进行梳理一遍，单单看理解。
亚瑟的童年并不幸福，遭遇过严重的家庭暴力，以至于导致“笑病”，但他的母亲一直希望他成为一个喜剧演员，于是亚瑟朝着这个方向努力着。
关于他的童年，电影的具体描述很少，不过成年后的亚瑟几乎忘记了小时候的暴力经历，但那种经历一直压抑在心里面。
电影开篇，亚瑟在笑，只不过是哭笑，你可以理解为他并不想笑，他想哭。
电影里面，亚瑟遭遇过几个小孩抢劫欺辱，公交车上一个母亲的冷漠，同事的欺骗，这些经历对于他来讲，是伤感的，是悲哀的。但一个喜剧演员怎么能哭？要笑！
后来，对于亚瑟打击最大的是五件事，以至于小丑的诞生。
第一件，母亲从小对他灌输要做一个快乐开心的小孩，亚瑟遵照这一要求，立志成为一名喜剧演员并且压抑住了内心深处那个从小遭受家庭暴力的自己。
而后，知晓一切真相的他认为，母亲幻想着身边的一切，而自己成为快乐开心的小孩也是母亲对他的幻想，而他主动成为母亲的幻想，而放弃了实际的自己。虽然他有血有肉，但他并不存在，
第二件，动车杀人，亚瑟的第一次杀人，对于他来讲，鲜活的生命逝去，他并未产生任何负罪感，反而觉得理所应当。在坐在公车上，报纸电视不断宣扬这件事，让他人生感觉到了存在感，所以他发自内心的笑了，这是一个极好的笑话。
第三件，电梯里与黑衣母子的第一次见面，小孩子对亚瑟笑了，小孩的母亲也笑了，并对他比了开枪自杀的动作，亚瑟以为那是对他的赞誉，亚瑟也开心的回之以同样的动作。
也就有后来亚瑟的幻想，他以为这个女人认同他，不过最后亚瑟知道母亲的真相时，他来到这个女人的房间里来找寻安慰，面对的是这个女人的陌生，冷漠以及不信任。
这个时候亚瑟意识到最开始见面的那个动作并非对他的赞誉，而是说，你怎么不去死。
所以才有后来亚瑟认为死的要更有意义，才有了演播室那个对话。死的更有存在感。
第四件，莫里秀，从小看着这个节目长大的亚瑟对老爷子是崇拜的，因为在他眼里那些不好笑的笑话，经过这个老爷子的讲出，好多人笑了，所以他幻想过，在最崇拜的老爷子面前大声喊出自己的梦想，希望老爷子能够为他的存在提供动力。
后来，老爷子拿出他在俱乐部的视频并嘲笑他，这让他愤怒，他以为幻想是真的，他认为老爷子鼓励过他，承认他的存在，但现在，老爷子嘲笑他，蔑视他，好像忘记了他的存在，所以老爷子必须死。
总而言之，亚瑟最希望的是有人能注意到他，能够正视他的存在。但整部电影里那些
第五件，韦恩不认同他是自己的儿子，亚瑟去找韦恩不是想要去告诉自己和母亲过得多么艰难，他开始很开心，是因为终于又有人能承认他的存在了，但现实很残酷，满怀激动却一脸痛苦。另一个是韦恩说想要改变这座城市，但在亚瑟的心里，你连我的存在都不承认，你根本就是个骗子，亚瑟愤怒了。
以上，五件事是亚瑟变成小丑的导火线。
实际上亚瑟变成小丑有三个阶段。
第一阶段，压抑住童年那个黑暗的自己，自己是想要成为喜剧演员的亚瑟。
第二阶段，释放黑暗的自己与亚瑟并存，还记得亚瑟杀死同事的场景？亚瑟在庆祝的不是精神病母亲的死，而是那个黑暗童年的自己被释放了。
第三阶段，黑暗的自己开始蚕食亚瑟，亚瑟最后演播室，他拿出笔记本，上面那句让死变得更有意义，他开始说一些社会，人们的冷漠，自己的存在，说完，开枪杀掉老爷子，这个时候，亚瑟已濒临死亡，黑暗的自己掌握了主导权。
第四阶段，在警车上跳舞，用鲜血抹出一个微笑，在这个时候，亚瑟彻底死亡，小丑占据一切。
以上，就是我对整部电影的理解。
为什么打一星，我承认无论是导演，故事，演员都很厉害。
只不过，电影设置了一个极端环境的极端人格，我不能说这种人不会出现。
导演试图把社会上那些处在边缘地位上的人们，缺少关注，存在感低的人们所导致的暴力问题归结于社会对他们的重视程度不够，或者说没有。
这种事想下，还是挺有道理，但又没道理。
让我混乱。
比如，香港暴动，大部分年轻人认为没有未来，嘴上喊着年轻人很重要，但实际上，他们一点也不重要，所以开始暴力活动，毁掉一切，想要改变香港的社会制度，想要选一个为他们发生的政府，这么一想，他们不就是亚瑟？
但是，这绝对不是发动暴力的合法原因，你为了你的存在而剥夺他人的存在，本身就是错误的。
因此，电影只给一星，这部电影让我混乱了好一会。
但幸好，我想通了。
最后整部电影非常不讲道理，只有拥有独立理性思考的，正确三观的，人生阅历的，我建议可以看一下。
其他的人，很容易被电影传递的价值观带偏，从而混乱。
再说一句，广电禁的好啊。",1,https://movie.douban.com/review/10644283/
Joker,"这是一个讲一个有精神病和幻想症的母亲从小收养了一个孤儿，并一直虐爱他到大，以致他也有爱笑不停的精神问题，只能一直靠药物治疗。所以他只能在一家小丑公司从事饰演小丑的工作，但是到处受欺压，最终还是丢了工作。也走上了复仇之路…
这部电影与当前的世界环境很应景，从HK到智利再到纽约伦敦，正在发生的事情，或许就是资本主长期欺骗压榨的结果。人民并不笨也不聪明，大多数还是从众，能独立思考的又有多少？另一个版本《V字仇杀队》。
但是，欧美拍这部电影，说明可能也意识到这个问题，可是，又想通过输出舆论控制导向引导他们想要的结果，还想来一个奶头理论，或许，最终会引火上身？
这世界并不太平，真心为底层普通民众造福的，才是长久的，不管什么体制形式。",1,https://movie.douban.com/review/10643814/
Joker,"病态、反社会、癫狂、压抑，末世电影，相比《蝙蝠侠黑暗骑士》的黑白交织，这部直接一黑到底，黯淡的无任何亮光。整部电影主要是为混乱寻找合理性，小丑成了精神领袖，看完很不舒服。由混乱邪恶人物带领的世界，会是一个更差劲的世界。
以下为凑字数以下为凑字数以下为凑字数以下为凑字数以下为凑字数以下为凑字数以下为凑字数",1,https://movie.douban.com/review/10643188/
Joker,"作者：杰弗里·A·塔克 （Jeffrey A. Tucker），原载于美国经济研究学院(American Institute for Economic Research)网站。
“这部电影就是关于一个人是怎么陷入疯狂的，”他说，“仅此而已。”
当我告诉售票员我要看的电影是《小丑》时，他向我发出了这样的警告。为什么售票员要为我预审这部电影？他的话似乎已经多加演练，用来提醒观众某些令人担心的事——即影片中虚构的骚乱会引发现实世界中的模仿(copycat)。
不过，他的简短评论还是使我感到安心了一点。我必须要把自己拖去看看这部每个人都在谈论的电影。光是预告片就已经令人毛骨悚然了。就算没有电影给人带来的更多悲伤，生活都已经够艰难了，这就是为什么我坚持应该提高票价的原因。不管怎样，我还是鼓起勇气过了这一关。
表面看来，售票员说的没错。这只是关于一个人的故事。当散场离开后，我也是这么劝慰自己的。然而在它结束之后，我的经历恰如很多人所描述的一样。电影打造的氛围萦绕着你，你把它带回家、让它伴你入睡，早上醒来后还是会看到那张要命的脸孔。你回想电影画面、记起了情节。然后有些东西开始令你深思——不是关于道德，而是如何解读它。
看电影的体验令我感到极度不适，那是我记忆中最难熬的两个多小时观影经历。电影画面非常精彩、剧情扣人心弦，配乐完美，演员的表现毫无表演痕迹。
至于“只是一个人”的那种诠释，却很难站得住脚。那破败的街景，那载满戴着小丑面具前去抗议之人的地铁。有权势的富商竞选市长并引发抗议。这个令人不安的暴力人物以何等诡异的方式成为了街头的平民英雄。其中定然别有深意。
是的，我在推特上看到了关于电影内涵的拉锯式争执。这是在力挺“反法西斯阵线”（Antifa）！这是对极端政治发出的保守主义警告！这是右翼分子对左倾的民主党的诽谤！这是左翼支持工人反对精英的辩护书，他们当然想要推倒重来！
问题是，这些解读都无法说清电影中的各种迂回与波折，以及影片在观众心中造成的不安和歧义。
我花了一整天的时间，想出了另一种理论。这种论点可能适用于在漫画和电影中描绘过的各个版本的“小丑”，但这部电影尤其具有启示性，因为它完全聚焦于这一角色，并且详尽地交代了背景故事。小丑的麻烦始于个人生活的挫折。当他陷入困境，你有时会觉得也许他还不至于沦落到无可救药的境地。他也许能够重整旗鼓、渡过难关，就像其他每个人一样与自己的恶魔作斗争。华金·菲尼克斯（Joaquin  Phoenix）的表演非常出色。他游离于癫狂的边缘，他在母亲和短暂的女友面前表现得很好，他的怪病也没有完全毁掉他与别人的交流能力。
然而，生活环境不断地驱使他越来越失去对现实生活的热爱。他放弃了希望，彻底拥抱绝望，将其作为生活和思考的方式。然后他干了坏事，并发现这能赋予他力量：他的良知无法起到矫正的作用。相反，他所做的坏事让他感到强大并找到价值。
总之，他的生活处处失意，最后他终于找到了能让他痛快的东西。于是他开怀拥抱它。
他拥抱的是什么？它在思想史上有专门的名称：毁灭主义(Destructionism)。这不是一种嗜好，而是一种意识形态，一种旨在塑造历史、为生命赋予意义的意识形态。这种意识形态认为，一个人生命中唯一的行动目的就是摧毁他人所创造的东西，包括生命本身。这种意识形态成为必要，是因为在实践中做好事似乎已无可能，因为一个人在世上要行事与众不同才能感到生活还有方向，还因为作恶来得容易。毁灭主义的意识形态使人能够将恶行合理化，认为他在某种程度上是在为将来更好的社会状态做准备。
什么是更好的状态？也许是一个人人平等的大同世界，也许是一个没有幸福、或者普遍幸福的世界，也许是一个没有信仰的世界。也许是没有国际贸易的国有制生产，是服从唯一意志的独裁社会。它消灭了父权制，是一个没有化石燃料的世界、一个没有私人财产和科技的经济体，是没有劳动分工的生产，是一个道德完美的社会、一个占统治地位的宗教。不管它是什么，它都是不自由的，因而是不可行、不可实现的。因此，这种意识形态的拥护者必须在毁灭已有秩序、而非创造秩序中寻求慰藉。
我第一次读到这个概念是在路德维希·冯·米塞斯1922年的《社会主义》一书中[译注：中文版《社会主义》中将Destructionism译为“破坏主义”]。他在证明了社会主义的不可行性之后，在靠近尾声处提出了这一概念。如果没有什么积极的事情可做、没有真正的计划可以实现任何对社会有益的事，因为整个观念都荒诞不经、无从开始，那么支持者就要么放弃这个理论、要么捣毁现有的社会来得到满足。米塞斯说这种态度在共产主义中非常明显。但是，他还说道，这也存在于社会民主版本的意识形态中，因为他们分阶段实现乌托邦理想的计划在实践中同样站不住脚。
毁灭主义成了一种在理论和实践中必然失败的意识形态的心理残骸。小丑在人生中失败了，于是他着手毁坏别人的生活。那些意识形态被世界顽固地拒斥了的人也是如此。
这就是为什么对小丑进行任何“左/右”的诠释都有太大局限性的原因。在我们所处的时代，媒体和政治给我们灌输了太多疯狂的愿景，告诉我们社会应当如何运行。当这些幻想家们最终燃起怒火，把他们的对手非人化，然后制定计划摧毁现状只为图个乐子时，也就不足为奇了。那个“现状”可以是世界贸易、能源消耗、多样性、人类的普遍选择、富人的存在、一个堕落的种族、或是某人因缺乏行之有效的力量而产生的挫败感。
毁灭主义是任何不可实现的愿景的下一阶段，这些愿景与社会现实对立，无法协调一致。事实证明，对那些急于将敌人外化、向任何阻碍其重新掌权的势力发起攻击的民粹主义者来说，毁灭主义也有着不可思议的吸引力。最终他们在毁灭中得到满足，毁灭本身就是目的，因为它使他们感受到活力，赋予他们生命的意义。
那么，小丑就不仅仅是一个人，不单单是一个疯狂的人，而是将癫狂与病态的危险与个人失败感相结合的一种具体化的实例。之所以存在这种失败感，是因为此人认识到在愿景和现实之间存在着根本性的冲突，这一冲突只能通过制造混乱和痛苦来解决。尽管令人不快，《小丑》还是一部我们需要去看的电影，它有助于我们理解那种不受约束的心态会给世界造成什么样的恐怖，并加以防范。
换句话说，小丑已经制造了他的模仿者，而且几个世纪以来一直如此。这部电影就是个模仿者。",1,https://movie.douban.com/review/10595233/
Joker,"如果可以我选择零分，首先演技特别棒，故事很精彩，最少也能四星。只是他是小丑啊，不是为了钱，为了生计去犯罪，更不是为了犯罪而犯罪。不是为了杀人而杀人。

  电影开始我就在想一个问题，人之初，性本善，还是性本恶。

  有人说，人生下来就是在掠夺其他的生命供养自己，人性本恶。 

  有人说，人生下来就是一张白纸，你涂上什么色彩，他就会长成什么样子，不恶，即为善

  我们没办法讨论新生儿的善恶，同样我也没办法去定义小丑的善恶

  他是无序的，没有人有能定义他的行为
  因为生存的本能，我们需要吃东西，因为社会明的暗的规矩，我们产生不同的有规律的行为，因为欲望，需求，我们在做不同的事，产生不同的表情
我们会去给别人下定义，会寻找自我，自以为是，让自己愉悦快乐的我，只是，这种自我还是在条条框框以内的取舍
  如果，抛开一切欲望，生理，心理的需求呢？
  世界会灭亡，小丑也会。我眼中的小丑，无序且真正的自我，极致到癫狂，到毁灭的自由，一切的对错，善恶，都无法影响到他。没有一丝，哪怕一丁点的束缚，这就是我眼中的小丑

  最后，我一直在想问小丑为什么不能是天生的，他一个人就该是一个世界。就像我们这个世界是由所有人事物组成的，同样的世界",1,https://movie.douban.com/review/10567397/
Joker,"一个人因为自己是个穷人底层精神病就可以肆无忌惮的开枪杀人？接二连三的杀人来对抗世界吗？这是什么道理？杀人就能让他得到别人的关注？就能够自己定义好笑或是不好笑的规则。一个反社会反人类的人倒是对得起片名：小丑而已。
到底需要多大限度的自由选择才是自由呢？因为工作失败，人生潦倒，心理疾病就可以恣意的上街游行且打砸抢烧，杀人放火吗？这到底是什么扭曲价值观？那么遭遇意外不幸的人呢，生活遭遇变故的人呢，难道每个人什么都不要做了，就等着被心情不好的人屠城就好了。
意识决定行为模式。阿瑟觉的世界上就没有人对的起他，可是他也没有很友善的对待世界啊，去幼儿园表演都要带着手枪。就连同事和喜剧大佬是和他有什么深仇大恨要以死偿命吗，一个人觉的全世界没有一个人对得起自己的时候，真的要好好想想到底是世界运行的偏差大还是自己的认知偏差更大。一个坏种装作被压迫者被欺负者装作白莲花，最终只是为了满足自己嗜血的变态心理，一场小丑表演而已。",1,https://movie.douban.com/review/14147972/
Joker,"氛围满分，托德演技满分，剧情0分。
说实话，我从B站上看到铺天盖地的吹捧才看的，什么载入史册，一片封神，但是看完之后，我觉得整部电影就是为了给托德菲利普斯炫技拍的，而不是给“小丑”拍的，竟然还有专门的耍帅镜头？这偶像剧里的糟粕到这就能吸引人了？是的，是的，确实挺吸引人的，但我觉得他很吸引人，只是觉得这样很帅，很酷，现在大街上如果有个人模仿小丑，如果很逼真我也会觉得很帅，真的挺帅的，帅的令人向往不是么？
但是！这剧情就是真的毫无吸引力了，精神病，被人欺负，被社会欺骗，这种主角多了去了，这个电影也不例外，坏人做坏事前提条件就是被欺负？被社会欺骗？再加上是个精神病就变成了小丑？甚至还故意拍出 可恨之人必有可怜之处 的感觉？
不不不，太无聊了，这种看10分钟能知道结尾的电影竟然有人喜欢，呵，可能你们会喜欢，但joker不会喜欢。",1,https://movie.douban.com/review/10574606/
Joker,"从小所有伤害我的人都能说出“都是因为他……”但那些挥出拳头的都是谁呢？
众多新闻源指明：不过五年前的黑暗骑士枪击案的凶手被捕时，骄傲地自称小丑。
而今后，我决定花$5上轻轨时，会有更多的人相信在那破旧车厢中开火是为民除害，即使华尔街男孩不会坐地铁——
就像华纳男孩们，只需要付6千万，就可以让主角、反角和编剧轮番对演员进行身体羞辱、强化侏儒胆怯无助的刻板印象，或拿着电影工业从基顿时代开始就有的某种“职业修养”让主演榨干自己的身材、翻开心理的创伤，然后用长镜头贩卖他的病体和悴容、任他不用替身而一次又一次地经受和施加真实的暴力、被车真的撞倒。
（他们的痛苦被展示，不知有谁的伤痛被掩藏。用替身便好么？）
一边毫不掩饰地指涉着阿克姆、韦恩等不必要的庞然消费符号，一边用改装的现实妄想进行媚俗，用满溢的烂俗弦乐填塞这样的情绪：“你拥有的只有伤疤，而伤害（面目模糊的）他人就能获得释放、快乐和满堂正义的赞许”——而强吻被等同于爱与温暖。要说自我中心地居高临下，这才是吧。
不用台词念出就不是在附加判断了吗？
对黑暗骑士枪击案的所有敏感和关怀，就是给凶手打上高光，同时把影院里的所有人塑造成为富不仁吗？
奇怪的是，这部电影还是在丽都岛上的威尼斯电影节首映的，并得了满堂彩和最高奖。
这电影恐怖，不止因为在现实中强化未来的伤害的可能，还因为它就是当下的一场加害。我付出了$12，就为了观摩它、听周围人一看到那矮人就会发出的笑声；而华纳会收获预算数倍的首映票房和一片“果然比某某公司的电影更黑深残呢”的评价。
尽管它的音画不过是像在逐句机翻剧本。
追加：https://www.zhihu.com/question/354379893",1,https://movie.douban.com/review/10558962/
Joker,"一星是为了中和无脑五分，故事本身十分差劲，表演摄影音效造型可圈可点，除开剧本可打三星。
首先，我并不觉得这部电影配得上金狮，跟它一起竞赛的影片有几个完全配拿金狮，客观上这部电影说只配拿银狮最佳男主角（其实这还不是凤凰生涯最好的演技）。
即便是凤凰这么强悍的表演，也让我无法认同其中的价值观，这就是剧本的问题。
疯癫乖张的小丑其实有很多可以深挖的，到他这里就扁平成神经病了，人物都立不起来，全靠演员演技撑着。
电影把亚瑟塑造成悲情人物，各种极端的情节叠加在故事中，刻意增加外因的戏剧性，忽略人物本身内因的问题，企图让观众产生“同情”，使之让后续亚瑟黑化成“小丑”变得十分合理。
总结一下，这部电影的内核就是“我弱我有理，我弱我造反”。
同样的，这部影片给观影者也传达着这样的信息，那些心智不成熟的人会借着这片子为自己的极端思想或者暴行合理化，也就是十分具有煽动性。
其次，导演也十分投机，懂得利用底层困境来为电影背书，站在底层立场抨击上层，分裂和对立底层和上层的关系，激化矛盾和冲突。
这片子为什么有争议？
无非就是一批人坚持底层立场和另一批人抵制内核价值的冲突，
有人认为小丑是代表了底层困境的爆发，
有人认为这种怨天怨地就是不怨自己的弱者心态才是毒瘤。
我并不是说底层困境不值得被重视，而是不应该用这种极端的方式，也就是说电影的价值导向很消极，很暴力。
最后，在这个时间节点上，给这样一部电影金狮奖，各位就不要掩耳盗铃只讨论艺术了，这就是威尼斯给某港喊话。
更魔幻的是，金狮奖颁完之后的不久，加泰隆尼亚和智利也开始学习某港了，典型的引火上身，
现在BBC和CNN都不敢一面倒地报道了，为什么，还不是因为烧到他们自己了。
我就看奥斯卡敢不敢给最佳影片，等着吧，玩火必自焚。",1,https://movie.douban.com/review/12027538/
Joker,"本片的剧情没有一点点让我觉得好看，第一次写影评，纪念让我最失望的电影没有之一
And
why so serious?
why so serious?
why so serious?
why so serious?
why so serious?
why so serious?
why so serious?
why so serious?
why so serious?
why so serious?
why so serious?",1,https://movie.douban.com/review/10572445/
Joker,"没有实力站到世界的中心，享受平凡好不好？为什么非要以小丑的姿态出现在大众中间呢？
我杀人，因为他们总是欺负我，因为我生活困难没人帮助我？狗屁不通的病态的思维体系行成小丑的狂欢！
命运里有你所不能征服的，所不能抵抗的，但这并不是你去暴动的原因。
中国文化讲的是修心，我们除了对一个人物质的评判之外还有道德的考量。在我们面对自己内心的时候，别人的恶是我作恶的根源吗？如果是，那别人的善呢？你能否学习？两者如何协调，如何选择呢？
看到了极端的思维体系，仿佛把世界上所有恶加到一个人的身上，身体有病，生活困难，工作不顺，可这样的人多了去了，难道都要像这个小丑一样吗？让暴风雨来的更猛烈些吧的生活的勇士都去哪里了？
小丑的面具戴久了，就长到身上了。承认吧，你就是有病。",1,https://movie.douban.com/review/10560852/
Joker,"借用于谦老师的一句话：怎么这里一个好人都没有呀。的确，本片除了主角，的确一个好人都没有，所有的配角路人，全都是坏人。主角最后变坏也是必然。
另外，主角自己也倒霉，生理有疾病，周围人都对他恶意。一开始他给人打工在街上转广告牌，被人抢走广告牌，又被人打。然后被解雇。回家路上在公交车上逗孩子，被人家家长骂。在电梯里遇到邻居女孩，她在福利院工作，就叫主角去福利院逗孩子，主角去了，然后跟孩子玩的过程中身上掉下来一把真枪，于是这份工作他也没得到。回家路上在地铁里他又被人打，这次他拿出枪开始反抗，杀了三个人。主角母亲骗他说主角爸爸是托马斯韦恩，后来主角才知道自己其实是孤儿。
其实整部电影就相当于所有人都在欺负主角，然后电影很多场景是主角的独角戏，所以会有一种代入感，于是观众会觉得好像自己也在被所有人欺负。由于我看的枪版是俄语无字幕版，最后一部分没怎么看懂，好像突然城里就爆发了暴乱，街头都在打砸抢，莫名其妙主角就成了其中最瞩目的一个（不是成了领导）
反正这部电影具体来看情节很空洞，人物性格很不可靠。但主演的演技是挺棒的。可以说演技救了整部电影。这里我必须提一句希斯莱杰，希斯莱杰的小丑给人感觉就是很直白的：哇这演技牛逼。而华金菲尼克斯给人的感觉是一种很细腻的牛逼，需要细细的品一品。
在成片质量上，这部电影连黑暗骑士的皮毛都没达到。黑暗骑士中，小丑代表着混乱，chaos。而这部电影中，你很难说清楚小丑代表着什么，小丑在社会中受人排挤，而城市里爆发的暴乱跟小丑又没有逻辑上的联系，割裂很严重。
最后，这部电影中主角总特么跳舞，不知道的还以为是印度电影。这个电影已经得了个很牛逼的奖，这说明，评委也可能眼瞎
还有，我希望这个弱逼版本的小丑不要遇到蝙蝠侠，蝙蝠侠会把他治好的。",1,https://movie.douban.com/review/10558407/
Joker,"本来以为这部电影是小丑的前传，但是看了之后，发现这部电影只不过是披了DC的外衣，实际上电影的内核与表现形式和小丑几乎没有任何关系。
作为小丑的前传，电影并没有讲述小丑为什么智商特别高，为什么小丑的人格是彻底反社会、反人类的，作为DC最牛逼的反派，反社会的原因仅仅是受到别人的欺负？这和一般的小混混有啥区别？电影中小丑智商堪忧，医院门口进门的情节不明所以。整部电影只不过是带着小丑的外衣，借用了DC反派的名声罢了，把这个外衣扒掉，对这个电影没有任何影响。
而电影中对一些小丑以外的人物的描述，可以说是毁了DC最伟大的英雄和最有人气的反派。为了突出小丑有多惨，电影把托马斯韦恩描述成语言刻薄、喜怒无常、口蜜腹剑的小人，让托马斯韦恩的死也变成了简单的罪有应得，蝙蝠侠的心理创伤变成了一个笑话，直接击穿了蝙蝠侠诞生的底座，这实在是无法让人认可。
与其看这部电影讲小丑的诞生，还不如去看《哥谭》里面的小丑诞生，要甩这部电影几条街。
电影整个叙述方式合理化了暴徒的行为，一开始在看的时候电影让人觉得那些在抢小丑的牌子人特别可恨，但是电影结束的时候，这些人在街上戴着面具，在地铁上殴打警察，却变得不那么可恨了，电影用微观叙事的方式，展示个人的悲惨，然后强行套在宏观社会环境之上，来进行宏观叙事，直接把反社会、滥杀无辜的暴徒行为合理化了。
一个人活得惨就可以滥杀无辜，一个人活得惨就可以上街打砸抢，一个人活得惨就可以跑到幼儿园门口砍学生，说好的冤有头债有主呢？如果一开始杀了三个人，他们罪有应得，那后面杀的人是怎么回事？如果说小丑本来心理就有问题，那么整个故事前后的这一转变逻辑就缺少根据，只能证明他一开始内心就是黑暗的，并不是因为受到外面刺激变黑暗了。
把微观叙事的东西强行的套在宏观叙事上，而想让一个错误的宏观叙事变得合理化，这是这个电影最大的错误，宏观叙事中人们所认同的观点，有时候恰恰与微观叙事之间是相反的，这里面天然存在着鸿沟，几乎没有办法弥补，强行嫁接只会让人在前后感觉自己是一个白痴，被玩弄了。
作为非典型超级英雄片以及文艺片电影的戏剧冲突并没有那么强，里面人物性格的转变描述的并不是特别好，整个电影让人感觉很想模仿V字仇杀队，但是画虎不成反类犬，里面的人缺乏信仰与奉献。
同样是批判规则、批判人性、批判体制，与电影《达拉斯买家俱乐部》相比，两个电影的表述方式是完全不一样的，达拉斯买家俱乐部里面讲述故事的方式让人物有一种宿命感与无力感，有强烈的人物冲突，而这部《小丑》里，不好意思，没有看到。一个好的故事，人物的最终选择应该是必然的，或者是唯一的选择，而在这里根本就没有看到，写小说有一种说法，叫做小说最后的结局是源自小说人物，是人物决性格、经历定了事件的发生，而不是作者。
最后提个问题，电影中为什么小丑妈妈有妄想生，小丑自己也有妄想症？这是遗传吗？是电影疏忽了，还是故意为之？电影是想说收养合同都是假的吗？如果不是，那电影对这个描述也太巧合搞笑了吧，一个有妄想症的母亲领养了一个孩子，结果也是有妄想症？
想来这句才是整个电影最经典的台词。",1,https://movie.douban.com/review/12084491/
Joker,"题外话：看到评论这么多人跳脚说明我写的真的戳到有些人的肺管子了，一个个开始视奸我资料？瞎骂完注销账号？嘲讽完拉黑？你瓣文艺青年实属恶臭。
你瓣文艺青年一面崇尚自由，另一面又限制别人一星的自由，不学会尊重不同的意见，活该你们没自由，你们就不配有自由，跟白皮猪好的没学会，恶臭双标倒是学的挺快。
我至少没有跑到四星五星影评下面去嘲讽别人骂“你明年会死”，也没有视奸别人的资料找吐槽点，倒是小丑的粉丝要么瞎骂完就拉黑，要么瞎骂完就注销账号的，真是懦弱到爆炸，是是是，让你们掩耳盗铃就好，毕竟匿名是你们的保护色，网络上指点江山胡搅蛮缠尽显人类丑陋本色，真要实名认证你们立马一个个岁月静好，屁都不敢放一个，可太真实啦！
所以，你瓣文青这股“我独醒我独清”的迷之优越感到底哪里来的？
--------------------------------------------------------------------------------------------
《小丑》被人诟病的地方毫无疑问在于剧本。
编剧很投机也很偷懒，用神经病当主角，只需要简单叠加悲惨遭遇最后爆发即可，消解了叙事的逻辑性，当然也消解了小丑本该被深入发掘的迷人魅力。
建议以后编剧新手都拿神经病当主角，最好所有人都是神经病，这样就可以完美避过逻辑漏洞，一句“他们是神经病”走天下，计划通。
不过，与其讨论《小丑》，不如讨论这些为电影摇旗呐喊的人来的更有意思。
当然有些人跳出来会说，你不会懂的，你是居高临下的，站着说话不腰疼的中上层，你不懂底层的痛苦。我懂呢，哦？是吗？
别人没说不代表没经历过苦难，倒是那些“祥林嫂”一遍又一遍回顾着自己的“伤痛”却从不知道如何前进。
同样的，整个电影都在宣泄情绪，指责这个指责那个，机械重复地抱怨却没有任何答案。
莫瑞敢在脱口秀拿自己痛苦开玩笑，亚瑟却连自嘲做不到。
这也是为什么别人能成为脱口秀主持人，他只能成为loser。
当然维护者们又会说，他只是个可怜的神经病你有没有同情心，你看神经病多好用，想偷懒的编剧们学着点。
其实，在这里摇旗呐喊的并不是真正的底层，他们把自己生活中的“苦难”刻意与他们臆想的、电影塑造的“底层”产生“共情”，这一刻他们宛如化身“小丑”，“小丑”成为这些“苦难”者的想象共同体。
电影让很多深陷生活沼泽的人狠狠共情了一把，现实中被背叛欺骗轻视的怨气可以在电影里得到释放，这一刻小丑被他们灵魂附体，电影中被干掉的人何尝不是他们生活中讨厌的人呢。
我承认，针对特定群体，这电影的仅有的功能就在于宣泄，完了然后呢？一切照旧。
电影里的亚瑟有病呻吟，电影外的观众造病呻吟。
当然，我并非一味在指责这些人，互联网使得人们能自主选择接收信息，这让每个人把自己的需求放在首位，而心理满足和补偿需求是最主要的，所以这种现象是必然出现的。
更多的是我在思考从《寄生虫》到《小丑》，艺术电影也开始进入了“后真相”时代。
情绪在真相中扮演很重要的角色，后真相时代下，情绪在前，真相在后。
而在电影中，剧情、人物刻画不再那么重要，情绪的地位则越来越重要。
《小丑》和《寄生虫》在符号化的类型化的呈现是刻板的，虽然它们尽可能让电影变得富有戏剧性，但实际上更多的是不真实的刻意感。
而它们优秀的地方在于是情绪烘托，冲突的制造，对立的构建。
咪蒙说， “大师的时代已经过去了。大众不是想看你怎么表达你自己。而是想看你怎么表达‘我’……‘我’想在你的文章中看到我自己，我在朋友圈转发这篇，是因为‘这就是我’、‘我就是这么想的’、‘作者帮我说了我想说的’。”
《小丑》完美的诠释了上面的话， 《小丑》完美的诠释了上面的话，它似乎构建了底层和上层的对立和冲突，它呼喊出了人们心中最阴暗最可憎的一面。
或许仔细想想我们以传统艺术电影视角审视这部金狮奖最佳影片可能有些对牛弹琴了。
而《寄生虫》和《小丑》接连拿到金棕榈和金狮的“盛况”，似乎表示评委们也在对这样的类型电影表示支持，评委的情绪也得到的宣泄。
不过，当宣泄情绪成为电影的主要功能时，
我们需要警惕，虽然这样的电影仅为我们提供宣泄情绪的出口，但从未告诉我们前进的方向。
这样看来，
这样的电影是伪善的，看似关心底层，实则贩卖恐慌。
而观众们也是伪善的，看似心疼底层，实则指桑骂赵。
可真正的底层死活谁会在乎呢？是吧？
😀😀😀😀😀😀",1,https://movie.douban.com/review/12032362/
Joker,"我从未感觉一部电影被如此严重的高估过。讽刺不说烂大街但也是很常见的题材，为什么一旦有这种电影都会被认为“好看”/“讽刺社会”/“深刻”？当然了，也可以说本片是一部描述主角心路历程。然而从开场几分钟开始我就开始受不了过分夸张的演技，我一直在试图劝说自己“这是人设 并不是演员演技浮夸 角色本身就是这样的设定”，后面也确实表明是某种神经病症导致的，但是我还是觉得这个角色用力过过过猛了。看电影之前就看到说主角为了角色去暴瘦，其实很多镜头能看到不故意收腹的话看起来是个偏瘦的正常人，为什么总要故意去拼命收腹去表现一个畸形的外表呢？当然可以说主角的心理状况会让他做出这样的行为，但是总给我一种用力过度的感觉……
角色性格由于各种剧情所导致的改变应该是这部电影想着重描述的点，但是只是从压抑的精神病+神经病变成了不压抑，在我看来完全不值得122分钟。我想看到的是一个正常，或者稍微不够正常的人是怎么变成蝙蝠侠里的小丑的，而不是一个本身就有神经病+幻想症的人是怎么变成坦诚面对自己享受杀人这个事实。当然了，你可以说这电影可以给某些人共鸣，或者展现给观众一个精神病从试图改变到彻底沦陷的心路历程，但是我个人的观影体验非常失望。整部电影唯一亮点就是某个评论提到的侏儒出门够不到需要小丑来帮忙开门，这样一个“全场观众基本都笑了”的笑点出现在这样一个整体格调如此阴郁的电影里挺有意思。
看完之后一直在想我为什么会觉得这部电影这么差。之前发生过“带着强烈的主观情绪去看某个问题结果导致第一印象被看之前的主观情绪影响”的情景，但是看小丑之前我是十分期待的，而且不说是老粉，但是蝙蝠侠电影也都看过，对小丑角色也有一些了解，为什么观影落差这么大。btw，不知道为啥这部电影是我这些年看的最安静的电影，终于没人吃爆米花/薯片或者一直在说话。太棒了。
//豆瓣为什么不能设置长一点的短评啊？写观后感只是想让自己记住看完电影第一时间的感受，为什么不能仅自己可见",1,https://movie.douban.com/review/10559455/
Joker,"福柯在《疯癫与文明》的开篇引用陀思妥耶夫斯基在《作家日记》中的话说道：
陀思妥耶夫斯基之所以用“人们不能”，其原因在于我们经常如此。我首先坦率的评价，我非常讨厌2019年的《小丑》这部电影，就是因为这部电影以最平庸的方式建构着观影者对世界的平庸理解和想象。这部电影不仅让我们禁闭邻人，他还让我们不是带着恐惧和敬畏禁闭邻人，而是带着轻蔑和同情禁闭这位我们本应该尊敬的邻人。
这部电影强化平庸，践踏意志。不过这也许这就是它的票房如此至高，如此受到广泛赞誉的原因吧。
这是最令我惊讶和失望的，小丑本是“疯癫”的代表，用他在黑暗骑士里的话说，他是“混乱的代理人”。但这部电影中的小丑却完全不是，他的每一步行为都“有理有据”。
而且从剧作角度而言，这部自传体影片塑造了一个完全“无意志”且“无弧光”的人物，抛离上面的所有价值评断，这部电影也是不及格的。电影中他所有积极的举动，都是无意志，无目的的。
小丑为何杀掉三位华尔街人士？因为他需要自卫，且自卫的武器也不是他自己的，而是阴差阳错由别人给他的。
小丑为何杀掉自己的母亲？因为她一直欺骗她，曾经还纵容虐待她。在电影中，这位母亲一直絮絮叨叨的要给韦恩写信，不关心亚瑟，也不认可亚瑟。
小丑如何去到莫瑞的脱口秀的呢？不是他要去的，是对方主动找他去的。
小丑为何杀掉同一个剧团的另一位小丑？因为他先是嫁祸小丑，打小报告令他丢掉工作。然后他这次登门的关心也是虚伪的，他不是关心小丑，只是希望自己脱罪。
对于真的关心小丑的那位呢？小丑温情脉脉地放他走了（我当时的反应是，What?!）。
小丑如何重创两位追捕他的警察呢？他什么都没做，警察阴差阳错的被其他抗议者阻挡了。
小丑为何杀掉主持人莫瑞呢？因为主持人利用他，还数次播放他的影片羞辱他。
小丑如何在杀掉莫瑞后脱罪的呢？他什么都没做，是别的抗议者制造了车祸。
脱罪后他如何站起来翩翩起舞呢？不是他想做的，是周围人的起哄鼓励他做的。
小丑为何杀掉最终的那位心理医生呢？因为她与最初的那位心理医生连长相都十分近似（应该不会是同一位），他们虚伪，从来不真的关心病人。
小丑的任何一步行为都是“被动”的，是“自卫”的，是“报复”的，合情合理，甚至有正义在其中。
这位小丑追求的东西和我们一模一样，他渴望成功，被动的抓住事业的机会，他渴望被爱，在脑子里幻想自己被其他人接受，他渴望社会阶层的提升，希望得到韦恩的认可，他渴望自尊心，所以在众人起哄后，他也享受那样的时刻。
这还是小丑？这不就是“每个人”么？
不管是动漫《致命玩笑》中的小丑，还是电影《黑暗骑士》中的小丑，此角色的意义绝不是一个“普通平庸人”。
小丑最初是作为蝙蝠侠的对应物出现的。蝙蝠侠象征我们想象中完美的警察，拥有完美的技巧和完美的道德，无所不能，不犯错误，这是一个很“日神”的形象。
而小丑最初就是以“酒神”的方式进入蝙蝠侠故事的（动漫中小丑使用的病毒就叫“酒神病毒”），小丑不相信我们的一切信念，但不代表小丑是“虚无主义者”，小丑信奉混乱，信奉疯狂，他不是被迫疯狂，被迫混乱的，因为他真的相信疯狂，相信混乱。就像在《黑暗骑士》中，小丑说：
小丑不要钱，不要世俗意义的成功，不要被尊重。他是彻彻底底的“反英雄”，而“反英雄”也是一种“英雄主义”。这是区分小丑与其他罪犯的区别，因为他还相信些什么，他要证明他的信念是正确的。
因此面对《黑暗骑士》中的小丑，我们会害怕，他不懦弱，不愚蠢，他意志超强，与我们活在完全不同的世界中。我们都无法称他为“异己”，因为我们“无法理解”。《黑暗骑士》中的小丑，如同《沉默的羔羊》中的汉尼拔博士一样，像一团危险而庞大的火焰，以我们无法理解的内核运转着，比起平庸的观影者。他们以更强的“生命力”旺盛的燃烧。因为我们明白蝙蝠侠的“生命力”是一个理念的想象，是把我们自己无限拔高的形象，是虚假不可信的。小丑和汉尼拔反而体现着一种更本真旺盛，又可信的“生命力”。
从每个平庸者自身，到平庸者将自身无限拔高的理念，到与此理念完全对应的反理念，才构成黑格尔所谓的一组“辩证概念”，而戏剧的张力和艺术的价值，就在这样的一组“辩证概念”的张力中运行。
而2019版的《小丑》，完全失去了这样的张力，以完完全全迎合的姿态，将平庸者自己摆上银幕，将日复一日的平庸生活以廉价的同情姿态呈现，其戏剧性与网络小说的“爽文”没有区别。
观影的过程令我非常不适，主角似乎在调动全身的潜能在电影中大喊“可怜可怜我”，这不应该是“小丑”的基调。
主角简直是教科书般的可怜虫，被领养，养母精神疾病，被养母的男友虐待，孤独，被陌生人霸凌，被上司错怪，被同事嫁祸，被他人嘲笑，被他人漠视，努力但不成功，自己也有精神疾病。
这就是今天所有自怨自艾的现代人对自己生活的写照，哪个年轻人在网上抱怨不是这些，如果说蝙蝠侠是我们理念的放大版，小丑就是我们自怨自艾的放大版。
影片中的其他抗议者呢？粗暴，野蛮，无脑，打砸抢的脸谱化形象，他们就是无数个自怨自艾被放大的庸众。
而韦恩呢？他似乎看上去还像个正面人物，高高在上，竞选市长，有血性的为了保护孩子揍了小丑一拳，最后为保护家人牺牲。
所以看到最后我非常疑惑，这部电影到底要表现什么？有钱人是高尚正义的，穷人是野蛮愚蠢的？
电影中呈现出三种人，1 因为幸运而有钱的人 2 不幸但嘴上抱怨，自己忍受的人 3 不幸但起来反抗的人。第一种人（韦恩）被塑造得孔武有力，有责任感，有担当；第二种人（邻居女士）被塑造得豁达，幽默，友善，关怀；第三种人（小丑和其他抗议者）被塑造得疯癫，野蛮。电影在直白地锁定一种偏见，如果你是幸运而有钱的人，请你改变这个社会，如果你是个不幸没钱的人，你可以抱怨，但请守住你份内的事，你什么都做不了。
如果你是不幸没钱的人，你还想反抗？那你不是坏，就是被逼疯了。
这部电影直白的袒露着，一切理智的正常人会幽默豁达的忍受，因为他们理智的意识到他们什么都做不了。而反抗者都是坏人和疯子。这个世界还是等着韦恩老爷来拯救。
阶层固化，生活不值得，反抗者又疯又蠢又坏。这是什么内容？这不就是每天我们在微信公众号都在看的东西吗？
谁被排除在这个狭隘懦弱的世界之外了，谁就是被这部电影险恶禁闭的人。
有勇有为的反抗者。
这个社会容不下有勇有为的反抗者，系统容不下，因为他们危险。普通人也容不下，因为这些人衬托出他们的丑恶懦弱。因此我们塑造这个2019年的《小丑》，为所有的“反抗者”定下基调，他们和我们一样，不过是比我们更可怜，更坏，被逼迫的更厉害而已。
至此，所有不能低头默默忍受之人，都仅仅是更惨和道德水平更低，智力更低的平庸人。而我们虽然看上去懦弱忍耐，那是因为我们更睿智的意识到反抗也没用，也更有道德做不出丑恶的行动。而我们为何无法做些什么呢？因为我们不够好运，不是含着金钥匙出生之人。况且比起那些好运又积极的有钱人，我们还更有道德，还有什么可抱怨的呢？
一个消极，但睿智而道德的平庸人诞生了，他们被想赚他们钱的公众号、综艺节目一再强化，一再娇惯着。今天，我们拍出一部叫《小丑》的电影继续娇惯他们的平庸想象，这无疑大获成功，这已经是影史上票房最高的R级片，可能明年还会获奖无数。
他们看不到，这个世界真正改变，迈向下一时代的关键，正是那些有勇有为的反抗者们，而希望消灭这些反抗者的，正是那些同样压迫着他们的韦恩老爷们。老爷们当然乐于看见所有人都出手污名和谴责反抗者，而他们只用为这些平庸编织着令他们更为平庸和懦弱的神话或恐吓。
到底谁是疯子？电影里的小丑疯了么？他不是就是可怜，现实中的平庸人谁没有情绪失控爆发过？谁脑子里没有报复的念头，谁没有想彻底自我毁灭一番？有勇有为的抗争者疯了么？世界如此糟糕，这连平庸者自己也知道，勇敢而耐心的让这个世界改变，这有什么疯的？
谁真的疯了？将这个可怕的世界说成是美好时代的人，或是在心里认为人可以并应该忍受这一切，可以忍受高压，忍受平凡，忍受无尊严。并相信竟然久而久之，可以从这种生活中，靠理论，靠群体行为，获得美，获得尊严，获得好生活。这才是真正的疯狂吧，这有多疯狂？他们晚上不睡，也睡不着，失眠困扰着他们，他们发疯一样的消费和娱乐，他们年纪轻轻患上抑郁症，他们放弃社交和亲密关系。别忘了，还有个斯德哥尔摩综合症的概念在等待着他们。
所以到底在这里，谁才是真的疯子？
不过这终究是场意志的较量，不是票房的较量，不是声量的较量。平庸者当然想要禁闭掉这反抗的邻人，因为隐隐约约的，他们自己才是疯子。但这会不会最终发生呢。
还好这也不由他们决定。",2,https://movie.douban.com/review/12028273/
Joker,"《Joker》也許會和那些中庸的傳記片放在一起，放進好萊塢的某一種殿堂，搞不好它還會尤其因為中庸而拿幾個奧斯卡獎。
儘管導演Todd Phillips特地強調本作獨立於DC擴展宇宙，實則片方鋪天蓋地的宣傳一早就在不斷暗示，這一部電影要告訴你，男主角如何變成了所有人心目中的那一個小丑。所謂「獨立於DC宇宙」像是一則免責聲明，其用意將電影抽離出英雄／反英雄電影類別，以拍真實人物傳記的方式來創作。它的確產生了類似田忌賽馬的功用，一旦無從比較，就很難找出一個公認的標準，這是它狡猾的地方。
在《The Queen》成功之後，明星擔綱的傳記電影行成了更清晰的規範，達成了工藝上的默契。我們可以視之為時態上的修正，它摒棄了過往兩分的黑白，抑或好壞參半的灰色地帶這三種陳述方式，試圖給出複雜的人物面貌。同時，整個人生拉片式的描寫方法或事件起承轉合的戲劇推進也幾乎被拋棄，傳記片開始以人物某時間段內的狀態流動做主題，人物在兩種狀態的轉變或好幾種狀態的之間的探索遊離成了驅動電影由始至終的線索。
可這並沒能改變商業傳記片的實質。它依然是一種被好萊塢構建出來的人物標準。明星工業的運作方法，宣傳物料的表達方式，片商和製作人體系對市場和受眾的計算，流行文化的反哺，通通參與了這種構建，受眾在這些因素的影響下，在腦中形成了一種對傳記片和對這些人物的標準。
而在這個體系下，電影的大膽或保守，其實並非取決於這個劇本或人物能否沾染到的議題／元素，在於它是否能突破受眾預設的價值判斷，不是“whether”，而是“how”。
《Joker》的創作和製作方式，都延續了好萊塢眼下很標準的人物傳記片模式：有口皆碑的演技派演員，反英雄／反常規英雄的主角設置（病態的惡人其實是反常規英雄的一個極致變種，早已在漫畫世界屢試不爽），無限放大的細節和小動作。只是真人傳記電影中，要麼嚴格遵從事實，要麼嚴格遵從原型人物家屬的意願。《Joker》卻幾乎擁有絕對的自由。要表現小丑如何變成後來那個臭名昭著的反派，編導幾乎可以做任何事。我是指，人物會放進怎樣的環境裡，他們會遭遇哪些事，這些遭遇影響他們個性的因果聯繫，全部由編導說了算。
電影說，這個DC漫畫歷史上（也可能是美國漫畫歷史上）最不可理喻的奸角，蝙蝠俠從未真正猜透的對手，無因由邪惡的代言人：在一套好萊塢商業電影裡，他的惡可以「解釋」——童年遭受反覆家暴，身心俱損，在惡意滿滿的城市被欺壓幾次之後，他最愛的人背叛了他，於是他和邪惡合而為一。與此同時，那些與小丑一起出現在這部電影中，掀起大型街頭運動的路人，他們的行為卻被符號化，扁平化了。他們不只沒有姓名，沒有臉孔，沒有前因，沒有後果，甚至也沒有生命。儘管小丑的很多舉動在報復那些曾經傷害他的人，但在前景與背景的對比之下，我們很難確認，《Joker》編導關心的是「反抗」這個動作及意義。Robert De Niro扮演的節目主持人彷彿一語道破了主創們的態度：你別在這裡自怨自艾了。
小丑一開始被賦予了弱者形象，然後頻頻遭遇制度和社群之惡。這部電影看似要關懷在惡劣社會環境中的個體，不過有一些過分湊巧的，在關鍵的轉變時刻，編導很自覺地退到安全線內，小丑的重要轉折幾乎全因為他的精神和心理疾病，故事也就恰好就在這個時候，遠離了觸碰制度與社群問題的機會。High Concept或抽象，極度漫畫化的故事中，作者可以將人物的轉變推往「命運」，可一旦將整個戲劇場景具象化，想要從極度寫實的切入點去追究人物何以至此，作者卻還語焉不詳地偏向「自作孽」和「造化弄人」這樣的語調，這樣的寫法無疑是取巧且自欺欺人的。
電影上映之後，那些質疑編導支持右翼的觀點實際上言過其實了。將路人抗爭者平板化，將深層次問題束之高閣，《Joker》只是將社會運動粗暴地歸類為右翼民粹行為，而以「可憐之人，可恨之處」對主角進行居高臨下的揣測。
電影中那些雷同Martin Scorsese的鏡頭處理，帶來的問題不只場景的不原創而已。這種粗暴的拿來主義，正好反映了編導對小丑人物寫作的流水線處理和不求甚解的生搬硬套。其中的傷害，就如同多數所謂創意寫作對文學的刻板解說一樣。那樣的人物描寫——為主角設計小動作，放大他們的面部細節，慢鏡與凝視的獨角戲環節——何止Scorsese使用呢？借用Scorsese的視覺美學，無論是想提升本片的審美，還是想為公式化的人物處理添加個性，效果皆不如意。
當我們見到有喜劇演員重複周星馳的搞笑手法時，我們往往感到不適。其中的原因不僅僅是先後次序問題，手提式攝影被重複使用時，觀眾不見得會有巨大的被冒犯心理，那通常只是一種技術手法，很少脫離單純的技術具備自己的敘事，變成獨立的語言。可是大銀幕上人物描寫的方法不只是技術而已。它不僅是攝影機位置和角度在哪的選擇，在《Joker》這部電影中，它非原創的部分是搭建人物的過程，以及加諸於成型之後的華彩部份。它所使用的並非很基礎的手法，而是嘗試將許多過往標籤式的表現手法去創作一個大眾心目中十分清晰的角色，一面凸顯所謂的個性，一面冠以致敬之名，同時還要宣稱那是脫離漫畫電影宇宙，獨立成篇的，貼近真實的故事。這顯然讓人無法相信編導真的對這個角色有深思熟慮的思考。因為他的構建過程與手法並不是獨立思考和原創的產物，反而是類型化而空洞的。電影花大量篇幅去演繹「病態」，用鏡頭聚焦表演的細節，確實也轉移了觀者視線。那何嘗不是一種障眼法。
觀眾知道這個角色後來必然的歸屬，大家肯坐下來的原因，無非期待編導能自圓其說，講清楚這個故事。《Joker》並沒有使用一種平視的角度，除去它的憐憫居高臨下，那些非原創的，刻意突出的凝視，將主角推到一個尷尬的境地，同時又很清晰地保持距離。手法加劇了「非我族類」的憐憫，劇情的轉折則強調主角及那些隨後上街且膜拜小丑的民眾無藥可救，這種「巧妙」的夾角擠出了特別刁鑽的巷弄，一邊顯示鏡頭對小丑施之以人道主義的「正確」，另一邊粗暴地把社會運動打上右翼民粹標籤，迅速劃清界線。
在小丑報復時，鏡頭施加的「王者」光環，顯然是回應觀眾心理，釋放他們此前所眼見的欺壓，然後產生移情作用，在街頭的群眾群像與火光，破壞之間，加強宣洩快感，而蔑視了這些行為的結構化動機，徹底無視這些現象的前文後理，如同小丑母親的角色一樣，營造出有傾向但模糊的羅生門，皆因編導對結構，社群，個體的語境並不關心。他們只想營造出戲劇衝突，手法的扭曲加上演員的高超表演能力，《Joker》確實做到了。反而Thomas Wayne的角色一開始似乎愚蠢得不可理喻，後面卻用它者的妄想症迅速維護了他的光環，這樣的手法又轉而加強了小丑的自作自受，電影的後半截一直很聰明地左右搖擺到最後。
和許多影視劇作一樣，《Joker》不停地提供空洞和平板的符號。尤其在這個時代，或許它會獲得旺盛的生命力。在社交平台變成重要的傳播渠道之後，文化產品的評析有了新的面貌和導向。擷取符號，另做文章變成了一種非常重要的評論寫法。它本身應該脫離擷取的源頭，開拓另一個空間。不幸的是，我們往往看到這些評析與作品錯誤地聯繫在一起。它可能也向創作者給出了錯誤信號，使得「放入符號」被追捧為重要的創作方法。
拋開抽象的創作不談，所謂貼地的作品，往往由此養成一種難言的習慣。比如電視劇將不同收入的角色放入一個高級社區，如果缺乏事實建構和對結構的書寫，它不見得是要誠懇討論階層問題；影劇中放入被侵犯的女性，如果缺乏對性別議題和暴力的洞見，它也並非在真誠地討論女性權益。但沒有關係，文化產品的下游——傳媒和社交平台——會自行地擷取這些符號，無論源頭的問題是否為真，他們都可以自行就這些符號發展下去，因為符號本身具備其原本的歷史脈絡，具備其現實意義。而只要不去深究「放入符號」這個動作，似乎找到符號就是作品的成功——暫且還不論那些過度解讀的部份。
《Joker》粗暴的底層和街頭群像，無疑在這樣的評析環境裡向作品輸送了被討論的活力。它也一次性放大了評論世界早已存在的荒謬。這種荒謬的危險之處是，對社群的截面式描繪是虛構作品很基本的創作方法，無論是從虛或實哪一個角度去觀察，總有各種意義上的符號。在網絡時代之前，創作者的學習和探索歷程也是豐滿個人符號庫的過程，進入網絡時代之後，符號的積累和使用已與過去呈現斷崖式的差別。粗暴地擷取符號而分析的評論方法已經變成了自作文章和一廂情願。《Joker》在這個時代誕生，受到追捧，追根究底恐怕還是因為它以進行時時態裝載符號的姿態。寫實作品（或號稱寫實）與現實的斷裂，符號與內容的斷裂，評論者與作品的斷裂，可能才是笑話，或者我們還來不及重視它的滑稽之處。",2,https://movie.douban.com/review/10576101/
Joker,"导演竭力把主角塑造得无比壮烈，可跟剧本不相符，事实是给卑萎反派加上情绪滤镜，煽动观众们相信不合理。本片明显借鉴了先前成功且优秀得多的DC电影《V字仇杀队》，试图将其主角反英雄V的不完美与小丑的特点模糊化。虽然不喜欢超级英雄，不得不承认DC底蕴扎实。反派再可怜也是洗不白的。
一些不合适的分镜被强行运用到电影中，不知是否导演或画师生搬硬套漫画的缘故。
抛开这些花把式，只是一部普通的小人物犯罪片，然而没有抓准内核，观后除了少数血气方刚的无用沸腾，什么也没有。它很商业，也文艺，但放到两边，都不出色。最精妙的地方，是把这样一部作品投放到超级英雄受众中去，必然会引起反响，造势起来格外顺利。
这样的主题，戏里戏外，更多靠的都是政治手腕……",2,https://movie.douban.com/review/12882515/
Joker,原本非常期待，可观后感只能用失望来形容。不得不承认，这是一部很好的杰昆菲尼克斯独角戏。毕竟被全网捧得很高是事实。但是确实不是我想看到的《小丑》。原因有三： 第一，如果脱离了漫画设定也是完全没有问题的，不知道为什么还要冠上DC的名号，洗不掉蹭的嫌疑。第二，整篇秀演技，看到后面审美疲劳。一个电影，真的不需要让某个主角用演技从头贯到尾带节奏。记得看《好莱坞往事》的时候，莱奥纳多一段简短独处戏就足以让人被他的演技折服。或者平时内敛的表演方式如《地久天长》也很让人动容。整篇的表演技巧，让人看着累。尤其是在本片故事情节非常薄弱的情况下。第三，故事的推动没有说服力。小丑为什么要杀掉三个 wallstreet guy？如果只是因为他们欺负了他，那掏出枪吓一下就好了，没必要开枪啊？有人肯定会说是他之前怨气积累导致的，那按逻辑来说也是量变到质变的线性发展，怎么就突然没有铺垫的爆发了呢？毕竟之前看起来还是一个性情纯良的人，这转变够生硬。还有，小丑本身的精神疾病让他残暴易怒，他癫狂了杀了人，整个社会怎么突然就跟着他一起高潮了？能不能给点铺垫和连接？如果说仅仅是因为贫穷就可以为所欲为的打砸抢，那这样的暴徒拯救了也没用。小丑糟糕的生活和疾病的根源是他母亲，电影里这一点也说明了，怎么就变成富人的错误了？刚开始欺负他的还是和他同一阶级的小混混呢~真的，要不是男主的演技强拉，整个故事的都没法看了。写到这肯定有人会反驳说小丑的人物设定就是疯狂的无差别仇视社会，那么OK，我也承认这点。既然如此，就不要拍这种强行深刻的电影了好嘛？,2,https://movie.douban.com/review/12148453/
Joker,"看了这部电影，终于知道为什么是特朗普当选了，一群疯子的末日狂欢。

这个剧本真的是匠心独具，完全把世界割裂开，完全把人二分化。
最不合理的地方大概就是小丑活了这么些年，还能这么“单纯”，轻易相信同事，这种“单纯”只能是精神病患者才具有的，而小丑的种种行为又不符合精神病患者的行为逻辑，这是一个无解的闭环，剧本实在太糟糕了。

转：非常糟糕、非常谄媚的电影。谄媚和利用的是真正的底层人民和心理疾病者。且不说剧情与人物塑造非常程式化，我非常厌恶将一切冲突来源仅仅解释为所谓富人与穷人二元对立的行为，真正的阶级斗争比诸种简单对立复杂得多。也从不觉得以暴制暴、让世界陷入混乱是很明智的民主实践，甚至对民主本身也需要辩证性的看待。主演的演技确实高超，但和阿佳妮、甘斯布这些货真价实的疯子相比还差得远。反抗需要的是内心的自我确立，绝非砸抢打杀的匹夫之勇，也绝不是一时呈口舌之快的英雄。另外，此片的商业气息太过浓重，台词简单到像是在看小学生作文，在疯癫与理性之间也没有找到很好的平衡，看起来不伦不类、表演气息太重。疯子就应该让真正的疯子来演，而不是叫一个名利双收的正常人去扮演疯子。",2,https://movie.douban.com/review/16286930/
Joker,"从预告片开始就一直期待小丑的独立电影，结果是期望越大失望越大。
我印象中的小丑是混乱和疯狂的代表，是意义的结构——一句WHY SO SERIOUS真的会问到人心里去。
不记得谁说过，革命如果只是反抗压迫，那不过是人性，但如果革自己的命，是思想的觉醒。我认为小丑更高，他消解了一切意义。我是把小丑当做一种独特的存在去思考的，这样的存在真的有独特的意义。但在《小丑2019》里面，只有一个痛苦者的发泄而已。可能这很真实，BUT GOD'S SAKE,GIVE ME SOMETHING FUN!",2,https://movie.douban.com/review/12032869/
Joker,"不喜欢这部电影，因为剧情实在太差了，接近于没有剧情，就是底层人被欺负后反击的故事，仲间没有一丝波澜和转折，即使男主演技再好也让人昏昏欲睡。剧情这么拉跨，谁在意演技怎么样？没有剧情的演技相当于没有腿的动物，不好看。最无法理解的是男主怎么看都是智商偏下的精神病患者，他这水平怎么成为名扬天下的大反派的？
还有别老整什么隐喻和灯光明暗显示心里的，剧情都不成立+一坨屎，谁还关心人物的内心变化？亚瑟被托马斯拒绝后躲进冰箱里有什么意义？证明他是精神病吗？我早就知道了。
剧情：男主患有大笑症，情绪激动时候就会发作。好不容易混一个举广告牌的工作却被小混混们戏耍，一顿打。胖同事假装关怀小丑，给他一把枪防身，没想到小丑居然带着它去表演，掉出来后果不其然的被炒鱿鱼了。但胖同事只是打小报告，谁让你给小朋友表演的时候带枪？不带不就啥事没有了吗？错误还在自己，不怨别人。
回到家中的男主照顾患有精神病的母亲，她总是说爱慕哥谭市的首富：蝙蝠侠的父亲。男主也有幻想症，幻想着自己是著名脱口秀的嘉宾，还幻想着成为了黑女的男友
这天失业的小丑坐地铁回家看见三个韦恩公司的员工在调戏一个美女，大笑症犯了，三个员工围殴小丑，小丑开枪了，还追了出去找到逃出去的人。回到家后母亲告诉他托马斯是他爸爸，急忙前去认亲，被拒后母亲痛风住院，在医院的电视机上看见了市民在支援小丑，对抗高层。被托马斯拒绝后躲进冰箱，第二天去阿卡姆疯人院偷了母亲的病例，发现自己是捡来的，回来后黑女也不认识自己，知道一切的美好只是幻想的，第二天就去医院噶了养母。胖同事来道歉，可小丑二话不说用剪刀噶了他，又在长楼梯起舞，被警察发现，躲进地铁，警察在找人时误伤无辜群众，导致暴乱发生，亚瑟又成长了，自信的走出来。
小丑在脱口秀的直播现场中枪击了一直嘲笑自己的老牌主持人，这一行为引发全城热恋，小丑被开救护车的同志救了，至此小丑横空出世。",2,https://movie.douban.com/review/15750794/
Joker,"1 、小丑（Joker，2019）這電影病態，又由於內容空洞，所以一切也顯得惺惺作態。這名導演或編劇做出來的東西像實驗室控制變因下的成果（有個評論很具體，說劇情是瘋狂的向駱駝身上砸稻草），這裡指小丑的破壞性成因的剖析，一如不準確的史丹佛監獄實驗，遠離真實人生與人性。這樣一個充斥著破壞性，無法面對生而毀其生，佛洛姆稱之為衰敗綜合症的人，不能用史詩或輓歌的方式去談，史詩重在歌頌，輓歌重在悼念，以文章作法來形容，就是體裁失誤。
2、今年的金棕櫚獎和金獅獎評審的水準與品味驟然陡降。如果連同寄生上流（기생충，2019）一起考慮，受十九世紀資本主義發展與擴張的影響，到二十世紀消費形態的社會誕生，現代電影中經常有這樣的虛設與前提，認為：幸福來自於金錢與資源的占有，而當權者壟斷了這一切。同時認為這樣的假定是人民之所以不幸與社會悲劇的濫觴。因為把快樂與幸福（happiness）當作膚淺的欲念滿足，於是快樂與幸福就失去其本質，不再伴隨著充分的豐富的人類經驗，成為生命完善之意義的疏離形式。人民（消費者）把當權者（公司企業）視作他的敵人，作為他要毀滅的目標；消費者向公司企業挑戰，人民向當權者挑戰，要求機構回應他們的希望。不過，只是指控並不能幫助我們廓清我們的處境或改善我們的處境。這些政治人物、企業家、經理人員其實和廣大的消費者或人民一樣，同是這個疏離體系（異化）的一部分，他們與其說是這個體系的創制者或把有者，不如說是其囚俘。
3、一個人格有嚴重缺陷的人要慶幸他沒有權力，要是他有實￼權，比如給他一把槍，那還得了。還是那一句佛洛姆的話：「邏輯若不被對生命的關懷所引導，就只是乖違的智力活動。」看看小丑的筆記本就知道他思想的扭曲：我只希望我的死比我的人生更有價值。（要是烏納穆諾知道了，也必然從墳墓中跳起來！）這樣思想扭曲的人在節目直播（媒體是另一種實權）中的辯白多麼荒謬，況且還以子彈封人質疑之口。這裡我引一段辛意雲老師在莊子辛說人間世中的內容：
「支離疏者，頤隱於臍，肩高於頂，會撮指天，五管在上，兩髀為脇。挫鍼治繲，足以餬口；鼓筴播精，足以食十人。」人間世的另一則故事中，莊子說有位叫做支離疏的人，這個人是個大駝背的人。他駝背到什麼程度呢？他臉的雙頰都貼到肚臍上，他的肩膀高過了他的頭頂，也就是他的頭頂縮到了肩膀之下，肩膀都聳起來了，他的背朝著天，大腿骨夾著胸。這樣的一個身體支離破碎了，不過呢，他還能拿起針線幫人家縫補衣服，甚至於洗衣服，用這樣的收入養活了自己。甚至於鼓筴播精，就是用小卦籤幫人家卜卦、算命，足以食十人，他的收入足夠用來餵養十個人，換句話說，他能夠養活十個人。這是莊子告訴我們，就我們現實功利的角度來看支離疏這樣一個支離破碎的人士，該是沒有希望的人了吧？一個人生成了這樣子，還有活下去的能力嗎？甚至於他活下去的意義能確定嗎？在我們這樣一個需要有用的社會裡，這樣的人還有用嗎？然而支離疏並沒有喪失他自己的生活活力，他自信用他的天賦、他的長處幫人縫補衣服、洗衣服以養活他自己，甚至於他卜卦、他算命，不只養活了他自己，還養活了十個人。這句話的意思也就是說，人的重要性是要能夠認識自己天賦的特長，而不是依附在現實功利社會的價值底下，要社會的眾人認為自己好才是好，認為自己壞就是壞。在這個自我認識的前提下，我們作為一個人一定有我們特殊的用處，而這也就是李白說的「天生我材必有用」的意思。
另引佛洛姆，基督教義的心理分析，四、革命者的性格：
革命者的性格是與人性相認同的，他也有深度的「對生命的敬重」——用一句史懷哲的話，是「對生命有一種深切的愛與親切」。確實，就以我們同其他動物相似而言，我們是執著於生命而抗拒死亡的。但執著於（clinging）生命與愛生命完全不相同的事。如果我們思考到下面這個事實，前述的意義就變得更為明顯，即是，有一種型態的人格是被死亡、毀壞和衰滅所吸引，而甚於被生命所吸引的，希特勒就是歷史上的一個好例子。這種型態的性格，用一句烏納穆諾的話，可以稱之為戀屍症的（necrophilia）性格。一九三六年，烏納穆諾對佛朗哥的一個將軍的作為曾以這句有名的詞彙來回答，而後者愛用的口號乃是「死亡萬歲」。對於死亡與毀壞所感到的蠱惑，可以是一個人所沒有意識到的，然而，卻可以從他的行為上推論出來：將生命窒息、壓碎和毀壞所給他的滿足，就如同愛生命者再使得生命生長、發展時所感到的滿足。戀屍症是真正的倒錯——是當一個人還活著的時候意圖毀滅。
4、比對阿瑪迪斯（Amadeus，1984）迴盪於宮殿廊道中對世俗價值輕蔑的響亮笑聲，小丑的笑深度不足，聲音嘔啞嘲哳難為聽，而且，只准許自己笑。即便瓦昆菲尼克斯設計了幾種笑法，也不過是數量的變化，不是質的深化。
5、電影故事將小丑的異常形象化為臉上的怪笑，然後歸因於病理因素，包括病態的家庭和大腦受損。我就納悶，若不是歸因於此，電影中這樣的成人就是個變態，不是嗎？以「丑」角來說，電影中出現了卓別林的資料畫面，而其父是酒鬼，母親是瘋子，卓別林是在戲班子中長大的，他是怎樣收斂自己的苦難轉化為歡笑的，然後寄諫其中。再說，喬斯坦賈德紙牌的祕密（Kabalmysteriet，1990）中的丑牌象徵舉世皆醉中獨醒之人。在余秋雨中國戲劇文化史述（1985）頭兩章中陳明，從遠古巫覡到中古滑稽的科白戲，演員擔負「談言微中，亦可解糾紛」的責任，在嘲弄、諷刺之中，還能托諷匡正，於是「可笑的衣衫，醜陋的面容，不經的言詞，三下兩下，竟然掮起了沉重的歷史課題」。而「小丑」在小丑這個電影中，卻一無深意，且毫無主張，不過是淺薄的隨機殺人犯，病因是合理化破壞性的借口。故事主人公需要的是醫生，不是觀眾。
6、小丑可以說是在亂世中由民間所推的一個共主，可是由於缺乏真正的主張與理想，所以甚至不及水滸傳的草莽。即便是共主，裡頭還是有王霸、義利之辨，況且小丑根本不能稱之為霸主。伯夷、叔齊反對周武王，周武至少還有建築未來世界的藍圖，小丑胸中並無大志。
論語里仁第四
子曰：「君子喻於義，小人喻於利。」
孟子公孫丑上
孟子曰：「以力假仁者霸，霸必有大國。以德行仁者王，王不待大，湯以七十里，文王以百里。以力服人者，非心服也，力不贍也。以德服人者，中心悅而誠服也，如七十子之服孔子也。詩云：自西自東，自南自北，無思不服。此之謂也。
采薇歌
登彼西山兮，采其薇矣。以暴易暴兮，不知其非矣。神農、虞、夏忽焉沒兮，我安適歸矣？于嗟徂兮，命之衰矣！
7、有人說亞瑟的心靈與尊嚴受到脫口秀節目嘲諷的傷害，所以能理解他開槍的緣由。可是回看同為媒體的查理周刊事件，大眾真的就站在開槍的穆斯林那一邊了嗎？電影中大眾接受的價值，叫好的片段，放在現實情況中顯得多麼矛盾。",2,https://movie.douban.com/review/10646516/
Joker,"从演员表演、叙事手法、剧情结构、镜头艺术上这部都可以称之为佳作。
但是他的主题内核感觉有些模糊…
 对于爆米花电影来说他太高级了，把一个沉重的政治阶级问题融入影片内核，遗憾的是并没有很好的把握方向。
而对于一部严肃作品来说，他又显得有失分寸。
如果说V字仇杀队还能够感受到热血，那么小丑我只能感受到黑暗和压抑。

小丑的恶其实是一种无秩序的混乱邪恶…，小丑这部电影想要表达不仅仅是小丑如何成为小丑，反而有些“官逼民反”的感觉…

不知道导演是有意还是无意，但都把这种阶级对立的意识形态给融入到这部电影里去了，而且这种融入在我看来并不高级。这并不是在表达我不认可这部作品在某些方面的优秀…只能说主旨核心放错了人物身上。
只能说导演的野心有点大…？
这部影片的煽动性确实存在，导演在意识形态的把握上确实存在不妥之处。
任何一个影视作品，都是有力量的，电影的出现拉长了人生的长度。任何影视作品都能够对社会产生影响，由于拍摄地初衷以及受众面不同，其影响的深度与远度也有所区别。

再次强调从这部作品上来看，拍摄手法、镜头语言等等等等都算得上佳作。
但是为惨而惨的小丑、为了彰显深度刻意强调阶级矛盾，邪典片的内核、文艺片的包装、商业片的推广，如果这些都是刻意而为，那么制片方、导演、编剧这三者非蠢即坏。
这已经不是单纯的DC小丑粉丝的狂欢了。
由于强烈的意识形态，反而让它成为了反社会题材电影。
但反社会题材电影不应该只让人觉得好看，而是需要在一定程度上让人对惨无人道的罪行感到恶心，才能起到一个健康的平衡。

我喜欢的不可不看，但不可再看的《索多玛的120天》，关于这部影片并不想多说什么，有兴趣的可以看一下…强烈推荐，用文字真的很难平和的讲述这部电影所带给人的感受。这部电影想要表述的太多，也给观影者带来太多的震撼，我爱这部影片，但我也同意它理应被禁。
另外一部不可不看的《发条橙》，它将矛头毫不留情地直指社会意识形态，将自由意志与社会意识形态表现得十分极端，令人反思暴力在社会层面上存在的价值和意义。
包括暴力题材《天生杀人狂》，也能够从里面得到关于人性的反思。
我提到的这几部影片也都算是能够在电影史上留下浓墨重彩的作品。哪怕是我没有提到的《大逃杀》、《饥饿游戏》也都很好的中和了阶级矛盾与剧情内容。

这几部电影中主角们有的具有纳粹主义行为，有的进行无差别屠杀，而有的也只是进行暴力宣泄而已，这些都是无法用常理解释的罪行，也让常人无法理解。他们大多数是反社会人格，他们并不是社会上的单纯弱者，我们也许会对他们的身世背景有些许可怜，但他们的行为很难引起共鸣。
但小丑不是，这部电影小丑被塑造为饱受欺凌后奋起反击的社会弱者，他是革命暴动的反英雄，他有着一大批青少年粉丝，而他的无辜、他的蜕变让人觉得——欺负他的人，都该死、都是罪有应得。

小丑亚瑟身上的人物逻辑硬伤，原本应该处于人格障碍中的一系列负面情绪都没有（明显）展现出来，反而太过善良。他的表现更多是低能、自闭、甚至有抑郁表现。而这与黑化后的小丑人格毫无共通点。

之后又刻意美化暴力行为。将一切暴力渲染为“弱者的反抗”，“底层社会人民的觉醒”，电影大部分时间都在讲述别人如何伤害了亚瑟，试图引起共情。同时，从没有成为小丑时灰头土脸没有时尚感的亚瑟到后来慢慢转变为男模小丑，镜头越来越诗意，BGM也随之变得惊艳。

而两次地铁杀人也都把这种“社会边缘人物的对抗”提高到了“阶级矛盾对抗”。但反观电影开头与小丑发生矛盾同样处于中下层的小混混们在影片中后期又成为了小丑的支持者。所以导演到底想要传达一个什么样的精神内核呢？

这样的故事看似合理，但实则是在对有心理障碍的群体的利用。

小丑因为自己的疾病而杀人，最终被一群有暴力倾向和私心的暴徒利用裹挟，被簇拥成了“领袖”，这都和他最开始的杀人目的相悖。他是因为身患疾病，但心中有对正常生活的渴望，才一步步被逼向绝路。连他自己都说“我对政治毫无兴趣”。但他的追随者和反控者们，是出于怎样的心态到街头烧杀抢掠呢？他们真的都是如同小丑一般可怜的人吗？在他被支持者围绕成为真正的小丑的那一刻，到底是他操控了暴徒，还是暴徒操控了他？
而这一切的一切加起来，就是一种社会煽动。
而反观之前DC电影中的小丑，他的混乱、残酷、冷静、智慧在这部影片中荡然无存。
就像小丑曾经说过：他喜欢混乱。
极度的混乱才能实现真正的公平，他就愿意看到人们之间的争斗，这种公平恰恰是法制所做不到的，而法制所追求的，真的就是公平吗？
小丑是一个有纯粹信仰的犯罪大师，追求彻底的混乱就是他的信仰。有信仰的人是很可怕的，小丑可以为了这个信仰不择手段，不为钱，不为权，不为人们所在意的逻辑的东西干扰，“一个人越接近本我，他就越强大。他们不会跟你谈判。因为在他们的世界当中就剩下一个人，就是他自己！唯有暴力与实力能够压制住他们，但是他们内心如此执着于自我，以至于他们的内心世界十分单纯，专注力和思考力惊人的集中，所以这样的人能够称之为最强的人。”为了达到目的，可以因为被蝙蝠侠扔下烂尾楼而兴奋地大笑，可以直面冲过来的蝙蝠摩托。
我们为什么喜欢小丑？
在1940年，《蝙蝠侠》的作者杰瑞·罗宾逊想创造一个可以匹敌蝙蝠侠（类似于福尔摩斯和莫里亚蒂教授那般斗智斗勇）的超级恶棍形象，这将是一个可以持续不断为蝙蝠侠制造麻烦的存在，一个恶魔般的邪恶而同时滑稽的小人。他从手边的扑克牌上找到了灵感，为角色取名为“小丑”。

另一位作者比尔·芬格认为，仅仅让小丑拥有反常的思维，这个角色的形象是不够完整的。他参考康拉德·维德在1928年电影《笑面人》中的剧照完善了小丑的外貌，赋予了小丑可怕的笑容，随后写出了小丑登场的第一个剧本，鲍勃·凯恩和杰瑞·罗宾逊一同完成了作画。就这样，小丑诞生了。
这样决定了小丑所塑造的人格魅力，他的犯罪方式带着一种戏剧性，从不按套路出牌，他骨子里的神经质和不可捉摸性使他每次出场都伴随着惊喜，比如漫画里设定他是一位射击高手，随时带着枪，但丑爷的枪都是假的，大部分时间扣下扳机枪口都会蹦出一面旗子。

所以正是这种极为反常的行为，且坏到极点而不现实的“单纯坏”，才会将其魅力更加放大。

这只是小丑受欢迎的原因之一。
而在TDN中，TDN又为小丑增添了新的人物内核，小丑想要的是毁掉哥谭市的光明精神——丹特和蝙蝠侠，他做到了，成功让蝙蝠侠背负黑暗，代价是自己也面临一辈子的牢狱之灾，他巴不得蝙蝠侠杀了他，因为这样蝙蝠侠就违背了自己的原则和道德底线，成为了和自己一样的人。
小丑是一位心理学大师，也是一位赌徒，他善于挖掘人性的弱点，善于制造情境将对方置于两难境地，他并不是靠实力压制，而是精神压迫法。

所以我们也清楚明白了他为何而战，小丑和蝙蝠侠，他们都在为哥谭市的精神而战，区别在于正与邪的极端两面。

最终，正义的蝙蝠侠因为他变成了黑暗骑士，蝙蝠侠老爷可以背负黑暗才能在黑暗中崛起，而小丑的伟大之处，在于他对故事和主角有着深刻而具体的影响力。简单而言，他可以改变一个人。

不光是蝙蝠侠，连超人也是如此，在游戏宇宙《不义联盟》中，小丑利用稻草人的恐惧毒气扰乱了超人的神经系统，使超人认为自己一直在和毁灭日战斗，但是实际上他打死的是自己已经怀孕的妻子，后来怒火攻心的超人在一气之下一拳打死了小丑，从此导致大超堕落黑暗，成为不义超人。
小丑的行为模式，是反常且不现实的，但小丑的行为结果，是现实且深刻的。二者合一，才是小丑的完整魅力体现。
如果说之前的影视作品积累起来的小丑人设是一座大坝，那这部小丑则是在大坝上铸了一颗小洞。
制片方OR导演OR编剧，试图在这部电影中加入阶级的谈论与对抗，他把无秩序的小丑变为了DC版的“官逼民反”，而小丑则是被“逼上梁山”的国民偶像。融入了强烈的政治意味与阶级矛盾。
但你要清楚，小丑是一个什么样的IP，他拥有巨大的粉丝量，无数的青少年粉丝，甚至有无数的自媒体争先恐后的进行吹捧。
的确他的服道化、演员精湛的演技，优美的镜头语言确实可被视为佳作。
可他内在的故事内核呢？可以的激化了阶级矛盾让暴力有理可依，甚至让人觉得暴力无罪。而承载了这样故事内核的同时，故事主角上的逻辑硬伤却导致了不能够良好的承载。
导演曾经一再强调的那样：这部电影并不是讲述小丑的故事，而是一个人成为小丑的故事。

但剧中的亚瑟真的是一个“人”吗？明确意义上来说主角亚瑟并不是一个正常人，在悲惨的原生家庭环境下，他患有复杂的精神疾病。最为突出的就是他会不受控制的放声大笑，这种病态的大笑原本就是小丑经典的招牌动作，而剧中除了大笑、自杀倾向、以及情绪低落、自闭状态、幻想我们并没有看到他与之后的小丑有任何共通之处，这些都可以被我们称为：小丑是疯子是反派，一切的不合理都可以被冠以反派的特色来解释，没有人会去深究。
我喜欢小丑，但我并不喜欢这部影片。
导演菲利普斯曾经表示，拍摄《小丑》，很大一部分原因是想探讨这个世界缺乏同情心。“小丑的目标并不是想看到这个世界被毁灭，而是世界的重生。”
但这种内核在这样的人物设定下并经不起推敲，而这样沉重的现实主义题材也不应该这样轻易地放在一部商业片中进行讨论。
导演试图让人产生共情，让人产生一种狂欢的复仇快感，实际上很多人也能够产生共情，但在这种概念偷换下，电影中所传递的价值观到底能给我们带来什么呢。
他想让它变得深刻，却没有把握好其中的分寸。
我们可以狂欢，可以宣扬暴力美学，但我们不能助长这个世界中的黑暗面，就像标题所说的一样。
就算世界已经疯狂，暴力也不能成为最后有效的语言。",2,https://movie.douban.com/review/12029101/
Joker,"杰昆个人秀，但我怀疑他自己都不知道自己在演什么，一种炫技式的表演，没有根底没有现实基础的人物塑造。

你说这是个反思阶级矛盾的片子吗？是个抨击社会丑恶的片子吗？好像都不是，亚瑟是一个可怜的底层人，他的处境可能有一些社会的因素，但是他身上也并没有多少值得一提的闪光点，足以支撑他站到一个道德制高点，或者说丑恶哥谭的对立面，去抨击华尔街精英，抨击脱口秀主持人，抨击冷漠的大众。他就是干啥啥不行，没人喜欢他。这种人社会上挺多的，不能说没有现实基础，但是这和你上节目控诉那段儿有什么关系呢。说难听点，亚瑟这个人物就是倒了霉你也对他同情不起来。
一开始把亚瑟设计成一个精神病，实在是一步臭棋。公交车上哭哭笑笑，去给小孩演出还把枪掉地上，就这种人我路上看到我也绕着走。你说他可怜吧是有点可怜的，但是你说我同情他吗，你说我会因为他控诉社会的不公吗？也不见得吧。

这个电影最后呈现出来的就是一个混乱的城市里诞生了一位混乱的精神病人。然后这个精神病人开始报复社会。你不知道编剧和导演到底想表达什么。
但是话又说回来了，现在这个时代你怎么拍小丑，确实很不好拍。诺兰的小丑最看不起就是阴谋家，但是你看他搞的这些个机关，搞的诡计，那么多大型装置（就说光天化日之下给医院里安那么多炸药，这合理吗。这其实也是爽剧拍法，让你正面人物永远棋差一招，跟观众打信息差，至于合不合理他不管）你说他自己不是个阴谋家吗，我看他太阴谋家了，把蝙蝠侠和戈登耍得那叫一个晕头转向。这种拍法已经登峰造极了，怎么办，那我干脆就拍一个纯粹的疯子，一个妄想症患者。城市的混乱最后很难说是他引起的，他就是发自己的疯。
你说这样拍好不好，反正我觉得不好，而且是这么些年了，越咂磨越觉得不好。",2,https://movie.douban.com/review/16452912/
Joker,"有哪些被捧为神作的烂片？

这个问题就是给这部电影准备的：《小丑》。

很多烂片确实烂，烂得一塌糊涂。包括近年来一些票房高的吓人的电影。但蜂拥而上都去买票不等于被捧为神作。

这个玩意在豆瓣上至今保持着一百多万人打分，8.7的成绩。

真的，不配。

这个电影烂，真的很烂。三观已经烂透了倒在其次（编剧暗示人穷志短不仅可以考虑上梁山还可以在城市就地当恐怖分子，大隐隐于收容所。这种三观！），主要是剧情太水太脑残了。

诞生小丑这种影史最伟大反派之一的深层次原因居然是这货控制不住笑而不被人理解？这个把人性中的恶以哲学化，艺术化的犯罪手段展现出来的大拿在成为小丑前只是一个底层贫民？
亚瑟何以成为未来的小丑？
找不到工作？

跟他娘关系不好？

这说得通么？受压迫还能把人的智商，哲学素养和学识给压出来？在蝙蝠侠和钢铁侠里，编剧可是堆砌了几乎无穷的物质财富才勉强让观众相信主角能有电影展现出来的能力和智识。小丑这样一个在能力和智识与布鲁斯韦恩不相上下的角色，只是一个受母亲虐待生活失意的底层？

世界上比这惨一百倍的人多的是，怎么没人变成小丑那样的反派？我明白哥谭市的秩序已经乱透了，但哥谭市民不至于每一个人智商也乱透了吧？小丑以后高智商犯罪编剧能不能端着饭盆出来解释一下？他这个怂样怎么精准把握人性中的恶的？智商这种东西也可以用精神分裂去糊弄过去的吗？这是小丑的身世，不是马加爵的身世。
所以，电影对于小丑身世的展现，完全是苍白的。电影很完整地展示了一个底层精神障碍患者的痛苦，却没有一个画面告诉我们他何以成为那个另所有人胆寒的小丑。

看看08版黑暗骑士怎么处理小丑身世的。像这样的反派你瞎编啥深层次原因都只能显得自己无知和浅薄。合适的处理方式应该是，开放性的，让观众自己猜去。

一枪崩了罗伯特德尼罗，编剧就觉得秒杀《出租车司机》自己可以高潮了么？编剧和亚瑟（剧里头小丑的名字）俩人到底谁有精神病？

亚瑟幻想出和女邻居谈恋爱泡沫破了跟他变成小丑有毛关系？编剧被自己的暗恋对象骂癞蛤蟆想吃天鹅肉以后想出无痕迹抢银行的大招来了吗？

这个精神状况和智力商数的小丑能制造出以后那么多堪称完美的犯罪？就冲他上台表演那样，第一次犯罪跑不出五十米就被逮住。以后想行贿牢头都不是那块料。

观众产生共鸣了么？哪位观众从哪方面跟亚瑟产生了共鸣我特别好奇。我觉得针对这个奇特现象可以写本心理学专著。

这片那么多人叫好……诶",2,https://movie.douban.com/review/14435979/
Joker,我只能给男主的演技评满分，这个电影大众和亚瑟两条线的割裂让我看得很不舒服。亚瑟的各种行为有自身经历的特殊性，他渴望家庭温暖，希望受人注目。穷人们被小丑的杀人行为挑动仇富情绪，我认为和亚瑟本身并无强烈关系。影片中鲜有提到其他穷人的生活状态是什么样的，总不能都和亚瑟一样自幼受虐，精神失常吧？影片缺乏一种连接，那就是穷人群体与亚瑟共性的描述。我只见得地铁事件成为了导火索，但不知为何能构成为导火索。这种感觉让人对结尾的高潮有种割裂感，对亚瑟来说他受到了关注，但这种关注不来自于他自我真正的表达，对穷人们来说他们获得了宣泄的机会，这个机会与亚瑟无关，只与与一个冲动的小丑有关。既然这个电影比较脱离DC主流设定，我觉得对哥谭市的历史以及社会现状是需要一定铺垫的。,2,https://movie.douban.com/review/12035095/
Joker,"这版小丑细致描述了整个人物滑落的过程，里面充满了解释的意味，似乎主创始终在努力给大家絮絮叨叨的ppt，你看他虽然恶但也有恶的原因，说到底不也是个可怜人吗？他想要什么？不过是逗大家笑，成为一个喜剧演员，可就连这么简单的要求都做不到，还有精神问题，从小受虐待，可怜的不要不要的，是吧？是个屁！卧槽，这简直太！傻！逼！了！
人家小丑用得着你们可怜吗？想想灭霸牛逼就牛逼在我的意识是一个独特的存在，我要搞你们，我就是要搞你们。我就要用自己的意识去碾压你们的意识，这才是他狂的原因。
你好好想象电影表现的这种心态是多模熟悉，分明就是“他虽然不对，但是别人分还先动手的”“他杀人时很可恶，但他也很可怜”翻版。咱能不能别这么同情心泛滥同理心缺失？你们是从小也没妈吗？人活着总要有点脑子、带点勇气，和生活的对手掰掰手腕吧？一句话，你拍拍心窝问问自己，那一个人不想活成一个更加值得爱的人？哦，被生活碾压了，当场跪地下投降了，这是个啥？？？
“小丑”这个角色之所以强大和经典就在于他不需要原因，没办法定位，是恶本身，这是多牛逼的设定。可是这版电影里，无论花费多少笔墨，也不过是一个底层，被社会蹂躏然后就崩溃地一路向下，所有兴为依靠本能，完全没有人性的韧性，一副懦弱的皮囊，靠着一路崩溃，再举着一个把别人给的手枪，这和中国幼儿园门口砍杀小朋友，公共汽车上放火的废柴有他妈任何区别吗？您好歹找个硬对手嗑一磕，社会要你沉沦，你死也要梗着脖子，我也敬你是一人物。失败！
另外，抛开电影人物，不可否认，小丑这样的人是有一定市场的，但在你自暴自弃的时候能不能稍微保留一点理智想一想，摧毁永远不是重建，除了一点点情绪上的发泄，并不能令世界美好，也并不可能令你得到相好的改善，希望每一个人都能明白这一点。",2,https://movie.douban.com/review/10646987/
Joker,"据说在美国，漫威和dc都是拍给15岁以下儿童看的，孩子哭闹打人摔东西怎么办？带去电影院，一部漫威电影+可乐汉堡爆米花，马上就乖了。
走感情牌，打动不了剧情片观众，走犯罪题材，犯罪片观众不买账。冲《蝙蝠侠黑暗骑士》情怀去的观众更是失望透顶 。
有人说人性剖析得好，对不起， 人性剖析？我真的是看不出哪里剖析人性了，远景镜头太少，压抑气氛太单薄，小丑的个人经历描写太少了，他又没失忆，为什么还要去看母亲的病历才知道自己是被收养的？如果加一点母亲早年的病态懦弱描写镜头会更好，可惜回忆就一个镜头，呆坐。连哭泣和内疚都没有。作为一个观众我想问，一个女性会在生活重压下收养一个孩子，动机在哪？为什么对孩子被虐待毫无反应？母亲和韦恩之间的关系究竟如何？
和社会保障心理医生谈心，没有拘谨，没有敞开心扉的渴求；服用大量精神控制药物没有镜头；服用药物后的副作用和正常人之间的冲突镜头也没有，演绎脱口秀那段戏的时候我怀疑编剧可能真的没有根美国真正的脱口秀演员做采访过，完全不像那么回事。他的黑人女朋友也不值得像《黑暗骑士》里诉说的那样，为她划开了嘴巴。本来去儿童医院表演是一段体现小丑才华和生活热情的桥段也没拍好，还记得《闻香识女人》里飙车、餐厅跳舞那两段戏吗？当happy和韦恩在厕所相遇，本来是感情戏最好的段落，可我愣是对happy怜悯不起来，导演活生生放走了电影最容易表现人物丰满的机会。
从社会、家庭压抑到”自我放逐“，这个过程真的不如《天生杀人狂》，对普通人的细节刻画赶不上《绝命毒师》，对人情关系的冷漠理解比不上《夜行者》 。",2,https://movie.douban.com/review/10646479/
Joker,"看完真的完全理解了特朗普当总统的秘诀。个人对于这部电影观感非常非常差，简单来说我认为是精神内核的问题。一个糟糕的人生，一些触动神经的灾难，让一个底层男性崩溃，最终从偶遇的精英人渣开始，到对自己差劲的妈妈，到对自己苛刻的老板，最后是嘲笑自己的脱口秀主持人，（最后带血的鞋印是不是审讯的女警察我不下结论）反正就是杀死六七个人，但是前面铺垫下男主又是真的很惨，所以我猜很多人会对男主共情，这是我认为最最糟糕的结果。我认为相信“罪犯都有悲惨的人生”本身是没问题的，但是绝对不能因为这个理由给罪犯开脱，处于底层的何止这么几个？而且这部剧的男女处理我也很不满意……主角是男的，生活悲惨，全世界都对不起他，男性视角强烈。同时他跟踪女邻居，还擅闯邻居家进行威胁，我不理解，这是弱者对更弱者的一种压迫。
电影毫不忌讳地展开对男主人生的解析，我看完只觉得汗毛倒竖。",2,https://movie.douban.com/review/14974972/
Joker,"刚刚看完 Joker
社会嘛
一群人统治另一群人
亚瑟觉得自己也和统治的那群人一样可以追求一切拥有自己的快乐。
没有的，men are created equal. 至少现在不是。
亚瑟的例子确实过于极端，最后也完全脱离了自由的界限，你能做的，任何一个人也能做，这才是自由，人人都能杀人，社会还没进化到那种境界。
另一方面，统治阶层确实做得很糟糕，安抚民心不做，去说下层人民是小丑，还说自己是他们唯一的希望。十岁小孩吗？
哥谭的陨落，你以为是罪犯肆意妄为？明明是最powerful的人能力跟不上。
这是奴性思维吗？认为现在社会还是统治与被统治？
西方人确实做了很多基于men are created equal的事，但显然，西方的社会分级更明显，自己走着精英政治的模式。
我既然不会成为统治者，起码要跨出现在的阶层，去享用更好的资源。
再说说这部电影。内容来说，就是一个本身有一定非正常的问题的中年人，心里期盼着人与人之间最基本也最美好的那些情感，友情亲情爱情，还有信任尊严。
但他一一失去了，还遭受了谎言和背叛。
亚瑟就是一个小孩，让对自己好过的侏儒离开。
但他也就是一个小孩，没有做好自己的选择，没有考虑是否真的有建立这些关系的基础，在各种谎言的围困中，也稍显草率地杀了自己的妈妈。
或许这只是一个未受过社会毒打的学生的幼稚想法。",2,https://movie.douban.com/review/14695741/
Joker,"新中国成立之前中国有过许多次农民起义，因此不能说中国人没有反抗意识，用暴力是最本能的反抗方式。
但失败总是大多数，而就算胜利了，也不过是又有一个新的皇帝上台，重新建立一个早晚会被其他起义者推翻的王朝，为什么？道理和小丑一样，没有真正抓住阶级斗争的本质。
这个片子的核心在好莱坞不算少见，就像他的双胞胎“反战”题材一样，毕竟好莱坞还是民主党的票仓。
但，除了上街打砸一番，他们给不出更高明的解决办法（每次砸完就解气了），因为他们还是爱美国的。",2,https://movie.douban.com/review/13911116/
Joker,"电影反映的其实是阶级矛盾与寡头垄断等社会问题。电影里还未长大的蝙蝠侠将来打击罪犯、门阀时，似有杀富济贫的味道。
他是革命者吗？
要知道在DC宇宙，高潭市最大的寡头是维恩集团，蝙蝠侠想要消灭自己吗？不，他要拿这些钱稳定自己的人设。
那反过来，在底层反抗的小丑是革命者吗，也不是。
他针对的仍是和他的阶级不相上下的同事、地痞们。他就像是台湾某个新闻的某男子（“某男子生活不顺，提刀砍向孩子”。）
电影假设他反抗了家暴的母亲、嘲笑他的人生导师、在地铁调戏女子的维恩集团的职员。但他们现实社会进攻的会是亚裔、老人、病人、女人。所以他反抗了个啥？
美国此类的电影很多，如《V字仇杀队》、《守望者》，加上浓浓的反思滤镜，让大家以为这些就是神剧。《V字仇杀队》中有一句台词“政府应该怕人民”，这大抵是最low的台词了，这届政府不是你们选的吗？这种反抗都不如旧民主主义革命更有意义。当然港毒大抵会全员高潮吧。
漂亮国的人民反抗一直抓不着重点往往是因为：漂亮国的阶级等级构成不能用金字塔理论来看（底层、平民、中产、高层、最高层），而是要用条型图，这些富豪、统治者没有被放在最上面，而是隐藏在每个长方形的内部，每个长方形被代表成一个族群，如红脖子、白左、基督徒、黑人、亚裔、同性恋、拉丁裔等。漂亮国人的反抗往往从反对某一事件到某一阶级，最终变成了攻击某一群体，参照最近的黑人暴动怎么变成打砸抢，最终变成攻击亚裔。
所以漂亮国这种反思社会矛盾的电影依然停留在启蒙阶段（建议派政委），或许有人明白但也无法言喻，毕竟真正懂行的黑豹党领袖早早就用99颗子弹自杀在自己家。",2,https://movie.douban.com/review/13538832/
Joker,"男主的表演无疑是完美的，然而...这个小丑简直太特么正常了！他那点莫名发笑的精神病和妄想症并没怎么影响他全哥谭最正的三观。
这小丑并不是恐怖分子，不是犯罪艺术家，只是普普通通一个间歇性精神病杀人犯，杀人动机杀人手法都再简单不过，放在任何一部刑侦片里都撑不起剧情那种。
有仨人围殴我，我有把枪，于是把三人崩了。我同事好像陷害我，还可能要告发我，我把他捅了。我妈从小虐待我，还骗我，我闷死他了。我心心念念的偶像只把我当笑话，去死吧。
为什么全哥谭无业游民都以为我图腾呢？我只是崩了三个金融民工啊？算了，关我屁事！我的梦想是不是让哥谭堕落？你说啥呢，有毛病吧？我只想上电视而已。
俩警探好像怀疑我了，没事只要不接电话，他们就找不到我，虽然我每天都在家，但他们只想在街上和我偶遇。
为啥全市都反对韦恩，他还要竞选市长，还要发表一些阶级对立的言论呢？不知道，可能他才是想制造全市混乱的人。而我就想知道他是不是我爸爸。不是？不是就算了…
为啥我捏小蝙蝠侠的脸，他一点反应都没有呢？不知道，可能傻了吧，这孩子从头到尾都是个面瘫，真想把我的病传染给他。不过我是个好人，不能在小孩子面前揍阿福，我跑了。
为啥我的心理医生是个复读机？这水平裁撤就裁撤了吧，可能病情比我还严重呢…
你看看，这剧情只能用两个字形容，就是特么的正常。全哥谭都疯了，只有亚瑟保持着正常的脑回路，只是有点爱尬舞罢了。",2,https://movie.douban.com/review/13374439/
Joker,"先说总结，这家伙不是joker，只是一个施暴者。
大概就是你们对我都不好，我很生气这种。
joker是什么？是一种荒谬感。不仅是生活上，更是精神上的那一股荒谬的原力，信念的崩塌。具体来举例的话，唔........这个得自己慢慢琢磨。
我在16岁左右对一个老板娘说过一句话，傻子太多了，聪明人尽管去骗吧。她当时好像很有感触。哎........我现在发现我变得越来越笨了，真的也是充满了荒谬感。也是迎合了最近的网络热词“小丑竟是我自己”这种。
但剧里面这家伙不是，这家伙就是一个施暴者，以德报怨，何以报德？以直报怨，以德报德。给这家伙多点关心多点爱，肯定立马就痛哭流涕悔过自新了。拜托，就这业务能力小丑个鸡儿。小丑必然是个对人性，对社会，对哲学都有深刻理解的人，这种人才能接触到深渊，进而被深渊污染。哎...........
（看了南方车站的聚会，在中国这就是这种小丑的下场。另外，我觉得楼梯跳舞那张海报，把名字换成呐喊好像也挺合适，虽然挺无厘头的）",2,https://movie.douban.com/review/13340310/
Joker,"这是一篇迟来的影评，2019年《小丑》上映，2020年我才看过，在2021年写下这篇评论。
因为之前我看完后没有思考太多，只是沉浸在亚瑟的悲痛和Joker美丽的疯狂里，今天我看了《致命玩笑》，两个小丑的悲剧人生引发了我的思考，结合我之前看过的一些或褒或贬的评论，今天我来探讨一个问题：什么是有意义的疯狂？
有人觉得这版的小丑比之前的逊色，因为之前的小丑是纯粹的疯子，而这版的小丑是个出生于底层的神经病，我不这么认为，我认为这版的小丑，他的疯狂是有意义的。
“疯狂”已经是个脱离了意义的词，小丑一生都在摆脱所谓的意义，打败所谓的意义，但是作为一个人，一个个体，一切精神形态的形成和改变都是可以追根溯源的。就“意义”这个话题展开，为什么华金版的小丑是“有意义的疯狂”呢？
如果一个人，从生下来就是个疯子，但他的生长环境很好，衣食无忧，也没受过刺激，只是自发性的、无杂质的疯狂，不需要引燃就能自爆，这种疯狂是纯粹的，更容易被某些人接受，因为不用接受良心的拷问，不用看到犀利的批判，但是作为艺术作品来讲，这是没有意义的。人们总是能接受悲剧的正义角色，却不能接受悲剧的反派，因为“不该为罪恶找理由”，但他们的——小丑以及诸多反派的罪恶，是空穴来风吗？刻画他们的身世背景，仅仅是为了给他们的罪恶找理由吗？
如果一切作案动机都是为了洗脱罪恶的包庇行为，那么为什么还会有犯罪心理学？小丑这部电影，也可以看作是一部经过艺术化的犯罪心理电影，可以让人们更直观地了解一个“罪犯”的心路历程，这样贴近的直接的代入方式或许让某些道德高尚的观众不适了，从而破口大骂：“小丑就是个报复心重的反社会人格！”“这个小丑一点也不疯狂，也没有能力，只是太软弱太偏激了！”“每个人都很辛苦啊，他为什么不能像别人一样乐观一点？”……
真的是这样吗？
遭受挫折后重塑自我的小丑，华金这版并不是第一个，《致命玩笑》里的小丑起初同样也是个社会底层的边缘人，为了让妻儿从陋室搬到比较好的公寓，他不怵带上红头套去犯罪，但在实施计划的那天，他的妻子却意外去世，可怜的小丑甚至没有时间去悲痛，就被两个怂恿他的同伙拉去作案，因为失误，他们被警察抓到，两个同伙忙不迭称自己没有责任，戴着红头套的才是老大，这时蝙蝠侠赶来，小丑手足无措跳进硫酸池，当他狼狈地爬到岸上后，已经变成焕然一新的邪恶的精神代表。
致命玩笑里的小丑跳进绿色的硫酸池，华金版的小丑在洗手间的绿色灯光里起舞，象征着死亡的绿色，却给了每个平行世界的小丑新生，他生来便是为了杀戮，为了偏执，为了疯狂，为了反抗。反抗的是所谓的世俗的价值，所谓的人生的意义，所谓的正义，所谓的秩序，因为正是这些东西限制了他，也正是它们催发了他的疯狂。
小丑不是懦弱的，相反，他比每个人都要坚强乐观，他看尽了人间的丑恶却坚信微笑的力量，他随心所欲，把制造混乱当做乐趣，他看似不在乎任何事情，却已经达到了生命的真谛。而正义和法律的拥趸，只不过是缺乏自我意识，只能靠他人编撰的意义过活，小丑之所以无敌，是因为他不在乎任何人，不在乎任何观念，他不会动摇，他从未拥有也从未失去，他不再畏葸，因为他成为了恐惧本身。
所以这部电影不是批判小丑这个邪恶的代表，相反是一首对他的颂歌，而真正批判的是这个虚伪的麻木不仁的冷漠的社会，比起亚瑟的反抗，这才是真正的邪恶。
这版的小丑花了较大篇幅去讲述小丑的身世：他作为亚瑟的悲惨的过去。而进化后的真正的小丑没有多少时间展示，很多观众对此不满，觉得这版的小丑不够疯狂，因为他一直以来被欺凌，在最后才爆发，也不过是杀了几个人，没做什么大举动。但这版的小丑更文艺，更现实主义，探讨的问题也更社会化，小丑当然不会像以前一样狂笑着到处炸建筑物，可他廖廖举动带来的影响不亚于以往的小丑，因为他在电视节目这个传播媒介里做出杀戮行为，向世人展示了他的疯狂，传递了他的理念，而不仅仅对小丑本身，影片对模仿小丑的群众也有大量的刻画，所以，这版的小丑的威力在于，他所做的很少，引起的波澜很强势，他真正是作为一种精神、一种形态而存在。
回到最初的问题，什么是有意义的疯狂？
它不是单纯的，它一定要是混沌的，它要包含痛苦，要包含仇恨，要包含愤怒，要包含自卑，要包含自负，要包含一个“人”在面对各种压力、困境下所产生的希望和绝望，它才会是完整的，才具有一部艺术影片值得探讨的意义。
归根结底，小丑也只是世界的一个产物，以一己之力对抗整个世界，对抗恒久的秩序，要具有非常强大的信念，也要忍受前所未有的孤独，更要有飞蛾扑火的悲剧精神。在他游戏人生的戏谑态度背后，是一种悲怆的自我奉献，为他自己创造的理念奉献，也许这个理念的信徒只有他自己，但他永远不会妥协，所以小丑也是一个英雄式的角色，只不过他的价值观世界观和常人有所不同，他有着至高无上的激情和执着，我们在他身上看到的不只有破罐破摔的崩溃和偏激，也看到了绝望过后重新开始的乐观和清醒。",2,https://movie.douban.com/review/13312765/
Joker,"回想一下我为什么对小丑这个电影充满了期待。因为作为之前几部蝙蝠侠电影中的配角，这个角色展现出了很耐人寻味的魅力——他是反派、罪犯，却让我们对他恨不起来，反而将矛头指向自己，反思自己的内心、反思我们建立起来的世界。
这种魅力在于：能够充分利用人性来作恶的犯罪手段——“若不是万不得已，谁不想装的道貌岸然”，在于“就想看着世界燃烧”的“为了犯罪而犯罪”的纯粹的犯罪动机。
所以，我期待的是有人能回答小丑为什么产生了这么“高尚”的犯罪动机？又是怎么发现、掌握到这种近乎无解、能把所有好人逼坏的犯罪手段？小丑本人其实是“nobody”，我期待的是这些变态人设背后所支撑的世界观哲学——正是这种世界观哲学，让人在犯罪面前不是仇恨罪犯，而是反思自身。
哪怕《小丑》这部电影要把矛头指向社会体制的问题，我想也应该从解答这两个问题的角度去构思吧。
结果，影片给的答案是：这个社会联合起来欺负我！
就这？小丑就因为生活艰难、倍受凌辱，然后自甘堕落，成为了伟大的Joker？
被混混欺负、被同事算计、被偶像羞辱、被母亲欺骗……影片中为小丑设置的这些事件像是在拉家常——这个世界的苦难何其多，编剧偏偏挑了最鸡毛蒜皮的这几个。要是这些“琐碎”能成就一个小丑，可能这个世界上人人都是小丑了。似乎编剧就如同影片中的那个脱口秀主持人一样，从来没有走出过“演播厅”，去见识过这个世界上远比这些琐碎痛苦万分的压迫。仅从这些拉家常式的挫折，根本无法说服观众去相信小丑后来在蝙蝠侠面前所展现的无比颠覆性的世界观哲学。当然，《小丑》中的小丑，似乎到最后也确实没产生什么思想升华，只是一个爱扭秧歌、放任精神失常的疯子而已。
而且，就影片反映出来的小丑在行动力和交际力上的低能状态，很难想象他是怎么成为后来充分理解人性、利用人性，把哥谭市和蝙蝠侠玩弄于鼓掌的高智商罪犯的。影片末尾，他孤零零地被拥簇在人群中，没什么想法，也没什么智商，看起来也没什么领导力，反而像一场民粹运动中被抬上去的傀儡。就这样一个小丑，我甚至担心他到底能不能领导众人去挑战蝙蝠侠呢。。。
究其原因，我觉得是主创对小丑这个角色的理解十分浅薄。影片只用力着墨于他的精神状态，却没有意识到，疯只是小丑的表面现象，他本身其实并不疯狂——反而十分冷静，知道自己在做什么，只是行动的指导思想实在有违主流价值观，让人觉得他疯了。因此，不是有艳丽的服化道、夸张的精神病动作，人就成了小丑，他是小丑，是因为他对世界的期待！对于小丑这个角色的理解，从写人物小样开始，就与曾经蝙蝠侠系列电影中所塑造的那个小丑分道扬镳了。
因此，对小丑这个角色理解的浅薄，导致了剧本构思上的扁平，最终塑造了一个没什么嚼头的JOKER。
说完小丑这个角色的塑造失败，再来说说影片想要表达的主旨。
影片将“小丑为什么最终成为了小丑”的答案，归咎于富人、中产的为富不仁、道貌岸然，压迫底层劳动人民走上绝路。这种阶级对立的视角不仅俗套，而且幼稚。且不论所谓价值观取向对不对（这轮不到我评论），而是这种形而上又没什么新鲜感的扁平论调不仅把小丑的格局与野心也一并压扁了，同时，也无助于观众去反思世界与人性中的深层次问题。
我觉得问题出在影片对小丑的情感定位上。影片毫不避讳对小丑的情感倾向，不断暗示观众与小丑站在一起，去声讨这个不公平的世界。这个高度就远远不及以往蝙蝠侠电影中所站的高度了。比如《黑暗骑士》中，对于小丑的刻画一直保持在中立的叙述状态。既不把他当作一般反派，竭尽穷凶极恶，又没有肯定他的任何做法，而且把他的犯罪描绘得充满恐怖主义，让观众感受到了身临其境般的压迫感。这样的刻画对观众来说充满了暧昧。而到了《小丑》，从故事还没开始，就把小丑置于了弱者、好人的绝对位置，这种定位就让影片失去了对人物成长环境进行辩证分析的机会，也让这个人物的层次性彻底没了——“他杀人，是被杀的人该死，他变坏，是世界对他缺乏关怀，我说完了，JOKER这个人物就是这么回事。”
妈妈眼里，儿子再坏都是儿子。把小丑当作自己傻儿子的情感一边倒，使得影片的视角和论调走向了偏执，失去了进行复杂思考的动力，最终把主旨一股脑地堆砌到阶级矛盾的结论上来，因为富人欺负穷人，到哪都说的通。
总的来说，想想小丑后来将要说的那些名言：“why so serious？”；“Introduce a little anarchy, upset the established order, and everything becomes chaos, I’m an agent of chaos , and you know the thing about chaos? It’s fair.”；“I’m like a dog chasing cars. I wouldn’t know what to do if I caught one…I’d just do things.”；“They’re dropped at the first sign of trouble. They’re only as good as the world allows them to be. You’ll see, when the chips are down these civilized people will eat each other.”
至少看完《小丑》这部影片，我无法想象他将有一天能说出这番话。与其说是蝙蝠侠影片中的那个小丑，他更像是一个全新的人物。
……
话说，《小丑》中暴乱的发生，倒与最近席卷西方世界的弗洛伊德运动有着无比的相似，也难关这部影片在西方世界的大受欢迎。",2,https://movie.douban.com/review/12759457/
Joker,"《小丑》是一开始就声名大噪的一部电影，然而对它的评价褒贬不一。单从电影的角度来看，夸张、隐喻、暗指，它从小丑的身上荒诞隐喻到哥谭市的荒诞。但是对于我来说，这部电影并没有惊喜。
我不理解为什么一场慈母孝子的戏码最后那么从容的亲手闷死了自己的母亲，不理解杀了几个年轻人，就能引起如此大的喧哗，满大街都戴起了小丑面具。最后哥谭市的狂欢，让人毛骨悚然。
我觉得这部电影不在大陆上映是正确的。即使我看了很多的影评说亚瑟的遭遇才会造就了他这样的人生。
但，如果一个穷困、患病，又在社会上受尽欺辱的可怜人，在遭遇嘲笑和不公后，就心里扭曲变成嗜血的大反派，这社会会变得怎样黑暗？
史书三千页，哪一页没沾着血？社会不可能公平，这就是现实。",2,https://movie.douban.com/review/12630862/
Joker,"演技不错，剧情真实，代入感强。

但是实在看不出电影真实含义。要我们多关爱人？要政府关注民生？那这电影的意思就是自己不被关爱就要杀人喽，小丑也太会自怜自爱了吧。连神经病妈妈都不放过。他以为是古时候率领农民起义吗？他杀人的时候只是想着自己吧，莫名其妙被追捧他自己也感到以外吧。

所以主角有什么值得尊敬的地方了吗？他竖立道德标杆了吗？他改革了吗？电影给你带来精神享受了吗？有真实纪录片价值吗？有教育意义吗？

如果没有，那这电影不就像一篇犯罪分子的暴力的没有主题的日记，值得这高分吗？",2,https://movie.douban.com/review/12576515/
Joker,"小丑，3—分，名过其实的文艺片，观众请尊重自己的内心

几个月前看了一半就没看，今天刚好闲下来就看了一下，与其说是迪斯尼旗下反派超级英雄电影，倒不如说是一部色调鲜明的文艺片。

主要讲述了小丑的心路历程，也就是弱者受气黑化报复社会的故事，氛围和色调很棒，夜间色彩很美，颇有文艺气息，背景音乐也到位

关于人物塑造说不好是演技牛逼还是氛围哄的到位，因为在这种色调，背景和场景烘托之下基本上也用不着什么演技，就像用牛逼相机调成黑白色色调随便拍一张都是艺术照那种感觉，所以演技就不评价了。

情节有点无病呻吟瞎几把矫情的感觉，简单而言就是穷逼的自我意淫，像郭德纲《我要幸福》里面一样

小丑本来就是一个失败者，谁见谁烦，还玻璃心，人家夸他说他两句乐的跟那什么似的，说他两句就不乐意急眼，这种人在哪都是弱者，从来不看自己的问题，不找自己的毛病，总是埋怨社会，用多愁善感受到压迫来当挡箭牌

（其实他也没受到什么压迫，自己不努力，怨天尤人，放到现代人们也揍他）

有一天偶尔发现自己是富豪的儿子，屁颠儿屁颠儿找富豪，还埋怨富豪，富豪一本正经的和他说话，他在那哈哈哈，像个神经病一样骚扰别人家人，被富豪揍了一顿，回家一看发现他妈也是个神经病，都是骗他的，结果把他妈妈也杀了

他本来就是一个类似于神经病的人，做了点违法犯罪的事，被一群人忽悠着说真牛逼，他也沾沾自喜高兴极了，这就是一个垃圾人，这种人只要哄好了干嘛去都行，棋子一样的人，根本没有自己的主见，甚至连黑化都算不上

这是这个世道的问题吗？这不是啊，就算给他安居乐业，就他这狗逼性格也办不成事儿啊
永远的底层人也不值得同情，更不会怒其不争，哀其不幸，他的不幸纯属活该。

平时得不到认可，以违法犯罪得到众人的拥护，得到了巨大的成就感。这并不能显得他能力非凡，就像武林外传里的李大嘴创立了菜刀们一样，跟他的关系并不是很大，在众人的眼里是谁都一样，也更加印证了这个变态的悲哀。

如果电影真像我说的这样表述出来那也还行，可以看出是一个可怜人无奈与世道的抗争，可以引发人们的思考。但是电影中并没有那么做，反而是找出了各种借口作为正当理由，弄得就像一个正当主角做某些事情一样，加上各种文艺片儿的氛围烘托更加混淆视听，让人莫名膈应

主角小丑自始至终都不行，完全不能和后期与蝙蝠侠对立的枭雄联系起来，没有心理素质也不算变态，就是个垃圾棋子，只能当做一个独立的故事。正面教材是《hello树先生》，看看这部电影小人物是怎么塑造的就对比出来了。

一般文艺片儿都能获得很高的评价，这点也在意料之中，不知道是皇帝的新装起哄效应，还是被制度压迫惯了，一反制度就高潮，这部电影如此高的评分是不合理的，氛围确实挺好，只是名过其实


抛开电影说一些其他的

小丑心思敏感，多愁善感，拍成文艺片，就奉为神作，绿巨人拍成文艺片，就冷嘲热讽，駡傻逼，都是漫画英雄，都是文艺片，待遇差别真的大，这是什么双标啊？

不只是小丑，很多电影都是这样的，在一部电影正式被人们所看到之前，如果外网评价非常好，很多人会先入为主的带入这部电影很好，真正看的时候如果有些地方觉得不合理会反思是不是自己的问题，关于这种话题我已经说过很多很多遍，这是我想第1批看电影或者看电影之前不看影评的原因。

为什么不用自己的心去看电影呢？

干嘛非得迎合呢？当时政治正确的时候捉妖记美人鱼，战狼2大圣哪吒都是疯狂的一片叫好声，等到上映过了之后，大家逐渐回过味来才敢说他的不好不好，我觉得这是非常不好的现象，大家应该有自己的主见，别被别人的言论影响了自己

但是就现在的市场和环境来说太难了，真的是太难了。",2,https://movie.douban.com/review/12454999/
Joker,"真不知道我为什么要看这样一部电影，戾气之重，血腥暴力，最后杀死同事那里我差点没吐出来。我觉得眼睛受到了污染，心灵亦然。
因为评分高，而且在美国的票房非常好，很多评论说是一部优秀的影片，获得很多奖项。所以我去看了。看了之后，我很后悔，毫不犹豫从硬盘里删除了。
不可否认的是，主演确实演得很好，真的是瘦骨嶙峋，因为有精神疾病，难过、紧张时，反而会大笑不止，异于常人反应。这种大笑反而会让人更难受。
可是除了让人称道的演技外，还有什么？这部电影要表达的终极思想是什么？
探讨精神病人的世界还是探讨精神病人的犯罪？还是嘲讽执政党和当局的无能、腐败？还是揭示底层大众生活的不堪现状？
可是在我看来，亚瑟人生悲剧的原罪并不全是社会造成的。他自己也说从小不喜欢学习，母亲教育他，还讽刺、调侃他母亲。无论是我小时候还是现在长辈教育小孩，都要小孩好好学习，否则将来只能去捡渣渣（就是捡垃圾为生）。学习的重要性不言而喻。沉默的羔羊里，女主年幼父母双亡，后来在福利院长大，她知道只有拼命学习才能改变自己的命运。
韩剧听见你的声音里，李钟硕作为超能力拥有者，在愤怒无法忍受的时候，在冤屈无法洗脱的时候，想要以暴制暴的时候，李宝英一直在劝说他，一定不要以暴制暴，一定要把犯人绳之以法，否则你和那些人有什么区别？无论如何，都在引人为善。
而这部电影，亚瑟作为社会底层人物，有精神疾病，被混混欺负，失业，被最亲的人欺骗，所有的戏剧性悲剧都集于一人，爆发了后面的犯罪。这个剧情太过于刻意，太过于刻意集中所有矛盾。后面的爆发已然成为了必然。
那么到底该不该以暴制暴？这部电影给我的答案是：yes。
最后暴乱的城市，小丑们的狂欢，亚瑟俨然成为了英雄，他找到了存活于世的意义。这才是最恐怖的一种意识形态。
乌合之众里，群众聚在一起，个人智商极低，没有自我存在感，没有是非观念，觉得一个群体的力量是无穷的，可以摧毁一切。而他们其实并不知道自己到底要什么，大多时候，只是发泄一下自己的情绪而已。他们迎来的，最终未必是更好，有可能反而更糟糕。
ߛY��5",2,https://movie.douban.com/review/12454271/
Joker,"一个幼儿时期受过虐待的精神病人、社会底层的人，他的所作所为被人看成英雄？？？……可能确实是反映社会现状的电影，比如为什么他杀了脱口秀主持人大家会崇拜他，可能贫富差距加大导致底层人民的暴乱，但这种社会动荡、仇恨真的是就是英雄主义吗？电影中所有讲他为什么这么惨为什么精神有问题，讲的再伟大再煽情我都不会有触动，这些杀人犯是真的反社会人格，他们并不是社会的弱者，并不是没有生存机会，但他们却毫无人性。这个电影得奖是得奖，但我一点都不喜欢。
反正我认为对我们普通人来说不值得推崇，我认为我们应该努力学习、融入社会，而不是遇到挫折就报复、毁掉自己。这种人真的挺惨的，没有在爱和阳光下长大怎么会有积极向上的心态呢。所以遇到这种小人要给予一定的同情，不跟他们计较，也不能在明面上得罪他们，更不能正面冲突，哄死人不偿命。我们还是要活在现实世界里，努力学习努力赚钱。这可能是我看了这部电影学到的东西。
以下是我认同的一段影评：
“可看完《小丑》之后，我发现亚瑟被刻画的和其他那些杀人狂太不一样了：他是这个社会的弱者、他饱受欺凌、他奋起反击、他华丽蜕变、他是DC的头牌、他有着无数的青少年粉丝。他的无辜，让人觉得，欺负他的人都该死。
影片有着邪典电影的核心，文艺片的包装，商业片的剧情和全球化的推广方式。这让人觉得，制片方真的非蠢即坏：蠢在剧情的逻辑漏洞太多，为了彰显深度刻意制造矛盾点；坏在如果这一切逻辑漏洞都是有意为之，那么这就是一种赤裸裸的社会煽动。
小丑的犯罪，看起来是那么的合理，那么的正义，那么让人心疼。然而这部片子里的死者，没有一个是真正”该死“的。他们或许欺负弱小、或许说谎欺骗，但并不是需要被判死罪的重犯。可为什么我们却那么怜悯亚瑟，那么仇视这些所谓的“恶人”呢？结合我前面的几点担忧，这一切看似合理化的暴力杀人事件，只是电影制作者精心包装出来的骗局，换来的是观众们对弱者冲昏头脑的同情。
夸大社会问题，让杀人看起来顺理成章，并让人为之叫好，这才是这部电影的主题。
最后我想和现在正在经历困难挫折的孩子们说一句，亚瑟是个有着人格障碍的可怜人，他和普通人不一样。所以，请不要给自己的失败找借口，不要把自己的不满发泄在别人身上。如果要树立偶像，多看几遍《当幸福来敲门》吧，真人真事改编的，更励志，更有帮助。”
--作者：J Melissa48（来自豆瓣） 来源：https://movie.douban.com/review/10549019/",2,https://movie.douban.com/review/12431532/
Joker,"故事情节以及主角的存在戏剧性很强，配角和路人脸谱化则很严重，有些剧情又很强行，主角杀害他母亲，以及后来的街头暴乱，似乎全是为了逆反而逆反，为了剧情的推动而推动，毫无自然可言。
世间众生虽苦，但终究都有自己想法。底层固然可悲，但这样的斗争也只会适得其反。主角并没有做了不起的大事，更没能作起震惊天下的案子，何以成为底层人所推崇的偶像？世间人心难测险恶，然而终究良善者多，故事发生在现代，怎能一瞬间爆发如此大规模的梁山好汉式人物？即使强行按照这样的思维继续下去，人不过是一群从众又无独立思考能力的众生罢了，既然如此，何来可悲？反应的是社会，但又绝不是这个社会，真实的底层人民要比他们聪明的多。更何况，那些支持小丑的人又何尝不是昔日里陷害他的人？
影片把高层拍的很令人厌恶，但要知道，伤害底层人的大多是底层人，不过乌合之众，何来万众一心？总之荒诞居多。其实主角的样子很像是骆驼祥子，也很像是孔乙己，但缺乏那种真实的立体感，显然是过于夸张了。
文无第一，武无第二，但凡艺术鉴赏，皆是建立在主观情绪之上的， 小丑被大多人称之为神剧，然而在我看来，并无过人出彩之处，相反败笔较多",2,https://movie.douban.com/review/12342313/
Joker,看的好累，这片子是冲着最佳男主去的吧，从头到尾秀演技，爆瘦毀颜值的老套路。剧情整个就是为赋新词强说愁！这世界谁生活容易，想万众注目就得放得下身段当得了小丑，做得到你才有百分之一，千分之一甚至更小的机会成功！接受不了就老实勤劳的当个普通人，体会普通人的幸福。美国人可能生活过得太舒坦了，所以痛苦起来很浅薄。,2,https://movie.douban.com/review/12293693/
Joker,"微博上有一些基层执法者暴力入户打砸家庭麻将，抓捕未带口罩出门的居民，甚至动手围殴他人的视频。以防疫的名义，扩大公共权力，用行政法规或公共道德越过法律边界，危害公民财产权人身权。有些人一带上红袖章，穿上制服，就自以为是正义的化身，在不惜一切代价口号的误导下，无视宪法赋予国民的权利，为所欲为。按照不惜一切代价这种逻辑，把疫区的病人和疑似统统抹掉，问题不就解决了？请记住，隔离只是手段，不是目的，不能把公共安全神圣化，任意践踏个体权利。把鸡毛当令箭，以行政代司法，荒谬绝伦。

托克维尔说，看那些人，他们不是在受苦受难，就是在为非作歹。我想说这两者其实是互为因果的。在阶级社会，你只有两种身份，以弱者的地位受苦受难，一旦给你点强者的权力，你就会按照强者的习惯为非作歹，非常自然。

弱者有没有权利漠视人权？

电影小丑提供了一个样本，展示来自底层的暴力是怎样形成的。以下影评含剧透，不吐不快。


弥散的野蛮


1.作为一个超级反派的前传，这部电影试图给出一个反派黑化的过程和理由。童年被虐，街头被殴，同事恶告，老板欺压，邻居疏远，医生忽视，福利抛弃，富人敌意，偶像羞辱，，集齐社会底层所受的几乎所有不公。


2.影之初，性本善，小丑命苦，生来被压迫，从自卫杀三人这一段开始，扼管家以示愤怒，潜邻居以表失落，得知幼年真相徒手弑母，上节目暴怒击杀主持，全城暴乱升级，烧车的烧车，杀人的杀人，富人代表蝙蝠侠的父亲被私刑处死。小丑笑了。


3.整个影片是黑化社会的，阶级压迫，为富不仁，为穷混蛋，相互欺凌，逼疯底层的人，让一个善良的精神病走投无路，举枪报复。正是这里，有个巨大的BUG，小丑的反社会行为正义吗？


4.如果说地铁自卫开枪还有道理，其它的暴力就有些越线了，伪善的同事和母亲，讨厌的主持人，自大的富人代表，都没有到可以私刑处死的地步。小丑黑化的逻辑里，只要遭受不公，杀人就是有理的。这让我不寒而栗。


4.小时候读水浒，看到李逵劫法场一段，手持两把大斧，面对看热闹人群砍瓜切菜般杀进去，孙二娘神态自若将住店客人做成包子，山寨入伙需随机砍个过路行商作投名状，连宋江都屡次差点被英雄好汉剜了心肝醒酒，，这里面的价值观就是，自己人才是人，陌生人就是一只羊，有需要，宰了便是。这种好汉，和蔡京童贯高太尉，有什么区别？


5.别人甚至都没有冒犯你，仅凭暴力，你就可以取夺他人的生命和财产，还要被尊为英雄义士，这还是我们热爱自豪的唯美宋代。小丑里面的底层呢？被欺压了要烧车杀人，以更大的暴对抗体制的暴，rage 可以against the machine，rage 不能against 人权，嗯哼。


6.OK，我的评价来了。冤有头债有主，同态复仇没问题，文明的前提是不作恶，直接烧砸他人财产，随意剥夺他人生命，属于彻底的暴行。让我们回忆一下法国大革命，断头台上的滚滚人头，路易十六和罗伯斯庇尔，洛尔迦，格瓦拉，红色高棉，同治回乱，ISIS，太多的历史沾满没有良知的杀人越货痕迹，在很多所谓战士眼中，财产多了就是原罪，站队错误需把小命拿来，人性之恶，不止一斑。


7.那怎样反抗不公平？你得先讨论什么才是公平。公平就是给人以选择的自由，一人拿饼，一人来分，一人先选。公平还是相互尊重，不互殴，不羞辱，不偷抢，不奴役，靠契约定规则，以和平维秩序。不管弱者强者，都没有权利漠视人权，既不能我强我乱来，也不能我弱我就有理。革命可以，不能作恶。这个电影最大的问题是，为了给恶行找理由，不惜夸大世界的阴暗面，好像人之初性本善，是全世界都欠恶人一个关怀和福利，才逼得善改作恶。这是非常明显的白左圣母婊政治正确和矫枉过正，再高明的演技也掩盖不了价值观上的腐烂酸臭。这种看上去的深刻其实是一种幼稚，因为它违背了最基本的公平原则，就是尊重每个人的财产和生命。人法地，地法天，天法道，道法也要讲人性，不能全如自然弱肉强食一样，弥散着非人的野蛮。",2,https://movie.douban.com/review/12266558/
Joker,"《感到真恶心》
以后避免观看西方的严肃的现代或后现代的东西，看了《小丑》5个小时后，觉得逐渐产生消沉的恶心反应。
《小丑》名气很大，觉得过誉了。
西方咪蒙们是很善于嗅察社会情绪做爆款的。
这种片在香港只能归入三级吧，类似英国爸爸的弃儿黄秋生的《病毒伊波拉》之类。
在这些世界金字塔偏上层的小结构，比如香港或美国，小资阶层容易接受无政府主义，这个情况在1910，20年代的中国也是有的，当时科学社会主义还没被中国人了解。
这个片子，本来无所谓好坏，甚至是合格或优良的剧。但是对观众影响是坏的。看看臭港的人，去年干的事情，可能和这部片子的坏影响有关。是好莱坞的一批人在煽动情绪，做了很坏的示范。
好莱坞是不是小丑？
我不喜欢编剧把真实的病患元素纳入人物创作，涉嫌侮辱他人，比如赵本山的卖拐系列涉嫌侮辱残疾人。想起前几个月在萨莉亚看到一个好像生病的光头女子，也是不断莫名爆笑，相信世界上可能有此种症状。
小丑的主人公如动物一样，他具有先天和后天的不幸，但他主要是被动地做出应激反应。而且他选错了志向，可能是早年被他偏执的母亲误导塑造，其实他在喜剧领域并没有天赋，他的心情也不适合从事喜剧，应该换个方向。
也许他也是逃不了了，无处可躲。
作为一个中国人，少看这些吧，海子和顾城还有若干人，都是反面教材。
看点古代的东西，至少觉得那些还算正常，健康。",2,https://movie.douban.com/review/12257176/
Joker,看了些剧评，想说说我的看法:首先，这部电影三观不正，用精神病的身体和思想去杀了三个普通人的人（罪不至死吧），结果还成了人民中的英雄？整部电影的政治基调首先就是错误，亚瑟有精神病，他无论是思维还是行为必然也不能与正常人相等，不明白怎么会有观众把自己带入主角去高呼正义，其次，正义是什么，电影的结果也让人不解，如果说用一群自以为正义烧杀抢夺的人来代表普通大众心中的正义那对不起，这不是我想要的，这难道不是xg现在的局面吗？可是社会真的平等了吗，自由了吗？也没有吧，真正渴望平等的人只能在一群披着正义与自由面具的暴徒的呼喊声求存，这样一部有明显缺点和漏洞的片子上映只会给社会和人民带来不安，不上映就对了。,2,https://movie.douban.com/review/12245247/
Joker,"joaquin phoenix deserves an oscar. and thats it. its a DC film, in and out.
the way it tries to blur, sneakingly and self-indulgently, the boundary between whats real and whats fictional is worrying. the scene when de niro was shot live on tv is especially inappropriate, uncomfortable, and noxious.
btw joaquin looked to be a tortured soul on his oscar acceptance speech. the energy he (or his role) has been carrying was devastately huge. i just hope he was not overwhelmed by the role.",2,https://movie.douban.com/review/12244741/
Joker,"兴奋点全在主演的高难度大笑，我对蝙蝠侠系列一知半解，还是觉得要看小丑贯彻到底的邪恶，有阿卡汉姆系列游戏，要看他沉醉在破坏中的疯癫，有众所周知的黑暗骑士。
相比大段由演技和配乐支撑的单人表演，真正完成逼疯亚瑟的叙事任务，倒是出场时间有限的配角们：小心眼同事和一根筋老板、行动大条的警察二人组，对底层漠不关心的老韦恩和主持人莫瑞，用虐待和欺骗压垮“家人”底线的疯妈。
黑妹情缘，白日做梦；指望韦恩，一厢情愿；谐星圆梦，遥遥无期。而贫富对立的环境下，焦躁的社会正需要一个推翻秩序的借口，那么以上的“恶人”们，无论有意无意，通通是促使他倒向极端的理由。
只不过，同为普通人眼里的异类，《水形物语》的女主，好歹斗争过一番，认定要和鱼人逍遥快活，才会逃避俗世。亚瑟，自始至终都是做最坏的被动选择，仓促干掉所有臆想的“敌人”，没有解释的余地。在崩了莫瑞之前，歇斯底里的自白，活脱脱“我有病，所以我有理”，就差下一句“都是世界的错”。
他凭什么带领其他反社会的“小丑们”反抗体制，只是靠冲动的暴力吗？
能让蝙蝠侠痛下杀手，玩弄哥谭众生的的小丑，只是因为疯吗？
另外，本片布鲁斯韦恩的苦逼脸非常符合真人电影现状，一生之敌的衍生烂如自杀小队都能爆棚，搭上正义联盟的正传接连翻车赔钱挨骂，而爹妈又叒叕死了！",2,https://movie.douban.com/review/12242214/
Joker,"冲着奥斯卡影帝的表演看的电影，表演的确实好，但是整个影片看的过程和看完后身体感到极度不舒服，内脏胃的部位就像拧巴了似的，憋屈，不适。
也许这就是影片想传达给观众的信息。同样是底层劳动人民奋斗挣扎史，昨晚看的“寄生虫”就没有这种感觉，反倒生出口很多对社会等级不同人群生存环境影响人行为的思考，并且为韩国那个导演获得的诸多奥奖荣誉为他高兴。
小丑一片中的化妆布景可能对我的不适是有影响的，细节处时时告诉你男主生活的不易。男主所有对生活的理解，他的梦想最后碎了一地有一种比外在生活艰难更残忍的感觉……
这部片子使我想起最近的一次埃及革命，先是群众暴乱，最后穆巴拉克倒台。小丑这样的人就能从革命中一跃成为新的领袖。电影可能不想政治不正确，又不想完全让小丑承担所有的“错误”，所以结局折中，小丑进入了精神病院。",2,https://movie.douban.com/review/12240788/
Joker,"打发时间可以，没必要专门看了，电影前大段都很压抑难受不说，后面的剧情莫名其妙，先是塑造出了丝毫不考虑民众的残暴奢侈统治者形象，然后把民众也塑造的特别中二无脑，小丑杀了几个人就把民众都煽动起来了，以小丑为精神楷模，太刻意了，很不真实，莫名其妙。
不建议敏感者观影，出戏容易
1111111111111111111111111",2,https://movie.douban.com/review/12185444/
Joker,在joker这种角色上彻底ip化真的是愚蠢至极 解释小丑本身就足够乏味 更可怕的是还要用此套路化的方式 在这里所有的悲惨都是被塑造的 人物毫无深度可言 小丑本人可以失去意志 完全成为被动的产物 依靠堆砌符号与演技重复其没有说服力的癫狂与绝望 真正在小丑转变时又将责任完全归咎于其精神疾病 或者说命运 在应当触及社会时又跳脱式的带过？以及小丑本人与大环境中的社会运动又是极度剥离的 观感实在是太奇怪了 油滑又粗浅且漂浮在半空中 整部电影如同一个花架子 真正打动我的只有寥寥 他伸手将自己关进冰箱时 冰箱摇晃的画面以及最开始他想象自己被莫里请上台时的一段 这些赋予了人物一定的真实 而其他都是假模假式的故事 在此之下华金的演技也完全被降格 这样的反派一旦失去狂信 再好的表演也只是表演了… 最后 老爷爹妈又一次被杀了…喷了,2,https://movie.douban.com/review/12156870/
Joker,"从影片一开始就故做深刻，主角所经历的痛苦难道就高过他的同事，高过同一层楼的黑人母亲？就因为杀了几个人，就没来由地被模仿，仅仅一个居然没人中止的电视访谈就被捧上神坛，像是获得新生。
这一切充斥着不合理，深刻程度也很成怀疑，然而无所谓，因为它获奖因为它叫小丑因为它备受赞誉，所以各路人士多给高分。
至于它真的好看吗，哦，很多人说它好看，主流说它好看，我只负责呐喊鼓掌，这一场皇帝的新衣请别出声。",2,https://movie.douban.com/review/12144731/
Joker,"说它是烂片，并非是说它整体都烂。《小丑》其他还行，就是剧情太糟糕，表演很不错。
给两星不是给电影的，是给凤凰本人的。
当成商业片来看的话，根本就没有任何爽点，因为爽点全被消解了。
被人欺负、被人打、被人嘲笑，这些都是铺垫，解决了这些铺垫就能获得爽点，可惜，小丑居然是个精神病。精神病杀人放火不是很正常？铺垫那么多，还有意义么？爽点就这样被消解了。
电影的过程：一个精神病患者，受到外部压力，精神病彻底爆发了。尼玛，谁要看精神病发病啊。
所以，还是诺兰刻画的小丑更好，不问过往，透析人性，肆意妄为，绝顶聪明，就像邪神的化身，降临人间，不在乎生死，只想玩弄人性而已。几乎已经符号化。
再看《小丑》，谁要看一个精神病患者发病啊？要看精神病患者发病，《禁闭岛》不好看么？
最后说一下凤凰，不知道好莱坞是怎么评比演员的，如果抛开剧情看表演还好，凤凰还有拿表演奖的机会，反之的话，凤凰极有可能拿不到奖。替他担心。",2,https://movie.douban.com/review/12141793/
Joker,这部美国电影，我是分2次看完的。因为实在感觉剧情太过无聊。从一开始，就已经猜到了结局，然后，我只是把那个无聊的过程，那种很多电影都会忽略掉的背景介绍，当成一部电影来看一遍？可能我不是美国人或者欧洲人或者电影的专业评论员又或者是一个心理学相关的人士，所以我完全看不出来这部阴沉沉的片子，究竟高明在哪里。我相信给这部电影作评价的43万网友，也很少有人是吧，然而，8.7的高分究竟从何而来？答案我只能想到两点，一是有很多人单纯的就是觉得，只要美国人觉得好，西方发达社会认可的，即使自己不能看懂，也要毫无疑问的打个高分；二是就像有的影评里说的那样，把自己代入“小丑”，向自己所遇到的种种社会不公发泄。,2,https://movie.douban.com/review/12134278/
Joker,"今年年底连续上映的两部电影，小丑和爱尔兰人可谓是年度最受关注影片，在全球掀起广泛支持。两部电影虽然题材相似，但却是截然不同的世界观。
小丑的背景显然是大萧条时代，更确切的说是胡佛时期的大萧条。影片只对时代做了一些微小的改动，比如电视还未普及到底层市民，比如社区还远未富裕到能负担精神病人。但这些都不影响主题。大萧条时代，尤其是胡佛时期，是美国人民生存的最黑暗时期。无论多么努力工作，大部分人都将失业。经济持续恶化，人民看不到任何改善的希望，只看到自己的生活越来越艰难。
经济危机必然推动思潮涌动，全社会上下都渴望改变，需要有人领导。小丑幻想的父亲托马斯韦恩代表了主流改变方案。他宣布竞选市场，要改变日渐衰败的城市。现实政治表明主流政治已经失效，除非出现一个罗斯福这样的资产阶级叛徒，否则只能像胡佛一样被嘲笑。现实中还有其他方案，有崇拜极权主义的，有想搞社会主义的。但他们和主流政治规则不符，很难赢得选举。同时大搞极权主义和社会主义的路易斯安那州长休伊朗呼声最高，但在参选总统前死于谋杀。
在所有的思潮里面，最差的选择则是小丑代表的无政府主义。面对不公待遇，小丑没有去探索不公的根源，也没有寻求改变的方法。在公权力缺失的情况下，打破了自己的道德束缚，为了宣泄个人不满而去破坏和杀人。
在影片结尾，人民将小丑视为偶像，走上街头肆意打砸抢。此时的高谭和丧尸围城没有区别。不幸的是，小丑在全球范围受到追捧，豆瓣评分相当高。喜爱小丑的人认识不到小丑的流氓无产阶级属性。他们是香港的废青、法国的黄马甲、钓鱼岛游行中砸车的人。他们区分不了爱国和宣泄个人不满的区别。他们不知道经济危机的根源是贫富差距过大，只关心其他底层民众是否比自己多吃了一口。
现实中罗斯福的凯恩斯主义将美国从无政府状态中挽救出来，直到二战爆发，全国恢复大生产，才从大萧条中走出来。如果没有二战，量子物理带来的科技革命即将引发新的投资高潮，也能恢复经济。
再说爱尔兰人。这部电影务实很多，将自己定义为黑帮片，不去宣传意识形态。电影的背景以美国战后复苏开始，讲述了黑帮和工会的斗争。
作为一部黑帮片，影片难免对黑帮有夸大美化的嫌疑。将肯尼迪竞选成功写黑帮的功劳。虽说有可能，但不太可信。当年肯尼迪总票数只比尼克松多11万张，占比0.66%，且伊利诺伊和德克萨斯有明显作弊现象。因为种种原因，最后没有重新计票。但影片给出支持肯尼迪的原因居然是为了黑帮在古巴的投资就说不过去了。
猪湾事件的策划起因是因为卡斯特罗起义后的共产主义化。基于意识形态对立，美国策划颠覆。整个行动是在艾森豪威尔任期内制定的。以艾森豪威尔一贯的甩手掌柜作风，可以认为猪湾事件由CIA一手策划。新总统一上任就实行上一任的计划显然不合逻辑。黑帮为了颠覆古巴应该支持老将军的副总统尼克松才对。再说黑帮能有多少投资，能够军费吗。肯尼迪一上任就被忽悠登陆猪湾now or never，并被保证万无一失。稀里糊涂的答应了。没想到上演一出闹剧，并直接导致第二年的古巴导弹危机。处理不好肯定被弹劾。
再说肯尼迪的遇刺，如果是因为黑帮抱负也极不合理。虽然刺客被抓后又被当着70名警察被杀极为可疑，但黑帮最多只是参与了一部分。从结果看，肯尼迪遇刺对黑帮没有任何利益。想到教父里土耳其人一再强调的this is business，我相信黑帮不是中二青年，不会一言不合拔刀相见。
在罗斯福上任前，美国工会缺乏存在感。随着新政的支持，工会在新领导人的管理下，在罗斯福第一届任期就发展成了全国几大政治势力之一。甚至参与了杜鲁门的副总统提名。工会的迅速发展，除了工人受到的残酷压迫，离不开工会领导人的个人努力。可以说所有领导人都出身贫寒，在血汗工厂里做工。各产业工会基本都是由极具个人魅力和献身精神的领导人一手发展起来的。所以霍法会一直重复：this is my union.当年资本家对付工人抗议的手段是雇佣打手，对工人尤其是领袖进行殴打、关押甚至杀害。打手公司是大萧条时期为数不多的兴旺产业。新政对工会的支持主要是在大型罢工中保护工人，面对日常威胁，霍法找黑帮帮忙无可厚非。黑帮对工会提高工人权益没有兴趣，只想得到工会资金的贷款。
影片中和霍法不和的托尼是靠黑帮支持竞选，但只能当上分会主席，完全不能同霍法的影响力相提并论。而爱尔兰人是靠霍法的支持当上分会主席。所以托尼才会对霍法的you people耿耿于怀，认为是白道对黑道的歧视。
二战后的欧洲已经是一片废墟，无暇自顾的老牌资本主义帝国再也没有能力控制殖民地。重建世界的重任落在美国身上。此时美国各行业欣欣向荣，资本家忙于扩张，没精力压榨工人。工人的待遇随着科技进步和经济腾飞而日渐提高。工人阶级成为新的保守派，反对变革。工会逐渐失去工人支持，影响力日渐下降。出狱后的霍法不再能够靠个人魅力和组织能力团结起工人。黑帮通过恐吓霍法的二把手控制工会资金，不再想让霍法回来制约自己。被时代抛弃的霍法死于谋杀也就不意外了。
最后介绍一下时代楷模，沃尔特鲁瑟。同样作为工会主席，他在罢工谈判时要求提高工人待遇的同时产品不能涨价。增加的工资成本由资本家承担，不由社会承担。这才是避免经济危机的正途。",2,https://movie.douban.com/review/12120116/
Joker,"1.太极端 

2.就算悲惨过去也不一定造就的是个神经病

3.所有情节都暗示 向往美好 无论站在哪个角度

4.发再多牢骚 想给人们启发也好 想唤起人的注意也好 更重要的是给出实际能解决问题的方法 哪怕只解决一部分 虽然有时候秩序和期望的有差距 但是这样已经很不容易

5.这部剧以人为主题 过分强调外在 忽视了每个人的内在 就我目前能想到打心底认可的人 一定是他们内在让我认可的人",2,https://movie.douban.com/review/12119974/
Joker,"太失望了，小丑的魅力在于神经质、高智商、反社会和邪恶。而这部里高智商反社会人格的小丑被拍成了一个可怜兮兮的普通人，看到小丑逗小孩子笑我都无语了，这是小丑？
反派又都很脸谱化，我欺负你就是因为想欺负你，连商业片都不如。别说黑暗骑士了，还不如哥谭自杀小队里的小丑，别叫《小丑》了还不如叫《被嫌弃的亚瑟的一生》。",2,https://movie.douban.com/review/12113308/
Joker,不知道是不是自己欣赏水平有限，看完这部影片感觉水平一般般，实在理解不了怎么这么高的豆瓣评分，看完以后唯一让人印象深刻的就只有小丑那贯穿了整部影片的无聊笑声，除此之外就毫无记忆点。整部影片就是一个神经病患者的发病过程，还有那无处不在的魔性笑声，听到最后都有点审美疲劳了，有种快进过去的冲动。就这种影片还跟希斯莱杰的小丑相提并论，简直就是瞎扯淡！！！,2,https://movie.douban.com/review/12105241/
Joker,"槽点太多，不知从何说起。（含不少剧透醒目）
先要反对一个观点，「这不是DC宇宙电影/这不是蝙蝠侠系列电影」。很搞笑啊。我拍一个《白骨精的崛起》，讲她如何从一个平平凡凡的小僵尸一步步被大妖怪调教成了专吃人肉的坏妖精，结尾还特别拍摄了金蝉子转世下凡玄奘出生，然后我说，这不是西游记世界电影，这只是个独立制作，有逻辑么？系列电影/XX宇宙电影之所以常常成功，在于他充分借助了往期作品的大量前置背景，省了大量交代工作，使观众能迅速进入剧情，而且还可以与粉丝群体玩梗。这片子里的小丑，依然是大家熟悉的绿发紫衣，依然是反复把玩那个笑声，依然去了Wayne庄园也见了童年Bruce，甚至结尾（毫无新意地）完美还原了剧场门口枪杀案（哪怕你跳过枪杀现场，只用镜头的边角来玩一下梗，我都觉得算是有点智慧），连Bruce妈妈的珍珠项链撒满天都专门给了慢镜特写，回过头说「这不是DC宇宙电影」？和念完经打和尚，吃饱了骂厨子有什么区别。所以，此电影就是，100%是，DC宇宙电影。他没放进DC的系列计划中，但他不是孤立的。
《JOKER》是讲小丑的起源的，是一部「人物传记」式电影，则剧情占有非常重要的地位。在「DC宇宙电影」的前提下，编剧实在太烂了，侮辱了小丑，侮辱了老爷。就这么一个日常生活中智商欠奉的loser转变成的反派，别说老爷，年轻的戈登就给捏死了。老爷在DC宇宙中，就像Stark在M宇宙中一样是个特殊的存在，特殊于他是普通地球人，血肉之躯没有任何超能力，他是靠钱（光rich是没用的，所以我也抵制大本版老爷说自己的超能力是rich）和头脑成为超级英雄的。而在老爷的个人故事中，同样存在很多没有超能力的强大反派，他们同样是因为智慧而强大，企鹅人，谜语人，贝恩等等，以及「老爷的黑暗面」小丑。小丑的特质，是神经质，加极度聪明，加极度洞察人性，并视犯罪与暴乱为人类的本源和归宿。而在这部《JOKER》里，只剩神经质了。
影片里亚瑟到底有多二呢？第一幕他的手举广告牌被5个年轻小混混当街抢走，他一路追到小巷口，看到4个小混混在小巷里跑，毫不犹豫就冲进去，结果被藏起来的第5个小混混用那个广告牌偷袭砸倒。慢着，所以他追进（是个哥谭人就明白有陷阱的）小巷的那一刻，已经看不到藏起来的小混混，也看不到那个广告牌了。他一路追赶，为了不是反击小混混，他知道打不过，他就是追回他的工作道具，那么当他已经看不见广告牌的时候，他不长个心眼儿，他就冲进去了？
到剧情中期，他接了工作去儿童医院给孩子们表演，他明明在单位有个柜子，却非要在去儿童医院工作时坚持把自己的枪带着，而且是带着去表演活泼舞蹈《如果感到快乐你就XXX》，然后蹦跳的时候枪掉出来了，导致他被投诉然后被单位开除。这整一个二货啊！脑子呢？他智力水平和《黑暗骑士》开头停车库里被Bruce一勺一个干掉的黑帮路人们差不多吧。
然而就这么个货色，却成功变坏了，连续犯了三次杀人罪行，三次都成功。除了第一次是狭路相逢的以外（也算是全片屈指可数的节奏紧凑的桥段吧），后两次就太搞笑了。那个把枪塞给他然后又向领导陷害他的同事，居然抱着酒回来慰问他失业？好吧就算因为警局开始调查了他怕被牵连，他不得随着带把武器去？你不得小心谨慎一点？那位兄弟简直是一点儿都没有戒备，懵逼状态下就被剪刀捅死了……
然后是直播演播室里枪杀德尼罗，我……我实在不理解德尼罗为啥会请一个他之前在节目中恶意取笑过的人来上电视，尤其是在看到他一副神经不正常的街头抗议分子装扮之后，还无条件信任他。助手问（也好像是他自己问）你打扮成小丑是和那些街头抗议的人们有同样的诉求吗？他答，不不，我不搞政治（顺便吐槽小丑没有政治诉求，my eyes），德尼罗就信了（你只要说啥，我就信啥）。然后镜头前还要持续激怒对方，于是就被干掉了（我们这个年代进直播间前都是有标准流程要检查手机的，那个年代真的没有标准流程检查武器么，恕我孤陋寡闻吧）。
所以，这部剧，就是用一个故弄玄虚的精致外壳（镜头，演技）包裹了一个简单无脑的内容而已。而且说真的，本剧的镜头语言，不说比希区柯克这种大神吧，连《MAD MAX》也够不上，充其量是美剧水准。
以及再说说被很多人无脑吹的演技。在我看来演技分两种，一种是，观众紧随着影片的推进而投入感情，沉浸在荧幕中，知道屏幕一黑，THE END一打，才恍若隔世，「哎呀原来是假的呀，哎呀演技真好！」。演技是为了影片服务的，譬如《美国骗局》里或《乌云背后幸福线》里（也都是商业电影，不是艺术电影）的几场群戏，你事后回味，都演得很到位，但当时你是来不及细品的。而另一种，就是剧情推进到某一点，忽然没得可推了，但又觉得直接转下一场有点太快，算了，彪一段演技吧，于是玩各种镜头角度，各种前景虚化背景虚化，配上特别soul的音乐，让大家欣赏一段主角的演技。这种其实挺尬的，而本片里好多段我都有这个感觉。所以我不批评杰昆演技不好，他完成了导演的任务。这个锅还是在导演和编剧。
其实，仔细想想，此片除了主角以外，连一个其他的立得住的配角都没有，无论是妈，女邻居，侦探（有能力竞争最弱版Burke），德尼罗甚至老爷爹，都是没有张力的静态路人。想想诺兰版的前两部（第三部我也一直看得很生气，虎头蛇尾），阿福，路西斯，戈登，哈维，瑞秋，几个黑帮大佬，全都是有血有肉随剧情有成长的。所以，杰昆本身还是演很好的。但从全局来看，此片比诺兰版本，实有天壤之别。",2,https://movie.douban.com/review/12084379/
Joker,你有同事在背后搞你，你的老板不信任你，社会上有人欺负你，在人群中存在感低。倾诉的对象敷衍你，表达善意的对象误解你，你的爱豆不待见你，你爱的人不爱你。你爸不是亿万富翁，家里还有长辈生活不能自理，你孤独、紧张，却又乐观、善良，还曾对爱情和事业有过无数美好幻想。你被救命稻草抛弃，感受着来自全世界的恶意，觉得整个世界都对不起你，而这些不幸恰好又都发生在他身上。不仅这些，你还喜欢在自欺欺人的故事中寻找“令人舒适”的结尾，潜意识中又无病呻吟的觉着自己精神不正常。你觉得你惨吗？惨啊！只要对号入座，总有一条适合你。但是他比你还惨，却在一个价值观扭曲的世界中不明不白的成为了王者 ，于是你也深陷其中，把生活当做恶，任他在发现共鸣的你脆弱的心中成了神作。,2,https://movie.douban.com/review/12079123/
Joker,"对小丑的印象，最深刻的黑暗骑士中的莱杰。所以，我抱着相当大的期望想去看一下小丑的蜕变轨迹。
用黑暗骑士里的话说，小丑是chaos是混乱，是无逻辑的分解与重构，是信念强烈的反英雄主义。正因如此，小丑才如此有生命力，如此无法理解，如此富有张力。
但我们看19小丑，平庸懦弱且无意志。
路人欺负他，他拿起别人给的枪自卫；母亲欺骗他，他憋死母亲；莫瑞嘲笑他，一枪崩掉了；最后的脱口秀，是对方邀请的；就连车上的翩翩起舞，也是路人给予的勇气。
每一步豆被动，每一步都是复仇，每一步都合乎情理，每一步都有正义在其中。只不过是所有的不幸都巧合的降临在他头上而已。抛开这些不幸，他渴望成功，渴望被爱，渴望自尊，众人起哄，他乐在其中。这一点也不混乱 这就是我们每个人。这就是平庸的小丑。
真正的小丑，不要钱 不要世俗的成功 不要尊重 ，这正是区分小丑与其他罪犯的区别，这也是小丑的内核与生命力。
电影调动了所有的镜头、演技、技巧，让主角成为教科书般的可怜虫：精神病 领养 虐待 凌霸 嘲笑，最后沦为粗暴 野蛮 打砸抢的脸谱形象，说到底，他是个无数个自怨自艾毫无主见的平庸大众中的一个。只不过更惨一点。
阶层固化 生活不值得，这些就是我们日常中看到的爽文。
这个社会容不下有力的抵抗者。一个消极且平庸的小丑诞生了，也平庸者观众的想象力。票房大卖 获奖无数，平庸引发的共鸣往往大于真正的抵抗与疯狂。",2,https://movie.douban.com/review/12078745/
Joker,"不是漫迷，只是普通观众，印象中的小丑还是那个黑暗骑士中超高智商，通晓人性，又无法揣测的小丑。当这部2019最新的小丑传出消息后，被华丽的视觉设计和色彩深深吸引，而且又是讲述小丑的出身，所以饱含期待。早期因为没有找到合适的资源也就一直没有评论，后来看完之后，觉得心理落差很大，这个小丑为什么一点也不聪明，为什么他这么弱。起初看预告片我以为是他带领手下制造了暴乱，后来看到他居然被两个警察追的乱跑，恰巧被暴乱的人群所救，这跟他走出地铁霸气的走姿完全不搭啊，前一秒还落荒而逃。再后来被捕，又是暴徒制造车祸救了他，他完全不像是一个深谋远虑，把别人玩弄于鼓掌之间的那个小丑，只是一个幸运的倒霉蛋而已，而剧中一切的倒霉又那么刻意和意料之中。
当初的那个吸引大家，让人们觉得充满魅力的小丑，那个蝙蝠侠的头号对手，什么时候变成这么一个可悲的小人物了？真正喜欢小丑的人，看完这个真的不会感到莫名其妙吗。",2,https://movie.douban.com/review/12074429/
Joker,"从10月就断断续续在微博上刷到这部电影的消息，看网友们迫切的期待在国内上映，以及得知不能上映后的种种失望，不知不觉对电影的期待也加深了不少。
今天在看到4分之3的位置时，还不太明白为什么国内禁止上映，不就是一个loser、一个精神病患者被生活逼到了死角而绝望杀人，不就是一个小丑生活在水深火热之中，本以为是一次冲动的举动，没想到却被市民推到了英雄的位置，从此城市里到处都有关于他的消息，他再也不是那个就算死在街头也无人关注的小人物。这种电影有什么好禁的，我们不都上映过《少年的你》《我不是药神》《天才枪手》这种反应社会不公的电影吗？
但看到电影的结尾部分，看到那些市民头戴小丑面具，一起上街游行，一起占领地铁，一起在市内打杂烧抢，看到他们在地铁里一言不合就大打出手，顺势就发展成两群人之间的互殴；看到他们把一个精神病患者奉为偶像、领袖，对着他欢呼，救他出警车，对他顶礼膜拜，我就知道为什么要禁了。
不觉着上面那些行为很眼熟吗？不觉着和我国某地持续了5个多月的暴乱很相似吗？不觉着这种价值观很恶心人吗？好家伙，你生活在水深火热之中，你走投无路，你就有权利拿起手枪想杀谁就杀谁。你杀人了还不能让一个不了解你生活状况的人多问几句你为什么杀人？你说的理由别人理解不了，你讲的笑话大家也都不笑，然后你就把节目主持人杀了，这些能构成你现场杀人的理由吗？那是不是下次我听不懂你的笑话也活该被你一枪打死！你比之前逼你的老板、同事、混混和社会还狠，他们充其量就是辞退你、诬陷你、殴打你，决定你的笑话好不好笑，但并没有剥夺你生存的权利。你可倒好，一言不合就定人生死，我觉着你才是暴力的化身，不幸的源头，精神病院就应该是你一生的归属。
是，社会是存在很多问题，阶级固化、贫富差距、教育资源分配不公、房子医疗养老等问题都让人担忧，但历史上哪一个社会不曾经历过这些问题，又有哪一个社会是完全公平、完全幸福、完全没有问题的，而美国的价值观就更让人不齿了。你强大时，就用好莱坞电影向全世界人民灌输英雄主义，以此让人们学会慕强、畏强、跟随强；你国家进步没那么快，别的国家追上来时，你就又用电影传输社会不公、弱者有理、我们要勇敢反抗强者观点！
我就纳闷了，咋就没看见你们国内出现打杂烧抢，咋就没看到你们国家被人收保护费，咋就没看到你们站出来解决贫富差距、资源分配不公的问题，你们那个美元世界货币单位、华尔街世界经济中心不比我们国家不公的多，一出个啥问题就疯狂印美钞，一有个啥动乱就一起去做空。每年不是去打这个国家、就是去支持那个国家暴乱，你咋那么闲呢？自己国内问题解决好了吗？基础设施都建好了吗？福利制度都完善了吗？穷人都安顿好了吗？有那时间打别人还不如多关心关心自己国家的人民吧！
不可否认，这部电影剧本、演员、导演、摄影、后期都很优良，也不可否认这是一部好电影，但这个价值观真的让人不敢苟同，更让人不敢苟同的是这个价值观竟然还引起豆瓣这么多网友的共鸣和支持，不知道当他们生活不如意时是不是也要上街杀人？",2,https://movie.douban.com/review/12067446/
Joker,"情节安排刻意是在，火车上面小丑第一次杀人那段。小丑忍不住狂笑，那三位有钱人就来抢小丑东西，小丑冲动下就杀人了。
警察为了破案，竟然被群众打死了。。
我是真理解不了小丑把自己养母给杀了？？what fuck？？小时候虐待小丑的是养母男朋友啊
小丑最后还把心理医生杀了？？
社会制度下，底层人民的处境。但是小丑这个已经完全变态的人物，太变态了真的，没有什么好的转变可言，三观严重偏移。。",2,https://movie.douban.com/review/12066785/
Joker,第一次看，没看进去，可能是注意力不集中；第二次看，还是觉得不好：情节太差，宣扬的价值观太偏激，主演的尬笑实在是个败笔。对比一下诺兰导演的《黑暗骑士》里的小丑，这个小丑实在太差劲了。那个小丑，不强笑，一笑就很有感染力，即使不笑，而是念台词“hihi haha”（各大佬开会，小丑出场，建议他们请他干掉蝙蝠侠），效果也是非常的好。,2,https://movie.douban.com/review/12063519/
Joker,"我只是希望，我的死亡，比我的生命，更有意义 。
原谅我的笑声。我有病 ，但这不代表我的心情。
------------------------------------------《小丑》
引用一段：
如果当初亚瑟扮小丑没有被抢广告牌，就算被抢了广告牌后也有路人相助。
如果公车上小孩妈妈对亚瑟能友好些。
如果心理咨询师再能和亚瑟交流再深入些，次数再多一些。
如果邻居苏菲真的能和亚瑟做朋友。
如果蓝道不出卖亚瑟。
如果莫瑞不去嘲讽亚瑟。
如果托马斯韦恩能对亚瑟再耐心一些，甚至还能资助亚瑟，甚至托马斯代表的城市管理者，对哥谭市的管理承担更多的责任，而不是选择无视和无知。
如果亚瑟母亲潘妮能早些和亚瑟坦诚他的身世。
太多如果了······································",2,https://movie.douban.com/review/12058832/
Joker,"终于看完了小丑，今年的大热，看完后却有太多东西不吐不快，故落笔一叙。
在开始评论前先说一个前提：写这篇影评之前我仅耳闻了不少微博热度，但豆瓣上的其他的评论都没看过，以下仅为个人观感。
剧情什么的就不重复了，在其他影评里被重复了无数次。
先说说亚瑟吧，作为本片的主角还是需要稍微概括下的（略微剧透）：1、从小是个孤儿，儿时被潘妮领养；2、儿时被潘妮的同居男友虐待，但养母潘尼却袖手旁观；3、对儿时的记忆因为某些原因（被虐待受刺激之类）全然不知，同样，身体也因为虐待显得营养不良同时有些畸形（影片多次有亚瑟赤裸上身的镜头）；4、患有一种心理疾病，控制不住自己的情绪，片中体现为只会“笑”；5、因为这种只会笑的疾病被养母称为“Happy（快乐）”；6、政府部门拨款设立的公益性机构有对亚瑟进行定时的心理咨询和配给相关的精神药物；7、亚瑟有一定程度的臆想症。
以上就是本片中对亚瑟这个人物前后转变的几个重要因素。纵观全片，亚瑟是一个群体的缩写和代表：贫穷、被歧视、毫无存在感。而整部影片的画面结构和音乐方面在前期也是以一种悲惨的形式展现出来，无时不刻地提醒着观影者：这是一个有着各种悲剧元素混合体的可怜虫，他在现实的碾压下随时都会崩溃。
不在沉默中爆发，就在沉默中灭亡。
而作为DC当家的头号人气反派，任谁都知道接下来会发生些什么，或者说没人会花时间看一个被社会淘汰的懦弱者是如何自我毁灭的。
亚瑟的转变过程是通过杀人来完成的，每一次的杀人他都会完成一个所谓“自我救赎”的心理过程。当然，在他看来或者说本片在主观上要传达的来看是在杀那些该杀的人，这些人都是在某一方面吸着亚瑟的血压垮他人生的那根稻草，这些人的恶越大亚瑟在后期反馈也就越淋漓尽致。
但，这些人的恶真的是恶么？
亚瑟在本片中分别杀了三个在地铁上嘲弄殴打自己的社畜、自己的养母、栽赃自己的道蓝以及最后的莫瑞。但仔细想一下，这些人的恶真的就这么罪有应得么？
以上四次杀人，我把他们的恶归类为：一时的恶、曾经的恶、自私的恶和社会的恶。
一时的恶：仅就影片展示的内容来看，三个地铁社畜明显是醉酒闹事的行为，这种行为放在我们现实中真的屡见不鲜。每个人都有犯这类恶的时候，但这未必就代表你这个人真的不好。
曾经的恶：因为亚瑟失忆的关系，他对潘妮曾经的所作所为都是通过他人之口来了解。但在本片刚开始展示两人关系的时候，我想所有人都会觉得这对母子之间的关系应该还是不错的。看看亚瑟的年龄，想必这样和谐的相处模式起码也有十来年以上了。
自私的恶：介于影片对道蓝的描述不多，这里就不多做评论。但总的来说，每个人都有因为保护自己利益而做出一些对其他人是伤害的事情。放在哥谭而言，可能是高失业率导致的就业不景气。且道蓝背后一套虽然不光彩，但亚瑟你把枪带出去真的好么？要找借口总是有的，但作死肯定也有他自己的功劳。
社会的恶：莫瑞的死我是觉得是最冤的，虽然为了完成亚瑟最后的蜕变这一幕也是有依可循，但……这一幕放在今天相信各位也不会陌生，某位网红因为一个事件火了，不管是好是坏是丑是帅都会成为各类媒体的资源点。而莫瑞代表的是广大的社会现象，大众想看亚瑟的出丑，需要一个娱乐化的平台，没想到放在亚瑟的世界里这是他成为小丑的最后一步。
说完了四恶，你会发现这些人本都不必死或者说不该死。因为这些现象放在我们现实的社会里是无处不在的，可能我们每个人都或多或少，或有意或无心地成为了其他人心里的某种恶，但我们自己却不自知。
唯一的区别在于哥谭的治安真的太糟糕了，亚瑟一开始被抢广告牌就能看出，因为没能得到公平公正的对待他对这个世界绝望了。但后续从两个警官的行为来看应该也是有好警察的，可能亚瑟自身也比较自卑，甚至自己都没去报案而是选择了自我倒霉从而引发了后来的被老板误会（你被抢了好歹去店里说下呢？被打一顿就直接回去了？还不报案？人家店主不投诉你才怪）
回到亚瑟身上，虽说他的精神状态一直有问题，但大多数时候是体现在“笑”这个点上（别人笑他不笑，别人不笑他开始笑）在其他思考能力方面也算是个正常人。那你这样子遇到不顺利的事就选择自我消化，内心积累的压力越来越大，一旦爆发起来必然不可收拾。所以很大程度上，亚瑟压垮自己的根本还是他的自卑，自己作出来的。
如果说亚瑟第一次杀人是“自保”加剧情需要、第三次杀人是“黑化”复仇加剧情需要、第四次杀人是莫名其妙加剧情需要……那么杀养母那场戏我真的觉得太过了。童年悲剧固然可怜，但这些亚瑟都不记得了，在他的记忆里更多的应该是和潘妮和谐相处相依为命的这几十年，这一点从他每次回家和养母的相处模式以及脱口秀时候的段子可以看出。非要说有冲突点的话就是得知自己是市长私生子到自己被领养的那段戏，区别是什么？心理落差。 一个一生不顺利的可怜虫突然得知自己可能是权贵的私生子（渴望父爱？不存在的，这不是《爸爸再爱我一次》）但在费尽周折后反而得知自己是领养来的，这种大喜大悲间的心理落差是我对亚瑟能做出弑母（何况还是个中风躺病床的老人）这一举动的唯一解释。
整片再有一个让我很不舒服的点就在于非主角类的人物刻画：因为这是一部小丑的“洗白”片（给他为何成为这类人找到足够多的借口），所以除了主角外都不是什么好人。就片中来看唯一对亚瑟好的那个黑人妹子还是他自己臆想出来的场景。
如果是看励志片，那片中你遇到再难的事都有人来帮你，如果是洗白片，你遇到再开心的事最后也是伤害你的来源。
亚瑟抱怨心理咨询的那个黑人每次只是重复问问题根本不管他在说什么。人家那也是工作好么？虽然也有好的心理咨询师但导演为了让你不爽就安排这么一个不近人情的咨询师，而且人家也没怎么你啊，无功无过也很可以了。
放在今天的国内，亚瑟这样精神有问题跑出去时不时杀个人的不就是微博上那些人人诟病的深井冰杀人不犯法之类的吗？却成为了DC小丑的洗白之路……
最后看完这片，再看看现在的HK，真的好唏嘘啊。也难怪那么多老外哪怕什么都不了解却要喊HK加油的口号，再看看这部片及其火爆程度，一切都不难理解了。",2,https://movie.douban.com/review/12057070/
Joker,"这部电影太可怕了，杀人那么随意，自卫也就算了，何必杀掉那些罪不至死的人呢？去儿童医院带枪本来就不应该（谁会在跳舞时还别着枪啊，你为防身可以放包里么），到头来怪罪给他枪的人，兰道就算有心陷害他，也是他自己给的机会不是吗？还有心理医生，人家没对不起你啊。还有主持人，要是嘲笑人就该死，世界上不知道要发生多少凶杀案。最不可思议的是，找市长寻仇还把人家妻子杀死，报仇还要灭九族么？
我为什么不想认真地写影评，分析这部电影的深意呢？因为我真的怕死了，害怕哪天不小心说错话被人记恨在心，或者不经意间没理解谁的苦衷被他当成冷漠的人，我连反应和解释的功夫都没有，就被他杀了……还好，我安慰自己，幸亏生活在和谐稳定的大天朝，不会有人随随便便掏出枪来，也不会有人突然拿刀刺我或者往我身上浇汽油，虽然是社畜，至少人身安全有保障，还能躺在被窝里玩手机。",2,https://movie.douban.com/review/12054669/
Joker,两星给人物塑造，合格的塑造里一个心理畸形的人（不愧是反面角色）。剩下我觉得不太符合人类社会。这难道是官逼民反，民直接打砸抢烧来报复整个社会？世界上每个人永远都不会一帆风顺，但是我们都有坚强活下去的理由。而不是报复社会。就因为母亲精神有问题，幻想的一系列的假话，直接将母亲捂死，实在不敢苟同这个电影宣传的思想。是不是前段时间北大还是清华那个弑母案的那个学生也是值得赞扬的？,2,https://movie.douban.com/review/12053464/
Joker,"7.2单纯的说自己的想法，编剧是疯了吧，反正是会看不懂要讲什么，或许从结尾的歌突出主旨？不懂。我并不会从中得到什么启示，只是感觉看了一个故事，一个让我有点不爽的故事。也明白了它为什么不上映，反正我是不会推荐别人去看的。下面，按照往常理性分析一下，不然感觉什么都没看。
主角是个对自己贫穷的身份和总是因为大笑而受欺负的人，刚开始他是善良的。但是，做好事却没有好的结果，他杀掉了坏人;被人诬陷，他学会报复;被当众取笑，上电视台他杀了不尊重别人的所谓的搞笑主持人;被告知亲生父亲而他却不认之后，最精彩的，他被告知母亲是精神病人有幻想症，去了精神病院也是同样的结论，他杀掉母亲(或许是因为她欺骗他的感情，或许只是因为没钱给她治病)，后来又认为母亲没有幻想症，是有权势的父亲操控一切。最后结局是以他上电视杀掉那个主持人，并且说了一些话，引起民众的共鸣，城市里的暴动比之前更大了些。在joker被押走的时候，可以看到到处都是暴徒以及类似暴乱之后的残渣，押送joker的车被撞了，joker被那些""暴徒""救了下来。
也许是环境不同，我感受不到编剧到底是要讲什么，而且我对主角是会感到害怕的，就算经历了种种，还是尽量要保持初心的。这只是我自己的理解，或许会有偏差，但我不想深究，我是真的不想再看它一次，有点折磨",2,https://movie.douban.com/review/12048411/
Joker,"一个疯子居然被吹上天，我心目中的小丑要么就是变相怪杰，要么就是大头小丑还魂，这玩意儿反正我欣赏不来，不论大众怎么尬吹，它也永远不是上来台面的好角色。
。。。。。。。。。。。。。。。。。。。。。。。。。。。。。。。。。。。。。。。。。。。。。。。。。。。。。。。。。。。。。。。。。。。。。。。。。",2,https://movie.douban.com/review/12046503/
Joker,"从剧情上看，真的是无聊且无病呻吟，成年人的世界没有容易二字，小丑受的委屈确实多点，但是身为残疾人必须要有这种觉悟吧？虽然不对，但是即使在完全发展的社会也无法避免吧，而小丑是睚眦之仇就抬抢杀人，说到底他代表的并不是社会底层而仅仅是严重精神病这个团体而已，觉得有代入感的真心建议去看看心理医生。
在一个故事已经不行的电影下说什么服道化有意义吗？",2,https://movie.douban.com/review/12045232/
Joker,"一个笑着的、会跳舞的汉尼拔，都有哪些反社会逻辑？JOKER会演示几点：欺负我？不可以！拿枪干掉你；嘲笑我？不可以！拿枪干掉你；栽赃我？不可以！拿剪刀刺你丫的……这种逻辑简直无解，只要对我不友好的言行，统统干掉。
难道所有负面情绪都只能通过这样发泄？谁都有不顺，有的人消化掉，有的人自我反省。而亚瑟的选择是，既然我过得不好，那这个世界也跟着完蛋吧。
真厉害
真可怜",2,https://movie.douban.com/review/12043317/
Joker,我没你们豆瓣的各位大神那么有深度，能把一部电影看出人生真谛，一个个点评的跟专业影评人一样，就差没请你们上电视去讲了。全程看了想睡觉，耐着性子看完，我觉得自己的耐心修炼又上了一层，整部片给我的感觉就是枯燥和无聊。演技好坏不想谈，免得被那些“专业”影评人抨击，剧情那是相当的无聊，如果真的想装一波，可以看看然后在豆瓣写一个有“深度”的影评。,2,https://movie.douban.com/review/12042965/
Joker,"终于拿到了《小丑》的资源，看完这部已被捧为神作的电影，感觉还是有些失望。不得不承认，评论《小丑》是一件严肃的事情，特别是结合目前南方某城市的发生的情况，还是就电影本身就事论事比较稳妥一些。
以下内容涉及轻微剧透，介意者慎入！
如果满分5星的话，我给《小丑》打2星，1星给DC，作为DC的轻粉，为蝙蝠侠一生之敌小丑单独拍一部篇外篇本身就值1星，另外，杰昆·菲尼克斯的表演确实精彩，也值1星。其他的，恕我直言，全是败笔，一无是处：1.小丑人设失败（不是指杰昆的表演失败）；2.故事逻辑漏洞百出；3.创作动机和用心无比险恶。
为一部优秀的作品续前传久已有之，金庸先生为《雪山飞狐》写了《飞狐外传》，但是，金老爷子自己也承认，这种写法难免会出现前后脱节的现象。小丑这个角色爆红源于《蝙蝠侠·黑暗骑士》，希思·莱杰把个阴险狡诈、杀伐果断、心黑手狠的小丑演绎的淋漓尽致、入木三分，被全世界的影迷尊称为“丑爷”，随着希思·莱杰的去世，大家公认“希思·莱杰之后再无小丑”！虽然杰昆·菲尼克斯的表演足以给出10分，但是给人的感觉却是此小丑非彼小丑，如同殷离认为曾阿牛不是蝴蝶谷的小张无忌一样。希思·莱杰去世时年仅28岁，他塑造的丑爷也不过20啷当岁，如果给他拍前传怎么也得从童年开始吧，杰昆的小丑岁数特么比我还大，说他年过半百也不为过啊！影片一开始，他就被几个小混混海扁一顿，打得连他妈妈都不认识了。你要说电影揭示的是小丑内心的彻底黑化，这没问题，问题是这又不是拍《功夫》，被人包扎成木乃伊还能破茧化蝶，轰出一记如来神掌，怎么解释在后续时间线上《黑暗骑士》里的矫健身手？说到创作动机和用心的险恶，不妨回顾一下DC的蝙蝠侠系列故事，哥谭市是蝙蝠侠的家乡，也是他誓死守卫的地方，小丑是邪恶的化身，是蝙蝠侠的一生之敌，很多影迷评论说，丑爷最后不是败给了蝙蝠侠，而是丑爷自己不想玩了。而影片的编剧却在暗示蝙蝠侠的父亲创建的韦恩集团才是哥谭市的毒瘤和黑伞，地铁里三个衣冠楚楚的人就是就职于韦恩集团，而小丑杀他们三个却是起源于见义勇为，这也成为他黑化的直接导火索，真是莫大的讽刺！而在影片的最后，剧情又在暗示蝙蝠侠的父亲就是小丑的父亲，他俩本是同父异母的兄弟，而蝙蝠侠的父亲为了掩盖这个事实才动用手中的权力把小丑的母亲关进医院，并制造病历说她精神有问题——当然，关于这个问题的解读见仁见智，在此不作过多分析，但已足以看出编剧的险恶用心——彻底推翻之前建立的DC世界观……不过，换个角度看，也许编剧看过白毛女，分明就是想说明万恶的资本主义把人变成鬼啊🤪就表演而言，个人以为，希思·莱杰和杰昆·菲尼克斯的表演正如同一付扑克中的两张joker，希思的小丑是彩色的，更加鲜明有活力，而杰昆的小丑却代表了无尽的黑暗！",2,https://movie.douban.com/review/12041133/
Joker,"或许要承认，影视剧里的反派更像是为了唤醒我们内心对杀戮的快感，享受他们被主角英雄们以各种开创性的死法消灭的过程，反派的穷凶极恶是受限的，只是大家希望看到血肉飞溅的合理借口，逃不出我们的视奸。毕竟电影的基本功用就是心理投射，我们心中的光明和魔鬼在银幕上厮杀，欲望、情操、价值观被加倍放大，才会获得满足感
当蝙蝠侠骑着摩托冲向小丑，他放下枪开心的喊“快点快点，杀了我，杀了我”
这TM不是精神失常，这是第一次有反派跳出影片的第四维度直接向观众挑衅，让我死啊哈哈让我死啊哈哈哈你们不就想看反派死吗哈哈哈哈
这个小丑不接受任何人性的投射，你们的创伤、自卑、懦弱、愤怒、自私、脆弱、良知、悲悯……统统别想找到一点影子，他没有过去也没有未来，他的存在只有一个目的，考验人性，这是他的游戏，比如把两个游轮分别装上炸药，让对方拿着遥控器，连顶着无限光环的蝙蝠侠都无可奈何，他抛出终极难题，一边满载着公民，一边满载着罪犯，谁该死谁值得活？为什么自己不能行使按遥控器的权利，为什么对方没有按遥控器来自救，这是一道不折不扣的魔鬼抉择
这是超越影片篇幅所及的描述
类似的mindfuck，小丑在影片里留下很多，他并非纯粹满足观感的暴力化身，而是杀人诛心的魔鬼，只能在这个层面预支对决，所以蝙蝠侠并没有像对待自己老师一样置其死地。另一方面，虽然很多影片的反派也会受虐式的将快感建立在自残自杀的疯狂行为上，但小丑的超越之处在于他有强大的逻辑和观点作为支撑，用缜密的思维制造混乱，而非纯粹精神失常的变态杀人狂：
“混沌能带来平等”
“在他们看来你只是个怪胎，和我一样……”
他嘲讽蝙蝠侠，一语双关
深渊一样的可怕和不可预测，堪称史上最无懈可击的反派，也是不向观众妥协的反派
而新版小丑严重矮化了诺兰和希斯莱杰打造的小丑形象，再搞笑一点说，是丑化了小丑的形象，他代表了一个人最无能最卑怯的样子，并把这种脆弱无助归罪于社会的黑暗和人性的冷漠，可笑的是，当他开始作恶，忽然就获得了巨大的力量和勇气，这他妈就是在宣讲撒旦教的教义，亦或是为恐怖主义拍宣传片，如果人生看不到希望就有理由报复社会，那么那些去幼儿园砍小朋友的，欠了巨款去烧死一公交车人的，在香港制造暴乱的，都可以获得同情了？这根本不是人生遭受摧残后的唯一选择，只有懦夫才会怀揣着受害妄想，用暴力掩盖自己的无能。然而可笑的是，导演用左派的反社会思维企图把小丑打造成格瓦拉式的革命勇士，强行塞入饱受侵害的人性（又倒霉又无能又有病，真的是没谁了），罪恶的上流社会，以及尴尬的境遇，如果不是小丑的强大IP，这样的人设只能打造出令人身心严重不适的三流电影，比如主角若是你隔壁的傻二哥，忽然就暴走杀人，你会同情还是会拨打110？
小丑啊，被拍成了十足的小丑
缅怀希斯莱杰，于是悲愤交加
转自朋友圈",2,https://movie.douban.com/review/12041081/
Joker,"观影感受不是很好，
前半段会让我感到恐惧，如果这是部恐怖片的话，它对我而言是生效的。
如果我身边有这么个杀了人之后毫无愧疚之心的人，并且记忆还是不稳定的，我要是知道了肯定想躲得远远的。
恐惧感加上故事里细小的逻辑bug经常会把我踢出戏，这个世界既失真——比如说抢了精神病院的资料但没有警卫，比如说女邻居家特意不锁门，比如说笑病基本上是为戏剧服务的，想笑就笑——又不是我喜欢的。
虽然演员演的确实牛逼。
虽然他数落韦恩的金句听起来非常提气。
但我仍然不希望我的身边布满这样的人。
他们可以理直气壮的损害任何人，并且逻辑自洽。堪比某些教派，甚至还要恐怖。
剧本3星，演员演技可以加星，但被观影不适减掉了。
价值观再减星吧。
没有人想惹毛任何人，只是人类天生就容易被惹毛。
对了音乐挺好的。大提琴。很喜欢。
豆瓣这么高的分，
不考虑其中的从众行为的话，大概可以理解有多少人过的压抑，不开心，想要反抗。
但久跪的人自己大概是不敢站起来的，
反正我不敢先站起来。
但我也不想起哄。
着火了，救画还是救猫。
妈的不是应该救火么。",2,https://movie.douban.com/review/12038530/
Joker,"很奇怪威尼斯电影节为什么会把金狮奖授予这样一部电影。
说它是商业片吗？没有娴熟老练的悬念设置和叙事节奏，看到中间我甚至有两次想要快进；说它是艺术片吗？没有人性的多轨与挣扎，无从引发深层的心理震撼和审美体验——或许有一点点神经质的邪魅吧，也是用杰昆·菲尼克斯的演技和匠意十足的美术感挤出来的，因为用力过猛，反而有些隔。
说它在复刻现实吗？全片没有出现电脑手机，甚至连穷人怎么解决吃饭的问题都拒绝交待。小丑在高高的台阶上和地铁站里惊艳而诡谲的舞蹈动作，踩着精致华丽的音乐，似乎努力要象征点儿什么，实在又了无深意可言；说它有寓言化的心思吗？与Joke单独接触的都是黑人，富豪们在金灿灿的剧院里看的居然是古董似的卓别林电影，可那又怎样，全片几乎是教条化的丧悲人生和社会问题的阴郁堆砌，真读不出还有什么形而上的意味。
所有人物形象几乎都是刻板僵硬和概念化的：富人冷酷无情，骄纵不仁，社区救助站的医生机械冷漠，像自动语音一样永远面无表情重复同样的话语，脱口秀主持人享受明星光环，戏弄弱者的尊严甚至当成博取收视的笑料。只有那个“被侮辱与被欺凌的”的小丑，待人和善，孝顺母亲，见到孩子会做鬼脸、献花、玩杂耍，除了身无长技和轻度自闭，他对这个社会没有任何亏欠，甚至是燃着微弱的人性光辉的唯一一支烛光，但整个社会都在朝这支烛光吐痰，所以他由崩溃而燃爆了——引燃了全城骚乱，魔幻似的成为造反派“偶像”。
是一只羽翅下渗出血污的乌鸦，痉挛着斜掠过雨水漫漶的街道，可惜全无生命的质感和肌理，好像机器自动执行拼贴的无机物罢了。
试着回顾一下三十年代的中国左翼小说，比如夏衍的《泡》：女工采云原对生活怀着希望，一次夜班加工就被资本家有意借故开除了，“一种原始的憎恶和忿怒在她心里蠕动起来”；再比如蒋光慈的《短裤党》：“工人阶级真苦，有钱的都不是好东西啊！赶快革命、革命、革命……真的，金贵无时无刻不想革命的实现。”除了没有机会对着电视镜头发表一通演讲：“这万恶的社会体制，让你们决定是非对错，也让你们决定什么好笑，什么不好笑……没有人互相尊重，换位思考，他们除了关心自己，有关心过别人吗！”两个时空里的人物简直出于同一“印版”，同一“模型”，完全依照抽象的阶级概念制造出来。区别可能也就是小丑反问了一句：“你看我像是个发动革命的人吗？”
电影末尾，虚构的哥谭市火光冲天，似乎燃烧在一种“恶有恶报”的快感和戾气当中，只是不知为自己伸张正义的人群里面，会不会有影片开始在街头围殴小丑的那群小混混呢？自小看多了中国历史教科书的人甚至会想：如果远方有一个延安，小丑们将作何选择？
它确实有数不清的现实指涉，比如川总上台、比如法国黄马甲，比如渔村等等，所以它可能给很多人提供了一个宣泄情绪的闸口，也可能有人确实需要这样一个闸口，但那是社会学和政治学研究的对象，电影没有完成艺术要做的事。我有没有过小丑似的绝望与冲动？有的，此处删去若干字；生活中有没有对他人的苦难惯性冷漠甚至无情加以嘲謔的人？太多了，俯首皆是的素材，电影居然没有给出令人信服的刻画，编剧的职业偷懒不可原谅。就像蒋光慈式的文学沦为低劣的政治春药一样，《小丑》虽然拥有精美太多的电影语言包装，但依然不高级啊。
电影是什么？我还是比较认可易中天先生的看法，“电影是一种工业化生产供大众消费的视听综合观赏物。因此，电影并不都是作品，更多的是产品，甚至商品。”
我很难把《小丑》划入作品之列，甚至认为它没有太多谈论的价值。以人类今天的生产力，地球上的财富足以让绝大多数人过上闲适自足的日子，然而偏偏产生惊人的浪费和贫富差距；以人类今天的文明程度，原应让所有人能够享受合理的文明，然而发达的科技知识居然变为劫掠的手段，而且远比古人用冷兵器劫掠更为野蛮。——这才是可供《小丑》参考的探讨话题，可叹电影取了最低幼而肤表的一种讲述。
这样一部电影居然能获大奖，居然能引起那么热烈的争议，这个世界真是出了很大的问题。
7��Q����P�b",2,https://movie.douban.com/review/12038168/
Joker,"可以被理性解释的恶，以""被理性容许，理解""为动机或许可造成更大的恶，两个警察何罪之有，如果说整个社会已经烂到根子了，那么个人的觉醒，想要推翻这整个体系的运转，会不会对一些无辜的人造成他们本不该承认的痛苦？而且片尾""精神领袖""的出现更是让我感到很突兀。希斯莱杰的小丑之所以令人震颤，是因为那种暴力极端，完全是无理由的，是人性固有的，这种魔力无人能抵抗，即便嘴上再怎么鄙弃，可是你内心无法不对这样的""怪物""感到害怕。结尾中小蝙蝠侠懵懵懂懂，可以看出这是第一代哥谭市，恶的雏形已经被构架出来，不过并没有令我满意，而希斯莱杰代表的是，在一个容器里，恶会发展到何种癫狂，极端的程度。这样想想，这个电影作为前传还是蛮有意思的。另外，我不认为恶可以由小小的精神病人物激发出来，并以精神领袖的形态出现，当一个人能令体系为他所停止运转，他本身就是混乱未知，无法被理解的，绝对无法令大众产生所谓的理解和共鸣，从这个角度来说，这个小丑塑造的并不成功。
很抱歉我给了两星，一星我给的是逐梦演艺圈，不给两星实在过意不去。
演技都无需再赘，还有我认为剧本的构筑可以更好的。",2,https://movie.douban.com/review/12038113/
Joker,"吐槽剧情就会有剧透，先说开头小丑上街举的广告牌被几个臭小子抢走了，又在巷子里把丫痛打一顿，广告牌也碎了，那么后文提到老板接到了甲方爸爸的投诉，说广告牌没还回来。于是质问小丑，小丑觉得自己很委屈，“我要广告牌干什么？”
那我寻思你是第一天上班吗？广告牌又没化成灰，你不捡回来怎么自证清白，甲方爸爸回头还要收回这个广告牌的，这点工作经验都没有吗？
然后同事给小丑搞了一把枪，本意是让他用来防身的，可小丑自己把枪带到了儿童医院，并且在表演的时候掉了出了，一屋子的人全看见了。
你说你随身携带是为了防身那没毛病，可你没处理好让它在众目睽睽之下掉了出了，这不是自己的锅吗？这有的洗吗？
然后老板打电话来告知小丑，你被解雇了，因为同事告发了他私藏枪支。我看有的影评把这一段剧情叫“同事的出卖”   WTF？？
哦那敢情怎么着？你自己的锅还想拖同事下水吗？经济大萧条工作很难找，人提前跟你撇清关系呗，重点是枪也不是你同事让你带到儿童医院的啊，枪也不是你同事让它掉出来的啊，难不成要一起背锅吗？顶多他就是为了自保不地道的落井下石了，但是前提还是小丑自己把事情搞砸了啊。
接下来说地铁那一段，整个车厢里就五个人。。。三个衣冠禽兽，一个用来被调戏的工具人，一个小丑
从后面来看，是可以从这个车厢走到另外一个车厢的，也就是说小丑可以提前走出这个将要出事的车厢，但是导演不让走，我就要在这坐着，等着发病，等着被打，等着反抗这命运的不公，哦卧槽，这特么也太刻意了吧？
你说你被打又不是因为你见义勇为去救那个女的，而是因为突然发病大笑，破坏了人调戏的气氛被打的。
随后就在打斗中开枪杀了两了，又一路狂追补刀干掉了最后一个。这就是暴起杀人的理由吗？
我真的就看不下去了甚至开始玩起了手机，以至于小丑跟他妈那段剧情没太看清楚，这里就不多说了。
再来说电视台那一段，小丑一直通过台词强调自己，有梦想，想为大家带来欢乐。那么现在你有这个机会，上电视面对那么多观众展示你的才华，就算那个主持人请你来的目的，就是想嘲笑你挖苦你，那你也没给自己机会啊，让你讲笑话你讲了个敲敲门，后来一言不合就把人崩了？
卧槽我寻思这特么什么鬼逻辑？你一个社会底层，一个知名的娱乐节目请你去当嘉宾，就为了嘲笑你？？？怎么这么大个脸？
那给我通告费让我上个热门综艺，嘲笑我也行啊
整个电影看下来，没有感觉小丑为了自己梦想付出多大的努力，感受到的就是特么整个世界对我都不好，谁不理解我我就要弄死谁。小丑本身就是个超级大反派，你要说这个片就跟观众讲小丑的起源还行，那这剧情他也不出彩啊。
但是你要觉得小丑是个本性善良，被社会逼的走投无路才不得已而为之的话，我觉得太他妈扯淡了，哥谭市真的人人都是混蛋吗？显然不是吧，要不然蝙蝠侠守护个屁的哥谭？
九分真的太扯淡了，就这剧情要是国内编剧写的估计要被骂个狗血淋头，其他的什么氛围营造，渲染，配乐镜头啥的咱也不懂，也不敢多说，就这剧情，两颗星。",2,https://movie.douban.com/review/12037216/
Joker,"1、首先三星里面有两星是给主角令人十分惊艳的表演，这演技实在是太炸裂了，每一个眼神来说都是戏。
2、从剧情来说，说实话很平庸，一个人因为糟糕的一天而变得崩坏，这种剧情有太多的前车之鉴了，你如何能让这个题材变得爆炸开来，可能很多没看过这个题材的觉得很新颖，但是对我来说小丑没有做到，莫名其妙的干掉了三个人之后开始崩坏，全城开始莫名其妙的狂欢反抗，是因为什么？穷富差距？但是都没有任何足够的刻画，而这恰恰就是joker这个电影最大的不足，你想描写出是社会把joker逼疯，但是对整个社会的描写又不够细致，完全成了男主的独角戏，而显得整个城市的狂欢显得莫名其妙。",2,https://movie.douban.com/review/12037010/
Joker,"通宵看的《小丑》（好久没通宵了），看完之后——这XX也配叫《小丑》？！如果电影叫《一个小人物因为悲惨的经历而进行疯狂复仇的故事》，那还可以算作不错的电影，虽然称不上好电影。但是《小丑》？！这简直是对《蝙蝠侠：黑暗骑士》和“小丑”的公开侮辱。
# 伟大的小丑
“小丑”之所以伟大，除了Heath Ledger的非凡演技，也因为Nolan的导演，更重要的是故事里角色的刻画。
“伟大”之所以称作“伟大”，是因为它不“渺小”，它超越了自我。
《黑暗骑士》里的小丑虽然有痛苦的经历，但他并没有只停留在自己的复仇。他更像是一个社会学家和科学家，他通过实验证明自己的观点。
蝙蝠侠说哥谭之所以混乱是因为黑社会太过庞大？我要证明普通人也是邪恶的。蝙蝠侠说哥谭需要一个光明骑士？我来证明光明骑士也能成为一个恶棍。
小丑是讲理的，他希望和蝙蝠侠辩论，因为他认为自己是对的。最后小丑被抓，光明骑士死了，蝙蝠侠跑了。蝙蝠侠输了，小丑赢了。
人们虽然认为小丑是个反派，但是无法否认他的道理。虽然人们必须消灭他，但同时人们尊敬他。人们会为小丑惋惜，因为他本可以成为光明骑士。他经历了太多痛苦，他只看到不好的一面，他对社会失去了希望。
#平庸的小丑
Joaquin Phoenix精湛的演技无法弥补糟糕的剧情。复仇虽然常常带着正义，但是太过平凡。角色本身的设定就达不到“伟大”的高度，拍的也够差的，整篇都是在讲小丑一个人。当小丑开枪时，只讲了小丑开枪。现场观众的反应呢？只有一些声音，连表情都没有。电视前的观众呢？连个镜头都没有。为什么人们开始疯狂？小丑竟然杀了试图和他讲道理的人？小丑竟然等着被抓？靠别人救他？这也陪叫小丑？这也陪叫神通广大的小丑？这也陪叫令蝙蝠侠佩服和头疼的小丑？拉倒吧。",2,https://movie.douban.com/review/12036556/
Joker,"又上一部被尬吹的电影……
小丑最著名的标签是混乱，正因为他混乱的神经质才让人捉摸不透，因为你根本不知道他想干嘛，这也是他人气高的根源。但电影里只表达出了恨和恶意，简单的精神病+杀人狂而已，层次就差远了。
另外，感觉好莱坞的意识形态已经阻碍导演好好讲故事了，反派一定是要有万人欺凌痛不欲生的经历才成为反派的，合着就是要告诉我们罪犯本都是好人都是被我们给逼出来的？不能有无缘无故天生的恶了么？
最后我始终想不明白的是，杀了三个人就点燃了全哥谭恶人的high点成为了领袖，这样的哥谭是不是过于宁静祥和……那大连那个小人渣是不是可以封神了？",2,https://movie.douban.com/review/12036489/
Joker,"社会边缘的人物固然应该得到重视，贫富阶级之间的矛盾也确实如影片中所述日益尖锐，对精神病人的管理和关注也是我们需要做出改进的方面。
但是，我并不是很喜欢这部影片。
尽管男主角演技精湛，然而这部影片总给我一种，为了给小丑一个可怜痛苦的社会边缘精神病人的身世，而且为了让小丑的暴力显得更加合理和帅气，所以才会这样设置的感觉。并不是真正的在关注社会边缘人、精神病人和贫富差距导致的社会矛盾。
人们总说一个词：不破不立。武装斗争与暴力固然是改变一个社会和推动一个社会进步的必要手段，然而这只是一个开头，也只是一个部分。
如果破了而无立，那么整个社会将会变成一片地狱。打破一种社会模式和规则之后，是一定要有新的社会模式和规则形成的。然而这部影片没有让我看到应有的新的模型。
如果你跟我说，因为小丑是个精神病人所以他的行事不该被这样处揣摩。
那我只能说，好的，请你好好享受DC宇宙中帅气的小丑，他的过去和他的蜕变，你会有个很好的观影体验。",2,https://movie.douban.com/review/12035125/
Joker,很抱歉，小丑就像是国王的新衣。你真的没有那么好，即使被人说我的审美不够，我也不想装。整部影片给我的感觉就是check this out！我们有最小丑的小丑！我的小丑是影史的艺术品！！在我的记忆中，小丑扭曲，耀眼，诱惑，战栗！！喜欢看他，又恐惧他，想追随他，又畏惧他。这些通通都没有了。。。直白，生硬，毫无魅力，毫无惊悚！我的两小时啊！,2,https://movie.douban.com/review/12034117/
Joker,"a从小受到虐待，a生活艰苦，a有心理疾病，a被小混混欺负，a的老板觉得他工作不够优秀，a的同事对他背地一套……

所以a可以报复社会，觉得bcdefg都得死，才是公平，这是什么逻辑？！什么狗屁价值导向？！

那些觉得亚瑟值得同情，报复社会的行动可以理解，给这片子墙裂推荐的观众，都把自己深情的带入到a的角色，觉得自己委屈，要发泄。

你们有没有想过，万一你是bcdefg呢？

不知道这些观众，对于前几天“9岁男孩被精神病人活活打死”的新闻，是个什么态度，比起凶手，片中的亚瑟可更像一个正常人，如果亚瑟所作所为能够被推崇，那么这位凶手就应该被原谅？？
我特么恨不能这个垃圾精神病人当场爆炸！
再看评分，评分总得把演技角色剧情价值导向什么的一起来综合评价吧？真的能给五星么？真的强烈推荐么？我觉得这个片子剧情简单，价值观有问题，那我也没有一撸到底啊。
最后，我再多说一句，就这个水平，和希斯莱杰相比，简直就是个joker。",2,https://movie.douban.com/review/12033985/
Joker,自从看过《蝙蝠侠点•黑暗骑士》之后，我非常期待能有一部独立电影拍下希斯莱杰扮演的小丑，感觉那剧情会很棒，终于在看完满怀期待的《小丑》后，很可惜，可能希斯莱杰演得太好了，小丑那种癫狂的形象太深入人心了，这个版本的小丑感觉没演出那个意思，小丑性格为什么这样也没从原生家庭上讲清楚，而且那种狂妄的感觉不够，有点遗憾～,2,https://movie.douban.com/review/12032673/
Joker,抱着极其期待的心情，看到一半中途还睡着了，最后的高潮就是在现场枪杀主持人那场，然后我看了许许多多的影评，有说全篇都是小丑的想象的，有说9012年，把一个人推入社会，就变成小丑了，看到这些强行深刻的评论我真的好拧巴，歇了几天，为了理性，又看了一遍，依然是觉得除了演技，其他太多地方经不起推敲，如果这样就是9分的标准，我也只能说每个人心里都有一个9分吧,2,https://movie.douban.com/review/12032209/
Joker,和预想中的优秀程度差了很多，作为一个拥有如此出名度的反派，经历的故事未免太平平无奇了，而且也没看出小丑独有的思维和高智商，感觉全篇就是一个不得志的人靠着暴力去发泄而已。但不得不说演员的演技还是一直在线的，很精彩，但也掩盖不了故事的单调性。如果只是因为这个影片的名字是小丑就要我买账的话，对不起我做不到。,2,https://movie.douban.com/review/12032155/
Joker,"先说个人观点：我不喜欢，一些人可以开始杠了。
片子的质量不错，光影色调机位音乐，都在线。演员演技不错，但感官上那种“贝尔式演员”的噱头反而要大过表演，用力过猛的痕迹非常明显。
看到那种什么“以后再提起小丑就是这哥们儿了”的评论，我顿时尬住了。
一句话评论，蒙着DC中最有魅力的反派外皮讲了一个连剧本都不想好好写的精神分裂的故事。故事线几乎就是单线，早早的交代了妄想症这一线索，让后半段索然无味到脑子自闭；而蝙蝠侠这条线，又给人一种“我就想蹭蹭，但跟蝙蝠侠可没啥关系哟”这样的别扭感觉，蝙蝠侠他父母双亡时，感觉像是导演忘记了这条线，然后“嗨，差点儿忘了，执行导演你来安排这几个人死一下”，扯断珍珠项链时候，那种我就蹭蹭不进去的违和感更加强烈。
也不用避讳这个片子最后特别像某道美丽的风景线，看到这里我实名笑了，可能导演并不想影射什么，但是这片子一出来，一些废物们肯定又要高潮，这是一定的，别再说什么与zz无关，最近一系列事儿，就知道西方社会的娱乐和政治从来没分家过，所以国内是一定上不了的，片名叫小丑之我和我的祖国都没用。
而且我支持不引进，就这样。最后一星给后期，一星给主演，9.0？豆瓣也不过如此，打五星的人，都看过片子吗？",2,https://movie.douban.com/review/12031713/
Joker,天啊，太压抑了这部电影，有同感的吗？？尤其是那个配乐，反反复复的大提琴音在耳边来来回回，简直是一种折磨，看了一半实在受不了了，虽然演技真的很棒，可能会半段会好看也不想看了。这不是一部简简单单的爆米花电影了……丧失了乐趣，给男主铺垫黑化过于冗长，就剧情来讲个人实在给不了高分，要按这个剧情感觉男主都应该自杀了,2,https://movie.douban.com/review/12031433/
Joker,"打分依据：电影5 表演5 角色1 动机0 情节3 影响0 平均：2
反对的理由：
1.对人物形象的失望
2.拍摄动机
3.影片价值观对社会造成的负面作用
这是一部，贴满标签，充满话题的小丑电影。在表达我自己的观点之前，首先声明观影前本人对小丑的粗浅认识：小丑是DC漫画中最邪恶，最难缠，同时也是最智慧的反派之一。对小丑的了解基于蝙蝠侠黑暗骑士。没有深入了解过DC漫画，因此仅从电影角度评价。
一
希斯莱杰版小丑没有具体交代起源，仅仅是一个“邪恶符号”，蝙蝠侠最大的敌人，以哥谭市为实验室做渡轮实验，在哥谭市的腐化中研究人性。小丑的魅力并不是来源于他的恶行与犯罪，而是他犯罪时的气质和极端。如此，黑暗骑士中的小丑无愧为塑造最成功的反派形象，甚至是一个影史经典形象，于是作为反派角色的小丑成为了蝙蝠侠电影的主角，并且让黑暗骑士成为经典。
在2019版小丑有很大的改变。他是一个普通人，心地纯良，然而最终被社会击垮，产生反社会人格，在脸上涂满油彩，成为小丑。不难理解，小丑杀戮的动机是宣泄，是负面人格被激化的结果。他脆弱，自小遭受家暴，被街头混混欺凌，渴望友谊与爱情而因妄想症产生的理想生活却被现实无情撕裂。他身患精神疾病，容易产生强烈情绪，而自身的理智无法控制自己不被情绪左右。他懦弱，面对托马斯韦恩时表现的无理而卑微，尽管他抛弃了自己（在自己和母亲的臆想中）。他犯罪的动机不是纯粹的邪恶，也不是想要改变哥谭，而仅仅是因为脆弱。一人两面的同事，他的母亲，心理医生，主持人，这些人的被杀都没有太大价值。在电视节目中小丑的表现也令人失望。不痛不痒的斥责并没有对电影高潮有升华的效果。不仅仅是对小丑形象塑造的背离，影片的情节逻辑同样难以自圆其说。他声称自己没有政治意图，却在电视节目中痛斥富人阶级从哥谭的腐化中汲取营养，不关心底层人民。地铁杀人事件成为引爆阶级矛盾的导火索，他却没有对民粹主义运动的力量和影响加以利用，而是被暴民拥戴，不明所以的重新被社会裹挟。所以亚瑟最终仍是一个受害者。这样一个小丑今后如何作为蝙蝠侠最大的敌人与他对抗？
二
在我的理解下，小丑是DC对电影转型的尝试。在漫威电影强势的竞争下，DC电影越来越边缘化。再加上DC宇宙的口碑扑街，DC希望能以想守望者和蝙蝠侠三部曲一样的姿态回归，在超级英雄的故事中解剖人性，以深刻的立意和独特的阴暗风格增加自己的竞争力。小丑应运而生。这部2019新小丑中继承了阴暗的风格和深刻的叙事。可是之所以说它坏，是因为这部电影拍摄的动机渗透到作为作品的电影中时变得不纯洁。他们让这部电影令人印象深刻的做法，是利用观众在前三分之二情节中对亚瑟的同情加上血腥的杀戮中释放的怨气。然而小丑作为罪犯，电影却似乎要让我对他产生认同和理解，更何况我在观影中意识到似乎自己的同情被加以利用以达到对小丑产生同理心的目的。这就是我下面将要说的，小丑产生的影响。
三
影史上在杀戮和犯罪中表现艺术的电影有很多，《杀死比尔》，《出租车司机》，《此房是我造》，然而终将这些行为局限在艺术的表现中，将镜头瞄准主角的这个行为上。然而小丑构造了一个杜撰的社会，要命的是它没有把这些犯罪，暴乱和民粹主义限制在电影艺术的框架中，而是在现实社会中能够找到具有对应性的模型。评论中有提到美国基层蓝领在社会变革中收到的不公正待遇，更有评论提到在香港观看小丑时，影片结束有人起立鼓掌。若是艺术的表现有了现实的对应，就不能以艺术创作作为开脱的理由。香港正在经历一个动荡的阶段，若是有人把小丑看作走出困局的答案，那时将有何其糟糕的结局？不想随大流把小丑拍成超级英雄这样的类型片，而尝试作为艺术片，本该是艺术片的小丑，却披上艺术的外衣，掩饰自己的目的，以煽动社会的负面情绪来赢得影响力。
然而电影已经在全球上映，这也只是一部电影。但一部危险的电影广为流行，观众却没有意识到他的险恶目的，令人担忧。这次小丑没有在大陆公映，未尝不是一件好事。",2,https://movie.douban.com/review/12030463/
Joker,"谢邀，刚看完，DC黑+漫威黑，2002-2008重度抑郁症患者，现基本好转。
个人认为《小丑》整个人物塑造和故事逻辑就是失败的，人物动机不合理，角色转变不合理，创作团队对精神疾病毫无了解但打着精神疾病的幌子胡编乱造，强行将一个恶人塑造成一个“英雄”。
我只从手枪这条线的细节阐述其逻辑不自洽。
第一次，同事兰道把枪交给亚瑟，隐约可看到袋子里至少有4发子弹。如果非常熟悉枪械的应该已经认出这把枪了，我属于半吊子，此时尚未识别出是什么枪。
第二次，亚瑟在自己家里玩枪，此幕中没有表现亚瑟装填弹药的细节，但特写镜头可以看到桌上有大约7发子弹，全景镜头中子弹摆放位置跟特写镜头中位置并不一致，此细节不究。然后亚瑟跳舞误触走火，打掉一发子弹。
第三次，可以看到是从亚瑟的裤腿内掉出来的，不是从侧边口袋掉出来的，所以推测亚瑟是把枪插在了腰带与腹部之间。从枪的外形大致判断是Smith & Wesson Model 36 Chiefs Special，净重552.8g，5发弹筒，属于小尺寸枪械。作为对比，iPhone XS Max净重208克，iPhone 11 Pro Max净重226克，我自己用的三星S10e净重约150克，2.5英寸机械硬盘大约200g。
也就是说这一把手枪的重量相当于3部最新款大屏幕手机的重量加一块儿，想象一下你随身带3部最新款旗舰iPhone，还是3台机器绑一起揣同一个口袋里，舒服吗？感觉不到吗？不可能的。重量足够把你没系腰带的裤子给扯掉下去，你绝对不会忽略这么重一个玩意儿。
所以孤儿院一幕只能有两种解释：
1. 亚瑟故意带进去的。但是结合前后剧情，这个毫无理由。
2. 亚瑟犯病了忘了身上带枪。这是目前唯一合理的解释。
3. 导演编剧强行为了塑造戏剧冲突而忽略了逻辑合理性，这个可能性结合全片剧情反而是最大的。
第四次，地铁杀掉金融男。
第1发子弹给寸头金融男，正中右额。第2、3发子弹给白衣金融男，心脏、左腹各一发。第4、5、6、7发弹给卷发金融男，全部打在背部。地铁杀人这幕亚瑟没有装弹细节，5发弹筒打出7发子弹，明显剧组工作失误。
第五次，剧情在暗示是托马斯·韦恩为富不仁，地板上报纸直接标题《杀富---一场新运动？》
第六次，注意两个细节：1.亚瑟在沙发上拔枪时枪挂着衣服了没拔出来，第二次才把出来。2.亚瑟对自己开枪，撞针明确被击发了，但是弹筒内没有子弹。结合前后剧情，此处亚瑟应该已经清空了弹筒。
第七次，不是亚瑟的枪，警探的枪。注意旁边面具人用手直接抓住了警探的持枪手，这已经属于严重袭警行为，也就好莱坞电影里会这么演。现实中你对美国警察这么做，极大可能性是当场被正当击毙。
第八次，亚瑟又对自己扣了一次扳机，外露式撞针依然被击发了，没装弹。
第九次，当场枪杀穆瑞，第2枪鞭尸后亚瑟把枪丢在了主持人桌子上。
至此，亚瑟一共打掉了10发子弹。考虑到亚瑟在家里时桌上还有7发子弹，兰道至少给了他12发子弹。但12发子弹与该枪型5发弹筒的容量又不对应，只能认为剧组对这把几乎直接决定了亚瑟人生走向的枪的细节并不关注。
在我看来，兰道将枪交给亚瑟时候，袋子里到底有多少发子弹，是本片一个至关重要的情节推进元素。亚瑟是在一次又一次的开枪杀人与“自杀”中完成从Clown到Joker的转变的，而他有多少子弹，则决定了他能否顺利实现这个转变。如果兰道一开始给亚瑟的只有一把枪和5发子弹（Smith & Wesson Model 36 Chiefs Special的5连装弹筒），亚瑟在地铁里将只有4发子弹可用，卷发金融男将能够顺利逃脱并帮助警方抓获亚瑟，从而杜绝了Joker的产生。再考虑到哥谭市是对纽约市的影射，纽约市又是美国典型的“禁枪区”，如果兰道不给亚瑟这把枪和配套的子弹，以片中亚瑟的精神、经济和社交状况，他根本没有渠道获得军火。
全片中亚瑟至少出现了三次想用枪自杀的倾向，第一次是在地铁杀掉头两个金融男的瞬间，第二次是杀掉自己母亲回到家后，第三次是参加穆瑞节目上台之前。但第一次弹筒里有子弹他没扣扳机，后两次他扣了扳机但弹筒里没子弹。这是自杀倾向吗？是。但更明显的则是反社会倾向，严重的自大、缺乏同理心、缺乏沟通能力、缺乏对他人关爱与帮助的正确理解。他认为是“他人”造成了他的苦难。
并不是。
如果说自杀倾向是无法承受自身的痛苦，那么杀人倾向则是典型的试图通过“作恶”来缓解自身的痛苦，这与打砸毁坏物品来泄愤在本质上完全一致。愤怒就是愤怒，无差别的、不加以节制的愤怒就是恶。本片试图营造亚瑟的善良弱小苦难无助与被拒绝使他成为了“小丑”，但我看到的却是他隐藏在弱小无助苦难与精神疾病之下不受控制的恶。
亚瑟这种恶，在后台一幕他嘲笑比他更边缘的矮人盖瑞时表现得尤为突出。
自作恶，该死。
本片的实际剧作者就导演Todd Phillips和第二编剧Scott Silver两人，Bob Kane、Bill Finger、Jerry Robinson都是原著漫画作者与本片基本上没什么关系了。Scott唯一拿得出手的剧作是马克沃尔伯格的《拳击手》，Todd之前最高分的作品只有一部7.7分的喜剧《宿醉》。简而言之导演编剧团队能力一般。
至于本片的政治隐喻，所谓的阶级斗争那套玩意儿，也过于小儿科了。美国人1930年代大萧条之后就再没经历过真正的苦难，片中亚瑟的生活条件远远好于许多其他地区的人民，论“苦难”，也许美国的文艺工作者们应该多读读俄国的苦难文学？《小丑》的小人物命运悲惨转变为反社会“英雄”的套路，《猛鬼街》玩过了，《德州电锯杀人狂》玩过了，《月光光心慌慌》玩过了，《十三号星期五》玩过了，这个套路过于烂俗以至于根本无法冲击我的情感。
糟糕的剧本浪费了《小丑》的一切。",2,https://movie.douban.com/review/12030121/
Joker,失望，失望，失望……         先说说这片子所塑造的小丑，1.弱小，对，就是弱小，极其弱小，小丑怎么会弱小呢，他的内心极其强大，他不需要别人捧场，他擅长玩弄人心，他最会煽风点火，这片子里的小丑，表现欲强烈，是那种极度需要别人关注的表现欲；知识结构太一般，永远在自话自说，说服不了任何一个人，除了偶尔吸引吸引小孩的注意力；没有冷静的时候，小丑最引以为傲的智商呢？没有冷静下来想些超出底线的反社会反人格主意，还能叫小丑吗？只会被自己想象出来的观众牵着鼻子走。2.小丑在这片子里没有成长为我们熟知的小丑，引爆全城的根本原因是经济萧条，大环境影响，关小丑毛事，他陶醉个毛线。      再说说这片出彩的地方，仅此一个地方，小丑上电视前在自己家彩排，他计划自杀，让自己的死亡比生存更精彩（原话忘了……），这之后的处理有点随意了，没看到弱小的小丑怎样涅槃了。       我心目中的小丑（此影评仅为自嗨，自说自话系列，严重同意别人对我的批评，虽不赞同彼此的观点），一个反社会反人类的渣滓，只有在漫画世界中存在，小丑虽是普通人设定，但其行为本身就符合超级英雄对手的所有超能力设定，很难被拍成普通人电影（这里想想，所以多给了一分，影片本来就难拍），这片子到底想表达什么，四不像，还是想表现一个好人被逼着反抗，我觉的应该不会是后者，这样的话，制作方也太坏了，坏的冒泡了，喜欢看电影不代表认同里面角色的世界观，但是这种渣滓都要这样程度的美化，比ps都过份了……就是在颠倒黑白了。           不好意思刚才说重了……就这样吧！,2,https://movie.douban.com/review/12028806/
Joker,"1星：很不推荐。不是很差的意思。
0. 本影片基本没有魔幻、冒险、传说、夸张、戏剧等加工成分。所以据其价值以下讨论完全结合现实进行。
1.所有影片只有启蒙或消遣的作用，要想学东西建议读历史或去实习。
本片毫无消遣作用。一者，从政治思考来看，它基本全程白描了某边缘人的处境，用教科书般枯燥的过程，对其可能的影响作了预言，可惜的是，其结果没有照应前人的历史，也成不了我们的历史。可以说十分干枯，没有多少信息量，无法刺激大脑思考。二者，从共情方面来看，本片主角的主要情绪矛盾，必需通过周围人的理解或关心来解决。现实中与本片主角情绪类似的人，通过屏幕得到的共情体验与自己每天独自度过的痛苦无别，徒增无奈，毫无升华，无法从观影中体验到任何消遣作用。而另一方面，与其情绪不类似的观众，很难通过影片短短几小时深度理解这种比较小众，又无用的情绪，无法引发大脑思考和激素分泌，没有几分消遣作用。
启蒙方面， 世间本无对错，观念全在人为，破坏性的负面的启蒙不予评价。
2. 边缘人永远存在，不可能彻底消除。其“报应”一直是一个国家致力解决的一份问题。一个社会整体在得失方面，战乱永远比不上和平。无依无靠无挂念（简称亚索）的人数量足够多，力量足够大，才会造成影片中革命性的结局。综上，如果你跟小丑不同，那只要你不搞政治，也没做亏心事，就不需要太多余的反省，不需要同情，做好自己的事就行。同情是权利，不是义务。同情吃精力，吃时间，是善良带来的能力。如果能力不足，不需强行同情，请交给专业的人。另一方面，如果你觉得跟小丑类似，烦请现实一点，站好边，遇到困难不要害怕，相信自己，努力努力再努力，争取进入为数不多有文化有水平有良心的大病院。奥利给！
本片信息量较少，情感渲染也没有多大升华，不够消遣；并没有多少成年人能一直讨论的问题（或谜题），却徒增许多要给未成年人解释的问题。所以很不推荐。我不要你觉得，我要我觉得，都听我的，333",2,https://movie.douban.com/review/12028209/
Joker,"来比较一下新旧两代小丑，请大家把蝙蝠侠电影拿出来，我们重新过一下，哪个小丑描写的更好，自有公论。
现在如果要说新的小丑电影不好。估计要被人骂死。但我的结论是，十年前电影里那个小丑完爆新小丑，
蝙蝠侠电影里面，小丑每次出现大概就几分钟，总共加起来亮相应该不超过半小时。但就这么点时间，深刻的描写出了一个超级大反派。 其人物刻画的每分钟效率，不知道比新小丑电影要高到哪里去了。
以下可以列出十个证明。
_
先讲外在的，小丑的笑。
那个声音，大约你们还记得， 招牌性的，不自然的笑声，皮笑肉不笑，为了笑而笑，听上去像锯木头一样的笑。
这个笑声是十分独特，可以说是小丑的标志。新的小丑电影里那个笑，歇斯底里，差远了。
小丑的笑不仅仅是声音。老版的小丑嘴唇两角是有伤疤的，那是用刀割开后长愈的伤。这非常重要。声音加视觉共同塑造了小丑可怕的外形，那丑陋的伤对一个扭曲的反派人物形象是外在的表现关键。新小丑里根本没有肉体伤。
_
而旧电影小丑人物最令人叫绝的地方，也是让我们最佩服他的地方，是他极高的智商和强大的犯罪控制能力，这两点才让他成为了史上著名的超级反派。电影好看就好看在这里。
蝙蝠侠小丑的智商，能把警察蝙蝠侠和所有的人玩弄于鼓掌之中。 开局的第一个案件，也就是银行抢劫案当中就可以看出。他利用一个超简单的逻辑，也就是少一个人就能多分点钱，一个接一个地把利用完没有价值的罪犯全干掉了。开局十分钟不到的时间，成功地刻画出了一个前所未有的罪犯。
新的小丑电影，他基本就是一个loser，一个弱智，没有任何能力，智商也不上线。没什么高人一等的地方。可以把新小丑电影列入某个比惨大会清单，而不是超级反派清单。
_
老电影当中，小丑混乱的思维也是一绝。他头脑中分不清真实虚假，记忆错乱。小丑有两次讲述自己脸上的疤是怎么来的，第一次他说是他的父亲，在酒醉的情况下父亲把刀伸进他的嘴里，给他脸上划了那两刀。观众以为这就是小丑的童年的真相，
没想到第二次他又重新讲了这个故事，他说他脸上的疤是他跟老婆吵架的时候，他自己用刀划出来的。听完了第二个故事以后，观众就陷入了迷茫，不知道这两个故事哪个是真的，哪个是假的？
也许，在他的头脑里真实与虚幻交杂，也许其中藏有真相，也许一切都是想象的，谁也不知道关于他的真相是什么，可能他自己也忘了。这种搞不清真相与记忆的混乱思维，给这个人物增加了复杂度。
_
然后是这个人物的疯狂和不可理喻。小丑的思维远远不是正常人能够猜到的。当小丑获得了像小山一样多的金钱，美元堆在那里估计有几亿，大家都以为他做的一切都是为了金钱，他却一把火把这些所有的钱都烧掉了，他根本就不在乎钱，但既然不在乎他为什么要去抢夺它们？小丑思维的不合逻辑，是最好诠释这个人物的方法。
在蝙蝠侠的家里的派对，他劫持了蝙蝠侠最爱的女人。按照任何人的正常思维，劫持人质就应该用人质的命来要挟，没想到他一枪打破了玻璃，直接把这个女人就扔了出去。这种行为模式超出了常理。
他的疯狂还体现在，当蝙蝠侠开着摩托向他冲过去的时候，他站在那里一动不动，真诚的希望蝙蝠侠能够把自己撞死，他明白自己的肉体上近身搏斗当中是比不过蝙蝠侠的，但是他能够用自己的死这种方式来拖蝙蝠侠下水。
从来没有一个电影反派是用这种方式——让自己被对方杀死——来与正义方斗争的。
_
最后就是小丑的残忍和对人性的理解。
残忍表现在，他消灭了一个黑帮头子的时候，对三个打手说，我只我要招募你们当中的一个人，只有一个名额，然后他留下一截锋利的折断的棍子，让他们自相残杀，只有杀死其他两个人的打手才能加入他的团队，他喜欢让人自相残杀。此后多次利用这种方式，两次设计连环套，让蝙蝠侠救了这个就不能救那个。让两个游轮上的人彼此决定是否按下按钮让对方爆炸。
这种狂热的利用人性之恶来犯罪，才是影史上独一无二的。暴力炸弹这些都很肤浅，只有利用人性之恶让世界燃烧，这才是真正的犯罪大师的手笔。
老电影塑造了一个疯子，但他是一个全世界前所未有的疯子。这个人不仅仅是疯子，他把犯罪与邪恶达到了一个极高的高度，这才是人物牛逼的地方。
_
说完了这些，反过来再看这个新的小丑，这个人物有什么呢？
除了变态扭曲，受尽委屈，没有任何过人之处，智商也不高。要说疯狂，除了杀了两个人无所作为。从这个新小丑出发，无论如何也推导不出他会成为蝙蝠侠里的那个超级反派。你看完新小丑，再去看蝙蝠侠，你能摸着良心说这俩是同一个人？
我不理解为什么一大群人要去看这样的一个小丑。描写反派和悲情人物是可以的，但这个悲情人物一定要有卓越不群的地方，这才是看的理由。
小结：2019小丑，一部做得很好的烂片。这是我的结论。",2,https://movie.douban.com/review/10649217/
Joker,"又是一部吹爆过头的片子。
超级英雄电影拍成了个文艺片，而且不遗余力描写了一个疯子。什么时候这种东西也能万众吹捧了？
西方世界现在社会矛盾冲突激烈，社会分裂，街头闹事，他们看到这个，对电影里面的相应的场景会有所共鸣。但对我们来讲，不可能有什么 共鸣。
从三方面来讲这个电影：人物，情节，思想。
人物：塑造得很成功。是这个电影唯一的亮点和成功之处。但,这个演员演的怎样？看完马上去补一下蝙蝠侠第二部，说句老实话。蝙蝠侠那个小丑，亮相的时间不多就几分钟，演的比这个小丑好多了，而且人格也更吸引人，比这个小丑更强大，比这个小丑更疯狂，比这个小丑更聪明。超级反派就是要有过人之处才好看好吗？
这部电影里的这个小丑，没 任何过人之处，就看见他的扭曲。刚开始的时候，他要吃七种药。到后面社工不给药吃了，他渐渐地就疯了开始乱杀人，此外没看出超级在哪里。
视觉语言是比较成功的，镜头用的都是那种破碎的扭曲的独特视角。特别是小丑上下阶梯，同一个阶梯在那里拍了好几个场景，表现了小丑不同的状态和心情，那里面有一些画面，会给人留下深刻的印象。
以上好话就说完了，接下来就是说差的。
情节是一塌糊涂，根本就没有什么情节。 电影首先要有一段主情节，然后一堆小情节助推主情节一步步走向高潮，这个电影全没有。 就是一大堆破事，小丑从一开始就碰到了一堆破事儿，然后这一堆破事儿下一堆破事。渐渐的就把这个故事演完了，演完了以后你也不知道主要的挑战是个啥，敌人是谁。回过来看蝙蝠侠第二集，讲的就是光明和黑暗进行斗争，三角斗争，一场一场的战斗，最后为了光明，必须走上黑暗的道路。情节设计是很成功的。
而小丑这个电影，情节之烂，从一开始就能证明， 电影一开头小丑拿了一块招牌在街头招揽生意， 一群人冲过来把他的牌子抢走了。然后他去追。那群人把他暴打了一顿。然后小丑倒在地上，感觉好像人生很痛苦，给了一个很深刻的镜头,，标题出来了，好像说：看啊，多痛苦的人生，我将要讲一个非常深刻的故事了。看到这个时候我就坐不住了，这他妈的是个毛啊！你如果觉得这就能描写社会的黑暗，我无话可讲了。这个情节是毫无价值的，街头的小混混也不是神经，为啥没事非要打你一顿。这就是强行编戏好吗。一个编剧能写出这么烂的一个俗套剧情出来，编剧根本就不合格。
有人号称这个故事多有深刻思考，有个毛。你倒是说说这个电影思考了啥。对这个社会他批判了什么？主张了什么？都没有。
电影里面的故事情节为什么这么黑暗？因为那是在大萧条时期， 证据是电影院里面所有的人都在看黑白电影卓别林。 美国大萧条时期经济越来越差，大量的人失业，整个社会充满了绝望。找不到工作的人无所事事， 到处都是垃圾破破烂烂犯罪丛生，在这样的背景下，灰暗的绝望的气氛本来就是 顺理成章的，大萧条整个社会不幸福，怪谁呢？你指责谁呢？这个电影里有批判的对象吗？有产生出什么思考结论吗？这样的社会是什么东西造成的？我们应该怎样去改变他？都没有，大萧条跟中世纪一样，本来就是这样的。如果说世界黑暗就是深刻，那天天骂人骂世界就是最深刻的人了？
所以这个电影很莫名，说来说去就是社会很黑暗很压迫，社会是垃圾。在这么垃圾的一个世界里，小丑在地铁里杀了三个人，一下子就变成了名人。当他走到电视台上杀了主持人以后，整个城市就变成了大暴乱。他站在人群的高处受到了欢呼，像皇帝一样。真觉得这个编剧真的是烂到家了。什么狗屁情节？你出去在地铁里杀三个人，就变成了英雄？你想想这能成立吗？有逻辑吗？在电视台上杀个人，全城市就把你当神了？猪一样的故事好吗。
总之，这个电影，人物情节人物塑造心理挖掘可以打两份到三分。剧情是负分，有很多弱智的地方。社会思考等于零，强行深刻是有的。
这个电影能够火起来，我觉得跟西方社会进入迷茫时期，内部社会动荡有很大的关系。就是说，在烂泥里的人一定会觉得研究烂 泥是很深刻很哲学的。但该电影绝不是什么牛逼电影。 你看了会失望的。",2,https://movie.douban.com/review/10648465/
Joker,"对人物行为的正当化，给小丑的行为找到理由，违背了我对这个人物的期待。
小丑的魅力不在于人物形象丰满，他可以有逻辑，但不能有心理活动。过往的小丑角色要么滑稽，要么刻板，演员总是执着于疯狂邪恶的内心与滑稽小丑外表的反差，试图呈现出一个滑稽而恐怖（或恐怖而滑稽）反派，但这种卡通化的人物塑造实在太不严肃。漫画会强调他与蝙蝠侠复杂扭曲的关系，《致命玩笑》，《黑暗骑士崛起》。用以发掘蝙蝠侠内心的疯狂或者懦弱，仍是用他做陪衬。直到诺兰的《黑暗骑士》，小丑成了一个摄人心魄的恐怖分子，一个虚无至极的反社会。西斯莱杰以更加现代的理念和形象，真正演好了一个疯子。脱离了蝙蝠侠的阴影。甚至如果他不死，电影的结尾都不该落到蝙蝠侠上。
这个小丑是纯粹的，从他摘下面具的那一刻起，他的疯狂就不曾失色，无休无止，势不可挡，宛如日升日落。剧本和演员共同保护了这种纯粹。
所以我从来没有期待过看到一部讲述某人如何成为小丑的电影，没有过去才是最好的。
但这不是不喜欢这部电影的理由。我也不会因为有人拍了一部小丑起源就抱怨什么。
我不喜欢《小丑》只是因为它不够好。涂黑主角周围所有人这种手法未免粗暴；那个随时大笑的病太讨巧；杀人后的独舞出现得仓促，而且有点俗；造作；节目上的演说羞耻廉价；（如果是为了表现暴动分子的头脑简单，那这就是电影里最真实的一幕。）“you wouldn't get it”应该之后立刻结尾，而不是继续消磨观众耐心。
还有或许菲尼克斯表现很好，但就像好电影可以掩盖表演上的不足一样，电影本身的缺陷也会使出色的表演不成立。
这个小丑的故事简单来说，就是“我有病，我好惨，然后我疯了”，充斥强烈又幼稚的政治意识。大半部电影都在塑造亚瑟，但当他在暴动中为人崇拜的时候，他自身却被淹没了，因为他不是矛盾本身，只是在一个合适的时机将本来就已经突出的矛盾激化了。他不配被暴徒崇拜，就像他不值得观众花上两个小时。或许，出于对这部电影的维护，可以说导演并不是要表现我们了解的小丑，而是要展示这个现代社会的恶果。但就算这样，花在他身上的时间仍然和他自身的重要性更不匹配，因为这个人物没有魅力，只有痛苦，他的生活苦郁，单调，乏味地惨上加惨。如果他终究是一个普通人，那他的蜕变就不比他的结局更值得关注。而如果他是小丑，脱离电影里紧张的时局，他又成了什么事？",2,https://movie.douban.com/review/10648217/
Joker,"首先他完全不是恐怖片！！
事先没看过预告，被营销号叫2019年最值得期待的恐怖片。期不期待的另说，恐怖惊悚这个倒是新鲜。电影没有刻意营造恐怖氛围，气氛不恐怖完全是人心作祟。
主人公是一个社会底层并且患有精神疾病童年不幸的人，小时候被虐待长大之后被欺负，被自认为是朋友的同事背后插刀丢了工作。亚瑟因为从没真正快乐过所以努力想成为一个快乐的人，演喜剧做脱口秀模仿喜剧明星，患有癫笑症会不受控制发出笑声。他的表演没办法使其他人快乐，所以自己成为了最捧场的观众。故事背景是贫富差距巨大的哥谭市，因为阶级差别大清洁工罢工，城市充满垃圾和害虫。有钱人依旧可以纸醉金迷不断趴体，穷人被削减社会福利被裁员生活得不到保障。但这一切，都不能成为你杀人的借口！以自己的贫穷做外衣，以推翻阶级政治为口号打砸抢烧形成帮派，他们跟暴徒有什么区别？甚至还别人吹捧，叫做英雄。
亚瑟第一次杀人，三名西装男调戏他并施以暴力。他掏出枪来直到三个人丧命地铁，事情发生之后市民狂呼终于有勇于挑战的人站出来了。挑战的是什么呢？阶级吗穷富差距的元凶吗？这三个年轻人看起来精神并不好，生活疲惫，跟亚瑟同在一节车厢里，他们并不是高高在上，也不属于富人阶级。他们出言不逊对无辜的人发泄情绪，他们是坏人但罪不至死。亚瑟的行为比他们恶劣百倍，如果说第一条人命是狗急跳墙那最后追到地铁出口打死西装男，再也没有借口说亚瑟是可怜人了。
魔幻的事情开始上演，穷人狂欢并且把小丑奉为英雄。亚瑟也觉得自己开始引人注意了，臆想出了事业成功的他和邻居的一段感情线。他已经够奇怪的了，但周围的人把他的第二种黑暗人格无限放大，认为暴力让明天更美好。去参加电视节目，开了不合时宜的不尊重人的玩笑。被嘉宾和主持人制止。他说因为你们从没见过外面的世界，凭什么由你们来定义。这里对他的阻止只是文明社会的基本礼仪，主持人告诉他社会会不断变好的，反问他这就是你杀死三个年轻人的原因吗？社会从来都是这样，规则是由少部分人制定的。穷人阶级可以控诉政府，可以不认可总统的管理，但首先你得用文明的方式去发声。
亚瑟在警车上，警察说你觉得好笑吗？现在社会因为你变成这样了。警察是代表了高阶人群吗？他代表了正义和秩序，他也是底层人员，但他依然要履行义务爱护社会，剩下的人也一样。窗户外面火光冲天，打砸抢烧，我们说那是现在的香港。你们认为亚瑟是可怜人，是社会的牺牲品。那这一切是因为什么引起的呢？再请问，有谁比被砸被抢被烧的人更可怜吗？
没有人需要成为另一个群体的攻击对象，当下的文明社会更不需要这样做。你可以不满现状，也可以打破不公正，但请用文明的方式并且不伤害其他人。",2,https://movie.douban.com/review/10647135/
Joker,我是一个joker 迷，我也看完了新片《joker》关于这部电影我对它的影评是5.5分，因为在电影里没有蝙蝠侠的小丑是称不上完美的小丑的，这部电影更像一个抑郁青年的人生短篇，象一个受伤的小姑娘在报复伤害她的男人一样，它没有蝙蝠侠里的小丑那种真正的邪恶、视正义为粪便，把权威当蝼蚁，把生命置之度外，面对挑战正义时的那种胜券在握、疯狂到令人咋舌的态度，那才是我心目中真正的小丑，当然，小丑也有很多种类，自卑的，疯狂的，愤怒的等等，他可能算自卑的吧，但最让我钟意的还是杰克尼克尔森版的小丑和希斯莱杰版的小丑,2,https://movie.douban.com/review/10646936/
Joker,小丑出现只是一个精神病在各种偶然下，成为“底层人民的英雄”，没有冲突，只是一个精神病的yy，并没有给出小丑代表“自由、人性”的理由，甚至我觉得这只是小丑这样一个抽象的符号的起源，而不是小丑这个人，一切太偶然。并看不出这个小丑拥有蜕变成黑暗骑士小丑的资质，这个小丑的善恶观刻画也太粗糙，只是没杀侏儒说明他能分辨善恶，同时作为脱口秀演员的莫瑞，在一次脱口秀表演认识了亚瑟，表示很欣赏他，接着在脱口秀节目中用他的视频进行“嘲讽”，来制造节目效果，让更多人认识亚瑟，在我看来目的在于想要帮助亚瑟出名，让亚瑟通过自己的节目提高影响力，但是作为精神病的小丑认为这是一种出名人士对自己的侮辱，莫瑞在节目中没有任何侮辱性的攻击亚瑟，却被亚瑟认为整个节目就是对他的侮辱嘲讽，这只能说明小丑自己就是精神病患者，在偶然中成为“英雄”（有人会说，莫瑞压根不知道亚瑟是谁，忘了俩人的第一次相会，因为亚瑟说他俩是见过的，但是莫瑞并未做出回答，况且如果莫瑞只是为了嘲讽而放亚瑟的视频，俩人为何之前就要相遇，除非是一切都用巧合解释）。不管是偶然因素成为小丑；还是一个人在原生家庭压力下成为精神病患者，看不透事情本质而成为小丑，都不足以支撑他成为一个能看透事情本质而将其玩弄手掌之间的小丑，这个小丑注定成为不了那个能够蛊惑人心，玩弄人性的那个角色，他只能成为一个符号，一个为了真正小丑出现而做出铺垫的符号。,2,https://movie.douban.com/review/10646098/
Joker,"那几个小孩抢了亚瑟的广告牌，还打了他，那为什么这几个小孩要打他，到了后来，社会发生了大规模的暴力事件
这几个小孩很大概率还会是暴力的执行者。
很讽刺的是，上一次的受害者亚瑟，成了他们下一次暴力的理由。（亚瑟地铁枪杀了3个韦恩集团的员工）
暴力对他们而言是一种狂欢，他们需要的不是理由，是借口。
最后，受害者（亚瑟）成了施暴者，甚至成了施暴者的图腾。
但电影完全没有把这种内化压迫的冲突表现出来。
例如，接近一幕，亚瑟从车顶盖起来的时候，可以把那几个打他的小孩也在围绕着他狂欢的人群之中。并给他们一个特写。
像这样的素材很多：
1.帮助亚瑟疏导心理的那个社工，每周都在敷衍着亚瑟，为什么？电影没告诉我
可参考答案：因为不管她热心工作与否，她都只能拿到那么点工薪，甚至她的工作也朝不保夕。更甚的，这个社工也是受压迫的一方。
2.社工告诉亚瑟，政府砍掉了预算，这个部门要关闭了，对啊，为什么要砍掉预算了呢？
3.托马斯韦恩要竞选市长，说要改善高谭市，甚至说自己是高谭市唯一的希望，那他到底打算怎么做呢，怎么竞选呢，如何获得更多的选票呢？
难道就是去看下卓别林的喜剧，上电视节目，告诉大家穷人就是一个小丑吗？
他们用着超一流的表现手法，好像要告诉我体制在“吃人”
但却没有告诉我体制是什么？
体制真的在“吃人”吗？
那为什么体制会“吃人”呢！！
资本万恶，所以有钱的人就一定是坏人了吗？资本家就全是敌人了吗？
很遗憾，以上的问题，我都没能在电影里找到一个合适的答案。
充斥着各种超一流的表现手法，内容却异常松散。固然篇幅有限，不可能全都拍出来，但最起码，视角不能只锁定在亚瑟（受压迫者）这么一个单一视角。
同样聊体制，谈社会的，推荐《火线》，这不用多说。
另外还有一部稍微冷门一点的港片，郭富城主演的《踏雪寻梅》。",2,https://movie.douban.com/review/10645638/
Joker,"扭曲 压抑 变态 暴力 疯狂
一分给主演
半分给对社会问题和人性虚伪的讽刺
半分给对人性堕落原因和过程的挖掘
割裂地、孤立地看，影片社会意义为负数，似乎一个人所有的罪恶都可以归咎于别人，所有曾经亏待过你的人，总有一天一个都逃不掉……
但是，这个影片应该是蝙蝠侠系列之一，交代的是小丑如何从最初一个神经受损、安分守己、穷困潦倒、但是心里还存着一点点希望的社会底层小人物一步一步滑向深渊，到最后彻底向内心的暴力和邪恶妥协，变成了后来的那个无恶不作的嗜血狂魔。整部影片真实而冷酷，血腥又扭曲。看完让人对这个罪恶的人产生同情怜悯和恐惧。我对这种影片结束的时候坏人得不到惩罚的结果很不满意（此处放狗头保命），希望系列的下一个作品是蝙蝠侠痛扁Joker，嘿嘿嘿……
必须提一句的是，影片结尾字幕刚一打出来，老公干脆利落站起来大步走出放映厅。不喜欢。后悔去看了。我忍不住敲打他“早知道去看李安吧！？” 他说“这电影演的什么鬼！”",2,https://movie.douban.com/review/10625975/
Joker,"只是披着小丑妆容的可怜的人的故事。
我对亚瑟只有同情，为了显示卑微和渺小，编剧全部的苦难都让他承受，一点人生乐趣都不让他体会，这是个完整的人生吗？
有了枪就开始杀人，没有枪可能一辈子就这么蝼蚁一般过下去。是不是更能说明禁枪的必要性？
杰昆饰演的很好，但是你可以说他是任何人，但并不是那个小丑",2,https://movie.douban.com/review/10609121/
Joker,预告片剪的是真好，电影是真的无聊，基本上所有戏剧冲突都在预告片里了。电影嘛，昏昏欲睡倒不至于，但可以肯定没有事先炒起来的声势和跟风狗无脑吹的话，恐怕连8分都到不了。不过在吹捧这个电影已经成为政治正确，没看过也得无脑好评的情况下，我不给个高分怎么能对得起自己如风中残烛的b格。预告片一星，电影一星，满分两星，满分收功。,2,https://movie.douban.com/review/10583224/
Joker,"怎么会有人恶劣到在街上戏弄别人，抢别人的东西，然后再拳打脚踢，是一点人性都没有吗？怎么会有人对看起来弱势的群体肆意的嘲笑，怎么会有人对于别人的痛苦大肆放大宣传，随意取乐。

就我个人的成长环境，甚至是大部分人的生长环境，是完全没有这种情况的，我看的时候觉得很可怕，完全没有人对我这样过，但在看的过程中，却感觉好像确实会发生，好矛盾我在说什么。

这样的负能量电影真的要少看，特别是弹幕，很多人都共情什么的，我想真的有人这样恶劣的对待过你吗，如果有当我没说，如果没有，是否是在臆想自己是受害者，将自己的不得志不作为，归罪于他人，这样自己不如意的一切似乎都有了说法，自己也不用承担任何罪名。

中式恐怖来自穿嫁衣的女人，西施恐怖来自狂笑的小丑，之所以会觉得恐怖，是因为我们对他们有太多的亏欠，有多少人嘲笑小丑，像电影当中一样对小丑毫无尊重，害怕小丑觉醒，对那些不看的人进行报复，所以才会害怕小丑。小丑咋了，不是人人能扮小丑，别人能做到我做不到的，那就是值得尊重的。


很讨厌某些形容，说一厢情愿的人是小丑，他只是很真挚的，勇敢的表达自己的感情，怎么会是小丑的。


还是觉得这样题材的电影真的要少看，不坚定的话，很容易被带偏。",2,https://movie.douban.com/review/16500238/
Joker,"透剧！
你所代表的，只是一群最开始裹挟将你推入深渊的人！
最开始的基调，小丑只是一个患有狂笑整的，自卑的，迷茫的人。
1. 最开始的生活不顺利，被街头混混抢走了广告牌，然后被暴打，我不知道这个时候他是否恨这些人，然后这件事情正常的逻辑是什么呢，不应该是去店里说一下情况吗？我就不说是报警了，毕竟可能警察忙（手动斜眼），然后这种事情为什么直接逃避，也不是逃避，反而他所有的同事都知道了！
2. 同事给了他一柄枪支，或许是想说让他能够保护自己，可是他去福利院给孩童表演的时候，为什么要随身携带枪支在身上呢，这次去的是一个特定的场所，面对有爱心的工作人员和一群天真的孩子，他有什么理由要随身携带枪支呢？（在这里还是反社会人格），即使带了放在包里不好吗。
3. 携带枪支被发现了，然后肯定是因为被投诉了啊，为什么这里要加上一段给他枪的同事说他向他买枪的这一个桥段呢，合理的推测就是同事觉得他蠢得可怕，这种环境下难道还要跟老板说枪是我让他带过去的吗？这里从他的角度说可恨的不应该是自己违反规则带枪表演吗？怪别人给你枪了？！
4. 被开除后坐地铁，不知道是不是末班车，竟然和应酬后的三个精英一起搭载了末班地铁，不过美国的精英绅士们都是沙雕吗，上来就调戏人家小姑娘的，上来就在车上打人的？ok,这段剧情勉强说得通，他拔枪啪啪啪打死这三个人说的通，这一刻他应该是害怕的，或许之后打开了他罪恶的大门，觉得一些不顺靠手里的武器能够摆脱暂时的困境，那么问题来了，地铁里面空空荡荡，连个值班的工作人员都没有的啊！这种情况下城市早瘫痪了好吧！
5. 后面就是找他认为的老爸和弟弟了吧，这一段也看的我蛋疼，那么多人的剧场，你他喵的服务员衣服都没穿好的情况下就能直接进入内场？中间还笑了几声，正常的情况下早就被扔出去了好吧。然后，走到厕所见他所谓的自认为的老爸，请问：如果一个神经病过来找你还喊你dad,你该有怎样的反映？
6. 他到档案管抢档案那更是。。。。知道了自己的真实身世他会怎么样？崩溃绝望，所以他想着是到时候再show场自杀！他恨那个给他枪的同事（人家可能真的是当你是朋友的，不然为啥还来探望你，看你笑话？）直接ko了，还放了侏儒同事，说明他心理还是有善良的一面存在的，他去秀场，这里两个警察追他(人家追逃犯没毛病啊！），他还煽动（也很尬）将那两个警察打了，说明了这群游行的绝对是那种脑子有坑的废青（emmmm）,这里我认为是他性格真的转变的地方了，认为煽动人们，觉得能够有满足感吧！
7.到了直播现场，他认为他或许并没有想着自杀了吧，尤其是看到自己被冒犯了之后，我不知道他为啥说出那些煽动性质的话，或许是想在杀人被捕前能干些证明自己存在过的事情吧，他本来也没想到自己能够成为一个符号吧！
8.然后，杀人被捕后，他坐的车被撞后，那两个把他拖出来的人才是整个暴力事件的幕后策划者吧，（或许本来就是想撞死这位小丑先生的，当一个面具人成为一个符号，那他到底是谁对策划煽动者来说已经好不重要了，他死了没准更容易煽动那些废青，emmm）,这帮策划者随即杀死了蝙蝠侠dad,然后呢，看到小丑醒了，直接把他交给了police，（啊！小丑真是个完美的背锅侠），然后他就被送进了精神病院，所以兜兜转转，他被人利用，自己一波崩坏后还是回到了他最初也是最终的归属——精神病院！！
故事到这里就基本上结束了，抱歉，我并没有看到任何英雄的迹象，或许只是一个底层的可怜的精神病人而已（没被直接处死，而是送到精神病院已经够好了啊）
我不知道你们怎么get出来的英雄反抗精神！
你们这些人啊，被有意往这上面引导的人操纵着，不过也是一小丑罢了。他们达到了目的，而你们，却成了正恶双方博弈的工具人而已！
这部电影，2星给表演，剩下的差评，给无知的小丑（废青）们，以及评论中说看到了英雄的反抗精神的人们！",2,https://movie.douban.com/review/10664953/
Joker,"小丑2019可以说是一部高水准的传世之作，是5000年来最成功最有格调的文艺片没有之一。导演用辛辣的眼光聚焦社会问题，以戏谑的手法讽刺上层社会，可以说是马克思附身鲁迅再世。充满内涵的电影镜头使得这部电影的每一帧都值得后人跪读膜拜，每一句发人深省的台词都能成为高考作文的必杀金句。小丑前无古人后无来者的成功不是偶然，而是必然，因为这部作品扎根广大人民群众，每一个情节无不是现实大众的真实写照，主人公精湛的演技使得观众无不产生共情，仿佛在电影中看见一个个郁郁不得志、被全世界抛弃的自己。
赞美之词不必多说，从中国无法引进这部电影就能看出来它的含金量有多高，打个比方，我们国家会随随便便把熊猫让给外国人吗？这部作品可以称得上是美国国宝，人类史上的第十大奇迹。据传川朗普在观影途中不下十次崩溃大哭，首映第一周美国抑郁症人数激增66.6%。毫不夸张的说，小丑就是电影界的圣经，影片中描述的乌托邦更是我们全人类应该奋斗的目标。我们没有理由不期待，我们梦想中的城市——哥谭，总有一天会到来，而我们都会化身小丑，手舞着火把上街狂欢庆祝。",2,https://movie.douban.com/review/10646869/
Joker,"这个电影根本上就是一个被社会压迫的精神病人最后彻底放弃一切理智成为疯子杀人狂的故事。
但人之所以伟大，是在压迫中不断战胜到升华，哪怕是死亡。
蝙蝠侠看到了哥谭的现状，想去掀翻他，所以他做出一系列挣扎去实现他心中的愿景。小丑也是这样的，小丑是疯狂，但他也是不断思考，不断探索这个哥谭市腐朽的原因，只是他更愿意相信人性坏的那一面所导致的。
小丑是有思考的，他的行为是有目的的，尽管是为了诠释混乱，但是绝对不是这种，社会有人伤害了我这个底层的loser，所以我这个loser把他们都杀了，这就是我变成joker的原因。
你是在瞧不起小丑吗？
还是说，这部电影其实就是小丑拍给哥谭人看的，目的为了深化社会矛盾，直接割裂底层人士并告诉他们：你们永远会被压迫，所以拿起武器来干掉所有有可能压迫你的人。
利用这种思路给社会造成混乱，并在一旁哈哈大笑，再跟蝙蝠侠说，人性就是如此。",2,https://movie.douban.com/review/12036853/
Joker,相对比小丑的阴暗故事，我更喜欢哥谭市的蝙蝠侠。今天晚上刚电影院看完这部电影，国内应该还没上映，有可能也上映不了，或者需要大量删减，因为很多场景很血腥，R级片的尿性。片前半部分看的很压抑，讲小丑受到的种种欺辱，然后在公交上第一次杀人，把欺负他的三个人杀了，后来好像杀人就合理化了，开始报复社会了，抱歉我知道导演有可能想传递一些新颖的idea，但是我真的无法接受，我喜欢和平安宁的社会，我也不喜欢太多这种电影给世界传递更多阴暗，这种电影少部分爱好者自娱自乐就好了。ps. 我其实是一个剧情犯罪片的爱好者，但是这个片讲的故事离一个好故事还有很远的距离，讲述手法也有待提高，唯一可圈可点的就是男主演技挺好，受到追捧大概率是因为Joker这IP不错。很多R级片国内永远不要上映是对的，在美帝我看了很多不该看的电影。,2,https://movie.douban.com/review/10563718/
