title,review_text,stars,url
Parasite,"过分高估的电影，高分的原由，估计也是借揭露贫富差距的这个题材而已。“因技术原因“下架，看来是正确的。强烈劝退！ 提示：以下内容，有大量剧透。
俗话说的好，可怜之人必有可恨之处。“儿子“伪造证书，获得家教工作已经很幸运了。但不知道满足，想让妹妹也能找到工作，用同样的手段让妹妹也获得家教的工作。鉴于长期贫穷，穷怕了，也勉强可以理解。 然后妹妹用卑鄙的手段，把司机坑走让爸爸得以接替司机职位。最后一家人又用卑鄙的手段把佣人坑走，让“妈妈”接替佣人的职位。这就太过分了，这一家人真的是卑鄙，贪得无厌。 可气的是，在全家都获得工作之后，还不知道珍惜来之不易的工作。居然趁雇主一家出去野营，在雇主家一顿乱造，素质真低。 No 作 No Die，如果不是因为这么作，也不会有后面一系列的事情。 好好珍惜工作，好好赚钱，然后接受好的教育，给下一代创造良好的成长环境，努力改变生活现状才是正道不是吗？为什么非要作死呢？
故事发展到最后，更扯的是，“爸爸”因为富人家主嫌弃他身上的臭味，就用刀把“富家主”捅死。心理变态吗？被贫穷扭曲了心灵吗 ？  虽然这个社会是充满着各种不公，是有着很难逾越的贫富差距 ，但这不能成为你作恶的理由。  让“我穷我有理”成为过去式吧！   在本剧中 ，我反而看到的是富人的单纯和善良，穷人的贪婪与丑陋。
这部“高分电影”，完全看不出好在哪。韩国电影在国内，有时候真的是被过分高估了。",1,https://movie.douban.com/review/10406473/
Parasite,"只说一点，司机为什么杀社长。一直的歧视和最后的捏鼻子吗？  社长对他的忍耐呢？司机开车时候咖啡无法放下，怕洒了。但是忍耐了。  但是最后换来的是……
谁对谁错暂且不论，阶级矛盾和相互不理解也先不提，咱只说逻辑：女儿被砍，老婆在搏斗，随时可能over。他按着女儿伤口愣是一动不动，老婆反杀凶手后，不顾女儿死活，松开女儿伤口，跑去捅社长一刀，因为那个有钱的家伙捏鼻子了。
干出这样的事居然还有脸活着？人性呢？道德和羞耻呢？导演怕不是个傻逼吧？贬低穷人也不带这样的吧？简直就是灭绝人伦，对人性的污蔑。本片的名字不适合叫寄生虫，叫畜生比较合适。
前半部挺好的，后面慢慢的就变恶心了。比小偷家族，差了无数个段位，名不符实的电影。七分多还是有的。9.2就太夸张了，现在是8.9。希望能掉到8分以下。这样就合理了。终究没狠下心给一星，两个星给背着欧巴的小姑娘吧，起码我能从你那里看到一点儿爱。
----------------------------------------------------------------------------
对不起了，多惠。收回给你的一星。不是这片子不值，是太多看过这片子的脑残不值。",1,https://movie.douban.com/review/10398828/
Parasite,"我可是怀着看《小姐》的期盼来的，再不济也是《燃烧》吧，可它居然连点都没漏！害得我立马来到豆瓣求助讨论:“我是不是看的删减版？”。在得到非删减的答案后，我开始脑补这段应该怎么拍:
男女姿势应该不变，女的至少上身裸露。这时镜头从躺在桌下最右边的奉的视线出发，一颗奶子刚好垂在沙发边缘不停地晃动，乳头一跳一跳。
这样拍，我会立马穿好内裤，给五星好评，并写下“寄生虫的第五十一个隐喻”的影评。而不是悻悻然提起褪下去两个小时的内裤，开始求助发问，视奸影评，怒而一分。
当然我对妹妹也感性趣。最好的镜头是妹妹抱腿缩成一枚卵状，被房子男主四肢包裹着做AI(参考《色戒》)。此时，镜头转向庭园，开始微距拍摄某蜂类扎在某毛毛虫身上开始产卵。然后镜头转回，以房子男主开始射J为信号表明贫穷作为生命体寄生成功。
当然我说的第二个完全改变了情节，权当放屁。但是改变不了我认为的寄生必须和性联系在一起。全家诈骗打个工就叫寄生了？",1,https://movie.douban.com/review/10382311/
Parasite,"笔者也算半个电影爱好者，平时关注了不少电影相关的公众号，看这个电影的原因是很多电影公众号在说夸这部电影是年度最佳，再加上金棕榈奖的加持，对这部电影给予了很大期望。看过之后感觉太失望了，下面来说说对这部电影失望的点。
寄生虫这一家进入朴社长一家（富人阶级的代表）太过容易和理想化了，儿子通过同学的介绍进是第一个进入朴社长家里，儿子的朋友是名牌大学的大学生，而这个儿子却是一个考了很多年确没有考上大学的复读生，虽然说做家教可能要求英语的水平不是太高，但是注意儿子辅导多慧（朴社长的女儿）的内容居然是做练习册上的题目，儿子在那讲了一套看似高深的做题的心理学知识，富人家庭请了一个家教就是为了辅导练习册这本身就有点儿戏，其次能留下来做家教的原因也是做题心理学和英语也没有任何的相关性，后面妹妹，父亲，妈妈把之前的那些佣人给换点感觉更是儿戏。推动整个寄生家庭入住富人家庭的原因就是朴社长他老婆的“善良”。
电影的结为，寄生虫家庭的父亲最终拿起刀，杀死了朴社长，杀死的原因是朴社长一直在说司机身上有一股味道，电影里朴社长老婆问他是什么味道，朴社长就说是地铁里才有的味道。这也是在影片中能够唯一表达的穷人与富人的冲突，感觉太过玄学了。首先，穷的味道是不是可以被闻到？穷身上就一定有味道？这种味道如果是从因为穿着或者长年累月住地下室就有的味道，敢问他们一家是这么骗过朴社长和他老婆的，如果是因为心里原因而产生的某种心理上的鄙视的味道，那么影片在其他地方应该加强这种冲突啊。但是观看这个影片发现朴社长一家并未有对穷人有很大的歧视或者鄙夷，但凭一个捂鼻子就能愤怒到杀人，感觉有点说不过去。
这个影片看完，感觉导演表达的价值观就是，穷人穷就是因为他们是恶的，坏的，朴社长全家以及之前的司机还有女佣，在电影中都其实是卑鄙的，丑陋的。而代表富人阶级的朴社长一家确是善良的，起码没有表现出有什么可以让人吐槽的点。
儿子的朋友给他推荐家教是因为担心喜欢的女生被其他人抢走，儿子做了家教之后很快就和学生搞了，全家通过卑鄙的手段把司机和女佣给弄走，穷人的卑鄙表现最为强烈的就是雨夜客厅那一场戏了，朴社长全家出去玩，寄生虫全家就像蟑螂一样出动，在朴社长家里庆祝胜利，寄生虫家庭妈妈说如果他有钱了也会变得善良。
后原先的女佣造访，发现女佣的密码，女佣苦苦哀求，但是依然要打电话报警不放过，之后寄生虫全家被发现， 剧情翻转，原先的女佣又让寄生虫全家跪地求饶，原女佣和丈夫享受生活。最后为了防止被发现，误杀了原女佣。
难道穷人穷真的是因为卑鄙和丑陋吗，富人能变富就是因为善良，导演的什么狗屁价值观。",1,https://movie.douban.com/review/10398150/
Parasite,"这部影片给我的感觉是迎合和许多中产以上的人对贫穷的看法，感觉非常脱离现实。
我看这片子的时候，看到一半实在看不下去，暂停之后，过几天再看，才把影片看完的。倒不是难看与否，而是很不符合逻辑也不符合现实中的逻辑。
我在深圳城中村生活了20多年，没见过这样的穷人。深圳的城中村是什么样的模样，我想生活过的人都会有所了解。深圳平均收入大概7000多，而实际中位数收入则是5000。理解这个数字的人应该能理解大部分住在城中村的人的收入是多少，以及他们过的生活如何。
小时候因为父亲喜欢赌博，基本上把生意输光，之后一直住在深圳最穷的城中村里面。一家人n口住在一房一厅。所以看到寄生虫的细节，只能说太假了，假到我没法看下去。
剧中的姐姐和弟弟两人如果有这样的“骗”的能力，那基本上是做生意的小能手了，城中村中到城市不同批发部找产品，然后拿回到城市中高价的地方卖出去的人不少，且大部分具有这种能力的人，很多都从城中村离开。韩国和中国的贸易中，有不少人从韩国批发LG洗发水什么的，这些之前也让不少韩国人发了一笔横财。我很难现象一个能造假证，能编那么多谎的人能活得那么龌龊。或许是我生活经验不足，没有从中产的角度看到过这种事情。
城中村穷得不行的人，大部分都不是因为做生意欠款失败而落魄的，剧中讲的什么卖蛋糕落魄的，我看到的时候差点起疙瘩。大部分欠款太多还不起的人，追款的人也不敢怎么样，毕竟欠款多了，你就是大爷，结果剧中落到这个模样，我很难想象。我姨丈做生意失败，欠了人1000多万，别人最多也就起诉到法庭，然后一直拖。而我爸即使欠的赌资很多，人家也只能每天到你家门口坐坐。我不知道中产看到欠款这个事情是怎么看的。而且大部分的资本主义国家都有个人破产法，个人破产之后，基本上债务就清了，我也不知道沦落到那个地步是什么意思。
大部分穷的人，都有2个因素，一个是涉及赌博和吸毒，另一个则是涉及到没有足够的求生技能。在城中村里面，能够住一辈子的，大部分都是赌博导致的，这个我就不展开了。至于没有足够求生技能这个，可能有很多人不理解。
以前住我家楼上的阿姨，在求职和做生意上就非常困难，第一个问题是学历很低，只有小学学历，基本上看啥都看不懂，一篇文章看不懂，都要下来问我们怎么看；第二个是逻辑能力没有训练足够，很多东西无法判断，比如肌肉拉伤，只能跑到城中村里面的什么梅州接骨去弄，最后钱花了，但是腿一直瘸着，不少时候都是我们让她去看医生才解决的；第三个是，现代社会有个很大的问题，不少中产阶级要求强的食品监管，卫生监管，但是对这些小学毕业的人来说，是非常困难的。他们曾经想着卖点自己做的家乡食品去营生，但是第一个遇到的是监管问题，监管问题在很多人看来似乎就只是加一些步骤就可以了，那不可能的。大部分监管都是增加成本，要他们这些底层出来，买个空调都要买3手甚至4手的穷人出个1000块去符合监管，他们会觉得很不划算的。甚至现在很多都要求有营业场所，对于手无分文的人来说，拿个几万块去测试一下生意能不能做成，那简直是雪上加霜。
影片一点都没讲这种问题。我甚至觉得他们家的生活能力都非常足，还居然有驾驶证。。。要知道城中村的人花个几千块去考驾照，都要思考个一年多。
对穷人来说的另一个问题，不是能不能上大学，而是有没有足够的基础教育。之前家里楼下4楼的一位阿姨，生了3个孩子，其中一个被拐卖后又被抓捕送了回来。当时电视报道还说得很温馨，但是我老爸说，留在这里可能断送了这个小孩的前途。
为什么这么说呢？这个小孩被拐的地方是揭阳，对方为了这个小孩，准备了很多东西，甚至上学的学位都弄好了，家庭也非常富裕。而城中村这里呢？草埔的民办小学连操场都没有，以这位母亲的积分条件，附近的公立华丽学校和翠茵小学都上不去，还得缴纳高学费。
试问一下，基础教育都这么差，穷人要怎么去掌握足够的技能呢？
关于细节的吐槽就吐槽到这里，下面说点别的。
这几年凡是涉及不平等的影片，都拿了奥奖，挺奇怪的。有许多这些影片甚至非常难看。我想也是迎合了许多人的幻想吧，比如这个影片里面的富人，居然变得是讨厌穷人，这个让我非常惊讶。这个世界还没割裂成这样。
但是这些影片，没有一个想去揭露为什么贫富差距变大的，都是留在一个表象里面，就不要说去解决这些问题了。
08年QE以后的低利率问题，到现在都没几个主流媒体敢说的，毕竟主流媒体也是中产的，没了低利率，好多企业要破产，怎么可能去说呢？低利率对有产阶级来说，是非常美好的事情，可以随便上杠杆，推高资产价格。对无产，且信用低的人来说，简直是致命的。
不得不说，各国央行都已经成为富人的剥削工具了，凡是一到危机，优先救助富人，抬高资产价格。也居然没几个媒体去抨击这种政策。
而中产喜欢的没什么大用途的监管，也没啥人抨击。这些监管对底层就业的影响没人去管，毕竟穷人不投票，也影响不了政治。
不吐槽了。
————————
最近看到九连真人的表演和故事，说实话，这才是穷人的模样，努力向上，但是总是受阻，偶尔才能碰到运气。这种狗屁不通的电影，还是少看点吧。",1,https://movie.douban.com/review/12383690/
Parasite,抄袭！如果大家看过荷兰电影《博格曼》你可能就不会感觉这个电影有什么了不起的，我没说百分之百相似，但是你看完博格曼，你就会觉得，这个电影和这个电影是有血缘关系的，希望大家看过博格曼回来顶顶，.                                                   抄袭,1,https://movie.douban.com/review/10424859/
Parasite,这根本就是一部烂片嘛！！ 极度丑化底层人民 这种片都能得奖 评委看到这类型的是会感到高潮还是怎么着？一家四口中的哥哥 挖人家的墙角 还沾沾自喜 虽说这种事情是强求不来 但一点都没有反映出愧疚的情绪 好朋友的信任完全丢在了臭水沟里 还抢了别人的愿望当成自己的愿望 太恶心了 妈妈在前保姆已经在央求的情况下 还仍要打电话给警察 同是底层却对同胞一点怜悯之心都没有 不是说底层就没有这样的人 但上层也不都是电影中拍出来那样的善良单纯好吗 根本就是资产阶级上层对于底层民众以己度人的意淫  认为底层穷人就是丑恶 市侩 等等 这种电影得奖 更加宣传了他们这种对于穷人底层糟糕的刻板映像 让世界更加远离这样的人群 认为他们是活该的 不该被同情的 大！烂片！！！！大烂片！！2024.3.9。 不是演员演技问题 是导演对于社会现实立意的问题 整个是扭曲片面的 并对底层怀有深深的敌意歧视讥讽 这种片可以拿到奥斯卡奖 充分说明现在世界的统治阶级是谁 话语权掌握在谁手上 也体现现在的统治阶级有多么的可笑无知恐惧 2024.3.10,1,https://movie.douban.com/review/15795665/
Parasite,"《寄生虫》一部讽刺底层劳动人民，拍给富人阶级取乐的电影🤮🤮🤮本片能获得奥斯卡奖，体现出了奥斯卡评委的无知与狭隘😡😡😡
   导演在本片中为抹黑底层劳动人民，多次着重拍摄底层劳动人民欺骗，造假等不良画面😡将上流社会对于他们的剥削视若无🤮🤮睹更是在影片的最后误导观众：穷人会使富人家毁人亡😡这无异于促进了社会的阶级分化，抑制了社会的发展，导演用心险恶，不配为人😡😡
  此外导演在片名里更是将穷人比做🐛，这是在侮辱底层人民，以偏概全，在全社会培养一种贪慕虚荣的风气😡😡😡这是一部三观严重不正的电影，爱慕柴泥子权威评价：1颗星",1,https://movie.douban.com/review/12360625/
Parasite,难道你们不觉得这部电影对社会带来的负面影响吗，会有多少保姆，多少司机会被主人重新审视，会产生很多尴尬的局面，导演说的只是社会存在的一小部分现象，通过电影现在导致所有的有钱人更加仇恨佣人，特别是主人被杀的时候，我觉得这部电影应该被禁。绝大多数的保姆司机都是为了挣钱，没有这么多坏心，现在这电影已经突破悬疑片，成为一直打击穷人，让富人对穷人更加警惕的电影,1,https://movie.douban.com/review/10591402/
Parasite,"豆瓣最低只让给到一星……
当我第1次看完这部电影，觉得没有戛纳金棕榈奖和豆瓣给的8.9的评分，那么有意义，顶多也就能给到三星的一个电影，等看到豆瓣儿上这么多评论，简直崩溃了，除了负分以外，不能再给其他了。
先问一句，这部电影输出的价值观，除了“可怜之人必有可恨之处以外”，还有其他的吗？
房东一家，男主人被杀，是应该的吗？是必须的吗？！
完全就把两个阶级对立起来了，这种电影怎么能获得大众的认可，真的让人匪夷所思啊！
穷人就一定是诡计多端不择手段的吗？富人就一定是为富不仁的吗？
结论：拍电影的人和追捧这个电影的人，只有屌丝，没有别人，只有傻逼。
按照电影输出的价值观，不会再有社会精英。
究竟是把自己生活过的多么的不看的人才能喜欢上这么傻逼的一部电影？！
这么傻逼一部电影能被追捧，无语！……
导演在“反乌托邦”的电影《雪国列车》里就已经表达了智商的下限——认为上层社会除了傻逼再无其他！
这部电影竟然能收到认可，我只想劝一句各位：在评论区里给高分的人们，将来在聘请保姆的时候，一定要看清楚，千万不要找没钱的人，要不总有一天你会死在她或她老公手里。",1,https://movie.douban.com/review/10408973/
Parasite,"这个是增加的评论，  特意又改成了一星。
我说了，这片子前面还行，后面烂了。但是三四星还是有的。
但是此次特意改成了一星。
我不知道是导演有意为之，还是无意表露。
让很多人觉得有钱人就该死。
有两个评论我印象很深。
1，社长一家并没有做错什么，但是我就是恨他们，恨他们，恨他们。
2，社长只顾救自己的儿子而不管他人，鄙视下层人民，还捂鼻子，死的活该。
看到这些言论，我无语了。  真该死！
这些红小兵们没生在文革期间实在是可惜了。
我想起了一句超级经典的话：
说破大天儿来，咱劳动人民就没有不对的时候！
——《我爱我家》郑艳红。",1,https://movie.douban.com/review/10401537/
Parasite,"算是奉俊昊最好的作品了，里面几个场景描述可圈可点，细腻，算是好看的商业片，裹着文艺片的皮。
剧情本身好几个大bug不能容忍，对穷人一家过往的描述太少，从智力爆棚（像FBI最顶级团队般，他们如何做到的，这样的穷人有代表性吗）到犯低级致命错误，中间没任何衔接，如果通过屋内监控系统观察二家穷人的所有表演，这样更加有戏剧张力，现在普通人花几十元淘的摄像系统都能监控自家的宠物，这家“高级富人”显然被描述得过于傻白甜了（脸谱化）。
奉俊昊一贯的商业片内核，能大卖也能赢得大众口碑，可相比李沧东《燃烧》的内敛，后续带来的思考，这部显示过于被追捧。
这届戛纳也比不上肯洛奇的《对不起，我们错过了你》，这类题材肯洛奇最拿手，因为他一直没脱离大众生活，也没有停止过对底层群体的体恤和共情。",1,https://movie.douban.com/review/10383411/
Parasite,"某些精神阉割派跪着捧臭脚的寄生虫电影，倒真是把东洋奴的软骨病拍出了新高度。奉俊昊这坨泡菜缸里腌出来的伪左翼酸菜，表面涂着批判资本主义的辣椒酱，内里塞满对劳动人民的恶臭偏见——穷人的体味是刻在基因里的原罪？
暴雨夜蜷缩马桶边偷听富人媾和是底层与生俱来的猥琐？这不就是财阀门下豢养的文奴在替主子驯化贱民：看啊，穷鬼连呼吸都是错，活该被毒气闷死在防空洞
丑国资本家给的奥斯卡算是荣耀吗，要不看看来中国背大米的韩国人, 这种把结构性压迫偷换成「穷生奸计」的毒鸡汤，也就骗骗豆瓣文青的鳄鱼眼泪",1,https://movie.douban.com/review/16533033/
Parasite,"一家3人混进富人家里就一大堆刻意巧合，逻辑解释都不通，看一半就拖进度条看结局了。结果结尾杀人那拍的更假，实在看不下去了。冲着奥斯卡最佳电影去看的，看完失望透顶！
还要140字才能评论？？？
一家3人混进富人家里就一大堆刻意巧合，逻辑解释都不通，看一半就拖进度条看结局了。结果结尾杀人那拍的更假，实在看不下去了。冲着奥斯卡最佳电影去看的，看完失望透顶！",1,https://movie.douban.com/review/12245430/
Parasite,"看完电影。赶紧看影评。我喜欢在豆瓣上看影评。特别喜欢看那些1星、2星的影评。
看完之后，我出奇的愤怒了。
看看他们打低分的理由吧！
一、这一家人住在地下室，没有工作。但每个人其实都是高手。可惜，宁愿像蟑螂躲在地下室，也不愿意外出谋生。。。。【完全不像小强啊】
1、高考4年不过的帅哥金基宇，给高二女生补课那是驾轻就熟，第一面就倾倒了母女二人。
2、智商特别高，看到贵妇朴太太家有个调皮的男娃娃，立即就下套安排自己的妹妹金基婷伪装留美回国高手来调教。且果然有效。调皮男孩被妹妹整治的规规矩矩。这要多大的能耐！
3、父亲金基泽开车那个稳当，后面坐的人，手里拿着一杯水，转弯不带晃动的。【反正我是做不到了。】
4、母亲雯光一个人能够把高档房间收拾的妥妥贴贴，且能待人接物，彬彬有礼。。。
5、妹妹金基婷的电脑水平那是相当的高，伪造文书跟真的一样。。。【想起了那个造假币的《无双》。】
二、三观不正。
1、妹妹金基婷制造假文凭，违法。
2、妹妹在车上，脱内裤陷害司机。【应该是临时性行为。如果是预谋，完全可以提前准备一条内裤放在包里。不需要当场脱内裤吧！这也显示了妹妹的精明和机智】，但司机跟你又没有什么过节，为啥要陷害别人？
3、陷害前保姆。人家前保姆跟上流社会的富人服务是得到了公认的。。但这家人却害得别人被开除。这前保姆跟这一家人一点过节都没有好吧！
4、帅哥金基宇的朋友委托金基宇去给自己喜欢的女孩当家教。并且告诉他今后会追求这个女孩，请他去是因为放心他不会夺人所爱。但金基宇第一次去就对这花骨朵下手了，完全不把兄弟当回事啊！【我现在才晓得富家女孩这么好追啊！】
三、逻辑不合理。
1、这一家人身上有一股地下室的统一味道。朴社长、朴太太、小儿子都闻出来了。偏偏那个富家女孩朴多蕙闻不出来吗？还跟帅哥金基宇亲来亲去的，不怕从帅哥金基宇牙缝里亲出一块菜叶子吗？
2、贵妇朴太太真是太善良了。一股脑把自己的司机、保姆全给换了。对这一家人就一点都不怀疑吗？
3、一家人在客厅里摆满了酒菜在那里狂欢。然后朴社长和朴太太回来后，坐在客厅里，居然闻不到酒菜的味道？鼻子失灵了吗？【前面可是连他们四个人身上地下室的味道都闻得出来的啊！】
4、客厅的桌子下躺着3个大活人，这俩人坐在客厅的沙发上，一点感觉都没有吗？【您回家试一下，看您客厅茶几下躺上3个人，您是不是视而不见？这要多大的心啊！】
5、客厅走廊上的灯功率多大啊，忽闪忽闪的，连在对面的山上都能看到？？【当然有钱就是任性，付得起电费。但电影看，这等也就是普通的照明灯啊，也没多亮啊？】
6、话说，走廊上的灯老是不明不白的忽闪忽闪的，这家人难道不找个高级电工来查一下电路吗？话说，电影也提到过，这家里闹鬼，但男主人朴社长完全没当一回事。。还继续住在里面，说明这个IT界高级人士朴社长根本就不相信什么闹鬼的事情好吧。。。【如果真相信有鬼，这灯老是忽闪忽闪的，是不是也应该请个道士天师什么的来驱一下鬼啊！自己钟爱的小儿子都被鬼吓到了，居然不采取任何措施？现实生活中， 我估计没有这样的爹妈吧！】
7、大半夜的，前保姆冒雨来敲门，你一个保姆，一家人都在里面混吃混喝，怎么就敢把那个吓人的前保姆放进来啊？？？
8、帅哥金基宇最后，居然搬着那块石头要去敲死地下室的那个男的。。。这心思也太歹毒了吧！！
四、结局让人没法接受
富人朴社长、朴太太虽然人是傻了点，但罪不至死啊！你最后因为别人嫌弃你身上的味道，就把人给杀了，说不过去吧？
人家朴社长容忍了你们一家四口，你最后害得别人家破人亡。。。于心何忍！这一家富人到底犯了什么罪?
===================================================
以上是打低分的主要原因汇总了哈。。。
但我这里要说。这些打低分的人啊，总是算没看懂这电影到底在讲什么啊！！
首先，咱们得看看这片名“寄生虫”到底是啥意思啊。。
有人说，这不明白着是说这一家人像寄生虫一样，寄生在富人朴社长、朴太太家啊。。。
哎，这可是大错特错了啊。。。
这一家人虽然靠着朴社长一家。但这一家是白吃白喝了吗？没有啊！他们有付出自己的劳动啊！通过优质服务得到报酬，怎么就叫寄生虫呢？？？
资本家雇佣工人，工人是寄生虫吗？地主家的丫头，服侍地主、小姐、公子哥，难道是寄生虫吗？
非也非也。。。
如果这样看问题，这电影当然看不懂。当然会看出很多bug来。
咱们作为有特色的社会主义国家，受了这么多的社会主义教育，基本的阶级斗争的经验还是要有的啊！
这里的《寄生虫》明摆着指的是朴社长、朴太太这一家富人好吧！！！
看看朴太太，不工作，但生活有保障，这是不是典型的寄生虫？？？？朴社长一家，除了朴社长一个人有工作，三个人都是白吃白喝的寄生虫啊！！！
那么朴社长是不是寄生虫呢？那要看你站在哪个阶级说话了。
从无产阶级的眼光来看，朴社长这样的资本家的，当然是寄生在我们广大无产阶级身上的寄生虫了啊！！！
有人说，朴社长是IT业的精英，有自己的事业，当然有收入。这我不反对。但他的收入远远超出了他的付出好吧！他就是一个万恶的资本家好吧。。
资本家不就是剥削咱们劳苦大众的寄生虫吗？
这样，在把”寄生虫到底是谁”这个大是大非的问题搞清楚后，后面的问题就迎刃而解了。
一、这一家人都有很不错的生存技能，但为什么会失业呆在地下室呢？
如果是因为竞争激烈找不到工作，那千千万万的像朴社长这样的资本家造成的 啊！
如果是不想出去工作呢？那是这一家人对资本家包含着阶级仇恨，不愿意被剥削啊！
二、关于三观不正的问题。
1、、妹妹金基婷制造假文凭，违法。请问违的谁的法？法律是统治阶级压迫被统治阶级的工具。在电影里，法律就是资产阶级压迫无产阶级的工具。小妹金基婷制造假文凭，正是对统治阶级资产阶级的有力反抗啊！再说她伪造文凭，是干嘛去的？是欺骗资产阶级的朴太太嘛。。。无产阶级欺骗资产阶级，何罪之有？
2、妹妹金基婷在车上脱下无产阶级内裤，陷害司机的问题。这个嘛，是因为这个司机，虽然貌似无产阶级的一员，但已经产生了阶级异化。他被资产阶级腐蚀了，居然想着吃小妹的无产阶级豆腐。小妹当然要反击了。。。。小妹让司机失业，正是对司机的帮扶。司机失业后，一定会清醒过来，明白自己是无产阶级的一员，而不是资产阶级的走狗。。。这是挽救了一个即将跌入资产阶级的无产阶级革命同志，何罪之有？
3、关于陷害前保姆。。。大家看到。这个前保姆比司机陷入资产阶级的温柔乡更甚。。。服侍了好几家资产阶级，学会了资产阶级的扭捏作态。。。。让她失业，也是为了更好的帮扶她，好好看清自己的阶级属性，不要跟资产阶级打成一片。。。她最后死了。应该说死得其所。第一，她得势后，居然在那里大放厥词，讽刺我威武雄壮的长白山血统的金大将军。不知敬畏，有失体统。第二，她的老公居然是一个投机取巧的小资产阶级。虽然失业了，但也是资产阶级啊。。她不死谁死？
4、关于帅哥金基宇泡马子夺人所爱的问题。看问题要看实质啊。。。他夺谁的爱了？他的那个朋友，本就是个富二代。生活优越，马上要出国深造。本就是资产阶级的一员啊。。无产阶级夺资产阶级的爱，那叫横刀夺爱吗？无产阶级跟资产阶级讲兄弟感情，怕是要出大问题啊。。。
三、几个逻辑不通的问题的解释。
1、富家小姐闻不到这四个人身上朴素的无产阶级味道的问题。这个很简单啊。说明这个富家小姐跟她家里人不一样，她有朴素的无产阶级感情。天然的跟无产阶级有千丝万缕的联系。在帅哥金基宇的帮扶下，今后一定会跟自己的阶级资产阶级划清界限。。。【好比抗日时期，那些投奔延安的富家小姐，还少吗？】而朴社长、朴太太和小儿子，充满了无产阶级地下室气味的敏感，那是泯顽不化啊！特别是朴社长，这为他最后被无产阶级从肉体上消灭埋下了伏笔。。
2、关于朴太太善良的问题。这又是一个伪命题。朴太太善良吗？非也。她是充满了对无产阶级的蔑视的。。。一旦涉及到她的利益，她是一点都不手软啊。比如辞退司机、辞退老保姆，可曾看到她的善良？？？朴太太对帅哥一家貌似善良，是因为对她有用啊。一旦发现没有用了，她一样会毫不留情的对帅哥一家下手的。。哪来的善良？
3、关于朴社长、朴太太坐在沙发上闻不到客厅里的酒菜的味道的问题。正说明，这一家子富人习惯了酒菜的味道。他们不习惯无产阶级地下室的味道，但习惯资产阶级酒菜的味道。这里暗示了资产阶级每天醉生梦死的生活啊！！
4、关于客厅躺着三个大活人，朴社长、朴太太看不见的问题。这正是导演的高明高明之处。正常人当然都看得到。但这朴社长、朴太太是正常人吗？非也，他们是资产阶级代表。。在桌子下躺着是什么人？三个无产阶级的代表啊！！！这一幕，恰恰是说明了，资产阶级对无产阶级的视而不见！！！在资产阶级的眼里，根本没有无产阶级的位置。。。这也为最后资产阶级的代表朴社长的被消灭埋下了伏笔。。
5、关于家里灯忽闪忽闪，朴社长一家人视而不见的问题。这跟第4个问题一样啊。这个灯是谁生产的？无产阶级。这个灯是谁安装的？无产阶级。这个灯里的电是哪来的？无产阶级发出来的。。。朴社长这一家为啥对灯忽闪忽闪视而不见 ？因为他们是资产阶级的代表。他们对无产阶级的东东充满了蔑视和不屑。。为啥不找人修？因为来修的人也是无产阶级。他们对无产阶级的修电灯泡的水平信不过啊！为啥自己不修？因为他们好逸恶劳啊，厌恶体力劳动啊！！这个忽闪忽闪灯，正是无产阶级对资产阶级的无声的控诉啊！！！我都闪了这么长时间了，你他娘的倒是查一下原因撒！！！！
6、为啥大半夜的，给冒雨前来敲门的老保姆开门的问题。这个太简单了。朴素的阶级感情撒。。。。都是无产阶级，一家人啊。。爹亲娘亲不如阶级亲。。开门有问题吗啊？
7、最后，帅哥搬着石头要去把地下男灭口的问题。因为地下男已经背叛了无产阶级。一个劲的把求生的希望寄托在资产阶级的童子军小儿子身上，想通过灯光忽闪忽闪的跟资产阶级通风报信。对待阶级叛徒，不灭他灭谁?
四、关于结局。
资产阶级的代表朴社长被无产阶级的老司机给干掉了。这不是必然的吗？谁说结局突兀了？谁说这个电影立意不深刻了？
最后，我还是充满了无产阶级的革命气愤，给该电影打1星。
因为，上面所有这些分析，导演都没有明明白白的拍出来，非要我挖空心思的来分析。弄死我好多脑细胞。。",1,https://movie.douban.com/review/10440394/
Parasite,"建议换个名字，更能贴切电影主题-----《神经病》，每个人物都是神经病，到位，精湛，石破天惊级别的演技，这样就说得通了。
亚洲电影能拿出去流通的，参与世界顶级电影交流的，毫无疑问的有日本和中国。韩国这个国家和好莱坞一样，离不开包装。说得正向一点就是工业成熟，值得借鉴。说的直接一点就是毫无创意，懒惰成性。
韩国真的是拿自己国家的脸，命和未来去和西方交换一些破铜烂铁的奖项。卖脸，卖命，卖未来这方面真是使了劲了。日本稍微好一点，虽然非常不乐意，但表面还是服从着走，根本上还是有抵触情绪的。只要脖子上没有刀，还是自己玩自己的。
中国呢，就是握着好背景，使劲糟蹋自己。为了电影奔波受累的人也存在，也一直都存在。在电影本身上奔波受累了就没有那么多精力去搞其他的后续了，后面的事只能任人摆布。和韩国一样为了西方奖项下血本的，不要脸的也有，基于人口基数，这种群体比韩国还多很多。相对的，花心思在电影上的也多了不少。中国是属于发展中国家，精神建设固然重要，不能在发展的同时抛弃，但一定是得给国家建设让路的。道理太简单了，集中绝大部分发展国家，对于以后是利大于弊，对于拿到一把世界的椅子也是加速式的发展道路。中国电影可以烂，方方面面都可以去烂，烂到底都可以，让其他国家随意甩中国电影800条街都无所谓。坚持住一点就完胜了，内核。电影有内核，拍摄手法烂，道具破，演员演技不存在，后期不如不要等等，这一切都完全可以被全球其他地区吊起来打到大小便失禁。只要内核还能健康地继承下去，不用等到跻身发达国家，发展到了一个转折点，中国电影，瞬间成为世界电影不可忽视的大佬。这个真的没必要吹，主要是中国太急于在电影上需要收获，建国才多少年就想着全方位在世界上站起来，太幼稚了。所以，中国的问题和其他国家有点不一样。
韩国真的是惨，明明是靠着自己努力一步一步走出来的演员，正好是收获的时候，被西方押着去做奴隶。这么多年的努力和付出，可以为电影圈做很多影响很大很正面的事，一个名字都念不熟的奖把一切都揍没了。然后，政府还要配合着一起煽动群众，进行自我表扬，屈辱得不行的21世纪历史的开端。火上浇油的是，中国观众和网民还自发给韩国电影宣传和表扬，简直是闭着眼睛无情又无辜地把韩国被扇肿了的脸从左到右从上到下使劲又摸了一遍。中国自己脸也有点肿，在人口基数的帮助下，没有肿得那么高，暂时还没吸引到其他路人来进行人道主义摸脸。",1,https://movie.douban.com/review/10391151/
Parasite,"看了寄生虫，啦叽电影，实在看不下去
观影过程简直折磨，就是撑着头皮看看为什么得奥斯卡。
富人一家简直智障：
1: 自己的房子有地下室都不知道！
2:房子的灯有问题，忽亮忽暗也不管，那可是上下楼的照明。
3:儿子都被冰箱后面墙出现的东西吓晕了，也不去看个究竟，无论如何都说不通。
4:这么大豪宅摄像头都不装！
5:自从穷人一家儿子来了之后，家里几年来一直业务水平过硬的保姆/司机 一下子全部出问题，就一点不怀疑
6:家里佣人全换，一个背景都不调查#(黑线)起码看下证件吧
7:穷人一家各个身怀本身，会穷成这样
整个电影看下来的感觉富人是**，穷人都奸诈。这是要宣传的价值观吗？",1,https://movie.douban.com/review/16400938/
Parasite,"看到原来的管家往下跑还以为住在里面的这家人其实也是“寄生”，以为事情开始有趣起来了，我想多了...
沙发上的欢爱戏有什么必要吗...你这房子里面没装监控我是不大信...外面的监控线剪了也没人追究...你们喝人家那么多酒不怕被发现吗...妹妹是怎么搞定小男孩的啊...兄妹俩就算了，他们爹妈没真本事是干不了这活的吧...我说主角一家这么没底线演技还一流，竟然之前都没赚（骗）到钱吗...这家人也不是遭遇了什么事突然转性，而是非常丝滑带点喜感地完成了一切计划，没有挣扎，没有负担，合作愉快，举杯庆祝...又，前面觉得他们心思缜密善于观察准备充分，一会儿又松懈大意手忙脚乱全员弱智...
当然以上这些都不重要，或者说没那么重要，细数的话这片确实很多不合理、前后矛盾、逻辑漏洞，但还不至于给一星。
重要的是，让人警惕的是，贫富不是这样对比的，穷人的苦难不能这样去展现，拍成“我弱我有理”是在丑化谁...面对和自己一样境况的夫妻俩，主角一家是怎么做的...大雨中向他们求助请他们搭把手的人，他们视而不见...全片看下来，主角一家不就是那种“错的不是我们是这个世界”论调吗...恶意引发管家桃子过敏时可曾想过过敏最严重的后果，没有，满脑子都是我们活成这逼样哪顾得上别人啊，至于有钱人，管你经历过什么管你有没有伤害我们，有钱就是你不对...
这就导致你片子里的两组人都是一样的自私丑恶没有恻隐之心，甚至富人组这边因为被大大降智（所谓“单纯”😓）观感上还比主角组舒服一点...最后那一刀实在太傻缺了，像极了没有一点性兴奋的人突然装高氵朝...富人爹这个角色前期都是关心在意自己儿子的，儿子晕厥他不争分夺秒还在那捏鼻子...服了，“方便”叫主角组的爹去给他一刀，想给观众再来点震撼，不好意思只觉得你们脑子坏掉了...
这片拍得太低级太刻意甚至恶意了。片中没表明富人是什么大奸大恶之徒，或者他今日所得有什么猫腻，都没有，也没有对主角组做出任何实质性伤害行为...比起主角组的恶行，老实说富人的那点傲慢、弱同理心根本不算什么...那导演编剧们到底想呈现什么，在意淫什么，给谁贴标签啊...
无论贫富都可能患有精神病，都可能心生邪念，更不是你有钱了你就一定善良谢谢🙄...你要论不成法的“罪”，主角一家就干净吗？这世间有人干净吗？那凭什么由你们来审判呢？...对主角这一家实在共情不了一点，两条人命就这样不了了之更让人膈应...
以及对于那些家庭破碎、身患重疾的人来说，主角一家何尝不是住在那幢大别野里的“富人”呢🏡",1,https://movie.douban.com/review/15922918/
Parasite,"希望看到这篇文字的人，不要急着看这部电影！作为一个从来不在豆瓣写东西的人，看完这电影后我果断地要来这里警告大家，为了不让更多的人被恶心到，我极力警告大家不要不做好准备就看这部电影。真的，诚心的警告。不要因为豆瓣高分而对电影有高预期值，不要因为它在世界上获得很多奖就可以大口吃下。倒不如说，这部电影的完整得益于后面获得的奖项，因为一个普通人，普遍来说是不会有去看或看完它的动力的，正是评出它的评委们完善了他最后的缺点，赐予其他人看它的欲望，才让它变得完整。
是的，看完电影后马上来看了豆瓣的各种评论，他确实是如各位所说的镜头啊故事结构啊运镜啊很好，但是，只讨论这部电影，它根本上表达的主题（幻想救父亲只能成为富人，即使这是反讽，但是我看完真的被恶心到了，第一次因为看电影而有生理上的恶心），让它的这些优点，仿佛都饱含着来自作者的深深恶意。
还有一些想法，但是越去思考这部电影就越犯恶心了。1星只是想把评分拉低一点，应该只是3星左右，因为评分虚高只会误导更多观众，影响观影体验。特别是因为一部电影评分高就去看的时候。我甚至看完后第一次觉得审核制度真的有存在的必要，不是因为这部电影中一些血腥颜色情节，是真的有些东西，没有一定的心理建设是不好去看一部电影的。筛选完下载得到这部电影的受众后，还需要再筛选一次看的受众。我以为特别是心智不成熟的观影者，看多了这种类型的电影会被其中坏的方面潜移默化影响，而又没有接收到它好的地方。",1,https://movie.douban.com/review/14532278/
Parasite,"我不知道为什么和我视频他一直会回微信，他要看这部电影 敏感的我觉得和别人有关系，在淘票上搜到了寄生虫的话剧演出 上海场 北京场…没有一点要带我去看的意思，😄然后现在有yq了，演出取消了吗，想知道他为什么突然有这部电影的资源 还要和我一起看 很难不让我怀疑当时的npy另有别的女人。倘若我的猜想是真的，那么这两个人不得成功 。格局太小，不知道纸醉金迷的世界为什么他们这么沉迷？是人性太贪呀，半天都是贫富差距的话题，电影里为什么穷人就是坏的 富人就很高贵，之前的npy看这个片子目的是什么，是不是觉得自己的阶级又很高呢。看这个电影那么津津有味😮，和我一起看话剧表演、看电影就在现场看手机打电话、打呼噜？总是说他多有钱，什么，就是这样的有钱🙄，骗鬼呢？我只能那判定是个庸俗头脑的女人哈哈哈，我看天下乌鸦一般黑 哼
别跟我谈着恋爱又和别人聊s",1,https://movie.douban.com/review/14437989/
Parasite,"...奉俊昊真的是一位关注社会议题的导演吗？...本质上，《寄生虫》其实是一部拍给中产阶级的展现社会“奇观”的电影...所要展示的正是一种高度概念化的社会模型，让我们在对奇观的观看中，释放掉自己对真实世界的不满。
...这是一部极具娱乐性质的类型片，一部非常解压的商业片。但是，我们对《寄生虫》的批判和各种解读一定程度上是和国际电影节评价体系的共谋。如果不是戛纳将这部电影带进所谓艺术电影的系统之中，我们便不会期待这部电影的现实主义价值。《寄生虫》让中产人看后血脉偾张，...最终暴力发生，紧张的神经放松，快感的机制因此得以实现。
...这部电影就是为了观众的快感而服务，并非揭示现实和挑战社会主流价值观。
...一部优秀的电影能做的就是尽力打开一个尽可能丰富的话语空间。从这个角度来看，《寄生虫》显然是一个闭合的解读文本，...何以在中国的网络上掀起一波又一波的讨论，拥有如此多不同维度的撕裂的口碑。或许，我们的现实本身就参与到了电影的解读空间中，让原本简单的意象和现实变得丰富而复杂。当这部韩国电影在中国获得了如此多的讨论时，它因此具有了新的维度，获得了重构的可能性...
【转】节选稍有改动 原文链接",1,https://movie.douban.com/review/14071752/
Parasite,什么狗屁三观！如果从电影艺术的角度，我给四星，单从三观上来讲，给他妈一星都嫌多。一家四口简直禽兽不如，一群畜牲！高薪请你来上课，能和人女儿勾搭一块儿，用卑劣的手段往死了坑司机，保姆，请问人家做错了什么？占着豪宅吃喝玩乐，杀了保姆也不救人，最后居然还杀了恩人朴社长，我他妈真的无语了！什么狗屁逻辑，什么狗屁三观！穷人就是用卑劣的手段吗？就是心狠手辣吗？奉俊昊，你到底是在赞扬哪一边呢？看到最后杀了他们才解点气，结果居然还没死？？？我真服了，没看过这么无语傻逼的电影了，居然得奥斯卡奖，是从电影艺术水平这块儿评的吗？这电影真丢韩国电影的脸。无耻，卑鄙，下流，恶俗，这是我对这部电影的评价。奉俊昊，去你妈的吧！奥斯卡，就他妈一笑话。傻逼极了的狗屎三观的电影。如果未来谈了女朋友我会让她看看这部电影，以此来看看她的三观。,1,https://movie.douban.com/review/13128876/
Parasite,"最近没啥电影看，经朋友介绍看了这部电影。
电影分成三段：1、依计行事，寄生；2、成功寄生，冲突；3、寄生出错，爆破。
1、依计行事里面，有钱人太笨，寄生的过程不具一点娱乐性，穷人对待富人就好像训狗那样，沉闷！（光是一个一个地无脑无节奏无刺激无娱乐性的安插寄生已经花了电影一半的时间）
2、成功寄生后带来的冲突实在也是弱，中间与前寄生体的冲突以及富人意外回家的紧凑感也没带出来，就是收拾整洁，简单绑起草草了事。。。
3、最后的寄生出错引致的就是一场简单的杀戮而收场。。。
整部电影毫无娱乐性、无节奏、无高潮、无摄影技术、无配乐，但是寄生体妹妹的面相确实欠揍最后被杀也是有点爽。。。
戛纳？？？ 八嘎！！！",1,https://movie.douban.com/review/13018232/
Parasite,"以前没在意过电影的评分，看完简单标一下最多评两句，发现很多评分不高我反倒觉得不错。二月份看了寄生虫是因为看到各大公众号的宣传以及它所得的荣誉，我想：应该不错。没带任何先入为主的思想去看，给了三星，没有动人和可圈可点之处，情节漏洞百出，但完成度高，节奏“好”、很抓人—总体来说：还行，一般。接着不知怎的大量翻看评论，回忆琢磨细节、剧情，不觉得它好是我的问题还是影片和大多数人的问题，为什么那么多人说好？ 看到铺天盖地的好评，8.7分居高不下，不解，还有一些吹嘘和各种夸节奏好的使我气愤，想了好几天，日记本写了评论批判和疑惑，改为一星还把豆瓣卸载了。想起呼兰吐槽柯洁的段子，打游戏输了一气之下把游戏卸载了，这好比虢卒运动员踢输了把球藏起来了。的确逃避得有点好笑。

情节漏洞如家里灯乱闪富人一直不在意、主人突然回家寄生虫们慌慌忙忙用手收拾了一下他们没有发现、刚喝完酒的屋子他们不说闻到酒味为了点题居然说闻到寄生虫味儿、爸爸妈妈混入豪宅并胜任工作过于顺利和荒谬…有很多人都提出来了我不再细说，有一处不知道大家注意没，老保姆在雨夜进入地下室小房间时，整个人横在空中脚蹬墙手推那个挡门的架子，那个架子那个门她开了多少年了吧，为什么那天晚上就突然打不开？因为新保姆一家子要下来，要发现这个秘密，要继续这个荒谬的故事，还有，新保姆帮她推开她才能摔下来才能显得惨、好笑，有人来帮忙时你不能下来一起推非要等着摔下来？确实好笑。

主要人物几乎没有一个立得住的。富人头脑那么简单，寄生虫说什么就是什么。甚至可以说这个寄生虫家庭就立不住，住地下室，住地下室就说明日子没法过了吗？有千千万万住地下室的人有些还连半个窗户都没有他们不也照样在努力找事生活，一个考了三四年名校的学生，通常来说这情况他的知识跟一个大学生差不了多少的，毕竟我们都知道大学学不到什么知识（只有自学），而他的良心比起上过大学的、经历过社会毒打的人来说应该是更善良纯洁的，他用不诚实的方式把妹妹搞进去，注意这个女孩是上过美术学院的，并且人设是有艺术天赋，一个受过艺术教育、有点艺术修为艺术能力的人会那么龌龊吗？兄妹俩进去这下可以了吧，一家子已经解决了燃眉之急，通常，一个普通家教的一节课的工资都比一个服务员售货员保洁员、保姆、工厂工人甚至学校老师一天的要高，一节课不可能超过两个小时，还是名校毕业教美术兼心理治疗，何况还是给朴社长这么有钱的人家，这么说下来兄妹俩可以养活一家人并且还有充足的剩余时间，你再去找点活儿不行吗？两个读书人，还要用龌龊下流的方式陷害别人把爸爸妈妈搞进去，做这些事情的时候没有一丝铺垫、过度、羞愧之心和犹豫，父母更是，仿佛他们全家的使命就是完成电影名—到别人家做寄生虫。儿女暂时有了收入，如果他们还要再赚点钱，不可以去找别的工作吗？实在找不到打工的活儿（这种情况几乎没有，除非什么都不想干），你们出去摆个摊卖卖早餐夜宵，烧烤关东煮烤红薯小笼包八宝粥煎饼果子什么的总可以吧？哦如果韩国没有这些，你卖点炒年糕辣白菜辛拉面总可以？如果你们是乡下来的—新问题又来了，这一家子人没有一点出生背景，哪里人、以前做什么的、吃什么、怎么活下来的，仿佛就是天生的要来害朴社长一家的穷人、寄生虫—你们可以回去种点庄稼瓜果蔬菜啊，怎么看也觉得社会还没逼你们到那个程度啊，穷人多了去了也没见都去害人啊，何况你家还有两个看朝气蓬勃的年轻知识分子…           老舍有个短篇叫《月牙儿》，月荣丧父，妈妈改嫁的男人又死了，走投无路之下妈妈做了妓女维生以及供女儿上学，月荣毕业后找不到工作在饭店做女招待遭到流氓调戏，不忍羞辱离开可还是找不到工作，这时妈妈已经年迈体弱，月荣又走投无路也走上了卖淫的道路，且就在妈妈在家时接客，妈妈还给女儿传授经验讲该注意的问题，他们实在没活路了，而且注意那是民虢初百姓民不聊生时；《偷自行车的人》爸爸和千千万万人一样找不到工作，为了一个需要有自行车才能得到的工作当掉了妻子的所有嫁妆换了一辆自行车却被偷了，他带着儿子穿梭在一条又一条街一个又一个市场找自行车，那时候的绝望我仿佛在他身边和他一起承受，走投无路之下，他起了贼心—自己也偷一辆…但注意那是二战之后很多国家地区都处于贫困失业的情况下。这时候作为一个观众我竟然希望他偷盗成功！；类似的《十七岁的单车》，小孩偷走一个可怜的农村小伙的唯一财产自行车，可我们发现真相时，小孩是因为一直以来的愿望、爸爸的失信、强大的虚荣心（甚至包含爱情因素）之下偷的；《此房是我造》、《七宗罪》那种变态杀人我们都能看到本身性格饱满的犯罪者有足够充分的心理动因；都说寄生虫灵感来源是《燃烧》，前几天看了，不算多么惊艳的杰作但跟这部相比就不是一个档次了，它人物没有那么杂，每个都有合理的身份以及与自身匹配的行为，钟秀的家庭、身份、现状和面临的问题都有交代，一个失意的没钱没工作的年轻人在一个美女的勾引下爱上了她转而她又跟了一个有钱人，接下来有钱人还带他参加格格不入的聚会、谈话中有钱人因为有钱、有大棚在面前摆着就随意烧大棚，而大棚对于钟秀这样的人来说却是要物、还无视法律而钟秀正在处理法庭的事…使原本不富裕还troubles缠身的他更加边缘化，最后心爱女孩的失踪—尽管不确定是不是真的被有钱人杀害，但从物品来看绝对有关，有钱人的却云淡风轻忘旧换新，这一系列反映出刺激出了一定的阶级矛盾…最后的杀人片段，首先选了一个没人的地方—毕竟杀人他妈的犯法啊，其次杀人过程，他那么用力、颤抖、疲惫地捅了好几刀，有钱人在挣扎—人被人杀时会不挣扎吗？一刀能立即毙命吗？寄生虫中能。到杀完他始终在哆嗦颤抖（当然跟天气冷脱了衣服也有关），在销毁证据后逃离，整个过程让我们看到了：杀人是有原因的，杀死一个人是不容易的、可怕的。再说寄生虫一个特别不符合情理和逻辑的部分，乱杀一气那段，眼前是中了刀奄奄一息的亲女儿，不赶快背去医院或者打120，朴社长的女儿都已经背起受伤的基宇走了好吗，说到这里，他抬头看见基宇也受了伤时似乎忘了眼前的女儿，好咱们就当儿子太重要分心了，那赶快背起女儿赶上儿子一起啊，或者跑去看儿子都可以理解，这时候你老板跟你要钥匙你应该都听不见顾不上啊，即使听见那不也应该着急忙慌扔过去然后救孩子吗？甚至你可能已经开着老板的车去医院了钥匙在你手里的嘛！你扔过去后还专心致志地看老板在另一个寄生虫身体下拿钥匙的表情！他捂鼻子刺激了你伤害了你！再注意这时候镜头几乎定格，也就是我们观众要仔细看爸爸的表情了，他被刺激了，他应该行动了，这是什么给三岁小孩的手法？不管我们几岁我们只能看他让我们看的，当然这时候更是为了点题朴社长拿钥匙要救孩子时居然有空捂鼻子迟疑再拿？以及现场那么多有钱人没一个知道开个车救个人的？…包括前面说到的那些作品的例子，我们能看到人做事是有原因的，犯罪是环境/他人所迫或者有一定心理动机，我能理解、同情他们甚至支持他们，而寄生虫让人感觉这家人是石头缝里蹦出来吃不上饭的要杀有钱人的穷人。如果说它的灵感来源于燃烧，那么它像一篇看了篇范文的命题作文，设定好讲一家子穷人没缘由地全部去寄生再杀人，然后所有的行为都朝主题靠，最后弄出一个不合理、直白、低俗、煽动大众情绪的东西。那些说阶级矛盾的，陷入阶级矛盾的虚假设定里无法自拔了，这里有个屁的阶级矛盾，从一开始有钱人跟他们没有利益冲突更没有人格、身份鄙视或侮辱，反倒是他们将人家耍地团团转。这顶多也就体现个贫富差距，可拍一下富人生活再拍一下穷人进行对比呈现出天壤之别这种方法在上世纪的黑白默片中就蛮常见了。

逼逼一下价值观。刚看完时看到大家夸得天花乱坠，很多人说阶级矛盾揭露得好、穷人过得多差多可怜富人多舒坦、穷人在社会上找不到出路…竟然还有多人开始传诵里面的台词：钱是熨斗，能烫平一切；我要是有钱我也温柔善良…这他妈什么脑子什么文化能力的人能说这话？人是复杂的矛盾的你不知道吗？熨斗这东西熨熨布料衣服是挺好用的，脸皱了能熨平吗衣服烂了能熨完整吗？人和人的生存环境就是不一样的，穷有穷的活法富有富的生活，且人的“好”“坏”跟有钱没钱关系不大啊，有了钱还有别的痛苦，人总是、必定是痛苦的，这里平了那里还得皱，况且人也没有绝对的好坏之分吧，可在这部电影里我看到了彻底的坏人、丑陋之人、没缘由的坏穷人，以及世界上好像只有两种人：有钱的和没钱的，人的其他性格、特点都不存在。同样的认知能力好久之前遇到过，我不确定那个男生是否小学毕业，他跟我说：人与人之间都是利益关系，没有真感情；一个男人有多不正经就有多深情…这样的人认知能力文化能力思考能力有限，这电影很适合他们看也很符合他们的认知。以这部电影传递的思想和价值观，在这个原本很物质、精空虚、人人金钱至上的时代，大家更把金钱视为真理，视为人生的唯一追求和救赎物。千千万万的穷人都在努力靠自己的工作生活，难道都不值得敬佩赞扬提倡一下，难道那种人生不值得过、都要靠歪门邪道靠寄生于别人生活吗？因为穷杀无辜的人，难道就是社会逼的、就不应该被批判吗？         甘地说“物质享受不能带来幸福，即使是20世纪的物质，而是来自你的工作和所作所为”。靠耍手段害别人爬上与自己能德不匹配的位置他们看起来挺幸福？；某大大也说幸福生活是奋斗出来的。而这些人到最后还不知羞耻不知是非罪恶，最后以父子情强行煽情结尾，儿子立志赚钱、买那个大房子，让爸爸永远不敢见人地活在自己家的大房子里和已经不完整的一家人幸幸福福静悄悄过一生？先立志做个有是非观念诚实生活的人（人，人）吧。

跟一个人谈到，我说到这些个问题时他没有提出反驳我的地方，反而说，就是一部电影，你不要太认真了、不要太愤青、你又不是导演、我一般不分析电影的价值观这些，只是接受它呈现给我的、文艺作品没有承载价值观的使命…我二十多岁不愤青那我还有活力思考能力怀疑批判能力吗，作为观众大家都不认真我也不认真，别人给你什么你接受什么，那谁还会认真做作品，既然观众什么都接受那随便搞搞骗一骗就好了啊？我现在不是导演说不定以后是呢，不是这部电影的导演但也应该认真看待吧，文艺作品没有传递价值观的使命那靠我们路边和政治课本上看到的“诚实守信自立自强幸福生活是奋斗出来的”等这样的标语口号传递吗？
还有个人说感觉很一般，感觉奉俊昊像我国的徐峥，我觉得起码徐峥没有打着揭露社会的幌子煽动大众捞钱啊，他就是在拍喜剧拍得好你笑不好你批评你骂就行了啊，而且徐峥作为演员很优秀且可爱。很久之后我又问了一个人，他说过誉了，但是他已经懒得批评了，说自己上了年纪冷漠了不太在意这些了。
还看到一个影评说豆瓣上的小年轻吹毛求疵说不合逻辑，大致上过得去就行了，莎士比亚还有第五幕神仙救场呢（想知道是哪部剧我去看看）。我觉得，那些说自己上了年纪的人已经得过且过不较真不吹毛求疵了，想让年轻人也一起得过且过不较真吗？王家卫在《阿飞正传》中区区一个刘嘉玲擦地的镜头拍了48遍，最后才真正达到了他要的“不情愿地擦”的效果。所有人都得过且过就真的不会再有好作品了，都去看戏剧冲突强节奏紧密的却远离生活处处不合理的快餐式文化，想做好作品也做不起来了，贾樟柯、侯麦、小津安二郎、罗伊安德森等这些人的电影也将越来越落寞了。说莎士比亚神仙某幕救场不符合现实的话西游记聊斋志异白蛇传希腊神话我们都要质疑批判说因为没有神没有妖所以不合理了。最大的区别是这些著作里尽管有一些我们不能确定是否存在的东西，但每一个角色、情节、行为都是合情理的。如果莎那算个bug，我们用流传千百年的著作的一点bug来跟一个肤浅粗俗的作品处处不合理的地方做对比也不太合适。
我很想跟人说说讨论讨论，又问了两三个人他们都还没看。我不知道和谁说了…
后来冷静了好久，关于价值观又多方位思考了一下，当然，不是所有的文艺作品都必须传递价值观，可以有个人的情感、生活的小情小调、可以静静地客观描述—模仿、可以想象抽象…比如最早期的默片《工厂大门》、《火车进站》、《雨》、近年的不太有知名度的《90分钟》这些，没有价值观，简直没有一点故事、情节、台词，但我们会觉得它简单可爱，它是美好的；超现实主义代表作《一条安达鲁狗》，由不可能发生的莫名其妙的梦境、想象事件/行为组成，通常也没有什么价值观，以及实验性的抽象电影《机械芭蕾》等，人的形象、现实场景、梦境都没有了，只是一些符号图案，简直像动起来的抽象画，但它就是好玩儿，看的时候我们已经不会去想“对不对”、“真的假的”…它们完全成了艺术；昆汀的有些血腥的黑色幽默、犯罪片，我们也不觉得它哪里有问题，它不可思议又合情合理，顶多是个人不喜欢，但是如果有想法看法要传达，你传达出这种带观众跑偏的肤浅庸俗的观念，而且根本就是一场不能成立的闹剧，就真的不太说得过去了。
还有那些说商业节奏好、拍摄技术好的，这正是它该被骂的地方，整个剧情都不成立就在那搞技术搞形式，呵，何况那些个东西是有个技术团队、有钱、有颗捞钱的心就能做出来的，跟艺术就没关系了，有人要说别把它当艺术看，那它连商品都不是个优质商品。
这电影就像薯条炸鸡可乐，吃的时候爽，但对身体留不下一点好处，可大多数人都觉得好吃，能过嘴瘾而已。我们从头至尾被不用过脑的台词、事件充得满满的，把人抓地紧紧的，不留一点让人感受、思考、取舍选择和分析的空间和余地，处处是并不高明的埋伏和设计，只为显得精彩又圆满。（竟然有人能看三四五遍？他在看什么啊？嫌生命太长了吗还是吃完炸鸡还要嗦两遍骨头…）
给一星当然有点情绪化有点不客观，因为这电影最少值1.8星，但为了看看能不能让整体评分客观一点，只好给个一星了。    毕竟艺术批评拓宽艺术影响力，更是艺术发展的推动力。
卸了豆瓣那几天我还安慰自己：没关系没关系大多数人都是愚蠢的肤浅的看不到本质没有批判能力的。接下来我继续恢复不在意电影评分只看它本身内容的原则。 对于本片这种，如果大多数人跟我持对立立场，我不会再怀疑自己—一定是大多数人的问题。",1,https://movie.douban.com/review/12882847/
Parasite,"过了一个月再来反刍发现它确实是一个政治上相当保守的电影
就刚刚，看到曾经对地主阶级“寄生虫”的这种譬喻，而当我作为一个正在体认当代左翼思想的青年、在看到这部电影把穷人当作“寄生虫”的譬喻时居然毫无厌恶感（也没有产生反思），还把它误认成批判现实主义电影。。。。。真是不应该。
（正文不能少于140字。。。。。。。。。。。先写到这里，以后慢慢补。。。。这部电影值得作为一个政治保守登峰造极的现象来解读。）",1,https://movie.douban.com/review/12387721/
Parasite,"剧情紧凑，敢于直击韩国现实生活，演技不错，演员选得很到位！是部难得的佳品，但是有我在，你XXdgf。
寄生虫这部电影呢，首先他的确是部好作品，主角各方面也还行，但是呢，还差点意思，但是他比我想象中好得了，但是呢，物极必反，所以我来了。
首先，我承认电影是好电影，但是韩国现实生活状况却远比电影里差得多，但是，敢于拍这一点，我是佩服的，加油！我永远是你的yxh式铁杵粉丝！
最后，当然少不了总评，总之我认为电影评分应该是：5.9",1,https://movie.douban.com/review/12370992/
Parasite,"老实说，我非常不喜欢这部电影。因为本片无论怎么看，都像是一个贫穷的四口之家因为各种花式作死而自食恶果的故事。仅从故事角度分析，《寄生虫》并无任何高尚的意义。



首先，从故事手法上看，导演并没有采用“双线并行叙事”或者“交叉叙事”的技巧来对贫富两个阶级进行更为全面细致的展现，而单单以基泽一家作为切入，这样做的缺点无疑非常明显。其结果就是在电影中导演仅仅针对贫穷的“恶”进行了一番浓墨重彩地描述，而在对富人的表述中却偃旗息鼓，仅仅做到了“蜻蜓点水”式的一瞥。在人物刻画方面，“穷人”的形象显然更为立体，而“富人”则是扁平的。

并且，导演似乎对穷人抱有极深的且无法掩饰的偏见，不惜将这一家四口刻画成狡猾多端、工于心计、道德低下且在背后议人长短的市侩小人。纵览电影，观众除了能够在结局处对其产生少许同情之外，其余皆是导演无形中对贫穷的“口诛笔伐”。



但反观富人阶层，他们做事光明正大，心地善良，且对基宇一家以礼相待，信任有加。他们似乎只有一个缺点，那就是轻微的洁癖。这在影片中成了导演对于“富人”阶层批判的重点，但若细细揣摩，这种批判本身是不太能站得住脚的。因为他们（朴社长一家）只是本能地对异味有所抵触，从人的生理层面分析，这完全合乎情理。并且这本应当作为重点批判的内容，导演却最终浅尝辄止。按照正常的剧本来走，“富人”应该会对“穷人”表现出直接的蔑视才对，但在《寄生虫》中却无具体体现。如果仅仅是对异味提出抗议也算作是一种对“富人”批判的话，那这批判的力度未免太轻了些。

这样一来，相比于“穷人”的卑劣，“富人”在影片中则完全成了“正义”的化身。这就是本片最大的问题所在，导演亲手制造了舆论，但最终使舆论的天平完全倾斜在“富人”身上，而“穷人”的存在似乎只是为了承受更多的骂名。

在观看电影时，我常常想，这是否就是导演的刻意安排呢？

除此之外，电影中刻凿的痕迹也未免过重。在朴社长一家给儿子举办生日宴会时，老于（前保姆的老公，我姑且成为老于）突然从地下室出来杀死了基婷，现场一片混乱，在朴社长去接基泽扔给他的车钥匙时做出的捂鼻动作也严重脱离现实实际，这在形式上虽然与前文形成呼应，但完全不能使人信服。难道在血腥弥漫的空气中，朴社长还有心思在意那些个穷人身上的“酸臭味”吗？这是影片最为“失真”的地方，也是其形式大于内容的有力证明。当然，本片失真的地方不止一处，我就不一一列举。


除了在表达层面有较大瑕疵之外，影片在情节发展的逻辑上也同样不能令人满意。凯文一家四口“寄生”的过程出奇地顺利，中间并无足够的铺垫，也没有任何情节上的起承转合，本来应该作为重点的情节描述却被导演草草带过，叙事力度的缺失多少给人一种莫名其妙的荒唐之感。导演偷懒的后果便是直接将“富人”变得愚蠢透顶，将“穷人”变得混蛋不堪。

作为一部反应社会现实的作品，《寄生虫》仅仅停留在对贫富两大阶级的表层对比上，缺乏更深层次的社会反思。这也是它始终无法突破“类型片”桎梏的最大原因。



但即便抛开以上不谈，《寄生虫》也远远称不上什么佳作，因为它已然沦为一种政治化的“宣传工具”。就是在这样一部号称严肃的作品中，影片竟然对一国领导人进行公开地“揶揄”，实在落了下乘，失了风度。

由于本片在表达形式与内容的不统一对电影观众所造成的严重误导，将会进一步强化一部分人本来就对“穷人”所持有的成见。这是《寄生虫》最无法得到原谅的一点。

以上。",1,https://movie.douban.com/review/12355405/
Parasite,"台词单拎出来很有道理，放在电影里却格格不入。不是说主角一定就要是好人，关键是明摆着文不对题。所有的宣传都是打着呈现阶级隔阂的名号，拍出来我只看到恶人和普通人的对立以及作恶之人将穷作为挡箭牌的理所当然。主角们真的不是因为穷而不善良，就是因为不善良而不善良！
        富人不算善良但是所有行为都在正常人可接受范围内，比主角一家更弱势在地下室里苟且偷生更为底层的人尚且懂得感恩，这家人又在做着什么？用阴险的手段害得两个无辜之人丢掉工作，欺骗相信他们的主人一家还在人家家里占尽便宜，看到比自己境遇更惨的人首先想到的是如何对人家颐指气使，结果把自己女儿作死又转头把气撒在了富人一家身上。试问主角一家真的没有机会打破阶级隔阂离开地下室脱贫致富奔小康？根本不是吧。如果他们不是贪得无厌得意忘形，随手做点好事积点德答应前任保姆帮她照顾地下室的人，他们就还可以在富人家里做着还算体面且薪水不低的工作，并且在不久的将来过上新的生活。可是呢？。。。最后他们的下场，以及其他两家无端遭受的灾祸，说到底，难道不是贪婪、自私和狭隘之祸？你告诉我这是贫富对立之祸？？？为何我只嗅到“富有即原罪”的偏见。有人说富人想要力图划清界限这一举动对穷人是一种无形的刺激，然而这有何不妥呢？富人可以不喜欢穷人，穷人可以仇富。漂亮的人不爱带丑人玩，聪明的人嫌弃笨蛋……又有几人真的完全不会在心中有如此想法吗？克制在心中不表现出来，已然是最大的尊重了，不然你还要部长一家怎么做呢？恐怕他们不管怎么做，都难以避免最后的悲剧。因为，这不是一个贫富悬殊鸿沟难以逾越的故事，这就是一个，引狼入室的故事而已。
        又想吃题材的红利又想追求不断反转的效果，结果就是连最基本的合题都做不到。三观扭曲，情节不通，离题万里。看到一片好评如潮，奖项票房双丰收，真真是我所不能了解的事了😭。",1,https://movie.douban.com/review/12318142/
Parasite,虽说19年是电影的小年，但奥斯卡评出这么烂的结果，确实超出了能忍受的底线。居然豆瓣还给8分以上，可见豆瓣也快沦陷了..................................... ..................................... .....................................,1,https://movie.douban.com/review/12314556/
Parasite,"看到豆瓣上评论一边倒的三观不正，我决定长话短说。
这部电影当然并非一无是处，评价也不太应该只给一颗星，一边观影一边记下来的不少亮点，都躺在我边看边码的草稿里呢。
但全片看完，外加扫了一眼豆评。我失去了多给两颗星的心情。
中肯地说，这部电影存在不少不合逻辑的地方，除了情节，还包括电影的风格。
情节只说最严重一个，那就是司机最后杀人的动机和条件完全不符合情理。因为相关讨论不少，具体这里不展开。
本评主要想指出电影风格不统一的问题。
影片一开始，是喜剧的基调。哥哥找wifi的尬态非常有共鸣，确实拍出了我这种穷人的日常——整天就是喜欢探索哪有免费wifi可以蹭蹭。开头比较流畅，一穷家子的地下城日常活灵活现，设置的几个梗也能让人会心一笑。导演在这里展现出挺扎实的创作力。
按照大家知根知底的套路，结局应该是这家人遇到莫名又滑稽的好运，从此飞黄腾达一夜暴富。“应该就是这样吧。”观众都这么想着。
然而后续剧情的走向出乎一般人的预期，发展成了带悲剧色彩的故事。这时候问题就凸显出来了，即前述情节不合理的状况。太多的巧合、太多的违背常识的现象，严重破坏了剧情的讽刺成色。
一些不合理的情节，在喜剧的设定中是可以被允许的。在这种情景下，可以视其为荒诞，反而能增强黑色幽默的力度。但在悲剧中效果却相反，假设没法同样成立。
这样的结果就是导致影片的感染力被大幅拖累，我眼中的结局，看到的只有满满的违和与虚假。
片子另一特点在于隐喻较多，似乎影射了韩国的社会阶层矛盾甚至国际关系。但在我看来，隐喻多从来不是电影的优点。一部电影，最重要的是把要讲的故事讲好，把想传达给观众的信息传达好，而不是遮遮掩掩欲盖弥彰的打哑谜。我们是来看电影的，又不是来玩密室逃脱。
很少影评能公正的从电影本身去看待“寄生虫”，这就是我无法过度赞美这部电影的原因。相比起一些零星亮点，我觉得全片存在的问题更加严重的拉低作品的质量。太多的人被一种预设立场的公正主义蛊惑，过分注重片子刻划的贫富对比，忽略了作为电影本身的艺术价值究竟几何。如果目前评分在7分左右、在奥斯卡颁奖礼上当个过客，我认为会是比较合理的，可以客观地体现本片的真实水平。
可惜不是，于是我写下了本评论。",1,https://movie.douban.com/review/12289299/
Parasite,"第二次评价了，恨不得给负分。讽刺穷人也不带这样玩的。名字就极具讽刺意味。这部电影显然是在拍富人眼中的穷人。评价这个电影有点像品味红酒，我不管你用的什么上等葡萄，什么个大品牌，总之我一喝口感不爽，那就是不好！
再要么就是国情不一样。难道韩国的穷人都这样？生活这么困难？总之，放在中国我可不能接受这个电影。
也有点让人想到我国的保姆放火案，但个案必定是个案。个案可以拍剧情片，不能拍人性片。",1,https://movie.douban.com/review/12275510/
Parasite,"以纪录片的角度我给五星，穷人投机取巧就是不应该有好下场。电影方面我觉得是垃圾，因为它表达的意思让我很难受，我觉得穷人为了过好生活，就应该用这种方式吗，下场就是这样惨吗？
拍的越惨并不代表你就是好电影，这就是精心编剧的一部好纪录片。
豆瓣近80万的评价，近9分的评价说明什么；哇!韩国真牛啊，什么都敢拍，我们就不敢。没错，韩国人不仅敢拍，而且越拍越多，越拍越好。虐童，坑害残疾人，穷人生活，政治。没有他们不敢拍的，现在给我的感觉就是韩国社会也不是那么美好的。韩国广电局真是松啊。
好莱坞给了几项大奖，我觉得真可悲，一部反映穷人悲惨生活的电影记录片才是评审喜欢的。美国资本主义就是喜欢看比他惨的，如果我们找个好导演把我们的社会问题，精心编排出一部电影，应该也能得个最佳外语片吧。
以纪录片的角度我给五星，穷人投机取巧就是不应该有好下场。电影方面我觉得是垃圾，因为它表达的意思让我很难受，我觉得穷人为了过好生活，就应该用这种方式吗，下场就是这样惨吗？
我喜欢的电影是《少林足球》——一群没有进入社会上层能力的人，只有一身武艺但却无用武之地，逐渐失去了尊严。但最后受尽挫折找回了做人的尊严。
我喜欢的电影是《功夫》——主角觉得这个社会只有做坏人才能出人头地，最后却因为那个小时候救过的女孩知道自己内心还是希望做好人。然后选择敲火云邪神的头。
我喜欢的电影是《喜剧之王》——我是一个死跑龙套的，被所有人看不起，但一直努力找戏拍。你是一个被初恋男友逼去卖淫的坐台小姐，但内心不喜欢被人说是坐台的。当我们在社会底层，看不到未来的时候，我们却依然相信爱情。
上面几部电影也都真实反映了社会问题，但给我带来了的是这种思想。反映社会的电影可以拍，从头悲到底的电影也可以拍，但要控制，不要过度。哪天我们广电也不管了，也可以拍了，一年几十部让你看不到希望，最后哭死的电影。你们真的喜欢这样吗?
给这部电影打一星并不是针对他，而是我觉得韩国人拍这种电影有点多了。我们也可以拍，但不要拍成纪录片。",1,https://movie.douban.com/review/12268661/
Parasite,"看完电影我立马便想到昆汀。
我认为艺术很多时候是不需要用批判现实的东西来体现它的价值。昆汀的大多数作品便是如此。《低俗小说》《被拯救的姜戈》《杀死比尔》。还有很多很多其他导演、画家、作家……
韩国导演在拍电影的总会加入中心思想，总有批判意味。这部电影也不意外。为什么要把贫富差距、阶级对立加入进来呢？如果没有这些硬塞的内容，假如他是部犯罪剧情片，我愿意给他满分。电影中反复出现的地下室的味道（最后富人也因此而死）、反复出现的越界、仿佛一直在告诉你愚蠢的富人和聪明才干出色的穷人的对比。而事实呢？富人慷慨、大方、宽容、单纯、事事为他人着想。反过来穷人在前后对醉汉的态度、仇富、敏感又脆弱、自私、欺诈。充分让我感觉到穷山恶水出刁民，他不是在讲阶级的形成在差异化社会资源的分配，而是在讲人本身才是充分导致阶级形成的根本。",1,https://movie.douban.com/review/12258108/
Parasite,1.多惠在背小男主时，理应看到地下室的通道，小男主脖子上还套着圈，另一头还在地下室的台阶上，后续不跟警察录个口供讲出来，有点说不通；2.这个闪烁的灯质量有点好，朴夫人看到连续开关的灯泡也不想找个人修一下；3.说到修，这么大的房子不弄清楚水电气的管线说不过去，怎么着也得有个修理工负责，如果有修理工地下室也早被发现，只能说明质量好；4.地下室都负二层了还信号好，运营商几乎不可能，要么就是无线路由器，跟上条一样，也要有个修理工；5.社长不偷不抢发展事业，有原则不越线，剧中虽然有讽刺恶趣味穷人，却换来死亡不可惜吗，人家对男主也还好，让男主给钥匙去开车救人，你男主不给钥匙，人家拿钥匙看到死人和血心里厌恶一下就致死了？人家没救你女儿，你不也没救，你还捅别人；6.诚信 善恶 是非观我认为都有问题，可能这是由于韩国贫富问题比我们更严重导致的，但我们不是仇富只是仇视为富不仁；7.导演编剧只是讲个故事，艺术自然有夸张成分，以上有些小bug也无可厚非，怎样理解是观众自己的事情，最后几分钟小男主表现出努力买房要去奋斗，不也是想成为富人吗，寄生上流不如成为上流，令人欣慰，但你好歹遵纪守法，杀人不要偿命吗？8.故事新颖，不落俗套，但我个人接受不了。,1,https://movie.douban.com/review/12241776/
Parasite,"儿子教英语 女儿教美术
爸爸跑滴滴 妈妈当个保姆
租个干干净净的房子 随随便便小康生活呀
但凡有点技能还能穷成那样？
拿了那么多奖也不能税服我 抱歉
不过整体构思还是有趣的，三分还是有的，但是最后吃了屎。吃大餐吃到最后给点儿屎也是吃屎，所以整体上还是吃了屎。我只能给一分。
我并不是话唠 但是评论非要写140字，本条评论在前四行就已经结束了，后面的都是为了凑字数",1,https://movie.douban.com/review/12236771/
Parasite,好人没好报吗，朴社长一家人做错什么了吗？！两口子又不是什么恶人，两孩子也都单纯。反映贫富差距的社会问题，突出这丑陋的一家就得让被占尽便宜，也不是非法取得财富的朴社长牺牲？关键最后杀人者还没有受到法律的审判。最后是表现这一家人有多相亲相爱吗？犯罪问题就掩盖了？朴社长这一家人就是活该受骗，被杀的大SB吗？！这电影三观就有问题,1,https://movie.douban.com/review/12234132/
Parasite,"《寄生上流》繼承了數十年一貫的韓國電影通病——濫情，更偷渡了日本式自以為看穿世情的箴言台詞，也算日韓對立的另類解套。導演想要如同柳宗元一樣書寫一篇振聾發聵的現實主義寓言，但不過是平日說著何不食肉糜的人們偶發對低端人口的悲憫。
劇情與節奏是沒什麼問題的，畢竟這是韓國人最擅長的，整齣電影兩個小時，除了前頭對這一家人如何附蝕於這間房子的鋪排，戲劇時間幾乎僅在十二個小時以內（由富人出遊到宴會結束），劇情不能不說是緊湊，這也是這部電影僅有的優點，基本也是所有韓國電影為數不多的優點。但很糟糕的是，導演並未將「牆上的槍」擊發，太多伏筆沒有解釋，具有象徵寓意的石頭並未切合劇情，這對於一個坎城片來說是很弔詭的，一思及歐美時興的韓風（韓國義和團連登數週的告示牌云）似乎有了解釋了。
乖張的中心思想是韓國電影的最讓人詬病之處，《歐羅拉公主》為其中翹楚，它們幾乎都舉著「惟歌生民病」的華美大纛，但它究竟述說了什麼平民的苦痛？除了視覺的衝擊，觀者很難從中看到一以貫之的精神主軸。《寄生上流》也是一樣，乍看之下它講述了階級矛盾：在上面的大人物是那樣如同呼吸般輕賤人，在下面的賤民們如同蛆蟲一樣用盡全力曲折卑微的活著。通常我們說這是現實主義、人道精神，但它究竟說了什麼樣的「現實」？雖然《寄生上流》醜化富人的方式不如《歐羅拉公主》那般拙劣（後者讓癡肥中年男子扮演富人）但依舊將富人描繪的不討喜，就算他們是俊美、光鮮亮麗，亦不過是為了使導演「富人的善來自金錢」的譫妄有一個解釋。
它在說富人的可憎嗎？否，否則富人的形象不會那麼和善。
它在說窮人的悲哀嗎？否，劇中他們積極能動。
它在說貧富差距下必然的衝突嗎？否，衝突的源頭是個性而不是懸殊的經濟實力。
這種主題的喪失並不是如《陽光普照》有寓言式的歧出解釋，而是源自知與行的不合一，導演知道階級衝突存在，我們也知道，但卻沒有較我們來的有一個超越性的認知與詮釋，而是放任他生來帶有的煽情能力，讓我們好像明白低端人口的悲哀，但實際上，我們只是飲了一口導演自慰洩出的一手空包彈。
人設也是個很大的問題，厭女的人物設定是任何影劇中都出現的，於此不細談。窮父親是個很大的問題，我們可以知道他是溫吞的、內斂的，受壓迫的，以及他由於無能成為個支撐家庭的頂樑柱而感到自卑羞憤，這是無可疑的但在電影前半我們幾乎看不出來，直至進行到一個小時後，「自卑」才形於其色，沒有任何證據可以表示他後來會殺人。或云：內外交迫。但迫他的是誰？會那樣做就是過度自哀自憐的結果罷了，殺人的安排也更讓人質疑導演的動機——他到底是不是在醜化窮人。他們任何導致自己為惡的原因都是究由自取，不論是考了數次大學、濫用那間房子都一樣，他們不曾失去選擇的權力，他們不是伊底帕斯王，他們能動，卻將一切歸咎在窮身上，有何可憐（以此，我們就應該在此質疑本片的主題）？
莊子有支離疏語，言人無用之用是為大用，此片亦那般疏離，卻可以獲得金棕櫚，豈不驗證了布魯姆於《西方正典》中對歐美文藝的評論。總之，《寄生上流》既不是道德的，也並非美學的，亦不是人道的，它只是一個商業片，並不存有「一字一褒貶」那樣子任何可以解構分析的成分在，任何的推崇都只是附會罷了。",1,https://movie.douban.com/review/12168754/
Parasite,"这部电影真的是成功的恶心到我，一切事情的发生都被安排的那么顺其自然，但是一切也发生的太过顺利了。从基宇全家短时间内顺利入职朴夫人家开始，心中那种恶心感就没消过，这种感觉大概是由于金家一家毫无廉耻之心，也可能是由于导演本身为了剧情设置出来的角色毫无人味。是了，就是后面这个原因，每个人的性格都奇奇怪怪，不像是真实存在的人，就像一群怪物按照要求模仿人类生活，但是却模仿不到精髓，一点人性都没有，就是这点让我这个正常的人类感到恶心。导演真的是太刻意想去表达“‘富人凌驾于穷人’是扭曲的”观点了，感觉在他的镜头中，富人都虚伪到爆。
片中不合逻辑的地方我就不说了，看了几篇影评感觉写得详细的很。最让后我难以忍受的就是：为什么灯一直闪也不去修；家里没有监控吗？放任管家乱来；摔了那么多酒瓶难道屋里没有一点味道；再就是如果真的他们都能胜任富人家的这些工作的话，为什么不好好的靠自己去找份工作！这家人最可悲的就是全家人都在责怪社会，但从不去反思自己，难怪会生活成那种鬼样。你说他们欺骗就欺骗了吧，但是还不满足，如果对这份得之不易的工作保持感激之情，好好做好自己的本份工作，哪会有那么多事儿。这大概是韩国的现状和人性吧，我就不站在自己的角度上说了。
现在一想到别人如果这样进入我家我真的恶心到爆！",1,https://movie.douban.com/review/12106760/
Parasite,"1.
香江80年代“商战”作品讲到，三二重工老板和徐州重工董事长，喝酒喝了三个小时。最后还开了香槟。
一旁服侍的服务生心领神会，立刻买入二家股票。
过了几天，果然“并购”利好宣布。股票大涨。

 
这部电影，仆人眼看主人举办盛大的晚宴，第一反应居然是“刺伤了我玻璃的自尊心”。
2.
基父和基母，都找到了正当长期工作。司机和管家，虽然不算什么高薪，但只要踏实认真真诚，收入也足够维持你养家。


父母工作，只要好好积累几年。谨慎储蓄，迟早可以搬出“污水四溢”的地下室。

基宇兄妹，如果确认考大学不是那块料，就早早去社会上工作。哪怕做超市营业员，外卖快递仔，有手有脚，至少不会祸害社会。

但是“基泽”一家是怎么想的呢。他们在“犯罪”一事奋勇争先，但是在“劳动”一事，却丝毫不肯勤奋和耐心。
3.
无论影评如何乱写，怎样硬扯到贫富对立，硬扯到富社长也需要借助穷人的服务，硬用下雨渲染穷人的“不易”。

无论废倩们怎样胡扯，他们都掩盖不了一个事实，“没有人欠他们的”！
4.
豆瓣上的那个声音绝不是全部。
你想想，当你不在家的时候，保姆用你的浴缸，睡你的大床打滚。

你会如何感到愤怒，你认为这样的行为，是正当的么？？
……以上摘自水库论坛，我比较认同。",1,https://movie.douban.com/review/12104073/
Parasite,说真的，一星都给多了！骗子终不受法律制裁吗?是啊，人家是住大房子，人家凭本事赚的钱，人家生活得好好的，太太很善良，很单纯，人家做错了什么？老公被杀，儿子吓出病，有钱人就不该他们有钱吗？明明一家人都是骗子，是啊，他们很穷，住地下室，身上有味，但是不该骗人吧？还杀人？还不受法律制裁？这个电影难道就是告诉我们有钱人不能善良？穷人可以骗人杀人犯罪还不受制裁的吗？,1,https://movie.douban.com/review/10538998/
Parasite,一切都太太太功能性了，很多情节为推进而推进，完全经不起推敲，即便往好的方面想这种推进痕迹极其明显不自然充满逻辑漏洞的方式也许是刻意为之，但即便如此也不觉得有什么可取之处，因为这使得批判现实的力度和真实性减弱且意义贬损，甚至有点侮辱智商，同时显得不伦不类。人物毫不立体，几乎每一个都是工具人/符号化人物。立意不错，但用这种浅薄的表达不会有什么回味的空间，而只像是简单的下了个定义说了一句道理，这样我觉得就实在没多少意思。贫富差距是个可以展开来讲的点，本应该有更好的表现方式。不明白怎么拿的金棕榈奖，中途一度想弃掉不看了，本着“点都点开了”的念头看完了，结果后面也没有什么能为这个片子加分的地方。抱着想看好电影的期待，结果中等都算不上，甚至想说是烂片。相当失望。,1,https://movie.douban.com/review/10535995/
Parasite,看到一帮打着汉字崇拜韩国棒子电影的瞎逼，用韩国导演的这种二流作品来教育中国导演。你门特么哪来的资格和勇气？字里行间都透漏着你对自己有多卑微的肯定！这部电影只是很简单的描述了一穷人家庭为了更好的生活，使用手段去富人家里的工作的事情，最后还因为嫉妒，仇视富人搞出人命！有多伟大？有多好的长镜头？好好看看周星驰的爱国喜剧电影，好好陶冶一下你自己的情操！别来这里秀下限了，OK？,1,https://movie.douban.com/review/10526559/
Parasite,"老爸捅老板的时候我还是惊呆了。虽然，我已在预告上看过，但我绝想不到是已这么一种方式。
当时的情况是，他女儿被怪大叔捅死，儿子被砸成重伤，老婆和凶手纠缠成一团，他就只是呆呆的看，他就呆呆的看，然后他拿刀捅死了自己的老板！！
我他妈的完全无法理解。仅仅是老板不援手？仅仅是老板还捂着鼻子？还是所谓的早就积怨已久的不满了愤怒？哪怕这些都是理由，也不是他杀老板的应该，尤其，是在那个时间点，那个节骨眼上。
讲真的，老板一家够好的了。没有任何被杀的理由，我们已经在现实社会中见过更多更恶劣的富人，而哪怕是这些人，都好好的活着。甚至，单自本片来看，老板一家才是好人，这一家，这是恶人。
一之为甚，起可在乎？儿子冒充骗得家教也就算了，拉上妹妹我都能接受，然而到最后全家一起上，整走司机，赶走管家，这些人就不用吃饭么？就没有家庭么？穷人的恶和贪婪，在看到一半的时候就已经让我皱眉不已。
不管任何时事新闻和影史作品，我都是站在弱势和穷人的一方的，在现实生活中，我和大多数普通人一样，也是弱势的一方而已。但这部不是，穷人以这种姿态这种行为，不赞也罢。",1,https://movie.douban.com/review/10502039/
Parasite,"怎么说呢，很失望，一部颠覆三观的电影，对不起这个评分……
首先，上层社会就这么傻，别人介绍个人没有判断力就那么信任？信任到让自己的女儿和一个男人独处一室，信任到自己孩子的经历会随便讲给佣人听。
其次，底层社会会有这么强大的能力，将上层社会一家玩弄于鼓掌之中，前佣人在地下室养老公，现佣人一家把主人家当自家，还在主人不在家的时候前佣人回来，又在撕打在一起的时候主人回来，把家里整的一团糟主人还没发现。有几个没上过大学的可以去帮别人补习英语，有几个穷人家出来的女孩可以把一个娇气的少爷驯服的服服帖帖的，有几个没见过世面的主妇可以在有钱人的世界里伺候的周到……一个个出场时候还把背景塑造的那么不一般，可是主人是傻子嘛，这样的形象与那样的背景不会怀疑吗？？？
所谓的穷，不是一种气味，而是一种对自身放弃的绝望，对未知恐惧的懦弱，对现实无能为力的妥协；所谓的富，不是物质生活的优越，是遇事宠辱不惊的豁达，是对一切事物有独立见解的处事风格！",1,https://movie.douban.com/review/10498583/
Parasite,"本来司机一家生活过的并不好，一家人通过卑鄙的手段得到工作之后如果知道感恩，好好工作应该会有不错的结局，但结果呢？拍成了什么狗屎玩意。
趁主人不在家就在主人家胡作非为，一家人如果本分一点就不会出事了，这片子告诉我们做人要守本分，否则就要出事。
结局司机莫名其妙去杀老板，就因为老板嫌弃他身上的味道？结果把自己变成一个见不得光逃亡的杀人犯？如果真是这样那这个司机也真是太幼稚了！因为这么一点小事毁了别人的家庭，也毁了自己。
这破电影我是真看不出来哪里拍的好了？",1,https://movie.douban.com/review/10486003/
Parasite,"不要扯什么电影里的阶级固化，贫富鸿沟。早三代都是农民，为什么现在就拉开差距？即使同班小学同学，为什么长大后有的成绩显赫，有的只能搬砖？年轻时别人在奋斗努力，你在放纵，浪费的时间以后要用几百倍来还！
这一家子人如果把心思用在正道上，该考大学也就考了，该找开车工作的也就找了，全家命运也就改变了，不至于到最后才幡然醒悟！
这一家子人，人生没有计划，没有目标，随波逐流，放纵放浪，心思全在坑蒙拐骗，过得跟蟑螂一样，恶心人还害了人。
如果看完电影，还产生同情甚至仇富，那只能说明你的脑子有问题，心态更有问题。",1,https://movie.douban.com/review/10429929/
Parasite,"这部片子拍摄手法高明，电影语言精妙，张力十足，但是，我看这部片子很不舒服。
价值观念混乱。这片子是要说明什么？社会分层、贫富分化、资本主义社会人的异化？但是社会分层、贫富分化、资本主义社会人的异化终归是一个简单的事实，这边片子除了简单的房子、衣服、还有对气味的敏感外，并没有更多的去表现、体现，可见它的表达重点不在这儿。
而且，这种社会分层也并不是这种体现。不是简单的体现房子、衣服、气味，影片对造成这种阶级差异的原因从来没有提及。为什么基宇、基婷、基泽智商很高、知识丰富到可以骗哄社长和夫人，而依然很穷，而且除了住地下室、折纸盒子，两个壮年、两个青年没有改变自己的欲望、能力和实际行为。没有看到他们对社会的贡献，对美好的追求，对道德的坚守，对法律的尊重。为什么富人就要是蠢的、傻的、无情的、无聊的？他们为什么而富、怎么为富不仁，没有表现。
相反，这部片子把表现的重点放在哪儿了呢？放在各种挑战各种公序良俗，挑战法律和道德底线上。
片子中基宇一家一直在不断地、由浅而深地、逐步疯狂失控地挑战各种公序良俗，挑战法律和道德底线。作为家庭教师，在基宇的处境下伪造文凭还可以让人共情理解，但与未成年学生的暧昧却无人让人容忍。作为司机，基泽挤掉对手还可以让人共情理解，但对社长夫人的暧昧却不可理解。下雨天，基泽一家借用社长家房子可以让人共情理解，但肆意妄为、猖狂忘形却让人无法接受。
更不用说，基泽一家挤走前帮佣可以让人共情理解，因为剧情发生冲突也可以理解，但拘禁、杀人则已经超越了人类接受的底线。
更何况，帮佣一家偷偷居住在别人家的地下室，还经常上来偷东西，不要说给小孩子留下了终身心理阴影，就是没有被人发现，这也超出了我对人的行为的理解的底线。
更不要说最后的生日派对的剧情高潮，各种杀戮，真的有情理、有逻辑、有必然吗？
用这种方式说明底层人们很苦、心理异化，真的非常低级，非常不真实。真实的人们不是这样的。而且，这种表达，真的是在说明这个吗？
我真不知道影片想表达什么。各种瞠目结舌，各种视觉震撼，但是不知道片子要表达什么，要说明什么，只是一味的剑走偏锋、给人故事和情绪的奇观，给人身为人的震撼。这不叫艺术的震撼人心，这是生理上的不适引发的心理上的不适。
真实的人民不是这样的，真实的苦难不是这样的，真实的生活不是这样的。
韩国经常拍一些价值观混乱的边缘次文化的片子，噱头十足，哗众取宠，这片子也算是其中之一，而且确实实现了哗众取宠，还得了大奖。
我可以接受世界如此丰富到有这样的片子存在，但真不能理解为什么会被大家普遍给予了那么高的评分、评价。这种片子不应该成为社会认可的主流，不应该被无脑的推荐甚至接受。
© 本文版权归作者 梁督师 所有，任何形式转载请联系作者。",1,https://movie.douban.com/review/10427856/
Parasite,"带着金棕榈的希冀看完《寄生虫》的第一感受，这什么破剧，拿无逻辑（超多恐怖片惯有的bug）和随心所欲当高级，地下室楼梯上那三只为什么要掉下去，有必要行吗，躲沙发下面这种狗血剧情能不能不要了啊。
说高级的拜托比较一下《燃烧》和被戛纳刷掉的《罗马》不行吗？
电影大半是庸俗商业片的戏剧巧合，二流故事片yy的套路，如果前半部也能算好的话，韩国片真的大把大把，后面一点的所谓高级部分，直接拿对社会的意识批评往里塞，生硬地莫名其妙。这点图片中的影评人说的很好，不赘述。
太失望了，对于这种垃圾片，形式层面尚且达不到，就不能用所谓文化批评、社会批评来进行鉴赏了，根本没资格，从美学角度鉴赏更是莫名其妙！
整部电影艺术水准还不如里面的建筑艺术性强，房子是真好看，有钱人的生活真好
那段莫名其妙的激情戏最后回想起来真不知道在干嘛，晕，韩国三级片的感觉，为了表现有钱人的糜烂吗
对穷人有反思吗，除了讽刺富人，对社会制度有更深入的反思吗，劫富济贫之后呢，何去何从，如果没有计划，这是否变成一种廉价的情感宣泄呢。
你说你要表现对生活的绝望呢，也不如《燃烧》来得更有艺术性。",1,https://movie.douban.com/review/10423675/
Parasite,"从荒诞到荒谬，情节强硬，角色动机全无，整部片子充满了戏剧情节中却以悲剧结尾，镜头类似小偷家族，却有着完全不同的人性。
表达立意模糊不清，Bug满满，各种暗喻滥竽充数，放纵伪专业引发过度解读，穷人身旁一直跟着的石头竟然低级到直接具象化，给了以富人眼光看待电影的人深有体会的假象。架空的故事巧合比三块广告牌更低一级。
看似在讲阶级差异，贫富差距，其实在美富丑穷，电影的最后，穷人大开杀戒时，闻到了这部电影和小时代一样所散发的恶臭。比起贫富之间资源的不对等，更加反差的是导演分配给贫富心灵的不对等。
最后，片名就充满了对穷人恶劣的歧视，人人都是互相依存的关系，高贵看客眼一边讽刺着片中富人的伪善，一边又高人一等的评价着片中的“寄生虫”。享受着置身于外，评判两个阶级的双重快感。
除了配乐以为，是一部一无是处的关于三家神经病电影。内核阶级差异，用三个行为思维不正常的家庭，能体现个锤子阶级差异！",1,https://movie.douban.com/review/10412711/
Parasite,一家子骗子，先是连环计划蒙骗过关，为了掩盖真相杀了人，人家老公上门讨债杀个人偿命有什么好值得可怜的？？就算罪不致死和朴社长一家有什么关系？朴社长养这一群狗反而被咬死了？最可恶的是凶手逍遥法外杀了人还成了可怜人？住在别人家里儿子傻了还挣钱还买下来了，这什么烂剧情，真的烂，编剧三观有问题，脑洞也是很开，穷人死得其所就该可怜，富人莫名其妙遭难就是理所应当？我就想知道朴社长做错什么了就要死，这结局真的有问题，毁了整部剧！虽不至于差评，但为了拉低评分只能给差评，这种剧不值8.8,1,https://movie.douban.com/review/10409546/
Parasite,"寄生虫是一部开场华丽，节奏紧凑，镜头顺畅，结局稀烂，三观不正的电影。
他让我想起了多年前的美国伪末日废土爽文小说《羊毛战记》
开局很爽，伏笔很多，内核就是一坨便便。
寄生虫有三处伏笔，最后编剧仿佛嘲讽观影人，哈哈，没想到吧，我就是故弄玄虚。搞个最烂的结局恶心你们。
第一处，是大主线，男主的妈妈说我有钱了也会善良。按照开局的节奏后续剧情应当是：
男主一家四口巧妙编造各种借口进入富豪家庭后，按照趋势应当是洗脑或是通过其他手段替代了女、男屋主，霸占了他们的产业，让原来的主人变成奴仆。（原型日本尼崎市杀人抛尸事件）
但是编剧没有继续写，不但没写，还把谋财直接变成害命了。
第二处，敏赫给男主的那块破石头，男主一直牵强地全程抱着石头最后成了凶器，这是生怕我们看不出这块破石头要成为伏笔吗？
第三处，是男主的爸爸两次灵魂拷问男屋主，是不是真爱女主人。按照逻辑，应当顺势给男主人套上个虚伪的性变态人渣或者其他人垃圾败类的人设，然后被男主爸爸杀了，大快人心。
可是编剧没有这么写，编剧写男主人是个长得帅，会赚钱，待人友善，很顾家，很爱老婆孩子的好男人。
这种好男人被男主的垃圾家族杀害，这部电影的结局是赞美杀人犯一家机智，我真是被恶心到了。
虽然女主人在第一次发工资给男主的时候，抽出了几张钞票却哄骗男主说比前任高。省钱是社畜的本能吧，和好坏没关系。要不然双十一那些熬夜秒杀的中年少女们，都成坏人了。
再者说，韩币多5万少5万，差别不大。
寄生虫这部电影把角色里的好人和坏人设置的很脸谱化，好人就是好，坏人就是坏。
这种脸谱化的角色设置，如果是结局坏人赢的，也不是不可以，但仅限于谋财题材。
你可以像《纸钞屋》一样去抢印钞厂，也可以周星驰的电影《情圣》那样骗钱。
但，杀人要谨慎。一旦涉及到杀人，编剧必定要先模糊化善与恶，真和伪，好人和坏人。
但凡是违法者最后逃脱制裁的的电影，内核往往都是异常符合民间正义的。就连《非常嫌疑犯》以及抄袭版的《无双》，在结局都必须加上一个镜头，警察发现了真相，继续追捕。
比如刘德华的《暗战》，刘德华这个坏人赢了，但观众并不觉得他坏，也不觉得警察刘青云好。
再比如《守法公民》，《白夜行》。
原本一部电影编剧要让坏人赢，我不喜欢这部电影就是了，叽叽歪歪的干嘛。
看《寄生虫》就像看有人发帖虐杀猫。高跟鞋一脚一脚踩穿猫的身体，直到猫被扎的血肉模糊死了。
猫被虐杀死了，杀猫的人违法吗？
可以很明确给出答案：虐杀猫，不违法。
但是，发布虐杀照片违法。
违法是因为传播血腥暴力内容，说到底，违法是因为伤害了看照片的人，而不是因为伤害了猫。
寄生虫这部电影也是如此，编剧要像知乎大神一样编什么故事那是你的自由，但你拿出来恶心人就不对了。
在韩国社会类电影一直三观奇正的世界里，寄生虫这样的畸形内核，容易引起不适。
逍遥法外的电影，还是最喜欢《剑鱼行动》，虽然豆瓣评分才7分，经不住开场五分钟就跟吸了爽歪歪一样",1,https://movie.douban.com/review/10409513/
Parasite,我就问问你们这群豆瓣人士，假如这个片子是国内拍的 是不是会被你们喷死?  只要是国外的 你们能看到一堆优点  凡是国内的你能挖出一堆缺点  这种垃圾剧竟然高达8.8分，真是可笑。 粗制滥造  结构简单  逻辑混乱， 还不能自圆其说  宣扬的是什么观念? 穷人干了坏事就不用受到惩罚?,1,https://movie.douban.com/review/10406742/
Parasite,首先隐喻太明显，然后主角爸杀人的动机太强行，而且隐喻贫富差距却把富人塑造成傻白甜，穷人塑造成罪犯。最后疯狂暗喻朝鲜，虽然叙事节奏总的来说还行，但洗不掉辣鸡的本质。而且剧情一直有表现阶级固化，但是缺总在表现穷人的罪恶：成绩好的男主考不上大学，实践能力强的妹妹找不到工作，开车水平超好的爸爸无法就业，管家井井有条的妈妈巧妇难为无米之炊。然而讽刺的是骗来的工作缺偏偏都能胜任而且做得很好。最后的结局居然是男主幻想自己有钱，去救爸爸。整个电影充斥着对穷人的歧视，甚至于在有体面工作之后都还因为有“穷人的气味”被嫌弃。老实说这个金棕榈奖有点名不副实。,1,https://movie.douban.com/review/10403209/
Parasite,"废话不说，上理由。
1.主题表达牵强
2.剧情逻辑薄弱
3.人物塑造失败
先来说主题表达牵强的问题。
个人把故事分了四条线，一条主线在明，用来扣大题也就是寄生虫，三条辅线在暗，用来扣小题也就是主线。
从主线开始：这是一个通过捷径找工作的故事。
那么问题来了，通过捷径找工作是寄生虫吗？不可否认，寄生虫找工作都是通过各式各样的捷径，是个必要条件没错。但是本片硬把必要条件表达成充要条件，你要通过捷径找工作，就是寄生虫。暗含的假设是，你只有高考成功，努力工作，才算自立自强。说法没问题，看语境。为啥不努力工作？干啥啥倒闭，弄啥啥完蛋，不管是因为自己经营不善还是别人跑路。为啥高考不行？没钱补习。这些又都成为没钱的原因，反正就一个逻辑，穷是你该，富也是。上世纪五十年代都有人敢喊人定胜天，新世纪快到中叶了，还有这样的决定论。社会意识的水平总是滞后或高于社会存在的水平，老马诚不欺我。
下来是暗线1，女管家和主人(上一个和这一个)
逻辑还行，利用职务之便捞油水，扣题。就是这表达吧，咋看咋过意不去。这是个人品味问题，不具有普适性，按下不表，有不同意见，提，也仅限于提。
暗线2，大儿子(追梦屌丝)和小女儿(白富美)的关系。
悄悄总结了一下，发现大概是这几个关键阶段
见面——接吻(？)——恋爱——大儿子下楼送死之前的互动(？？？)——不了了之(？？？？？)
这是我第二无语的一条线。合着故事里的适龄异性角色除了亲属关系就要谈恋爱啊？没必要没必要。尽管如此，我还是稍微开动了一下心理学小脑筋想了想为什么。见面到谈恋爱可能是吊桥效应，詹——兰情绪理论和坎——巴情绪理论都可以解释一下。后面送死前的互动可能是俄狄浦斯情结，通过弑父获得人格独立(老子说没计划就是有计划，小子不同意，搞了个蔫计划(摊手))，阿德勒说这是自卑情结，造就了超越的动机。其他精神分析的解释也差不离。到这我算是尽力了，小脑筋到了爆炸边缘也没想出来个所以然。
暗线3，大女儿(不学无术小梵高)和小儿子(印第安小斑鸠)的关系。
看这年龄，应该是前运算阶段的小孩，思维可能太自我中心和刻板以至于说不好台词，所以整部片子作为一个比较重要的角色也没几句话。大女儿坐喷屎的马桶上抽烟那一段我吹爆！！！(捂着鼻子吹)
主题先到这，吃个饭，再更。",1,https://movie.douban.com/review/10400853/
Parasite,"看到那个爸爸杀死朴社长这个细节的时候，第一感觉就是很突兀。之后几天反复在想这个细节。寄生虫里，一直也没想明白。直到看一篇文章，得知寄生虫的导演就是雪国列车的导演，突然就明白了。这个突兀的情节，跟这个导演的思维模式有关，我不知道这个导演的身世如何，只是感觉他骨子里有一种法西斯主义，有一种对暴力的崇尚，用暴力打破秩序。杀死朴社长的细节，不是剧中人物的行为，而是这个导演自己跳出来，朴社长必须死，是这个导演的极端世界观在作祟。
这个电影技术虽然很成熟，但特别不喜欢导演的世界观。
雪国列车里表达的更明显一些。寄生虫相对比较隐晦，就像一个绝望的人自嗨了一下，至少干掉了一个金社长。如果往邪恶里猜测这个导演，大概会是这个样子，我虽然现在力量薄弱，还不能打破整个社会固有的秩序，但我至少可以撕开一个裂口。而且我成功的逃避了“法律制裁”。而且，我还有希望在未来的某一天重新走到阳光下。
寄生虫比雪国列车高明在没有公开的鼓动革命。
雪国列车的观影过程是我最恐怖的，从来没有哪部电影，让我有那样不好的观影感觉。
我不知道有没有人我人跟我有同样的感觉，这个导演的世界观让我感到很可怕。
别的电影可以在正常的观赏次序里打分，或者说声好或者说声差。而雪国列车我只能用两个字来评价，邪恶。这已经超出了电影鉴赏的层面。
寄生虫也同样是邪恶的，只是比雪国列车更加隐晦而已。
PS：打一星是因为没有办法，如果可以打负分，我会打负的五星。无关技术、演技、制作，只是抵制导演的世界观。",1,https://movie.douban.com/review/10400181/
Parasite,"对韩国电影有偏见，但是两个好朋友说《寄生虫》是年度最佳，一定要看，不看不是中国人，就看了。
看完果然加深了对韩国电影的偏见。
这是一部精美的烂片。电影本质还是光影的艺术，这点《寄生虫》做得很棒，也仅此而已。本来不应该以价值观臧否艺术作品，但是奉俊昊都把观众脑袋按在屏幕上了——「深刻吗？沉重吗？社会现实感受一下」，穷人可以出奇精明，富人可以傻得冒泡，情节可以离奇巧合，但是不重要，我的主题是好的嘛，贫富差距我关心了，你呢？
当导演本人放弃了艺术追求，选择做价值观的大声公，对价值观的追问就不是吹毛求疵了。
而这部电影的价值观，往好了说，浅薄，往坏了说，迎合。
在自由市场里，贫富差距是现象（phenomenon），还是问题（problem），其实很难说。但是不管在何种社会里，「富人是有原罪的」，难以令人接受。穷人富人，这是搞身份认同群体划分最简单粗暴的一招，用财富多少区分，人群马上会出现非此即彼的对立，类似的招数还有性别、肤色、取向等等。富人是压迫者，穷人被压迫；资本家是压迫者，工人被压迫；男人是压迫者，女人被压迫；异性恋是压迫者，同性恋被压迫。
一旦认同群体划分，人马上会丢失自我，一切暴行都有了冠冕堂皇的借口。但是身份认同很难不面对一个逻辑的困境，一个人很难只属于一个群体，当 ta 同时处于多个群体，如何界定 ta 的善恶。比如，一个黑人穆斯林女同性恋，是个企业所有者，她应该向被压迫的无产阶级工人自刎谢罪，还是去反抗压迫她的白人非穆斯林直男呢？
一个人身处社会，是有多种身份的。穷困潦倒的单身母亲，穷凶极恶的女杀人犯，端庄优雅的女性名流，将这三种人都划分到女人的群体中，未免武断，谈论到她们面对的生活难题时，以一句「手脚冰凉，浑身发抖，女人到底要怎么做社会才会满意」来做结案陈词，不仅粗暴甚至残忍。
同样，穷人和富人也只是肤浅的对立。富人有和善的有贪婪的，穷人有敦厚的有乖张的。「富人更富的同时穷人也更富了、世界贫困率在大幅下降、根本上造成贫富差距的帕雷托分布在自然界同样适用」，对财富分配的研究成果俯拾皆是。但是，丝毫没有看出奉俊昊讨论问题的意愿，他甚至不愿意判断问题是否存在，只是见他眉头紧锁，深沉地对着假问题乐此不疲。「我穷我有理」早就在中文互联网被群嘲，现在套上一个精美的外壳，大家就假装认不出了？
如果《寄生虫》能在好莱坞捞到什么奖，我毫不意外，左成这样还不能拿奖实在是强人所难了，想必导演在监视器后的心理活动也是，「我都这么拍了，最佳外语片……嘿嘿」。
（顺嘴提一句，张晓涵说她是 top5 我觉得没什么问题，以她的收入排进上海 top5 应该不难。但是一个连家庭和自己都安置不好的刻奇怪，在我 bottom5 的价值体系里，就是个 loser。）",1,https://movie.douban.com/review/10398826/
Parasite,就这智商能当富人？就这为人处事能当富人？太刻意去刻画人物之间的悬殊了吧，也不知道评委是干嘛的，拿奖是觉得我们智商不够吗？太多槽点了，韩国电影本来大多评分都不高，怎么拿个奖了就都这么捧了！真心不懂，我给一星只是想拉低分数，电影还是能看，只是没有觉得可以到网上说的那么神而已。（个人观点，不喜可喷）,1,https://movie.douban.com/review/10395979/
Parasite,"我实在不明白这部片子为什么豆瓣可以9.0分。拍摄手法或者角度这不是我专业无法评判，但是从剧情上逻辑上价值观上讲，我用通俗的话来说，简直是狗屎，富人其实待穷人不薄，没有虐待没有打骂，只是嫌弃穷人身上低阶层的味道，穷人就愤起拿刀捅了，捅了也就算了，还躲了起来甚至逃过法律的审判。片子行凶者一家之主，座山吃空，没有任何一家之主的样子，不上进不努力靠孩子介绍活去工作，最后因为富人嫌弃你的味道和不救你女儿就去杀人，而且富人的儿子本身也昏倒了，让你交出钥匙先救自己儿子也是合情合理，人正常第一反应是先救自己的至亲这也非常正常。再说反问一句，人家凭什么要救蛆虫的孩子。再说直白点，富人给国家交的税是你的数十倍，为社会做出多少贡献。人家本来就有权利去轻视你和嫌弃你，除非你奋起努力上进被富人处处打压那反杀一血还有道理可讲。片子道德绑架气味非常严重。
片子最后因为监控器被前女管家剪掉，导致行凶者一家之主躲进防空地下室安享晚年。片子甚至还描写了男主人的儿子幻想赚了钱买了这个房子一家团聚。而被杀的富人家庭没有了任何交代，也没有任何忏悔，一副有钱人就应该死的感觉。。这是多么一个扭曲的价值观阿！再反观这个导演的之前导的片子《玉子》，更是无比脑残，同情那些被宰杀的牲畜，进行拟人化各种感动。不知道这位导演有没有读过世界历史，人类文明本来就是建立在血淋淋的血肉之上，任何一个国家任何一个政党都是，没有大鱼吃小鱼，就没有现在的文明。更何况是家畜。
看了这片子不禁让我想起杭州的保姆纵火案还有以前一些偏僻山村绑架城市女子沦为性奴和生育机器的案子。穷人之所以穷，是有原因的，穷其实往往又是恶的开端，因为一无所有，就无所顾忌，给作恶创造了很好的客观条件，再加上主观的不上进，每天梦想天下掉馅饼就去作奸犯科了。考察温州滴滴jian杀案行凶者也是这样。当今社会，你不活出个样子，你不努力不上进，谁会把你当人看呢？",1,https://movie.douban.com/review/10395528/
Parasite,剧情很多硬伤。主人不在家，保姆一家在主人家又吃又喝，还敢去给被自己弄走的前保姆开门？这些bug不说，关键整部剧中毫无让人感动的人物。穷，不是因为机遇不好，而是真的也没好好干活（披萨盒子）。穷，耍了各种小聪明，安置了一家人的工作，那就好好工作吧，没有啊，反倒趁主人不在霸占人家，又吃又喝。这家人有什么值得欣赏和喜欢的地方呢？有钱人一家，基本都是傻白甜。前保姆和老公也是奇怪，显然她老公是可以出来偷东西吃的。又怎么会饿死？。。。各种莫名其妙,1,https://movie.douban.com/review/10394585/
Parasite,"一：阶级矛盾这么大？
二：什么叫平等
我不聪明，不努力，没有个好的文凭与工作技能，但是 ，sorry ,我也要过上富人的生活，你比我有钱，这就是你的错，就是社会黑暗不公平！和谐社会必须平等，哪怕你辛苦冒着风险创业，我每天睡觉。
表露出的价值观十分可怕，电影质量没有它的评分与分数高，也不如今年那部印度电影 钢琴师，这社会，难道反映社会现象的电影就是好电影？那不如去拍那些社会的阴暗面，拼命揭露人性丑陋，和平时代太久了，很多人已经忘了和平是怎样来的了。",1,https://movie.douban.com/review/10393076/
Parasite,"人懒还清高，满脑歪点子。
一个努力上进，知道本分的人，一定会值得他人尊重的。
用力过深，直白无脑。
远不如雪国列车和杀人回忆，就这还大奖？
以下是填字数，二小姐破洞，吗，吗坡地您Mr 弄哦公民Mr 名哦哦送啊，她要给自己？我在外面玩了两年多时间就可以吗！你是个头还是晕在你面前说什么事我知道自己在别人心里有一股淡淡的忧愁都不在意、这些是你想什么呢、在一起工作了、好了！在家干吗的时候你也要照顾自己……",1,https://movie.douban.com/review/10392799/
Parasite,"怎么看都上不来了9吧，个人觉得7分比较合适。
1.本剧最大的违和感：作案手法和人物背景完全不搭
看着这是3分38，通过WiFi和消毒不管穿刻画了家里人爱占小便宜还很愚蠢的形象，和后面偏知识分子的兼职以及司机保姆专业的技能较为违和。这里应该稍微体现一下一家人虽然贫穷但是生活很精致的细节，家里应该放一些破书，破画来为后面的情节做铺垫。兼职也应该由包纸盒子换成一些能体现父母手巧的活。
老弟老姐不停咳嗽，老爸老妈手上活不停，老爸老妈的吃苦体现出来，但依然与后面的司机保姆手巧的活不搭，老爸改成保镖，园丁可能更好一些。
折个盒子也没折好。到目前为止一家人老爸老妈都是给人废柴的感觉。老妈比较加了点彪悍。老爸比较怂。
哥哥和妹妹比较聪明，和披萨店老板谈兼职生问题并把自己推荐出去。
2.神一般的感情线
3车内发现内裤能推倒出司机涉嫌吸毒
总结就是导演应该在前几分钟突出一家人的穷以外，还要突出父母的心灵手巧，哥哥和妹妹的专业技能，为以后做铺垫。富人一家要设定成暴发户或者富二代，一定要单纯的蠢。
剧情是从富人一家外出郊游开始剧烈变化。
先是地下大叔，然后突然回家，拍的也很普通，没有看的很揪心。半地下家被淹设计的很好，其它真的没有什么神来之笔。7分正常。",1,https://movie.douban.com/review/10389048/
Parasite,"上：
主角一家通过各种坑蒙拐骗的肮脏手段，挤压了其它穷人（前司机，前保姆）的生存空间，全家上位。
中：
主角一家趁雇主不在，擅自享受雇主资源，并与前保姆一家因抢夺持续享有雇主资源的资格（一家想继续占用雇主地下室，一家想继续给雇主打工）。两家穷人相互挤兑，相互倾轧，最终主角一家人多势众，胜出。
下：
下大雨，主角一家被水淹。主角一家回头看看雇主一家，丝毫未受大雨影响，心里很不是滋味。保姆家老公大反杀，伤到了雇主家小孩。主角老爹因为雇主喊自己送雇主小孩去医院，心里更是不满，终于在雇主捏鼻子拿保姆老公身下的钥匙的时候爆发了，杀死了雇主老公。
终：
主角老爹为了躲避法律制裁，住进了雇主的地下室，通过电灯与孩子通信。
====假装分割一下====
然后告诉我，这片子值9分？！
主角家女儿死了，冤吗？
主角家把保姆弄死了（先把保姆打伤，然后踢下楼梯，再扔地下室不管），把保姆老公绑起来，任由他们自生自灭。 主角妈把保姆踢下楼的那一脚，简直丧心病狂。
主角家死谁都不冤，但是只死了女儿，挺冤的。
--------------
主角爹最后把雇主老公杀了，
为了给穷人鸣冤报仇？
因为保姆老公崇拜雇主老公而得不到雇主老公认可？
因为雇主老公捏了一下鼻子就该死？
雇主老公根本不知道有保姆老公这么个人好么？！
保姆老公每天通过莫斯密码以闪灯的方式表达敬意，这只是他的一厢情愿，自己感动自己罢了。家里的灯时不时闪烁，只会给住家带来困扰好么？！
-----------------------------
雇主一家（富人）做错什么了？
他们没刻薄雇员们，没有在工作中颐指气使，不但给出高工资，还主动涨薪，参加请家教聚会都自觉给工资。
下雨，主角一家（穷人家）淹水，又不是雇主一家造成的。
下雨没对雇主一家造成影响，人家开开心心办个生日聚会，主角一家怎么就这么看不惯？
要是家里被淹了，没心情上班，就请假；
要是去上班了，就不要把家里的情绪带到工作当中；
这是最基本的职业素养。
--------------------------
反过来说，
主角一家，
主角爹，
因为雇主老公拿钥匙时捏了一下鼻子就把雇主老公杀了，理由呢？
因为觉得雇主老公在嫌弃穷人？这就杀人了？
知道人家为什么捏鼻子？ 也许是因为血腥，也许是觉得场景太恶心，也许保姆老公在地下室待久了，卫生条件不好，所以身上确实有味道，可能性很多，但怎么样罪不至死吧？
主角娘，
其它不说，就把人从楼梯上踹下去的那一脚，根本毫无人性。
主角，
打算拿石头去干掉保姆一家...
主角妹妹，
参与作恶计划最少的人，反而死了。
---------------------
最后的最后，
主角爹躲在雇主家的地下室里，逃避杀雇主的法律制裁，还以闪灯继续父子情...
要点儿脸吧，大爷。
-----------------------------
这种剧情，告诉我值9分？！
是什么蒙蔽了观众的双眼？
拉着介极毛盾的大旗作虎皮，居然这么多人买账，啧啧。",1,https://movie.douban.com/review/10388521/
Parasite,"影片主要展现了拥有阳光豪宅的精英阶层与在黑暗地下室的贫民阶层之间的故事，虽说没有很不堪但是确实有让我看不下去的地方，打一星是想拉低分数，其实在我看值两、三星吧。
优点：节奏和氛围营造不错，有时候确实让人很紧张。但是前边的安排所有人进去的部分太冗长，所以其实我不是很能沉浸进去。味道暗示阶层，还有石头、水都有些暗示。女主人和她女儿都很漂亮，她女儿很纯甜。
缺点：前半部分太戏剧了，我都有点看不下去了，一两个还行，全家都来，是导演傻还是观众傻？那个阶层能完全胜任这些工作？还有后边的闪灯发信，他儿子怎么能看到，估计没看一半灯早就修了吧。导演展示的东西太片面，上层人要是天天吃喝玩乐跟个傻子似的，他的钱早就败光了吧。",1,https://movie.douban.com/review/10387907/
Parasite,我看的时候是9.1分。被朋友圈和各种社交软件吹爆。我对推荐的电影通常不写影评，因为只言片语对伟大作品的评论莫过于亵渎。所以能让我写出来几个字的电影，我个人认为可能并没有传说中那么优秀。说说这个戏，穷人本来穷的很快乐，富人本来富的很单纯，编剧导演非要把贫富互相仇视制造矛盾，到最后不共戴天。编剧利用了绝大多数人并没有那么穷和那么富过的空白体验，甚至从来不认识那么穷和那么富的人，编剧和导演编织了这两个大多数人最陌生人群的荒诞故事让人不得不信。就像鬼故事，你没见过鬼你就得听他的。韩国电影的老毛病，《七号房间的礼物》，让你哭的一塌糊涂，哭完让你总结一下这部优秀的文艺作品如何滋养了你启迪了你，你一个字也总结不出来，就是惨，惨的合不合理不重要。这部也是，看的时候挺带劲，剧终之后不知所云，甚至这个命题并不成立，利用了一些电影技巧把你强拉进去，然后让你一步步进套，精彩，刺激，好玩，等一切结束发现你一个字也夸不出来。,1,https://movie.douban.com/review/10386912/
Parasite,真的很平淡，富人太笨，奸邪的就是穷人？无语！真的很平淡，富人太笨，奸邪的就是穷人？无语！真的很平淡，富人太笨，奸邪的就是穷人？无语！真的很平淡，富人太笨，奸邪的就是穷人？无语！真的很平淡，富人太笨，奸邪的就是穷人？无语！就这能得奖？垃圾！抄袭周星驰的电影！很多不合理的地方！反应现实？太假了吧！,1,https://movie.douban.com/review/10386394/
Parasite,等待了很久，也是期望越大失望越大，本以为会是部精彩的电影，我看到的只是一个小格局的导演或者说是披着艺术外衣的屠夫，在这个世界大舞台上只是用一把看似很艺术的刀具，残忍抹杀了底层人的梦想而已，从而拙劣的把这种底层人的无奈赤裸裸血淋淋的展现给所有人。用这样残忍的手段来牟取自己的荣誉，作为一个电影艺术家来说，他和他所谓的上流一样残忍，不同的是现实中上流会支付报酬，而导演确不用支付一丝报酬，确换来了荣誉。真正看完的此片的低层人只会更加悲伤，上流人事只会去检查自己的地下室，而对这种差距没有任何帮助。,1,https://movie.douban.com/review/10385939/
Parasite,"可能是我的问题，总觉得这部很一般，故事还不错，三观实在是不合，儿子捏造学历应聘，我觉得可以理解，身为底层人物想要获取一个机会，最后成功也是因为他说的那几句关于考试的见解打动了女主人，可以说是靠自己的努力换来的。偶然发现一个机会给自己的妹妹，妹妹也靠连蒙带唬的花招的了机会，也可以理解。但是通过陷害司机和女仆给自己的父母谋取工作我就看的很不舒服了，心里非常不认同这种损人利己的做法。当然，可以说我因为没有在最底层所以说话不腰疼，可是抱歉，至少目前我的原则就是不能害人。一家人谋得职位却又不安分守己，非要在主人不在的情况下大肆挥霍，这一点我也不苟同。直到前女佣回来，才揭开原来这个家以前也是有寄生虫的，所以他们两家之间的战斗对于我来说都是狗咬狗，无论谁输谁赢都不所谓。最后一段，我也没法理解为何父亲要刺死男主人，诚然男主人在妹妹被刺倒以后只关心自己的儿子晕倒了，但是这是因为晕倒的是自己的亲生儿子呀，自己儿子生死未卜的情况下，谁还顾得了别人的死活？这么做不见得对，但也是情有可原。男主人是有一些瞧不起底层人，这点从唔鼻子看得出，可是这也罪不至死啊！再说，一家人靠着损人利己的方法挤进这个家，又值得谁的尊重呢？
另外，我还得声明一点给某些闲着没事干的杠精，愿意看没人拦着，这个只是我自己的观点，我有不喜欢的权利。当然别人也有喜欢的权利，不喜欢还在下面评论什么不喜欢看就输怎么怎么滴的，就是犯贱没商量了。平和的说我觉得好看，不夹杂对不同观点的驳斥和优越感，我是尊重大家且各自保留意见而已的，不惹事不怕事！不同意见就讽刺别人的一律拉黑，没时间和那些人浪费宝贵的时间而已。
咱举个例子，有人回复，“我不同意你的观点，我觉得好看”，那我忙的时候看见了就不回复，心里是想着保留各自观点，尊重双方不同意见。心情好了会回复祝你观影愉快。但是，要是有人回复不同观点的同时，还加带对不同观点的人的攻击和不尊重，什么不喜欢看的就是不会看电影的，素质低的，有问题的，，，就是贱的找骂了，挨骂也是情理之中，怨不得旁人。",1,https://movie.douban.com/review/10384857/
Parasite,"本来已经打完三星短评（内心真实分数，看到隔壁《燃烧》分数只有7.9分，特意回来改分。在我看来，寄生虫分数远超《燃烧》是一件很讽刺的事情。
寄生虫是一部观感极佳的电影，节奏把控十分好，本子也好。因此他是一部完美的商业片，但是这样的片子得此大奖是名不副实的，因为他不具备艺术性。简单说，就是他太浅显了，他美丽但不够精致。
他就像是一位老母亲在哺育自己的孩子，“啊，张嘴。”然后他喂在你的嘴里。这一点对比《燃烧》就十分惨烈，真正的美是写意的，得留下联想与深挖下去的空间，这点上燃烧做的太完美了，我三刷燃烧才觉得自己刚刚走入这部电影。
而《寄生虫》，父亲：“我们家的蟑螂打开灯就会跑”，然后一出暴雨里的蟑螂狂奔，比喻意一目了然，而有钱人一家就差没有直接说出，穷人身上就是有穷味，就是无法逾越了。老公最后对待穷人的态度，简直刻意为之毫不自然。
编剧把一切都写的太明白，连跟随着男主的那块石头都是那么直接，而对于阶级问题的探讨这样的主题，说实话已经多见不怪了，这样的情况下，导演只交上了一份漂亮的图案，里面空无一物，真的让人无法喜欢。",1,https://movie.douban.com/review/10384152/
Parasite,"本来已经打完三星短评（内心真实分数，看到隔壁《燃烧》分数只有7.9分，特意回来改分。在我看来，寄生虫分数远超《燃烧》是一件很讽刺的事情。
寄生虫是一部观感极佳的电影，节奏把控十分好，本子也好。因此他是一部完美的商业片，但是这样的片子得此大奖是名不副实的，因为他不具备艺术性。简单说，就是他太浅显了，他美丽但不够精致。
他就像是一位老母亲在哺育自己的孩子，“啊，张嘴。”然后他喂在你的嘴里。这一点对比《燃烧》就十分惨烈，真正的美是写意的，得留下联想与深挖下去的空间，这点上燃烧做的太完美了，我三刷燃烧才觉得自己刚刚走入这部电影。
而《寄生虫》，父亲：“我们家的蟑螂打开灯就会跑”，然后一出暴雨里的蟑螂狂奔，比喻意一目了然，而有钱人一家就差没有直接说出，穷人身上就是有穷味，就是无法逾越了。老公最后对待穷人的态度，简直刻意为之毫不自然。
编剧把一切都写的太明白，连跟随着男主的那块石头都是那么直接，而对于阶级问题的探讨这样的主题，说实话已经多见不怪了，这样的情况下，导演只交上了一份漂亮的图案，里面空无一物，真的让人无法喜欢。",1,https://movie.douban.com/review/10384150/
Parasite,"看完这个电影，我给同学发了微信，说这是我看过的最糟糕的奥斯卡最佳影片。满片充斥着对底层人民的偏见和斥责，凭什么，劳动人民是寄生虫，那不事生产的人是什么？
影片里的几个主人公，他们很穷，但他们依然在努力的活着，他们不偷不抢，靠自己的能力工作挣钱，到底哪里有问题，哪里有错呢？影片一直在批判这一家人的贪婪，到底哪里贪婪了呢？他们不劳而获了吗？他们坑蒙拐骗了吗？他们杀人放火了吗（最后杀人是后话了）？为什么清一色的都在批判这一家人啊？生在社会底层，没有金钱和权势的加持，无法找到能立足的工作，但他们也一直在努力的生活，儿子给他们找的工作也都尽心在做。他们做家庭教师，做司机，做保姆，难道不是靠自己的劳动和汗水换取的薪水吗？当然其中有一些骗人的手段，我不赞成，但是为了生存，这点骗人的伎俩，已经算不得污点了。
朴社长觉得这一家人身上的味道很臭，可是这家人刚刚经历了家里被淹，没有地方住的灾难，不应该表现出同情的态度吗，为什么影片反而用一种贬低的拍摄手法和语言，对这一家人进行嘲讽，可能是我没有读懂导演的用心良苦，我觉得着一幕很下作。
很多人说他们就盯着一家羊毛薅，可是他们别无他法啊。这个家本来也需要保姆，司机，家庭教师，有这个机会，为什么不能让自己家的人获得这份工作呢？扪心自问，在工作中，你们没遇到过关系户吗？假若你当了领导，你难道不会给自己家里的人安排工作吗？这有什么值得诟病的呢？
照这样看来，给别人当保姆，当司机，当家庭教师就是寄生虫吗？这都是劳动人民啊，他们没有可供驱使的技能，没有能持续输出带来收益的能力，做一些力所能及的体力劳动，维持自己的基本生存条件，这不是人之常情吗？怎么就是寄生虫了呢？凭什么称他们为寄生虫呢？
这部电影被资本家追捧，拿奖到手软，这无可厚非，本就是资本家拍出来恶心底层劳动人民的。我不懂的是，为什么一些劳苦大众，也在批判这一家人，难道你们家没有一个做司机，做保姆，做家庭教师的亲人吗？
能留言让我知道大家是怎么想的吗？让我找到一点点这个电影被追捧的合理性。",1,https://movie.douban.com/review/15658883/
Parasite,看完电影心理感觉非常不好，比曾经看过的任何一部电影都要不舒服，“如果我也这么有钱那我会比他们更善良！”能说出这种话的人，就活该生活在最底层。朴社长一家勤劳，相亲相爱，阖家美满，不说他们家其他三人，起码给基宇提供了一份好工作吧，你们不仅不感激主人，反而在主人家吃吃喝喝，而且生出伤害主人家之心，这种人就是社会的渣滓。而从头到尾这家人除了爸爸对杀了朴社长有歉意，妈妈和儿子对于朴社长一家没有一丝羞愧之心，只知道为死去的妹妹伤心，这种立意非常反道德，反人性。而且，电影的设定很有问题，既然全家脑子都这么聪明，那生活何至于如此贫穷？有人脉（敏赫），有头脑，有能力（老爸车技好认识路，老妈会持家，儿子英文好，女儿P图好），怎么可能会这么潦倒？而且，朴社长就没觉得这4个人有问题，如果这样也能做到社长那真的是把大家当傻子了。,1,https://movie.douban.com/review/12280983/
Parasite,"剧本毫无新意，胡编乱造，还有抄袭之嫌。
演员演技浮夸，表情刻板，一水儿的人工脸。
全程无笑点，勉强的亮点就是女管家模仿朝鲜那个底气很足的胖胖女播音。
把阶级差异很大的两群人强拉硬拽在一起，想制造些戏剧效果，结果适得其反。
因为披着金棕榈和奥斯卡的皇帝新衣，害得我完全是带着期待看完的。欺骗俺的感情，浪费我宝贵的时间，就给一颗星。",1,https://movie.douban.com/review/12280720/
Parasite,"再来说说为什么寄生虫是烂片。
其实简言之一个字：假。在此先声明，我看电影从来不会主动去当杠精，故意给片子挑错。只有当片子的错误大到让你无法回避，严重影响观感时，我才会跳出来指着屏幕大骂：烂片。
没错，我看寄生虫时不止一次的跳出来，因为这种低级错误太多了。
先来说说人物。一家蜗居半地下室、上网靠蹭、连披萨饼盒子都叠不好、大学连考几次都不行...........就这么几个人，在一个情节之后，瞬间变身超能特工队，一个接一个干掉之前雇员，那种谈吐、知识储备、心理素质还有手腕，完全双商爆棚，个顶个的厉害角色。从上一种状态到下一种状态，完全是质变，还是瞬间完成。是什么原因和条件促使了这种变化？没有，情节需要。王晶都不敢这么拍。
最夸张的是那个宋康昊的儿子。他朋友明明是因为他在学校属于废物、没有女生会喜欢、不构成任何威胁，才找他去给白富美辅导英语。结果太牛逼了，第一天上门就敢当着家长面摸白富美的手，第二天直接拿下。PUA的金牌讲师都做不到吧。不知道是他朋友傻逼，还是白富美傻逼，再或者就是导演把观众当傻逼。
情节更是一泡污。漏洞百出，千疮百孔。挑几个说吧。雇主出去度假未遂那场戏，也是关键情节的一场戏。起根儿上就不合情理。才工作了几天，又是雇主第一次外出，就敢全家人出动，胡吃海喝，肆意妄为..........又从之前牛逼的状态瞬间返回最早傻逼的状态。好像导演手中有个按钮，可以让这一家子人在这两种状态间无缝切换。后来的戏里面又切换了好几次。这不是现实生活中的人，这是戏台子上唱戏的，这场戏脑门上写着牛，下一场写着傻。一切为了情节需要。
之后，前管家深夜兼雨夜突然按门铃来访。正常情况肯定是直接拒绝并请她白天主人在的时候来，何况你们一家子还在里面啊。可能开门吗？但为了情节需要，她开了，并且还让对方长驱直入。之后就是一系列的反转再反转。
其中最让我无法接受的是，主人公一家三口从地道楼梯上滚下去..........。我的天啊，这是奉俊浩能干出来的事？推动关键情节居然靠“不小心踩滑了”之类的梗。这种硬推情节的梗不是一般都出现在改革开放初期的港台屎尿屁电影里吗，现在是2019年，王晶都不会这么拍。这让我想起小时候看期刊故事会里面的一个侦探故事，结尾作者估计实在不知道怎么编了，于是安排主人公一个侦探，饿了出去吃面，然后在面馆巧遇了凶手。我看寄生虫的时候，脑袋不时浮想起的就是那个超级尬的面馆追凶。
奉导，你好歹也是拍出过杀人回忆的人啊，但这片让你有一种从鲍勃迪伦退化成张杰的感觉。其实仔细想，这种退化也不是一两天就完成的，从雪国列车就有迹象，到玉子的时候，症状更明显。科幻和荒诞这两种类型的电影可能是奉导的死穴，但他偏偏又不停的去尝试。但是请不要忘了荒诞和科幻不是尬拍，戏说也不是胡说。
...........................
上面开个玩笑，还是认真说吧。反正此片过后，从本质上有一个感觉：奉俊浩完全不会拍科幻和荒诞。这两种类型的电影表面上看起来“假”，其实内核更需要真实的质感和递进的逻辑来托底，否则这种假就是真的假了。烂片也就是这么产生的。他只能拍纯真实，比如杀人回忆。
最后，现在好多人评判电影好坏的标准基本上都是：情节炸裂，开脑洞，大翻转..........。恕我直言，这不是看电影，这是看网络小说。还是玄幻修仙那种。
time~",1,https://movie.douban.com/review/12086286/
Parasite,"有人说这是反应了社会的现状，但社会的现状是什么？就是“你穷你有理”“一家四口有手有脚坑蒙拐骗”？抱歉我无法认同，更无法同情片中的这些所谓的穷人。穷恒恶，富向善。古语真的有大道理。
看完这部片子，唯一给我的警醒，就是不要被这些所谓的穷人蒙蔽，恶就是恶，不用对恶人施与同情，穷病，治不好的。",1,https://movie.douban.com/review/10396557/
Parasite,看着评分在一点点的往下降，我就知道群众的眼睛都是雪亮的，这部片子是必然达不到9分的高度，杠精们还真别杠咱们用事实说话，影评我懒的写，没啥好写的，因为我看完啥也没学到，拿什么写？就是一部夸张的不能再夸张的片子，和其他9分影片简直没有可比性，韩国片和欧美片还是有一定差距，至少给我留下深刻印象的除了釜山行好像就没其他的了，实话实说我也不喜欢看韩国片，觉得没什么意义，刻画什么东西都刻画的太过用力，太极端，表达爱情也好亲情也好友情也好都很用力，用力过猛的感觉就会太假，不真实。,1,https://movie.douban.com/review/10387049/
Parasite,"在抖音里看到获得奥斯卡最佳外语影片，然后十几分钟介绍了剧情。
我真的觉得这世界太疯狂。
同样的剧情，如果是中国拍的，一定有很多人挑逻辑毛病。
而韩国人拍，就是罕见的佳作。
奇了怪了。中国人到底怎么了？
为什么中国的电影作品总是被影评人挑逻辑毛病或演技毛病？
而同样毫无逻辑可言的韩国片，却没有一个人提逻辑问题？也没有一个人提演技毛病？
只能一言说完：可笑的影评人，你们这崇洋媚外的双标狗，什么时候才能醒悟？
我不是影评人，但是一直觉得影评人是一个搞笑的群体。
他们不喜欢一个电影的时候，找出一大堆的没道理的理由来证明人家拍的电影是烂片。
他们喜欢一个电影的时候，找出一大堆可笑的理由来证明他喜欢的作品是千古神作。
就这寄生虫，满满的逻辑硬伤，你们居然只字不提，哈哈，你们继续意淫。
我只说一条，你们自己去悟。
一个如此大胆且有谋略的人，会穷成这样吗？
在我的认知中，这种人没有一个是穷人。
穷人只有三个原因：胆小懦弱、好赌、懒做、运气极差（一时穷）。
而寄生虫这一家穷人，个个精过鬼，运气也不差，又不是好赌，又不是懒做，你们觉得这样的家庭会穷成这样吗？
我可以肯定的说，这电影如果是中国拍的，你们一定能挑出这条逻辑硬伤来。
可惜你们都认为这个是韩国拍的，韩国电影吊打中国几条街，所以一定不会有逻辑问题。
双标狗的逻辑就是这样。
我从8年前，就再也不看任何韩国片。韩国人的电影，总是占中国文化的便宜，一会说太极拳是他们韩国的传统武术”太拳“，中医、周易是他们的，孔子是他们的，我去。真的，这韩国人的嘴脸让我恶心。
所以，不管你怎么吹韩国电影好看，我特么就是不看。
我说完了。你们想怎么骂，请开始。",1,https://movie.douban.com/review/12407341/
Parasite,与奥斯卡竞争对手相比，故事更有新鲜感，没有刻意去迎合电影评审趣味。情节有些牵强。个人预测很可能获得奥斯卡最佳剧本，最佳导演和最佳影片以及最佳外语片。韩国电影一向追求高质量，从业人员长期的敬业精神一定能获得回报。演员演技从头到尾不掉线，但更偏向于群戏范畴。感觉这些年韩国电影与巅峰时期相比差距越来越大，体制变得有些僵化。,1,https://movie.douban.com/review/12248150/
Parasite,"三分，看不下去弃了。和烈火英雄得一个病，剧本的逻辑bug多的不忍直视。
绝顶聪明的骗子在下雨主人极有可能放弃露营回家的情况下，毫无顾忌的聚餐打翻酒瓶，满屋子酒味玻璃渣毫不担心主人随时回来。这么嚣张的行径只有几十年的杀人狂魔才会这么无所畏惧吧？……不一一列举了，写那么多字又没人给我稿费。
穷不是罪，坏才是，这家穷人一屋子大奸大恶。连最简单的折披萨盒都敷衍草率，活该失业穷一辈子。
恶分无数种，骗这种恶是最无可救药的。",1,https://movie.douban.com/review/10399532/
Parasite,"如果为《寄生虫》寻找参考样本的话，比较容易联想到的影片有金绮泳版《下女》、约瑟夫·罗西《仆人》、夏布洛尔《冷酷祭奠》。在五月戛纳的颁奖典礼上，手握韩国史上首个金棕榈奖的奉俊昊发表的感谢词里还特别提到了夏布洛尔。视希区柯克为恩师的夏布洛尔，毕生钟情于用悬念、惊悚片的风格展现中产阶级的道德困境以及阶级冲突。以《血色婚礼》（Wedding in Blood）、《屠夫》（The Butcher）、《冷酷祭奠》这些电影为代表，夏布洛尔的惊悚感与好莱坞式惊悚片大相径庭，他不屑于直露的调度观众注意力，嬉戏观众，而是酷爱以抽离视角展现隐藏在日常生活中的危机，而这种危机感与道德、阶级身份关系紧密。这与奉俊昊的个人风格其实相差很大，并且，《寄生虫》有着一个与以上这些影片本质上不同的美学系统与价值母题。最根本的的一点，《寄生虫》是一部寓言体电影。奉俊昊这一次实际上是延续了《雪国列车》的寓言体创作，但是野心要大很多，同时暴露出来的缺陷也更为明显，更为严重。
《雪国列车》抽象性、假定性的背景设定与寓言体风格相得益彰，不过寓言文本的完成度上有一个致命缺陷，造反英雄柯蒂斯最终被没有被洗脑，这使得整个政治寓言的完成少了最后也是最关键的一环。这可能与好莱坞系统主流的英雄片构成模式有关，非奉俊昊本人个人意志所能左右。与之相比，《寄生虫》作为寓言体的叙事，其完成度毫无问题，这算是一个自洽的寓言。
影片中的资本家拥有一座奢华的别墅，住在地上。帮佣也就是工人住在地下。后来入侵的金家住的地方是半地下室。极度不平等、差距甚大的两个阶级却相安无事，对男主人朴社长来说只要阶级界限分明即可。为躲高利贷住在地下的女帮佣雯光的丈夫吴勤世，非但不觉得自己处境艰难，反而对朴社长感恩戴德，日日以撞墙输出摩斯密码的特殊方式表达个人对其的敬意。地下空间在这里还可以有一种象征意涵。这空间本来是别墅前主人为了预防朝鲜导弹袭击造的防空洞，现在变由吴勤世居住，而朴社长一家并不知道这个防空洞的存在。朝鲜半岛的历史化过程在影片中可以被解读为被遗忘的记忆（安于阶级固化的现状，遗忘历史化的过程）。熟悉半岛历史的意义解读癖者在此可以有不少发挥空间。总之这是一个封闭的二元对立、固化的阶级结构。金家的侵入打破了这个封闭的静态世界，被压迫者吴勤世并不认为压迫者朴社长一家有何问题，是金家扰乱了一切，他不顾一切地想要杀光金家人。金家也并未意识到这种固化的阶级结构有何问题，他们毫不同情雯光、吴勤世夫妇，只是想取而代之。最终危机大爆发的结果，父亲金基泽摧毁的不是阶级结构，只是富人。金基泽为求生存还是成为了地下穷人，要摆脱这困境，唯一的办法，就是儿子金基宇成为富人。固化的阶级对立依然牢不可破。
这是奉俊昊对韩国当下社会的寓言式洞察，而这整个寓言系统与《大都会》稍微有一点类似，但整个美学系统、意义深度不可同日而语。因为一切都过于直白了，所指涉的范围、反思的空间都比较狭小。我们只是看到了某种社会现象，这种社会现象也并不特殊，并不需要某种特别的智慧才可以洞悉（这更像是一种庸俗版本的马克思主义叙事）。而这种社会现象是不是只存在于韩国？是否具有人类社会的普遍性？因为影片寓言系统生成过程的模棱两可性我们无法作出判断。我们也搞不懂这种现象背后的社会成因。
影像中的寓言体叙事与语言文本的寓言体叙事有一定的差异。帕索里尼是影史最钟情于也最擅长寓言体叙事的电影作者。在《大鸟与小鸟》、《猪圈》、《萨罗》这些作品中，他一方面构建了足够犀利的寓言指涉，另一方面影片的美学风格（布景、色彩、演员表演）都与整个影片的神话-寓言风格非常吻合。融合了抽象性、假定性、象征性的反写实性是寓言体电影的基底，过于写实的影像风格往往会使得所指的对象过于狭隘。《寄生虫》矛盾的地方是徘徊在写实与非写实的风格之间。
影片的叙事结构过于工整，是最保守的三幕剧。第一幕（交待）是金家伪造身份侵入朴家的过程（约50分钟）。第二幕（危机）由被解雇的女帮佣雯光归来启动，结束于金家逃离朴家（约50分钟）。第三幕（高潮）是派对上的暴力杀戮（约20分钟）。影片的剧情推进粗看有一个很难理解的现象，为何富人一家如此傻白甜蠢如此好骗？这确实是有意为之（影片借忠淑之口直接说出女主人很单纯善良），是奉俊昊对富人的理解片面有误么？
从后续的剧情来看，这还是与寓言体的构造有关。这里大概有三重理解角度。一是长期的贫富二元结构固化后，富人阶级的感觉钝化。特别值得注意的是，朴社长家的两个小孩并不愚蠢。女儿起初就产生了怀疑，儿子懂摩斯密码，翻译了吴勤世的密码求助。二是对贫富二元结构固化的合理化批判。妻子忠淑的理解很有代表性，她觉得女主人是“因为有钱所以善良”。潜台词就是拥有巨额财富的道德合法性、自身成为富人的强烈欲望以及为自身道德堕落的辩护。三是某种反讽，朴家其实不配拥有这些财富，朴家的这些财富所得不具有合法性，这是阶级对立固化的根源。换句话说，是寓言构造里强烈的阶级对立冲突概念，决定了富人的形象。矛盾的地方就在这里，影片的第一幕长达五十分钟，整个过程就是金家四人相继伪装身份进入朴社长家的过程。这里面包含了很多带有交待信息的情节（创作者有一种惧怕普通观众质疑情节真实性的心理）、悬念性的情节（比如基婷在车里脱去内裤），为的是保证观众的注意力集中，但是女主角的愚蠢又会令人觉得虚假性。寓言主题意义层面的指涉性与悬念叙事的快感在这里了产生了强烈的违逆感。在二刷影片的时候，那种乏味感会表现得特别明显。
第二幕展开的时候，这个违逆的问题依然存在。这包括了金家与雯光-吴勤世夫妇搏斗的过程、金家躲在桌子底下如何逃匿的过程。奉俊昊是一个特别迷恋使用悬念、惊奇、反转这些调度知觉注意力的技巧，但是他的这种技巧往往是仅停留在满足观众最基本的一次性消费（这是奉俊昊希望观众不要剧透的根本原因）的感官快感的层次上。譬如金家在逃出桌底的过程中，用了朴社长儿子多颂突然半夜醒来叫喊作为障碍、戏剧冲突，这个障碍解除后基泽才顺利逃出。这场戏的作用就纯粹是游戏层面上的玩耍观众。希区柯克也喜欢拍摄类似的场景，《艳贼》里面女主角玛尔妮在办公室投钱那场戏大名鼎鼎。首先这场戏的开场，玛尔妮在厕所躲避的时候，希区柯克充满想象力地把厕所布置成类似宗教场所忏悔室的空间。
其后的那场偷窃戏，空间方面的想象力毋庸细说，重点是整个行动的过程，在冲击观众紧张情绪的同时，观众是反复地对女主的行为产生认同与反认同的心理纠葛。
奉俊昊类似的悬念场景，往往是不仅没有影像调度的丰富内涵，也缺乏对角色的塑造作用，只剩下单一情节推动之下的一惊一乍效应。其实整个第二幕的推进结构，就是最奉俊昊最标志性的反转结构。雯光归来是一个反转，找到地下室的丈夫是一个反转，朴家突然归来是一个反转，最后再留一个悬念：回家后的金家人怎么处理地下室的这对夫妇。影片的第三幕就是寓言拼图的最后一个方块。
分析及此，我们可以倒推影片的创作过程。这特别像是一部高概念化的配方电影。先是有了一个寓言的概念，即便抛开寓言自身的深浅程度不论，奉俊昊是先要保证寓言意义层面的输出。阶级对立的概念必须强化。地下室防空洞、朝鲜半岛危机、蟑螂意象、雨水洗劫地下室、印第安人造型、台湾蛋糕店、石头，这些能指提供了足够的可解读空间。奉俊昊还需要保证影片最基本层面的“可看性”。于是使用了一个特别类型化的故事模型：侵入-缠斗-反击。叙事的过程又反复使用了完全建筑在情节之上的悬念、惊奇、反转技巧。这些技巧对于寓言主题、角色塑造并没有多大助益，纯粹是为了控制观众。这种创作方法导致了角色的扁平化。别墅里的上下对立的富人、穷人，为了满足寓言构造，就显得非常概念化。金家的存在是启动整个类型化叙事的关键所在，一家四口还被分配了不同的“作案”使命，这四个角色最后就变得非常的功能化，像是游戏里的电子人物。宋康昊这一次出演的基泽可能是他生平可替代性最强的角色。
类型片与艺术片并非是绝对的天敌。安东尼奥尼一直使用侦探片模式，但是侦探片特有的调查模式与安东尼奥尼探求的现代生活不确定、空无的母题特别吻合。所以类型片本身并不代表“低端”，关键看如何表达。《寄生虫》是一次企图商业与艺术兼顾但却全盘失败的表达，极致的概念先行以及创作者极度渴望压迫性控制观众的心理是导致叙事和母题分裂、角色扁平的根源所在。
（已刊于虹膜公号）",2,https://movie.douban.com/review/10400740/
Parasite,"开门见山，我不喜欢《寄生虫》的原因是它错误的假设了前提：富人除了嗅觉，感官都不灵敏；穷人只是没钱而已，该有的机智和适应都有。
仔细看《寄生虫》，其实处处是矛盾，这种矛盾不是剧情本身穷与富的矛盾，而是逻辑上的矛盾、或者说矛盾的矛盾、元矛盾。
穷到住半地下室的儿子，攻考4次不中举，仍然不挣钱贴补家用，反而懂得运用教育心理学，第一次做家教就抓住富人客户心理，用共情和策略博得职位。有这个能力和想法还会久久不得志甘愿和家人在黑暗的地下室腐朽沉沦吗？
一家人Wifi都要借用别的住户或者咖啡馆的，女儿却精通PS，甚至能完美伪造文书；进富人家门前还要背口诀的她，反而会提前查阅好艺术治疗学有关知识，并能在富人太太面前精心伪装不露怯、甚至还把太太骗出眼泪。一个照着背词的社会底层女子情感力量这么强大吗？
侍候了一辈子家人的穷妈妈却能在极短时间获得富商肯定成为佣人，还能学会高级料理的做法、抛弃以前做食材的习惯而不被发现，就算是“介绍而来”“高级care公司”未免也太过顺利了一点。其实底层妇女身上的质朴是很难丢掉的吧？
口口声声说“如果我那么富有，我会比他们更善良”的一家在无所不用其极赶走富人家司机和佣人之后，在偷偷摸摸花天酒地的时候反而敞开大门让借口拿东西的原女佣进来（当然，没有这个drama scene 也就没有之后一系列地下室的隐喻和故事了吧）他们真的能在面临各种不确定的情况下还能让一个雨夜恐怖面孔打破自家“升级”的狂欢、被拉回现实吗？
被真相激怒的原女佣只要一键转发就可以完成的爽快却照着每个“反派话多必死”的剧本完成了被反杀，真的有必要把4壮汉vs2残弱的打斗场面写得那么紧张激烈吗？
见过大世面的精英阶层、连每只狗狗的习性都要给佣人交代得清清楚楚的富商和富婆却对自己子女的教育漠不关心、重要的家教和佣人是自己信任的人介绍来的就行、旧心腹说换就换、也不做后期评估；对自己家的酒味一点都不敏感，对5分钟就收拾完的派对残局一无所知，他们是得多迟钝多累呢？也没多迟钝啊，不是还闻得出穷人身上的味道吗？也没多累啊，不是还在沙发上打炮吗？
其实最底层的人民大多都是不顾面子的 ，因为他们大多早已习惯肮脏，感官能力会因为适应而下降、感觉阈限因为习惯的力量而高于平均水平。所以再回想影片，当富商不喜欢爸爸身上的味道而捂住鼻子的时候，爸爸真的会那么敏感脸红甚至杀掉他吗？寄生虫真的那么在乎脸面吗？
诸如此类的矛盾逻辑还有很多，就不一一列举了。表面上这些矛盾无关痛痒，艺术总要高于生活呀。但是这些反而是《寄生虫》想要揭示的主题的核心部分。自我感觉编剧完全是站在第三视角凝视的基础上创作，披着多元符号的皮进入幼稚决斗的逻辑。把人性和阶级矛盾都想得太简单。抽象概念和政治宣言本来可以闪光，却因为为黑暗毁灭的意识形态服务而变得暗淡，不是说不好，而是皆因错误假设了内在逻辑，而让整部电影的本质是泡面速食的，所以别的方面再怎么补救都很无力，正如本片最后很多观影人都会猜到的、必然到来的派对杀戮。
我不否认奉俊昊在《寄生虫》选角、运镜等技术方面和演员表演上的成功，但是抱歉，个人真的不太喜欢这种粗暴的“给你看”的形式，表面上要揭露现实，却被现实揭露了，寄生虫并非都共同命运。所以我无法给高分。",2,https://movie.douban.com/review/10380872/
Parasite,"2个多小时的电影，节奏剪辑一流，人物塑造一流，镜头语言与各种隐喻均称得上是一流，但是整个逻辑令人费解，所以：
富有是原罪？
朴社长一家人，对待家里的保姆，司机，家庭教师等等工作人员，在交流及相处的时候都没有任何的过分态度和行为，凭什么最后就要被杀死？举例来说，对待保姆，夫人出境的第一幕，保姆就敢直接去拍醒夫人，夫人也没有任何责怪的意思，说明了家庭平时相处的还是很融洽的。再后来，因为保姆桃子过敏，整个家里就不吃桃子，也没有对保姆有当面的指责和批评。对待原来的司机，在车上发现他可能带人来车震，也没有当面的批评和指责，只是找个理由换掉了而已，保全了双方的名声，素质很高了好么。哪个父母看自己的孩子不是百般喜爱，觉得自己小儿子天分很高，有点宠溺，也是情有可原。况且并没有过分，在小儿子指出主角一家气味相同的时候，朴夫人和朴社长还觉得小孩子有点不礼貌，这是有素质和教养的表现好吗。
反观主角一家，处处都是算计，处处都是陷害。进入朴社长一家凭的是一个造假的文凭，而后通过编造身份，诬陷及设计陷害司机、保姆，全家都寄生在了朴社长家。在人家离家之后越界的当做是在自己家里一样吃人家的，用人家的，还偷看人家的日记，从头到尾随便哪一条值得同情？随便哪一个行为称得上是合情合理？充满了小市民的精明和算计。在与原来保姆发生利益冲突的时候，下手那叫一个凶狠无情，早已涉及恶性违法犯罪，怎么就不见对底层人的同病相怜和温和善良了呢？就因为生在底层，弱就有理？
最后你家被水淹了你心情不好，你也没跟别人说啊？去参加人家早就计划好的生日宴会掉个脸，给谁看呢？全世界都得惯着你？你家被水淹又不是朴社长造成的，况且你也没说原因，就指望人家能看懂你的内心所想所忧，理解你包容你？你的遭遇和朴社长一家毫无关系，带着情绪来工作，没给你骂一顿辞了都给了面子，还要怎样？
最后感觉是朴社长冷漠无情，不管你女儿的死活，只在乎自己一家人逃离这个混乱的环境，就动手上去捅死了人家？道理何在？先不说原先身份没有什么关系的人突然就成了一家人，这样的欺骗就得让朴社长一家消化一阵子，人家想着逃离这个可能对自己对孩子有危险的环境也无可厚非，可以说得上是冷漠，但也可以理解，混乱中想着自保自私罢了。人家养你一家人，给你们工作，对你们善良，也确实很多时候听了你们的建议，或者说是欺骗，否则你们也不能顺利寄生到人家的豪宅，就因为你自己心里失去平衡，就上去捅死了人家？整个剧情里面，所有的底层人民不仅仅是没有钱这么简单，处处都透着过分的算计，原先的保姆借着主家养自己的老公，把人家小儿子吓得有点毛病了却还装死，没有一点愧疚，还觉得人家一家有钱人都是钱多人傻。再看主角一家，谁都看的出来和朴社长一家不是一个阶层的人，不想着怎么能奋斗提升，而是一味的算计人家，这特么就是“穷山恶水出刁民”，让嫉妒造成了心态的失衡，把一切都归结于人家富有，人家富有是原罪吗？电影里也没有丝毫朴社长钱来的不干净的指向啊，况且一家人都温和礼貌，第一次见主角父亲去应聘司机，工作开会中还不忘笑脸相迎，让先坐着等下，行为上没有任何问题啊。
真是看不懂这个世界了，富有就是原罪，必须所有人生而都绝对平等，大家一样的穷，才是合理的吗？",2,https://movie.douban.com/review/10382360/
Parasite,"差评。
奉俊浩的问题，也是韩国电影的问题。
下面只谈《寄生虫》。
真正的好电影，导演要隐没在荧幕背后，让荧幕里的故事自然而然的发生，看不出人工斧凿的痕迹。可是这部电影，导演始终在荧幕前晃荡。
下面举例说明。
先说气味。
气味在这部电影里非常重要，我对“气味”这个隐喻本身没有意见，反而觉得用的很妙。可导演错就错在，用的次数太多了，那就不是隐喻，而是在点题了，导演生怕观众看不出来，一次一次的说，一次一次的用，就差举个牌子写上：注意看！这是个隐喻！
再说电影的高潮之一“地下室大乱斗”。
逻辑问题先不谈，比如为什么放前保姆进门，这点可以强行解释为妈妈的善良，以及主角一家的自信。
这场高潮戏拍的太小儿科，本来是很好的情节，如果好好发挥，可以成为本剧之光！结果呢？变成最大的鸡肋……所有人的智商集体下线，就为了完成导演的指示：制造矛盾，抨击时事，发发牢骚。导演想用发牢骚的几段台词将电影拔高，显得电影有悲天悯人的情怀。电影有吗？有，但表现的很低级。
男女主人在沙发上的那段谈话，刻意的简直令人发指。他们说的一切，都是为了衬托躺在桌子底下的人多么的可怜。而激情戏那段，简直是故意制造丑恶，为了让观众看到丑恶，为了让观众理解穷人的一切行为。这就是导演用力最狠的地方，为了让观众认可他的观点，不惜扭曲现实。
一场暴雨，淹没了住在半地下室的穷人一家。
一家人在深及腰际的积水中跋涉，坏了的马桶喷出污水。导演又出现了，是他弄坏了马桶，也是他制造了暴雨，为了他塑造出来的人物能显得无奈和无助。
最后谈一场戏，“大屠杀”。
凶手从地下室逃出来，这点我可以理解。凶手满怀仇恨，要找主角一家报仇，这点我也能理解。他一刀刺了妹妹，因为他第一眼看见她，这点我也能理解。问题出现在凶手被反杀时，男主人从他身下捡车钥匙，气味又出现了，赤裸裸的，不再隐晦，之前的所有铺垫都是为了这一刻。所有的气味，都是为了使爸爸的杀人合理化！导演用心良苦，为了替爸爸洗脱“坏人”的罪名，不惜把不坏的普通人变成坏人。
最后说说电影的逻辑问题。
其实《寄生虫》又不是悬疑电影，逻辑没必要天衣无缝。问题在于如何处理，使电影里的逻辑漏洞变得合理，不至于引起观众的不适。塔可夫斯基说，用诗意。只有诗意能使不合逻辑的地方变得合理。
《寄生虫》里有诗意吗？有的人反驳道：这是一部类型片，又不是艺术电影，不需要诗意。
所以观众们都承认《寄生虫》里没有诗意，也承认了电影里的逻辑漏洞无法弥补。
《寄生虫》可以拿奖吗？
当然可以。
但它以什么理由拿奖？
可以是：今年实在没什么好东西了，就这一部还凑活。
不能是：今年佳作连连，这一部是其中的佼佼者。
可是，无论是哪个原因，都说明了同一个问题：电影退步的太厉害。以至于把一流的奖项颁给一部2.5流的电影。
《寄生虫》这部电影，从头到尾都是失败的。最大的原因就是我文首说的，这是导演一手操控出来的故事，为了引导观众，也就是为了取悦观众。
一部分人言词凿凿：我们愿意被取悦，电影就是娱乐产业。
如果电影仅仅是娱乐产业，给艰辛生活的人打鸡血，那电影不就是在摧毁精神吗？
我承认《寄生虫》里有些片段看起来很刺激，能给观众带来短暂的快乐，但这种无理智的快乐情绪就是打进血管的鸡血起到的作用。习惯了鸡血的刺激而不是精神的建构，人就会越来越麻木，越来越无用。
所有的艺术，尤其是电影艺术，因为它的受众最多。都不能作为宣传、引导的工具，更不用说迎合观众，取悦观众了。电影艺术的首要任务是感化人的心灵，帮助人构建自己的精神结构。
【完】",2,https://movie.douban.com/review/12247046/
Parasite,"名不副实。
编剧和导演不了解真正的穷人和真正的富人。片子里富人没有富人的样子：创业成功人士识人断事的水平竟然不及司机大叔，挣的钱是大风刮来的吗？资本家靠剥削那也得是人精才行。片子里的穷人更没有穷人的样子：穷人一家既然都心思缜密，装得那么像，反应机敏不穿帮，还能非常有计划性地提前拟好得体的台词。以这样一家人的人设，又是如何落入住半地下室，连pizza盒都不认真做的那般境地？
相比之下，显然没有大户人家生活经验的高鹗，狗尾续貂出的《石头记》都显得高明了。影片名字还不如改成《不那么疯狂的石头记》，方不辜负走猎奇悬疑的剧情。如果是玩悬疑，敏赫这么关键的人物以及对穷家儿子的嘱托，到最后都没有个交代，狗血！
杀人犯父子最后还成了地下党忍辱负重而且文采飞扬的曹操和曹植了？这样的道德价值观，是会毒害我大中华文化圈内的青少年的。
估计票房和好评主要来自于仇富心理，以及自认为是富人的主流中产的日常焦虑，构成了“良好”的群众基础。可以想像，很多中产女主人看完后定会大加兴叹：这不是“保姆纵火案”吗！太可怕了，以后可千万不能找保姆啊！
说好的艺术要源于生活，说好的艺术要为人民服务。呵呵。",2,https://movie.douban.com/review/12271963/
Parasite,"是不是所有得奖的片都要走文艺背后路线了？连电影最浅显的剧目都拍不出来，一开始一家四口窝在半地下室生活，没有工作，靠折披萨盒打零工，而且披萨盒也折得七零八落。就这样穷酸的一家人你告诉我换上一身衣服就能走去上流社会？？导演知道什么叫穷人穷得久吗？穷得久的人眼神，动作，神态，都完完全全摆不上台面，而不是换了一身衣服就自信满满。男主儿子去做家教ok男主儿子高中复读了好几年，握住富人女儿说的那番话无可厚非，那妹妹是在开挂吗？富人儿子那么调皮，妹妹走进去对他说了什么富人儿子居然会鞠躬？？？对着一个刚熟悉可能不到两个小时的陌生人？而且也不是第一个家教而是好几个家教都对富人儿子无可奈何的设定下？？妹妹是怎么知道富人儿子小时候受过创伤？？然后富人老公拿了一条内裤回来，富人太太难道第一时间不是怀疑是自己老公出轨而掩盖真相吗？？OK辞退了金司机男主正式上位，接下来就要对住家保姆下手了，韩国的番茄酱真的那么像血吗？？为了推快剧情很多不合理的直接略过了？？同样是一家四口，这四个人站在一起真的不像吗？还是韩国整容行业发达所以富人们视而不见？换了一身衣服就摇身一变，骨子里的穷酸气质完全不见了？？你以为富人是傻瓜好人？影片中的富人是完完全全的伪善，辞退他人的时候也会找一个听起来好听的理由。要是对保姆和金司机说实话就没这家人什么事了。富人一家出门露营⛺️穷酸一家大肆喝酒放纵，哦哦哦富人们回来闻不到一点酒味？鼻子那么好的时候老说司机身上一股味道，这个时候鼻子集体失灵了？？那些说什么结尾反转的真的笑了，为了冲突而冲突的傻瓜式结尾，穷人儿子脑袋被砸了两下血流一地都没死，女儿肩膀下被扎了一刀就死了？？为什么？？为了导演不许她进监狱呗。为什么，伪造文书呗，在韩国伪造文书是要下狱的。最后用脚趾头想都知道男主躲到了地窖里。一点也不值得同情和可怜，因为他真正杀人了，杀人社长，这个社长且不是什么大恶之人，也就背后吐槽男主身上有股味道而已。节假日喊你来参加聚会也给你加班费了啊，你有什么不满足的？人家富人勤勤恳恳工作才变成富人，并不是你整天窝在半地下室的家里面就有钱进口袋的OK？你有什么资格去杀人啊大叔？？仇富啊完全是仇富啊！活该下半辈子不人不鬼，跟关监狱也没区别了。搞笑的是穷人儿子还幻想变成有钱救自己爸爸出来，科科，这片子真是有毛病啊！这一家人就是活该啊，老老实实有手有脚出去打工赚钱也比骗人这个结局好吧？别跟我说什么片子背后深刻的道理，我只想说你把这些浅显的道理拍好了再谈其他。今年真是影视寒冬啊，没什么电影可以拿去提名，倒显得这部电影一枝独秀了。换个国籍（就咱们说的中国籍）这电影评分7.8
啊，外国的就是圆😃
我穷我有理，我坑蒙拐骗诬陷他人（金司机和保姆）的时候没有自尊心，只有被富人暗搓搓说的时候我才有自尊心，你不过是死了一个人（社长），我失去的可是我的自尊心啊科科",2,https://movie.douban.com/review/10384494/
Parasite,"还是有人不识字直接一上来就🐴人的，才是真的孤儿呢，不然怎么会如此没有教养。你自己爱五星四星那是你的评论，我也不会去🐴你啊。有病还能治，素质和品行可真的没有办法了。好可怕，🐴我的都反弹，你怎么🐴人的，就怎么报应在你自己身上吧。—————————————————————别来杠我，我是写影评不是来吵架。不想说服谁，谁也别来说服我，要看夸的可以去看五星的评论，互不干涉别来KY。
也别教育我电影内在隐喻，揭露人性，阶层对比是什么balabala。我有眼睛看我也有自己的理解。
我不觉得这部影片值得那么多人吹捧，奉为神作。我看完只觉得富人那一家真的太可怜了，他们做错了什么需要落得家破人亡的下场？
大多数人说得的社会阶层对比，电影中的两个家庭，差距并不是两个极端。如果底层的家庭在人设上可以渲染的再正面一些，例如积极努力上进，对生活的苦难不放弃，然而被生活和社会体制所压迫，只能在底层挣扎，我可能还能真情实感的同情他们。可是影片一开始我就没有这种感觉，一家人手机话费欠费，蹭别人家WIFI，兼职工作的披萨盒子，也是完成的漫不经心只求速度没有品质，验收不合格还觉得披萨店员工苛刻？
儿子在朋友帮忙下介绍工作，成功当上家教，在面对朋友说过，去当家教这家的女学生，就是朋友心怡的人，等她上大学了就正式交往的这个前提背景情况下，他和那个女生在一起了（女生喜欢他，他就可以毫无顾虑的和这女生在一起，甚至是在对他非常有善意的朋友喜欢这个女生的情况？？？别和我说他朋友是高高在上地可怜施舍他，他们家这种情况他朋友就算可怜施舍不也是在帮助他们家吗？）还有女儿怎么让小男孩乖乖听话，好好学画画的这点不清晰。
在知道富人家小儿子的情况，儿子立刻想到可以让妹妹来当画画老师，还有后面的爸爸当司机，妈妈当管家（司机和管家也很无辜，前面家教和画画老师可以说是为了生计赚钱，那后面为了自己砸了别人饭碗这个点怎么都算不道德吧。）这段也是全家开金手指，无比顺利。
从这看得出来，全家都是会动脑有才智的，那为什么有才智和脑子还是过这种日子，让我和前面的他们相对应，他们聪明但是不努力不上进，想要当富人又不想付出努力。
富人这一边设定并不是财阀地位，不是含着金汤匙不需要努力就拥有一切的富翁。社长有自己的公司，是老总，有豪宅、司机和佣人，但这也是他自己经营公司挣来的（面试司机那段他是在和员工开会的，并不是当甩手掌柜负责下达命令让下面人执行）在他老婆说到小孩被吓到的那时，也是说老公说家里闹鬼运势会好，确实那两年是变好了，可见他们富也并不是完全啃老，原生家庭环境好，也是有自己打拼的财富。但是如果是财阀那估计这个故事就不成立了，毕竟财阀的司机和保姆那可是真的要重重选拔，好几辈子的底都得被查的干干净净的吧。
至于不是善良才有钱，有钱才能善良，这点非常同意，毕竟在好的环境生活，是不用经历很多的风雨，也就不会要算计和斤斤计较。但是并不能成为电影里，司机那家和有些观众批判他们伪善和虚伪的原因吧。首先，社长和司机他们就是雇佣关系，这电影里社长两夫妇对他们的态度很不错了，没有呼来喝去态度嚣张跋扈，还有时和他们聊一聊心事。何况说司机有异味的时候，不是当他的面讨论的，只是他们不知道讨论的人就在他们家里茶几下面。这段我觉得强行给社长他们安上伪善高高在上，看不起比他们贫苦的劳动人民。表面和气，内心还是对这类人充满鄙夷。
如果不是富人中产阶级，一个打工仔，老板态度恶劣对你发火，你能立马辞职？社畜就是没有底气，就是得打工挣这份钱。不要说电影里的富人了，平时里大家谁不是这样？你挤地铁，旁边的人有异味，让你不舒服了你不会心里很烦很怄火？不会鄙视这个人为什么不洗澡不换衣服有口臭为什么要出来荼毒别人？反观司机他们，在雇主出门期间，在雇主家里泡浴缸看日记睡床，换位思考，有人趁你不在家，做这些事你不恶心不膈应？

整部电影最高潮我觉得不是最后结局花园那段，而是原保姆回来，暴露了她老公一直在地下室的防空洞里。本来是司机一家是占上风的，所以原保姆恳求希望理解。后面司机全家曝光，情况急转直下，是原保姆掌握了他们欺诈的行为，可以让他们都滚出这个家。同低阶层的人们互相伤害，都是为了自己能生存下去，是斗谁更狠，谁就能活着更好。只是我不懂原保姆在沙发上的朝鲜主播那一段模仿秀，和她老公在地下时候天天说得社长好，和给小男孩用电灯发送摩斯密码是和小男孩说什么内容，有什么意义？？

整部电影最喜欢的镜头是雨天司机父子三人回家，从车库出来到他们家这段距离的镜头。从豪宅上方的雨水流入下水口，到他们一路回家都是往下的方向，一路走到最底层，他们家不仅是现实的位置最底层，也是物质意义上的贫穷底层。从豪宅到破半地下房，上方的人永远不必体验底层的窘迫。到这段为止剧情都还是OK的，之后的结局我是万万没想到的毫无波澜。

经历了前一晚雇主的言语侮辱，从在豪宅享乐到狼狈不堪回被污水淹没的家，这一段主人公应该是要有一段强烈的心理经历过程的，要么更仇富更嫉恨，要么发奋图强争取做人上人，结果和儿子的那段聊天，表现出来的信息是他们毫无波澜～无计划就是最好的计划是什么？？？？ 

儿子拿着石头去地下室就是要去杀人的吧，结果反被砸头，然后原保姆老公就因为老婆被害死所以去砍他们一家。在司机看到女儿被砍伤，儿子被背走（这里吐槽一句，富人家的女儿也真的是人设有问题，在花园已经有伤亡的情况下，她第一反应也不是看自己爸妈和弟弟，她弟都又被吓昏过去了命在旦夕，爸妈也不晓得有没有危险，她就能背着她的男朋友跑了？？？？她爸妈顶多偏心，疼爱弟弟多一点，平时也没有虐待她，在这种时刻，她就能抛下自己的家人？）然后自己老婆在和对方搏斗，他一副恍恍惚惚的样子。后面原保姆老公被反杀，社长要去拿钥匙，因为刺他身上有肉串的刀，而且长期在地下应该是很大的异味，所以社长的表情就很嫌弃，把他翻过去身去拿钥匙。司机就受刺激了，女儿儿子快死了他不在乎，那种时候在乎社长对于他们阶层的鄙视和嫌弃，一个瞬间大爆发，把所有的恨都发泄出来？然后就砍了社长跑路，跑路时候也没想着他老婆儿子女儿啊，自己不要被抓到就好。然后就不出所料的躲进了底下室，变成前面她老婆说得就像见不得光的蟑螂。
最后结局就是儿子自己YY能赚钱买下房子，然后爸爸可以重见光明，可是只是想象啊。他们三人还活着，女儿死亡也是他们先导致原保姆死亡，才造成的啊。可是社长家呢？他们是杀了人还是放了火？请个司机保姆和家教，最后落得如此凄惨的结果？就剩孤女寡母？这部电影到底是想宣传什么？只要是富人，无论是不是好人都该死？穷人也可以通过某些途径让自己活得更好，哪怕违法违背道德？可是并不是所有穷人都是这样啊，大多数不还是勤勤恳恳的工作，辛辛苦苦的活着，哪怕难也不会去犯罪啊。

还有人说社长太冷血了，司机女儿都要死了还是想着自己的儿子要快点开车去医院。社长儿子也是十五分钟就会死的好吗？写这种评论发这种言论的人，生活中肯定是自己的至亲和其他人有危险，第一时间救助其他人的好人呢🙃🙃🙃",2,https://movie.douban.com/review/10383915/
Parasite,"冲着这9.3分的评分来的，看完后感觉最多值6.3分！
1.整个影片极其不符合逻辑，一个能力如此优秀的家庭居然住地下室，导演您是在逗大家吗？
2.一家人好不容易获得了这宝贵的工作，应该更加努力，更加感恩，攒钱改善生活。
3.主人不在就当做自己家，没想过主人万一会回家吗？无论任何原因都是低素质加低能的表现。
4.最终导演的意图想体现下贫富的差距，最终看完的感觉是不懂得感恩，这伙穷人就应该永远穷着，真替男主人感到惋惜。
5.这么无脑的剧情也能拿奥斯卡提名，我真的震惊了！",2,https://movie.douban.com/review/12199541/
Parasite,"一开始给这部电影的评价是5/10，过了一天的思考后，他可能荣升我近期最不喜欢的电影之一，甚至激动的我想写一段影评。
整部电影行进到陷害司机前，我还看的挺乐呵，但从那一刻起，影片在我内心的水准开始下滑，我开始不确定这部影片的立意究竟是什么，并感受到影片里越来越多强拧刻意的设置。
所谓的经典台词：“不是有钱但善良，是有钱所以善良...如果我有这些钱的话，我也会很善良的。”，“钱就是熨斗，把一切都烫平了。” 请问这跟郭敬明名台词 “没有金钱的爱情就像一盆散沙“等一众青春疼痛文学，有什么区别？都是乍一看挺有道理，仔细一想不知所云。
善良从来不与钱挂钩，只是人的选择。确实，钱能解决许多问题，使得生活显得更加容易，没那么多琐事，对许多事情不会斤斤计较。但说这是善良，怕不是太侮辱善良了，这只是单纯的不在意。
剧中那所谓的气味，真的是贫穷吗？不，是贪婪而不自知。令人绝望的才不是阶级差距，而是不择手段侵犯他人利益（甚至生命），以为钱越多就能解决越多问题的人。这些人中甚至会有不少在现实生活中“成功”了，成为了内心腐败的“成功人士”，有的人苦苦挣扎，成了所谓的“寄生虫”。
当然也有很多人认为这些台词不过是穷人的设定，并不是电影所倡导的价值观，这部剧想表达的不过是人性中说不清的恶而已（毕竟剧中的富人也不是什么善人），那么电影就应该在之后用比这些台词更冲击的剧情/画面/语言来推翻他，重建一个想要传达的价值观，而不是糊里糊涂的说一个魔幻现实主义的故事，就结束了，若如此，导演也可以说是失败至极了。
作为一部以贫富差距为主要矛盾点的剧，却引导着现实中该矛盾的激化，硬拗着给人带来一种“没错，生活就是这样的”的不客观负面感受。作为一部纯娱乐的商业电影，他合格了，但若是真要把他当成什么能激起人类反思的电影，那真的是辣脑子。",2,https://movie.douban.com/review/10412708/
Parasite,"在观看之前有隐约听到过这部影片的大名，还有人说过不止金家一个寄生虫，原以为是什么双面寄生，结果，呵，是我期待太高了。
只能说导演完全没有功力去深度表现对社会现实的讽刺幽默。为了营造冲突故意扁平化富家主人故意把冲突的一方塑造成被玩弄的团团转的傻白甜，这样的做法意义何在？唯一可以看到的冲突就是最后富人家的孩子要急着去医院金司机自己的孩子倒在血泊之中却还要执行工作无能为力，但是这里挖掘的也很浅。原以为第一个保姆的老公给小孩发送了摩斯密码会有什么精彩的展开，结果只是在结尾弄了一个呼应。但结尾也充斥着毫无对比效果的想象，味同嚼蜡。

每一个戏剧性冲突的点都表现的浅尝辄止，真是不理解这部片子到底好在何处。好在哪里？好在阴沟里的老鼠一家人躲在客厅的桌子底下听富人夫妻床事吗？这里也应当是有一定的戏剧意义，但可惜还是什么也没有做到。

另外，他们一家人若真能有把人忽悠瘸了的本事，早发达了，起码不至于还窝在阴沟里。这里的逻辑处理的略微不当。
但还是有一些可圈可点之处。金基婷去朴社长家里当美术老师假装自己很有学问故弄玄虚的样子，确实很像穷人家小孩为了门面为了体面梗直了脖子，僵硬地掩盖自己的背景努力融入外面世界的样子。导演是见过这样的人吗？
连国产凤凰男的梗都能放进去，能理解导演想要表现这群人的嘴脸，但是技巧用的太刻意且没有用好，可是会招人嫌的。",2,https://movie.douban.com/review/15786830/
Parasite,什么让你分数这么高，兄台，你明明很穷，却依然昧着良心想给它打个高分，你把你的同理心放到富人一边，认为富人一点没错却遭遇无妄之灾，实在可怜，你的内心都在关注着富人，可是自认为很有富人的潜质？你觉得自己就像电影的结局，自己将事业有成买下大庄园，解救老爹，走上人生巅峰，可惜，如同电影结局的结局，那只是妄想。,2,https://movie.douban.com/review/15515527/
Parasite,"作为一部奥斯卡获得多个奖项的电影，我完全可以理解。就是欧美体系惯用的政治正确套路，伦理界限、种族矛盾及阶级矛盾，最近的欧美得奖套路没有一个不属于这两个系列的。就欧美极其缺乏的文化历史来看，他们的题材已经拍完了。科幻片即便是阿凡达这样的大IP也拍不出新意了。
寄生虫的核心完全围绕着欧美的理论体系在进行，常态化的贫富阶级，固话的阶级矛盾，毫无波澜的剧情，所有影片推进的拍摄手法都是常见的韩国电影暗黑题材、色情题材和暴力题材的套路，准确的说是一部非常单纯的商业片，骗钱的，没有任何意义。没针对现实中尖锐的实际矛盾，硬要说一家4口，在高物价的韩国，靠折盒子就能生存的话，也就只有低智人了，也没提出解决阶级固化问题的任何可能性，搞穷人对富人的盲目崇拜做寄生虫。想用所有载体进行隐喻，结果就是一地鸡毛。一个能把人脑袋砸出血的石头，竟然能浮在水面上。还特意强调了重男轻女的性别歧视，借用这层深意把富人阶级刻画成了蠢货形象。还有人说什么穷人气味刺激了富人性欲的，拉倒吧。打我看到女主是她的那一刻起，我就知道这部电影里一定有黄色片段了，而这种剧情不放在这部影片里对观影效果没有任何影响。它只要设计一个可以支撑观众相信他们多在眼前不会被发现的其他剧情就可以了。我一直看到有人说多次反转的，我一次也没有察觉到。前任保姆暴雨深夜进入前雇主家，一家寄生虫在雇主家开派对（理亏的情况下），竟然放纵她进入，并且前保姆毫不遮掩的直接暴露所有见不得光的事。说实话，编剧蠢透了，把富人区的富人当傻子，也把观众当傻子，真还有人拍手叫好的。
电影拍摄手法就更不值得拿出来推敲了，所有的拍摄技术都是抄的，没有创新就没有值得称赞的地方。光影，构图，变焦，转场等等。全部都在意料之中，我一直觉得韩国离开黄暴拍不出什么好电影，一直不想看这部电影。我坚持看了两遍，越来越坚定这个想法。寄生虫这部影片放在中国不用和谐也能上映，但是谁去电影院看谁就是认识钱多。把以前的韩国黄暴电影拿出来看看，凑一凑就能出个新寄生虫。我不用推荐，多看点电影，推荐才看的人永远也看不懂什么是好电影。",2,https://movie.douban.com/review/14491151/
Parasite,"今天跟一个朋友聊到寄生虫，又翻出之前跟人讨论写的一点东西，现在再来评价寄生虫，我还是觉得很差劲
我感觉寄生虫这电影充满了机心，一点都不真诚
第一次看的时候就觉得不适
都在夸完成度高，商业片和艺术的结合，精致，评价电影好不好就是考察工业产品么，那跟艺术也没什么关系了
寄生虫对穷人和富人的描画也挺生硬啊，就是那些技巧，强化戏剧性，都能猜出来，为了drama而drama，题材确实讨巧，跟小丑一样，都是阶级问题，大家都喜欢看，看了很容易爽
但在思想并没有什么真内容
人物都是脸谱化的，不管穷人还是富人，像是一个寓言故事，丧失很多复杂性，描画的阶级问题也是有些失真的，寄生虫里的人物都像是木偶
两部银翼杀手里面的机器人都能体现出dignity。而在寄生虫里我是看不出一个人有尊严。穷人没有，富人也没有，穷人是一片机心爬不上去，富人是傻着过好日子。富人观众可以满足自己是无罪的心理，穷人可以满足自己命可真苦的抱怨，什么受众都迎合了，怪不得能8.7分，今天再看已经8.8分了
这个分数可真扯啊",2,https://movie.douban.com/review/14369050/
Parasite,为什么评分那么高呢？底层的金家被刻画的实在是失败，编剧真的了解穷人是什么样的生活状态吗？披萨盒叠的不好被克扣工资却还能表现的那么心平气和？为了省钱而不关窗户让大量消毒剂进入？我所见过的穷人大多是目光短浅且性格暴躁的，会为了几块钱而辱骂不止甚至大打出手，脸上也总是疲惫和颓丧的表情。但你看看这一家四口，像底层的穷人吗？可能有些人说穷人也有心地善良的，你这样讲有失偏颇。好，如果说金家一家人是善良的，为什么又要下连环套入职朴家？还污蔑尹司机和原来的女佣？还故意让女佣过敏？不怕她过敏死掉吗？且朴家每个人的人设又几乎都是扁平且幼稚的，富人家庭真的是这样吗？母亲像个傻白甜，智商感觉不高；女儿莫名其妙的爱上辅导她的老师，也莫名其妙的讨厌自己的弟弟；儿子感觉和正常的调皮小孩一样，根本没被吓傻；父亲的人设也很失败，看到车里有女士内裤，首先不应该怀疑妻子？其次不应该怀疑那天晚上搭车的女老师？而且他在剧情前半段父亲给人的感觉是高大、伟岸的，但后面调情时想让妻子穿上那条女士内裤？立马使人感觉到一丝猥琐，调情话也不是这么说的吧？编剧把剧本编的十分刻意，让女佣刻意的在雨夜回来，金家也刻意的把她放进来，后来女儿也刻意的摔倒被发现，女佣也刻意的拍下视频作为所谓的“证据”，恰好视频中又刻意的出现儿子喊爸爸，使视频成为“铁证”，直到后面的金家投降、突然抢手机、互相扭打、攻守反转、朴家四口人回来等等，都是刻意的营造冲突。行吧，导演编剧觉得剧情合理就行吧，就当这是平行宇宙的韩国吧。,2,https://movie.douban.com/review/14026394/
Parasite,"可能我就是不太get到这位导演的电影，雪国列车也是。即使是同样黑色幽默风格的电影，龙虾也比这部的观影体验好。
电影如果接着前半部分的节奏继续下去的话，我其实应该会喜欢的。为什么，因为人物非常戏剧化：天真的富人一家vs心机满满的穷人一家，在搞笑中也能揭露两种不同社会阶层熏陶下的家庭。不需要过多细节和修饰，这种非黑即白的方式来表达想法又有何不妥？但它非要在中途改变风格，让我一度怀疑电影是不是半中央直接换了编剧。
现在看来又好像，导演（或者说是编剧？）只想了个开头，但是没想好这种喜剧题材的故事该怎么收尾，索性直接写死保姆，将剧情扭转直至小孩看了都知道它透露着黑暗的“真实社会”。为什么我无法认可，因为不可能有像富家一样傻白甜的妻子，穷人一家更不可能轻松混进来，故事一开始就是不成立的，又何来真实？
这应该就是我无法完全喜欢这部电影的原因，自从去年看完之后一直在思索，现在算是大概知道究竟是哪里让我不喜欢了。",2,https://movie.douban.com/review/13130130/
Parasite,非常一般，烂片。可能是之前的营销也太多了吧，都被吹上天了，什么最佳奥斯卡外语片等等，所以之前对他的期待还挺高的。但是看过就知道真的真的非常一般。甚至是很差劲。我不知道韩国的底层人民是不是都是这样的，但是我觉得这样的环境存在很可能是导演自己想出来，他甚至都没有实地考察过吧。剧情的设定也很扯。从刚开始哥哥的面试，不用看学历就能过开始，到后来走的就一直是富人就很傻很好骗的路线，然后各种bug开始出现，什么基静准确的说出了小弟弟一年级是不是发生了什么事，石头还能飘起来，被大石头砸成那样那还活着……很扯。而且我看到评论里一个豆油说的对：比如为什么为了躲债会甘愿住在暗无天日的地下室里数年，前管家有正当职业，收入应该也不低，两个人一起努力工作还债总好过这种人不人鬼不鬼的生活；另外由于暴雨，主角一家的房子被淹了，浑身臭烘烘连件干净衣服都没有为什么还非得出席小儿子的生日聚会，父亲司机和母亲管家无法拒绝，老师们总可以以有事为由谢绝吧。感觉导演为了使最后的戏剧冲突达到极致而强制事件发生。绝了……就很无语。传递的三观也不对，你的好兄弟让你去帮他顶班，你还和人家喜欢的女孩暧昧，还是未成年……,2,https://movie.douban.com/review/13117156/
Parasite,"看了不少影评，我发现绝大多数解读对这部电影都有一个天大的误解，就是把地下室这家里理解成社会底层，但其实并不是，至少这家人自己并不觉得自己是底层。

其实从剧情前面对这家人的家庭情况的介绍就可以看出来，他们一家在失业之前还是过得不错的，儿子能复读四年，女儿还能学美术，都不是穷人家的孩子可能选择的道路。这家人典型的就是因为失业从中产阶级跌落的家庭。

从另一个角度也可以佐证，那就是儿子的同学能够堂堂正正做上流社会家庭的女儿的家教，还想要泡她，就说明至少他儿子读书的时候上的学校的水平是不差的，那时候他的家庭环境肯定也不差。

所以当这家人混进富人家以后，才会各种游刃有馀，因为中产阶级本来就是依靠满足富人的需求来生存的。

起初这一家人依靠着自己从前中产阶级时代培育出的技能混的是风生水起，渐渐的，他们开始做起了重返中产阶级的美梦。

但是，气味却出卖了他们。

这个气味，在电影里当然是隐喻，隐喻的一方面是指穷人特有的那种穷酸味，另一方面也是一种富人的自我避险。

在富人主导的世界里，“穷”被系统的污名化了，穷已经不再是单纯的一种生存状态，而是被贴上了“不努力、好吃懒做、穷人思维”等等道德标签，所以一个人穷，不光是物质上贫穷，他的道德上必然也存在问题。所以富人才会想要在生活的各处与穷人隔离。

这也就是为什么很多人都说，这家人明明有足够的能力，为什么不去依靠自己的双手混饭吃呢？其实道理就在这里。中产阶级的技能都是为富人服务的，是寄生在富人阶级之上的，但一旦当你阶级跌落，那你的技能其实就一钱不值，因为富人不可能冒着风险去雇佣一个可能成为潜在威胁的“道德败坏”的“穷人”。

而最讽刺的一点，也是这部电影最不按常理出牌的一点，就是它并没有像以往的讲述贫富分化的电影一样，给予这种污名化正名，说穷人里也有很善良的啊，穷是迫不得已啊等等，反而是赤裸裸的把穷人的低劣展现在了银幕之上。

这一点引发了很多人的不适，也是这部电影在国内评价下滑的重要原因。人们在电影里找不到一个善良、正直的正面人物来带入自己的情感，给予支持，所以无所适从。

但事情它妙也就妙在这里。

就妙在这家人他并不认为自己是底层，虽然物质生活上他们已经跌落进了底层，但思维方式上，他们依然还是中产阶级。所以这种坏，其实无关道德，无论是谁，道德有多高尚，只要沦落到那家人的生存状态，道德就会退让给生存。但中产阶级的悲哀就悲哀在这里，他们受过的教育，使得他们一旦稍微脱离那么一点底层的生活状态，就会迫不及待的想要跟底层划清界限。

所以你看电影里那些很微妙的细节，比如男主人对待社长总想当朋友认不清自己的阶级，比如儿子挖同学的墙角泡社长的女儿，比如一家人在社长离开以后开PARTY放松，甚至到最后，因为一个捂鼻的动作就杀人，这种把自尊摆在生存前头的状态，显然跟我们所理解的穷人的生存状态相去甚远吗，这也就是为什么很多人说这部电影不真实有BUG的根本原因，其实就在于错误的理解了这家人的社会属性。

所以，影片最后，为什么男主人要捅死社长呢？很多人都觉得这里不合理，太夸张，其实也是因为没看懂整个前提。男主人在这里情绪失控，并不单单是因为自己被捂鼻这个动作所侮辱，单是一个侮辱动作其实并不足以让他杀人，而是更深层次的、更直接的仇恨，就是因为男主人在这个社长身上，看到了当年那个把他裁员，害他全家沦落到今天这种境地的元凶的影子。

然而最为讽刺的是，当男主人捅死了社长之后，却并没有跟社长所代表的上流阶级决裂，而是一转头，又躲回了社长房间的地下室里。这其实也是一种隐喻，隐喻那些阶级跌落的中产阶级即使很清楚自己已经被上流社会所抛弃，但依然不愿跟底层为伍，情愿躲在富人的地下室里，去做子女阶级跃升的美梦。而他儿子呢，嘴上说要赚钱把父亲救出来，实际上呢？从他把那块象征机会的石头给扔掉来看，他其实已经彻底放弃了。这其实就隐喻了当下东亚各国的真实状态，父母节衣缩食供学区房做着子女通过教育实现阶级跃升的美梦，而年轻人看着父母奋斗一辈子的生存状态，转头就选择了佛系人生，甚至连孩子都不生了。

宿主不生孩子了，大家就知道谁在寄生了。",2,https://movie.douban.com/review/12831482/
Parasite,"（仅代表个人观点，如果觉得我说得不对可以评论沟通或反驳但不要骂我谢谢）
韩国影视作品的颓势越来越明显了。
不理解这部作品得到的的高分和荣誉，132分钟的时长不值得。
我并不知道韩国低层人民的生存状态，所以并没有想要电影贴近我所见过生活，但电影中的人物明显是片面的，没有让我感受到任何一个人物的真实性。
这部片子可以说导演的掌镜技巧很好、氛围烘托很到位、演员很努力演技也很有张力，但这是一部好的商业片就能达到的标准了。如果要去推敲人物和情节，我没有看到寄生虫的人性，只看到他们软弱自私贪婪懒惰，也没有看到被寄生者的人性，只看到他们的天真无能。
说真的，片子里的寄生虫没有人际关系也就算了，穷人无亲戚可以理解，宿主难道没有自己的社交圈吗？太太作为全职主妇每天除了装扮收拾自己不用去融入层级只要作个花瓶吗，上层社会里人与人都是没有任何日常生活交流但是要开party就能分分钟找到一大堆亲密好友吗，还是设定这对夫妻是一代，一代摸爬滚打上位也可以如此天真轻信吗？
另外电影情节，我不能说它现实，但是也不能说它奇幻，在我个人看来就很像只是一个编出来的离奇故事。用片面化角色的问题也在这里，所有起承转合都“符合人设”，观影的时候看不到本片自身的逻辑性，剧情发展让人很疑惑但是只能说一句导演硬要这么发展也行吧所以看下去了。
实际上看完之后，会发现导演直接把所有的材料都堆在桌上一一展现在观众面前，甚至都不想好好加工，还运用了高超的技巧高亮加粗突出了自己想要表达的“线索”，有种就像让观众看看我用了什么原料的感觉，生怕别人不知道自己的原料贵在哪。譬如“地下室的气味”这个点，请问有多少人在导演刻意提示一次两次三次之后还没有明白这会是一个导火索的？这不是伏笔，因为导演已经直接把它拍在观众脸上了，这是很可笑的一件事，我明明不是以看爽片的心情来看的还要被拍脸吗？简直可以说是对我个人观影浪费的这132分钟的侮辱。
没有现实，也没有抗争，只有莫名其妙的发展，寄生者“被导演安排”盲目杀死了自己的宿主，这是不符合基因的自私性的。片名的“寄生虫”我理解了，但是也只剩看完无法入脑的情节，止步于毫无意义的“寄生虫”释义罢了。",2,https://movie.douban.com/review/12819040/
Parasite,"《寄生虫》讲述的是在韩国社会中，住在地下室的失业一家人的生活状态。作为经常看韩剧的人，我也只在《请回答1988》中看到过长久住在地下室里的人 — 德善一家，德善爸爸心善帮朋友做担保去借钱，朋友却临时跑路，于是一大笔款项都需要德善爸爸去偿还。一家五口只能在地下室里凑合。也因为剧中详细的展现了一家人的性格以及落魄的原因，所以观众在观看时，会同情以及理解。而这，也是我认为《寄生虫》没有做到的地方。主人公金基泽一家可以说是韩国多数住在地下室里的人们的缩影，那么多的人只能像蟑螂一样的活着，是什么原因导致的呢？
在影片的第一个段落中，我们可以看到，金家的孩子们拿着手机到处找WiFi，两个大人则在屋里躺着。好不容易找到一份叠披萨盒的活，在交工的时候却被检查出一大半都不符合标准。老板要求扣一半的钱，金妈妈与其大声争吵，两个孩子左一句右一句，最终从老板那里获得了兼职，而全程金爸爸都只是在屋里呆着，并不出面。这个段落不算短，算是全家人一起“亮了一个相”。勾勒出了这家人的生存面貌。生活虽然困窘但做事却不算认真。爸爸是典型的韩国男人没有什么本事，但是大男子主义，仍端着一家之主的架势。妈妈曾经是运动员，两个孩子很聪明，学习成绩也很好。不过，为什么曾获过奖的运动员沦落至此，孩子们为什么上不了学？或者说为什么连考试都没办法通过？这些影片都没有进行着墨。
当金家人趁着朴社长一家出去游玩，鸠占鹊巢时，却突然遇到前保姆的到访。前保姆的丈夫原来一直藏在房子的地下室中。两家人都生活的很苦，都认为对方是善良的人，只是因为穷，所以才没有多余的同情分给别人。并且都认为如果是像朴社长家一样十分富有，那么自然也会真诚善良的活着。紧接着，为了保证各自的生存，两方善良的人大打出手。
所以导演是想说穷困才是原因吗？或者说这部影片想表达的主题其实是，穷是堕落的原罪，人们在为保持最基本的生存需求时，是可以突破各种道德底线，残害他人的。只是为什么穷？前保姆家是因为丈夫做生意失败，欠了高利贷；金家人似乎是因为自己做事不认真。在韩国这个已经被划为资本主义发达国家的国家，为什么还会有人住地下室？是因为每个人的穷途末路都是自己的选择。作为一个国外人，这是我从影片中所得出得结论。
在这里，社会政府是缺席的角色。富人与穷人同时也成为了善与恶的代名词。有钱的人往往善良这一条的结论应该是建立在抛却穷富，大家的道德高度都是一样的前提下，但是影片对于富人也就是朴社长一家并没有在这方面做过多的描述，顶多突出了“好骗”的这一特质。作为穷人的金家人，反而在用欺骗的手段获得工作之后，想要更多，前保姆的丈夫甚至觉得在别墅的地下室的生活很好，自己可以一直在这里生活。与朴家人的大方相比，这些穷人甚至连被同情的目光都被剥夺。为何生活的如此困顿，因为你自己的懒惰以及贪婪！
如果说在观看影片之前，我对《寄生虫》的定位是批判现实主义作品，那么看完之后，我只能说，题材挺现实的，但是除了穷人自己，找不到任何可以批判的对象。当这部片子播出后，韩国的失业率会不会不升反降呢？虽然我没有做过调查，但是也不无可能。",2,https://movie.douban.com/review/12784036/
Parasite,"总体走向的设计欠点儿意思，看到假山石出现基本能猜出后面的剧情，以及社长太太各种小动作玩得那么溜，结果一开口说话就跟个傻子似的，难道是套娃式伪装？？？属实令人迷惑
不得不说《寄生虫》在立意上就已经高于其他几部提名影片了，然而这动摇不了我对《爱尔兰人》的偏爱，另外奉俊昊老本行对他事业发展的影响是真的大，他本人似乎社会学学者的成分大于导演成分，使全片看起来像一篇社会学视频论文，从人物塑造到叙事手法都毫无特色，更毋提新意，最大的闪光点是通过讲述一个极度荒诞的故事进行对阶层分化、固化和人之欲等话题的探讨，所以与其说是《寄生虫》横扫了各个奖项，不如说最大赢家其实就是奉俊昊
仔细想想，除了“就这？”无话可说，甚至觉得《痛苦与荣耀》更配得最佳国际片奖，并单方面宣布《爱尔兰人》为第92届奥斯卡最佳影片
学院是不是怕被说歧视怕疯了，难道立意为先题材为王？人物如此单薄，剧情如此荒诞，这不是现实主义，纯粹是架空一切的寓言故事，而用这样的寓言去探讨现实问题无疑是缺乏说服力的，如果不顾整体效果和观赏性就这么乱吹，那是真的对不起其他创作者啊",2,https://movie.douban.com/review/12488655/
Parasite,"昨天看了电影，现在想起来简单补一补观后感。
刚开始看，觉得这也没什么啊，哪个国家没有这么辛苦活着的人，四肢健全的成年人怎么不能活着。后面，从儿子设计把妹妹介绍来授课这里觉得有意思了，然后是一个大场景，露营那天，一家四口在梦寐以求的大房子里晒太阳吃吃喝喝。在电影里找寻道德感有点没意思，但是这里我觉得可以看出这家人没有感恩知足与善良，倒多了些贪心与仇富嫉妒，乱成一团的茶几，肆意糟蹋自己主家的家，真的没好感。然后雨夜的“寄生虫”的交锋，地下室的戏也是非常揪心，拍的蛮好。前保姆丈夫的求救信号应该被小男孩解读出来了，但是也没有什么后续了。最后，在地下室的男人拿着刀出来大杀四方的时候，仿佛在报复一切。有点难以理解的是父亲为什么要杀了朴社长？其实他很多时候露出了凶态，在陪社长扮演印第安人的时候尤其。最后儿子醒来傻笑这里倒是蛮嘲讽的，处理的不错。最最后，韩国电影什么心理，总要嘲讽一下北朝鲜……
是韩国电影的风格，但我也没觉得有那么好，逻辑这块最让我无语。天下底层百姓各有各的苦，但这种投机取巧、坑骗且心怀不满的贪婪的想要过上好生活的人，完全无法理解与同情。",2,https://movie.douban.com/review/12315607/
Parasite,"连比萨盒都折不好的穷人，哥哥突然成为了有钱人的家教，把妹妹也弄进去，为了摆脱命运略施小计，也挺合适，但是还不知足，非要把原来的司机和保姆都赶走，取而代之，贪婪如此，说句“我有钱我也会很善良”，“钱就像熨斗，能把一切褶皱烫平”，把一切责任推给了贫穷，就让我觉得不可思议了。
很多人都说在电影里看出了社会不公，一边说着朴社长一家什么其实都没有做错，一边又从抽起钞票、捂鼻子、不顾穷女儿只关心自己的小儿子“看出”富人的阴险狡诈、冷漠自私。（不顾穷女儿只关心小儿子这个有点意思，但是远不足以撑起这部电影）
多么可笑啊！
在你们的眼里，富人应该做什么？在发大水的时候派米？慷慨大方天天为慈善事业奋斗？永远一副和蔼可亲的样子？
你说穷人找工作困难，聪明没地使，那他们为什么如此轻易地就全家进入了朴社长家得到了体面的工作？电影交代了他们的难处了吗？没有，他们只是一群披萨盒都不愿意折好的人，偏偏有的影评还要责备比萨店不愿意付工资，压榨穷人。
最后穷爸爸因为杀人躲到了地下室，好像很妙是不是？你看，穷人聪明，穷人奋斗，最后还是回到了地下室，所以还是穷的错啊！但是他杀人真有必要吗？就因为朴社长只顾自己的儿子没有管他女儿？（可笑的是他自己也没有优先顾上女儿而是拿刀杀人）最终躲到地下室很无奈吗？还不是因为要逃避杀人的责任？如果真觉愧疚，为何不自首？归根结底还编剧根本不认为他错，错的都是穷，只要有钱，他就能从那个地下室里走出来。
很多人说他的隐喻高超，手法高明，细细分析各种细节。拜托，没有了准确的事件选择和人物塑造，隐喻、手法都无异于空中楼阁。
有这样一部电影其实也不可怕，可怕的是它还得金棕榈，得奥斯卡。多多少少展现了现在的人对富人有什么样的期待，对穷人有什么样的包容。
穷人连比萨盒都不愿意折好、用卑鄙的手段赶走没有做错事的人、不安分守己在雇主家里大吃大喝、杀人，都没有错，错的都是穷。
富人虽然轻易地相信了陌生人，给别人不错的工资让他们工作（虽然抽起了几张钞票，但要是待遇糟糕，穷人一家还用得着混进来？），解雇人还要顾着别人的感受，但是因为你富，你这样做都是虚伪，本质上都是为了自己，开个派对都是不知民间疾苦，捂个鼻子都是瞧不起穷人，不知道地下室的味道都是有罪。
多么疯狂啊！
如果，穷人即使淳朴善良，勤奋聪明，依然无法逃脱自己的命运，处在社会最底层，富人即使阴险狡诈、贪婪无耻，依然富有；又或者，穷人堕落，变得贪婪狡诈，卑鄙无耻，才过上了好日子，富人兢兢业业，秉持良心，却沦为穷人。这，才是这个社会真正的悲剧。
然而想通过一家又懒惰又贪婪卑鄙的穷人，和一家轻信陌生人、正常付工资、夫妻双方可能有点矛盾的富人，来展现贫富矛盾，是不是搞错了什么？偏偏很多人大喊，你看他多么有创意！多么高明！你不觉得是因为你看不懂！对不起，彼此彼此吧。
我觉得穷人可怜，有自己的无奈，并不代表他们作恶就是迫不得已，相反，可能就是因为他们不愿意相信光明，才导致了他们无法改变自己的命运；我认同富人可以尽自己的力量帮助穷人，回馈社会，但不代表他们享乐就是有罪，过分胁迫自己，除了得抑郁症以外，对社会不会有什么好处。
穷人当中，也有善良知足，在艰苦的状况下依然不抛弃良心的人，有兢兢业业白手起家，最终发家致富的人，看不见这些人，把一切都怪罪于穷，是这部电影对穷人最大的不公。",2,https://movie.douban.com/review/12315011/
Parasite,富人一家相亲相爱，善良可爱，丈夫也不出轨，妻子也尽力维持着家庭，尽管需要辞退员工也都是尽量以不伤害自尊的方式，没有做错任何事，在穷人眼里仍旧是怨恨的对象，“如果我有钱的话，我比他们还善良。”这就在传递一种穷可以黑暗的恶俗世界观，钱才是人类善良的基础？富人对妻子表示穷人父亲身上有一股不舒服的味道，也并没有再任何时候当面嫌弃过穷人，穷人只是因为富人对待地下室冲出来杀人的人身上的恶臭流露出躲避，就成为了穷人痛恨残杀的对象，这部片子极致的丑化了穷人阶级的思想状态，穷人各种作风不正，丝毫正确的世界观都没有，所以韩国自身也很抵制这部电影，感觉有辱国风，总之我感觉看完以后实在恶心，穷人为什么就只能做这种下三滥的事情，穷人也有自尊向上的精神财富吧，这部片子里一点向上的心态都没有，穷人父亲从一开始就从未打算过工作，带着孩子囤居在地下室，过着“幸福”的生活，人可以选择成为什么的人，穷人一家甘愿沦为窜逃的蟑螂，又能怪这个世界什么？,2,https://movie.douban.com/review/12283982/
Parasite,"感觉最后结局并不算好，影片中富人也没做错什么，他们只是站在自己的阶级立场上做了自己该做的事。

整部影片真的蛮压抑的，开头先是通过简单的几件事(每天有醉汉在窗口撒尿，没有wifi，到处是虫子)表现出为生计而不得不居住在半地下室的一家人。一家人本性不坏，只是因为见识到了有钱人的世界想要稍微跻身其中而已，但是钱是能改变内心的，所谓利欲熏心，利欲熏心。如果没有地下室夫妻二人组，可能他们只会简简单单耍些小把戏住在雇主家。可是一旦有威胁他们生存的人出现，就会大动干戈，就像为了争抢食物而打斗的蝼蚁。

看完之后我一直在想为什么导演要安排父亲刺向朴社长的那一刀，也许他是想表达:在贫富差距明显的世界，无法跨越的阶层差距才是让下层人民绝望的最后一根稻草吧。",2,https://movie.douban.com/review/12281296/
Parasite,电影《寄生虫》就是讲述能赚钱的人和不能赚钱的人之间的故事。金基泽，特别不能赚钱的人，一家四口住在地下室，手机话费都没钱充，只能想法设法蹭免费wifi。朴社长，特别能赚钱的人，一家四口住在价值上亿带地下室的房子，雇佣专职管家、司机为其生活提供服务。感觉没太提现出电影想表达的深层含义。,2,https://movie.douban.com/review/12278352/
Parasite,给2星是因为大家吹捧的太高了，如果是不经意看到这个作品的话可能会给3颗星。影片的题材、视角、还有内心活动的表达都非常好，当然有宋康昊的撑场一般不会偏离此类韩国电影的水准。但平心而论寄生虫的上限门槛太低了，因为韩国在社会型题材电影里的好作品太多了。故事的通篇都太注重情节设计导致硬伤过多、节奏跳脱的厉害。角色定位就不在线，生硬的设定出两个对立的群体，也不知道富人家的智商怎么能混到这么高的社会地位，而穷人呢有这个脑子的话也不会像蝼蚁似的窝在一个半地下的空间里苟且偷生，为了圆整个概念跟所谓的情节张力，角色智商说掉线就掉线。整体来说还是生硬、跳戏严重，电影前半部分感觉在看自嗨的网络小说，一家子穷人把计划设计的有鼻子有眼的，到后面开始云里雾里就像被弱智附了身似的，觉得留了几个扣儿又不给你交代，该展开的不展开，感觉就是导演草草的把中心思想表达完就交卷走人了。,2,https://movie.douban.com/review/12275890/
Parasite,"看完韩国电影《寄生虫》，感觉并不是很出彩。原以为导演会以开头那种轻喜剧风格贯穿全剧，最终以某种稍微“和谐”的姿态来结尾的，但没想到剧终的情节会是那么血腥。这种非常突兀的变化让我产生了某种不适。而之所以会有这种不适，是因为它和我长期接受的“社会主义”教育产生了巨大的情感冲突。毕竟在中国的话语中，底层是构成“人民群众”的主体，而通过对这个词汇的能指改造，让它和“善良、勤劳”的含义紧密地结合在一起，从而表现出一种对他们温情脉脉的尊重。
然而在《寄生虫》中，这个长期住在地下室的一家人，作为本来应该是“人民群众”的一份子，却变成了是嗜血的、青面獠牙的动物。无论是慈眉善目的父亲、幽默风趣的母亲、文质彬彬的儿子还是面容姣好的女儿，他们在自身利益面前，全部展示了出了凶狠的一面，为达目的不择手段。而这种表现方式，让影片不可避免地出现整体的违和感。
作者这么安排，也许是为了自然界中寄生虫杀死宿主这一逻辑移植到人类社会生活中来，以影射社会现实中残酷的绞杀。但这种手法却从另一方面消解了“人民群众”的存在意义。这里没有了对底层的同情、怜悯，而在锋利手术刀割开的机体中，人们只看到恶心和令人恐怖的“寄生虫”，必欲除之而后快。
电影展现了韩国阶层固化的现实，描绘了一个阶级之间不可逾越的屏障。在影片结尾的高潮部分，为儿子庆生的富豪之家忙着接待来自同一阶层的亲友，他们之间相互问候致意、亲切有加，展示了食物链顶端动物之间的祥和气氛。而近在咫尺的房间内、地下室里，却发生着血腥的杀戮。在底层的互害和上层的和谐之间强烈对比中，我们看到马克思意义上的革命理性荡然无存，取而代之的是尼采的“畜群”和“强者的道德”，以及在成为强者的意志支配下的某种必然逻辑。在这种逻辑之下，作为畜群的底层只能为了获得生存来残忍地相互屠杀，却不配拥有道德。影片最后展现了主角的宏大计划，就是挣足够的钱买下豪宅，从而实现人上人的梦想，而在我看来，这无疑就是对社会人吃人合理性的精确解释。
影片过于魔幻的描述，是其另一大弱点，因为这从一个侧面降低了对现实问题探索的力道和效果。无论是一家人如何运用心计、制定计划将原来的“寄生虫”们清除，还是从富豪家庭的“孩子小时候见到鬼”这一悬念出发，到揭开地下室的谜团，这些情节虽然增强了影片观赏性，但因为它们缺乏现实感，如同没有根基的流沙上的建筑，随时可能垮塌。加上前期轻喜剧元素，让整个影片陷入某种不合情理的怪异再现中，让人感觉莫名其妙。这种并非基于真实事件的电影语言描述，的确很难引起我的共鸣。
所以在我看来，这部影片的确很难用某种惯常的语言来进行评论。或者我可以说，无论用何种方式来评论它，实际上都存在某种无力感。
但毕竟它获得了奥斯卡奖，也因为此而蜚声国际，同时也引发了很多中国人对韩国电影产业成就的羡慕，反过来就在哀叹中国电影的没落，并将矛头指向了中国的电影审查制度。当然，审查制度的确要负很大的责任，毕竟它在整体上限制了思想和艺术的自由。可是在我看来，中国电影的根本问题不在于审查，而在于无止境的市场化。因为比起有限的审查来说，市场化效忠的资本极权，其全面独裁的能力要强大太多了。例如两年前的中国电影《暴雪将至》比起这部获得奥斯卡奖的韩国电影毫不逊色，可是在院线中却了无踪迹。我是在看了郭松民的评论后才知道有这部影片存在的。
在网上看了戴锦华对这部电影的看法，似乎评论中也表达了对该影片水准的某种不满。她提到了另一个韩国导演的电影《燃烧》，说这部片子“要好太多”。果真如此否？下下来看看再说吧。",2,https://movie.douban.com/review/12261479/
Parasite,"真的好讨人厌啊!
一家人用卑劣的手段赶走司机与主仆。
明明知道是兄弟喜欢的女孩子，还不刻意保持距离！而且这是在上课啊，不管怎样,在上课时间，就不能逾越作为老师的边界，怎么能这么没有底线。
穷人一家中的姐姐却有些传奇，一副大哥的气势，之前没什么能力，连工作都找不到，却不仅能巧合得一语中的，说得富人妻子泪流，而且还能将妈妈与仆人都毫无办法得熊孩子，在第一次上课，就训练得乖乖巧巧，且好好画画。这是儿童心理专家中的专家吗?
穷人一家中的爸爸，十分踏实肯干，在消毒气体喷入屋，其他人都难以忍受时，依然坚持折披萨盒，车技也超级好，可是却没有工作。这部影片最想反应的是，韩国人工作机会十分稀少？而且之前被辞退的仆人，再回来看起来过得好惨，应该是没有工作的，难道韩国的工作机会，就是一个萝卜一个坑？
关于穷人一家中的妈妈，英勇得与歹徒搏
斗并取得胜利的情景让人印象深刻。
而最让人觉得不可思议的是，不是他们说出来的谎言，而是，他们的点点滴滴的行为竟然也说谎说得毫无破绽。一家一直生活在底层的人走入从来没有接触过富人环境中，竟没有表现一丝不安。没有开过富人的车，却可以开得很好没有很慌张；妈妈做家务要使用许多之前没有用过的东西，要做高级的美食，却完全能hold住；一家人都如此语言得体，气质相当，处之泰然。
最后漏出破绽的竟然是身上的气味！？一家人都工作了，而且工资不会很低的那种，照他们的脾气，不应该早换个好些的地方住了嘛!",2,https://movie.douban.com/review/12258736/
Parasite,"电影有点毁三观了，一般电影是会从鲜明的矛盾对立来展开，并且矛盾的其中一方背离价值观，电影却将穷人一家表现为“正派”？
就算穷人一家是因为与富人一家的阶级层次不同而对立，那对于前保姆，两者的阶级显然是一致的，为何他们也要自相残杀？镜头下的穷人一家还是一个弱者形象，那么富人一家有什么错，错在富有吗？",2,https://movie.douban.com/review/12258096/
Parasite,"朴社长一家也算科技新贵，怎么会蠢到英语老师、美术老师、司机、管家，听信别人之词而且是陌生人之词，通通被调换？
英语老师有能力，好吧我认，好歹是考学多年，只不过没有考上大学，差了一张文凭。
美术老师被英语老师推荐过来，虽说有一定的天赋，但是连大学都没有念过，却演出了一副留学归来，极具美术造诣，有个性有气场的女老师，这演技不去当演员真可惜啊。
凭借美术老师在司机车里投放一条内裤，就可以把司机赶走，朴社长换司机也是很随意啊，司机一般如同秘书一般的存在，因为司机不知道了解主人多少信息，看来这个司机与社长几乎无感情，连一句问询都没有，直接赶走。
老爸多少年没有开过奔驰，仅仅是去车行熟悉了一下车况，第一次上路，车技了得，即获得朴社长心意转正为司机，太理想化了吧。
利用前管家桃子过敏的弱点，告诉女主人强管家有肺部疾病，需要换掉，趁机塞给社长一张伪造名片，提供的管家公司还需要高端的会员制度。社长与社长夫人，真是愚蠢到毫无辨识能力啊，质疑社长是如何创立公司，获取财富。
好吧，这一家四口人，终于在坑蒙拐骗后成寄生在朴先生家。
突然发现这偌大的别墅里，原来还有一个为防止北韩战争爆发藏身的防空洞，而前管家的丈夫竟然就居住在地下室，靠偷食生活，而且生活了四年之久。
最后的生日会，我是最不惊讶的，英语老师想解决前管家及丈夫，被前管家丈夫砸晕；前管家丈夫杀害了美术老师；女管家保护家人刺向了前管家丈夫；司机因为朴主人充斥着对穷人的嫌弃，拿刀刺向了主人。关键是这是拿刀杀人的主儿，刺的方向都可准了，都是左心房，导致朴先生、杰西卡都死了。而前管家也是在现管家一脚踹下去后，死了。
这是因为穷怕了，怕揭穿，对贫穷的屈辱，导致这一家四口人成了这样的结局？
更神奇的是，司机并没有自首，并没有回到家人身边，可能知道自己杀了人，活不了了吧。他像前管家的丈夫一样，住进了防空洞，靠偷食生活，而且长久以来从未被主人发现过。这些有钱人能粗心到，食物减少了都一点也发现不了吗？
最反转的是，儿子最后在山上竟然看到了爸爸通过防空洞控制别墅外面的廊灯，破译出了爸爸写给儿子的信，真是巧合加上聪明至极啊。
虽然故事的编排的确很有创意，可是情节之间却特别荒谬，不懂为什么可以获得这么多大奖！",2,https://movie.douban.com/review/12257840/
Parasite,"对韩国电影果然还是如此的不喜欢，they want to show they are smart, pretend they are above    others, but always opposite!和N年前看的暗黑片一样，根本看不下去的不一样，这次总算看完了，但是看完之后的感觉就是不爽，一万个不爽……还很添堵，这也太他妈的不真实了，穷人倒霉的那么极端或者说运气差的那么离谱，好好的高智商高颜值的儿子高考考个四五次还没考上，一个似乎是IT天才的漂亮年轻女孩也失业在家，哪怕做个东大门的服装导购也不致于失业，好端端的三十年身体老棒的老司机居然也失业在家，那个啥料理都会的妈妈也正好失业在家，哪怕去洗碗呀……她们应该没有身份的问题……还有更极端的是富人的智商是零，这也太说不过去了……而且又把玩情节曲折离奇的故事感搞得没完没了。以那些任何细节都极端化的渲染方式来夺取眼球……以后再也不看韩国电影了……只有无限的绝望和绝望。 不是把观众当傻孩子就是过高的玩弄手法了……不过最大的亮点是前女管家的演技真的是叹为观止……",2,https://movie.douban.com/review/12256611/
Parasite,"1.地下室的两人已经被关，干嘛要在多颂生日聚会那么多人的情况下去看地下室，过几天等家里安全了再去看啊，地下室两人饿的差不多了去也比较安全，而且基宇和妹妹都想单独去送人头，太不符合常理…况且基宇妹妹不可能一个人推开酒柜……
2.多颂爸爸想拿奔驰车钥匙救儿子，那两秒的动作还在嫌弃穷人身上的味道可能吗，怕导演是没当过爹吧……
3.基宇爸爸 在女儿被捅伤的情况下，看到多颂爸爸嫌弃穷人的味道，突然过激杀人？就因为尊严杀了杀毫不相干的富人，他又不是杀人狂魔…他是一个父亲啊，连女儿被捅都不管没救吗，连酒鬼都不敢呵斥，怎么可能因为尊严那会去捅富人，富人那会嫌弃的还是捅他女儿的仇人，自己女儿都被黑衣人捅了，还有功夫在乎尊严的事？换你你会跑去杀富人吗，你个当爹的，尊严比你家人还重要？而且基宇妈妈看到爸爸杀了富人一点都不惊讶……编剧太扯了？
4.多颂爸爸拿钥匙戏太拖遢了，换位思考一下，多颂爸爸是要拿钥匙救儿子，并且逃离这里，那肯定是要果断和快，倒地的黑衣男子还在自我介绍，多颂爸爸居然还疑问的来了一句我认识你吗？多颂爸爸，应该迅速的直接推开他，然后拿上钥匙就跑才对……
5.派对那么多人，都是往外逃的，也有开车来的，走的时候也应该开车走啊，基宇爸爸从车库进去，居然没有人看到基宇爸爸怎么逃跑的
6.那石头为什么在家里被淹的时候飘起来了，那石头是他朋友给他们家的时候，基宇，和他爸也都过了手的，很重的，就算是一块很重的塑料，也不可能飘起来。石头飘起来，这部片子就变成科幻玄幻片了。
一个穷人A眼看着，一个富人B对另一个穷人C尊严的践踏，且是C杀了A的女儿，A杀了B……太荒唐",2,https://movie.douban.com/review/12255264/
Parasite,且不讨论这里把一对有钱夫妇写的多么愚蠢，剧情太过简单，顶替细节也太过简单，这剧如果想真实，起码要3小时，而且哪个富人家里没有“摄像头”？？？？？？？你们就大张旗鼓的在屋里祸害？主要入口连安全警报系统都没有。前面描写贫穷也太符号化，毫无代入感。这种影片是怎么获奖的？第一次看奥斯卡获奖影片有想快进的冲动！,2,https://movie.douban.com/review/12247577/
Parasite,"剩余半小时直到今天才刷完，9/14号看了前一个半小时，那天太晚了隔天要早起没看完 说留着过几天看… 坦白来说，那天看完前四分之三后，实在没有刷完的冲动。直到今天跟啊凯再聊起这部 他说后面是个反转，值得看，奔着戛纳怎么着今天也勉为其难的画个句号。 结果 …怎么说呢 ，却什么也说不上来…     前期用了四分之三在平稳进行，没有冲突 没有转折 也没有剧情高潮 后期突发转折 … 草地上把刀刺向男主，从隐喻来说，行吧，我理解 、仇富嘛 ，你有没有错，反正你就是错。但从剧情来说，虽然给奉俊昊眼神给了铺垫，但还是实在突兀啊…  前期平稳，后期反转又达不到高潮… 我还是看看你以前的老电影吧 。 得知《寄生虫》成为本届奥斯卡最大赢家后，韩国总统文在寅第一时间在社交媒体发文表示祝贺。
——————————
2020/02/12
近两天寄生虫简直霸占所有头条。一举揽下戛纳金棕奖，奥斯卡最佳影片。
文在寅更在在他的贺词中强调，《寄生虫》的成功是过去一百年里所有韩国电影人不断努力的结果，“今后政府将进一步为广大电影人提供能够尽情发挥想象力并放心大胆制作电影的环境。”
这句话的背后，是一个让人嫉妒的现实：韩国电影市场，自由而繁荣。
之前，奉俊昊曾在采访中表达过自己作为韩国电影人的幸运，“电影院和 VOD 点播在韩国都非常流行，在每一个居民区都有多块银幕的电影院。韩国的每部电影平均观影人次是全球第一或者第二高。”
根据2018年的数据，当年韩国电影市场观影总人次达到了2.16亿，这已经是韩国连续第6年观影人次超过2亿。要知道，韩国总人口才5000多万。
这在1997年之前的韩国，是想都不敢想的。
1997年之前，韩国的电影一直面临着严格的审查制度。
1997年，金大中政府提出“文化立国”的策略，随后彻底废除了电影审查制度，取而代之的是电影分级制度，同时电影产业成为了政府重点扶持对象。
日本导演内田英治发布推特说，“《寄生虫》引起了我们(日本电影)与韩国电影水平差距的讨论，要改变电影，国家的文化结构势必要改革。韩国做到了，电影公司改变了文化政治与法律，创作者改变了观众。李沧东也担任过文化大臣，日本的文化只在政治形态的底层。我别无选择，只能继续磨练自己，加油啊。”
愿哪天我中也能道出这样的话啊！！",2,https://movie.douban.com/review/12246161/
Parasite,雯光丈夫最后对忠淑一家的行为及对朴先生说出的respect也许就表明了本片所站的立场了吧。关于朴先生和朴太太做出气味难闻的动作的行为我认为是间接暗示了金司机这类人抹不掉的下流人性吧，多颂说他们一家的气味一样也可能意有有所指，朴先生最后一次招来杀身之祸也是因为这个行为，可能在他看来自己的无心之举，也许根本就没有歧视的意思？如果有，还怎么可能继续聘用金司机呢？然而在金司机看来，却有其他用意，可能确实是因为生活环境不一样，行为理解方式就是有偏差吧。,2,https://movie.douban.com/review/12246019/
Parasite,"荣获四项奥斯卡大奖的韩国电影《寄生虫》，以一句“富人因有钱而善良”，成功补偿了贫富两端的集体想象。
于穷人而言，他们可以再一次把失败归结于命运；对富人而言，让穷人有个宣泄口是仇富心理的最佳挡箭牌。
集体狂欢中，该片被推上神坛！
都已经2020年了，阶级斗争换汤不换药的把戏竟然还能让人高潮。这着实让人费解！
这就好比，日本人在中国影视剧中永远长得奇形怪状，印第安人在美剧中永远生的面目狰狞。
不必去追究背后的原因，原罪都写在脸上和表面。浮躁的年代，这种刻板归因屡屡能得到认同，我实在感到忧心。
诚然，将失败归因于情境，比怪罪自己来得容易得多。但这何尝不是一种精神麻痹，新时代的阿Q精神复辟。
不必问，不必说，不必深究，愤怒就对了！
寄生虫屡屡被影评人士评价——深刻。
因为反映了阶级固化，反映了苦难的伟大。
下面我要引述一段台词：
“联合国在1948年12月10号宣布了国际人权宣言，又在1966年12月16号通过了国际人权两公约。我们人人生而平等，不论你的国籍、宗教、性别、宗族，尊严跟权利上，你跟我都是平等的。”这是台剧《我们与恶的距离》中律师王赦说的话。
请注意，人人生而平等！
富人和穷人一样平等。
我不否认，阶层正在逐渐走向固化，这是一个严重的社会问题。可是谁穷谁有理、谁弱谁伟大的思维，就一定有利于现状吗？
作为一部商业电影，该片无疑是成功的。可它只是像无数贩卖焦虑的滥觞，宣扬着另外一种阶层焦虑。
看啊，贫穷的人连工作的机会都是渺茫的，拿什么和那些富人竞争？穷人全部的努力只是为了换取生存，这让一切不善良可以被原谅，而一切微弱的人性之光更该被放大。
因为，穷还有人性，比富本善良伟大得多。
所以，故事的设定中，富豪朴社长一家都像脑残，被穷人玩的团团转丝毫没有察觉。尽管，现实中富人无论情商智商的平均水准远在穷人之上。
就连富人的和善，该剧也给出了原因：因为他们有钱。甚至在激情戏那一段，导演还暗戳戳的再一次满足了一下屌丝们的喜好，生硬地给富人安了一个羡慕穷人的低级癖好。
而穷人因为穷，哥哥诱骗富家之女、妹妹撒谎隐瞒身份、爸爸妈妈坑害其他被雇佣之人，这些就都成了合理的！且体现了人性之光！看啊，这一家多么有爱。
为己之生存，践踏他人空间，就这样被合法合理化；因寄生悲惨，不择手段之劣，就都得到了救赎，反被冠以伟大！
可是，人人生而平等啊！
富是原罪，富人就该被污名化吗？
有人可能反驳，这就是一部电影，艺术创作不一定遵循合理原则。它只是用夸张化的手法，来放大一切，说明穷人恶的根源在穷。
艺术确实不必展现美好，但深刻是建立在合理性之上的。
绝大部分芸芸众生，断不会因为活在底层，就抛弃道德与人性。更不会因为身处深渊，就把其他人往下拉。
当把底层描述为被生活逼上坑蒙拐骗的一群人时，导演你让那些绝境中仍然靠卖苦力辛勤劳作的普通人做何感想？
现实也断不是如此！
无数的底层，仍在一代代奋力拼搏，试图实现阶层的跨越。这种努力，也往往会获得成功。
内容不高级，贩卖阶层焦虑；人物不深刻，富人穷人泾渭分明。剧本逻辑更是狗血至极，就像八点档的霸道总裁爱上我。
这充其量只是一部畅销电影，何来改变影史、现实的里程碑之作等夸大其词之说？
真正的深刻，是老舍笔下的祥子，奋进努力、夹缝求生后求而不得的落魄与消沉；
真正的深刻，是我们与恶的距离中，王赦那句人人生而平等。
精神病人平等，富人也是平等的。
一个人被判了刑，也要深究他背后犯罪的根源，以此来杜绝再次出现此类情景。
社会出现了分化，仅靠杀死富人就能正本清源吗？
一部分人或许富的不合理，但这不是我们将一类人类型化的理由；一部分人穷的天赋异禀，但这仍不是污名化富人的理由。
如果社会戾气太重，就无法正向的完成循环。
就像影片结尾，穷人杀了富人，依然无法改变寄生的结局。
阶层固化，绝不是几个富人的锅。富人也可能曾经是穷人。富人未曾不有心力让世界更加公平正义，即使是出于维护其自身财富稳定的自私目的。
世界是多元的。我看不懂剧中富人一家为穷人提供了工作，他们却不努力不感恩相互挞伐的逻辑性在何处？
人是有人性的，即使是穷到深处，也还是会合作会共情。请不要把下层人民描述的如此低劣不堪！
一旦人停留在仇恨，世界将永远无法再向前一步。
还好，世界原本不是那样。
所以，我不喜欢这部贩卖阶层焦虑的电影。
我仍祝陌生的你：
“愿你有充分的忍耐去担当，有充分单纯的心去信仰。请你相信：无论如何，生活是合理的。”
微信订阅：梅子手记",2,https://movie.douban.com/review/12243620/
Parasite,"听说是奥斯卡奖影片才找来看的，而且我爸说很好看，但是看完就一个想法，觉得这个奖拿的名不副实
电影过程中我一直在猜测那块石头和男主的那个同学，看到老保姆在地下室养老公之后终于兴奋了一点，再加上老保姆说是小儿子发的短信告诉她家里的事情和新保姆的名字，我们甚至猜测老保姆就是上一任“寄生虫”，到这里我终于在猜测中觉得电影好看了一点
没想到，那个同学就真的只是单纯的同学，介绍工作的
包括中途也一直在想，如果那个同学回来怎么办，那个高中生谈恋爱的问题怎么解决，还暗自期待修罗场，加上同学见过他们一家，我本来以为是同学拆穿了他们
结果也没有
不说这种“重考了四次的人教英语比重点大学去国外做交换生的人还好”这种仿佛宅男和loser yy的剧情，还有“背了百科所以知道男孩一年级出事了”的bug，就说这个女孩子如何管教好那个坐不住的小孩子就令人费解
再就是那个喝酒的夜晚，真的很莫名其妙，甚至还有影片里一直有表现出来的妈妈不顾女儿而更喜欢儿子的问题，好像表现这个问题只是为了凑时间，有没有这段不和睦的关系似乎完全对影片没有影响
而且，如果真的一家人都在，那么为什么那个雨夜要把老保姆放进来，难道不能说“没有主人的允许不能让你进来”这种吗？如果她是来偷东西的呢？因为她是你们诬陷的所以你们就对她的人品百分百信任了吗？甚至她是怀恨在心想要杀掉她的下一任保姆呢？
至于最后为什么要杀掉老板我也不能理解……老板人真挺好的……
包括最后父亲逃难离开，难道他和妈妈真的想不到爸爸会去地下室了吗？更何况，这么有钱了为什么不去修灯？修不好换一个啊？！
描写黑暗的，看看他人即地狱不好吗
看完已经忘了很多想吐槽的细节，先这样吧",2,https://movie.douban.com/review/12243484/
Parasite,"秉着没有调查就没有发言权的想法，我看了大家所说的胜过爱尔兰人的电影寄生虫，在下以为，寄生虫讲述了一个有意思的故事，然而，却远不及爱尔兰人，原因如下：
1. Robert Mackee在他的剧本著作中写过，如果电影要有巧合，那么一定只能有一次并且在电影最重要的地方，然而纵观此片，小聪明和抖机灵一样的巧合，此电影不胜枚举，剧情逻辑硬伤也不在少数：一位韩国的成功企业家，娶了一位五官端正面容姣好但称不上美女的花瓶太太，这位太太生活能力很差，也不能很好的辅助到丈夫的事业，这位太太在给儿子女儿选家教的时候基本是一个在家看韩剧把脑子看瓦特了的家庭妇女水平，本着人傻钱多的原则，她雇佣了给自己女儿号脉的贫民窟家庭长子，信了称自己主修艺术心理学的次女，一位声称自己在Illinois毕业的美学高材生。家庭主妇如此脑残已属难得，丈夫对子女的教育更是不闻不问，作为成功企业家，看他家的家产，显然可以进入韩国前1000的水平，和老美做国际贸易显然不在话下，居然没有和这位伊利诺伊州的高材生聊几句美国的事。有其父母就有其子女，这家富人的女儿是一个被长子土味情话就骗走一吻的傻白甜，儿子是一个假装自己酷爱印地安原住民文化的早智少年。更蹊跷的是这个来自贫民窟的家庭，一家穷到靠折披萨盒子为生，明明丈夫可以勤奋干物流，妻子也完全可以去餐饮业当个服务人员，女儿p得一手好图在网吧叼烟的样子感觉方圆二十里的人cs都打不过她，儿子立志能进入韩国最好的学府却如此下作，这么一家好吃懒做，不思进取的人，包装自己的意识却强大无比，行动力如此之强，堪比清朝的朱三太子。为了生存不择手段到这个地步，恐怕家也不至于穷成这个逼样，估计是编剧为了追求戏剧性故意为之而不考虑真实与否。一家人好死不死的在地下室摔了下去，你迟站不稳早站不稳，偏偏在前任女佣来的时候站不稳，这是猫和老鼠么？如此鸡肋的巧合数不胜数，地下室养着前任女佣的丈夫，里面照明冰箱一应俱全，就算上任房主没有告诉夫妻俩地下室的存在，别墅就没有一个检修电路的时候么，你把内裤丢在车座底下为什么发现的不是开去洗车行的司机，而是一天疲惫不堪的企业精英。一次两次的巧合我也不吹毛求疵，但是过多就让人感到剧情想可以展现一种贫民窟的人把富人玩弄于股掌之上的感觉。贫民窟的人很多东西是在骨子里，是比身上气味更难抹杀的东西，靠换衣服和烫头恐怕掩盖不了。分不清血和番茄酱那块我真的要笑出声。殊不知能住进如此庭院的成功人士脑子应该会有多够用，而电影后一个小时的闹剧基本是建立在前一个小时的设定上。。
2. 对电影的看法本来是主观的，有人因为对老马的敬意对两位影帝的情怀对爱尔兰人有着特殊的情结，也有人觉得寄生虫讲了一个让人耳目一新的故事。作为影迷没有必要分谁更高一筹，可是纵观奥斯卡历史，以前从来没有非英语电影能获此殊荣，我并不觉得奥斯卡这样做一定是营造政治正确或者文化开发，我觉得如果有一部非英语电影能首次获得奥斯卡也一定是上世纪的法国电影，意大利电影。从21世纪开始，韩国电影以其少受审查束缚的优势，敢于纰漏社会问题的真诚，扎实的叙事走到了全世界的舞台前。然而扪心自问，纵然素媛，杀人回忆，熔炉等电影不乏惊艳，可是美国电影早在几十年前就做到了韩国的程度。然而在我看来这部电影投机取巧的设定并不如上述韩国电影，如何与小丑，爱尔兰人一众电影竞争。
3. 没有不承认韩国电影的崛起，但奥斯卡不是上帝，18年的水形物语颁得莫名其妙，可能是人兽我还是欣赏不来，居然打败了至暗时刻和三块广告牌。99年莎翁情史那个艳情片打败了美丽人生和大兵瑞恩。本着不要吃不到葡萄就说葡萄酸的心理，你们吹爆寄生虫也好，不要贬低爱尔兰人。
4.看完寄生虫想给你推荐几个电影，去年好评如潮的《小偷家庭》告诉了我们日本真正的贫民窟是什么样的，拉丁美洲的《黑暗面》告诉你豪宅藏密室的设定应该怎么玩，西班牙的荒蛮故事告诉你什么叫真正的闹剧。至于寄生虫，不好意思，请轻点喷我，我真的不恭维。",2,https://movie.douban.com/review/12242597/
Parasite,5.9分不能再多了。前半程全家开挂，后半程全家瓦特，地下室的剧情让我想起了某地地下室囚禁性奴，激情犯罪拍的不够激情和巧妙，摩斯电码用烂了，没花样，我很想知道灯泡💡是什么牌子的，这么闪能不坏。另外，我想说地下室翻身住大号斯，不用当家教，不用当司机，不用当保姆，你只需去黑龙江鹤岗，一切立即拥有！！！在北京地下室也是需要购房资格的，地下室也要200万。我要是有个北京地下室就卖了，花5万块钱去鹤岗买套房子，剩下195万做个理财，收益够我花销的，甚至还可以请一个保姆！每天跑步，研究哲学，读诗写作，学学经济学，甚至可以拍拍段视频，当个网红。,2,https://movie.douban.com/review/12241167/
Parasite,"寄生虫— 一部屌丝自嗨的电影，甚至更加深了阶级固化的电影。
穷人诈骗、丑陋、不择手段；富人善良、单纯、傻白甜。居然还有人认为这个电影反映了社会现实，真的不知道该怎么吐槽了。这明明就是在美化资产阶级，是一块媚俗的遮羞布。
好莱坞这几年就喜欢猎奇吗？从水形物语到寄生虫 没一个正常的
一星给配乐，一星给拍摄技术，其他真的没啥可说的了。
不过韩国伦理片拍的就是好 俊男美女doi可太带劲了
（养号评论 狗头保命）",2,https://movie.douban.com/review/12239688/
Parasite,（寄生虫）一场穷人们的狂欢，感天动地，感动了奥斯卡感动了评审团，感动了天下，导演的宣泄得到了认同，也许是被惯坏了，为什么小丑的成功我并没有让我产生质疑，而这一部片子的成功却让我反思，小丑深刻挖掘了人性的前提下双方对立面亦正亦邪，所以每个人意淫在小丑的世界里满足被现实压迫后的宣泄不会感到自责，因为小丑反抗的人群是一群带着有色眼睛的、压迫着那些比他们地位低的人从而获取满足感利益的人群，而寄生虫是不一样的电影，它不过是带着强烈个人色彩的偏袒并毫无道德约束宣泄的产物，在这里面我只看到一个主旨富人活该被骗活该被杀穷人的穷是万能挡箭牌可以为所欲为，导演对于富人遭受的一切连敷衍的理由都懒得交代，我也并不富裕，但是如果这就是天下人评审团所争取实现的价值观，如果这就是导演想要的社会现状，那设想一下现实社会若如寄生虫一样忌惮会是怎样，心黑了谈何艺术，煎熬的带着极大的负罪感看完此片，富人被迫害被拍的如此轻描淡写，除了莫名其妙还是莫名其妙，也许大多数人都不会有所顾虑，理性评价，理性看待，我尊重每个人的观点，喜好，这只是我的个人观点，如有不妥见谅,2,https://movie.douban.com/review/12238418/
Parasite,"这逻辑是怎么得奖的？按照男女主人智商多半这个财富这个阶级地位不像自己打拼的，当然也不排除男主人是职场精英对家事毫不在意，就算我自己往深了挖说是这个男主人寄生女主人，那作为寄生虫他应该有保姆一样的警惕防止自己被替代。这都是后话我自己yy的，那回到原影片。
如果这家富人他们是自己打拼，那么这智商情商还有自己的社会经历对于周遭的反应不可能像影片呈现的那样，瞎么看不见走廊的灯闪不会修么？房间里有人没有感觉？！对于孩子的话语和精神状态会更尊重，对于保姆对于外来人的信任门槛这么低容忍度这么高？有疑心早换了好么？换保姆信司机这什么逻辑？好，如果这阶级地位不是自己打拼，真当富二代官二代傻么...？哎..
如果最后精英阶级还是压倒寄生虫我会给高分，不然在我看来这就是一群贪婪而不努力的人逻辑不通地反杀智商为零的“高阶级”的无谓叫嚣，并没有反应什么现实。（横向对比非常非常喜欢小偷家族、比逻辑同样反杀恐怖直播不香么？）
最后，这房子挺好看的，其他也挺好看的，得奖就算了。",2,https://movie.douban.com/review/12236804/
Parasite,"就制作和剧情来说3.5星，不适感太强主观排斥降一。戛纳奖后让人看得欲吐（槽）无言的片子，现在居然奥斯卡了，这种看似惊爆深刻实则重复造作的非西方社会自我剖解在欧美很吃香吧。
停留在浅显的阶级分化理论层面，全靠极度的对立和夸张来博眼球，关键剧情还经不起逻辑上的反复推敲。是超现实还是要现实，是为了得奖还是遵从本心？有啥内涵？无探讨，无意义，dramatic地反复揭开一个人人知晓的疮疤，在某种程度上还带着利己主义的自以为艺术家的优越感和自我满足，徒增暴戾之气，无意义，无内涵。
无不是，制作者、欣赏者、评价者，人人心照不宣，又沉浸其中的短暂自我高潮。和天注定啥差不多的都让人呕吐。呕。",2,https://movie.douban.com/review/12236766/
Parasite,"坦白讲，现实主义题材的故事仅仅揭露现实，却没有给出一剂药方，对于在此领域见长的韩国电影来说，尤为不合格。
私以为，电影是一门造梦的艺术，但是现实题材的除外，毕竟没有人想要做一个苦涩的梦。因此，衡量现实题材高下的标准就在于能不能更辛辣地揭露现实并给出一剂切中的药方。前者考验创作者的技法；后者体现其思考深度。
《寄生虫》想要探讨的贫富分化、分配不均早已是一个众所周知的社会问题，也是现实题材电影百试不爽的创作方向之一。但如果仅仅是从技巧上突破——更加戏剧化地呈现问题，那么这样的电影其实不过是堆砌元素、新瓶装旧酒的流水线产品罢了，对于成熟的韩国电影来说，这种“讨巧”更应警惕。尽管导演借助各种隐喻、线索和精巧的场景设计（这也是众多拥趸称赞所在），试图不断强化贫富分化的现实勾勒，但是本片莫名其妙的结局（包括金基泽的杀人动机、金基宇隐瞒甚至赞许父亲的行为逻辑等等）实属吊诡，也未能将主题引入更为深层次的讨论：为什么会产生贫富分化？不同阶层在此又扮演何种角色？以及这种分化能否被解决？在缺乏深入讨论的情境下，《寄生虫》的故事营造更像是，创作者精准地拿捏着观众的喜好、不怀好意地迎合道：看！这就是荒诞的社会！
上一段谈的是《寄生虫》欠在主题的浅薄；
这一段更想聊的是《寄生虫》里单一的人物刻画也未能呈现出社会分化的全貌。
其实受制于创作者的思想深度，并非每个作品都能深刻准确地给出社会药方（毕竟这是学者和政客的定位），但人物刻画却是创作者逃不掉的考核，遗憾的是，奉俊昊在此的表现并不及格。且不论为什么身处贫民窟的一家人如何能够成功混入富人家庭，无论是愚蠢自私的富人，还是聪明市侩的穷人，这样刻板而单薄的人物印象，再加上“穷人味道”串联起来的阶级歧视，并没有指向社会分化背后的复杂性，更像是迎合观众的期待：看！果然肉食者鄙！
从更为辛辣成熟的人物刻画来说，这部电影至少还需要回答的问题是：为什么朴社长身处上流而各显神通的金家却堕落底层？他们身上究竟有没有所谓的“劣根性”？而这种人物特征又与他们的阶级地位之间形成何种互动关系？显然，这部电影里模糊焦点的、千篇一律的人物形象并不能撑起整个故事。
回过头来，有个问题值得我们思考，面对社会分化，我们需要的到底是什么？",2,https://movie.douban.com/review/12206090/
Parasite,"这应该是我观影以来第一部觉得与大众高分相差甚远的电影。
因而我甚至没有看完它。
我想打个比方，当我们刷牙的时候，最重要的不是水温，不是牙膏好坏，牙刷优劣，手法得当与否，而是有没有充足的水能让我们洗漱掉口中的泡沫。很明显，这部电影没有做到。它具备优秀的演员，优质的拍摄手法，优胜的叙事技巧，但是对于我来说，它在电影主旨方面是毫无意义的，过誉至极。
导演和编剧对人性的感悟也许可以在电影中展现得更好，但是并没有做到，这使得整部电影只是个贴满富与穷的极端标签的华美洗漱用品，尽管可以让观众思考一些问题，但是并没有完成本该有的实用工具的功能，徒有其表。
它小聪明地将人类社会形成以来就有的贫富人性话题摆上桌面来夸夸其谈，却没有意识到其中的不合理性，也许可以用“荒诞”来为之狡辩，但是仍然无法掩盖电影中商业化迎合大众的狩猎目的，这是一部披着现实和人性等哲理话题的商业片，而不是佳片，至少我是这么想的。
也许日后的我会再来重看，会不会改变想法，那时候再说。",2,https://movie.douban.com/review/12200515/
Parasite,看完引人反应不适的一部电影，韩国电影挖掘人性的深度是够了，不提机会公平只追求结果公平的人性恶之花故事，主人公底层一家四口高失业率的原因生活困顿不堪，高智商高演技身份欺骗开始一窥高阶层社长一家江南富人区的生活，别墅隐蔽地下室的另一对前保姆和躲债丈夫威胁曝光引爆危机，勾出暴力肆虐的人性恶之花，人变鬼魅举刀向底层同类和无辜雇主，全片没有一个传统意义上的好人，不喜欢这种不讲是非，不讲善恶的故事。  ps.司机丈夫和保姆太太一场别墅酒后瞬间变脸的演技爆棚，更觉两面人性狡诈的凶险。,2,https://movie.douban.com/review/12198273/
Parasite,"想不通为什么一家人在富豪家的情况下，要让前保姆进来。
想不通为什么男主爸爸三人要偷听，还必须不小心摔一跤，导致全家人暴露。
想不通为什么富豪回家后，全家人不是想着躲到地下室里，而是想从大门口出去。
想不通男主为什么要在生日派对当天拿块石头去地下室，导致前保姆老公有机可乘。
想不通富豪女儿找男主，第一反应不是去户外，而是跑地下室。（她怎么想到去地下室）
想不通这么多不和逻辑的地方，豆瓣还有如此多文青无病呻吟，哀叹社会阶级问题。我只想说，不是放点音乐，搞点煽情，就需要我们反思人生。我们不需要廉价的眼泪。
这真的是《杀人回忆》的鬼才导演拍的吗？",2,https://movie.douban.com/review/12070497/
Parasite,"网上好评如潮，观影过程中也是跌宕起伏，但结尾差强人意，回顾想想很多细节经不起推敲，片子太刻意的想刻画社会顶层和底层的矛盾，但实际上富人没有本质错误，单纯而善良，他们所做的一切不过是保护自己的家庭，正常享受自己的劳动果实，因为片中没有任何地方透露过富人的为富不仁或者非法牟利！反观穷人，片中透露了穷人的自私、阴险、狡诈，及对富人给予工作的不知感恩，以怨报德。
片中人多的镜头语言繁荣而拖沓，导演想反射顶层和底层的差距，其实用不到穷人在大雨中没完没了的下楼梯，一笔带过反而更引人关注不是吗？总体来说是一部看看就好的商业片，非要深挖什么社会现象，纯粹是闲得蛋疼",2,https://movie.douban.com/review/12046313/
Parasite,"前半部真的不错 把寄生虫这三个字发挥的淋漓尽致
低劣 不折手段  物尽其用
但是看到后面 
就经不起逻辑设定的推敲了...
一家子那么聪明那么会演  为啥会那么穷呢 也没看到吸毒 赌博什么败家的事物呀
就当他一家子运气不好集体欠债什么的了
司机为啥就不好好洗洗衬衫洗洗自己呢？？？刚上任不是应该尽量保持好印象么
一个司机刚上班就跟老板谈老板的老婆？跟前面那么聪明完全不搭啊
男主直接就把好朋友给绿了 整部戏都没表达他有一点善后的心思 又跟前面不呼应了
地下室男主他妈发现前保姆事迹，保姆都跪下来求她了，按设定逻辑他妈那么聪明 应该先稳住保姆想办法请出去再说呀 电影却演成一个劲的说不行.不打算有利的解决问题..
整个后半篇都是这种zz走向了
更神奇的事 最后男主他爹干嘛捅富商？？？动机也没交代？难道就是因为别人闻不惯你不洗澡的味道？
最后我牵强的认为 导演就是想表达这些底层人的卑劣与不可理喻 富商请人还是要慎重 这种思想而结尾...",2,https://movie.douban.com/review/10475455/
Parasite,"全片立论逻辑不成立，勉强算是一部荒诞剧，有靠噱头博人眼球、实际内容单薄之感。豆瓣能评分这么高，是看导演奉俊昊的名头吗？
难道富人阶级的智商就这么让人看轻吗？这种千篇一律的固化视角又在满足哪个阶级的意淫与狂欢？
地下室的贫民可以爱的深沉，富人阶级就不懂离别生死之重？你的女儿是鲜活的生命，富人的儿子就不是心头肉么？且不说富人给了贫民一家赚钱的机会，你作为司机一名，为主人家提供驾驶服务不是本职？何况富人一家没人知道身中一刀的诈骗老师杰西卡是你女儿，你贫民就有理由因为富人捂鼻愤而杀之？
完全看不懂全片导演的逻辑立论合理性在哪里。",2,https://movie.douban.com/review/10455189/
Parasite,"看完电影觉得一般，叙事还算流畅，不闷，不会无聊，观赏性还行，作为爆米花电影很合格了，习惯性来豆瓣看了看评论发现大家评价很高，耐心看了一些大多都是尬吹
比如有深挖细节背后含义的影评，我佩服你们为了写影评耐心地反复地观看影片的精神，但是哪个优秀的电影是靠细节暗示成为优秀的电影的？且不说你们是不是替导演想出了导演都没想到的细节含义，就算有，看完一遍电影你们觉得观众能明白吗？曲高和寡，这是不接地气的表现
也有深挖历史含义的，说这些角色分别代表了半岛上的各方势力，日本、美国、北朝鲜。。能理解出这层意思我也算佩服作者，那为什么不直接拍个历史纪录片来直接把这个问题说清楚呢？观众来看电影是来理解背后的历史隐喻的吗？
其他还有各类尬吹影评，总体来说思路不离开隐喻、暗示、折射，这类的拐弯抹角的分析思路。
承认电影本质是剧情为核心，让人在2个小时左右的时间内获得有限的信息，有那么难吗？
吐槽完影评来吐槽电影，这个电影最大的问题是逻辑漏洞太大，漏洞百出，为了艺术和表达的需要牺牲一定的逻辑性可以接受，但是漏洞太多，太大，这就不能接受了。
影片中最大的逻辑漏洞就是父亲杀社长的行为，我想了10天10夜也想不通为什么要杀社长，看到后面才知道就是为了硬生生地为后面父亲躲进地下室埋伏笔，牵强地一塌糊涂。可以这样说，这也是韩国电影最大毛病，情节在逻辑上难以自洽，往往需要牺牲小情节的逻辑来实现大情节。
另外我再凭回忆再吐槽一些漏洞情节。
把一家人一个接着一个带进来也显得过于顺利，解雇司机解雇保姆，实在过于顺利。
忽然孩子和男主都懂得摩斯密码了，真了不起
之前的保姆来敲门居然会开门？正常脑子的人不应该拒绝吗？或者让主人打电话过来确认了再开门
4个人在客厅喝酒吃东西，然后随便桌子一模就发现不了了？喝酒气味很大的，男主夫妻在来沙发睡觉居然不知道？
家里被水淹了，第二天还答应都去参加生日聚会？相当相当不可理解
暂时就想到这些吧。。毕竟我就看了一遍，很多细节忘记了
不过有一个情节我很感动，那女儿居然这么容易就跟男老师好上了？居然还亲上了？联想到之前的男主同学。。啧啧，这个高二的女孩子有点可怕。",2,https://movie.douban.com/review/10453835/
Parasite,一家骗子着实让人觉得恶心，看到一半就想关了的。但觉得这么高分，后面肯定有精彩的剧情，然而我错了。情节好多不合理：富人请保姆家教司机，心大到全都不去核实一下身份的嘛？一大家子躲在屋里，还去给前保姆开门，找刺激？后来地下室偷窥，三个人一起就滚出去了，搞笑是吗？片子价值观也是崩塌，自己身上有味儿，富人捂了一下鼻，就直接一刀把人给捅死了？最后结局还幻想挣很多钱把房子买下来，解放那个杀人犯老爸，想表达什么？,2,https://movie.douban.com/review/10451544/
Parasite,"当一家四口都有薪水不错的工作时，
再看见尿尿的醉汉，表现的却更加坏。
难道是阶级鸿沟太大，他们还不够有钱，换一间不会遇见醉汉不会被水淹的房子，才可以善良？
这部电影不真实，穷人为了钱可以小小坏一下，用各种方法让家人进来工作，可以看作迫不得已，但是之后的所作所为呢，英语老师自己都想象不下去如果真的和学生谈恋爱该怎么办。司机和老板对话全程扭头，老板忍到最后才提了一嘴。一家人大摇大摆的在豪宅娱乐。根本不考虑可持续发展，如何保住来之不易的工作，集体降智，优势局浪的一批。显然是为了电影冲突，所以这只是电影，现实中聪明的人不会这么浪，这么浪的人找不到这么好的工作，你看陷害前任管家计划的多么缜密。
中心思想也不明确，这些人不是穷人，是坏蛋，男老师和司机是杀人未遂和杀人的罪犯。根本不是在讨论阶级矛盾，这就是一犯罪片，一家老小坏到了骨子里。
既然偏离事实，那也不用讨论什么一家人演技精湛，在豪宅里每个人技能满分，份内的事做得很好，这就是电影的设定。富人也不是单纯好骗，只是电影设定的巧合而已，看见内裤，俩人不是讨论了很多才下了决定辞退前任司机吗？
我只看到这部电影在讲穷人很坏，富人鄙视穷人，穷人鄙视自己，导演鄙视穷人（留学生介绍穷朋友当心爱之人的家教很放心）
《药神》《燃烧》这两部说到底，穷人富人都还是人，有坏的富人也有好的穷人，在《寄生虫》里只有寄生虫。",2,https://movie.douban.com/review/10450850/
Parasite,"韩国意识形态有问题，任何类型片最后总感觉人家欠她几百万，害了她！韩国各种类型片总归是玩落差，戏剧冲突的边界永远在韩国肥皂剧的苦大仇深……
这是一部对社会臆想先入为主，进而构建极端冲突戏剧……
文学来源于生活进而提炼生活，进而我们可以讨论，纯生活似的解析电影人物：
1、穷人人家父亲经商能力不够，又不安分，以致穷困，虽然全家和睦！
2、富人之家丈夫工作圈，社交圈电影叙述的比较少，电影里有一个丈夫的工作场景，类似做媒体的！
3、富人家的妻子对艺术的理解及了解可以吐槽为0分，不信？以中国土类有闲阶级的艺术修养都超越她n倍。
4、富人夫妇讨论与穷人之间的底线，抛除台词本身即是构建戏剧冲突、令观众得以理解的因素，其余所剩无几，可以理解为富人一家仅是暴发户二代（这很韩国）或是通过教育体系（这很中韩）。
进而讨论本片的电影技巧，观众可以重复观前后我列下的几组对比：1、贫民窟与豪宅。2、前半部的贫民窟与后半部的贫民窟。3、前半部的豪宅与后半部的豪宅。需要注意那场大雨路灯的色调。
韩国此类电影，《司机》、《南汉山城》等等。与脱离小家碧玉的距离还很远，苦大仇深的韩剧真的挺好，够细腻；还有黑帮片也挺好，够生猛。只是格局别大，努力空间太大。用铅笔刀来削铅笔是对的，拿来杀牛，徒增悲壮尔。",2,https://movie.douban.com/review/10445456/
Parasite,底层群众往上的路有几条？除了运气特别好就只有读书和抓住任何能抓住的机会了吧？主角一家什么情况？开篇让人能知道韩国目前面临的就业困境以及生活情况，这与后面所谓上层的生活环境家庭分工有极强的对比。这里看过电影的人应该会觉得主角一家是用尽一切手段（肮脏的手段）来达成自己的目的，而且欲望无穷大（这里我理解的是编剧可能觉得有一个就业机会都是底层八辈子的福气？）。反观社长一家，善良的像白莲花（知道情况就是不说为了保护主角一家的面子）。瞎说这么多其实就是一句话。上流社会都是善良的，底层都是寄生虫？我觉得很过分，虽然说穷山恶水出刁民，但是这么直白的表达，加上对上流社会的美化真的让人恶心,2,https://movie.douban.com/review/10444388/
Parasite,"全靠角色犯蠢来推进剧情的，基本都是大烂片，不明白这个电影哪来这么高分。
第一次重大冲突的推进，靠的是男主一家偷听时的脚滑，这简直是70年代港片的桥段。小男主被追杀逃走时，任凭脖子后面拖着个长线，正常人都会回手拉到身前拿起来再来吧。
最后的庭院大混战，老男主那一刀更是完全无从理解。老男主在影片前一个多小时里被塑造的是一个唯利是图一心想要钱的市井小人，在最后看到一个刚杀了他女儿的人被有钱人嫌弃臭，就自尊心爆棚要去杀了有钱人？这是哪来的神转折。",2,https://movie.douban.com/review/10442633/
Parasite,没有吹得这么好。感觉这分数过高了，前面25分钟像偶像剧，后面莫名其妙得好上了，好多无语的桥段。。。。。。。。。反正就觉得挺假，还有这很黑穷人，大部分人都不是这样有手有脚还去做这种事的人。。。。。。。。如果给他们打工薪水高，怎么还这么惨的呢？！英语这么好早不去考个啥，而且开头男二托付给男主那个女儿，说什么放心，靠，煞笔吗？然后男主转头就跟人好上了。。。真是行，偶像剧得可以。,2,https://movie.douban.com/review/10438291/
Parasite,"寄生虫好看吗？！ 这一家人诈骗、夺走别人的工作机会，致使老保姆死在地下室，把女主人一家弄的家破人亡…然后骗了别人一家，还有理了？一点感恩之情都没有也就罢了，最后还把朴社长杀了？导演居然让这样的人有了逃避所，不接受法律的制裁？他儿子还写信憧憬了美好未来？！这样的片子叫好看？！不懂评分怎么上去得…烂就就烂在：1.一家投机取巧的人，为了自己的利益不惜牺牲他人的利益，真的是相当自私了～这里我想说，你穷没关系，君子爱财取之有道…一家人就是一个德性啊，寄生虫啊。2.相当的不知足，尝到甜头了就得寸进尺。从来不会去想自己处在什么位置，要通过怎样的办法去改变。（或许他们想了，也不是什么正当途径吧） 3.最烂就烂在问题为什么最后结尾要给这样一户人家一个美好的憧憬未来？就他们的所作所为有资格吗？淑芳一脚就把前保姆踹下楼，之后还装作关心楼下那两位似的，让女儿去送吃的？！导演你安排这个情节有必要吗，你把一个人从那么高的楼梯上踹下去，你难道心里不清楚会有造成他人重伤或者意外的风险？这一家的爸爸，我也是不想说什么了，小心眼＋想太多＋不反思自己（人家朴社长知道被捅的是你女儿吗？你身上有味道，你越界这些不都是事实吗…你想人家尊重你，你想平起平坐，那你就努力去提升自己改变现状啊）我是真真不想说什么了…结尾你好歹放放朴社长的妻子和儿女怎么样了吧，富人家做错了什么？他们到底做了什么？要这样被对待 对不起我接受不了这个电影
我从来没有这样想给一部片子差评过，这部片子看完让人感觉特别不舒服…逻辑也存在很多不足啊～那么多人说好看好看，我是真的不懂了",2,https://movie.douban.com/review/10436763/
Parasite,"一、儿子抱着石头去地下室，没理解错的话应该是去砸那两口子吧？是为不仁。
二、好友请儿子去暂代家教，也表明了想等雇主女儿上大学后与其谈恋爱，结果儿子第二次去做家教就和人家接吻了，虽然看起来像两情相悦，我怎么看都有点不义呢？
三、司机想送女儿回家，女儿居然故意把内裤留车上设套（这高段位心机婊啊），让司机被解雇老爸取而代之，在一家人后面的对话中女儿其实良心也是有些许不安的吧？
四、为了让老妈当保姆居然利用前任保姆水蜜桃过敏这个，呃，生理缺陷？没有底线啊？
五、最后一点，也是最重要的，剧情透露男雇主应该是IT界精英，不像是富二代，看着像自己创业起家的，这也能成为仇富的理由吗？而且女雇主善良与否姑且不论，比较单纯这是剧情表现出来和观众理解的共识吧？主角一家对雇主一家干出来的事，怎么看都有点让人不齿呢？（老爸还在比较生分的情况下先摸后握了女雇主的手）
这导演，是三观有问题，还是在高级黑穷人啊？
补充一点：影片前半部分，一家人在半地下室叠披萨外卖盒，外面在喷药消毒，老爸居然让开窗顺便给家里杀毒，这披萨外卖盒要装的可是直接入口的食品啊？然后也没人反对，这家人what's wrong呢？？？",2,https://movie.douban.com/review/10431959/
Parasite,"一件非常巧合的事情是，下午看《寄生虫》是因为朋友的朋友推荐的，而晚上另一个微信朋友也推荐了这部电影。在半天内，有三个人推荐这个电影，看来热度着实够高。
在看预告片前，根据名字和拍摄国家，还以为是一部沉闷压抑，甚至带点绝望的，类似韩国《汉江怪物》这样的怪兽电影。不过看完预告，这样的疑虑就打消了，因为真的很搞笑，笑出声的搞笑。更为开心的是，从预告片好像看出来韩国电影终于走出了自己的怨气深重的阴霾，开始调侃自己。与同样有怨气的日本电影倾向于戏谑和荒诞风格不同的是，韩国的电影总是喜欢拿一个沉重的结局，宣判对世界的无奈，让人在绝望之后再次跌入深渊。《汉江怪物》里恐怖的实验室，《熔炉》里被惨痛伤害的儿童，《杀人回忆》里始终没出现却极其淡定的杀人狂，《恐怖直播》里轰然倒塌活埋所有证据的决策者。这些上过国内微博热搜和朋友圈转发软文的电影，不仅有跌宕起伏的剧情，还有对掌权者深刻的控诉，更重要的是有一种无法得到答案的深深的无奈感。我认为正是这些点，赢得了我们这些被压在大城市底下的职员们，深深的共鸣。但恰恰，这也是我这几年不太想看韩国电影的原因。由于韩国在政坛波动的背景下，还放开了对电影拍摄题材和内容的限制，大量的此类题材的电影被推到了主流。这类的电影负能量太多，看多了会有点心累，也有一定的几率会想anti社会。所以，在预告片里看到的喜剧元素，还真是眼前一亮。
电影整个的观看的前期，是相当愉悦的，穷儿子和富家女的爱情，富家女对穷女儿的猜忌，富女主人被穷儿子霸气授课的魅爱，司机对穷女儿的心花荡漾，穷女儿对司机的内裤陷害，富男女主人对内裤的诡异探讨，富女主人和穷男主人的荡漾摸手。这应该创了最短时间内，铺垫三角，四角，五角，六角，七角，八角恋爱关系的记录。疯狂的满足了我们对此类复杂人物关系的猎奇性质的观赏，惊讶到合不拢嘴的时候，还笑着拍手叫好。仿佛出现了韩剧里面，朦胧而又复杂的恋爱关系的电影版。
而随着一场雨的爆发，电影画面也由暖变冷，整个推向了另一个极端。从一长段命运探讨的对话开始，然后是室内凶杀，最后是光天化日下的兽性爆发。最终，我看预告片时候担心的事情发生了，电影还是像近几年韩国的电影一样，再次进入了喘不过气的压抑，而且结局同样给出了一个死胡同的境地。
如果说按照经典的希腊悲剧的设置方法，造成绝境的每一个人动机都是善良的，人的本质应该是很难真正的善恶分明的，来分析这个电影，你就会发现这部剧的善恶极其的片面化，热热闹闹下隐藏了一个存在歧视的故事。电影选择以穷人家的视角进行深入刻画，富人一家只是行为发生的一种辅助。但从富人家庭为数不多的描写中可以发现，富人最为恶略的行为是，嫌弃住在地下的穷人臭。除此以外，夫妻感情和气，女儿有青春期爱慕老师的单纯，儿子有雨夜透露信息给保姆回家拿东西的天真，面对自己的财富女主人说也是老公做的VR运气好，生意还不错。对于生活方式的高级也没有刻意炫耀。而再看穷人的描写，从头至尾不仅在不断的欺骗，而且男主人最后还因为一时的敏感而杀了人。可以看出，在完成这个作品的时候，电影的创作者是把穷人当成一种问题来刻画的。这种偏见在一幕背景中，让我难易忍受。大雨过后，穷人到体育馆避难，主角在回复富人的邀请的时候，背景里有一群穷人在冲着台上的管理人员大喊大叫。在人物的设定上，穷人非常的片面，代表了恶的一方。富人也非常片面，一昧的傻白甜。所以，我把电影总结为一部商业包装精美，镜头摄影调度高级，可看性很高，但价值观非常片面的电影，更配不上什么现代社会史诗级悲剧的叫法。
电影所呈现的故事，已经脱离某种客观，呈现出了一种臆想的科幻感。如果不是片中的iphoneX，LG，三星提醒我这是一部发生在现在的电影，我一度以为这是像《阿丽塔》一样，富人在天上，穷人在地上的，未来贫富分化到极致的科幻题材电影。现实的世界，富人里难道就没有坏人，穷人里难道就没有好人。更有人说，富人里面好人的比例，就比穷人里面好人比例高，穷人更容易变坏这样的判断，有何数据支撑。贫富和善恶，是两个关联性并不高的属性，不应该草率的划上约等号。
但是，在观看网友评论和推广软文中，我发现大量的使用了，穷人的歧视，阶级是如何固化的，一夜暴富是不可能的，此类的非常吸引网友的标题。这种文章，一方面吸引了仇富者，释放了内心对财富的渴望的压力，甚至还可以臆想一番某日暴富以后买下豪宅，拯救父亲的梦想；另一方面也吸引了鄙穷者，讨论穷人是如何进入自我的循环，无法走出来的探讨。大家各自沉浸其中，再加以文艺片的深刻探讨人性的属性，看起来似乎是非常有深度。
这部电影的火，和韩国近几年电影在国内的火，我理解并不是因为电影质量高，和普世价值观的精彩。而是韩国影视从业者，内心的压抑和对贫富分化的愤慨，表达在作品中后，得到了同样压力大的国人的共鸣。而这种共鸣只是一种情绪的宣泄，并不具有普适性，也并不值得国际大奖给予青睐。
说起国人最敏感的话题，我认为贫富差距仍是我们心里最难以忘怀的一个。赚钱这件事，支撑了大部分国人的奋斗。可以说国家GDP增长速度有多快，国人希望变富的劲儿就有多高。甚至享受生活，不奋斗，不加班都被视为一种问题，需要解决。但是变富的途径，并不是像老师和教科书里写的是靠一步一步走上去的。在我的理解中，富人和穷人差距的原因在于信息不对等。信息可以包含书本，可以包含教程，可以包含经商信息，而电影中最开头的穷人俩孩子在找wifi信号就可以看出，他们能获得的信息是极其闭塞的。而穷人的儿子搜到wifi以后，找到的披萨盒高效包装的视频，正是一种教育信息。穷人的男主人，利用这个信息很快的学会了如何提高自己的生产效率。而此时门外的儿子正处心积虑的去糊弄一个披萨店的工作职位。父亲学习手机上的视频这个画面，对于推动剧情并没有很大作用，但刻意安排进来却起到了微妙的效果。包括之后的儿子去面试前矛盾的安慰，家人豪宅喝酒时候感觉被侮辱了揪起老婆的尴尬，父亲的这个角色其实是可以变得比较立体的，但最后这些铺垫，却被引导到了捅下一刀的动机。也留给国宝级男演员宋康昊发挥的空间极其的少，大量的剧情推动类表演充斥着电影的全部，真正有韵味的表演则一次次草草带过。电影主题上，对贫富的探讨，也浅尝辄止，沦为了剧情的工具。包括结尾穷儿子幻想买下豪宅也是，喜欢做白日梦，行动能力弱的人，确实是容易被竞争淘汰。但并没有充分的跟贫穷进行剧情上的衔接，只是把这种特质沦为了剧情走向的一种探讨。更像是编剧某一稿没写完的解决，被仓促的拍了进来，后期剪辑的时候又舍不得删掉。
对电影进行了这么多吐槽的我，其实也并不是一个对阶级和对钱没有欲望的人。只是这部电影能打动的是，七年前那个刚入职场，对金钱概念还不成熟的我。现在我可能处于的是，意识到了自己能力、资本、获取信息的极限，也就暂时安然的一种状态。电影《华尔街：金钱永不眠》里年长的交易师告诉自己的女婿，在华尔街工作的人眼里都有一个数字，他存在的意义就是在达到这个数字的时候，我们停止工作去享受生活。对于金融交易工作的机械重复，和对数字的增减判断，与高楼大厦里冒着生命危险搬砖的民工，工作重复的特点上其实并不差别。枯燥的操作并不能带来生活的价值和意义。那自己心中那个数字就非常重要了，这是一个可以让自己安然自得，而不是废寝忘食拼命打工的数字。
纪录片《7up》系列里，跟踪了十几位小孩子将近半个世纪，到他们老年的时候。我们回顾这几个不同阶层的孩子，可以看到继承父亲豪宅和财产的安德鲁，人生并没有多么精彩；教师家庭的查尔斯，最终变成了流浪汉，又靠自己的贫嘴成为了斗嘴的政客；穷到把自己卖给驯马师的汤尼，最终靠做司机，买了豪宅，却失败子女的教育。不同的阶层，并没有给他们人生的精彩程度带来多大的幸福感。我曾经非常喜欢唯物的观点，任何现象都应该有个具象的原因，甚至用权重打分来判断要下一份工作选哪个？但现在我更倾向于唯心的，再多数据指导，最终选择的可能是一个灵机一动的临时判断。计算出最有前途的工作，变成了找一个还算信任自己的领导，和一份性价比不错的工资。衡量世界的尺度不是数据，而是你心里认为的多与少。
所以回到标题《阶层限制不是原罪，贪心才是》才是很多人把自身处于非常难受境地的原因。电影的故事传达出的观点：“贫穷这个阶级，导致了穷人的傻和罪恶，富人这个阶级，滋养了富人的单纯和善良”，并以此延伸和创作的故事，我非常难以接受。真正让人做出出格事情的原因并不是穷和富，而是一个人内心衡量持戒的尺度，如果始终认为自己需要更多，这就是贪心。富人的贪心并不一定比穷人少。认识到自己能力的极限，才不会盲目相信鸡汤，也不会盲目的制定目标，也不会步子迈太大，扯到×。不急不贪，才不会想着走捷径去成功。",2,https://movie.douban.com/review/10426266/
Parasite,刻意而为的故事、刻意而为的表演，矛盾冲突极为做作，为了冲突而冲突。强行把穷人和富人放到对立面，人物脸谱化、符号化，目的就是为了制造一种撕裂感，问题是社会并不是二元化的，当冲突不成立则故事无说服力，片尾甚至连基本逻辑都不要了，或许在导演的眼里这个世界就是这么癫狂吧……………（剧情细节就懒得讨论了，槽点太多下不了口）,2,https://movie.douban.com/review/10422028/
Parasite,"说实话，暂停了三次，才硬着头皮看完了这部电影
第一次，基宇和富家女儿kiss
第二次，野营雨夜，基泽一家在豪宅里狂欢，前保姆来敲门
第三次，多颂生日派对之前
三次暂停并非刻意，是真的因为心理上的不适而自觉的暂停 。
很多影迷对韩国电影推崇备至，早些年被按头看了《杀人回忆》，的确被震撼，毕竟当时还处在沉迷韩剧的年龄。大学的韩国电影课一部又一部的类型片，冲击力很强，每一部都紧张精彩，但又让人崩溃。
《寄生虫》又是高举奉俊昊、宋康昊两面大旗，国家级的电影人物，加上金棕榈奖，一水儿高明精湛的评论大肆褒奖，贼专业。
可惜，盛名太过，其实难负。
先说人物。电影的三组人物，主角一家、富人一家、前保姆一家，看似人员众多，但其实可以简单直接地分为两大阵营：穷人和富人，或者，“寄生”和“被寄生”。
这是他们最鲜明的标签，可是，从人物塑造上来看却是桎梏。不难发现，主角一家、前保姆一家的“寄生”阵营，人物性格、心理、情感、欲望几乎没有区别，统一输出为“寄生虫”，有一点自私，有很多隐忍，因为缺少向上“攀爬”的渠道和能力，只能靠欺骗来投机取巧、趋炎附势，如此苟活而已。
富人同理，被“寄生”的一家比“穷人”的人物形象更加模糊，单纯、无脑，修炼来的素质和教养，隐藏起来的自私和势利。
或许是为了突出“寄生”和“被寄生”的概念，编剧特别做了“标签化”的人物处理，个别性格描述稍见端倪，但很大程度上牺牲了应该更为生动丰富的人物形象。每个人都有一些简单的背景交代，但每个人都没有“故事”。也因此很难产生共情。
人物关系也是，过于单一和虚化。三组人物，内部关系相当“稳定”，没有亲疏远近，没有紧张、冲突，没有交流、碰撞。外部关系也过于“社会化”，或者说成是很多影评中表述的“阶级矛盾”、“贫富差异”，富人爸爸嫌弃基泽身上地下室的味道，“穷人味儿”；另一组人物关系是主角一家和前保姆一家为了生存而揭发、阻止揭发。
作为影响叙事发展的两大关键矛盾，尤其是穷人与富人之间的，人物关系的矛盾张力显然不够，有气无力，也造成了叙事逻辑的脆弱，经不起推敲。
拿出去年的《小偷家族》对比，同样是金棕榈奖作品，同样是对社会底层人群生活状态的表达，每一个人物都有自己的故事，同时又在“故事”里共生。这里的“故事”即是由人物性格、人物关系、人物经历来共同形成的。
有影评把这些单一化、标签化的处理归类为“高概念电影”，简化人物、人物关系来突出“寄生虫”的概念。不知这是影评人从创作者那里得知的创作初衷，还是事后诸葛亮，把缺陷强说成“类型”。
说回看电影时的三次暂停，现在统观整部电影，其实是三个重要的叙事转折点，也是三次“崩坏”。
基宇和富家女儿的kiss，前文叙事没有铺垫，人物没有动机，一个场景里的三两句话之后直接kiss。虽然后面基宇说出了“动机”，想成为富人家的女婿。显然基宇在异想天开，他也可能只是想占一个小便宜。
而且从整体来看，成为女婿的说法也是缺乏逻辑的。毕竟俘获一个少女、晋升为女婿这个上升渠道，需要更全面的筹划，kiss很唐突，风险也很大，一招不慎满盘皆输，一家子都不能“寄生”了，并且之后基宇也没有任何其他行动了。
基宇和富家女这条叙事线缺乏存在的合理性，在整部电影叙事中也并没有发挥任何作用，不明所以。为了戏剧性而不顾逻辑，这是基宇第一次在“崩坏”的边缘试探。
第二次“崩坏”，富人外出野营那一夜，明明基泽一家人都躲在富人家里，忠淑却让前保姆进门。WHY？这个动作显然不合常理，再一次为了制造冲突、揭开另一个叙事线而不顾逻辑。
或者也是这个行为让前保姆说，“忠淑姐本来是个好人”。但是真的很刻意了。
从前保姆进门的那一刻，整部电影就开始全面“崩坏”了，编剧为了完成结局而刻意升级矛盾，寄生虫们集体进入癫狂模式。基泽一家三人躲在茶几底下，富人夫妇在紧邻的沙发上互相爱抚，却没有发现异常，刻意升级了“穷人味”的矛盾。其实之前所有关于“穷人味”的铺垫和表现，都显得很刻意。直到影片最后矛盾的爆发，富人爸爸还在嫌弃“穷人味”，最终导致了基泽的刺杀。
如果不是只剩下最后几分钟，这里又要暂停了，哭。“穷人味”的表现再次十分刻意，富人爸爸在发生命案、儿子等着车钥匙去医院的时候，是不是还有心思去捏着鼻子嫌弃“穷人味”，这种“嫌弃”的矛盾等级够不够“能量”促成基泽的冲动刺杀？尤其在自己女儿濒死的情况下。
或许是已经先入为主的把它期待成了一部“现实主义”电影，才造成了观影时的不适和失望，其实不管什么类型、什么风格、什么主义，失去故事内核的电影，终究只是一个空壳。《寄生虫》更像是一个充满戏虐和荒诞的小品，这或许是对人物扁平、叙事失序的尚佳解释吧。
最后，关于主题，或者创作者想借由电影表达的思考，有一点想说。
趁主人外出占据豪宅的时候，基泽一家围坐在客厅茶几前，忠淑有一句台词成了“名言”——因为有钱所以善良。
很多人把这句话当成电影里的警世箴言。绝对不是。这只是穷人为自己的“不善良”推脱的借口，穷和富绝对不是区分善或恶的标准，我相信这也不是《寄生虫》创作团队想要表达的想法。
甚至，我不愿用所谓的善良或是罪恶来评判基泽一家，因为摆在他们面前的，首先是生存，道德只能后置。
以上，为了硬着头皮看完的电影写的碎碎念的纪念。",2,https://movie.douban.com/review/10421571/
Parasite,奔着高评价去的，而且是网站资源看完的……看完觉得真的是一部烂片，怎么还会得奖？这个剧情就是荒谬，突兀的。人设的涉立也不符合常理……整体观影感受让我心里十分沉郁，很压抑的一部片子。不是觉得穷人一家子有多难，生活有多窘迫而感到难受，是反而给了他们一个机会，却想要很多，贪得无厌，还懒……整个剧最生气的两个点，一是穷人一家打进富人家里后，居然撑着雇主一家外出，心安理得把富人家当自家，躺着晒太阳，还喝酒……二是，穷父亲一整个剧都很让人讨厌，懦弱无能，居然在后面把男主人杀了？！还没有被抓，导演居然还给了他们家团聚的机会……真的太多槽点了，不是一部让人称赞的好电影，观影感受不佳，不推荐，别再给高分了！,2,https://movie.douban.com/review/10418815/
Parasite,"看完太难受了，导演简直是在为中产阶级正名。两家贫民，金家和保姆一家都仰仗富人的钱活着，保姆老公甚至寄在朴家地下室，而金爸爸最终为逃罪也不代表寄生在地下室，全片金家不断欺骗天真无辜的朴家。
电影的拍摄技术没有问题，贫富对比，画面的平行，比如一家人躲在桌子底下的画面与小孩子在外面搭帐篷爸爸妈妈在沙发上的画面，大雨淹没贫民窟与朴家人醒来后雨过天晴准备办生日party的强烈对比，一明一暗，呼应两家人内心的明暗。
表面上看导演是在同情失业的贫民窟群体的处境，但往深处看，电影想表达的是，贫民窟的人永远也妄想觊觎小资世界。影片一开始就是一位家境较好的大学生，男主基宇的朋友呵斥想做金家窗户旁边撒尿的人，这家人带着崇拜的目光在底下看着他。大学生给这家饭都吃不上的家庭送来一块盆栽石头，说会带来财运和考运，其实对这家人一点用都没有，这就是富人对穷人居高临下的毫无用处的施舍罢了。而基宇家里淹没后，只抱着那块石头出来，他说是石头粘着他，实则是他内心太想脱离这种生活，过上金家那样的生活。哪怕在剧末，他也想着通过读书，赚钱来买回那栋房子，一家人在阳光下过上小资生活。但贫民只能永远在地下，在暗处活着，在明处只能偷偷摸摸，阶级是不可僭越的，即使考上首尔大学，那么他的出身，他的犯罪记录，难道就能让他未来平步青云么？不过是一场白日梦罢了，梦醒了，他和妈妈依然住在地下。
导演没有同情底层人民，反而将底层群众的贪得无厌，自私自利，毫无人性，暴躁易怒，易反社会的心理刻画得淋漓尽致。金家一家人不断欺骗朴家人以获取自己的利益，甚至不惜伤害自己的同类底层人物-保姆和司机，不管不顾他们失业后会如何。儿子甚至想登堂入室，未来娶朴家还在高中的女儿，观众看到这一幕恐怕除了厌恶，不会用丝毫同情之心吧，因为基宇的朋友让他来此家教的前提就是因为他认为基宇不会对多慧有所企图，基宇却一开始就背叛了自己的好朋友，好兄弟，那个同情他，为他介绍工作的人。反观朴家人，他们是那么单纯无辜，那么天真无邪，除了最后多颂晕倒时，爸爸妈妈和其他客人不顾流血不止的基婷，反而急着送儿子去医院，这一幕刻画了富人阶层的自私自利，其他场景皆是反映这家人多么心地善良，帮助了贫穷的金家人，而金家人却一直欺骗他们。影片让我印象最深刻的一位寄生虫是前保姆的老公，他至死都在感激朴社长无意之中供了他的吃住，他意识不到导致他现状的根源是剥削他，让他失业的社会顶层，反而将仇恨的魔爪伸向自己的同类人。
这不是个贫民窟的悲剧，而是中产阶级的悲剧，他们对穷人的善意为自己带来了无尽的祸患和危险，他们对地铁的味道的厌恶尽管令人讨厌，但他们终究是无辜的，没有任何过错，错的都是那些贫民窟里的人，那些因贫穷，因自私自利和因所谓的自尊而忍受不了富人厌恶，理所应当犯罪的穷人。",2,https://movie.douban.com/review/10417055/
Parasite,"如果不是看着8.8清一水的好评，期待着后面莫非有什么神寓意神反转，早就关了...
都说是个很好的批判电影，可批判了什么？
上层靠剥削使底层人民无以为生，只能靠争夺着吸食上层剩下的边角料过活，好像就这了...
底层的不容易？资本家的无脑与虚伪？既没有表达出这种矛盾所产生的根源，甚至矛盾是怎样的产生的都表达不清晰。仅有的那点立意也是肤浅的不能再肤浅，还不如葫芦小金刚闯关来的深刻。人物脸谱化严重，就差在脑门上直接写大字了：主妇（蠢），女儿（骗），儿子（奸），父亲（滑）......所有人物为了剧情推进全部按部就班的走无脑流程。
至于故事性，就更没法儿看了。
完全把荼毒国人多年的“高手在民间”这一套又拿了出来，所有需要扎实功底才能解决的问题都可以靠底层的小聪明甚至市侩顺利摆平：摸个脉就能撩起一个富家女的芳心，不良少女秒变良师益友......现在国内十八线青春片敢这么拍口碑票房也会双扑街好不好？？？
打四星五星的人，你们没看过之前的韩国电影么？很有意思的是，对于很多十分优秀的电影，大家就开启“大家来找茬”模式，生怕叫好显得自己俗；反而对于一般却获奖的片子，就纷纷开启高考“阅读理解”模式，无所不用其极的夸赞导演每个镜头的所谓深意，生怕别人觉得自己不懂电影。
韩国电影，就是深刻！就是牛逼！就是好！",2,https://movie.douban.com/review/10417037/
Parasite,"这部电影并没有大家吹的那么牛逼！
真要研究细节起来，漏洞百出。
前半段，只要有点正常逻辑思维的都知道故事的发展线路。
而唯一不错的就是编剧独辟蹊径，别出心裁的创意点子。
这个世界-每个人内心或多或少都有一点阴暗面。
不得不承认它反应了整个社会很多人的暗室欺心，私心一面。
但同时它也反应了很多“钱多人傻”的土犳子。
这也是本剧中一个大的BUG，比例并没那么高。
真要字斟句酌的推敲，很多亮点反而站不住脚。
从重点上来说，它想表现的深度又还不够。
如按剧情的发展……其实可以分为三个阶段。
这部剧就更加延续……深得够让人压抑揪心……。
但，它并没有！
结局缓和了……也是一大败笔。
玩深的剧情就应该……
从保姆再次回来……进入地下通道开始……
其实另一版结局比这更加震撼！
这样的结局反而让人不间不界的！",2,https://movie.douban.com/review/10413534/
Parasite,"整个电影太刻意了，富人就是傻白甜，穷人就是狡猾贪婪，以贫富划分善恶未必太武断了，又回到了贫穷就是穷人原罪的问题了吗？
富人的仁慈大多建立在良好的经济基础之上的，从小成长在宽松自由的环境，因而更容易相信他人，而穷人常常因为资源、信息极度匮乏，底层的尔虞我诈而穷凶极恶，而非生来如此。因为教育的匮乏，穷人往往会做蠢事甚至坏事而不自知，看看以前农村犯罪率就知道，而随着生活水平的提高，富裕的环境会让人的心态也更加放松更有同理心，所以才有古人云“禀仓足而知礼节，衣食足而知荣辱”，也就是马克思说的“经济基础决定上层建筑”。
剧情各种生硬的让整个一家人都顺利进入富人家里就更不用说了，而电影处处透露着对穷人的批判和丑化，就如同对着一个残疾人骂他“一个不健全的人就不配活着”，穷人是需要帮助的而不是去批判他为什么不努力，让一个生在绝望的人努力就如同让一条搁浅的鱼继续活着，正因如此，我国才会大力的精准扶贫，开发贫困山区成为旅游区，引进产业，提升穷人的教育资源，规定一些私人学校的价格上限，虽然做不到完全平均教育资源但至少降低了教育的门槛，那才是我们真正需要讨论的。
电影只告诉我们了结果，甚至只是一个截面，而忽视这种社会现象的成因，其深度完全撑不起一部戛纳的获奖影片，故事也基本就是一个三流剧本套进一个阶层话题的模子。",2,https://movie.douban.com/review/10411890/
Parasite,"影片在人物刻画上的不协调和别扭比比皆是，让人看得很不舒服。比如可以把计划安排得如此完美，却不考上大学；在大人物面前如此自信和从容却找不到工作；在被司机问“家在哪？”的时候，不是想着租个房子完善计划，而是冒险陷害司机；有钱人的智商一直不在线，是怎么挣到钱的？
影片在伏笔和暗示方面也做得不够好，比如小男孩发现三人都有“金司机的味道”，再比如最后提到女主人吸(毒)，我以为最后会以这个点来一个惊天逆转，结果却没有出现，也没有对这个伏笔的后续描写。反而过分强调“小家庭”内部的绝对团结和溺爱，使得整个人物的动机显得很不可靠。
许多人说这部电影在寓意阶级固化的问题，但是我全然看不出来。不能因为故事开始是底层人，故事结束依旧是底层人这一点，就肯定电影想表达阶级固化的观点。我最多只能看出一种循环，即“寄生虫”会一直存在。引申表达“底层人”这个社会阶级不会消亡，会一直存在。但是不能说底层人永远是底层人不得翻身。
影片在情绪把控上特别优秀，能够调动观众的情绪，吸引观众跟着剧情走下去。但是总得来说瑜不揜瑕 ：寓意表达上不明显；人物动机不可靠；暗示不充分；伏笔没收全。在我眼里算不上是一部合格的电影作品。如果真心想看有着想表达“社会阶级固化”观点的电影，我觉得柯南剧场版《贝克街的亡灵》是一个老少咸宜的选择。",2,https://movie.douban.com/review/10407434/
Parasite,"這戲真的過喻了，尤其前1/3誇張得看不下去。
如果那家人真的這麼身懷絕技，又怎麼會全家失業又考不上大學？
妹妹到底如何降伏多松也是不用交代的，大概是掰不出來。
在金家裡的慵懶模樣，也看不出他們有多麼渴求一份工作，只有作作作作作作作作作作作作作作作作作作作作作作作作作作作作作作作作作作作作作作作作作作作作作作作作作作作作作作作作作作作作作作作作作作作作作作作作作作作作。",2,https://movie.douban.com/review/10406459/
Parasite,导演编剧似乎对富人有什么误解？影片对于富人的刻画苍白又刻板，是另一种形式的傻白甜，像影片里那种程度的有钱人请贴身家教司机管家一定要经过背景调查的好吗？至于穷人那边，除了辅导英文的儿子可能可以胜任外，其他的设定几乎不可能实现，你们知道要搞定一个十岁不到的小孩有多难吗？影片跳过了这个过程直接展示了结果就是小孩言听计从，好吧我勉强接受了。那大家知道当好一个老板的司机有多难吗？开车平稳只是最基本的要求，好的司机还需要精确预计路径和时间，帮老板跑腿接洽，每一步都在考验时间管理和待人接物能力。最后就是管家了，天知道当有钱人的管家有多难啊！你以为就切切水果煮煮饭啊？那么大的房子，有花园有庭院，还要照顾一家四口生活，别说一个人了，三个人都不可能完成！让富太太满意的管家至少要试五六个人才有可能找到合适的。退一万步说，假设那一家子穷人都是有能力胜任这些工作要求的，那他们就绝不可能找不到工作！这个剧情设定真的很反智，抱歉我看一半就看不下去了，如果后面剧情能合理解释我上面说的疑问麻烦提醒一下我。我再改分。,2,https://movie.douban.com/review/10405912/
Parasite,阶层在每一个社会体制中会存在，但是社会并不给我们机会去改变。自己家庭是那种水平就要接受现实，慢慢改变现状。男主家的人过去极端，懒惰，还有怂，无论做点什么事都能改变生活现状，反正我觉的他们就是想不劳而获，他们根本不能代表社会大部分人，还有就是我想说既然能当富人除非富二代，靠自己打拼的富人不可能有那么傻，狡猾还差不多，感觉这部电影就是为黑暗而黑暗拍的。,2,https://movie.douban.com/review/10405502/
Parasite,"看了三分之二，后面的三分之一跳着看，这是一部值得二刷的电影，不是因为好看，是因为不协调感，几个朋友看完都说有这个感觉，剧情的需要和主题的立意到处是矛盾。
矛盾一：导演要体现底层社会的艰苦，又赋予了他们这么多技能，英语扎实的儿子，设计优秀的女儿，开车稳如狗的老司机，家政技能点满的妈妈（不会做的菜8分钟学会，秀儿是你吗？），这些技能想找个稳定的工作，在韩国也许真的很难？但是，导演没打算细说，比如他们找工作然受挫，因为社会不公富人怎么样巴拉巴拉等等。缺少铺垫逻辑通不过，这只是其中一种不协调感。
矛盾二：人物动机只是为了剧情服务，比如女儿推荐爸爸，从台词设计上就很僵硬，因为女主人提到司机的年龄，女儿才能接过话题说老司机稳，这时不是应该女儿引导话题吗，显得是巧合而不是精心设计的。另外，韩国网络真的不发达？随便编的一个家政公司都不会上网查一下真伪口碑吗？还有男主人一家出去过生日了，就在豪宅里嗨起来，这不就像是趁着男人出差偷情吗，分分钟被发现好吗，本来前面已经给人感觉智商不低，突然来了一波智障操作，把前女佣人放进来（话说那个地下室不是可以从里面摇开的吗，不是回半夜跑出来找吃的吗，居然还能饿了一个礼拜？），这根本不是一个合格的佣人该做的，你们仨偷听还不小心摔倒了，还不小心说漏嘴了，一切都是命运石之门的安排？而且他们四个很怕威胁吗？不怕呀，地址都没留能找到你们吗，都是过错方，你老头子还把人家主人家小孩吓得不清，不是更可恶一点吗。
回到立意的问题，地下室一家四口并没有多可恶，因为他们是真的凭本事吃饭，也不是好吃懒做，只是没有合适的工作，只是接触到了上层人的生活有点飘飘然，有点小家子气，格局太小，豪宅男主人一家四口是可恶的有钱人吗，也不是，男主人没有说明他的钱是压榨下层人的血汗，女主人也很单纯，女儿也很普通，儿子刻画的笔墨少中规中矩，也就说过“那种气味”，说到“那种气味”，要说是隐喻穷人，最后也没有对立面也没有结局，就这么不了了之了。
所以这就是一部普通的韩国恐怖电影，类似的剧情我还看过一部也是韩国的恐怖电影《捉迷藏》，也是藏在主人家当寄生虫，比这个还要彻底，就是藏衣柜，等有一天摸透主人家情况了杀了自己取代，寄生虫想要深挖主题，结果挖了很多坑，一个都没填上，听说后面剧情急转直下，就像蝙蝠侠努力拯救了哥谭市，有一天走在路上一个花盆掉下来砸死了，真的是被喂了一大口屎。",2,https://movie.douban.com/review/10404235/
Parasite,"我看最细思极恐的就是现在一边倒的高评分。
还有部分高票为了抹黑富人不遗余力地脑补的样子。举例：有人说生日会上开进车库的车隐喻女主人私生活不检点？
你们就是不相信片中富人是好人的样子真的很可笑。
男主人闻得到有气味，你们说他有偏见。
那小男孩也闻得到气味啊，小男孩也对穷人有偏见？
闻得到气味是富人最大的罪，自己有气味还不准别人说了？
血腥味刺鼻捏一下鼻子很难理解吗？你就要杀人？？？哪个智商正常的人会在杀人现场还有心情嘲讽穷人啊？难道不该反省一下穷人过度敏感脆弱的玻璃心？
这难道不是个典型的农夫与蛇鸠占鹊巢的故事吗？
一边倒的歌颂？？？豆瓣评分8.9？？？
贫富差距已经能刺激到大部分人丧失基本的道德三观了？
歌颂什么？歌颂你家的司机保姆家教趁你不在跑到你家大吃大喝睡你的床看你的日记？歌颂你信任的家教勾引你的女儿？歌颂你信任的司机在你儿子的生日上反手一刀杀了你？
杀人不该偿命？最后的结局是什么鬼？杀人犯的儿子奋发图强买了他藏身的别墅，雇主的儿子却永远失去了爸爸。他犯了什么错呢？就因为他比杀人犯有钱。
因为贫富差距，就可以违法乱纪，就可以光明正大地仇富？
男主的工作是好友推荐的，在明知好友喜欢富家女儿的情况下依然毫不犹豫地勾引了她。这该不是贫富矛盾了吧？这说明这一家子都是骨子里的道德败坏。穷人里面的好人多了去了，可别败坏了我们穷人的名声。
“你不就失去了你的爸爸吗？我可是穷人呐！”
穷不是你们道德败坏的理由，富也不是你们随意拉踩的借口。任何阶级都有好人和坏人。
这样的电影根本不是批判现实，而是挑拨阶级矛盾，导演其心可诛。",2,https://movie.douban.com/review/10401528/
Parasite,"过度营销的电影，看起来很一般。
完全不符合生活常识。
一个穷苦人家怎么会懂画？
如果会那么牛的高智商骗术，怎么会住地下室？
过度营销的电影，看起来很一般。
完全不符合生活常识。
一个穷苦人家怎么会懂画？
如果会那么牛的高智商骗术，怎么会住地下室？
过度营销的电影，看起来很一般。
完全不符合生活常识。
一个穷苦人家怎么会懂画？
如果会那么牛的高智商骗术，怎么会住地下室？",2,https://movie.douban.com/review/10401116/
Parasite,"比较可惜的一部电影，距离神片一步之遥谬之千里，能称为神片的就是把讽刺从前到后，一直不间断，末尾高潮或者反转，这样的片有《危楼愚夫》，一直到最后主角被揍，楼塌没塌已经不重要。还有我非常喜欢的韩国电影《恐怖直播》……最后也没得到道歉。还把主角这个可怜主持人逼上绝路……
这部电影前面从穷苦一家如何努力如何继续贫穷，到攀上朴社长一家这个藤蔓往上爬最终一家人成功进驻朴社长一家，也就拥有垄断朴社长一家全部生活的能力……
看到这里我琢磨着我去《天才雷普利》翻版啊！完全可以继续这一家人通力合作，剧情的发展可以有三条路：1，渗透弄明白所有社长的人际关系和走向，这里还有个加分项，就是扒出社长勾结官员贪腐，从而映射出更大导致贫富差异的“寄生虫”，然后让社长来一次长期“休假”软禁全家在家，然后贫穷一家人继续维持社长的网络运作，架空社长成为新的社会寄生虫然后跟被软禁的社长一家长久而和睦的一起生活…… 2，继续移花接木，金司机在车上问出社长跟老婆不睦，然后管家老婆设计陷害傻白甜女主人，让自己女儿上位，一家人成功永久寄生！ 3，之前被挤走的那几个人也是一家人，一起蹿局最后把主角一家赶出去……（类似《偷自行车的人》）
然而……
剧情没有按照这三个路线任何一条发展……
从管家妈妈莫名其妙的放进面目狰狞的保姆开始，剧情走向变成了悬疑片……然后到当家教的儿子莫名其妙拿着石头去打开地下室，剧情走向变成了惊悚片……然后随着儿子出院，剧情走向又开始变成《老男孩》那样的文艺片………莫名其妙的保姆和她老公，莫名其妙的杀与被杀……莫名其妙的穷人味道，毁灭了这个电影前面辛苦铺设的好局！没有流浪汉的杀戮甚至这个人设，是不是这一家可以继续潜伏？朴社长被杀的莫名其妙，最后一家人穷困没改变还家破人亡，背上了罪名。格局是不是太小了？朴社长就是个无辜的富商，设计很扁平，没有任何错误就被杀了，金司机应该算个坏人，但最后又过的挺好还能有吃有喝……完全不懂为何这么设计了。
电影究竟想说明什么？1，反映社会问题？哪儿没有穷人？北京还有住井下的，太浅显了吧？2，贫富差距？社长这个地位肯定也努力过也是凭借智慧，这一家人老的老小的小，跟中年的朴社长不具备可比性。3，不要靠人推荐雇人否则家破人亡……这条说得通但是更多镜头是给行凶的这一家子，而且顶多拍成《孤儿怨》有啥深度可言？ 总之很可惜。本来想给四分，但考虑到太多满分好评，我这条应该算差评。主演我都很喜欢，尤其那个韩国赵又廷《火车》里也是倒霉蛋富豪，哈哈哈。给个两星警示一下吧！",2,https://movie.douban.com/review/10400819/
Parasite,"《寄生虫》我只给两星（满分五星）。立意明确，揭露贫富差距现实、讽刺富人阶层精致的利己主义。戏剧冲突十足，剧情推进看似是精心铺排，实则痕迹满满、全靠编剧一支笔。看了导演历来作品，这部在豆瓣居然是他的扛鼎之作了，有点过度营销。如果不是因为得奖和国内封禁，这部电影不会有这么高的热度和评分。
以下为吐槽：
1. 富人阶层女主人所谓的善良实际的智障真的具有普适性？家里两个小孩儿，小儿子还是有过心理阴影的情况下，还能够这么轻易的就将家里的各种雇佣关系换掉？
2. 就算女主人是真的蠢，这个精明的男主人也会一点防备 怀疑都没有？露营晚上回到家，满客厅酒味闻不到？沙发底下玻璃渣渣看不见？还能够直接在沙发上打炮？
3. 讽刺朝鲜的笑话是真的不好笑，所以这个导演就是依靠这种对于西方国家政治正确的做法来获得关注么？
4. 片子想要讽刺表达的主题我是真的没有通过影片感受到，贫富差距不是由如此戏剧性工整流水线的设计产物能够让人感受到，阶层分化也不是依靠丑化某一个阶层来表达和强化的。全片的设计在我看来真的是空中楼阁，看不出荒诞，看不出讽刺。
5. 最后的草场群戏看得我真的觉得乏味且无意义，导演太刻意太符号化的设计感真的毁坏了一个明明具有极强表现力的题材。
5. 我狭隘的想一下，这部电影高评分的背后，也许是很多人对于韩国电影的无条件热爱。
摊手，总体说来非常失望。",2,https://movie.douban.com/review/10395881/
Parasite,"并不觉得好。导演驾驭感（存在感）太强了，反而不够张弛有度，不自然。越是看起来天衣无缝，越是违和。阶级矛盾什么的，戾气重却未必给到了宣泄。洪水般推动剧情能掩盖逻辑漏洞，是因为观众思考的缝隙被挤压了。
而作为简化符号的气味，这又和其它简化符号，比如口号、标语有什么区别。或者说整个片子都在将问题符号化、简单化。解释权在掌权者手中，导演只不过营造了释给观众（过度）解读权的假象。",2,https://movie.douban.com/review/10395053/
Parasite,"第一次修改评分。戛纳获奖后的观影感受是，这好像是一部为了讨好评委的“教科书式”电影，没有多深刻。拿完奥斯卡后了解了一下制作方才明白，有钱真的可以为所欲为。制作方是CJ，CJ是韩国李家二代老大那一支，争夺三星失败后获得的产业，现在已经发展成韩国娱乐帝国的缔造者。一部拿着财阀的钱，拍讽刺富裕阶层的电影，赚取中产和平民阶层的名与利。现实的讽刺色彩比电影本身浓郁太多。
戛纳给商业片颁奖了，艺术片的生存之路会不会越走越窄？寄生虫是一部为得奖专门打造的电影，很怕高贵的评委看不懂，很多台词成为了故事走向的注释，用一些生硬的讽刺北朝鲜的段子迎合本国观众和西方主流意识。为了制造矛盾，剧情逻辑的漏洞宛如把韩剧的主角光环照搬进来。即使忽略前半段的所有逻辑漏洞，最后穷爸爸看见躺在血泊中的女儿，不是想着怎么送女儿去医院，而是关注富爸爸嫌弃“穷味”而导致情绪崩塌。杀完人后居然“忘记”了女儿，选择躲了起来。虽然前面穷妈妈已经为穷爸爸下过注解：如同蟑螂一般，灯一开就会躲起来。但导演想表达什么呢？宛如蟑螂的贫民连父女之爱都不懂？费尽心机制造矛盾，在人性上轻描淡写，就已经注定了这是一部商业片而不是艺术片。在人性讨论方面甚至比药神更单薄，看完之后让我对小偷家族又多了一份尊敬，没有刻意迎合评委和观众，用导演自己最熟悉和擅长的方式架构电影。",2,https://movie.douban.com/review/10392391/
Parasite,"不是所有的无逻辑、无条理都是艺术～
不是所有的抨击社会、政治正确都是深刻～
一家人都是市井小人，没有大恶～连醉汉在家门口小便都能忍的父亲，因为男主嫌弃自己身上的味道就持刀杀人～
儿子在一个莫名其妙的时间点下楼送人头～
妈妈莫名其妙的开了本可以不开的门～
从女儿脚下一滑开始，片子遍进入了烂片节奏～
全片节奏的混乱（单看前2/3还是不错的）、后期人物刻画的出离，都说明这部片子只能算是下乘～
居然还被各种捧臭脚……
就像片中孩子的画，恰恰能代表这部片子：看似抽象，实际上功力差太多～装懂的人（妈妈）都觉得是艺术～
上一部大奖捧上天，片子烂如屎的是奥斯卡的《海边的曼彻斯特》～",2,https://movie.douban.com/review/10391806/
Parasite,感觉是一部很幼稚的电影，真不明白是怎么得大奖的更不明白豆瓣分数这么高。很多情节逻辑都不通，想要揭露社会的贫富，反而感觉富人善良穷人狭隘。可能导演真正想要表达的就是影片中的一句台词:有钱才会善良！说实话影片真正吸引我让我从头看到尾的除了之前网络上的各种赞誉之外那就是那栋豪宅。那栋豪宅太赞了让我惊艳!,2,https://movie.douban.com/review/10390076/
Parasite,"寄生虫这部电影和那些上传搬砖民工灰色的脸以博取同情和流量的没什么不一样。专门拍社会的边角，不阴暗不拍。电影是个梦工厂，总让观众做噩梦，本来也没什么，观众是宽容的。
但既然是部讲故事的电影的逻辑合理是基础。
而这家人都是高智商诈骗犯。以他们的能力不可能穷到住地下室。这就是为穷而穷，导演必须让他们穷，不穷不足以让导演成为揭露社会矛盾和底层现状的勇者。另外富豪在聘用司机家政这些近身工作人员那么草率也非常离奇。
这些逻辑问题在揭露社会问题这样的光环下都被掩藏起来。毕竟导演已成为揭露社会阴暗面的电影斗士，谁敢说他的坏话啊？但作为一名花时间看电影的普通观众来说，面对这样一部逻辑硬伤的电影，还是要勇敢的发出一点微弱的声音：在成为伟大的揭露社会现实的导演之前，请先成为一位有逻辑的导演。在成为揭露社会现实的电影之前，请先逻辑成立。这是对电影和看电影的人的基本尊重。",2,https://movie.douban.com/review/10387483/
Parasite,"看完第一遍有些东西没看懂打算再看一遍但看到三分之二实在看不下去一切发现太顺利太假了
寄生的全过程太顺利了没有一点失误的漏洞百出，儿子是又朋友介绍这个还可以接下来是女儿也还算没有太大漏洞。但没学过心理学的怎么可能从绘画中发现问题，就算是小孩子第一见面也不会把自己有什么创伤说给别人吧况且她事先也不知道，她是怎么知道的我很好奇。第一次见面就啪啪啪而且不怀疑直接二话没说把司机解雇的老板真的不多见。
最后一个是妈妈，第一次过敏儿子从保姆身边过去才开始的没怀疑他？第二次女儿从保姆身边走过又过敏在屋子里就这两个人总不会没有察觉吧女主人回来上楼梯没有声音的吗？保姆不知道？之后一家人趁着主任出去露营在家里随便糟蹋这么有钱的人家连个摄像头都不装？这一家子心都真大呀，这不是单纯不单纯的问题这是蠢，但这家主任是个公司老总怎么连这点脑子都没有呢？",2,https://movie.douban.com/review/10385633/
Parasite,"先说个小插曲。“寄生虫”，当听到这个名字的时候，想到的会是什么呢？是不是很容易联想到恐怖片、血腥，灾难......；再看到这么高的评分，心理的第一个反应是不是“哇，神作啊！”。对于喜欢恐怖刺激这类、爱好电影的人来说，是不是很有诱惑力？而我呢，就是这么的，‘被骗去看的’。宝宝心理苦啊，又无处可说。对于不喜欢剧透，不喜欢看电影快进的我来说，这个真的是灾难性的。由于期望值过高，看这部电影，我竟然连简介都没看，就入坑了......
没错，我就是来这宣泄下我的不满的。还有这竟然是部剧情片。
首先：从电影讲故事方面来说，在我心中是部合格的电影。评4星没什么问题。毕竟有太多太多的烂片，好电影太少，好片难求。然后这部片顶着大导演，知名演员名头来的电影，也实在不会差到哪去。故事还算完整可以，演员演技在线（重点）。（ps：请参考那些5星好评的专业影评人。）
然后：我看完后，最大的感受是，这是一部三观不正的片？这份感觉要远远大于前面所说故事剧情。（评分：减2星。）穷人一家虚伪、造假、处处小心思。有钱人一家善良、有爱、对待穷人也没什么坏心思。但就是这样的善良的一家人，就要被所谓的穷人虚假耍的团团转？最后有钱人一家之主还被残忍杀害，他做错了什么？影片最后善良没有得到正义伸张；而虚伪却依然逍遥法外，还有计划的憧憬美好的一家人团圆地过富人生活？看完后简直毁我三观。（ps：请参考@作者：鲁君（来自豆瓣）来源：https://movie.douban.com/review/10383405/）
最后想说下：一部好的电影，除了欣赏娱乐价值外，我想它更应该具备普世的正确三观教育意义。而这一部电影故事讲的可以很精彩，但其中所表现出来的三观真不敢苟同。",2,https://movie.douban.com/review/10383890/
Parasite,#寄生虫# 盛名之下，必有狡诈。看片名，我的第一感觉会是第二部《寄生兽》，总以为跟科幻扯上关系。看完之后，非常一般，几乎没什么触动。仔细分析，这片完全是抄袭《小偷家族》呀！所以，片名应该叫《骗子家族》，简直就是如出一辙。《小偷》讲的是偷，反映的是素不相识的亲情。《骗子》讲的是骗，导演硬说是反映穷人与富人之间的阶级矛盾。之所以是硬说，因为实在太生硬了。人物基本立起来了，但是，杀人动机却漏洞百出。我实在搞不懂，宋康昊有什么理由会杀死雇主？除非他脑袋进水神经发作吧！百思不得其解。凶手死了，一切真相又石沉大海。这样不是很好吗？非要东窗事发，非要全城通缉，这样才能硬说贫富差距所带来的社会冲突？唉，不能自圆其说，就是无病呻吟了。PS：66分，正如《小偷家族》一样，这部电影的价值观也有问题。偷和骗，本来就不对。即使动机再无奈，从法律和道德角度而言，都应该受到谴责和惩罚的。电影可以高于生活，但不能为犯罪找任何借口。,2,https://movie.douban.com/review/10383626/
Parasite,"这是极端的个人感受，做不到客观公正，理性专业，我只是发泄自己的感受，各位极力推荐这部电影，又不喜差评的人，请斟酌之后阅读，以免引起不快。
首先，在看前半段的时候，我几乎就被这愚蠢的游戏激怒了。这家有钱人可真好骗，真容易被忽悠。似乎韩国的有钱人和穷人天然的没有生活上的鸿沟差距，从一个引荐的家庭教师开始，把这家的女主人蒙的简直像三岁小孩一样，一个考试答题要把握住整场的气势，不能乱了方寸，抓住小女生的手，讲的大言不惭啊，这点拙劣的表演，居然打动了女主人和小女生的心，从此认定他了。我不禁想问，韩国的有钱人大都是暴发户吗？这么白痴？一个四次重考不第的学生，冒充大学生上演这么一出毫无亮点的教师课，就首战告捷了？总之，我不能容忍自己接受这种侮辱我智商的表演，进行这种说理。接下来，妹妹更加了解有钱人心态似的，有过之无不及，态度骄傲，颐指气使，似乎就是上流阶级的通行标准，模仿到这个样子，也就及格了，再加上，背一背名词概念，讲几句没听过的专业名称，简单分析一些小男孩的画，就这样，再破一城。于是，接下来，在车里丢下内裤，然后又用蜜桃妙施一计，分别赶走司机和女佣，一家人成功占领了。其手段之卑劣，其用心之可鄙，观众有目共睹，这也是我为什么一直对他们一家人不抱有同情之感的理由，你们是穷，你们是苦，你们是可怜，可你们歹毒起来，那也真是无人能及。
中间从原主人一家去外出开始，由极盛转衰，渐渐地开始，剧情开始有了新的因素进来。女佣回来，这事就复杂了，豪宅暗藏玄机，地下室还有一个世界，没打开。两边争来夺取，互站碉堡，最后，这一家人略占上风。原主人回来了，这一波波涛汹涌暂且掩盖过去了。一家人回到家里，又对贫穷感到绝望和不满，很是不甘。房子被冲掉，住在了体育馆。然后，睡一觉醒来，父子对话又讲了点无所谓的人生道理，可是这只是蜻蜓点水，醒来了，就得继续演戏。于是不问是非，继续游戏。
于是进入本片的高潮。说句实话，我内心一直隐隐地想到昆汀的结尾，我暗想，如果我是导演，一定要用狠狠的暴力来收尾，就像权游还是西部世界里的那句话：这一切残暴的欢愉，必将以残暴收场。我在内心期待着这样的剧情转折，因为实在难以遏制内心的愤怒，这场卑劣可恨的闹剧，应当用这样的方式来收场。我几乎不能对任何一个角色泛起同情之心，我像是一个暴徒，恨不能走进电影里，结束这个可笑的游戏。果不其然，暴力来了，必须用另外一种力量来解决问题了，因为大量的造作，虚伪，无知，愚蠢，卑劣，阴险，狡诈，欺骗，谎言，掠夺已经无法处理了，于是开始杀，杀在此时就是真理，就是真正的解救和正义。女佣的丈夫冲出来，用那块盆景石砸向了凯文老师的脑袋，那颗脑袋该砸，也必须这么砸下去。他走出去，在草地上，冲到杰克老师的面前，将匕首刺进了她的胸口，接下来，开始混战。又短又快，鲜血喷溅，肉体终于停止了它的罪孽。似乎句号也由此将要划上。
但还不止于此，接下来，警方介入，现代社会的法律，医疗等等介入进来。似乎会有一个另外的结局，凯文老师装疯卖傻，暗自期待能挣钱买下这个豪宅，让一家人再过上好日子，让父亲能走出来，在阳光下，可惜，这些想法依然是愚蠢的，罪孽没有被认识，像阳光普照所要表达的那样，如果不能认识到方式手段的罪恶，一心只想达成自己的幸福，那太可耻了，影片最后，就这样结束了，依我之见，愚蠢至极，全片没有表露出来一个明确的导演的想法，似乎总在似是而非的观点里徘徊，一阵同情，一阵斥责，一阵又回归同情。我不喜欢这种扭捏作态的矫情，就算错，我也要错的彻底，错的彻头彻尾，可是这片子，像是夹生饭一样，不生不熟，不咸不淡，人物也没有真正的深度。韩国人模仿昆汀，你还差点，那股子劲，你还学不来。",2,https://movie.douban.com/review/12274142/
Parasite,"也没少看韩国的电影，可是我向来对它都不太感冒。虽然很多韩国电影发烧友说，韩国电影吊打整个亚洲，然而看看它们在国际的过奖记录，我只能报以轻蔑的微笑。获奖不能说明全部，但是至少能说明一部分的问题。
然而去年的这部《寄生虫》竟然一鼓作气的拿下了金棕榈。从那一刻起，我就对这部电影产生了浓厚的兴趣：韩国电影终于迎来了质量的改变？
《寄生虫》是韩国导演奉俊昊的作品。奉俊昊的作品，我之前看过两部，是《汉江怪物》跟《雪国列车》。这两部作品给我的印象就是，赞誉过多，言过其实。没想到今天看了这部金棕榈大作《寄生虫》，也依然改变我对他的印象。
我就以《寄生虫》为例子，简单说一下我对韩国电影的印象。
第一，不够深入。人物不够深入，故事不够深入，给观众带来的感受就是流于表面。比如《寄生虫》中，一开始金基宇一家被设定的是一家全部失业，没有收入，只能住在半地下室中的社会最底层的人物。
然而，导演却没有拍出来一家人正常的生活状态。(我怀疑导演压根就没有去底层体验过生活。)只拍了一段折披萨盒子的奇葩戏份(这不是贫穷人家生活的常态)。导演对贫穷生活挖掘的不深入，就会导致观众对这部分记忆不重，印象不深。到了后面跟富豪家庭环境对比的时候，就不会给人带来强烈的震撼。
贫穷的戏份，草草的结束了。几个演员压根就没有跟环境交融在一起。几个演员(演员大概也没有体验过生活。)身上没有底层生活的特质，也感觉不到底层生活的痕迹。(这里，我就比较佩服《秋菊打官司》里的巩俐了，人家站在电影里，完完全全就是一个地道的陕西妇女。)
我很久之前看过一个韩国的讲述慰安妇的电影。电影为了表明贫穷女孩最开始的纯真跟善良，竟然让她穿着干净的衣服，或者整洁的妆容在山野里采花跳舞。为了表明父母对她的疼爱，竟然说她十五六岁了还没干过活。我真的想问导演，你真有一点常识吗？你真的的做过调查吗？你做过研究吗？穷人家的女孩哪有干净的衣服穿？穷人家的女孩十五六岁还没干过活？《我的父亲母亲》里，章子怡虽然穿着朴素的衣服，头发也有点脏，脸又红又干燥(这才是真正的农村女孩)，可是我觉得她非常的美。
韩国所有电影里，不分阶层，不管贫穷，不论什么场合，几乎所有的人都是穿着崭新漂亮的衣服，画着精致的妆容。
第二，流于浮面。这部电影的主旨大概是讲贫富对立的。然而，电影却没有深入的挖掘贫穷的原因，富有的原因，以及贫富对立的原因。所以电影就只是拍摄了贫(拍的还不好)与富，流于浮面。
导演如果想表现贫富对立，那么你至少要解释一下贫富对立的原因吧。比如，贫穷的人为什么贫穷？富有的人为什么富有？富有的人在积累财产的时候是不是压迫了贫穷？贫穷的人是不是受了富有人的压迫，所以才不能富有？
电影关于这所有，通通都没有解释。所以最后的结果就是，你贫穷，你就是贫穷。为什么？不知道！你富有，你就是富有，为什么？不清楚。
整个电影的主旨就是无根之木，无源之水。整个电影的批判，也就只能流于浮面。
很多被国内网友吹上天的韩国电影，大多都有这个问题。电影里，这个政客就是坏！他必须坏！他必须要做坏事！他必须要害主角！至于他为什么要做坏事，为了什么利益要做坏事，往往都不讲。(这是我不喜欢韩国电影的主要原因。)
第三，逻辑有问题。很多编剧在故事写不下去的时候，逻辑讲不通的时候，都喜欢安放一个蠢瓜。反正蠢瓜不讲逻辑嘛，怎么做都有理。于是，这部剧中直接给了N个蠢瓜！(从侧面也可以说明，这部电影的逻辑究竟有多么的不合理。)
第一个蠢瓜就是那个要留学的赫宰。自己要留学了，竟然把女朋友留给了基宇。你不了解基宇的为人？你不会介绍一个女同学？
第二个蠢瓜就是多惠。你男朋友才刚走没两天吧，你就又爱上了别的男人？
第三个蠢瓜就是莲乔。剧中大部分蠢事，都是她做的。比如轻信金基泽的话，私下辞退女佣人。(肺结核是很严重的传染病！如果我家的保姆疑似有这个病，我一定会拉着全家以及保姆去体检。)
第四个蠢瓜，就是朴社长。司机不应该是自己的心腹吗？随随便便就相信别人的话。别人随便给了个名片你就相信了，你都不会谷歌调查一下么？
此外，这个豪宅居然没有内部的监控？贵妇人竟然找不到个保姆(韩国没有家政公司)？富豪招司机之前竟然不调查？最后，韩国的有钱人都这么的弱智？他们做生意不会被人骗？
整体而言，这个片子是我最不喜欢的一种类型。两个字形容，就是暧昧。五个字形容就是两头靠不住。你说它是个文艺片吧，深度不够。你说他是个商业片吧，商业元素不足，看着不爽。
这个片子虽然有瑕疵，但是也算是个及格的电影(至少故事圆住了)。不过鉴于虚高的评分，我就降了一颗星。
讲几个电影中的bug吧。。
片中儿子决定拿着石头杀了地下室的两个人。。结果到了地下室后却手滑把石头给弄掉了。。
与此类似的还有，男主一家人悄悄的跟踪前任的保姆到了地下室，关键的时候一家人竟然脚滑了。。
男主一家折叠披萨盒只是一份收到的临时工。。然而电影一开始他家就摆着一堆披萨盒(这时候，他们还没接到这个工作呢)，。后面男主家里的这一堆披萨盒也一直都在(这时候，他们已经交接了工作)。。。只能说导演不够用心。。
还有，他们家的半地下室到底有几间房？从电影里看好像还挺大的(穷人真的租得起这么大的房子？)，他们一家是怎么睡觉的？他们一家是怎么上厕所的？(他们家的马桶是在一个台子上，马桶前面就应该隔一个帘子！不然上厕所的时候，全家人不都看到了？)他们是怎么用水洗澡洗衣服的？(这点片中完全没展现)。。。只能说导演，演员，道具对贫穷人的生活了解不足。。",2,https://movie.douban.com/review/10381715/
Parasite,有五年以上没用豆瓣了，最近听同事说跟着评分看。今天看了这部超高分的，我只能说现在商业化气息太浓了，不知是豆瓣为了盈利配合发行商还是现在的这代人和我们这代欣赏角度有很大不同。和十年前的韩国电影春逝比起来，这电影毫无内容，全是凑巧情节拼凑在一块，和当年那在竹林里听着风的嗦嗦声，青涩男孩在纯真爱情里的稚嫩比起来，这电影浪费了时间。,2,https://movie.douban.com/review/10393133/
Parasite,"《寄生虫》和《小丑》相继捧获大奖说明了目前的西方电影人对电影毫无鉴赏力，而这两部电影的导演也许根本就不知道电影是什么。
主题先行的政治电影似乎很受戛纳追捧。除《寄生虫》之外，与它相似的《四月三周两天》和《我是布莱克》都获得了金棕榈。但与上述的两部文艺流的主题电影不同，《寄生虫》则运用商业电影技巧而使得这部主题电影在各方面都更为极端。
主题先行为什么不好？因为这是对生活的扼杀。在这类电影中，我们看到的不是自由的生活和血肉丰满的人物，而是干巴巴的教条和对政治话题的煽动。《寄生虫》则不止于此。在这部电影中，巧合和反转营造的悬念张力吸引着观众的眼球，使他们醉心于情节的狂飙突进。人物则成为生硬的阶级符号，像齿轮似的机械般地推动情节发展。干瘪的人物、情节和主题使这部电影变成了赤裸裸的政治宣传手册，生活的自由和生命的想象在此毫无立足之地。
《寄生虫》甚至还狂揽了奥斯卡大奖，这或许是此类漫威式电影垃圾的最大胜利。",2,https://movie.douban.com/review/12679738/
