title,comment,rating
A Beautiful Mind,"This guy, Nash, going to an ivy league school should have been able to research possible causes of psychosis/delirium. Could he not suspect heavy metals such as lead, with his extensive training? The doctors refuse to detox patients? How hard is it for people to understand lead poisoning and the dangers of heavy metals? The doctors could have used heavy metal chelation. They could do it for the navy in the 1960's but for regular people no? Mr Nash should have had proper treatment, instead of them leaving him sick and calling it an awful illness. Then, glamorizing it as a Hollywood spectacle. Come on help these poor people.",1
A Beautiful Mind,"This movie has a little bit of everything- creativity, romance, a love that truly is for better or for worse, suspense, action, and taste. I have to admit- before this movie, I was never really a Russell Crowe fan, due in part to his reputation for being arrogant and obnoxious. I really went to see the movie because Jennifer Connelly and I are the same age and I grew up seeing her face in Sears' catalogs, never having seen any of her acting performances. But when I saw Russell and the enormity of acting talent he put forth in this movie, I was completely blown away. How wrong I was for opinionating myself and using my opinion to decide whether or not I would see any of his movies. This movie impressed me so much that I went out and rented all the Russell Crowe movies available to me, and all I can say is: Boy have I missed out through the years. His true personality radiates in every character he plays, and he was surely the right choice for the lead in ""A Beautiful Mind"". Jennifer Connelly was outstanding as Alicia Nash, and together, her and Russell were a ""Beautiful Pair"". Paul Bettany was also great. I would definitely recommend this movie to anyone in any age group, due in large part to the message it conveys- a beautiful mind, a mind that can appreciate the deeper things that most of us can't, can be a troubled one, and those closest to that""beautiful mind"" should never give up hope and keep close in mind the important things in life- compassion, long-suffering, and most of all: L-O-V-E.

9/10

2001 136 minutes Rated: PG-13 CC.",1
A Beautiful Mind,"Personally it leaves me gagging, if a movie begs for an Oscar as horribly as A BEAUTIFUL MIND does. But what makes me gag even more is that this movie is actually lying about its troubled ""hero"": In a biographic movie like this it is unacceptable to just drop or alter facts like the main character being antisemitic etc., just because it doesn't come in handy for an Academy Award.",1
A Beautiful Mind,"Another highly over-rated Hollywood film for which half the budget was spent on Marketing and the purchase of Oscars for the ""Actors"".

A fictional and very boring story about a a socially and mentally challenged mathematician who wins the Nobel prize for his Economic postulations which were of little consequence in History. The most over-rated so called Actor of contemporary History, Russell Crowe plays John Nash whilst the his doting Girlfriend and then wife is played by Jennifer Connelly.

Russel Crowe has the usual two facial expressions of arrogant and conceited throughout the film along with his monotone mumbling voice.

This film is poorly directed and drags on like a midday TV soapy about someone who is a misunderstood genius for some strange and confusing reason. Possibly all that study and a closed and unexposed wealthy upbringing brought about this strange anti-social behaviour which is interpreted as some type of mental illness as in that other highly over-rated fictional biography ""Shine"".

This film and Shine prove that Oscars can be bought.",1
A Beautiful Mind,"I just couldn't get into this movie. It was interesting up until the true meaning of the film was revealed. After that, I just sat there bored out of my mind. I couldn't get past the actor's forced accents. Almost as bad as Kevin Costner in ""13 Days"". Ack! Mindless drivel. Probably will get all the Oscar noms, tho. The Academy usually goes ga-ga over this kind of film. I rate it 1/47 of one star out of a possible 7.5.",1
A Beautiful Mind,"I got dragged to this piece of dreck on January 1, 2001. It was a stultifying waste of part of the first day of the new century, and cemented my opinion of Russell Crowe. The only thing more wooden than him are the frames of the windows marked up for this bad dream of a flick.",1
A Beautiful Mind,"*A Beautiful Mind*

I saw a Beautiful Mind a few months ago and disliked it very much. There are some movies that can be long and have a reason to be (ie. The Godfather), but this movie could have been an hour shorter. I heard reviews saying it would 'change the way you look at the world.' That is insane! I saw this movie and forgot about it until it started to sweep the Academy Awards.

Russell Crowe gives a terrible unbelievable performance! I have always thought Crowe was a good actor but the fact he was a shoe-in for best actor... It's obvious the Academy cares more about the production than the performances. Jennifer Connelly won best supporting actress. It's a shame because she wasn't a SUPPORTING actress, she was lead. And as for her performance, it was so-so. Nothing special to it.

Besides not deserving best picture and best supporting actress it also did NOT deserve best director. Ron Howard should have given his nomination to Baz Luhrman. Ridley Scott did a fantastic job recreating a war. Baz Luhrman imagined Moulin Rouge. Peter Finch took us on an trip I can't explain to you. I think every director nominated for 2001 desereved more than Ron Howard, who simply gave us a boring movie with a big name star.

In the end A Beautiful Mind will go down as a weak pick for best picture (A beautiful mind over Memento... please).

*2/10*",1
A Beautiful Mind,Am I the only the only one who cant see the logic behind this movie or is this movie plain dumb? If this movie is based on a real life experience(I believe it is) then the movie producers have done a pathetic job of portraying it. Waste of my money.,1
A Beautiful Mind,"Toxic movies that I hate forever I really believe that films like this harm not only the cinema but also our world

After watching this movie, I had nausea with the noble knowledge of mathematics. Russell Crowe and Jennifer Connelly were the worst choices for these roles. This movie can't even make proper use of its very flawed script. A child's game in the world of politics and scientists. Everything in it seems too artificial.

There is no positive point in this picture except an incomplete explain of a messy story. The ending of the film is awful and tries to deceive the audience. As the opening of the film is more awful and we don't know what kind of person we are facing. In my opinion, if Russell Crowe did not act in the movie and only read the dialogues, the result would be much, much better. At least we saw a human mathematician.

I have seen his American Gangster Phil. It was very good there. Nothing is received from him here. A biographical documentary is even more beautiful...",1
A Beautiful Mind,"After sleeping through such over-rated tripe such as ""In the Boring

Bedroom"", I was looking forward to seeing this movie. But I'd forgot

that it's a Ron Howard movie, which means that any edge is dulled

to the point of ridiculousness. Only this director could take such a

fascinating story and make it so safe and cuddly, it's the feel good

crazy genius movie of 2002! With very little basis in reality- I heard

the author of the book interviewed on the radio, and it was fun

listening to him try and find something good to say about this

movie- I found myself watching the extras, waiting for some sign of

life. Well filmed, well performed, safe and ultimately a tv movie.",1
A Beautiful Mind,"This and IN THE BEDROOM should be required viewing for insomniacs who also happen to be 'culture vultures'. Neither movie has much going for it, but this year has been so AWFUL for films that this is the best we can drum up. Ronnie Howard glosses over a good story and makes it palitable for any market, turning it into a Hallmark Special. Some of the acting is good, but overall a big ho-hum.",1
A Beautiful Mind,"This movie has the _worst_ plot I have ever observed. Despite my best attempt to remain objective and view the film sans preconceptions (other than to be entertained), I found myself uninspired in the middle of the film.

""A Beautiful Mind"" seems incapable of focus. The first half of the film seems to be a comedy, but the last half is a depressing clichéd drama. The film itself seems to be schizophrenic (even manic-depressive).

There is very little that is original or innovative in _A Beautiful Mind_ [that is unless you consider reorganization of main characters mid-film innovative]. Furthermore, the answers provided by the film to questions of epistemology [nature of and limits of knowledge] and questions of existence [answers] are merely hackneyed drivel.

Both _The Matrix_ and _Sixth Sense_ do a far better job of asking the same questions and providing answers.

I do, on the other hand, concede that the acting in _A Beautiful Mind_ is worthy of praise. Russel Crowe and Jennifer Connelly do a marvelous job of bailing out an otherwise sinking ship. However, this movie does _not_ merit the Academy Award for Best Picture--an award usually reserved for a balanced film (acting and plot) [sort of a 'best-of-show' award].",1
A Beautiful Mind,"*A Beautiful Mind*

This film is the most over rated film of 2001. I don't know how on earth it won best picture, director, and nomination for best actor. I just can't believe it.

I saw the real John Nash on Larry King the other day and let me tell you his accent is nothing like the thing Russelle Crowe tried to do. What kind of accent was Crowe using anyways? Sure Jennifer Connelly did great but she wasn't supporting, she was lead actress! That just shows the members of the academy didn't really see this movie they just gave into the hype and voted on it.

I love movies of all genres. I loved Forest Gump. I should love a movie like this, but I don't. As far as I saw it was just hype. There is nothing special bout this movie. It's just a film with big name actor backed up by hype galore. I still can't believe it won so many awards...

*4/10*",1
A Beautiful Mind,"I walked into the movie theater.. getting ready to see ""A Beautiful Mind"". I had remembered looking in the papers and reading reviews for it. Every single review was not four stars but three and a half stars. How goofy is that!? Anyways - I walked in the theater. I was probably the only person in there under 30. That depressed me. I quietly sat down next to a bus load of senior citizens. The movie theater was silent. The movie started and I tried focusing on it. Halfway into it, I left. I have never done that to a movie before. I was falling asleep. So I went into Crossroads - which was pure trash.. but I got more of a thrill out of THAT than ""A Beautiful Mind"". So after Crossroads got out, I decided to go back into ""A Beautiful Mind"" - which surprisingly was still dragging itself along.. for another HOUR! So after that got out.. I overheard some of the old geezers. They were saying things like ""That film was.. uh (cough, cough) brilliant"". It was actually pretty funny.

I could see Ron Howard sitting in his fold-up director's chair with his bull-horn and baseball cap thinking about his oscar-winning speech as he's directing this oscar-dribble. What I'm trying to say is - this film was purely made to win the oscars. And with Oscar-dribble, I mean it's one of those movies that is completely oscar-worthy, and nothing else. The film-makers were full of themselves everone gave into it. I would not recommend this movie to anyone. It's purely oscar trash.",1
A Beautiful Mind,"Russel Crowe proves to be a decent actor, going from college to shaking old man, his acting and the make-up artist who worked on him did a great teamwork. On the other hand, Jennifer Connelly does not age well throughout the movie, and this is critical in supporting the creativity of using a cinematographic gaffe to visualize a concept dealing with the beautiful mind in question. And suddenly, the make-up ages her so strangely that she looks pretty darn close to Helena Bonham Carter from Planet of the Apes! Plot twists a la ""The Others""--to name something other than that movie with Bruce Willis and the kid, keep you watching, and moments of brilliance such as the theory with which John Nash proves John Adams wrong using a blonde and her friends, build up the expectations which are completely blown off by the less than satisfactory shallow talk on which the movie ends. When strings of movies came out as Pulp Fiction wannabes (the original itself from a John Woo wannabe), things were recognizably bad. Now that Night Shamalyan wannabes bring out their visual twists to their wannabe movies, things like this movie come out--you can't directly tell how bad it is, because the visual trickstery feels original, even though the device has been explored already with a better story--even though the gaffes in the movies give the movie very different unintended interpretations.

SPOILERS

when you see that wifey does not get older, you start thinking: is she one too! when you see that the pens put in front of him are placed differently in every single one of the five different shots they appear in, is that another one of his...? When you tease the viewer by leaving a visual clue, you can't allow yourself to leave behind so many gaffes.

1/10",1
A Beautiful Mind,"This movie is really not very good. Russell Crowe is not believable as a nerdy young Princeton student; very forced. The one twist half way through the movie is interesting for about 30 seconds, then it drags on to a anti-climatic conclusion. It is obvious that the writers and creators of the film have no idea what higher education is really like. Save your money and rent it when it's on video in about 4 months.",1
A Beautiful Mind,"If A Beautiful Mind wins one Oscar, it will be a complete tragedy. This BORING, SLOW, DULL film may whet the appetites of Academy members, but audiences have literally fallen asleep at theatres.

Jennifer Connelly, normally an amazingly gifted screen presence, phoned-in her performance. And whoever did her ""old lady"" make-up at the end of the film should be banished to infomercials.

Russell Crowe was better in ""The Insider"" (so was his make-up)and if he gets the Oscar for this film, it's only because of ""name recognition."" Voters seem to champion an actor for role after role simply because he's a hot commodity (witness Tom Hanks' Oscar run).

And don't even get me started on the lame plot of the film. Oops, too late. Haven't we seen the real person/dead person/hallucination thing enough already? And better? Fight Club and Sixth Sense used this trick with much better aplomb.

A typical studio picture with little or no depth, A Beautiful Mind is a waste of time and an insult to serious film buffs everywhere.",1
A Beautiful Mind,I am afraid to say that this is yet another example of Hollywood creating their own sanitized version of someone's life. What purports to be a biography is not - all the parts which may upset an American audience have been left out. Couple this with a wonderful example of incredibly bad acting from Crowe (I liked him in Gladiator and LA Confidential) and I am amazed that this got any Oscar nominations at all. If this film wins it will be a complete travesty.,1
A Beautiful Mind,"this moive was such a sterotypical drama it was only made to win awards. it wasn't even in the top 25 best reviewed films of the year so why did it get nominated for best pic. lord of the rings was robbed it was more popular and was the best reviewed film of the year and unlike a beautiful mind, people are actually going to remember lord of the rings years from now. memento was also robbed it should have been nominated for best picture also.



4/10",1
A Beautiful Mind,"First of all, let me say that the featured comment on this movie cracks me up. ""A movie with a difference - It's realistic""? Ha. This movie is hardly realistic. It totally misrepresents the nature of Nash's delusions, and it criminally oversimplifies how game theory works. For example, schizophrenics never experience visual hallucinations, only auditory hallucinations, and Nash's delusions were hardly as quasi-patriotic and noble as the movie made them seem.

This is your typical Hollywood movie, but perhaps because the eponymous mind was so brilliant, the movie has intellectual delusions of grandeur. Sure, the tolerably good plot makes it watchable, but this movie continually irritated me all the way through, primarily because it maintained a constant ponderous gravitas in an apparent attempt to suggest that there is some profound meaning deeper than the movie's plot. And that meaning just isn't there. The movie's huge mathematical, psychiatric, and biographical distortions were also frustrating. Competent acting and production are this movie's only redeeming qualities; the script is heavy, condescending, pretentious, and shallow. An awful, pretentious movie with no depth.",1
A Beautiful Mind,"This is another hit for Bettany, and another dialed-in crapfest from Crowe. I do NOT GET the adulation awarded this film by critics. The screenwriters have completely bastardized a better story.

Just for the sake of correctness, Nash didn't invent game theory as this work attempts to claim. He came up with a notion of equilibrium, which is simply brilliant and he more than deserves the Nobel. But Crowe does NOT. This was supposed to be a historical film, but due to Crowe's lackluster performance, backed up by his aggressive contractual negotiations, his character has been given credit for things he did not do! In a learned person's opinion, this is an irresponsible, and disgraceful film mainly due to Crowe's contractual screen time, which necessitated giving his character credit for things he should not have been portrayed as having done, and his totally crappy, dialed in performance.

This was a typical Hollywood whitewash of the truth, and a typical Hollywood performance by Crowe. When will they just STOP handing this untalented hack roles like this?!

It rates a 0.6/10 from...

the Fiend :.",1
A Beautiful Mind,"Welcome to the Wonderful World of the West Coast - hey this one's for you fellas. Dull beyond belief. Poorly acted. The best I can say is it's cameo-like. A 'cinemography' which carefully leaves out all the nasty bits. Crowe saturation has been reached! Judging from this none of the characters here could act there way out of a paper bag - up there with some of the worst movies I have ever paid money to see. Who could forget the unforgettable ""Some Good Men"". This is worse.",1
A Beautiful Mind,"First off, the movie was not true to facts at all. I just saw the documentary a few days earlier and the movie wasn't anything like it. First of all Nash was a genius at mathematics and this is what the movie should have been about not a story about a man who was cured and who found love at the end and so on. Also there are a lot of scenes that were just plain wrong - the scene where he rode around with a bike at the campus happened in his early university years not after it. In my opinion Russell Crowe didn't fit to this part at all since he doesn't look the intelligent/individualist type, therefore he really couldn't play one. It would have been great if it would have focused more on the mathematics (similar to Pi) and not the over-dramatized lovelife. At this level ABM was too hollywood-ish and too superficial to be great. Personally I think he wasn't mad nor paranoid and he was onto something since people of that caliber tend to know more than we ""lesser mortals"". 5/10",1
A Beautiful Mind,"When a film wins 4 major Oscars, I feel I have to go and see it. But the most impressive thing about the film was Russell Crowe, the non-Oscar winner.

Jennifer Connolley was adequate - she looked well but the part gave her nothing much to do except to be the stereotypical supportive spouse and the role lacked depth.

On the face of it the presentation of schizophrenia in the film was intriguing and quite well done. But then there has been considerable press about the liberties with the facts taken by the filmmakers in presenting the story of John Nash and this made me wonder how realistic this presentation of schizophrenia was and whether, in fact, we were receiving Hollywood's view of the disease.

Not a bad film - but not a particularly good one either.",1
A Beautiful Mind,"WARNING: CONTAINS SPOILER INFORMATION.

I wonder how much of this bio tale is accurate. The first half, full of paranoid fantasies, was somewhat entertaining, but the whole thing evolved into a disappointing ""feel good"" ending. There is absolutely nothing about mental illness that ever ""feels good"". Ron Howard beat out Robert Altman for this mess? What a travesty! Mr. Howard didn't know what to do once he let us know that the character was just imagining the best part of the drama. I wanted to know more about how Dr. Nash spent his ""just hanging out"" time at Princeton. Like most people, I am intelligent enough to understand more about Dr. Nash's work than the movie let us see.Sam Neil, not Russell Crowe, was the best actor in the picture. And why was the woman who played the wife even nominated for an Academy Award? Granted, she is very pretty and had one scene where she actually lost her genteel temper, but it was not award winning acting. The Academy must have been desperate for nominees. Will someone please explain why Russell and so many other actors have to mumble their lines? Is line mumbling some new hip style that I am too un-hip to recognize?",1
A Beautiful Mind,"I know it! Well don't feel bad I never knew all the people were made up too. But that's because the part where he loses it is both so depressing, too long and so boring I walked out of the theater, tried it again on DVD and turned it off again.

The scene where he works out his distribution theory based on who gets the girl is absolutely superb. But that's it. That is your pay off, the reward for watching Russell Crowe be bonkers. Yup I agree with you.

It wasn't reward enough when it came out and it still isn't reward enough. The ginger from The Fonz can't and hasn't ever made a good film.

He really must be the nicest man in town to get so many of these deeply tedious things made.",2
A Beautiful Mind,"I've ner seen such a laughable biopic than this one. I remember watching this when I was very young, and I thought of it as an okay movie back then, but boy this movie didn't age well.

The script by Akiva Goldsmith is atotal mess. Let's start with the first Hollywood cliché: so no matter how unlikeable and unrelatable our protagonist is, and don't worry he's going to be a dick to everyone, but as long as he's a genius (or the chosen one) every other character in this film will want to be friends with him. What Jennifer Connelly's character finds so intriguing about this guy, shall forever be a mystery. I hope the real John Nash wasn't this piece of work, because the scripts bends itself backwards to make him as unlikeable as possible but everybody is written to like him, Meanwhile the movie never bothers to ""show"" what makes Nash a genius, it always ""tells"" through other characters. His theory is never properly explored or his genius, he's apparently good at breaking codes by looking at numbers. ALright, let's go into M Night territory.

The movie makes a hard turn and changes the pace to hard drama, but the way Crowe is directed, sometimes borders on the edges of comedy. Seriously there's a scene where his wife tells him that the family might be more important than his work. Hard cut to Crowe neglectfully holding his baby in the kitchen with a catatonic look, that was definitely a comedy cut and it had me howling. The direction is what you expect from Ron Howard: bland, dull but gets the job done. The budget is the only thing that prevents it from being a b-movie. Even the soundtrack by James Horner is pushing way too much. It's one of those films that try to pander so hard for the Oscars that you need a shower afterwards.",2
A Beautiful Mind,"First of all, am i the only one who saw the microphone's in the movie? At least 4 times did i saw a microphone on the screen, my god ... This picture is nominated for Best Film!!!

It's a real shame that there wasn't more room in the script to show Mr. Nash's character. The film let's you think that he has a real awfull character.

Another thing that was very strange (except for the microphone's :-)), was the fact that Ms. Nash didn't age, or that it didn't look natural at all (especially the scene where Mr. Nash wins the Nobelprice).

It's not all bad though, the movie touched me and i learned more about Mr. Nash.

To end this, i like the idea of the movie, but they didn't do a good job to make it.",2
A Beautiful Mind,"I do have to give credit to Ron Howard for trying so hard to show us the power of the mind to overcome all obstacles. Howard's heart was in the right place, but unfortunately, the movie failed to demonstrate the intended message. John Nash does not overcome his obstacles completely. In fact, he is not completely able to function until he does take medication. While his struggle is appreciated, he isn't fully able to overcome his daemons, leaving this viewer feeling only despair at the end of the movie.",2
A Beautiful Mind,"Unfortunately, due to a type of treacherous nepotism in Hollywood, this mediocre movie won the honor which should not have been its due. Ron Howard has played Salieri to much more deserving directors, with the academy's approval. It will be quickly relegated to the ""what was that movie about?"" pile in a few years, just as Annie Hall has been. If it had not been awarded this undeserved high honor, it could have sunken into the obscurity which is its fate with a little dignity. Now it will always be remembered as the movie that made millions of people decide that Oscar was no longer worth watching.",2
A Beautiful Mind,"Want to make a biographical film, but you don't think your subject is that interesting? Well, just make stuff up and throw it into the plot! John Nash's audio-hallucinations are too dull? Then make him have *visual* hallucinations that throw desks out of windows and have personal relationships with real people! Yes, that was all made up! Don't like the hispanicity of the woman he married? Make her Caucasian! There are many more such untrue aspects of this film. See the Wikipedia entry for this movie. One quote from Wikipedia: ""The narrative of the film differs considerably from the events of Nash's life, as filmmakers made choices for the sense of the story. The film has been criticized for this aspect, but the filmmakers said they never intended a literal representation of his life."" Oh, NOW they tell me. I wonder if the movie would have won as many awards if people had known that so much of it had never happened. I'll never trust another Ron Howard film.",2
A Beautiful Mind,"I think it was too long and boring. I never heard of John Nash before but when a film bases someone's life that I haven't a clue about, I wouldn't be interested. I only watched this because everybody was ranting on that it was a good movie and what not. I just didn't find it interesting, I know Russell Crowe was on this and he can be a good actor but, this isn't one of his best he has done. When he was in Les Miserables, boy it was worse in his film career too in my opinion!

I wanted to give this movie another star because the soundtrack was easy listening and pretty great! Maybe if I was into maths and know who John Nash was, then I would give this a 10/10 regardless of how long the movie is! I just didn't fancy watching it further, that's all I can say!",2
A Beautiful Mind,"If I was in charge of Oscar nominations I wouldn't have given this anything. I just found it uninteresting and unexciting. I didn't like the device of using real actors who then turned out to be imagined. That seems fraudulent to me.

As soon as the reality of Nash's situation is revealed it all disintegrates into pathos and mush.

It doesn't bother me whether the story is true to Nash in real life. I only judge films on the basis of their dramatic qualities and this had very few.",2
A Beautiful Mind,"If you consider yourself an intellectual or a seeker of truth, read the book and don't waste your time watching this piece of technicolor drivel. The lies so far outweigh the truth as to make it a betrayal of its subject and its audience. That is despite good performances by Crowe and Connelly and some others and three false scenes clever enough to justify themselves.

I am not a mathematician or a scientist, but despite my lack of understanding, the first page of Sylvia Nasar's book was more interesting to me than the entire movie.

Screenplays frequently change facts and oversimplify to convey important information or feelings efficiently and powerfully. I'm not offended by such fictionalization per se. But this movie takes a fascinating real story and completely ignores almost everything fascinating about it and tells a different, ridiculous story that would be journalistically justifiable but mediocre at best as art IF IT WERE TRUE ... which it is not.

Until now I thought Moulin Rouge was the worst movie of the year ... I have revised my opinion.",2
A Beautiful Mind,I can scarcely believe that this is in line for best pcture and best director Oscars. For me it seemed to be an OK movie with a good movie trying to get out. This is almost the definition of a movie where the direction just hasn't quite nailed it. Perhaps the casting was the problem - Jennifer Connelly was OK but Russell Crowe just never really seemed convincing in the part. He did his best but I never really believed he was doing anything other than acting a part. Oh well............ 5/10,2
A Beautiful Mind,"A Beautiful Mind represents so much of what is wrong with Hollywood and the Oscars. Though this film is largely vapid, trite, and completely fails to delve into John Nash's psyche at all, it presents the illusion of a strong character study. The beautiful cinematography, musical score, and close-ups all work to create, like a formula, the illusion of feeling. The audience sees (close-up + sad music + frustrated Russel Crowe = sad reaction). Ron Howard provided the audience with all of the trappings they expect to see in an Oscar-calibre film and most moviegoing audiences have been trained to believe that slow-motion and nice cinematogrgraphy are the elements that make a good film. Yet, this film completely lacks the kind of character development and true inner conflict that thrives in a film like Monster's Ball. It is a veneer and never even attempts to get below the surface. Ron Howard went fishing for an Oscar and got two. The fact that Howard won an Oscar is embarrasing. Not that he is an awful dirctor, but he's certainly not on the level that would warrant an Oscar. He's best when he is simply entertaining -",2
A Beautiful Mind,"A Beautiful Mind was not the Best Picture of the year. I'm sorry, but that distinction goes to In the Bedroom. A Beautiful Mind wasn't even in the top 20. The story was, for the most part, predictable and not involving. I won't even go into the many, many inaccuracies in the film. The entire time I found myself just wishing the movie would end.

First of all, Russell Crowe was far from convincing as a genius. His accent was beyond inconsistent and he never, not for even the smallest moment, convinced me that he WAS John Nash. I can find solace in the fact that he didn't get the Oscar for this overrated performance. It's a shame they can't take back the one they gave him last year.

Jennifer Connelly was decent in a role that I, among others, feel should not have been categorized as supporting. Either way, it wasn't even the best supporting performance of the year. That prize should have gone to Marisa Tomei. I think Connelly is a very fine actress and if she deserved an Oscar it was for her performance in Requiem for a Dream in 2000. She wasn't even nominated for that. What a travesty. But I digress...

I saw nothing in the movie that would have warranted a Best Director nod for Ron Howard either. He's a capable director, but this was nowhere near an Oscar-worthy job. Take a look at what David Lynch did in Mulholland Dr. or what Christopher Nolan did in Memento or even Ridley Scott in Black Hawk Down. These are examples of greatness.

A Beautiful Mind is not an example of greatness. It is an over-hyped, overrated, piece of fluff trying to sell itself as something meaningful. And way too many people bought it. With such extraordinary pieces of work submitted this year, what a true shame that this refuse was given the distinction as the best.",2
A Beautiful Mind,"seeing this movie (just recently) for the first time has shaken my faith in the academy, the critics and filmgoers everywhere.

is this the film that won THE OSCAR for BEST FILM of 2001? come on, people! were you on something?

i found ""a beautiful mind"" to be so inept and irredeemably stupid, that had i attended a test screening, i'd have recommended the studio shelf the movie, let alone submit it for consideration.

""akiva goldsman writes a serious script"". the very thought seemed like a joke. but after the oscars and the critical and popular success, i assumed i was just wrong about him; maybe he really was a real writer. maybe the man who brought us the god-awful ""lost in space"" and ""batman returns"" (which featured the legendarily witty salvo, ""hi freeze, i'm batman"") was just making a living, waiting for his masterpiece to be produced? but all hopes were dashed in the first two minutes. this material is aimed at 6 year olds!

how can people have serious debates over a movie where characters talk in nothing but expositions, literary quotes, lame jokes and regurgitated cliches? where mathematics, presumably a central theme, is shown as something incomprehensible that eggheads doodle? with a saturday morning cartoon villain/antagonist who taunts our hero about his failures, only to be mocked when he finally succeeds? where a govt. agent's briefing on soviet espionage consists of showing nash (and the audience) stock footage of a-bomb explosions, and nash's explanation of the meaning of a secret russian code meets the reply, ""thanks for all your help mr. nash, so-and-so will show you out""?

in many ways, this movie is just as bad, if not worse, than any fictionalized biopic ever made in hollywood. would you believe you could still see, in the 21st century, a new movie where an actor in exaggerated old-age makeup accepts the nobel prize for economics with a speech about how the real meaning of life can be found ""in the equations of love""?! give me a break!

one moment contained as good an unintentional laugh as any in goldsman's old turkeys. in the early stages, a man in the m.i.t. library gets a tribute from colleagues; each places his pen on the man's table. nash ""asks"" what this means and receives the explanation, along with us. when the obvious payoff to this scene arrives at a later stage, and nash receives the same tribute himself, the mushy string-music moment stretches on for a minute or two, and then nash actually says, almost directly into the camera: ""how totally unexpected"". how totally ridiculous!

dreamworks continues to be a studio that makes only 3 kinds of films: calculated, soulless, test-marketed attempts to make a big box office; calculated, soulless, test-marketed attempts to win oscars, and, thereafter, a big box office; and spielberg films. it's the only time i can think of that a movie studio only contributed to cultural decline, without a single contribution (and yes, i do include ""american beauty"" and ""saving private ryan"" in that statement. haven't seen ""perdition"" yet, but i'm sure it's still accurate.)

i hope nash's story will actually, one day, be made into a good movie, not a laughable ham-fest with rehashed sixth sense silliness.",2
A Beautiful Mind,Another overrated movie with Crowe (ala Gladiator). This movie is slow & boring. The dialogue is sparsely entertaining and barely keeps any flow going. Crowe is his usual mediocre-acting self (who will get glowing reviews of course). Connelly was solid but hardly Oscar worthy. The movie was not developed very well especially in the beginning when his genius was in question. I fell asleep & I never fall asleep at the movies. Don't pay $9 for this one. Rent it if you're bored on a weekend. You may enjoy it but it's not a 'can't miss'. The Hollywood hype machine just keeps on rolling..,2
A Beautiful Mind,One of those films that did really well during awards season that you then watch and don't see the fascination.,2
A Beautiful Mind,"It has to be said that this would have been okay if it wasn't a patronizing fiction about schizophrenia. Sadly, Ron Howard has made a film which is a complete bastardization of the real story of John Nash.

Let's forget that Nash's form of the mental illness was merely misinterpreting radio messages, as opposed to having 'imaginary' car chases from secret agents. Forget that he actually was quite good with women, having numerous relationships with them, as well as men. Let's even forget that the man was actually divorced from his wife, whilst also being a brilliant scientist with numerous accomplishments, and you might enjoy this film. Of course, that would take away the whole point of it being a 'true story'. Just remember that you are watching make-believe.",2
A Beautiful Mind,A trite story which glosses over John Nash's failings including his divorce from Alicia. You wouldn't know that she was South American. You don't know about his arrest in a sting or his child by another woman form the affair that continued through his marriage. Performances are just OK. Russell Crowe's West Virginia accent ends up sounding like something from the deep south and gets deeper as the movie goes on. Top films of all time? This wasn't even the best film I saw in 2002.,2
A Beautiful Mind,"This was one of the worst films I have seen in recent memory. It was a human interest tale with no soul. The plot was deeply flawed. How can you have a biopic with a deeply flawed plot? I don't know but somehow this movie managed to make no sense. Russel Crowe plays Nash the way he plays every other character. This character works as a gladiator, not as mathematician. Don't get me wrong, I don't hate this movie because of any glaring factual errors, although I have been told there are many. No, this is a work of fiction, and it fails as such. There is nothing to connect to on a human level in this film, except Jennifer Connely, but one strong performance cannot save the bad script and uninspired direction. Avoid this film if any sort of internal consistency or humanity are important to you in film.",2
A Beautiful Mind,"Gotta love those bio-pics that features five percent of a person's

life. would have loved to see more of his ""real"" work. The acting

was beautiful, the costumes were beautiful. The directing was a

little over sentimental, but I expected that going in. Great web site.

Over all, a perfect film for the mass audience. (As long as you

don't know anything about John Nash, who is one of my heros)",2
A Beautiful Mind,"If you're going to make a film for grown-ups, treat the audience like grown-ups. Instead, Opie extracts the aspects of John Nash's life and person he decided we grown-ups couldn't handle. Gone is Nash's racism, snobbery, arrest for indecent exposure, history of violent behavior, messy relationships with both sexes, the woman and son he abandoned, the voices that told him aliens were transmitting messages to him via the New York Times, the repeated stays at various loony bins, the nine months he spent wandering Europe trying to renounce his citizenship, the fact that Alicia divorced him in 1963, and that their son is schizophrenic. In short, gone is everything about Nash that made him such a enigmatic yet despicable human being to begin with.

The whitewashing doesn't end there. Parcher calling Joe McCarthy ""an idiot"", and proclaiming how the atomic bombs ""evaporated 150,000 people"" has no business being in the movie, as such ""opinions"" were totally foreign to most Americans, and certainly to those who worked for the government (even those who were figments of one's imagination).

Crowe as Rain Man and Connelly as the Long-Suffering Wife does not tell us what kept (and keeps) Nash and Alicia together. The cruel irony that a man who finessed a mathematical theory of rational behavior should succumb to insanity is totally lost on Opie and fellow hack Akiva Goldsman. Instead, they suggest that if you learn to ""ignore"" your imaginary friends, then you will be ""cured"" of whatever ails you. It's a false and outrageous notion.",2
A Beautiful Mind,"Having now read the book and seen the movie, I wonder why the producers and director bothered calling this film ""A Beautiful Mind"". It is a piece of feel-good fiction that bears little resemblance to the actual life of John Nash (but it is a good candidate for the series ""History vs. Hollywood""). An Oscar nomination for best screenplay adaptation - what a travesty.

I read that a one of the films staff indicated the movie was based on the architecture of John Nash's life, and that was more important than the facts. (Easily one of the most inane statements I've ever heard, but typical for Hollywood). I'm sure the picture will receive the Best Picture Oscar, but at what price to integrity and truth.",3
A Beautiful Mind,"""A Beautiful Mind,"" directed by Ron Howard, has garnered widespread acclaim and multiple awards, but upon closer inspection, it falls short in several critical areas, warranting a score of 3/10.

First and foremost, the film's depiction of John Nash's schizophrenia is highly problematic. The movie simplifies and dramatizes his mental illness for dramatic effect, often at the expense of accuracy. The hallucinations and delusions portrayed in the film are far more cinematic than realistic, which undermines the serious nature of the condition. This sensationalized portrayal can lead to misconceptions about schizophrenia and does a disservice to those who suffer from it.

Furthermore, ""A Beautiful Mind"" takes significant liberties with the real-life story of John Nash. The film omits or glosses over many aspects of Nash's life and career, creating a narrative that is more fiction than fact. Key elements of Nash's personal struggles and professional achievements are altered or excluded, leading to a distorted and overly romanticized version of his life. This not only misleads the audience but also diminishes the complexity and resilience of Nash's true story.

The romantic subplot between Nash (played by Russell Crowe) and his wife Alicia (Jennifer Connelly) is overly sentimental and at times, feels forced. While Connelly delivers a strong performance, the script often reduces her character to a supportive spouse archetype, failing to explore her own struggles and agency. This lack of depth in the portrayal of Alicia undermines the film's emotional impact.

In terms of pacing, ""A Beautiful Mind"" struggles to maintain a consistent rhythm. The film's attempts to balance Nash's personal and professional life with his mental health battles often result in a disjointed narrative. Scenes that should be emotionally powerful sometimes come across as melodramatic, detracting from the overall storytelling.

The direction by Ron Howard, while competent, is often formulaic. The film adheres to a predictable biopic structure, which limits its potential to offer fresh or innovative perspectives. Howard's reliance on conventional filmmaking techniques results in a movie that feels safe and uninspired, rather than one that challenges or deeply engages the audience.

Additionally, the supporting characters, including Nash's colleagues and students, are underdeveloped. They serve primarily as plot devices rather than fully realized individuals, which weakens the overall narrative. Their interactions with Nash lack the depth and authenticity needed to create a truly compelling story.

In conclusion, ""A Beautiful Mind"" fails to live up to its critical acclaim. Its sensationalized portrayal of schizophrenia, significant historical inaccuracies, and formulaic direction all contribute to its shortcomings. Despite strong performances from its lead actors, the film's lack of depth and authenticity ultimately result in a disappointing experience, making it deserving of a 3/10.",3
A Beautiful Mind,"I saw this movie with the intention of not liking it. I sure didn't. It's one of those movies that seems to have been made exclusively for the Oscars: music throughout the film in almost every single frame, almost no profanity, set in a time long gone, sepia-toned imagery, pretentious title, NO SEX, and a genius that explains everything he thinks and concludes in sfx/cgi so that we (the stupid audience) get it. One thing that amused me though is the fact that they spelled the NOBEL PRICE WRONG! Instead they call the Nobel-price (named after an actual person called Alfred Nobel) 'the noble-price'.. Jesus! How can one make such a mistake in such a big production, supposedly based on a true story. What a sham! What were you and the others thinking RON?",3
A Beautiful Mind,"This is supposed to be a true story but is extremely unrealistic and innacurate. I love a mystery this movie has, first half is truly a mystery movie. I'm surprised it's supposed to be a biographical movie. Anyway ending is quite dissapointing, I expected a lot better if they already done so much mystery and unrealism I expected a plot twist at the end or something a lot more interesting.",3
A Beautiful Mind,"Delivering his Oscar-speech Ron Howard said that his mother told him he would win an Oscar for A Beautiful Mind. But then again: that's what she has told him after every film he has made. So what was it that went through Howards (beautiful) mind when he made A Beautiful Mind: I HAVE TO MAKE A FILM THAT WILL DEFINITELY WIN AN OSCAR. So here is what he did: he closely studied a list with previous winners (for best actor): My Left Foot, Rain Man, Forrest Gump (I wont' go on and on, because it isn't that hard to see the connection). And it paid of. Congratulations.

So now that you've got your first Oscar, Ron, it's time to focus on another genre. I'll give you some help: Bravehaert, Gladiator, Lawrence of Arabia, The English Patient. Think big, think epic.

Yes, you will deliver another lousy film, but mom will be proud, cause, guess what: OSCAR TIME.",3
A Beautiful Mind,This film should not win the academy award for Best Picture or Best Adapted Screenplay because it was neither this year. A true candidate for Best Picture wouldn't leave out significant events of a person's life. A true best adapted screenplay wouldn't ignore unpleasant elements in the name of box-office returns and political correctness. What could have been a great film has been turned into a less than great movie. Too bad.,3
A Beautiful Mind,"I didn't hate this film, but I certainly didn't love it...or like it a lot. I had the pleasure of seeing four of the five movies nominated for ""Best Picture"" (all but The Lord of the Rings), and of those I would rate it number four. Again, not to see it was bad, but it wasn't Best Picture winner quality by any means. Or maybe it was so insanely Best Picture winner mainstream it was annoying. Moulin Rouge was fantastical and original. Gosford Park was exceptionally witty. In the Bedroom tore at your emotions with stellar acting. A Beautiful Mind had good acting, not even great acting. I'm sure I'm a little bias because I hate Russell Crowe because he's such an ass, but all the characters were so one-dimensional. The only part in the movie I moved at all was when the baby was drowning, and that could have stirred me even in the epitomy of all badness: Bowfinger.

Very very very very AVERAGE.",3
A Beautiful Mind,"Once again, Hollywood comes out with a film that strains the limits of credibility in order to make the viewer the happy man who walks out of the theatre feeling that love conquers all. This film is highly overrated although not altogether unsatisfying.

Unfortunately, right from the very beginning, I didn't believe much of the script that later had the rug pulled out of it in ""Shylamanian"" style. Some of the surprises were telecast right from the beginning and made for somewhat awkward scenes. Crowe's Virginia accent changes considerably over the film and the image of his buff physique should not have been shown, which in my mind made him the furthest thing from resembling a mathematician. But I'm whining here... let's get to why this film is truly overrated although not unwatchable.

The script was incredibly poor. A love story develops with almost no perceptible verbal chemistry on screen. Usually characters have to interact and the character and audience needs to be won over, not just by sensuality and a clever line or two. There is little explanation as to WHY Nash's wife saw something in him more than most who supposedly didn't like him at all (although everyone seemed to enjoy his company at Princeton too, except for one or two tough scenes -- odd.) Neither did I feel the viewer get the sense that the math genius could do the impossible in the manner he does -- look at a roomful of numbers, no pencil, no calculations, nothing -- and simply breaks codes with the aid of some cheesy Hollywood special effects ""mesmerizing"" your mind. Please, this more resembled Superman than it did a genius mathematician. It asks you, the viewer, to connect the dots you know you have to make since the script doesn't do it for you at all.

Unfortunately, the movie continues to strain credibility, especially the family troubles. The lack of other characters assisting in that difficult situation was odd, unexplained (where are their parents), and made me wonder just how much fantasy this movie was based. Apparently, the words ""based on a true story"" is an understatement as Nash's true story doesn't quite resemble this glorified, Hollywood heart candy. I didn't get much sense of struggle -- the problems encountered were simply passed over quickly. Everyone sticks around to help Dr. Nash, to ends that just were simply not the manner in which people act.

Is the movie altogether bad? No. In fact, there is quite a bit that is very good with the movie, such as excellent performance by Russell Crowe and an equally good and sultry performance by Jennifer Connelly, who does the best she can with a mediocre script. This is a good rental but don't go in expecting to be blown away with it's overhyped rating. It's your typical Hollywood fare that glamorizes and airbrushes the lives of people who should have faced serious adversity for fear that you might not want to go to the movies if you don't come out feeling all warm and fuzzy inside. In an era of incredibly weak film-making efforts, this film rises to the top of a mediocre heap.",3
A Beautiful Mind,"Jon Nash's own marvelous, plagued, muddled and ultimately fascinating existence is one which may deserve cinematic portrayal. _A Beautiful Mind_ is a pandering shameful corruption of a true story which should have been filled with compelling, complex, troubling characters. Nash has been homogenized for the public gastro-intestinal tract and spewed forth by Crowe, a feat which is sure to be the nader of his acting career. He is paradoxically terminally bland and oppressively obnoxious. His wife's role played by Connelly is harmless and sincere I think, she is miscast (certainly not given the same depth as in _Requiem for a Dream_) and not to be blamed. Harris has always performed better.

I file this picture away with neighbors such as _The Rock_ and _Legally Blonde_, both shamelessly populist candy but, and this is the Grand Canyon of buts, both of these films are actually WATCHABLE. On their own terms these two are probably better films for they are what they are, are exactly what they are supposed to be. _A Beautiful Mind_ crumbles under its own stupendous pretensia, and is one colossal collapse of faith and integrity to be avoided if at all possible.",3
A Beautiful Mind,"When I want to see a bad documentary on the life of a person with mental problems, I'll turn on Public Television. Watching the character portrayed by Russel Crowe was painful- granted I'm sure a life like his IS very painful, but I don't want to spend 8 bucks to sit in a theater and watch it. It wasn't poignant; and it didn't leave me with any insights that haven't been handed to me a million times before. Then again, it was a struggle for me to make it through ""Rain Man"" too, so keep that in mind.......",3
A Beautiful Mind,"How is it possible to give this an average of 8 points? This is a lying movie, without compassion, without even the slightest realism in portraying mental illness, without even good acting.

Forgive me, but I thought strings were taken out of Hollywood movies in the late 60s. I know the producers have one interest and that is making dollars, but strings??? This movie is already sentimental without them and worst of all sentimentality is the main characters speech to his wife at the end. This can't be tolerated and it is really ridiculing the Mr. Nash of the real world, who is said having disliked this movie. That's a healthy view.",3
A Beautiful Mind,"Yeah, I must have counted the boom microphone in the picture atleast 20-30 times throughout the movie. It kept dropping down on top of their heads and one scene you could actually see the mic going back and forth to each actor over their heads. I couldn't believe it! Ron Howard I suggest you get a new operator. I couldn't enjoy the movie with my attention elsewhere at the top of the screen. . .",3
A Beautiful Mind,"To answer to the question John Nash did not give the speech at the Nobel Prize ceremony that is in the film A BEAUTIFUL MIND; the only Nobel Prize winner that gives a speech is the Peace Prize winner (or the Literature winner -- there's only one that is allowed to speak, and I can't remember which -- I'm not losing my mind, just my memory). Nash gave no speech at all; he held a press conference. The speech is a fabrication of the screenwriter.

Nash won the Nobel MEMORIAL Prize in Economics, which is not a true Nobel Prize, by the way. It is not funded by the Nobel will (which is the reason the guy vetting Nash for the prize explains that money has to be raised for it). I read the book when it first came out and barely remember it (though I remember it being a good read -- that darn memory again), but I believe it had covered the extensive politicking behind the prize which was fascinating in itself.

I thought the film was horrible. One leaves the theater not knowing anything about John Nash (the real John Nash), mental illness, or life itself. Love did not cure John Nash -- the best explanation for the spontaneous remission of his schizophrenia is hormonal changes that began when he reached his 50s. Love does not cure schizophrenia, folks, outside of a Hollywood suds fest.

What is so egregious about leaving out Nash's bisexuality is that the ""Red Scare"" and purges in the U.S. in the late 1940s/1950s targeted homosexuals as security risks. (This explains why Nash in real life was fired from the Rand Corp. -- the ""think tank"" so intertwined with the Vietnam War -- after allegedly making a pass at another man.) Homosexuals were considered ""mentally ill"" officially by the American Psychiatric Assn. until the early 1970s. They were, and continue to be considered, security risks by the military-industrial establishment.

The film is nearly a constant lie from beginning to end. One mourns for the great film that could have resulted from such material put in the hands of a great director with a taste for the duality/perversity of life as truly lived, say Atom Egoyan. Ron ""Opie"" Howard's direction is abysmal. This is a child actor morphed into big budget Hollywood director that has no point-of-view/take on life other than the box office. Schmaltz equals box office, so that's what we get. ""That's entertainment!"" I don't believe Opie knows anything about what it's like to attend a university such as Princeton, let alone what it is like to be afflicted by genius-cum-schizophrenia or to live life in the real world. It is a movie with a profound deficit in wisdom.

I found the performances to be incredibly over-hyped; Jennifer Connelly is fine, but she does not give a performance of award-winning caliber unless the award is such hype-driven ""Let's honor the latest B-movie bimbo morphed serious actress"" awards as as the Oscar. I was also not disappointed to see her breasts, or her in revealing outfits. (It's the 1950s -- why isn't she in a girdle or some other foundation garments? There is not attention to detail in this film; it's all softened to evoke the year 2001 through a nostalgic filter. ""The Man Who Wasn't There,"" in contrast, masterfully evokes the feel of the '50s. I could remember the feel starched shirts, tiny sports jackets, clasp-on ties and faux-fedoras my brother and I wore to church in the early 1960s while watching ""Man."" ""Beautiful Mind,"" in contrast, evokes the 1990s, what with portable nukes, the word ""meds,"" the digital readout implant, etc. Soft focus filmmaking, geared towards not challenging the audience even minutely.) I mention Connelly's assets as after watching her over many years, including her wonderful turn in ""Waking the Dead,"" one comes to expect seeing her breasts, or oogling her in something sexy. You're disappointed when it doesn't come off.

The one-note performance of Russell Crowe makes me doubt my earlier assessment of him as a very talented actor. There is no development at all in his characterization of John Nash, and while I would like to blame the director, I think back on his performances in L.A. CONFIDENTIAL and THE INSIDER (the latter of which I liked enormously) and see his Nash is just a variation of his ""wounded"" shtick. It was monotonous, to watch Nash as a loon from beginning to end. None of Crowe's characterizations, on second thought, show any development at all.

While I will concede with Crowe in ""A Beautiful Mind"" that I was watching an actor of some talent (though not greatly gifted), but I was watching an actor ""acting"" rather than an actor as the character (as Tom Wilkinson, who gave the most outstanding performance in English-language film this year, does in ""In The Bedroom"" -- you forget you're watching an actor acting and are watching the character himself). There is no fluidity at all in Crowe's characterization, nothing of the seamlessness of when a great actor becomes the character her plays. we're watching a cobbled-together performance, something more akin to elocution, ""gestures"" that will convey to the ordinary mass ""My -- aren't I watching 'great acting.'"" Crowe could have used semaphores (as opposed to the lazy or bored actor ""phoning in"" his performance; I supposed the audience gives extra credit for extra effort in really getting out there and ""acting""). Crowe gives us a herky-jerky nut-case who becomes almost laughable two-thirds into the film. While watching the film, I began to think that Tom Hanks would have done a much better job with the character.

I have had a long-standing argument with my girlfriend over the merits of Tom Hanks as an actor -- I'm not a fan of his, she is -- but watching Crowe's ""good"" bad acting made me appreciate that Hanks is indeed a truly good actor. A hallmark of an outstanding performance is when you cannot imagine another actor in the role -- I can not only imagine other actors in the role of John Nash, but other actors giving a far better, far more believable performance than the over-hyped Russell Crowe. Apart from Hanks, Gary Oldman would have been terrific in this role. There's such a scent of ham in Crowe's characterization, all's I can think is -- if you're going to go that route, why not with the greatest slice of ham in the world -- Mr. Oldman? Gary never made it to star status and then began weighing roles by the size of his pay-cheque, but he is at heart a terrific actor, albeit a really full-bore, over-the-top one, but if that's the way the director wanted it played -- as an out and out looney tune -- why not go with a great actor that can give you a fluid performance that is not a bunch of cobbled together tics (and whose ""West Virginia"" accent wanes more than Nash's schizophrenia as portrayed in the film).

This film is terrible -- it makes a caricature of a genius, a caricature of someone who is mentally ill. Fifty years from now, if there still is a good ol' planet Earth, people will look back and see Crowe's unenlightened performance (as orchestrated by Opie) to be the equivalent of Step-in-Fetchit.",3
A Beautiful Mind,"Not to sound like Simon Cowell from American Idol, but this movie was just boring and average to me. The story in itself would be the only reason Id give it some points. I'm not even a huge fan of Russell Crowe but I did feel he gave a great performance, and Jennifer Connelly is well deserving of her oscar. The biggest flaw in this film was its inability to actually start-I got bored halfway through. It was also highly assumable. *SPOILER* Who didn't know that whats-their-name was not real? I know its not the point of the movie, but to some it up-it did not stay interesting enough for me to finish it happily.",3
A Beautiful Mind,"The start seems like it could become interesting, but alas it does not. If you want to watch something with a similar premise watch ""the imitation game"", much more interesting. I don't understand how this movie got an oscar. It's tediously long and doesn't paint a true picture of what schizophrenia really is.",3
A Beautiful Mind,They changed the story of john nash and turned it into o Hollywood drama. Left out so many key parts and. Also Russel Crowe's over acting made it hard to watch. I Am a bit surprised that the movie is rated this higher.,3
A Beautiful Mind,"It is a fantasy someone made up. Educate yourself about the real life of John Forbes before you decide how you feel about this movie or at least before you vote and comment on it here. Or maybe state your disinterest in knowing the real life a schizophrenic lives and your preference to embrace a Hollywood warm and fuzzy notion instead. John Forbes' true story could've been told with just as much craft and made a real step toward understanding a schizophrenic's struggle but instead we were dealt a manipulated schmalsification of a real life lived in the grip of an overpowering disease. I have had schizophrenia in my family and I have watched their realities unfold out there for the rest of us to gaze upon with twisted Malcolm in the Middle faces...it is achingly painful and takes a terrible toll on all those who love them. His life with a few small twists? Get outta town! This could've been a great movie - Russell Crowe delivered a flawless performance and the presentation of the actual schizophrenic events was excellent, but there it stops. Want to know what schizophrenia really does to a life? - read the true story and don't be sucked in by this Hollywood fuzzy camera lens smoothing out all the trauma and scars.",3
A Beautiful Mind,"Let's see what they got right in this travesty:

1. There was a mathematician named John Nash. 2. He did come up with something that was later called the ""Nash Equilibrium"". 3. He did go nuts. 4. He did (sort of) recover. 5. He did win the Nobel Prize.

Pretty much everything else they got wrong. They made his insanity much more interesting than the banality it really was. They glossed over his first child born out of wedlock who he later abandoned. They ignored the fact that his wife divorced him and never remarried him. They turned his acceptance speech into a schlocky farce.

When they say ""based on a true story"", shouldn't there be a significant fraction of truth present?",3
A Beautiful Mind,"I didn't like Beautiful Mind and I think it's a terribly overrated film. Crowe's performance is the only things that saves it for me.

Basically this movie is one more Hollywood cliche - with the character depiction and development, the generic ending, the BORING generic music in the exact moments as expected. Perfectly tailored for mass consumption. The peak of all predictability was prof. Nash's speech when he receives the Nobel Prize - ""love is the essence"" - what a boring and unimaginative thing to say at the peak of your life. As a whole, this film adds absolutely nothing to the cinema world and does not deserve the high rating it has been given. (3 out of 10)",3
A Beautiful Mind,"It's hard to watch a film on real history when that history is skewed. Therefore, since this movie refuses to acknowledge important facts, it falls way short of anything worthwhile. Granted, a book is a book, a screenplay is a screenplay and a movie is a movie, and in the face of fiction, liberties may be taken, but when they altered in light of fact, then the whole work is subsequently meaningless. By no means should this film earn any praises come Oscar night - especially for Best Screenplay when it's far from it.",3
A Beautiful Mind,"I put off seeing this movie for quite some time because I didn't want to get caught up in the ""Beautiful Mind"" obsession. But now that I have seen it, I wish I had used the time to do things that have more meaning, like reorganizing your sock drawer. This is a manufactured film made expressly to win Oscars. I have never seen as self-centered performance as Russell Crowe's. Throughout the entire movie he might as well be saying ""I'm going to win an Oscar for playing this freak. HA!"" He has no respect for the amazing man that he is playing, you can see that in his incredibly cliched movements that look like he read a book about what crazy people do, marked exactly where he was going to do these movements, and then executed them without thinking if this is the right time or if it makes sense for the character to do them then. I was so relieved when he did not win the Oscar, but I didn't think Denzel Washington's performance in Training Day was all that spectacular, but it was more of a career award for him. Russell Crowe, however, has had a career about as impressive as a box of hair. Jennifer Connelly was just okay. I didn't see anything spectacular or Oscar-worthy in her performance, she just sort of screamed and looked worried and disheveled. The best picture Oscar could have gone to a much more deserving film like Moulin Rouge, instead of this heartless award trap. The only description I can really give this movie is...blah. 3/10",3
A Beautiful Mind,"They managed to make it so that, indeed, until the middle of the movie nothing is clear (I speak for myself, maybe someone is smarter). It's even strange how many years his wife lived with him and even she couldn't notice how creepy his veneer whistles are! In this movie, you can beautifully see how limitless talent Russell Crowe - for two years, such a great game in such different movies (I mean Gladiator again.) Again, this movie can be traced in the desire and the outcome of their great American dream (yet he won recognition - Nobel Prize is not the weakest confirmation of that). I'm getting sidetracked again!

Of course, you can say something bad about the movie, by and large, you will find no one to mark except for Russell Crowe in the movie, but again, this is just my opinion. A lot of people will say, ""How, how great was Jennifer Connelly!"" - I just don't like her!",3
A Beautiful Mind,"Kind of stinks.

There is one great scene where Crowe comes up with his economic plan by trying to pick up women at a bar....but beyond that, it sort of stinks.

The fault is mainly with Crowe and Connolly. Connolly has always had a hard time emoting and Crowe really only plays Crowe aide from the rare movie like ""The Insider."" The director did a great job aside of the lead, but really we have Crowe playing Crowe thinking he is the greatest actor on earth and, really, he should be playing John Nash.

John Nash doesn't really make an appearance in the film at all, it is all Crowe and that just doesn't work for a biopic.

Any other actor and it would have been as great as the fans make it out to be.",3
A Beautiful Mind,"This film was something I legitimately tried to like. Really. Going into it, I had average expectations, hearing the hyper over it over the years, and I've always had a tangible interest in conditions such as schizophrenia. Though the movie does do some things that I like, the things that I find wrong are all the more troubling, to the point where I never want to watch it ever again.

So, here are the things I liked, at least at first:

Russel Crowe's performance: believable. He did his job and did it well. I also enjoyed Ed Harris and Paul Bettany's performances.


(SPOILER) - Subtlety. At least, when it comes to the schizophrenia aspect... in the middle of the movie. I think the subject was handled okay, up until the end when it began to feel a little forced (although I would honestly need to comb through that again, of which I am not interested in doing). There's one part in which a desk ends up being thrown out the window. In the next shot(s), something happens in the background that hints to the instability of the protagonist's perspective, that you later understand as the viewer.

These are the things that bugged the hell out of me:

This is a sappy and contrived Hollywood picture, that instead of bringing issues that catalyzes honesty emotion, the events set in motion feel false, redundant, and overdramatic. I perfectly understand the weight of some of the situations (or the plot as a whole), but at the same time it felt like the movie didn't take the subject itself seriously and was following a paradigm to try and be ""one of those good movies.""


The mother effing romance. It was the most lackluster, flaky, force-fed, quickie-style romance I've seen in a movie this hyped. It felt artificial, it had no foundation or groundedness to it, nor chemistry, and worst of all, it was based on a real relationship that turned out much differently than what was shown in the film, and I feel is incredibly misleading and even PROPAGANDIC towards the whole relationship, which I feel is a disservice to the audience. It probably pisses me off more than most, but the romance in the film is so annoyingly recycled from every single film made in Hollywood. It was eye-rolling, and I simply can't stand it. In actuality, John Nash had an illegitimate son and had actually divorced from his wife and got back with her many years later. Why not include that? It simply didn't feel like it came from nonfiction source material. It felt like the oily, perverted hands of Hollywood.


The material it was based on. This felt like fiction - ""based on true events"" is correct, but I feel like these aren't real people, life doesn't go exactly this way. This is based on a certain reality - not the reality in which it's ADMITTEDLY AND PURPOSEFULLY based upon, which makes it worse when a film like this turns out to be so run of the mill. If the tone and details are going to be changed, why not make it a completely DIFFERENT story altogether? What if this film wasn't based on a REAL MAN and his LIFE? The sins of this film would be much more forgivable, I think. But it's not. It's about ""John Nash"" and his ""life.""


Ultamitely, I would advise not to take the events of the film incredibly seriously, and judge by your own discretion if you have any interest in it.",3
A Beautiful Mind,"Checking the requisite Oscar boxes, Ron Howard sanded off all the actual cruel edges of a genius suffering with very real and horrendous paranoid schizophrenia in a largely fictitious tale of how love can conquer all. Unfortunately, the Hollywood treatment conveniently ignored the hard realities of what was actually a fascinating biography of a man struggling a lifetime to balance his genius and madness, leaving viewers with an abundance of sanitized movie madness scenes, very little glimpses of genius, and a romantic relationship with no apparent basis. Read the book - would that the screenwriter and director had done so.",3
A Beautiful Mind,"(SPOILERS) To Russell Crowe's credit, he resists the temptation to wallow in Akiva Goldman's overwrought, pseudo-Greek tragedy of a script to deliver a fairly compelling performance. Nash's story IS compelling; however, Ron Howard (director) misses every opportunity to tell it or interpret it. Again and again, he resorts to safe, traditional, manipulative, Hollywood direction and refuses to enter Nash's mind and relay his experience in a visual or metaphorical way (refer to Aronofsky's brilliant ""Pi""). We are instead given car chases, conspiracy theories, imaginary friends, sentimental scenes with fountain pens, but alas, no interesting camera work. That's a pity. Roger Deakins' cinematography (with the Coen Brothers, for instance) is usually astonishing. Here, it's merely serviceable. Howard reigned Deakins in for all the wrong reasons. Lastly, the Academy of Blah, Blah, Blah is just as predictable, misty-eyed and conservative as it has always been. A Beautiful Mind was certainly not the best picture of last year.",4
A Beautiful Mind,"Good acting by Crowe. Good glossy package by Howard.

Atrocious movie, because it captures the mind, falsely, as a documentary, and leaves out too much of the controversial and true facts: Nash's bisexuality, divorce, and spontaneous remission of his disorder, to name a few.

Oliver Stone would be proud of this commercially recreated biography.",4
A Beautiful Mind,"""A Beautiful Mind"" is an honoured film. Lots of awards has been coming it's way and I understand it as this film is an archeotype of the kitschy image a lot of directors have on making film.

In fact, the film is kitsch. The result is always going to be so when the introductory view from the directors point is that ""we are going to make art/history etc."". Indeed Ron Howard has always wanted to make THAT film that could keep everybody talking. Looking at his records show that he so far has not artistically been very succesful. With all these awards, notably beating Robert Altman in Best Directing at the Oscars and DGA, has he then achieved it? Has he made art with ""A Beautiful Mind""?

No. Far from. He has elaborated on his very oldfashioned look at making movies, and he has shown his disrespect for the viewers.

Take a look at the dialogue in this one. Do people really talk like this? Did they do that in the '50s? No. Between Nash and his wife there isn't a single real-life conversation. Ron Howard does not have time for such common things. Common things in his mind cannot be art. So the couple are left with a cribbling dialogue that never explain their affection for each other but simply displays them as puppets. They are not real people. (A bizarre thing to say when the plot centers around an authentic story!)

Ron Howard's best effort so far IMO has been ""EdTV"". That was a charming film that did not try to be more than it was: Entertaining. The characters in it were (so to speak) normal - and so was the dialogue. Strange that even the real people in ""A Beautiful Mind"" have to be so shallow.

Also, Howard believes that the audience is more or less stupid. This leeds him to giving up on all subtleness and explaining everything very clearly. I don't like being spoken to as if I was stupid - do you? It destroys the overall issues of this film - and I cannot help thinking that it is so odd Howard never even tries to elaborate on Nash's theories and his importance. He has given up on us from the very start.

Russel Crowe is a always a rock, but here his performance tend to be unintentionally amusing - remember Anthony Hopkins in ""Legends Of The Fall""? You want to laugh as his character deteriorates - but no no, this is serious stuff. Does Ron Howard really thing life is that serious? Where is the authenticity in this real life story?

Jennifer Connelly is given very little to work with. She whispers and has got a different hair-do from time to time - and then there is the obliged breakdown that gave her the Oscar. Only Winslet and Smith were AMPAS nominees in the supporting category this year without displaying ""breakdowns"". Food for thought, eh? Anyway; even Connelly's breakdown seems odd. Howard so bad wanted the Oscar for her.

Kitsch is what this film is about. Indeed the weakest of the five Best Picture nominees. Artistically flawed and tame, Howard got what he wanted.

4/10",4
A Beautiful Mind,"Brilliant mathematician, John Nash (Crowe) becomes embroiled in counter espionage work in the Cold War peak '50's and his grip on reality takes a turn for the worst. He is helped by the love of a good woman though...

God awful ruination of a potentially revelatory story is woefully pithy; insensitively directed and features the worst Crowe performance since he hit Hollywood! The dialogue is a collection of wannabe profound soundbites which convince neither as the musings of the characters saying them or as the deep aphorisms the writer mistakenly perceived he was educating us all with. Howard's direction seems (almost purposefully) to miss the entire point that this should be a SUBTLE study of descent into and battling with madness. Instead we see the Hollywood lexicon for what thick viewers will recognise as madness: Nash gets angry for no reason; Nash writhes and foams; Nash chases his own tail; etc... And as pedestrian as Howard's non-functioning direction is - it isn't remotely helped by Crowe's interpretation of a tortured genius as: Spacker Camp! Crowe's grossly offensive (clearly un-thought out) attempt to portray insanity as a man walking around with the initial symptoms of cerebral palsy and talking with an affected, pseudo-effeminate register is the stuff of notoriety. This performance will come to haunt Crowe when right minded people wake up from their understandable reverie of rooting for the tortured soul and realise that a fine film is waiting to be made about John Nash and his tragic illness and this lame, gross affrontary is not it!",4
A Beautiful Mind,"A Beautiful Mind starts off really interesting as we learn about this... genius as he forges his way through high school. Probably one of the most interesting aspects of the movie is when we get a glimpse inside Nash's mind every so often to see the patterns he finds.

But, unfortunately, A Beautiful Mind begins to lose its charm, and quickly. Sure, everything begins to rapidly accelerate for a moment as Nash is wrapped up in some sort of government conspiracy, but soon everything slows and the movie really trudges at a moderate pace.

Spoilers are definitely coming.

Nash's transformation into the paranoid, totally freaked-out husband is interesting, of course. I was really getting involved with the movie, wondering what everything meant, what was going to happen to him, his wife, and his unborn child.

Then the mental hospital doctor's came, and everything began to go downhill. Once they keep him under control and try to show him that what he sees isn't real, the movie really slows. In truth, I was captivated, siding with Nash and saying to myself, ""No, it's real!"" That was probably the best part of the movie. It was almost like a twist. I could have never guessed those people weren't real.

But that did not sustain the movie. It didn't come together really well at the end, it was rather boring, and, although great if you're into movies that explore the depths of psychology, I found it quite tedious.

A Beautiful Mind can really catch one's attention at the beginning, but it can't hold its pace. I wouldn't suggest A Beautiful Mind unless you are into psychological probing movies.",4
A Beautiful Mind,"Alright, it was a well done movie for what it was, and interestingly executed, but it had the feel of a dry non-fiction work. It almost seemed like the hype and the Academy Award voting were tactical; you couldn't give Jennifer Connelly an Oscar for her brilliant performance in Requiem For A Dream, for instance, because after all Academy Awards can't go to naked women performing explicit kinky sex on camera in druggie films, but Beautiful Mind was just that sort of painfully earnest movie for which Academy members can impress one another at parties by claiming to have given it their votes. Now Crowe did a workmanlike job, Connelly was the spectacular eyecandy she's been capable of being her entire career, and the alternative to voting for this flick would have been to give Moulin Rouge a Best Picture nod, which would have been a crime against nature.

But that aside, while I saw this at Dollar Night at the Wollaston Theater, it's still two hours of my life I won't get back.

Rating: 4/10 and that's generous.",4
A Beautiful Mind,"Russell Crowe is sympathetic as a mathematician with schizophrenia who would prefer not to have to take his medication.

His life spirals into disarray, causing big problems for himself and all who care about him.

I watched about half of this before I threw in the towel and read a summary of ""the rest of the story"" on Wikipedia. I didn't need to see the poor man's unravelling played out.

The movie spends much of its first half doing a number on the viewer, seducing us into ""seeing"" the same things John Nash does. At a certain point we realize he's suffering from hallucinations.

I had some trouble with the casting and direction of Jennifer Connolly as Nash's wife. She knew that John was unusual when she pursued him, yet suffers from ambivalence when he experiences full-blown psychosis. Her aggression (i.e., shoving John's friend, shattering a glass into a mirror) didn't endear her to me.

It isn't surprising to read on Wikipedia that the Nashes' marriage didn't last long. It is surprising that they remarried decades later. Tragically, they died in a car crash in New Jersey in 2015.",4
A Beautiful Mind,"Why are all of Ron Howard's film boring?

And I've never seen any diversity in casting

The ""beautiful mind"" part was never really explored because this man is/was a mathematican and his formulas nobody in the audience would ever understand! So Ron Howard decides to put the focus of the story squarely on our protagonist and his mental demise and subsequent rise again. But it's just not that interesting. Sorry. I was bored by the time the credits came up. Russell Crowe is a fine actor but the story was limp and I was bored.",4
A Beautiful Mind,"I watched the DVD, of A Beautiful Mind, over a week ago, as I had really made my mind up about the picture, I didn't write anything until now. One thing I can't dismiss was the performances of Jennifer and Russell, whom I thought were both excellent.

I'm not sure about Ron Howard's direction, it's hard to criticise Ron, as he is such a likeable chap and on the DVD, you hear him talk about the film with great dedication and passion. Having said all that I feel that this was a weak presentation of a story, rather like Apollo 13, simplistic, join the dots' film making. No real use of the camera or changes of style. Nothing in this film draws me in or surprises me, by the end of the film, you have a feeling of being let down, with the director trying to get some kind of sentimentality out, even when there isn't any naturally there.

There are, of course, two fundamental problems with this film, the story itself. A mathematician, a shy difficult genius, who suffers from Schizophrenia. Yet he has the dedication of his wife to help him through his experiences. The story isn't that interesting or at least it isn't presented as interesting. The other greater problem is the lack of truth, which is a real problem for me. The reason I see a true story' is because I really want to see the reality of the situation and what really happened, not a fictitious account. When I read, after viewing the film, that he had homosexual affairs, whilst at school and in fact he believed he was hearing from Aliens and not from people, it adds a completely different slant on things. Also the key point of the movie, in my opinion, was his wife's ability to stay with him. In reality it was her that hid his problems and it was her that had him committed to an institution and the biggest contradiction was that she divorced him.

In summary, well acted, but yet another Hollywood true story' that is far from true (Hurricane, The Perfect Storm, Braveheart, etc)

6/10",4
A Beautiful Mind,"I can't understand what found the Academy in this movie to choose it like best picture. ""A beautiful mind"" it's a long, long, long and boring movie. Russell Crowe acting it's awful and half of the picture is Mr. Crowe acting like some kind of jerk. Do you really think this can be the best movie of the 2001? I don't think so. What about ""Amelié""?",4
A Beautiful Mind,"Russell Crowe is overacting and this is not a ""beatifull""movie.Is very unfair that Academy awards have given the Oscar to Ron Howard instead of Robert Altman.It's simple,lineal and a thousand times seen movie.Is bored and sometimes it seem a TV movie.Don't waste your time in this Academy winner(the worst Academy Winner of the last 4 years)",4
A Beautiful Mind,"I first watched this film when it had an advanced preview before its wide release. I liked the film but it did not feel it was a Best Picture Oscar winner and I believe screenwriter Akiva Goldsman is a hack of the worst kind. Well he did write Batman & Robin and here explains 'Game Theory' in terms of picking women up at bars which should had been enough to disqualify him for an Oscar win.

Over the years the film's disparity with actual true events has been an issue with a lot of people. The trouble is nearly all films tend to be fictionalised for dramatic effect and A Beautiful Mind I guess is no better or worse but to me felt like a film loosely based on some true facts.

I recently re-watched the film and planned to review it. The death of John and Alicia Nash in a traffic accident focused my mind on the review.

What I took away from my reviewing of A Beautiful Mind was Nash as played by Russell Crowe being surprised by the varied use of the Game Theory principles in the world of commerce. It makes the hackneyed attempt to explain this theory by Goldsman make it look even more inept. I actually find myself thinking of how Game Theory applies in real life with things like sport rights television auctions.

Once upon a time one channel would buy up exclusive rights to soccer. A winner take all attitude which presumably led to underhand tactics such as bribery.

Now you have packages sold to various TV channels, which means several channels in one country will show live soccer at different times and days with another channel having highlights and the soccer authorities maximising their revenue. The poor punter gets even more poorer though having to pay more in subscription payments!

On the weekend that Nash died I even thought if Game Theory could apply in things like peace talks. Were the South African Truth and Reconciliation hearings just another application of Game Theory put in practice?

A Beautiful Mind kind of overlooks the most important part Nash work and really places it as a footnote.

What we have is Russell Crowe playing the most muscular, dull/shy Ivy league mathematician you will ever get to meet in a film whose depiction of mental illness borrows heavily from the hit movie released several years earlier, The Sixth Sense.

You kind of lulled into a false sense of security before you are hit in the gut with a sucker punch, but eh, this is a film of a man who suffered from mental illness. I saw the punch coming.

You then see Nash regaining his self, his worth and his wife. He returns to academia and gains academic acceptance with a Noble prize.

The film is watchable, there are some nice flourishes put in by Ron Howard the director but it feels less substantial than its critical acclaim suggests which includes an Oscar for best picture.

A Beautiful Mind is a picture of a man where they give you the biography but miss out on his thinking.",4
A Beautiful Mind,"I really can't stand the people who seem to love this movie so. When I saw it, I was like, so, all this movie is about is one man's ordeal with schizophrenia. So what?? The ""beautiful mind"" part was never really explored because this man is/was a mathematician and his formulas nobody in the audience would ever understand! So Ron Howard decides to put the focus of the story squarely on our protagonist and his mental demise and subsequent rise again. But it's just not that interesting. Sorry. I was bored by the time the credits came up. Russell Crowe is a fine actor but the story was limp and I was bored. Some movie fans are such suckers when it comes to displays of intense emotion. That puts them over the edge and they think they've just witnessed an incredible movie. Unfortunately, NOT!",4
A Beautiful Mind,"Russell Crowe is very good, but there is absolutely nothing new about this movie and the 'Captain my Captain' ending made me laugh. The supporting cast is very average and to be actually considering this movie as an Oscar winner showcases how bad a year in movies 2001 actually was.",4
A Beautiful Mind,"Slow and boring movie about a delusional mathematician which dont focus on the reality in the portrayed persons works. I dont like it because i dont like to look at a disturbed person and his experiences. If you want to see a real nice and fun movie, see scary movie 2 or something really funny like ""not another teen movie"". However, i dont see how one can try to go into this persons mind, this is just a quick glance at something of course more complex and involved than its room to place in a one and a half hour movie. Instead, you should study some psychology, and in that case use this movie for some kind of acknowledgment of your already learned knowledge. The mathematic aspect is, as expected, strongly simplified, and a kind of a crack kids high in the cloud fantasy. Why dont we see more of the interesting works of this man? Probably because one of two reasons. We already have one reason; the time aspect. This is acceptable, if you dont count on getting the priorities straight, because the obvious time limit of a long film. The other possibly reason is because the film makers is thinking not many people would be interested in a film, harrowing about boring mathematical problems. If that is true or not, can of course be discussed. I however believe its perfectly a necessary component in this kind of movie.",4
A Beautiful Mind,"Totally agree with the users speaking out on Russell Crowe Crowe and Jennifer Connelly (as eye-candy radiant as ever) for their easily superior turns in ""The Insider"" and ""Requiem for a Dream"" (in turn easily superior to ""Mind""). Now, on to this picture, which I feel is the worst of the Best Picture nominees this year.....

Walking into the theatre beforehand I was well-aware the film was under a considerable amount of critical fire for glossing over Mr. Nash, the individual - making him out to be way too much of a saint - and his accomplishments. Now I must concede that - bearing in mind there's a great deal of validity to all those objections - however you want to cut it, film is just NOT the best medium to resort to for accuracy and factual glut to satisfy the average viewer. War extravaganzas like the recent ""Black Hawk Down"" and ""Pearl Harbor"" are glaring examples of such a fault.

But even looking past what the film is lacking in biographical substance (not very easy), there's not a whole lot in ""A Beautiful Mind"" to recommend here:

* John Forbes Nash as Crowe capably inhabits him is awfully hard to care about from beginning to end, despite the fact that the actor labors hard to flesh Nash out. He's fighting a screenplay that is far more concerned with the delusions haunting him than anything as substantial as his real life, or who HE was.

* Ed Harris and Christopher Plummer, each a great actor in a rather thankless role.

* It painted a portrait of schizophrenia that came off as, for the most part, pedestrian next to others found in the likes of, say, Darren Aronofsky's ""Pi"" and ""Fight Club"".

* This portrait is worsened by moments supposed to incite laughter from the audience as a result of Nash's illness.

* It sprung a 'twist' halfway through that came off like lazy screenwriting or a half-baked rehash of the Revelation concerning people who don't actually exist, something Hollywood ought to retire for a while.

* Not an iota of depth, but a good dose of superficiality, is to be found in the movie's depiction of why Mr. Nash was such a brilliant mathematician or what attracted Alicia Larde to him in the first place. Or why she put up with Nash so long. (Alicia is underwritten to such a great extent, you have to admire that Jennifer Connelly doesn't emerge as defeated from the screenplay as you would think, either.)

* It actually left me wondering, like many Miramax-backed yarns of late, whether the central motivation behind its making was to win Oscars - not exactly an uplifting feeling, but then again, I guess the movie must have failed in its obvious attempts near the end to inspire that.



For all the faults of ""Moulin Rouge"", ""Gosford Park"", ""Lord of the Rings"" and several other films that didn't make the Best Picture cut, but should have, at least they didn't seem nearly as calculated, and had far more interesting methods of storytelling guiding them. (The fine Apollo 13 aside, I feel Ron 'Opie' Howard's talent is vastly overrated.) Neither did many of them seem to overstay their welcome as much as ""A Beautiful Mind"" (over 2 hours long).

There are spots where the movie simply DRAGS, and threatens to drag the viewer's opinion of the proceedings down with it, despite the valiant efforts of Crowe and Connelly to inject some interest factor into Akiva Goldsman's predictable screenplay (Golden Globe worthy my A$$). At times they almost succeeded. In the end, they are the only elements of the movie worth all the Oscar buzz. Should you be in search of an adequate starting showcase for their talent, but not much more, look no further and check this one out, but brace yourself for the running time.",4
A Beautiful Mind,"I must admit that this review is somewhat unfair in that I only lasted for an hour before I had to leave. It was that bad. It was a very disappointing film. It was corny, overacted, and predictable. The premise of the movie intrigued me, as did seeing Crowe in such a divergent role from that of the character he played in Gladiator. In the movie he has this ability with numbers and uses mostly facial contortions to portray to us the fact that he is using his ability. Well as I watched this I thought `how could they possibly be talking Oscar for this guy' His acting was so painfully bad.

In one shot be bangs his head on the window (he acts like he just took a bullet to the groin) and it produces a spider crack in the glass. Well, he bled like a stuck pig, with a gash on his head O.J. would have been proud of. His roommate rushes over and gushes over him like Crowe was his love interest. Sickening. Then, in the very next scene not so much as a scratch on Crows head. Oscar? Smoshker. This movie was well received by many others who reviewed it on this web site. I can only imagine that most of them are women who are infatuated with him, and would give two thumbs up if he played in say `The return of Pee Wee'. The acting from not only him but also most of his costars is so contrite and overacted it leaves one actually in shock as to how bad the movie is. The one bright spot as far as I could tell was Judd Hirsch. Who played a professor. Do your self a favor and wait till this stinker comes out on video and borrow it from the library.",4
A Beautiful Mind,"From worldwide fame to the depths of sin, John Forbes Nash Jr. learned it all the hard way. A mathematical genius, he did a titanic job in the field of game theory at the beginning of his career, which turned this branch of mathematics around and practically brought him international fame. However, literally at the same time, arrogant and popular with women, Nash gets a stroke of fate that turns his own life around. 4-",4
A Beautiful Mind,"This film is wildly over-rated. I expect it may win Oscars, but that will be an absolute travesty, and simply a confirmation of the pap-loving and mindless U.S. audience. Is that confrontational in Oscar week? No. Look at the sort of films that do well on the big night! This film is like Chocolat - sugary sweet. Let's just hope for the sake of cinema that the Academy sees sense like it did with that. The film is historically completely inaccurate. But the serious crime is that schizophrenia is badly misrepresented. Rather than audi-intrusiveness in some schizophrenics, the film producers decided to opt for sixth-sense style sensationalism. How original. Nash's violent temper and bi-sexuality were almost completely disregarded, or sanitised, and the ending was puke-makingly sugary. The film has one, and only one, redeeming feature: Crowe has done it again. For all his odiousness as a person, he has managed a fine performance. But this film is otherwise hardly worth the entrance fee. Oh, and by the way, a biopic whilst a person is still alive? I don't think so. You end up with a piece of sychophantic drivel.",4
A Beautiful Mind,"A Beautiful Mind does many things right: smooth, professional aesthetics, a solid story, and an interesting well developed character, John Nash (Crowe). I did however have one major problem with the film-- the characterization of Alicia, Nash's wife.

Although Jennifer Connelly may have ""acted"" well, I found her character highly problematic. How could a smart, beautiful woman (studying at MIT) who seems so normal not have any qualms or relational problems with her husband? Why, in the first place, would she be attracted to someone who appears twenty years older than her (whether he is or not), who is her teacher, and ultimately, a dork. Even if the disbelief is suspended in considering the nuptials, why would she stay loyally at his side through all his psycho tendencies, and on top of that, not have any suspicion that she married a schizophrenic? Although this 'dream girl' of the movies may work in less respectable films or comedies, I was disappointed to find such stereotypical characterization in a serious, critically acclaimed film. I'm sorry, but I've never met anyone like this.

Part of the problem with her characterization I think stems from two ""Hollywoodisms"" to the adaptation: first, omitting the complex and confusing nature of Nash's love life (i.e. the period of homosexuality) in an effort to make the film mainstream friendly, and secondly, the technique of making his schizophrenia appear real for the first half of the film (ala Sixth Sense). I don't think the film needed to address his homosexuality, but it did need to acknowledge and deal with his complexity in a sexual relationship, and the identity crisis that accompanies it. His relationship with his wife, however, becomes too stable, too simple, and too easy. Yes she cries towards the end, and may get upset, but where are the problems in their relationship earlier, does this woman have a major issue with denial? The stunt of not having his condition apparent for the first half of the film further complicates the character Alicia, as she also must be unaware of his condition for this portion of the film. In reality, however, how could one be?

My final criticism is that the pacing was too slow, but I won't rip the film apart any more. I was just disappointed that such a rich characterization of an interesting man had to be sandwiched with plot candy and typical Hollywood notions of women.

Brooke",4
A Beautiful Mind,"This film has good points of course; acting, camera work and the general look of the film are beyond reproach. However, the plot does not carry a film of this length and scope, and this proves to be a fatal flaw in the tapestry. The excessive time devoted to the unfolding of the relatively simple story makes a mockery of the otherwise fine efforts of the actors, and make them look overdramatised and pretentious. This is where the film crashes in the view of this critic, because a serious and dramatic film can absolutely not afford to be pretentious. Cut by 45 minutes, this film might well have been good. 4/10",4
A Beautiful Mind,"What is it with Hollywood. Based on a fascinating book, a strong cast and a decent budget -- and...all we get is another sacchirine tear jerker. And where's all the dark stuff? John Nash was definately no saint, but watching this film he came through as ""more sinned against than sinning"". Some decent acting from Ed Harris and Jennifer connelly just about made it worth the price of the ticket. But only just. Best movie of the year?",4
A Beautiful Mind,"I really love Happy Days. There's something about Richie, Pottsie, Malph, the Fonze, and all the Cunninghams that just causes all of my aversions to sugar-coated Americana switch off. I cannot tolerate the Brady Bunch, Leave It to Beaver, Full House, etc, but a half-hour of Happy Days is pure television genius. I can't really explain why this is, but I surmise that I've always detected that, on some level, Happy Days didn't believe the myths it spun. It understood that the era it depicted was not all peaches and cream; there was something dark underneath all those episodes.

Those other shows, those happy-family sit-coms, seem to believe their mythic landscapes and I cannot abide them for that. Or something.

Well, as you all know, little Richie grew up and became a reasonably successful film director and produced, among others, A Beautiful Mind. And, man, does it make me yearn for Happy Days.

I'm not entirely sure why this film has been un-necessarily given the title of genius. It's really just another Hollywood bio-pic and, if I'm not mistaken, there have been very few of those that were worthwhile (Ed Wood, for example, or Baadasssss! or Auto Focus). Nevertheless, come February and March, they take home all sorts of little gold statuettes.

Russell Crowe offers another fine (though not Best Actor nomination worthy) performance as John Nash, schizophrenic genius extraordinaire, while Ed Harris proves again that he should receive more leading roles. He's one of the few character actors left in Hollywood who can waltz into any movie and instantly improve the film's quality. He was by far the finest point in the Hours and he's equally excellent here, yet again supplying the high-point in an otherwise mediocre movie (Truman Show and the aforementioned Hours anyone?). The remaining performances struck me as rather bland, as did the direction, and score.

The only other bright spot for me were occasional flashes of cinematographic brilliance supplied by Mr. Roger Deakins, who, though not at the top of his game, provided us with something better, at least, than his nadir thus far - O Brother Where Art Thou.

To be honest, though John Nash is certainly an important figure and has provided many important discoveries, I seriously question the need to give him his own film. Most great bio-pics serve a higher purpose than to worship the life they depict, offering the audience insight into something other than a so-called genius. A Beautiful Mind strives to do this, providing us with a glimpse into the world of mental illness, but ultimately the movie fails in this.

The movie ultimately is not about schizophrenia; it's about John Nash. I like my bio-pics the other way around; I like them to be about something and not about an individual or group (take Ed Wood, for example - a film not about one of the most interesting Hollywood figures, but rather about the under-side of Hollywood - the B-picture and the effects of Hollywood upon the stars it made famous and threw away) All in all, this was a mediocre film, not worth the attention it received and certainly not worth the $9 I gave them to see it in the theaters. I",4
A Beautiful Mind,"I was extremely disappointed by this film. I had read many people who said that Ron Howard had done his best work here, but what I saw was the same old stuff - paint by numbers script (not his fault but he could have done a better job disguising it), extensive attempts at tear-wringing, even VIOLINS in the dramatic scenes - overt sentimentality. The direction was totally manipulative. Only the acting, (which was still a bit of the showy ""give me an Oscar"" variety by Crow) kept me with this film. The Sixth Sense plot line was predictable, and the staging was awkward. I think it is a shame that so many movie people are jumping on the bandwagon of a mediocre film while ignoring the true classic of a week year. LORD OF THE RINGS is by far and away the best film of 2001, and Moulin Rouge deserves credit too. To see a really great Russell Crow performance, watch THE INSIDER.",4
A Beautiful Mind,"Maudlin, paint-by-numbers biopic about math whiz John Nash that makes mental illness and marital strife look as pretty as a magazine cover.

Russell Crowe does give a good performance, I'll give the film that, but I wonder how much better a performance he could have given if under the guidance of a more interesting director than Ron Howard. Every Howard movie I see makes me feel like -- no matter what the subject matter -- he's determined to create a movie that would be o.k. for eight-year-old kiddies to watch. Works fine when you're dealing with mermaids and firemen, but not so much when dealing with material like this.

Jennifer Connelley proved that Joan Allen no longer necessarily cornered the market on mopey suffering wife roles, which turned out to be a good thing for us, because Allen was then free to play a hot CIA agent in the Bourne movies.

Grade: C",4
