title,comment,rating
Black Swan,"As a guy who has always felt that the only thing more hideous then opera is ballet, I tried to watch this because of the rave reviews. The sensibilities that celebrate art forms like this are so opposed to my nature that it really wouldn't be fair to comment but most men's feelings are on lumped on this side of the spectrum. What more is there to say? The box top photo tells one all they need to know. It's awful and none of the lead's whimpering and whining and prancing and simpering redeems it. It's sickening.

As a guy who has always felt that the only thing more hideous then opera is ballet, I tried to watch this because of the rave reviews. The sensibilities that celebrate art forms like this are so opposed to my nature that it really wouldn't be fair to comment but most men's feelings are on lumped on this side of the spectrum. What more is there to say? The box top photo tells one all they need to know. It's awful and none of the lead's whimpering and whining and prancing and simpering redeems it. It's sickening.",1
Black Swan,"Skip this one, I wish I had. ""Black Swan"" was even worse than I expected. I had hoped that there was enough artistic beauty in this film (between the dancing, costumes, music and filming) to make this depressing story worth watching, but much to my chagrin all those elements were lacking and certainly not good enough to make this poor film worth watching. Even the camera work was shaky and terrible.

I had thought that the Oscar winning performance of Natalie Portman would make this worth a watch, but it was not memorable in a good way. The content of the film was awful -- nothing positive here, a demonized woman obsessed with perfection and professional success has her ego fractured and her life destroyed by her quest. A sad film. 1/10.",1
Black Swan,"Perhaps in life good and bad are always evaluated. The main theme in this movie was about the weighing of the two sides. Like Star Wars between the Jedi and Darth Vader. Or like the ying and yang in Eastern Religion. This movie was about opposites. Not just good and bad but also the differences between reality and non-reality. Between success and failure. Between famous and destruction.

Throughout this whole movie, I felt that someone was pulling my hair. The movie was so uncomfortable to watch. I found the whole content and graphics very disturbing. The blood from Nina's fingers, the blood and scratches on Ninas' back. I felt shaken inside when watching this movie. This is one of movies that I went to were people actually left the movie theater. Last night 4 people got up in the movie theater and left their seats - not returning either. The only other movie that I experienced that happening to was with Schindler's List.

If I put this movie into perspective, I must admit that the movie was one in a million. That I have not experienced anything quite like it before. That I could actual feel the frustration, pain and complete loss of control and the gain of control all in one. So in that viewpoint the director succeeded immensely.

I think the ratings 14A should have been put up to 18+ and Restricted because the movie has lots of blood and a very destructive intertwined story.Even though it was a story of a ballerina, the graphics, were almost like watching a war movie.

I must commend the xtc scene and the hard dancing combined with the flashing paused cinematic photography. That conveyed an incredible real, life-like feeling. And I loved the metamorphose effect when Nina changed to the Black Swan - in one of the final scenes. Her skin started to change into scale-like features, and black patterns and wings started to appear on her body. She became the Black Swan in her being and it came out in her dance. That dancing display of blackness was amazing and empowering. It really gave a good impression of what was going on inside her head.",1
Black Swan,"This is lesbian hardcore porn wrapped up in a little girl's pink and white dream life (and bedroom). It doesn't get much more perverse than that. There is the message that pursuit of perfection leads to ruin, but it is lost in the blood, violence, and--again--the pornography that the director decides to use. This movie was hyped, but it fails to deliver. Too bad. It could have been great. As it stands, I give it a 1 because I can't give it anything lower. I expect so much more from Keira Knightley. Not so much from the high-school faced ""star"" of That 70's Show (which had nothing to do with the 70s. I know. I was there.)",1
Black Swan,"A low bass sawtooth note being driven through a resonant low-pass filter with slow but constant ticking of a clock playing over it is heard over the title cards listing the creator, episode name, storyboard artist(s), and creative director.",1
Black Swan,"Good acting and directing does not mean the movie is going to be good !! Natalie Portman was in her best performance, the directing was really good but the movie was really bad ! It was OK in first 10-20 minutes then I just waited for something to happen. Waited, waited, got real bored, and then boom! the movie finished !! I don't even know why they made this movie !! just to make a movie what is going on in ballets life, competition and the effects on them??? Well they could just made a 30 min. documentary instead of a long boring movie. Anyway I see there are many fans that like this movie. Well I am not one of them. This was a boring time wasting movie with a very small point. 1/10",1
Black Swan,"Am I the only one who notices Portman never does any ballet, she shown from the waste up---or from the waist down, in other words she never actually is doing any ballet herself

may as ell have some one dubbing singing and then giving the actor on screen credit for it

A complete sham movie",1
Black Swan,"I don't think Portman is a good actor. I thought she was absotely horrible in Star Wars and when I saw her on Broadway in The Diary of Anne Frank, half the audience left early and the other half was praying for the Nazis to come and get her so the play would end.

That said, her performance here is also weak. Just not believeable.

The look of the picture is disturbing as well. It's shot in this overly grainy style and I don't know why. It's like they over laid grain on to the film.

The story for me wasnt especially compelling. In fact, it was rather slow and boring. The soundtrack was worse. It was almst like they pulled stock music out of a catalog.

Overall all I found nothing whatsoever to like about the movie.",1
Black Swan,"Dear oh Dear! Darren Aronofsky you sly dog you. Took one of the most promising actresses in the world, wrote a god awful script, shot it in a room with no lights and a 1999 hand-held jvc camorder, added some dodgy CGI, and now your going to win 5 bloody Oscars! This movie is the worst I've seen since TRON:LEGACY unfortunately ""gifted"" our local screens. As stated above, i have no love for this film. Don't get me wrong, Natalie Portman and her supporting cast were awesome, kudos to them.. BUT whats with the HUGE lack of dialog. I get that the director wanted the audience to interpret all the pretty dancing and awkward sex deprived Portman moments in our own way, but honestly THIS WAS A JOKE! SHoddy camera work, shoddy lighting, shoddy production. The score was the only thing thing that kept me half interested in what was going on up on the screen. I was originally incredibly excited to hear that MR Aronofky was set to helm he new ""wolverine"" movie, but, after paying 11 bucks to watch this??? Not so much. Mila Kunis is wasted, as i feel is Winona Rider, the whole crazy bitch thing has been done numerous times, see ""GOTHIKA"" with Halle (black catwoman WTF) Berry or Leo Dicaprio in that Scorsese movie that made not much money. I would honestly have given this 0 if i were able. Sad that this will probably get best Picture over films as great and ORIGINAL as Social Network or THE KINGS SPEECH. Strongly do not recommend!",1
Black Swan,"OK so I was forced to go see this film with my girlfriend. That's a given in my situation. I choose a film to see and next time my girlfriend chooses. Fair is fair.

I watched a trailer to this and figured it would be kind of a crazed serial killer/ murder movie. Was I wrong! A load of ballet dancing and men in tights. This film tries so hard to be arty that it comes off as being full of itself.

A weak plot that takes so long to unravel you almost go insane. Looking around the theater I noticed one other guy. An old man with his wife. Same look on his face as I did. Other than him it was old lesbians and rich looking hags all around.

If your a male who likes male things and isn't at all interested in ballet skip this load of tripe of a film. An hour and a half of a little rich girl crying and whining and dancing around. Blah blah. Not even a boob in this film.

Its a yawn fest.

Dave",1
Black Swan,"The dancing is wonderful, however you are not Anne. I hate transporters, I hate Anne for not sticking up for herself while in the headquarters of majestrate of Israel.,, please let Natalie go. She is old, thank you. ANNE ROCKS I thought of thee with no passionate behind your equinox timing, on your relooks crooked dance moves. You looked great just not the professional that Anne could of been, I need you to be a friend, so you can introduce me, If anything I need someone to talk to, and not go away into a shell shock of cryer. Get me out of here before you jump at me. Thanks. I LOVE ANNE!",1
Black Swan,"Black Swan could have been a wonderful story about the hardships that ballet artists suffer without all of the perverse self cutting and filthy mouthed females.Why oh why can't Hollywood produce a good movie that is not disgusting and shallow?Fox Pictures go back into your film vaults and watch some of your vintage films and see what you don't know how to do anymore.What a waste of Natalie Portman's talent.What is with the disgusting lesbian scenes in the movie?Is that necessary?Barbara Hershey is looking really horrid with all of her plastic surgery.Hey Barbara it did not make you look younger.Look in the mirror Barbara.Hollywood is obsessed with plastic surgery that does not make actors and actresses look younger.The plastic surgery that is prevalent in our society is not making people look better,only freakish.Black Swan could have been good.Chalk Black Swan up as another Hollywood failure.",1
Black Swan,"I really don't want to be mean, because the reason why I had chosen to watch this film is that I had already watched many films with male protagonists. The Black Swan doesn't help me though... Many things are wrong, but I will just mention the most important to me: 1) How come Nina is so shy? Aren't professional dancers supposed to be confident? If not, then why there is an absence of her background? We don't know anything about her past, for instance when she started ballet etc 2) Lily is a ballerina who has a visible tattoo, smokes, drinks, eats cheeseburgers and apparently has enough free time to go to a club! And apparently she can be late for ballet practice and dismiss the warm up without a problem!

3) Most characters cuss as if they work in mafia or something. Isn't this a ballet company?

4) MOST IMPORTANTLY, I was felt with the impression that the film romanticizes sexual harassment. Really awful to watch, although this is a stereotype that we see too often in commercial Art.

All I'm saying is that watching an original ballet performance on Youtube would be much more entertaining...",1
Black Swan,"I went to see this film this weekend, and came away feeling I was glad to get away.

This film certainly should not be classified as a 15 as there was a lot of unnecessary violence and was too sexually explicit for a 15 year old to view.

Felt very let down by the people who classified this film and if it was classed as an 18 I would be better prepared as to what I might see.

In all truthfulness, I would not have allowed my 16 year old daughter go and see this with her friends.

The story line was good but spoilt it for me by the degree of violence and sexual activity.",1
Black Swan,"If you wanna see a movie full of disgusting lesbians then be my guest. Some how the movie crossed to a lesbian love story in the middle of it. It was disgusting, i threw up in my mouth and walked out of the theater. Absolutely the worst movie with Natalie Portman ever. It went from being a thriller, to a ""love story"". It's pretty much a little porno. I hope i never see a movie like this again. I wish the movie info would tell you there will be homosexual relationships in the film. Hollywood should inform people what it is the movie so it does not offend. We say if there is killing, why can't they say there is homosexuality? I was not happy with this movie, and it should NOT receive any honors or awards.",1
Black Swan,"It's a movie that makes you think and use your whole brain trying to keep up with what is happening through out the movie. I didn't get it anyways, but if you're smart you probably will get it better than i. The movie contains a lot of dancing and ballet is always beautiful to look at, especially when they have perfect clothes and makeup. so you should definitely see it at least once in your life. The beautiful and talented Nathalie Portman is starring this movie and she is excellent. To think of the hours of practice she must have done is amazing. Low scores from me only because i didn't understand the movie. 1/10 points from me, 0 was not an option.",1
Black Swan,"Never have I been so disappointed in a movie. Being a fan of ballet, I had anticipated a classic film done in good taste with beautiful actors, sets, and music. I was shocked and disappointed to find this film laced with totally unnecessary scenes of gratuitous sex, perversion, sex offenders, sexual harassment, and filthy and offensive language. The dirty old man on the subway, bus, or whatever was the last straw that prompted me to change the channel. It really is a shame the topic of a ballerina dancing the parts of Odette and Odile was not approached in a wholesome way by a different director and screenwriter.

The movie has a good cast that, unfortunately, was wasted on this perverted nightmare trying to disguise itself as a film. All I can say is, ""Thank God I did not waste money on a movie theatre ticket or on a DVD of this horrible trash."" I would advise everyone to pass on this one.",1
Black Swan,"I know I was supposed to love this movie, or at least appreciate it, but quite obviously I did not.

If I had to describe this movie in one word, it would be ""frenetic"".

How she got so freakin' crazy so fast, I don't know and I had zero intentions of going back to try to figure it out.

This is one of the WORST movies I have ever seen. IMHO.",1
Black Swan,"the entire movie the lead just has this one neutral facial expression, the ""dramatic plot twists"" where predictable and when she imagines changing into a swan I laughed so hard people shushed me in the theater. don't spend your money on this, please.

I know it got an Oscar and all that, but keep in mind, that doesn't meen crap.

sorry for the harsh language and all that, but I still want those 2 hours of my life back, and that ain't happening

thanks for reading,

Sincerely,

Midas",1
Black Swan,A movie full of weird stuff that messed up the story.. felt more like a failed horror at times.,1
Black Swan,"I recently read what Mila Kunis went through to prepare for this role. So when I saw it was on TV tonight, I thought it was time to watch it - after years of hearing the hype, not to mention Portman's Oscar.

I think Natalie's face was the same through the whole film. I didn't really see a lot of acting. Just sad ""Nina"" driving herself crazy because she hasn't had a carb in 14 months. Supporting role characters were all so cliche it was nauseating. The overbearing mom, the creepy foreign art director guy, the mean girls, and then there was ""Lily"". As expected, Mila was the only ray of sunshine in the whole film.",1
Black Swan,"I have nothing against Natalie Portman, I swear I don't...but this has got to be the worst acting I've seen her do. If I didn't have a basic idea of the storyline before seeing this movie, I would not have had a clue wtf was going on. It's horrible. I don't know who gave it three out of four stars but they must have been high and seeing a movie I didn't see. I've seen many 10 stars on here...again, I just don't get how. The end didn't even shock or give me any kind of feeling. It just happened. The only way you can maybe get something out of this movie is if you are absolutely crazy about ballet. Even with that, I still don't see three out of four stars or any of the high praise people are giving it on here. Worst movie I've seen in a long time. Had to force myself to watch it to the end.",1
Black Swan,just my opinion but to me its awful and weird movie. plus one of Natalie Portman's worst movies. never going to watch it again. hate it. she needs to accept better roles shes a good actress otherwise. one role I love her in is definitely Thor and Thor dark world . hope shes chooses better movie next time. also it was too weird and slightly dark for a ballet movie. ballet is meant to be sophisticated and beautiful...but that wow. in fact awful wasn't the word for it . if I could have rated it lower than 1 I would have 100% worst movie I had seen in a while. other than Natalie Portman they should of tried to find better actors/actresses too. I'm no film critic but like I said just my opinion.,1
Black Swan,"I'm a very bright person, I pass school with high marks, I've been studying art, history and film in University and I've seen this movie twice. Even after looking up the explanation for this movie I just did not get it at all.Half the time I had no idea what was happening and the other half I was bored. I don't understand why everyone loves this movie so much it's just plain awful.

It says I haven't typed enough so i'll just ramble from here, the special effects were alright from what little there were. I thought that the masturbation part with her mom sleeping in the room was a little odd and unrealistic (who wakes up and does that?) and I'm not sure why they made the lesbian scene a dream. Overall, don't bother watching this unless you're a hardcore art interpreter or something. I don't want to put in a lot of effort when I watch a film and this one was just a headache.

Story Short - boring and confusing",1
Black Swan,"This movie is boring, sick and disgusting just like the lady Protagonist in the movie. Right from the beginning to end all I see is Rubbish. Only thing this movie does is promoting immorality. All the characters in the movie are sex addicts in one or the other way. This movie not thrilling nor it sends right message to the Society. There is no story in the movie, but this movies has been dragged to boring 1.48 hours.",1
Black Swan,"I can't believe I just spent 2 hours in front of a theater screen watching this movie. I feel so bad, because over the weekend we went to see The Nutcracker play, and because The Nutcracker has ballet as it's basis for communicating a story (wonderful and happy I might add) the Black Swan appeared to put a damper on my ballet experience for 2010.

This is just not quality entertainment. It felt irresponsible to our culture to be released over the holiday season.

If you can accept or enjoy sexually distasteful and unexpected bizarre plot scenes, then maybe you will be okay with this movie. It did keep my attention even though I had to look away several times. But it put a stain on my holiday psyche that I will do my best to remove.

I want to say something good about this movie so I can sound unbiased, but really, it was a waste of my time and I am sorry I entered the theater.

Hollywood needs to change it's way.",1
Black Swan,"Black Swan (2010) is, without a doubt, an impressive film. However, upon closer inspection, it becomes glaringly obvious that the film is little more than a direct copy of Satoshi Kon's 1997 psychological thriller Perfect Blue. The similarities between the two films go far beyond mere inspiration; Aronofsky's work can be considered little more than a Western reimagining of Kon's masterpiece, borrowing not only the central premise but also key plot points, themes, and stylistic choices.

Both films revolve around a female protagonist who is consumed by her pursuit of perfection in her craft. In Perfect Blue, Mima, a pop idol turned actress, is overwhelmed by the pressure to conform to a new image while battling a stalker and the distortion of her own identity. In Black Swan, Nina (Natalie Portman), a ballet dancer, fights to embody the duality of both the innocent White Swan and the seductive Black Swan in her role as the lead in Swan Lake. The obsessive pursuit of this dual role pushes her toward psychological collapse. The overarching narrative of a young woman driven to madness by the pressure of her career is essentially identical in both films.

The central conceit of identity breakdown is shared between the two, as both protagonists begin to lose their grip on reality, unable to separate their personal lives from their roles in their respective art forms. The distinction between the real world and the characters' delusions becomes increasingly blurry. In Perfect Blue, Mima's world is fractured by hallucinations and the intrusion of her pop idol persona, leading her to question her identity and sense of self. In Black Swan, Nina's descent into madness is similarly marked by hallucinations, blurred boundaries between her roles as the White Swan and Black Swan, and the eventual realization that her own psyche is collapsing.

Additionally, the visual motifs in Black Swan eerily resemble those in Perfect Blue. The shifting between reality and fantasy is depicted through the same type of surreal imagery, like Nina's reflection in mirrors or her transformation into the Black Swan, which directly echoes Mima's transformation in Perfect Blue as she struggles with her new, darker image. Even the shocking, disturbing imagery-such as the physical self-mutilation-appears in both films as a representation of the character's internal anguish.

The characters themselves are almost carbon copies of one another: both Mima and Nina are young women who, after achieving a certain level of fame, must transition to a new, darker persona, which in turn causes them to lose their sense of self. Both women are manipulated by the people around them, forced to navigate the treacherous waters of exploitation, fame, and the crushing demands of their art. The focus on the psychological toll of fame and the blurring of identity in both films are not just similar-they are strikingly identical.

While Aronofsky may have acknowledged his admiration for Perfect Blue, Black Swan cannot be considered anything more than a hollow imitation. It's not a homage or reinterpretation-it's a direct retelling of Perfect Blue, stripped of the nuanced cultural context of Japan and reassembled in a Western framework. While Black Swan certainly has merit in its execution and Portman's performance, it offers nothing new to the genre that Perfect Blue didn't already deliver over a decade earlier.

In conclusion, Black Swan is a film that takes the brilliant themes, narrative structure, and visual cues from Perfect Blue and repackages them in a glossy Hollywood shell. Whether intentional or not, it is a blatant act of plagiarism, borrowing nearly every significant aspect of its predecessor. It's a compelling film, yes, but it's hard to ignore that what we're watching is merely a watered-down version of Kon's far superior work.",1
Black Swan,"At least I watched this on HBO for free; I'd be highly upset if I paid money for movie tickets. I love Natalie Portman and think she's a fine actress. However, it was like there was a competition for ""artsy film of the year that wins critics' reviews"" vs. an actual interesting film, and artsy won. The darkness was too well hidden and just didn't make sense, IMHO. It was also a little shocking to see how skinny Ms. Portman got to portray this role - you may not want to let your impressionable daughters watch this. Ribs, spines, pelvic and collar bones are prominent. Realistic to the industry, I know, but not something I want my daughter exposed to if I can help it.",1
Black Swan,I lost 2 hours of my life with this stupidity. Don t make my mistake.,1
Black Swan,"OK so this film was officially the most over-hyped piece of overly dramatic film where things happen for no reason and tries way too hard to be Avant-garde and amazing when it's just a prima donna gone crazy due to pressure to perform from her mummy dearest It's The American Psycho meets Mean Girls.

The author just uses lots of titillating scenes of girl-on-girl action, or girl pressuring herself, older-perv action and girl being weird action.

Then you have lots more scenes which are meant to be significant but are just tedious nonsense that the director thinks makes him look profound The whole thing was more about being all arty and trying to shock for the sake of shocking rather than a plot that held my interest Some people can be bought into thinking this was a masterpiece because it's arty and it's artistic merit isn't something plebs will understand But like obscure paintings and art that are meant to be amazing, but which only pretentious people appreciate, this film is exactly the same.

Tedious.",1
Black Swan,"So my wife and i finally sat down to watch this highly rated movie. What did we think of the storyline ehm don't know we switched it off after the first four minutes. Jeez what a bore , we went out to paint the house instead. So you think OK i will pick up the bluray. Do not bother seens the film maker thought it would make it that much more intense or whatever he was thinking ( not much i don't think) to grain the whole movie Or at least the four minutes we could stand. What a great idea or maybe not. Please people why is this. So highly rated. So if you wanna paint your house or anybodies house? Watch the first four minutes of this little polished turd.",1
Black Swan,"I must say... I can see why Hollywood went crazy over this movie. It has all that they promote. Cursing, alcohol, drugs, sex, lesbianism, self-gratification,self-loathing,craziness... It was somewhat confusing in it's theme. It skipped back and forth between reality and fantasy. I wasn't sure what was what. The mother's role was a little twisted, I didn't quite understand her role. The other dancers associations to 'the swan' were strange, jealousy, anger, pride, revenge... I saw no real caring from any character toward another. It took ballet to a whole new dark level. I know that was what the director wanted, and he succeeded.",1
Black Swan,"Although the acting was generally fine the movie was a waste of my time and I am pretty sure of your too. I guess you must be a fan of ballet to appreciate this movie but I think even a ballet fan would find this movie excruciating. You constantly feel like you want to slap the main character out of her pathetic persona. It's all very winy and overly dramatic without even the slightest hint of a interesting story developing. Natalie Portman, Mila Kunis and Vincent Cassel all put in a very descent performance and especially Mila Kunis surprised me as the only interesting character in the movie. I am a big fan of Natalie but this movie was not made for a broad audience and I am fairly certain I am not in it. I must admit I saw a trailer with the scene of Natalie and Mila in a passionate bed scene and was looking forward to seeing this movie but that scene was clearly the only thing this movie had going for it. Do not watch, whatever you do.",1
Black Swan,"This will properly set allot of anger, and hate towards the great movie gurus of our time that totally overate this movie.

So i will NOT waste to much time on making this review as i experienced it. I do give you the secret in making a 8.5 scoring movie here on IMDb.

*Get a cheap camera, and zoom in as much as you can and wiggle it allot.

*Get a HOT girl to be the lead role, and another one to make a laughable sex scene with.

*Buy a extra battery-pack for your cam just in case, you want the extended version in one go.

*100% guaranteed success that the IMDb gurus here will vote thumbs up for your movie! It was boring utterly boring, and not even because of the fact that its predictable. But it suppose to suspend me in my chair, and give me a feeling of being there with the lead role. I yawned properly 100 times and the dances are really good so all and all maybe what? 20min is really worth watching for me that is.

That is really all i can say, i do know that i wont look at votes here anymore. My golden tip is go the movies that are low rated there often better then the crap the vote top notch here.",1
Black Swan,"Big disappointment!! I thought this was going to be about pirates but instead I get a girl in her 20's who pretends to be a ballerina and sleeps in a bedroom designed for an 11-year-old girl.

Left 20 minutes into the film, and looking at the other reviews it doesn't seem like I missed much. The cast was also terribly boring, I had much trouble being able to tell one character from the other since they were all so unremarkable. Oh yeah, and the jumpy camera work while Nina was walking made me nauseous. Definitely NOT an art film by any stretch of the term. The Academy Award has lost its meaning, I am afraid.",1
Black Swan,"One of the worst movies I've ever seen. This is a terrible rip-off of Mulholland Drive and Perfect Blue. Brings nothing of it's own and does it much much worse. Boring, disgusting and meaningless piece of trash. The only difference of those other movies is the setting, this time it's ballet themed. Here, I spoiled the whole movie of what new it brings, without even spoiling anything plotwise.",1
Black Swan,"After reading so much good about this movie, I decided to give it a try. After watching it, I can say that it is incredibly overrated. The movie is like every other psychological horror cliches. How can a girl, so childish and insecure get such a big role? In REAL life, this never happens! There were so many things in the movie which never happens in the real world of professional ballet. If I talk about the performances, Portman's performance was too childish and irritating to me. Portman was 28-29 when making this movie but acts like a 12-year-old tween. I was not able to connect with her. Also, there were too many TEDIOUS hallucination scenes. The direction was weak. Other reviewers go on and on about Portman's ""dancing"". If you call closeups and shots from the waist or shoulders up ""dancing"", then kudos. ALL of the footwork and REAL dancing was performed by Sarah Lane. Portman's face was superimposed onto Lane's body through special effects called ""face replacement"" in pivotal dance scenes to make it appear as if it were Portman executing technically sophisticated moves. ""Full body shots with actual dancing is me. That's why they hired me,"" Lane said. I was utterly disappointed with this movie. There was nothing in the movie that impressed me.",1
Black Swan,"Take a little bit of ""Carrie"" add some ""Showgirls"", mix in some ""Basic Instinct"", add a dash of ""All about Eve"" then you have ""Black Swan"". Don't forget to throw in a lot of black decor in every characters home. This is a laughable film. I like Natalie Portman as an actress but she plays this role so one dimensional. Barbara Hershey has such a tight face and huge teeth ,she almost resembles Mickey Rourke now. I was looking forward to seeing this film. Quite a disappointment. As you watch the film you can almost plot what is going to happen next, based on the films I listed above. Winona rider is Gina Gershon in Showgirls. Barbara Hershey is Piper Laurie in Carrie. The Dancing scene between the two women is straight out of Basic Instinct and so on. Terrible film.",1
Black Swan,"Let me start by saying that I'd give this movie 0 starts if it was an option but alas it was not. My wife and I value IMDb as a resource to assist us in deciding which movie to see.

Both time and money are hard to waste in this day and age and I feel very surprised that so many folks here missed on this movie. I have never left a theater during a movie in my life and though I seriously considered it I did not. I did however check my watch 15 minutes in and every 15-20 minutes for the duration of this utterly uninspiring film.

Black Swan is billed as a Thriller - NOTHING - nothing was thrilling in this movie. In fact there were some laughs in the crowd at some of the overdone/hokey ""Thrilling"" scenes.

Save your money and your time and go and see something else.",1
Black Swan,"I just don't know what to say about this film, I was waiting for the movie to live up to it's rating and my expectations but anyway. I just want to know 1 thing, why so much high rating and hype of this movie ?",1
Black Swan,"Poor way of telling stories. The early plot has a good attraction, about the ballet, black and white swan, the mysterious girl twin, and the girl obsessed with her dancing carrier. Unfortunately, throughout the movie I found out that there was no mystery at all. There was nothing to tell, no interesting plot, not even one interesting character, just a story about a bunch of useless people. I was hoping to see some dancing art, but again I was disappointed. How is this horror thriller movie?",1
Black Swan,"I watched this film. It was a waste of two hours of my life. Nothing happens. The girl protagonist gets a lead role in a play she's been training for and cracks up. From time to time there's sexual hints and one or two explicit scenes, just to liven things up a little. Otherwise, this is monumentally dull. Very soft porn with nothing to it. Why did this piece of junk film get any kind of rating?

This is akin to several other films on IMDb. They get ratings above 8 and the only explanations I can think of are that IMDb is the focus of marketing campaigns or that the whole world has taken a step back into the dark ages.",1
Black Swan,"I'm convinced this movie is just about a very hungry girl. In the beginning we see her eat half a grapefruit and an egg and then for weeks that's it. Of course she has illusions, gets cranky and thinks everyone is out to get her. She loses weight, her skin peels away and she sees things. Eat a burger and you'll be okay!",1
Black Swan,"Really worse than I expected. Natalie Portman over acts the part of a whiny, weak, sissy girl for the majority of the film, and might have a nice transformation into the black swan, but who knows with all the special, musical, and editing effects added to that part. Has an unresolved ending. Of course you can expect it's one of those fight club twists, but we never know just how much of it was reality and how much was in her head. Either way I don't think the director cared much, as it seemed like the film was just an excuse to see some grab assing and lesbian scenes. Really just a waste of time. No great ballet work and I'm not even into ballet at all, but I've seen better dancing at community college plays. Hated it.",1
Black Swan,"First she did not had to the end her ""s e x"" journey actual in order to get her ""******"" so her transformation and seduction was a fake The girl could not even seduce her self!

If the movie will be free i wont see it again, never again!!!!! She was listening and pushed by back from her mother, her dance teacher, her lesbian girl friend-lets say it-or the direct competitor or the friend to make her explore her limits!

She did not know what she could do, what she was asked to do, what she accomplished to do, with her life first and dancing second! She is always crying, confused, having strange dreams looking like reality ones, helpless, no personal and strong love for dancing as motivation, alone, having different opinions to other ballerina!!!

Totally confused she refugees in s e x, ambition and envy, maybe craziness or had taken some pills from persons she talk to in this movie!

Why movie was so expensive when she speaks, I mean a mimic of a conversation only with 3 persons all movie long!!! never with the group and always seemed to be one step AFTER her competitors!

Very week movie, very few dance séances really impress you to come into it!

My grade will be negative, if possible, and Oscar nominee should put some distance eyeglasses if voting such a ""piece of junk"", sorry but y have to admit y can't find a word to describe it more nicely!

IM",1
Black Swan,Pls don't waste 2 hours of your life on this movie,1
Black Swan,"I rarely stop movies before they're over. Black swan got ejected a little over half way through. I had to make myself watch it that far.

Yes, there will be some spoilers following...

The concept? Awesome... the execution? Lacking.

I understand that dancing is a serious business and that there will be conflicts, accusations of sleeping around to get roles, etc. HOWEVER ... the director seems to be intent on taking the sexual aspect to the extreme and focuses on masturbation and girl on girl oral sex to make a statement. Not sure what statement that is...

The mother was so cliché, there isn't much need to complain about her, but here goes. She is way too overbearing, and obviously wants to live through her daughter. She cages her up and tries to rule all aspects of her life while she (the mother) has no life of her own.

The director is supposed to be some sort of playboy, but he is a)too old and b) too unconvincing. ""Go home and touch yourself, Nina."" Oh, please. He is just saying that so he won't have to sleep with her, even though we are supposed to believe he really wants to. Not saying the man may not like the ladies, but it's painfully obvious he isn't that interested in Nina sexually.

I have no interest in ever finishing Black Swan.

This film has flimsy dialogue, long moments of awkward silence and flat imagery. It could have been brilliant, but what I saw was lackluster and disgusting.",1
Black Swan,"Black Swan is over-hyped, overrated and doesn't deserve no stinking award.

The film focuses a socially awkward young girl who wants to be a professional dancer/ballerina. Her teacher asks her to kiss him and then masturbate when she gets home and thus she begins to go crazy.

First off, who the heck goes crazy because the got a funny tingle between their legs? The characters are unlikeable and Natlie Portman was the only one to turn in a good performance.

But it's depiction of going crazy is completely ridiculous. It's nothing but sex. And as I've said before Masturbation doesn't make you go insane. Awful film. 0/10",1
Black Swan,"I am so glad other people agree that this film, no, movie was so poor. Awful empty emotions, where was the dramatic tension?? The grit that this movie required. I saw the images but where were the emotions that were supposed to go with with them. All looks and no substance. Take away the superficial bloody scenes finger skin ripping, stabbing in the face etc, its rather clumsy and crammed to be horror, psychological thriller, drive-ambition, neurotic. All of a sudden her legs break in to a swan shape and she actually starts to become a swan. The movie becomes a farce.

The character doesn't have time to breath. To mentally break down slowly. A little by little. This really could have been a great film but...it's just pretty.

The ending wasn't satisfying, yeah she transformed, yeah she danced the black swan really well, yeah she kissed the guy..OK and. I didn't feel it, I didn't believe it. I wasn't transformed in to her world, I didn't care about her, I wasn't engaged.

Mila Kunis stole the film. She was so watchable.

Oh yeah..hey kids you wanna BE GREAT...then self abuse, use drugs and murder. (As if you guys didn't know that).

Oscar Nomination!! Oh my God how poor the standard in Hollywood is now. Truly satisfying Films are now found in the foreign Oscar nominations section (and have done for some time) these are the ones that stay with you, days weeks after.

Oh mighty Hollywood what has happened to you? Why has TV(Soprano's, Mad Men,The Wire. For the ladies Desperate House Wives, The Good Wife, etc) become the new you? Oh Hollywood when shall I see you rise again? For when you shine, you truly shine, so bright one can't look in to your eyes. They hurt ever so sweetly that they bring tears. The Little Miss Sunshine's and Sideways are all too few.",2
Black Swan,"The good news - great to see the industry can fund such a niche and poor film; the bad news - I had to pay and sit there in the middle of the row so could not get out. What is the fuss about? It is not a new subject matter, who sympathises with any character or indeed the subject matter; the writer/director misses each opportunity to take a turn which could be more interesting, and it did not deserve the full cinema attendance. Daft drivel sums it up in 2 words. The photography is good - hand held effect close up but really - that's not new either, but it works well here I think.... I've said too much already. It makes me hungry to see Transformers and some real action. I am thankful it was not in 3d. Battle of the tutus, bah!",2
Black Swan,"I hesitated watching this movie because of information in other reviews. Also I had seen one of Darren Aronofsky's other movies, ""Pi"". This movie was the same style as that movie.

I felt the gut-wrenching madness and tension all the way to the bitter end. I had to look away so many times I almost stopped watching it. It made me sick to my stomach and I got the serious feeling of what it was like to go into a major schizophrenic episode during the entire movie.

The acting was brilliant on Natalie Portman's behalf and if wasn't for this I would have stopped the movie more than a dozen times. I felt little pleasure, no escapism from this literal descent into madness. I hated this movie! I rarely hate any movies except mad slasher type horror. I hope to see much more of Natalie Portman in another movie with another director. As I said, she was brilliant and deserved her Oscar for this movie!

It is not for the tender of heart, the nervous, those who get nauseated easily or those who cannot take shear psychic tension building in an inescapable manner which was what occurred without break through the entire length of a movie. This is madness at it's most graphic. If that appeals to you and you wish to immerse yourself in this world hallucinations and all you will love this! I am an avid lifelong movie watcher and connoisseur and I promise I will giving anyone I know the heads up on this one. It was macabre and horrible as a bad nightmare I wanted to wake up from.

The only scene I thought that was particularly brilliant (and I give kudos to that scene) is the Final dance in the program of ""Swan Lake"" at the very end of the movie, but I won't spoil it for those who wish to watch this movie by telling you what will happen.

Good luck toughing this movie out! If you liked ""Pi"" you will love this movie even more!",2
Black Swan,"I have to sort of agree with valkyria4. Although Portman certainly was excellent, and I believe deserved the awards she got, the movie itself was a disappointment for me, but Portman's performance was why I even gave it a 2 instead of a 1. It started out okay, and then got just plain silly. I mean really silly. I cannot see why this movie got such rave reviews. Yes, the ballet scenes were wonderful to see, and the acting was superb, but the story disintegrated into a ""psycho gobbledygook"" reminiscent of a cheap horror movie by Roger Corman. It's my opinion that those who rave about it were sucked in by the hype provided by the studio, and loved by the same people who buy modern, abstract art...it became simply a prestigious thing to hawk above us stupid masses who just don't get it.",2
Black Swan,Black Swan had so much press and excessive hype going for it at the time it came out. I have to say it was quite possibly the most over-rated film I have personally ever seen. The storyline had no real premise and was even downright stupid! What was the big deal and how possible is this movie rated an 8-REALLY? Seemed like it just went from scene to scene with no continuity. The acting-especially that of Natalie Portman-was average at best. I find her to be quite wooden as an actress-no real layers of depth in the roles she has played throughout her career. No way should Portman's performance have been deemed Oscar-worthy...her whining was quite annoying throughout the movie. She played the part of an infantile young woman who needed the approval of people around her at every turn. Several other characters in the movie seemed to have no real purpose in the story as well-very shallow character development in general. The only tolerable element of the movie was the stylish cinematography. In general I would not recommend the movie at all--complete waste of my time lost to view it!,2
Black Swan,"How this movie is critically acclaimed is beyond me. Maybe it's not my genre, maybe I'm not the target audience, but I don't see anything in this movie worth watching it for. Except, like, Winona Ryder, and she was barely in it.

This film is boring, and long, and devoid of anything to interest you, so you just have to sit there and wait for it to end. The shots are pretty for the first five minutes, I guess, and then you get tired of the ~symbolism~ and the monotone colours and realise the plot is basically nothing except mental illness and sex and stuff. I'm not sure who thought 'hey, I have a great idea for a movie' and pitched this pile of garbage, but I don't think we'd get along. I don't see the entertainment in watching Natalie Portman suffer and hallucinate. Who wants that?

The only reason this movie got 2/10 instead of 1 is Winona Ryder. I think her acting is captivating no matter what role she's in, and I honestly wish this movie focused more on Beth, as her story is at a point I personally find more interesting - a bitter ballerina, formerly a big star, coming to the end of her career. While she acts as a warning of what is to come for Nina, and shows the toll that ballet can have on a dancer, I'd rather see her struggle than what actually goes down in this snoozefest.",2
Black Swan,Yah this was not good. Acting was good but the movie and directing was pretty painful to watch. Why directors feel the need to shake the damn camera in every scene is ridiculous. If you love movies that shake the camera for two hours this one is for you. I almost turned it off in the first 10 minutes cause the shaking of the camera... pathetic... I just don't get all the high reviews cause this just didn't work for me. A hot mess from start to finish. If you give this movie anything higher than a 3 you need to get out more and expand your movie portfolio a tick.,2
Black Swan,"One of the strangest movies I've ever seen. It's so bizarre that the scenes that are supposed to be the most intense just come off as comical. It would have been better as a short story maybe 20-30 minutes long. I don't know why Hollywood is obsessed with movies that have to do with mental illness, but it doesn't make for entertaining movies.",2
Black Swan,"Young girls who have dreams of going into the professional world of ballet, especially in New York City or other locations where major companies are well regarded, should not look to this film for guidance because it is a disturbing view of the tortures and torments that can be faced in one's mind, in one's soul and in one's body.

You know from the moment that Natalie Portman walks into the dressing room at Lincoln Center for a rehearsal that these women are cutthroat in spite of their graciousness on stage. They are hatefully gossiping about the prize dancer of the company who is seemingly getting past her prime. This takes the horror of the Moira Shearer character from ""The Red Shoes"" and turns it into a satanic nightmare for the fragile heroine Portman plays.

With a Mama Rose like mother (a frightening Barbara Hershey), Portman is already on the verge of a breakdown so you see it progress to something darker as the film progresses. A crude director (Vincent Cassel), an untrustworthy but sweet costar (Mina Kunis), a star aging out of the business (Winona Ryder) abusing her and Portman's own mind stand up to destroy her as this film takes steps into a darkness that indicates that some movie makers have become soulless in their efforts to create ""art"".

Yes, the entertainment world is cutthroat, and that includes something as seemingly gentle as ballet. There certainly is a correlation between the world of dance and classical music and the world of horror, but the film's themes become pervertadly so certain visuals come along and bring in minor players for no reason so that the script can drop crude references that do nothing to advance the story.

It is a film that some people may appreciate for its psychological themes, but I don't think that some of the disgusting dialog in the script (especially by the Lilith like Klunis) have any other point than to corrupt the minds of impressionable audiences. This really becomes a chore to watch as the pornographic insinuations in the script take over. If I began to think that the way that the young women speak in this are how they act backstage in any type of theater, I would have second thoughts about going back. In that sense, this film made me more angry than enlightened and artistically enhanced, and that made me despise it all the more.",2
Black Swan,This movie has so much sexual assault and abuse in it that I could barely watch it. It's better as a moral story to call the police and not trust creepy dance teachers.,2
Black Swan,"This film was something Ken Russell would have knocked out in the 70s and probably done a better job;(cf 'The Music Lovers). I've waited a long time to see it and can only say it was over-rated and hyped beyond belief. The only saving grace was the music. It didn't seem to know what it wanted to be, soft porn (ie the lesbian scene); schlock horror (cgi spooky mirror and random dripping blood scenes); serious art house; who knows, it's a complete mish-mash of ideas. If you want passion in music and dance, go no further than Carlos Saura's 'Carmen', a flamenco interpretation of Bizet's famous opera, where jealousies and rivalries consume all, and life begins tragically to imitate art. So sorry, Peter Illych Tchaikovsky, you've been better served on the big screen than 'Black Swan'.",2
Black Swan,"The rest is just a regurgitation/remake/reboot/adaptation/whatever of the superior anime classic Perfect Blue, of which the director has the rights for a live action version in the U. S. Natalie Portman is a talent and she suffered during the production of this thing, so I'll give it to her. But what the director intended to do is just ridicolous in every manner. Watch Perfect Blue instead of this useless clone, you won't regret it.",2
Black Swan,"So once more I'm reviewing a movie with a very high 8 plus average that's worth of 2-3 at best. It's needlessly somber and morose throughout, with no personalities of depth given to any of the cast. I understand it's a dark theme, but it's still nice to have characters with some interesting traits rather than cliched behavior. It falls apart rapidly after a genuinely intriguing start, and the viewer is then bombarded with one poorly acted and edited scene after another. Flatline performances all around. Even the dancing scenes are somewhat clumsy and bland. Not all, but it's easy to see the lack of talent. Only Mila rises abot mediocrity here, and she's such a lovely woman to gaze upon so thank goodness for her or I never would have made it through. Back to the dialogue and scene ruining elements. When someone asks a question about an something obvious and it's answered with ""Nothing"" and then the whole thing just gets dropped that doesn't ring true at all. Natelie is pretty, but her one dimensioal performance gets quite annoying early on. And the director of the battet company with his annoying accent is the worst player in this movie. He's just an unoriginal old guy taking advantage of his dancers. The scene where he forces himself on Natelie and tells her to open her mouth was downright disgusting. The least important supporting cast member manages to irritate with lousy performances too. Everybody was horrible is what I'm saying, and it's because the the director's vision was so lame and uninspired. Natelie's mother is hardly worthy of note as she was given laughable scene and dialogue that was worse than everyone else. I hated her not for the overbearing selfishness but rather how she played it. The sexual immuendos throughout were dumb and not necessary, and everything just became a confusing mess. What were supposed to be powerful shocking scenes had no impact at all and I found myself laughing at how absurd and poorly made this film was. Gimmicky and ineffective garbage where nobody is likeable or interesting or believable in their roles. How this movie and it's sophmoric director received heaps of praise is confounding. It's easily the worst portrayal of a descent into madness ever put to screen. No coherent flow. I felt proud of myself for enduring such a trite spectactle of doo doo. The type of movie where each minute seems like a lifetime and only gets worse and worse until you're mad the director for asking us to believe such stink.",2
Black Swan,"If you are stoned or enjoy depraved hallucinations, this might be your kind of movie. This is a twisted script of which the story typically seems more induced by drug use than by unique imaginative writing. The script constantly strays from reality into hallucinations similar to ""Mulholland Dr."" and the end of ""A Beautiful Mind"". We follow the daily life of a ballerina being chosen for the lead ballerina part at the company's new rendition of Swan Lake. The movie includes titillating scenes of drug use, homosexuality, murder and self-mutilations, based on the main character's mental problems and drug use. We want to feel empathetic for the character's mental problems, but unlike the movie ""A Beautiful Mind"", this story never gives us a reason for the character's non-drugged hallucinations. It is presented so we naturally assume that what we are viewing is camera reality, only later to learn that it was tragic mental dysfunction-based hallucinations. We are tragically expected to believe that the character fatally stabbed herself and then twice perfectly danced ballet parts on stage before the blood showed and she collapsed with instant blood spread. The dancing artistry was enjoyable, aside from the hallucinations, the script was uncreative, but the acting was solid. But solid acting doesn't fix a sick script. Had this movie given us a reason for the woman's dysfunction and built it up, turning the movie into a tragedy, instead of an ""acid trip"", the movie might have had a society strengthening reason to exist.",2
Black Swan,"A certain someone watched this movie and recommended it to me highly. Since our tastes match I decided to give the movie a go.

If it weren't for the stunning Mila Kunis, it would have been worse off.

Though it should not be the case, I started off watching the movie with very very high expectations (V for Vendetta high). After the first 15 mins I thought I was doing something wrong and readjusted my expectations to Zero.

From there on the movie kept going downhill. If there was a more deplorable movie, barring very very very (yes, three verys) few late night, made for TV movies, I could not think of one.

The movie lacked any sense and for the longest time, I was wondering if I was watching the right movie. Every scene was very very predictable and the moment you are three quarters of the way through, if you are an avid movie watches, you will know EXACTLY where it ends.

That there were Oscars for this pile further lessens my opinion of the movie world's supposedly greatest award.

Such a darned waste of everything (including the Oscars).

Save this time for a tooth extraction without anaesthesia and you will be better off.",2
Black Swan,"First off, some explanation of my two star rating. Since one star is the bottom and there are certainly films worse than this one, it's important to have some perspective on ones framework.

Now, the film. When I was asked my reaction to the film after viewing it my response was - ""well that's 2 hours and 28 minutes out of my life I'll never get back"".

The positive reviews here can only go into one of few categories: Ignorant Misguided or The result of ""peer and public perception"" pressure.

Perhaps the logic in choosing to create a filmed version of Tchaikovsky's classic ballet was something like a) how hard can that be? and b) it'll be ""artsy"" enough for non- artistic Hollywood Oscar voters.

Mix in some viewers who wouldn't know a piece of art I'd it bite them in the rear and Voila! ""Academy greatness"".

But extract out the burden of ""Academy worthiness"" and this still doesn't stand the test of mediocrity. Why?

First off, it is crushed by the weight of it's own self importance. I have to think long and hard to recall a film that screamed out "" look at me! Look at how important I am! I'm symbolic, profound AND I'm about something artful"" then look at the less than subtle clues about the character and it's satellite persons hovering around it. As ""events"" just think of the first few scenes and what happens.

Event one- she dreams of Swan Lake, and wakes up in her ""all too precious bedroom"" that is covered in butterfly wallpaper ( hmm, wait a tic, don't butterflies go through a metamorphosis??? Yes, yes I believe they do.... Pool Hugh, I'll bet that ""means"" something for our character -but what???!!!)

Event two: we see her on the subway dressed in white (because the good guy always wears white) and she catches a reflection (stick with me, she ""lookimg through a glass"" - get it, ""looking glass"" )of another dancer dressed in (wait for it) Black. Again, I think this means something here.

Event three- she's getting ready for rehearsal and we hear (this is what we call exposition) they are going to be replacing the ""old guard"" grand dame lead ballerina (don't tell me, I'm wondering who might be chosen... No seriously, I have NO IDEA- well maybe a small idea).

Taken together these events along with her ""I'm wound tighter than a Swiss watch and more scared of my shadow than a balloon is of a porcupine"" and it's nearly impossible to understand how this got out of post production without some major editing (maybe there WAS major editing- how scary is that thought?).

This is movie whose legacy will be relegated in ten years to midnight madness showings with it on double bill of cult classics like Showgirls and Rocky Horror Picture show.

If you're a Natalie Portman fan like I am, watch ""Closer"" in which she is captivating and showcases her skills along with Clive Owen, Jude Law and, yes even Julia Roberts.

If you want to save yourself 2 1/2 hours rent this, watch the first 15 minutes cut to the last scene when she kills herself because the only ti e the word perfect will be connected to this film is in the final word of the movie when her last gasp of life is saying ""perfect"" - oh please...gag me with a spoon.",2
Black Swan,"The two stars go Natalie Portman and only Natalie Portman. Have to give her credit for all the hard work she put into this movie. It's a shame the director completely misused her talent.

This movie so one-dimensional, it's not even funny, just cliché after cliché. By the time the movie starts, Natalie Portman's character is a timid and fragile girl that's already insane. And throughout the movie all it does is get worse. There's no substance to the character at all. She has the same ""I'm about to cry"" expression on her face throughout the entire movie, which literally makes you hate the character. At first I wanted her to snap out of it, but after about 30 minutes, it was clear that wasn't going to happen, and soon adopted the attitude of ""Whatever, this girl is super obnoxious, I bet she slits her wrists at the end""...And sure enough, not her wrists but close.

And OK, so this weak and fragile girl walks up to the director while in his office and says, I've come to ask for the part. He kisses her, she bites him and poof, she gets the part...Really? is that how it's done? The whole metaphor of Nina being the white swan at the beginning of the movie, but then turns out to be the black swan at the end was ridiculous to say the least. The white swan is supposed to resemble a virtuous, yet delicate lady, afraid of being seductive. But Nina was dark and crazy from the beginning.

I was really excited to see this movie because I thought it was going to be about a women who worked really hard to get the part of a lifetime. It sadly wasn't about that at all. It was about a crazy girl who happened to be dancer. I was hoping to see beautiful dancing and never once did I see any.

Safe yourself the time and don't see this move...",2
Black Swan,"Why do people like psychotic screenplays? Good performers in Black Swan, bad screenplay. Just to get people's attention (and money) screenwriters' imagination goes really wild in their desperate effort to shock us. It is the same kind of attempt to get seduce our mind as Lady Gaga putting on dress of real meat or whatever stupid stuff on her head. ""I'm not normal like you, please watch me. I'm a celebrity""

Why do people like psychotic screenplays? Good performers in Black Swan, bad screenplay. Just to get people's attention (and money) screenwriters' imagination goes really wild in their desperate effort to shock us. It is the same kind of attempt to get seduce our mind as Lady Gaga putting on dress of real meat or whatever stupid stuff on her head. ""I'm not normal like you, please watch me. I'm a celebrity.""",2
Black Swan,"Wife and I neither one like to go to the movies alone, so I drag her along to movies like ""The Expendables"" and she drug me along to ""Black Swan"". Pretty much what I expected, skinny girls spinning on their toes, driven too hard, leading to a predictable ending. Good acting.... Why I gave it an extra star. Lots of ballet. Lots of scenes where you can't tell if it's really happening or not, and lots of painful look closeups of Natale Portmans face. Decided to see it against my better judgement by the glowing reviews but it is a movie about Ballet, Swan Lake, and Ballerinas .... Duh! ... I'm going to make my wife watch ""Machete"" to get even with her.",2
Black Swan,"Natlie Portman was truly brilliant, but the story (both writing and directing) is a mess and ultimately not credible. It takes enormous determination, strength and personal courage over long thankless years to rise to a prominent position in a top ballet company, so it is simply not believable that someone as tortured, insecure and fragile as Nina could have achieved her position. The relentless depiction of her mental strain becomes annoying after so many repetitions. And this is before the movie wanders off into wild impressionism, blending hallucination with reality, that make us wonder if it is Nina or the director who is schizophrenic. The whole sad affair is simply overwrought.",2
Black Swan,"Words cannot describe how much I disliked this film. I disliked the camera work, I disliked the script, I disliked the performances, and I disliked the manipulative and needless use of graphic displays of sexuality and physical effects of dancing. You may read that and think that I am an ultra conservative movie goer, that is not the case, I just felt that Aronofsky included such graphic scenes for fun, but this certainly did not move the plot or movie along.

I actually found myself being angry at this movie!

Now, don't get me wrong. My degree is in film study, and I very much appreciate what Aronofsky is trying to do in Black Swan. I appreciate a film maker who makes bold, inventive movies, but for so many reasons, I found Black Swan to be (as my kids might say) an Epic Fail.",2
Black Swan,"I hated it.

It had plot holes bigger than Swiss cheese, with a pungent odor of recycled garbage. I think watching this one dimensional film for almost two hours has given me my own psychotic breakdown.

The end.",2
Black Swan,"Ballerina Nina (Natalie Portman) wins the lead in a production of Swan lake led by tyrannical director Thomas Leroy (Vincent Cassel). After she wins the lead things slowly become stranger and stranger with another ballerina named Lily (Mila Kunis) seemingly trying to take her place. It all comes to a head on the opening night.

**SPOILERS!** Boring and disappointing ""thriller"" from director Darren Aronofsky. It was ridiculously obvious to me what was going on within the first 20 minutes! The rest of the movie just shows Nina slowly (VERY slowly) spiraling down to madness. The imagery was sometimes shocking but, towards the end, I was bored and couldn't wait for it to end. WAY too much ballet material too. Aronofsky gives plenty of clues to point that Nina is losing it--but then ends leaving a ridiculously large number of dangling ends. Even worse, I was never caught up in Nina's plight keeping me at an emotional distance from the whole movie. Good acting helps a little. Portman is kind of blank (but there's a reason for that) until the end when she breaks out. Cassel is just vicious as her director, Kunis is great as her best friend (or is she?), Barbara Hershey (looking TERRIBLE) is great as her mom and a virtually unrecognizable Winona Ryder throws in a small but strong performance. But the movie as a whole is too obscure, too slow and (frankly) too boring! I give it a 2.",2
Black Swan,"All right, here I go. Just joined IMDb to write reviews. Seeing all the overly hyped fanmails here about this and some other films, such as Inception (2010), did the trick.

** for Black Swan, which is one helluva over-hyped bag of annoying, juvenile, boring gimmicks, and possibly it gives you the experience of wanting to strangle the Portman lady, whom I've never seen in a marvellous acting performance. Sure she appears in some goodies: Léon, V for Vendetta, and ... and ... whoops, guess she's not that great, but she sure is popular. Strange. I admit she got brains.

I don't do spoilers and summaries*, but I will warn you about what I think are wastes of time. More importantly, I'd like to point out waaaaaaaaay better films to you.

In 2011, 'Drive', 'Blue Valentine', 'Tyrannosaur', to name but a few.

Oh, and the lesbian/sexy stuff in Black Swan....? Don't make me laugh. If you'd like to see Mila Kunis in a better vehicle, see After Sex (2007).

Black Swan, my arse. Now I got to click to Preview button, right?

* Guess I have to do one, after all. Oh boy, now IMDb tells me it's too long. Well, well, well: ""One ballerina leaves, another one desperately tries to take her place as the black and white Swan in Swan Lake. While she dances perfectly (ahem), she ain't that dark, but some not-so-hot lesbian stuff and more 'sexy' stuff later which has Hollywood in a sweat, the film takes off like a crippled blind swan who suffers from severe mental stuff..."" Is that too long? And how many words too long?! Please edify me. I'll try again.",2
Black Swan,"This is The Marx Brothers meets The Shining. It is a movie with a very poor script, and a story that should be a warning to any others thinking about a film about such nonsense. Natalie Portmans acting was abysmal. (she won the Academy Award for best actress !). None of the actors performed well. Its another example of the poor writing that has been in so many recent movies. (when i say recent...i mean for the past 10...15 years.) The added sexual side dishes, scattered here and there at least gave me a laugh. This does for ballet, what Wall Sreet does for honesty. The fact that the Portman character loses her mind and dies only adds to the general absurdity. She may go down in history as one of the worst actors to win an Oscar.",2
Black Swan,"Honestly, I liked the idea of it but Portman's close-ups expression is not just it. Her expressions doesn't change while DANCING. And the dancing is just... so baad. And i get it, Portman isn't a dancer buuuut the whole inspiration is about ballet and Tchaikovsky's black swan. They could have done BETTER?!??! Hello??

Why does this have so many positive reviews?? Y'all lied to mee

I watched this film to get a feel of what the BTS Black Swan MV is about since they said that this was the inspiration and welp. Go watch Black Swan MV it's better.",2
Black Swan,"I'm trying to get more into film, and so far I haven't come across many pictures I'd confidently label ""pretentious"". It's a word that's thrown around all too often, used as a stand-in for ""something I disliked / didn't connect with"". I'd argue Aronofsky's ""Black Swan"" fits the textbook definition of the word.

Having seen ""Perfect Blue"" for the first time in theaters recently, I knew a bit about the bad blood and rights disputes between him and Satoshi Kon. The influence of the latter on this film is indisputable, and Aronofsky's denial of this fact definitely tainted my overall impression of it. With comparisons abound, the tactless approach to similar subject matter presented here was made glaringly apparent.

The script was juvenile and wooden, brought to ""life"" by matching performances from Kunis, Cassel, Hershey, and Ryder. Portman was generally good, with the dressing room scene preceding the third act of her ""swan song"" being a standout moment. However, her dialogues with Kunis and Hershey grew grating and hopelessly melodramatic as the film trudged on.

I gave the film the benefit of the doubt initially. But this slowly withered away as it dawned on me that Aronofsky planned to play out Tchaikovsky's classic ballet to the letter, bashing his audience over the head with every plot beat reflected in his ""tragic"" imitation of Kon's masterwork. Loss of innocence, entitlement of the masses (demand for infantilization v promiscuity), corruption of identity, obsessive pursuit of great art and the making of it, compartmentalization of personal facets, metamorphosis; all of these themes can certainly be found in both films. Kon seamlessly weaves them together in a tapestry of reality and fantasy, where the TV show Mima acts in is merely one catalyst/vessel for her mental decline and eventual self-actualization. A tragic rendition of her arc works on paper. With a truly original vision and screenplay, this might've made for a compelling film.

Aronofsky, however, felt content to haphazardly drape Kon's ideas over the skeleton of Swan Lake; depict his protagonist's metamorphosis and paranoia with grotesquely dated and eye-rollingly explicit special effects; and tie it all together with a script that holds his audience's hand through every minute development. His unwillingness to venture outside the box of the ballet production and its effect on Nina makes the film a chore to watch for the final 2/3's of its runtime (a full 20 MINUTES LONGER than Perfect Blue). With the plot of the film handed to me on a silver platter about 5 minutes in by Cassel's cardboard character, it was simply a matter of waiting for ANYTHING original or engaging to be done with it. Unfortunately Portman's performance couldn't salvage 75 minutes of drivel.

This cobbled-together mess of themes, plot beats, and entirely composed shots from infinitely more profound works of art is one of the more disingenuous and shallow efforts I've ever seen. The true tragedy is its critical and commercial success despite not containing an iota of the depth or style of Kon's debut effort, or capturing the scope and grandeur of a production of Tchaikovsky's ballet. It does a disservice to literally every art form it utilizes and/or plagiarizes. Genuinely revolting. 2/10.",2
Black Swan,"It's amazing how many times this film has been reviewed on this site.

The answer is simple.

It's one of those films that gratifies the limited intellectual and aesthetic awareness of the masses, who, let's face it, don't really understand cinema.

Usually what US cinema does, is survey European cinema, steal any successful film they think can be translated culturally into an American idiom, and create a US version. The leading US filmmakers will even steal British stories such as Alice in Wonderland (Tim Burton) and Gullivers Travels (Rob Letterman) to make a fast buck out of other cultures indigenous creativity. Now they are doing it with the Stieg Larsson films!!!

Here, with Black Swan we have a film that has taken the process a stage further. It is a film that looks like it might be a European art house film. The male lead sounds like he is French, the majority of actors hold back displaying overt American accents. New York is not paraded like a shiny medal, like it is in most US films. There's a crazy woman in a really small apartment, two actually,.. no three. It's dark and gloomy the whole time, we can't work out what is real and what is not, it taps into the unconscious rather than follow a neat story, it really confronts the truth of life. Not !

Vomit !

Also, if I remember correctly, no-one gets killed. How can a film be classed as American if no-one gets killed or murdered?? OK, we are led to believe these things happen, but they are clearly deranged projections of the leading character. ..A bit of a case of having your cake and eating it, i.e. in US films, sorry, 'MOVIES,' people get killed, but here people can get killed, and then we are told, 'it was only a dream.' How nice !

It's shot in low light, with fast film. This is a technique used originally by documentary filmmakers to bludgeon their audience into believing that what they are viewing is real, honest and truthful. Please !

In the best European cinema, we are left asking questions. An ultimate and traditional resolution is not that important. Here in black swan, there aren't any questions buzzing around in our mind at the end of the film, only soporific and banal ones, such as, 'is success really that important? Profound !

American cultural production does not ask questions. Their culture demands certainty so the audience won't feel undermined or belittled by things. How insecure is that????

Underneath the stylistic deceptions of this film, it's just a very traditional reactionary story, protagonist struggles against all the odds, antagonist tries to stop her, turning point one, turning point two, resolution, blah blah blah.

Black Swan seems to display a freer attitude to sexuality than most American films, but at no point are we allowed to see a female breast. I don't go to the cinema to see such things, I'm just making the point that showing female breasts is anathema in US culture and cinema. So even the depiction of sex is a bit fake in this film.

This just leaves the question, why are US filmmakers making fake European art house films? The answer? - $$$..Dollars ! The quickest way to make money is to gratify the fragile egos of the people with money in their wallets.

PS As I submitted this review, I was not allowed to submit it because my spelling mistakes were highlighted so I had to go back and correct them. These spelling 'mistakes' were intentional, and used for creative effect. Very ironic that it did not let me use them !",2
Black Swan,"If I had known before I went to see this movie that the director had also directed Pi, I might have passed on it. Having now seen it, I can't say that I particularly enjoyed the experience, or that I am likely to remember the movie a week from now.

For whatever reason I expected a movie about the difficult real life of a ballet dancer. And that was, sort of, what this turned out to be.

But, more and more, it also turned out to be a horror movie, the modern versions of which do nothing for me and I avoid. The leading character, Nina, suffers from what appear to be hallucinations. As a result, you can't tell when something is actually happening and when she is just hallucinating it.

Of course, if the purpose of the movie is to convey what she perceives and feels, I guess the distinction doesn't really matter.

Once I accepted that stance, I found that, since I didn't care for the main character at all and definitely did not identify with her, I really didn't care about anything. I didn't care whether her colleagues were really out to get her, or if she was just extremely paranoid and imagined it all, or some part of it.

And that pretty much sums up my reaction to this movie. I didn't care, and I was happy when it was over, as I don't much care to be manipulated by horror scenes.

Those that do enjoy that might enjoy this. Who knows?",2
Black Swan,"It is good to find disenchanted Reviews, as well as enthusiastic ones. I would only add my disgust at the portrayal of the conduct of the ballet-master"", and the ugly image of the world of ballet with which we are presented.

We may watch the film in order to be scared, and admire the way revulsion is generated: gratuitous blood-flow and vampiric injuries, retching and vomiting (plus drug-consumption and its immediate uncivilised effects). But the whole is a very distasteful glimpse of how such a leading company and its stars are managed, by the director: vulgar, crude, ""wily and twisted"", as DonFishies described him, in his enthusiastic Review.

The film may be acclaimed as ""Sensational"", but it is certainly a revolting picture, seeking and projecting a sick vision of art.",2
Black Swan,"Aronofski is batting .500, as far as I'm concerned, so I wanted to give him another chance. Loved ""The Wrestler"", liked ""Requiem"" didn't care for ""pi"" hated ""The Fountain"". All four were psychological dramas in their own ways. After all of the Top 10 lists and reviews I was looking forward to this film. The review on IMDb said ""The reaction of the audience was evident as the end credits came. NO ONE left their seats. They sat and applauded loudly the names as they scrolled up, then upon the very last credit on the screen, they applauded loudly again."" Completely the opposite, I couldn't wait for this movie to be over and 3/4 of a nearly full theater left when it went to white before the credits started. I appreciate independent art films, I have seen many. Although Natalie Portman was exceptional and will probably win the Oscar my review would be ""this may be the worst movie I have ever seen"". ""Showgirls"" is now a close second, at least it didn't try to pass itself off as art. I'm not comparing the two because of the lesbian overtones but because they were both possibly the worst films ever made. It isn't a comparison for the ""dancing"" either.",2
Black Swan,"In my opinion, this movie is a way overrated. We've a beautiful ballerina, Nina (Natalie's beauty is stunning) who wants to embody two different roles (Black Swan and the White one), but, as her coach opinion (Cassel), she could be only a white swan, because of her innocence and evident inexperience in life. Another ballerina, Lily (Kunis) wants the major role too, and she's perfect for it, for Black Swan part. The only way Nina could learn to be a different person is lose her control and give her anger off over Lily, in a strange union of perversion and itch to be convincing. The problem of this movie is not the idea of make a movie about classical dance or about the hard approach of a young dancer to one of the most difficult roles, but is in screenplay. I haven't been overwhelmed by this one, and the acting is not very good. Especially Portman, who, although her incredible beauty, is very very overrated as an actress. I don't understand why every American critic define her as a prodigious. She has only two facial expressions: happy and sad. She's insomuch concentrate to be convincing as a ballerina that she forget to act as a problematic girl. She's convincing when she's the perfect and pretty girl, but she couldn't do the opposite. I'm sorry, because I know she's a very clever girl. The rest of the cast is a little bit better; the only strong performance is Mila Kunis, a great revelation. Cassel is in part, but not at his best; Ryder can do much better, but here she has only a small role. It's the same for Barbara Hershey. Definitely, a good idea in a wrong movie.",2
Black Swan,"My inclination to write this review came from seeing an average rating of above 9.0 (circa Dec 2010), and my opinion that the move merits at most a 2.0 rating.

This doesn't really contain spoilers, but I marked it as such just in case.

At first the movie attempts to beguile you into thinking that the misfortunes of the emaciated leading actress are the result of jealousy and foul play. That notion looses credibility not far into the movie as scenes possible only in an *imagined* world play themselves out. The alert movie-goer quickly recognizes this and is disappointingly left with the smoldering remains of a Hitchcockian theme we've all seen before: little more than a psychological thriller with random unoriginal scenes representing the psychotic metamorphosis from innocence to darkness. And whether or not the movie's leading characters are well regarded, is immaterial: it's just lipstick on an ugly pig!

But perhaps even more psychotic than the movie itself, are the reviewers who gave this movie a 9+ rating (including many perfect 10's). That is their right, of course. But do they actually think this movie approaches the greatness of, say, ""The Godfather"" - which enjoys a 9+ rating, and deservedly so.

I'm a *reasonably* discerning viewer, so admittedly my scoring is strict. Still, in the coming year I expect this movie to take it's rightful place in the 5.5-ish ratings range.",2
Black Swan,"In contrast to other reviews here, I will give an unpretentious and honest assessment of Black Swan. It should have been more accurately entitled 'The Emperor's New Clothes', since it is devoid of any meaningful content and has been feted by reviewers who really ought to know better.

It looks stylish (though the insistence on using hand-held camera for long periods has a tendency to make the user feel seasick), but is essentially meaningless tosh. Worse than that, at key moments it is laughably awful. Portman emotes like her life depends on it, but she can't help the stilted script or the director's clumsy handling of his denouement, which in turn says nothing and was foreseeable through the entire film.

Ignore the accolades. This is truly a movie worthy of the Razzies. Please, please do not buy it on DVD and if you were thinking of venturing out to the cinema, stay home and watch Polanski's Repulsion. Now there was a director who knew how to hit nerve endings and portray a descent into madness credibly and scare the audience witless.

So in short, there are no redeeming features - this really is a film that could have been decent in the right hands but which has been sabotaged. Please save your hard-earned cash!",2
Black Swan,"I saw Black Swan over the Christmas weekend and I would not recommend it. There are some good qualities and the acting is terrific, but the movie itself is just too much. Too chaotic and ultimately too bizarre to take seriously.

First to state what may not be obvious, to classify it in my opinion this is a horror movie more than any other genre. I generally like horror and suspense movies, and I've seen this film's style compared favorably to David Lynch who I'm also a fan of, but Black Swan takes things to an extreme. The object of the plot (*SPOILER*) seems to be following a ballet dancer's (Natalie Portman) descent into madness, and to show this from her perspective. At first the small things which happen to her are creepy and effective, but they start to increase and get much more violent and graphic. Eventually it becomes a futile exercise in sickening images and startling scares.

I remember thinking during the movie that I couldn't wait for it to end so I wouldn't have to submit to any more bizarre shocking imagery. I almost walked out in fact. But one of the positive things about the film was that the story was engrossing and riveting, and you couldn't help but want to know what happened to the dancer in the end. Not really in a compelling way, but more like seeing the result of a car crash and not being able to look away. The other major positive was the acting. All the major players were very effective, in particular Natalie Portman who has a very difficult role to portray this woman as she becomes gradually more unhinged, all the while dancing beautiful ballet.

But getting back to my main point, the style of the movie is quite brutal, assaulting the viewer with unpleasant images and shocks. After a while Shakespeare's phrase ""full of sound and fury and signifying nothing"" came to mind. The movie was in a word disturbing, and not in a good way. I wouldn't see it again. If acting honors are handed out for Black Swan they would be deserved, but that doesn't redeem it as a movie.",2
Black Swan,"I gave this mark just because of love to the arts, but i don't like a classic music so much. Simply, i don't have an ear for that kind of art. About a movie: why such a story. Well, it's not to to bad story, me personally, i used to see and i'd like to see spectacles, good Hollywood movies where producer(s) spent at least 200 millions. In that case you could see a lot of special effect, well done effect and knowledge of CGI animation and after production rendering and processing, and after all, well chosen actors. ""Normal"" movie, let's call him like that, will be the movie where producer spent let's say a 100 thousand. But acting is ""low profile"" so natural, so close to us, normal folks. I can clearly say, I haven't see normal movie for a while, where actors don't use film language, but normal,street, house, school, or just a simple conversation speech. Is there such a movie? I don't know why this movie is made at all? Acting is fine, scene too, story is fine, but after all, i felt some emptiness. Something was missing. This time,and in future especially, will be only movie like good action, drama,comedy and SF. All other type of movie will die, for sure. Maybe SF will die too, since in future, You couldn't even describe something more sophisticated than future is for itself. So this movie, for me is miss.",2
Black Swan,"""Black Swan"" presents, I think, a modern more updated definition of film noir (black or dark film) that existed in the 1940's and 50's. It is, indeed, a psychologically dark film as it attempts to recreate the ballet Swan Lake using Natalie Portman as the film's Swan queen. Blood, psychological torment, human cruelty and sexual perversion are its emphasis. If that makes you doubtful you want to see the film I do not blame you. I wondered why I made the effort.

I do not mind if I have to go to some lengths to sift through a film and analyze its nuances but this one was too much for my psyche to absorb. When I read theater of the absurd authors such as Pirandello ""Six Characters in Search of an Author,"" Samuel Beckett's ""Waiting for Godot,"" or see a film based on the Edward Albee book ""Whose Afraid of Virginia Wolf"" I can appreciate its absurdity, its torturous message of life's difficulty and even the extreme pathology of relationships at its core but at some point if the content gives me nothing else but a headache, I stop and ask why did I inflict this upon myself. Alright already I get the point! I do not like to be forced to analyze a film to death so that every word and every scene needs interpretation. In this film I kept asking what is reality, what is fantasy and what is simply a psychotic break. Is the woman insane, is the world around her insane or both? There were too many unknowns. I needed a film analyzer to sit next to me to explain the action and/or the symbolism of each scene.

Some loved this movie and see brilliance in it. That may be so but it was much too enigmatic for me to waste my energy attempting to decipher it. Moreover, the rather graphic sex, utterly ugly bloody hard-to-fathom violence, allusions to maternal lesbian incest and other perversions including drug use made me uncomfortable. Watching the minutiae of it was, I thought, unnecessary and disconcerting. There were enough squirmy moments to make me turn my head and look away and ask why does a filmmaker have to show such graphic sexual detail and unhinged violence. I believe there are boundaries one should not cross. I do not want to see some things in living color because, in my opinion, it contributes to the crudity of our culture. I think the illusion of a sexual encounter is often times more erotic than its body machinations which leave nothing to the imagination.

Having said all of that the film does show the complexity of ballet and its all encompassing art form to which some devote their entire life. If Natalie Portman did the dancing herself she is, indeed, a very good dancer. She is also an excellent actress. The part itself demanded hefty talent and she showed she had that and more. The performance often was riveting but the disgusting violent nature of the script, its graphic sexuality and twisted psychological content makes me give it a thumbs down. I loath fluff films too BUT I do not want utterly psycho-pathological, difficult-to-analyze and bloody ones either. I rather watch the swan boats on Boston Common in the spring instead!",2
Black Swan,"Oh dear. Expecting greatness and achieving disappointment.

I have to ask - if this film hadn't received all the nominations it did, would there be so many good reviews? I seriously doubt it. We have been told by the media that this is a wonderful film, hence the Oscar nominations and, I suspect, hence all the positive hype (after all the people who 'know' about such things have said it's good, so we will appear ignorant if we think it is bad).

Well, let's not follow the herd. Let's make an educated and calculated assessment of the film ourselves.

The development of a character from pure and naive to someone who discovers their dark side is not an original idea, but if done right is interesting and emotionally gripping. The problem with this film is that Portman was obviously disturbed from the beginning, so the subsequent 'slide' into darkness wasn't very dramatic. The said 'slide' played out as Portman arguing with her mother and engaging in lesbian sex. Hardly earth shattering badness!! Tame really by today's standards and the suggestion that someone engaging in lesbian sex is embracing their dark side is clichéd and offensive. Oh, don't forget she used drugs, but these were slipped into her drink by Kunis, how badass is that? The hallucinations Portman had came with no sense of drama. She had a hallucination, realised it was a hallucination, and carried on.

Her disintegration could have been handled much better. This was really lazy film making. So many avenues could have been explored to show her emotional state, but obviously that would have required too much thought and effort. There was no need for the sex scene and the sexual overtones in the relationship with Cassel was stomach churning and clichéd.

Portman never once portrayed the Black Swan. At all times she appeared dominated and ready to burst into tears - with a twist of madness thrown in.

This movie is really not worth paying to see. A trip to the cinema isn't cheap these days and you will regret wasting your money.",2
Black Swan,"I'm shocked to see that this movie receives 8.2 out of 10. I love psychological movies my fav are Shutter Island, Tale Of 2 Sisters, Triangle etc. I watched this movie half an hour ago. I'm sure the users who gave this movie high rating all are ballet dancers lol.

Story revolves around a shy virgin girl who wants to be the next swan queen. Her boss picked her up and wants her to play both roles White Swan (sweet girl who is trapped inside a swan & she's searching for a true love so that she can break the spell) & Black Swan (Evil twin sister who steals White Swan's love & forced White Swan to kill herself). She's perfect for the White swan role but she's not good for Black Swan role because of her innocence & cowardness. So her unconscious mind plays trick with her so that she becomes perfect for black swan's role. In the end she get obsessed with her role and finally she killed herself just like a White Swan as her true love left her & chooses other.

BOTTOM LINE This Movie Sucks!",2
Black Swan,"This is seriously a trashy film without any redeeming qualities. It's a perfect example of why Hollywood and movie-making globally needs more women producers, directors, writers and cinematographers.

This movie badly masquerades as high art when it's nothing more than violent porn. It's so vile it's absolutely shocking to see how highly rated it is here on IMDb.

The story is as absurd as a porn plot. The acting is bad except for (surprisingly) Mila Kunis. The cinematography is pathetic and simply makes the viewer more keenly aware that the choreography is bad and the dancing even worse.

It's not Gothic horror. Nor is it a psychological thriller. It's nothing more than the narcissistic violent'male gaze' exploiting, degrading, raping and murdering women.

For dance films, I recommend The Red Shoes, Swing Time, Turning Point, The Band Wagon, Top Hat, 42nd Street, Gold Diggers of 1933, Go Into Your Dance, An American in Paris, Singing in the Rain, Born to Dance, Broadway Melody of 1938, All That Jazz, Strictly Ballroom, Step Up, Cabaret, Dirty Dancing and the documentaries Baryshnikov: The Dancer and the Dance & Mad Hot Ballroom.",2
Black Swan,"So many good reviews...... Not here I'm afraid. OK, this movie is a mess. Trouble is you'll have to watch it because until you do you just won't take it as gospel from the minority. I made that terrible mistake.

I was looking forward to Natalie amongst others but of course with some level of reservation simply because most critic wannabes will always shout ""MASTERPIECE"" if they are unsure about anything that looks or feels unfamiliar to them. Awful habit and The same goes here.

The first thing I noticed prior to watching this movie was the attention it was getting on lots of different review sites. Of course it grabbed my attention with 9 out of 10, 10 out of 10 all over the place. Having read some of the reviews am I really in the minority that thinks / knows this film is not only a tragedy for Portman but an obligatory self harming frenzy for the audience.

Self indulgence from the director flows' the camera moves no more than a yard from Portman throughout the movie, constantly circling her and leaving everything else out. They may as well have not bothered with a set at all. Hang on...Was there a set?. It can only be likened to watching Night of the Proms from a fairground twister. If that isn't enough to make you feel sick then the failed attempts at making Portman look anything other than an angry teenager will. As far as I'm concerned the people that enjoy this film clearly don't get out. I managed to get to the end of the movie with one thing clearly stamped in my mind' ""What utter twaddle"".",2
Black Swan,"I heard a few reviews that gave this film rave accolades but had I dug a little deeper I would have found the true nature of opinion as to this thud. Mary Poppins meets Psycho, would be a great title for this nearly disappointing rehash of so many other films of yesteryear. I did see some quality acting among so much predictable scene after scene from beginning to end. The only question that kept gnawing at me was, what was real and what was hallucination. If that was the primary purpose of this film (confusion) then there in lies the only feeble accomplishment of this movie. One big plus though was the music that Swan Lake has endured through the ages.",2
Black Swan,"You could say such as: we follow this delusional woman or hard-to-take visit into a woman's not-all-there mind or haunting and most accurate of all films ....on....emotional disorders or this confusion and terror is probably one of the best aspects of the movie or pursued by internal demons but then again these were all said of the 1948's Snake Pit regarded as a classic, ground breaking cinema study of the ravages of mental illness.

Black Swan may will be a 21st century reincarnation of sorts. The title Ballet Pit rings the right bell.

Perhaps it was the fact that the Swan was billed as a 'thriller' that found me chuckling aloud during several scenes where thrills were clearly tossed out the door replaced by delusions or were they delusions? I was taken so far into Nina's head that I quickly waved adieu to any semblance of a real tale of suspense & thrills and instead slide, against all my effort, down Nina's rabbit hole into her world where heads are tails and tails are heads.

I missed several of the major thrills as I averted my eyes while others were on the edge of their seats wondering just how far the macro shots of self mutilation would go. Now those were thrills the film delivered.

Although mother Erica is touted as the slave driving, relentless stage mother she is the one who tells Nina that she is pushing herself too hard and needs to cut back, slow down and ease up on her career.

Aside from the delusional.... I found myself shaking my head at these junctions: A ballet director selecting some one he believes is one dimensional and so is not up to the role? Willing to replace the show's star Nina even after she assures him she is fine and ready to work? Casting couch BITE? By the film's finale I was so far down the rabbit hole that Nina could have metamorphosed into real black and white swans and this would have fit the 'norm' of scene after scene where suspense gave way to guesswork of reality versus delusion. At least Jacob's ladder delivered a suspenseful thrill ride before dropping the final scene s reality gotcha moment.

Swan lake screams gotcha ad nauseam but does this in an otherwise perfectly crafted film. For me....time to watch Snake Pit again.",2
Black Swan,"I was very disappointed with this film. As a trained ballet dancer, I was not fond of the majority of dancing shots that featured only the upper body rather than the entire body. As ""artistic"" as these shots may be to a non-dancing audience, they only irritated me. In addition, the audience only witnesses either arms or feet in the same positions throughout the entire film. If a film about the ballet world is going to be made, it should convey non- stereotypical aspects rather than what we see in Black Swan: the bulimic protagonist, the overly-aggressive artistic director, and the fanatical ballet mother. Many ballet films (with the exception of ""The Turning Point"" and ""The Red Shoes"") fail to represent the ballet world in a deep manner. Black Swan is no exception.

Portman's performance lacked any sort of depth. She only gave one expression throughout the entire film. We knew very little about her character's background. Although we must forgive that she isn't a professional dancer, it may have been better to have a professional dancer as the lead character in this film. The dancing would've been much more believable. Portman's dancing was not at all equal with that of her character - a soloist at a New York City ballet company. Kunis, in addition, performed equally as poor. When the extras can dance better than the leads, then that signals that the lead ""dancing"" characters were wrongfully cast.

This film was static, disappointing, and ultimately a letdown. I believe it would've succeeded if a better cast was built, a deeper exploration of the plot and subplot occurred, and if the dancing scenes were re-shot to show the entire body versus just the upper body or just the feet. We need less stereotypical ballet films, and Black Swan is just another failure to add to the stack of stereotypical, dry ballet films.",2
Black Swan,"After reading all the rave reviews about it, this movie ended up being a great disappointment.

Gratuitous fake gore/special effects that were absolutely ludicrous as was Mila cast as her sexy, hot competition - nothing about her is this and she absolutely failed to convince me she was any kind of dancer. Keira has a more dancer type body but there was no dancing in this movie so if you expect that, you will be let down.

Her mother was also over the top in her character portrayal and was more annoying than anything.

Don't waste your time watching this - I regretted losing almost 2 hours of my life to this mess.",2
Black Swan,"We fought our way through the season's first serious snow storm in New York to see BLACK SWAN, much praised (in some quarters) for reasons which I can only conclude have something to do with the silent movie style reliance on close-ups - one gathers a Darren Aronofsky trademark - to disguise the fact that this ""ballet"" film has almost no actual dancing except in the background because the leads *can't* - getting there and home again was the fun part. For anyone with any actual frame of reference either in the ballet or modern film, the movie was simply dreadful.

A conflation of the *worst* parts of THE RED SHOES performed without actual dancers (three minutes of details of ballerinas working on their toe shoes do NOT equal 30 seconds of actual DANCE) and a very bloated ""Twilight Zone"" episode, I would ONLY recommend this film to parents who would prefer to drive their children to therapy rather than have them take up ballet, or to hard up straight men and lesbians who want to see ""respectable"" pornography (it is R rated for extended segments here no respectable gay man should be forced to watch as well as ""violent content, language and some drug use""). Seriously: years ago I found ""Deep Throat"" and ""Behind The Green Door"" *significantly* less offensive.

The basic story of the artist so totally wrapped up in her role she loses herself with tragic consequences is perfectly valid - Carlos Saura did it with a flamenco CARMEN in a 1983 Spanish film brilliantly and even Isaac Asimov used the idea of the curse of a ""perfect"" performance as the basis of one of his more memorable short stories. With competent writing and direction, it could make a *thrilling* film or even stage musical, but under Aronofsky's close up direction, the screenplay by three separate hands raises all sorts of potential issues without resolving ANY of them. Is the choreographer a monster trying to seduce the virginal Portman or merely trying to get a performance out of her? Is Portman being drugged by an ambitious rival in the corps de ballet or perhaps her own jealous mother or is she merely having a mental breakdown under the pressure of her big break and the artist's quest for ""perfection""? WE'LL never know, and once he's convinced the shallow that he's ""serious"" by raising the issues, Aronofsky doesn't seem to care - competent suspense, surrealism and even Grand Guignol macabre are not merely the incomprehensibility and bad behavior drained of the inherent beauty of his subject that Aronofsky gives us.

Even beyond the core plot indignities Miss Portman's character is forced to endure, apparently unprofessional behavior which would never be allowed to pass at Lincoln Center (where the film is set) is consistently given a pass - or is it part of the actress' delusion or the director's conceit? The choice *as presented* in this movie is not sophisticated or even surrealistic, it is simply lazy film making - writing, direction and acting. Worst of all, the film is dishonest even to its own story telling. Portman's flirting with ""perfection"" in her official performance is early destroyed in her first act on stage and the supposed perfection of her act two ""Black Swan"" is rendered physically impossible by the director's final (and ludicrously drawn out) ""coup de theatre."" That is simply bad movie making.

Even the MUSICAL direction is poor, frittering away the great Tchaikovsky themes in Clint Mansell's lame adaptation which rarely was allowed to soar except in the movie title segment of the actual performance of SWAN LAKE (leads only shown from the chest up) to help give the impression Ms. Portman's acting is supposed to, and scared far less than even middling work in an average Hitchcock film. (Hitchcock could have made a corker of a thriller out of this mishmash - just add the detail that the director had poisoned the lipstick the girl steals.) Anyone who thinks this is ""outstanding"" really does need to check out an even middling ballet film like THE TURNING POINT (of *course* it was melodrama, but hot without resorting to pornography, the dancing was REAL and you could care about the characters!).

If you don't think the present producers are fully aware of the quality of their work, look at the ads in Sunday's papers (26 December 2010) touting the movie as ""WINNER"" of 19 separate ""Critics' Choice,"" Golden Globe"" and ""Screen Actors' Guild"" Awards - but in dishonest, almost disappearing print *half* the size of the word ""winner"" is the word ""nominations"". They haven't won a single award yet - and if god respects the arts, they never will. (Since this was written, Ms. Portman has been given an award or two for her ""acting"" which can only be a devastating comment on her competition and ""the voters."" For those who understand that acting is more than just appearing angst ridden, this is mere scenery chewing.)

I *will* say that the theatre was nearly full (to my surprise given the snow storm already in full progress), and afterward I heard as many people bubbling ""how great"" it was as grumbling that it was the ""worst piece of crap"" they had ever seen. At $13 a ticket for the early show some people have to defend the expenditure even to themselves. When out on DVD, the film's failings as a surreal thriller will doubtless be more tolerable reduced to the small screen, and no serious artistic values will be lost. I'd probably raise my rating to an overly generous 4 as a failed attempt at ballet based Grand Guignol, but it's still a basically bad movie that would be relegated to the ""midnight"" trash circuit if it didn't have a major studio behind it.",2
Black Swan,"I went to see the Black Swan because I was drawn by the Oscar nominations and the favorable ratings at IMDb. I took my girlfriend and a couple of friends and our impressions were surprisingly coherent. Money bad spent and a loss of time.

I admit it: this movie is not boring. But it doesn't mean it's good. We spent about 5% of the movie laughing, 10% of the movie feeling disgusted and about 40% of the movie wondering whether to leave or not. The only advantage of us staying was the fact that now I can honestly write this review having seen the entire thing.

The movie tries to portray what people are capable of in order to achieve perfection. It revolves around the main character's obsessions, visions and serious psychological problems. But it's done in a way that suggests the creators of this movie weren't really sure about whether this was supposed to be a horror movie or not. Well, I guess it's easier to get the viewer's attention this way. It's much harder to write a good psychological drama than to tape up a bunch of visions, strong sexual scenes and bloody self-mutilations. But wait, it's got Tchaikovsky's music, so it's art, right? Wrong.

The music of course is excellent, but it's one of the film's rare artistic values. I was especially surprised to find out the Black Swan got an Oscar nomination for ""Best Achievement in Cinematography"". My surprise comes from the fact that most of the time the vision was just shaky and grainy. If this is art, then I guess I'm just not an artistic kind of type.

The few things I liked about this movie were the already mentioned music, Natalie Portman whom I like personally as an actress, and the interesting idea of her changing into an actual swan at the end. But still it's not worth it. The film is tiring for the sake of it, and if it is trying to convey a message, it is doing it in a cheap way.

Finishing words? Don't go. If you like gore, better rent a good horror movie. At least it's not pretending to be art. And it's not so disturbing.",2
Black Swan,"Just so you know... I hated Avatar too... Watched this wanting to like it. Although I'm not a huge fan of Aronofsky's, I like the ballet and all the actors so I thought...""how bad can it be?"" Well, it turns out... pretty bad. Natalie Portman obviously worked very hard and deserves a lot credit for her physical commitment to the role, but begins this movie at a 9.6 on the crazy scale and stretches all the way to 9.9 when she's done. Gee, THAT was exciting to watch. Then, factor in all the weird fantasy moments... in other words, everything that's interesting in the movie isn't real. And special mention must go out to the ludicrously scripted and overacted role of Thomas Leroy. And finally, Aronofsky's calling card of ""now I've got to make the audience squirm"" moments. (a la Requiem for a Dream...) Toenail rubbing off, Picking bloody cuticles, Picking skin, Bloody accident wounds and my favorite... Winona Ryder suddenly stabbing herself in the face. I was just shaking my head for the last 45 minutes.",2
Black Swan,"How to fill up 10 lines to say, I don't get it.

The ratings this film has received. Why? It flat did not work.

Realism? Forget it.

Surrealism? I've seen far better. Think A Beautiful Mind that weaves the descent into darkness.

The storyline? Confused and a rehash at best. And predictable as hell.

If you want to see a real story with real emotions and real moments surrounded by surreal affects... watch The Red Shoes.

As far as this flick goes, I do not understand why people are so enamored with mediocrity, which this is.

The only reason I gave it a 2 is that they got the movie made. Other than that, Oscar? Hardly.",2
Black Swan,"It is evident that this movie is based on a very weak concept working in elements of many other good to outstanding movies. Interesting ideas do not make good movies. The ""screenplay"" is a mess and has no idea what story is being told. Part of this method is to fool the audience into thinking they are watching something when they are really watching close to nothing, and not the good Seinfeld ""nothing.""

The acting is good, especially Cassel who has been seriously unrecognized for his extreme versatility in bringing very different characters to fully developed performances. Natalie Portman is getting lots of nominations. I have always liked her performances, but this is far from her best work, mostly because the screenplay is probably the worst she have ever had to act. Even the silly Star Wars sequels are far superior and gave her much more to do. It doesn't take a whole lot of talent to play psycho with all the camera tricks going on.

The cinematography is mostly nauseating for no particular reason. Everything is confusing and blurry, so it doesn't really matter what is being shot.

The only explanation for this movie's success is that critics and audiences have never seen the films Aronovsky stole from to make this--Repulsion, Red Shoes, The Tenant, All About Eve, films of Cronenberg and DePalma.",2
Black Swan,"After all the great reviews for Black Swan and because i loved The Wrestler, i was very anxious to see this movie. And i have to say i was really disappointed. If i have to name my main problem with this film it is that it has no hart. Everything looks great but you never really get involved, it's all very cold.

Natalie Portman does an OK job, but she has done better in the past in garden state and closer. All the characters are really flat and don't feel like real people at all. This movie resembles Requim for a Dream more than it does The Wrestler, and i also didn't like Requim because it was so totally negative. Come on in every life there is some silver lining. But Nina's life in Black Swan is one great drama, with only people around here who bring her down. Not realistic, plus the whole lesbian relationship was ridiculous. Totally overrated!",3
Black Swan,"Black Swan is the story of a young ballet dancer promoted to the role of the ballerina and the way she and her companions deal with her move from being a member of the group to the prime role. To perform her role, she needs to have the kind of passion that apparently, she doesn't have, or at least not enough. The story is hence a story of transformation: how a fragile, restrained naive girl turns into a passionate beast. The team that carries the movie on its shoulders is remarkable. From Natalie Portman to the sexy and provocative Mila Kunis, and the surprising up- to-now action actor, Vincent Cassel, who is doing great job. what prevents this film from becoming a good film is the story. the short version: the story sucks. the long version: first, it is boring. really. simply boring. second, and not unrelated, it takes talent to convince your audience that what they see is actually something completely different. The sixth sense is like that. While the story line here is completely different, still, things happen here and then - surprise- it is not like that! the scriptwriter did not even try to pretend. you see something and then ha-ha- no, it is something different! why? how? who? never mind! really shame.",3
Black Swan,"First of all i'll start with the positives of this film. Natalie Portman stole the show by miles. Her acting ability to portray a fragile naive ballet dancer in pursuit for the role of a lifetime is captivating and powerful. Her performance was filled with raw emotion and with so much class. Defiently Oscar worthy. I loved how Darren Aronofsky simultaneously told the story of Swan Lake and the story of Ninas drive for perfection. The ending is defiantly the best as it is filled with so much emotion and tension and it keeps you on the edge of your seat. There are scares and thrills throughout the movie which was cool. Aspects of the film were amazing, however, this film as a whole is far from perfect. For the sexual content of this film is very offencive and unnecessary. I understand that the Black Swan is seductive and darker than the pure White Swan but i think the director pushed the boundaries on the sexual nature of this film by miles. The moral message of this film is that in order to be loose and have fun the answer is sex, drugs and alcohol. It's not. This prevents me from saying it was a great film because i can't support a film as a whole where it promotes immorality. But i can say aspects really worked and are to be admired. That's why i have given this film 5 stars, because the drama of the film is amazing but the sexual content was offencive.",3
Black Swan,"The only reason I give this garbage a three is the amazing orchestral score and the ecstasy seen with Mila Kunis and Natalie Portman. The rest is just TERRIBLE!! Who was bought off to rate this trash so highly? The predictability alone was enough to turn it off after fifteen minutes. I loathe ballets and yet I would rather endure, what seemed to be a decent play, The Swan Queen, than this.. there is no word for how stupid... Every turning point was predictable and as for ""horror""; if bloody fingernails are horrific.. ?? I can't imagine a person who would enjoy this film. If you like the backstage of ballet, then thirty minutes might tantalize your interest. An endeavor to get through..",3
Black Swan,"I could feel this movie straining to not suck, but the struggle was futile. The back of the Blu-Ray describes it as a psycho-sexual thriller. It wasn't sexy, thrilling or psychological.

Natalie Portman was as mediocre as anything I've seen her in, and Barbara Hershey's character was truly one-dimensional. Mila Kunis gives the best performance in the film; my favorite moment was when she asked ""Was I Good?"".

Despite the plodding pace, there really wasn't enough character development. If the movie could just have genuinely, and succinctly, made me appreciate the non-life Nina was living, and built more palpable tension into the relationship with Erica, it would have been far better. Of course, it still would have needed to deliver a more powerful finish to capitalize on that tension.

I wondered if ballet fans might have seen value I failed to, but some of the other reviews seem to indicate the reverse.

All that said, once I got to the half-way point, it had JUST enough of my interest for me to watch the rest. That's why I gave it 3, instead of a 1.",3
Black Swan,"I do not understand Black Swan's receipt of so much critical acclaim or box office popularity. To me the film is a mess and not worth seeing.

The story is about a competition between 2 ballerinas for the lead role in the production of Swan Lake at a prestigious NYC ballet company. Fine so far. I am not a big fan of ballet, but I can appreciate the rigor of the dancers' training, the competition among the performers for the spotlight, and the grace and athleticism of their performance. What I cannot appreciate is director Darren Aronofsky's muddled approach to this world's presentation, including the representation in the psychologically disturbed world of one of lead characters (Natalie Portman in an Oscar-winning performance). The characters are two dimensional, the script is a hackneyed jumble of film clichés, and the plot is obvious. If you love dance and want to see films about it, there are far better ones to see, including the seminal, The Red Shoes, as well as Julia, to name just two.

The only good thing I can say about this film is that it better than Mr. Aronofsky's followup project, Noah, which is even worse.",3
Black Swan,"I have found this movie pointless. I have to give it 3 of 10 just because of acting of Portman and Cassel and some visual aspects. But as a whole it's really just another - in fact really boring - sport movie. This is all the same regardless of kind of sport (boxing, skiing, dancing etc.) - the main figure is struggling her/his own fight of being better. That's it. No more - no less. But in this case it's extremely quasi-intellectual and at the same time sensual and the result is pointless mixture of feelings and no sense of telling this story at all. P.S. I intently do not compare this film with others of Aronofski's creations.",3
Black Swan,"Gay porn. No other way to describe it. Pure and simply it's another of Hollywood's subversive attempts to promote the gay and lesbian agenda.

WARNING to all decent folks - do NOT see this movie!

The movie started out interestingly enough. I could handle the parts where the ""Director"" of the dance troupe tries to get the prudish woman who's mother is totally overbearing to loosen up. He even tries to help her get in touch with her sensual nature, to become a woman who is capable of seduction, so that when she dances the part of the Black Swan she won't be so ""stiff"" and dull, but when it comes down to it and Natalie and Mila start going at it, it's just too much. That's why I say it's porn, thinly disguised as a ""thriller."" Overacted, over-hyped, and overdone.",3
Black Swan,"This may be the most overrated film in years. Other reviewers have already hashed out its flaws, what we now have to try to make sense of his why so many people profess to like it and think it is a great movie.

I actually skipped through many parts of it on my DVD player, as there is virtually no plot.

It is truly one of the most pointless endeavors ever conceived. Some of the acting is a bit grating, as well. Portman's performance is one-note.

Maybe it's just good at being bad?",3
Black Swan,"*POSSIBLE SPOILERS BELOW* Wow, this movie was so laughably bad I couldn't believe it. Looks like really bad bad rip-off of Polanski's Repulsion and maybe Requiem for a dream. Characters talk and act like they are written by 13 year old boy who is deeply frustrated of still being a virgin. Scenes that were supposed to be scary just looked boring and predictable. I was expecting something truly nasty, but no.. Only disturbing thing in this is constant use of profanities and boringly stereotypical sexual clichés about female artists. Why they are always portrayed as weak, naive, psychologically imbalanced, and always under some sexual predatory of their much older mentor? OK, that was the case with Frida and Dora Maar, but this story is just getting annoying. And cruel 'Mother' in the movie obviously thought she was in some 'Carrie' sequel, and she was pretty bad at that. CGI was pure comedy gold, it like a movie turned into cartoon in that moment, it's really funny. I was just expecting Scooby Doo to turn up. The only thing that was worthy in this movie was Winona Ryder in her role of primaballerina, and even she was annoying with constant cursing. But the scene of her after accident, in the wheelchair, with her backs against Natalie Portman who brings some personal stuff to her, that scene was excellent! If the whole film was like this, it would be great, but it's not unfortunately.. Better watch Suspiria if you want a good horror movie with ballet dancers.",3
Black Swan,"Aranofsky provides us with the first 'slasher/drug' ballet movie. Unique, yes!. Meaningful, no! Obviously still rooted in his drug fuelled visions from Requiem for a Dream, the story follows young Nina as she applies herself in trying to achieve the lifetime ambition of being the Swan Princess in a new version of Swan Lake. An arch rival rears her ugly head and goes about drugging Nina and getting her drunk like on a date rape. To make matters worse Nina 'self harms' throughout the movie just to add salt to the wound. Her mother, an ex ballet dancer of some note seems to hold a deep inner grudge against her daughter simply for 'having her' in the first place. She plays a part that Bette Davis would have relished as the evil mother who pretends to carebut does she? Every character including her choreographer has an evil core. We are meant to see this both in reality and/or through Nina's somewhat warped mind as her world spins out of control. One moment she has scars, the next moment they are gone. Her big toe nail is split in half, hours later she is on point spinning around like a battery operated spinning top. Her nails are cut with ensuing blood, both by her mother and herself on separate occasions and the healing process is remarkable. The line between what we are meant to believe and what is in her head are as clear as mud. This girl has deep rooted problems. At this point one has to put all of the blame on the pressure her mother has put her under to be the star turn at this American ballet company. Sex rears its' head time and time again as Nina is seduced firstly by the choreographer and then by her arch rival. Her choreographer suggests that she 'plays with herself' as tonight's homework in preparation for playing the dark half of the swan. Nina masturbates at home, only to find her that her mother has been asleep in the chair next to her bed throughout this ridiculous scene, only put in the movie to cheaply sell the new naughty Natalie to her male admirers. Having won the coveted role of Swan Princess, Nina is asked to go for a drink with her arch rival who then slips her a drug cocktail, gets her hammered and then 'feels her up' on the way home in the cab. At this point you have to remember that Nina has been trying for an awfully long time to achieve this once in a lifetime roleSO..why oh why would she go out with someone she does not trust, see her drink tampered with, have this fact confirmed by her arch rival and still drink it-and most incredibly ask if the affects only last for two hours. Gullible or what? ....and all only hours before her appearance in front of a sold out house to see her perform Swan Lake. On this basis she should not be aloud into the Ballet school, let alone perform as it's star turn. Where were we? Once home, we move into a trademark Aranofsky drug fused moment as Nina dreams of making passionate hot love to her rival-or did she? Every piece of this so called ballet thriller/killer ride is littered with screen moments we have seen many times before. It cannot be stated enough to say that the beautiful music that is 'Swan lake' totally elevates the final scene of this very lightweight movie. As the music soars along with Nina as she is lifted into the air and dropped by her male lead, we hear him utter those immortal words ""what the f..k"". If the substance of the movie had been half as good as the music then we may have had a performance worthy of note. Unfortunately in this case we do not. The press release reads "" Natalie Portman spent 12 months preparing for this role, having been taught ballet from the age of 4 until she was 12"". Wow. That is so impressive. This reminds me of another dreadful ballet move made by the late Robert Altman. That was really bad, but this? Oscar pay day, just around the corner for this Swan dive.",3
Black Swan,"OK, I was glued for the 1st half. The 2nd half I was dying to know HOW they were going to explain this stuff!!....... well....They don't.

There is a difference between leaving something to the imagination, and tossing out a bunch of things and leaving you with your hand on your Butt.

Some decent acting, could have been a decent movie, but the story is shallow and they offer nothing to you so you can put it all together. You can't put it together. because the writers didn't either.

Go ahead, watch it for the titillating parts, it is all you get... but not worth it at ALL.",3
Black Swan,"I will not beat around the bush, this film is basically Satoshi Kon's ""Perfect Blue"", but with minimal changes. When you discover that Aronofsky bought the rights to Perfect Blue just to use certain scenes from that movie, that should bring up some red flags. It is not like Inception taking Paprika's themes and doing something different, (Though Inception is another boring and unimaginative movie that gets praised as the best film ever -_-) this is basically plagiarism of Perfect Blue, but without the lawsuits since he bought the rights.

Due to Perfect Blue being underrated, it is no surprise that people would claim this film to be the best and have never heard of Perfect Blue before. But if you have seen Perfect Blue, then watching Black Swan would be an enormous waste of your time.

The movie itself was pretentious and boring. I am giving it a 3 because the performance wasn't too bad, not great, but probably the only saving grace I can give it.",3
Black Swan,"This film consists of a number of stock characters going through their usual motions until an ending which is semaphored well in advance. Now this is true of many movies, but a well-executed film can still capture your interest even with these handicaps.

In this case, though, the characters are lifeless, not particularly well-acted and completely under-written. The script almost comes off like first draft, and is devoid of humour, wit or originality. So no one says anything interesting or memorable at any point, and none of the characters even begins to elicit your sympathy, or goes off-piste in an interesting way. The ostensible bad girl dresses in black and even has a tattoo of black wings on her back, ferchrissakes. She likes a drink, too, as well as some other naughty stuff. Or does she? Poor Vincent Cassel probably wins the photo-finish just ahead of Barbara Hershey in the most-clichéd character stakes.

The central conceit needed to be handled with a good deal of subtlety to make it work. It's actually dealt with in such an appallingly ham-fisted way that it made me laugh out loud several times. Hokey, I think, is the mot juste. Clearly, Aronofsky didn't have sufficient trust in his own abilities to make the point without B-horror movie special effects and truckloads of symbolism that smack you in the face like a wet kipper. Either that or he didn't trust his audience to understand the movie without battering them into submission.

Utter tripe.",3
Black Swan,"I skipped this film. In 2010 my favourite director released Black Swan.

2018. I finally get around to watching it. I don't know why but I have an incredible record for sitting out on films that I just 'don't fancy '

I'm seldom wrong and tonight after watching black swan I've nailed it again. Awful show. Absolutely nothing went on during it that surprised or intrigued.

Definitely his worst. (I really liked the first 2/3 of Noah ! )

Would not recommend.",3
Black Swan,"I honestly didn't like this movie, it made me feel claustrophobic, annoyed and somehow,disgusted. Now thats probably what the director was aiming at, to deliver a nightmarish sensation to the viewer. now if that is the case, that makes it a good piece of art because it strikes and shakes the audience.

However, having said that, I think movies must be entertaining, enjoyable, and this was not the case for me.

Its like the clockwork orange, everyone says is a masterpiece, but in reality its a disgusting movie with horrible characters you can't relate to.

good pieces of art, but HORRIBLE movies!",3
Black Swan,"Ballet isn't my cup of tea, and never has been. It shapes an unnatural world populated by inhabitants who are aware of little else, and craves their souls as well as their bodies. The ballerinas I have known have been unbelievably ignorant of everything other than dance. It is arguable that the events in this film take place in Nina's mind, and not in reality, a plot resembling Vertigo, or Point Blank. Point Blank was OK, but I didn't go for Vertigo. In Black Swan all the people in the story (other than Nina) --- the ugly cloying mother, the other dancers, the twisted artistic director, are nasty and merciless bullies, mockers, users or exploiters. Nina, as her name suggests, is a challenged nonentity, a sad and innocent ninny, living in stressed and tortured misery.

There is a sense in which all that takes place on the screen is a projection of its director's and star's personal anguish and trauma. Those who consider this film to be a masterpiece, or ballet to be the acme of aestheticism, must be reminding themselves that suffering is the price of beauty. The frequency of the scenes with mirrors perhaps indicates the self-reflexive nature of this script.

Viewing this film was a distinctly unpleasant experience. The cumulative effect of masturbation, lesbian sex, self-harm, hallucinations, casting couch innuendo, and vomiting down toilet pans made me also want to throw up. It reminded me of the most unpleasant film I've ever seen, namely Irreversible. Picture my surprise when I discovered that Vincent Cassel had been cast as the male lead in both films. Only three stars, because I do not recommend it.",3
Black Swan,"I went to see an afternoon showing of this movie, which included a broad section of society from seniors through to slightly underage attendees, perhaps 14 or 13

I'm sure I heard a pace maker malfunctioning on more than one occasion during what I can only consider to be, soft porn! We're treated to 2 masturbation scenes, long drawn out scenes of very visually and audibly precise cunnilingus and all sorts of other ott debauchery here

Portman is in no way convincing as a competitive dancer. There is no way that a fragile person like the one she portrays here would make it in the competitive world of dancing. Also Portman's attempts at acting drugged up were a joke

Portman does her usual anguished face, which she has been doing since Leon. Literally she used the same expression as she did at the door in Leon several times here. She was not convincing in this part for me at all. I also found Winona Ryder to be quite ridiculous and a little like the Wicked Midget Witch of the West

Artistically this movie is barren and does not come close to Requiem for a Dream for example, it is commercial trash actually. The soundtrack in particular is dull and lifeless

Sorry but this film will win awards and then will be looked back on as being actually quite ridiculous and a terrible mistake

Please don't expect this to be Swan Lake the ballet, like many senior people did yesterday at theatre I was at. It was an embarrassment",3
Black Swan,"Despite all the symbolic and not-so-symbolic messages successfully driven home, I simply could not buy both sides of Nina (Natalie Portman). Is she obsessed with perfection (over the line psychosis) budding Prima Ballerina with the image issues plaguing many young women...or is she the 12-year old daughter (emotionally) of an over-protective mother living her life vicariously. Complicating the former with the latter, for me, is totally unbelievable.

As the story progresses, we come to realize that much of the unsavory behaviors of the surrounding cast is really only projections of Nina's psychosis. And while Nina's aberrant behavior comes part and parcel with the syndrome plaguing her, the scenes of graphic self-mutilation could have been just as effective with a more Hitchcockian approach or simply left on the cutting room floor. It was these scenes, most of all, that destroyed this film for me.

All-in-all, my first impression upon leaving the theater was...'Well that's 2 hours of my life I'm not getting back'. It was only after further reflection that I felt a rating of 3 out of 10 was warranted....instead of a 1.

That said...this movie will continue to be feted and garner numerous award nominations. And while Natalie Portman will receive the Best Actress nomination many times over...I fear the star who pulled the movie together will be neglected. That is Mila Kunis as Lily. She was entirely believable as both the young understudy and as the evil interloper in Nina's psychotic fantasies. Without Mila's strong performance, this movie would have completely failed.",3
Black Swan,"I really wanted to like this film. Indeed I wanted to love this film. However a film about self mutilation, mental sickness, sexual harassment and quite possibly abuse by a domineering parent is very hard going. This was a beautifully made film of a dreadfully upsetting story. There is no doubt that each of the actors within the film put their heart and soul into it and Darren Aronofsky is a film maker of courage and vision. It is just that the story is so bloody dire and unpleasant! I would have enjoyed seeing how the main character managed the transition from the White Swan to the Black Swan without the gratuitous (and incredibly un-erotic) sex scene. There is definitely the foundations of a wonderful film on this most beautiful of ballets, but this film most definitely did not manage the transition from a cygnet to a swan, either black or white.",3
Black Swan,"I saw this film fairly recently, and was excited because the material is a real treasure trove that could be mined for quite a haul, particularly in the hands of someone like Darren Aranofsky.

However, for me, it's Aranofsky's worst film by far, and I've seen them all. As a technician and stylist, he's one of my favorite current directors, but the story and performances were hammered home with so many clichés that the venture was just laughable.

I mean, Darren's singular approach of blurring space and time worked well with ""Requiem for a Dream"" and ""The Fountain"" because of the inherent reality/unreality that is the central focus for the main character. Here, it's played out in the dichotomous relationship of TWO characters, and it's just plain silly - there is no granularity to it at all. The impresario and mother characters come off like crap - Anton Walbrook must have been turning in his grave. And of course, Mila Coon-Ass really kills it - a better actress with more allure, more subtlety, a better ability to convey passive-aggressiveness - now that might have helped a bit. Ultra-bad casting decision, but you have to give some credit to Natalie Portman, who turns in an agreeably flamboyant performance that, while probably not Oscar-worthy, is worth attending to.

But this thing is a turkey for me - it is ponderous and flat-footed rather than brooding and potent. This guy is a wonderfully talented director, but I hope Darren doesn't think that he's John Ford now after the Oscars of last year. Ford built his legacy through craft over time - so far, Darren has distinguished himself with techniques more akin to Roman Polanski. I'd love to see Aranofsky tackle something like ""Othello"" or ""Macbeth""!

And frankly, I'd rather see Roman Polanski tackle THIS material - shades of ""Repulsion""! Overall, I get more out of balletic conflicts like ""The Red Shoes"" and ""The Turning Point"" than this thing - I'd suggest that viewers at least see these as a source of comparison - heck, see ""Repulsion"" as well. I'm afraid that this isn't worth more than 3 out of 10.",3
Black Swan,"I have to admit that I never watched ballet, particularly classical. The little I've seen plus the fact that targets high class people whose opinion of themselves is even higher while trying to hide obvious psychological distress (a mental picture of Fraser takes shape), makes me think of ballet as something to avoid if boredom is not your goal.

In any case, you can as well avoid this extremely boring movie. It seems like the director attempts to shock us with sex and mental delirium, something that bored me even more. Maybe he thought that taking the somehow worshiped ""lolita"" N. Portman and making her fall into a vortex of sexual deviations would act as a leverage for boredom. How pitiful.

He added some nice CGI to it, in order, no doubt, to boost the aesthetics of the movie. Still, boring.

No matter the director's play with the sexual fantasies of people towards Portman or the little CGI shown, this movie is still predictable and slow. So much, that I'm sure critics love it.",3
Black Swan,"I cannot understand all the rave reviews for this tortured and tortuous dark and brooding film. It is painful to see a young vibrant dancer turn into a demonized pathetic wretch, with plenty of help from her cunning unscrupulous director, a rival dancer who plays mind games and sexual games with her at a drug and alcohol fueled nightclub. Not to mention a harridan of a mother who alternately smothers her into childish submission and praises her ability to win the title role in ""Swan Lake"". An ambitious film, it just goes off in too many directions. Nina has emotional, physical and mental problems that send her spinning out of control. She self-mutilates, indulges in sexual dalliances, fears she can't handle the role, but wills herself to play the menacing ""Black Swan"" by going deep into a place she cannot control. If it's a movie about lack of control of one's life, Darren Aronofsky got that right, but it's not up there on my list of must see films - in fact, I'd forgo it and see a film that didn't leave me feeling like I needed a hot shower to cleanse my spirit! The movie is soulless and surreal, utterly devoid of any humanity.",3
Black Swan,"Nathalie Portman can act. - That's the good thing about ""Black Swan"". - Aside from that, Darren Aronofsky's film doesn't have much to show. Suspenseful moments are destroyed by choosing Tchaikovsky's music instead of something that truly could support the mood, the cinematography doesn't deliver anything original (and is no match to Jack Cardiff's work on the ballet drama ""The Red Shoes"" - which centers around a similar story and does even show a title consisting of a symbol for a dancer's obsession), and the ""action"" goes along and along without anything that really surprises or catches the viewer's attention. Another example of Hollywood hype - if you penetrate the audience long enough, it doesn't take too long until everybody thinks they are watching a masterpiece. - All that is left in the end is a feeling of emptiness. Whoever acts surprised or shocked by the display of ballet as a world in itself, with lots of pressure, obsessions and struggle, should maybe start regarding the world with open eyes. - This movie doesn't deliver anything new or original in that field and fails as a psychological drama due to its flat and predictable storyline.",3
Black Swan,"I understand this was a thriller set in the ballet world and did not expect a 'Turning Point' kind of ballet world movie. But there was too much unpleasantness that it seemed one dimensional. I wouldn't really want to watch this again. They succeed in making one of the most beautiful ballets in the world ugly.

There are some good points - like the blurring of reality and fiction was like an actual delusional person. It does succeed in keeping you on edge.

The main actors: Natalie Portman does the anguish and fear well she has evolved as an actress. She used to have a high school drama class expressions on her face now she is clearly better and deserves her awards. However physically she does not look like a ballerina. She is bit stunted and doesn't have the lithe long look of a ballerina or an arched back. She didn't really have to train so hard since her dancing moments were actually quite short. But I see why they couldn't use a real ballerina for this role - it wasn't really about dancing.

Mila Kunis is a good bad girl but the trashy look is a bit overdone for a proper ballet company - it seemed more appropriate for a Step Up kind of dance company.

Winona played her crumbling aging ballerina well could hardly recognize her but wasn't given enough screen time they didn't focus enough on her face. Also her storyline of collapse is a bit exaggerated. Retirement cant be that bad.

Vincent Cassel is a bit too unattractive and predatory for the role. He doesn't look the part either - bad casting.

Barbara Hershey was quite effective. Her crumpled face was probably the most frightening thing about her.

The main fault is the screenplay and story. The sexual elements were just too much and distasteful. About 10% would have been enough. It distracted from the story. It should have had more beautiful elements to contrast with the ugly. Showing things from just one perspective can be limiting. The horror elements were a bit too cringe inducing.

Overall worth one watch but just didn't enjoy it.",3
Black Swan,"After watching so very many films I'd like to think I can identify a good or a bad movie. After watching this I just don't know any more. I can tell you I didn't particularly enjoy it, but I can also recognise that parts of it were filmed very nicely, the roles were well cast, the main actors put in good performances, and it dealt with some interesting ideas around paranoia, competition and control. It certainly told a story - a ballerina, who's clearly been pushed by her overbearing mother, desperate to realise her dream of getting the lead in Swan Lake. Despite a healthy amount of doubt and a poor audition, she lands the lead. Then she has to deal with the pressure of preparing for the role and embracing its uncomfortable darker side, all in the face of mounting pressure and colleagues trying to undermine her. As the enmity, anguish and paranoia build, we're left asking ""will she pull it off?"". Fair story if you ask me. So we have a nice looking film, good actors, interesting story, etc etc etc. So why the hell didn't I enjoy it? Well for starters I'm not big into ballet though I've seen a couple - maybe if I understood ballet better then I'd dig the themes it deals with. Maybe if I was female I'd understand the interplay between the 2 main dancers better. Maybe if I'd had a similar experience in my life I'd empathise with the main character's journey. If any of these were the case then surely I'd rate it more highly? This is why I asked what makes a good film. It's so very subjective that the act of reviewing and rating a film suddenly seems pretty pointless, except to yourself, as it depends entirely on who you are, what your experience is, what your view on life is, and how you're feeling when you watch it. As such, I can understand the reasons for the good and bad reviews on here. If nothing else this movie made me think about that! Stepping aside from that philosophical quagmire, in the back of my mind I suspect this is a good, but flawed film; flawed for reasons other reviewers have mentioned - clichés, shallow characters, obvious themes, no real closure on what has or hasn't happened, but hey - maybe that's exactly what the director wanted, maybe that's genius?. I'm amazed if the dancing is as bad as people have said on here - I thought it looked amazing, especially from a couple of actors. All I can say is I didn't enjoy it much - so if you're me, don't watch it.",4
Black Swan,"Hello film fanatics,

I must start by saying, this film had great camera work, excellent acting, by Natalie Portman, Mila Kunis, Vincent Cassel, and especially Barbara Hershey, for playing a controlling psychotic mother.

With this being said the reason for my low rating is because it kind of drags on and on, yes I understand that Portman's character obviously has some issues with her marbles upstairs, mainly because of her controlling mother. And this is why this film didn't work for me. This kind of story has been done to death, from films such as Hitchcock's Psycho with the whole mother/Norman personality, David Lynch's Mullholland Dr. having the fake reality and also lesbian scenes (Which was filmed more elegant by Lynch than the director of this film.) Texas Chainsaw Massacre with the whole crazy family thing going on, and Raising Cain with John Lithgow which is another Psycho style film in itself.

Why I'm mentioning these films,well it's because films like these they all have one thing in common,and that's the whole parental conditioning, also like Mullholland Dr.,the whole fake world kind of thing, through some kind of everyday environmental pressures coming from society.

In this film I found it had little hints from films like that. I understand that taking great ideas from another film that you love, is a normal thing, and kind of hat's off to all the wonderful films from the past, but like I've said I'm just so bored of this kind of story, that's all. I really don't want to see another psychological crazy mental breakdown film again, we have enough already. And that's why I rated this film the way I did.

Also the whole lesbian fantasy between Portman and Kunis, well that is really nothing shocking and nothing I haven't seen before, it just seemed like they were trying to play the shock value card, and by having an innocent actress such as Portman, that's really what makes the film pop! Or so they think. Let me ask you this, if they had an actress like Sharon Stone who was famous for showing her muffin, in Basic Instinct, would it have been so shocking, and that's my point, instead they showed Portman doing this. I really think that this scene is all this film is going to be remembered for, after time passes us by.

I really just think this film was just two hours of ballet, with a little bit of paranoid psychosis, alternate personality syndrome mixed in with it. With this film I find also it's like being on a roller coaster with just one big hill and no little twist's and turns before the end. You stand in the big line up, waiting and anticipating for it to move forward, but nothing does, then after an hour waiting in the boring line up you finally get to go on the ride. Then it's like at the beginning of the ride your going up the hill, getting all intrigued by the character's then you get closer to the top, getting a little bit confused, then you finally reach the top, and then boom! Your flying down the hill, letting all the secrets of the film fly past you. Then the ride stops and it's over. No little twists and turns on the way to the end of the ride.

To some it all up this film basically goes like this. A girl is under pressure from her mother and the ballet company, then she get's horny and wants to have sex with a woman but doesn't have the nerve to step outside of her little box of the ballet world and her controlling mother, then she goes nuts thinks she's some form of human/swan creature, and dies due to her mental issues, The End.

So I'm just basically saying great acting, great camera work. But just bad writing with no original thought, just the same old ""mental problems"" film, with hints of being lesbian. And besides no reputable ballet company would even hire a girl that has such low self confidence, also in the final act where she falls off of the guy who is holding her up, then crashes to the stage, I think the director of the ballet would have her replaced. She seemed to of hit that stage pretty damn hard, and then to go back out and finish the piece in total perfection, come on people, I think if I hit my knee that hard I would be limping around at least slightly, let alone doing ballet. We as an audience don't miss details like this.

If you like that sort of thing then it's the film for you, but if you don't then don't watch it. And if you want to watch a decent ballet film then watch Dario Argento's ""Susperia"". It's not the greatest film but in my opinion just a nice well balanced story with great colour, good acting, excellent film work and imagination for it's time.

Thanks for reading.",4
Black Swan,"I wasn't expecting to learn so much when I bought tix to see Black Swan of course the fact that Portman and Mila Kunis were allegedly to shed their tutus and perform some mutual stretching exercises wasn't a large deterrent.

All the same I learned quite a lot:

1. I learned that Natalie Portman does indeed give a brave performance as Nina Sayers, the central figure in the film. A different kind of brave deluded brave?

2. I learned that if symbolic imagery is coated on with a paint sprayer descriptions like subtle, nuanced and suggestive no longer apply. Let's just say I draw the line at webbed toes.

3. CGI can enhance visuals and assist in realising a director's ""vision"", but in the wrong hands or used unnecessarily it can detract and distract. Black Swan ultimately suffers death through CGI.

4. I learned that there are certain actors who simply have a hammy style that lends itself to hammy, clichéd, ""wannabe important and meaningful but really is just overwrought schlock"" films. Winona Ryder, Barbara Hershey and Vincent Cassel are among them.

5. I learned that thanks to two scenes – really one in particular – Black Swan Redband or Black Swan Portman-Kunis will be a google/videos staple for decades to come, especially in the male 15 – 40 demographic

6. I learned that mysteriously ""leaking"" such info has probably guaranteed that this dreck will make a profit and get more punters through the gate.

It worked for me.

But alas this fuzzy grey quacker never got the chance to become the fabulous and beautiful swan. It remained an ugly duckling.

()()()()()()()()()()()()()()()()()()

Nina Sayers is an annual aspirant for leading roles in her prestigious ballet troupe, and this season the group's director Thomas (pronounced Toe-Muss, cause it's cooler) has decided to take on Swan Lake.

Nina has been married for a very long time; to ballet. She lives with her mother, an ex-dancer who retired once falling pregnant with Nina, she now lives vicariously through her already stressed out daughter.

Now maybe it's the pressure that comes along with striving, training and desiring just a little too much for years on end at the elite level;

* maybe it's the bleeding toes, sprained ankles and aching muscles from countless hours of practise;

* maybe it's the creepy director who continuously takes verbal potshots at Nina openly doubting her abilities, yet every five minutes tries to slime his way into her tutu;

* maybe it's the clingy stage-Mom living needfully through her fragile daughter

* Or maybe, just maybe at 40 odd kilos, with your tiny stomach screaming for sustenance as the dancing burns still more calories the body doesn't have to spare – and with 30 other tiny anxious aspirants desperately staring mental daggers and wanting each other to fall at the wrong moment

Whatever the reason, Nina is a little wound up.

Even landing the plumb lead role only leads to more nifty footwork at home when her Mother (Barbara Hershey) takes a polite ""no thanks"" to an impromptu celebration around 37 steps too far. The arduous training sessions, repetition and commitment needed to fully inhabit the role of the Swan Queen only exacerbate the pressure cooker environment, and Nina lacks genuine support when she most needs it.

Enter Lily, the new anti-Nina who has just arrived from elsewhere to replace Thomas' previous ingénue and former troupe centrepiece Beth (Winona Ryder working to pay off shoplifting fines), who has been ""retired"" somewhat against her will at the sinfully old age of 30ish. Lily isn't concerned about perfection, she doesn't dwell on minor missteps and failures, she drinks, smokes, swears and jokes around.

All of these being definite Nina-no-nos. It seems like fate that these two will continue to cross paths a million pasty, pimpled Youtube users demand it!

Cassel is intense and demanding as Toe-Muss but toes a fine line of believability and menace. You can never tell exactly what Mother's real motivation is for her daughter's career, does she want to be a friend, mentor, coach or counsellor? And of course Lily the anti-Nina hangs around doing everything that Nina never dared do, but perhaps always wanted to.

With all this going on it shouldn't be surprising that Nina starts seeing things out of the corner of her eye.

()()()()()()()()()()()()()

The first hour of Black Swan builds well. I am obviously no ballet aficionado (more a Step Up 2 tha Streetz guy) but I never got bored with the practise and rehearsals – and there is quite a bit.

The last 40 minutes though let things get out of hand.

In the civilised world it is OK not to like or understand ballet, but if you casually dismiss it publicly it is somehow just an admission of a lack of refinement on your part, that you just ""don't get it"".

The last 40 minutes started ominously with some baffling CGI and some ""did I see that?"" moments, then continued to become more and more ridiculous until I was basically just chuckling away to myself in the seat.

The last 40 minutes of Black Swan are some of the clumsiest and just plain worst that I have seen in years. When at the culmination of a performance the ballet audience applaud in wonderment I felt like applauding too

 but I was doing so out of sarcasm.

Final Rating – 4.5 / 10. My One-Third rule applies here: if more than 1/3 of any film sucks the entire film sucks by association.",4
Black Swan,This was hands-down Natalie's best performance in any movie unfortunately the movie wasn't any good,4
Black Swan,"OK, keep in mind that i took my 80 year old Mom and my 20 yr old daughter to this movie, which i would not have done if I'd known it had a masterbation scene and lesbian action! Besides that, the movie was way too slow moving-now I remember why I don't like the Ballet-it's boring. I kept waiting for the scary stuff which didn't even happen til near the end of the movie. Meanwhile, we didn't know what was real and what wasn't and my Mom and daughter were totally lost. This movie could have been a lot better, there was just too much of the nambypamby good queen in it and we'd all been better off without the sex stuff. So, in retrospect, i wish we'd gone and seen anything else.",4
Black Swan,"There is one saving grace to this bird (Turkey, not Swan): Natalie Portman. While she has always been a fine actor, this performance raises her a notch. There is no God if AMPAS members fail to nominate her.

The cinematography and editing are all top notch. In fact, there are a few stunning shots.

What, then, is the problem? In a word, story.

It's not so much this is ""Repulsion"" on New York's Upper West Side, it's that the filmmakers rub your nose in it. The anti-art conceit boils the proceedings down to a cliché-ridden, low grade horror film. Repetitive and predictable from Frame One, ""Black Swan"" adds a bit of Cronenburg psychosexuality.

The film's most interesting aspect is 'suffering-for-art'. (A dramatic cliché also done to death.) If only the noise from the rest of the film was dialed down. Aronofsky should heed the oft-repeated advice given to Ms. Portman, ""Let go!""

To say the least, 2010 was a bleak, lackluster year filled with cinematic disappointments. ""Black Swan"" does shine compared to most fare. That does not make it a great, or even good, film. When you're starving you'll swallow anything, and those who have never seen another film will enjoy ""Black Swan"" tremendously.",4
Black Swan,"I suspect that ""Black Swan"" is about Art, but who knows? Maybe it's just a pretentious psycho-horror film. Either way, it's not very good because prima ballerina Nina (Natalie Portman) is a construct of reality and hallucinations, all muddled up.

I wanted to appreciate the way Nina treated her body, because we're shown how hers is damaged, especially with an injured toe, which is critical for standing 'on pointe.' There are many scenes of her mildly mutilating herself, too, but it doesn't cohere. Like her mood swings, her wounds appear and disappear, occasionally seen by her mother (Barbara Hershey), who is another lunatic, a woman whose parenting style is less hovering helicopter than drone bearing down. The women in ""Black Swan"" do not come off as rational creatures-- though it may all be in Nina's head. Who knows?, which leads to Who cares?

The core idea of ""Black Swan"" seems to be Nina's determination to be a ""perfect"" ballerina, and there's some splashy CGI toward the end when she grows feathers performing ""Swan Lake."" But between the disappearing wounds, which include apparent molting at one stage, and her (maybe) ecstatic sexual encounter with her rival Lily (Mila Kunis), we get an overload of images that don't add up to firm information. Aronofsky fails to look squarely at fascinating dynamic: the toll it takes on an artist when their talent is ballet, an art form that reduces the body to becoming a choreographer's canvas.",4
Black Swan,"You can love or hate Black Swan, but certainly it won't be just another movie. I have to give that to the director, who tries hard (REALLY hard) to show a very sick girl in some sort of beautiful light.

Personally, I found the movie too self-aware and pretentious, pushing the buttons of this unstable main character (Nina, played by Portman) in such an obvious way that it's almost annoying. Sure, a huge amount of pseudo-intellectual viewers are going to find it genius, but in the end, Aronosfky just directed a very elegant version of Saw.

Nina was sick to begin with, pressure didn't crack her at all. We don't have a story; we have a train wreck. Portman did an awesome job like most of the cast of the movie, but the plots urge of being a masterpiece just ruined it from the beginning. The movie shouts out loud 'I'm cooler than you and you should praise me for that'. I'm not sure if it is the script or the directing, but someone is trying just too hard.

Photography was beautiful in a green-ish kind of way. It's cold and uncomfortable in the beginning, but it gives a nice atmosphere for the concept. The screen just lightens up when Kunis (playing Lily, Nina's fellow dancer) appears: She's just a breath of fresh air in a suffocating movie. I'm guessing that that's the idea, but you know, not even a great performances can save a film that lacks humbleness.",4
Black Swan,"First of all gave it a 5 because I only give 4 or less to ""amateur"" movies.

You start the movie with high expectations from the reviews and the critics, you read something about a character that has to find her ""dark"" side to play a role, and change her personality, even though you're not a big fan of ballet, you see the reviews and Oscars, and you give it a try expecting at least, if not something of your type, something of high quality, or some emotionally strong drama.

Let me tell you what I saw in this movie, a (pretty) woman with the same expression the entire movie, throwing up every 5 minutes, bleeding, ripping some skin or showing her rash every 2 minutes, and having hallucinations every 5 seconds. Thats how amazing this movie is. ""Her facial expression never varies from sad, purse-mouthed and leaky eyed. I got so tired of looking at her face and it is shown just about all the time."" said another reviewer (in words I hardly understand), well I hope this is not a spoiler, but basically thats what you will see the entire movie: her face! and even thou she is pretty it can be very annoying and at some point you might feel some desire to slap her.

So basically for me, this movie has hardly any positive points, besides keeping you waiting for some interesting moment that never comes, it is a succession of confusing, meaningless scenes, that sometimes resemble a horror movie, very based in all the clichés and as the movie goes on starts becoming more like a comedy. No substance, no emotional depth, no strong/well-built characters, no point. Even visually this movie fails.

Like i read somewhere ""pretentious garbage"" is a nice way to describe it, but of course, you add some classical music mix it with some ballet, wrap it all up with a lot of cheap sex, and all the so called ""intellectuals"" can only call it a sublime masterpiece, or else they will probably be expelled from the so-called-intellectuals club. This movie shows very small traces of intelligence, and I don't mean to sound arrogant.

Avoid it, either you into ballet or not, in all honesty it is not a terrible movie, is decent, but is definitely a waste of time, and the most overrated movie of 2011 along with Inception (no wonder I saw both on the same list of the best 3 movies).",4
Black Swan,"There were parts of the movie that were pretty interesting. Another reviewer a week ago rated it 1/10. I don't think it's the at bad, but it's certainly not an 8/10. It reminded me a little of Lexi Pappas's film ""Tracktown"" but wasn't nearly as bad as ""Tracktown."" Natalie Portman plays a ballerina who her own mother doesn't even describe as. Great dancer; but rather as someone who works harder than anyone else. Portman is incredibly immature. Hard to imagine her ever even being a professional ballerina, not to mention the star of swan lake. Ending was disappointing. Could have made some changes to make the movie better.",4
Black Swan,"It took me a long time to watch this movie, and I had high hopes based on what I had heard.

I was really disappointed though, the movie seemed really obvious the whole way through, and Nina's spiral into psychosis seems to mirror every single other film with similar themes as well.

The parallels between the story of swan lake and the characters in the film were heavy handed as well, and you could tell Darren Aronofsky thought he was being really clever with them.

Actually the whole movie seems like Darren Aronofsky just attempting to come accross as profound, every single line from Leroy is like Aronofsky jacking off to how smart he is!

Also for a movie where most of the characters are female, it came off as weirdly sexist? Not to be preachy about those kinds of things, but Aronofsky displays a limited view of women in this film. They're either timid and virginal or seductive and immoral. Very madonna-wh*re. There's the overbearing mother character as well of course.

Bit of a letdown overall! Most of the body horror and special effects were amazing to be fair but the rest was less than I'd been told to expect.",4
Black Swan,"CAVEAT: HERE THERE BE SPOILERS. Mild ones. The functional failure here was the pattern of giving facts and taking them away, then ending by giving us a fact that isn't taken away. As a device to show a character is losing her mind, this technique has one large pitfall: seeing the finale through her eyes rather than those of a trusted observer. We don't know if we can trust what we've seen. The movie creates a pattern of physical wounds, personality conflicts, violence and death occurring, then being nullified -- not being healed or overcome, but going away ab initio, every single time. When the last act ends with another death, who's to say the victim won't pop up and be fine? After all, that's what happened every other time during the movie. Why shouldn't this death be reversed as well?

The actors did a great job, and the tech was excellent except for sound quality (but they may have had location problems; no big deal.) My complaint is strictly with the writer, or whoever owns that ending.",4
Black Swan,"What you are going to read here will be completely different from other review posted for this movie. I am really very much disappointed with this movie. I am not a big fan of drama movie. This movie definitely looks good with artistic respect but i feel that story was really awe full. This definitely doesn't connect real world and is something which is hard to believe, seeing other review's and comment i was very excited to watch this , may be i thought that it will be something in comparison to inception ( w.r.t excitement ) but me and mine friend both were sleeping at the end. In short don't waste your time on this movie during weekends otherwise be ready to cry at the end",4
Black Swan,"Few movies can make you question your own sanity, and Darren Aronofsky's Black Swan is such a movie. The movie is a loose adaptation of the ballet Swan Lake. The film follows the story of ballerina Nina Seyers (played by Natalie Portman), her own tale mirroring that of the White Swan in the ballet that she is performing in. But in the film, the Black Swan lurks in the wings in the form of a rival ballerina at the company (played by Mila Kunis), everything that Nina is not, and could she be trying to steal Nina's role from her?

Black Swan paints a picture of an obsessive art form. A strive for perfection and emotional release, and if you can no longer perform, you are washed up and no good. Black Swan fires on all cylinders and technically works. The direction of Aronofsky is engrossing, drawing you into Nina's claustrophobic world of paranoia, the performances from the actors are daring and immaculate, and the cinematography is stunning, in particular the beautifully photographed dream sequence that opens the film and is the highlight of this psychological thriller. Where the movie slips for me, is its racy material, where in the middle of the film it seems to lose itself in this odd perverted journey that is close to soft core porn. While it works to fit into the story, was it necessary to go as far as they do? I think no. These moments seem more a detriment to me, and hindered my enjoyment, seeming as if they were pure grabs to try and make some bank.

This is a film that is so well made, it is a shame to see it dip into such waters that lose it much credibility in my book.

I give Black Swan a 4 out of 10!",4
Black Swan,"I honestly don't understand all the hype about this film. Natalie Portman plays a psychotic, delusional, spoiled brat who flaps her arms around like a ""swan?"" Many are saying her character loses her mind during the course of the story but the fact is, her character was already lost before she was given the role. I found this film to be depressing and filled with what amounted to an adolescent crying and pouting about her inadequate performances. Portman plays a psychotic quite well but it does little to hold my attention. We are transported back and forth between the delusions of her character and what might be reality. It becomes boring and predictable at best. Maybe the lesbian sex is what the public loves about this film? In the end, even this is a delusion... This film works hard to entertain but I found it to be froth with whining and predictable presentations of delusion.",4
Black Swan,"Im a regular guy, no psychotic tendencies or mental health issues, whoever wrote this however is a seriously twisted individual that should really seek help.

The film its self is so highly strung that virtually every scene makes you feel uneasy. Its not like a horror movie or a thriller ,they may be frightening but they have normal structure that keeps you grounded in the real world , well not this film. If i had to class it id have to say its a psychological snuff film, you feel like you're looking into the mind of an insane person (the writer). Its not my cup of tea, i gave it 4 for good acting.

It does beg the question if that is what the life of a ballet dancer is like with the whispering, name calling and the paranoia with everyone trying to stab you in the back why would anyone want to be a part of it?. And if its not what the hell is the writer trying to say? is the ballet part of it irrelevant and the story could as easily been about a waitress or business woman. Why not just skip it all and go film some real loonies at an asylum and save the millions of dollars.",4
Black Swan,"This film is of the genre that keeps us wondering is it real? Is it a dream? Is it psychosis? SPOILER: that would alright except that we don't ever get an answer to that. The net result was that it was just plain irritating. I regretted the time invested in it other than to see what others were talking about. There were some good effects, such as SPOILER her morphing into the Black Swan Queen, and the moment when her childhood drawings started to move, but overall it was tedious, hard to believe, and hard to know whether it was all a fantasy or if we were supposed to learn something about the character's life and the world of competition among ballet dancers. Portman did acquit herself with admirable gravitas (and dance moves) given the overall ludicrousness of it all.",4
Black Swan,"It's ""Psycho"" with ballerinas. Or ""High Tension"" with ballerinas. Or ""Repulsión"" with ballerinas. Or ""Sisters"" with ballerinas. Only the ballerinas aren't actually ballerinas but actresses and body doubles portraying ballerinas.

The artwork and cinematography are stunning, and it has a stellar cast. But when modern Hollywood wants to tell us a descent into madness, the fall is so glitzy and stylized that it becomes one trope after another.

I can't believe it won awards.",4
Black Swan,"This film is like the spirit of late 00s preserved in amber. Somehow, despite not having anything overly 00s in it, this film feels the same as My Chemical Romance, emo fashion and all those works of fiction with lightly psychological and ""daring"" themes that were so prevalent at that time.

Or maybe it just feels like being in your late teens.

Anyway, this is a film that might have felt revolutionary back in 2010 but now feels just okay-ish and quite dated. Also, sexist. But the kind of sexist that was easily mistaken for (and possibly meant as) feminism back in the day.",4
Black Swan,"Two names drew me to this movie. Darren Aronofsky and Natalie Portman. Aronofsky has made some very unique films and Portman is a fine actress. But that does not mean both will be a great movie. The story is simple. It is about a ballerina (Portman) who is obsessed with being the best performer, or in this case, being the Black Swan. Full of out-there characters, strange camera techniques/special effects, bizarrely, disturbing hallucinations, and a character driven to self-destruction, this movie reeks as a masterpiece by Aronofsky. What could go wrong? The problem? There are many. For starters, it is too reminiscent of Requiem for a Dream. About a third of the movie is nothing more than the ballerina's crazy delusions of her flesh and nails peeling off, faces in pictures mocking at her, and even conversations with other characters that never happen. While I enjoy such off the wall stuff, it is in excess and feels out of place for the film's plot. It is as if Aronofsky wanted to throw in craziness as a means to entertain or rather shock the viewer. The artsy film fans will love it but it is a put off for the average viewer. I don't mind it. It is just overbearing. It makes sense for such bizarre delusions to occur in a film about drug abuse like Requiem for a Dream, but not about a ballerina dancer. After awhile, you cannot help wonder if Portman's character is a psychotic.

The second problem with this film is that it lacks characters we care to see succeed. Aronofsky pulled this off marvelously in The Fountain and even Requiem for a Dream to an extent, but this is non-existent in The Black Swan. Third, supporting number 2, the performances were not that encompassing. Portman won the golden globe, the BAFTA, the Screen Actor's Guild, and the Oscar for this film. In all honesty, she acted mostly with a tear-stained face that is as memorable as a girl about to killed in a b-horror movie. I am not a Natalie Portman basher. I love her work. But she was not that good in this movie. The fourth problem, it has many scenes that have no relevance to the overall plot. Among them is a love lesbian scene between Portman and Mila Kunis. While this might work in The Girl with the Dragon Tattoo, it feels contrived for simple shock value (and perhaps maybe an excuse to get young male viewers excited to watch this movie).

I could go on and on, but I'll spare you the pain of reading anymore. It is not a complete disaster though. Like all Aronofsky films, it has a haunting score and exquisite cinematography. The dream sequence in the beginning where Portman dances with a male performer that morphs into a monster is a spectacular feat. It is only a three-minute scene, but it is something for me to remember about the movie. The choreography is also very beautiful. Vincent Cassel as the ruthless play director is also very amusing to watch as he grills Portman and the other girls to do better. He delivers as the chauvinistic pig very well. I tried to watch this movie with an open-mind, but it is not my cup of tea.",4
Black Swan,"What? This movie is simply awful. I don't believe how it may have been so well regarded. It makes no sense, the script is confusing, I don't know what the purpose of this film, the only good thing that makes a difference are the excellent performances of Natalie Portman and Mila Kunis, the rest is sheer waste of talent. I wanted to see this movie because I believe Darren Aronofsky is a good director, some of his movies are memorable, as The Fountain. There is also the presence of great actors like Vincent Cassel and Barbara Hershey, but honestly, it was a total disappointment. I expect this tendency to give very high grades for mediocre movies on IMDb does not extend, this would break the very reliability of the site.",4
Black Swan,"If you cant figure out the end of this movie within the first 20 minutes you deserve to sit through the rest of this boring and unoriginal piece of garbage. The plot is incredibly boring, its a ballerina buckling under the pressure of being given the lead role in a major production, Natalie Portman's insanity is given away within the first 20 minutes which makes you wonder why the next hour and a half is even apart of the movie, honestly if she keeps seeing other people as herself why would you ever question whether Mila Kunis has anything to do with outcome of this movie. So after you are given away the ""twist"" you get to sit through Natalie Portman practising her routine for an hour! then the last half hour thats suppose to thrilling isn't because you already know what the outcome is going to be. Awesome, sorry Aronofsky i've already seen good thrillers like David Finchers ""Fight Club"" and hey even Alfred Hitchcocks ""Psycho"", so i would love to see another movie about multiple personality disorder that doesn't do anything creative or original to keep the audience guessing! Yes the scenes of the movie look nice and it does make Ballet look a lot cooler than it does in real life and yes Natalie Portman does give a good performance but who cares when the plot is incredibly boring and the ending leaves the viewer wondering if the director is mocking you, if you actually want to see a good thriller trying renting the movies i mention earlier or even Nolans ""Prestige"" just stay away from this movie because it will make you as angry and offended as a movie goer as i am",4
Black Swan,"Banal, pretentious and colossally over-rated.

As a big fan of Aronofsky's work I felt horribly let down by this tedious example of style over substance which appears to plumb the psychological depths of a paddling-pool while claiming it to be the Marianas trench.

Being positive, I guess the word I would use to describe the film overall is competent (which is of course also a veiled criticism), but lacking in the trancendence necessary to elevate it into the realm of being something special. The treatment of mental illness for example seems to oscillate between the agonisingly insufficient and the cleverly understated.

Portman's performance is likewise competent and effectively conveys a sense of growing fragility. In doing so however she breaks little new ground, the character portrayal is one I would expect any actress worth her salt to be able to pull off and is certainly nothing we haven't seen before.

All in all the story is one of a neurotic, obsessive, fairly repressed individual fraying at the seams and having a bit of a breakdown in a particularly anti-climatic fashion.

Not a bad film by any means but also falling far short of the brilliance for which it is being touted by salivating critics.

(Addendum: The Y chromosome in me insists that I mention the sublimity of Portman and Kunis' scenes together for obvious and massively chauvinistic reasons!)",4
Black Swan,"This movie dindn't work out for me.

Just a bad, boring picture. Watched natalie thinking only when she's gonna cry next.

I don't know, somentimes this things happen, even when it's suposed to be a good movie.",4
Black Swan,"The last ten minutes of the film are thrilling but the 90 ones leading to the end are disappointing. Sometimes I felt confused, other just bored, but never scared (it was supposed to be a horror film, at least in the Spanish advertising) I just wondered ""Where is all the cool stuff I saw in the trailer?"". When you come to the end everything makes senses but I kept asking why it took that long to arrive there. And I found the film quite predictable. The Ballet company it's similar to Verhoeven's Showgirls.

The use of the camera is horrendous. It has that shaky feeling that makes me dizzy, which could be clever in some situations (when Nina is running away in panic, but not when she is walking on the NY's streets in the first part of the film). When Nina is the only character on screen (a that happens lots of times) the camera is too close to her and in some shots looked pretentious.

Natalie Portman is impressive. Nina is a challenging role and she give us an acting lesson and gets a well deserved Oscar. She is the true reason to watch the film. No complaints with rest of the cast.

Nice soundtrack, but it's just a smart use of Thaikovski's work.

And when it comes to the sex scenes some more nude flesh would be welcome. Don't what to show Natalie's breast? That's OK, just use a suggestive camera angle. But take her bra out please. I mean, you don't do it with your clothes on, do you?",4
