title,comment,rating
Inception,What i want to say this movie is a miss i cant get into it but tenet is a great remake . And inception not mind blowing movie what people think it is i am sorry about this people not great of a movie i love movies dose not story line to it but tenet is a great remake it mess the mark nolan is great with the batman movies i am sorry about this people. It dose not hold up what you might say about this i am sorry thanks. Why i 1 the story is everwhere thats wahy i cool not get into this movie.the 2010s cuold not hold up this movie i am srroy people this my opinion .about this movie i ams sorry b.,1
Inception,This movie concept is highly copied Paprika anime and doesn't give him credits. COPYCAT NOLAN WORSE DIRECTOR,1
Inception,"And so, the inevitable: Paprika vs. Inception. Really? You didn't see that coming? A lot of people seem to think this movie is wonderful. It has star power, I suppose, and a lot of people like stars. To me, it looked like half a dozen Japanese animes slapped together into an incomprehensible mishmash mess, combined with some thinky dialog that supposedly glues it all together. Crap, in other words.

I read the Wikipedia article on this movie, just to make sure I didn't miss some profound thing that would change my mind. Even the article was dull and uninspiring...I read the first and last paragraph, and that was a chore. I'm not picky...if I'm entertained, I'm happy, even if the plot/acting/whatever sucks. I'm sure the acting was great, the special effects were awesome, and the key grip showed others how it's done. I just couldn't get in to this movie. I didn't care if the main characters lived or died, I didn't care if the McGuffin got got, and I didn't care if the stupid top fell over. Despite Hollywood's slobbering over this movie, you might notice nobody bothered to make a sequel or otherwise capitalize on its greatness. Was that because they didn't want to defile its artistic purity? Um, not likely. It's trash, and Tokyo knows it.",1
Inception,"Plot, story and even the events are taken from it with some changes to fool the audience. Such a shameless stealing.",1
Inception,"I was waiting for it to end after an hour and a half and it didn't come soon enough.

Boring film that seems to think its clever yet has no thought provoking elements. I love DiCaprio normally but he was definitely wasted on this film. How does this get such a good rating?? Realistically it probably about a 5 out of 10 but I gave it a 1 for all the flattering ratings it must have got to be in the top 10 films.

I am typing this sentence to make it up to the 10 lines minimum as I haven't got anymore to say about this film.

All in all, the dream in a dream in a dream stuff really is boring and they managed to make a good idea into a bad film.",1
Inception,"""THE BOX"" = ""INCEPTION"" People that says it all.Following a lot of swearing words that IMDb doesn't let me to write i was an one more unethically forced victim of the reviews that i presume that direction of movie paid for all those people to write positive comments and guess what giving a 10? and calling a masterpiece to this Ultimate Nightmare Gangrene.You Must Be Shiting Me.This is the No one WILL NEVER SEE THE END MOVIE OF THE WHOLE CENTURY .This is the real Neverending story.If there's a little brain left in your head people stay away!!!This is the hyper money sucking utter trash ever made in human history.God Mercy us from now and on this is indication of what level of insanity human race managed to get and be thankful for.This is the 60 min sleeping alert from the 2 hours and a half that whole movie takes long to finish.After the first 45-60min you will be dreaming your worst nightmare Mr Nolan's or whatever directors name is dreams with filling his pockets with your money Thats all about this movie that left in my brain.I Don't WANT TO HEAR ANYMORE THE WORDS IN MY LIFE ""DREAMING"" OR ""DREAMS"" OR ANYTHING TO DO WITH THIS MOVIE.You must be really smart to watch this movie @-@!!! But .... i am not sorry",1
Inception,"""Inception"" is not a movie, it's a two-and-a-half hour migraine disguised as intellectual cinema. It throws a bunch of ""smart"" words and pseudo-deep concepts at you like it's trying to impress a philosophy professor at a frat party. Dreams within dreams within dreams? Cool on paper. In practice? Just an excuse to pile on endless exposition and pretend confusion equals depth.

Every minute that passes, you're not getting answers - you're getting more questions, more rules, and more inconsistencies. The characters don't feel like real people - they're just walking, talking infodumps. And the emotional core? Completely hollow. It's like someone wrote a soap opera and then coded it in quantum physics jargon.

Honestly, the only real ""dream"" here is the idea that this film is some kind of masterpiece. What it actually is? A pretentious, boring mess that talks a lot and says nothing.",1
Inception,"I gave this movie only one star , though it's worth more, but since so many reviewers rated it 10 or 9 stars i had to give less. It is probably one of the most overrated movies on IMDb.

I hoped it would be exciting experience, a friend recommended it, and also IMDb rating was great so I hoped for a great movie-evening.I loved the idea of the movie, I had some experience myself with lucid dreaming etc. so I was kind of excited about it.. but what a disappointment.

It's just soooo boring from the beginning. I watched it to the end hoping something will change my mind, but further it went more boring it became.

In this dream world movie there's almost no fantasy at all. Boring shooting, fighting scenes and car races most of the time. And then some boring conversations with no sense at all.

My advice- don't waste your time even to see why some people gave it 9 or 10 stars. Just avoid, sincerely...",1
Inception,"This ""movie"" just starts throwing stuff at you, and it does not stop, if you are expecting a beginning forget about it, you can't have one. The soundtrack is obnoxious, and If you point this out, your friends will say ""you don't get it"" The cinematography and sfx is breathtakeing, no doubt about it, but it is wasted on this long ass feverdream. I am in awe anyone ever watched the whole damm thing!!! I sure as hell didn't, i gave up with the equivalent of a whole movie remaining, and i might have permanent dammage because of it. The sentence ""this is the worst movie i ever watched"" is thown around alot, but this is THE WORST MOVIE I EVER WATCHED!!!",1
Inception,"Picked two films with very high ratings as possibilities to go see: Dicaprio's Inception with a very high rating (9 stars) and another film, Scott Pilgrim vs. the World with an incredible 10 stars. The Pilgrim movie seemed to be a bit young for me (about a guy in a band having to deal with a girl's evil ex-boyfriends in order to date her) so I plumped for Inception which is Sci-Fi and which I usually like.

I lasted about 30 minutes in Inception. It was trying too hard and delivering nothing. Starting off with 3 dream-in-a-dream sequences, mediocre acting, and non-existent dialogue, it got progressively worse. I didn't stick around, been there, done that.

Luckily for me, I walked into the Scott Pilgrim movie in-progress and saw a very different and funny movie. Yeah, it's juvenile but hilarious. A takeoff on bands, anime, gaming, and young love in general. The casting/acting was impeccable for a no-name film and the script made me chuckle through-out. If there weren't so many gay jokes, I'd take my kids to see it. Even if you aren't into computer games, you may appreciate a lot of the humor. Kids should love it.

Best thing of all, it was more than payback for having to sit through part of Inception, :^)",1
Inception,I didn't like the movie... Dream in dream seems too much unrealistic...,1
Inception,As younger folks probably will enjoy the movie more--and can take the fast-paced action and frenetic pace. I assume older audiences probably will be a little less amazed and a bit overwhelmed with the film. Just something to consider as you read this.,1
Inception,"Well, despite the fact that there are lots of good actors in this movie, it doesn't make it good. I like Nolan's other movies like Memento or Batman series, but this one is really bad. Plot is boring & jumbled & it's also very long. It's just a big mess. Lots of pointless action scenes. They even took some scenes (winter shooting) from Call of Duty Modern Warfare 2. Movie itself Kinda reminded Matrix, but a bad version. Soundtrack is good, but it doesn't suit the movie. It's too sad for it. By the way Leonardo Dicaprio's character reminds me his another character from the movie ""Shutter Island"", where he plays some guy that has deep seated emotional issues relating to the loss of a loved one.

To be honest, I can't believe that this piece of garbage is rated so high... In other words: LONG. BORING. JUMBLED.",1
Inception,"This movie talks a lot about dreams, but I doubt the goal was to make the viewer fall asleep, which happened in my case. Obviously, I din't get to finish it, which explains the lowest possible rating - as the movie that can't entartain me the least, can't get a positive review either.

Maybe I'm watching it wrong? Maybe it's an experiment type of a work, something like Madame Bovary - the author tries to convince us that the style is more important than the theme...

...and ""dream theme"" sure is boring...

...while the style's...

...

nothing special.",1
Inception,"First time I saw this movie, I was impressed by the special effects, but hardly understood the plot, thinking it was because I had missed the first half hour. So when I got the chance to see it a second time, I payed close attention, hoping to finally understand it. I was VERY disappointed though: after 20 minutes I had seen about 4 or 5 different storylines, which were'nt even connected to the storylines, I had seen the last time (!). So, I just switched the channel to be able to see something interesting instead: much better!",1
Inception,"A dream within a dream within a dream. I wanted someone to shoot me in the face so I could wake up and be out of the cinema. It was trying so hard to be intellectual when it really isn't. At best it's ok, but god does it drag on. Like a constipated bowel movement you just want to get rid of.",1
Inception,"I cannot believe this movie is as praised as it is. All I have to say is, if you have imagination, read good books, and know real surrealism of the likes of Dali, Bunel and Magritte you will and should disapprove. Go watch some Kubrick an Lynch if in search of philosophical, aesthetically pleasing and atmospheric movies and dont waste your time, it has no plot, characters are more like caricatures but not in a good way, you cant take them seriously, and they explain everything throughout the movie. Dont.waste.your.time.",1
Inception,I'm a great fan of DiCaprio but this dreamy film of nonsense was hard work to watch. The typical fight scenes like J Bond were the good guys can't miss with a pistol but the baddies can't hit with M16.... Painful to have wasted 180 minutes of my life on.,1
Inception,"Wannabee matrix in a confusing package. I guess if you watch it 3 times it'll make some sense, maybe , but I could barely finish watching once.",1
Inception,"This movie is confusing to the max. Multiple layers of dreaming and trying to figure out what is a dream and what is reality. Especially in regards to the ending. Or was it all a dream? While visually stunning, story wise and philosophically the movie became mush. It felt like a giant puzzle that doesn't work itself out. It's a postmodernist view of the world under the concept of dreaming. The only film more challenging than this from Christopher Nolan would be his movie Tenet (2020). It gives a headache to the viewer for trying to figure out what is going on. As well as altering our view of reality.",1
Inception,"... than to be remembered as the movie which posed as no. 3. A rating of eight stars would have been appropriate. Definitely seven. Nine? In dreams perhaps. So here is one star. Just to bring balance back to force... And please stop making parallels to Matrix. In this one there is more than merely FX. Makes you want to know more. The Matrix, well, everyone understood. It deserves to be seen. It even deserves to be own on Blu-ray. Not every day you get to see a dynamic Escher or Paris packing on itself. Unfortunately there is little more that meets the eye. A top 10 IMDb? Doubtful. Toy Story 3 is no. 12. And that one made me think more about meanings in life.",1
Inception,"Such great reviews and was excited to try to watch. I say ""try"" because I can't stand DiCaprio. Just looking at him makes me cringe. I only made it 30 minutes into the film and had to shut it off. My loss, I'm sure. Too bad they didn't cast someone else.",1
Inception,"Warning contains spoilers!!!!

Leo is trapped in a dream, he is not in someone else's, how you tell is that everyone has Leo's hair cut and style of clothing, plus in all the scenes he makes the rules. So Leo's kids who have grown up since their mother died appear to Leo as architects and try and remind him of the real world and fail. This is exactly what happens in what dreams may come. The son appears first and then the daughter, and they appear different from how the dad's remember them. Also just like in What Dreams may Come Leo has to go deeper into the dream to try and save his wife.

So is this just a What Dreams May Come remake masquerading as an original masterpiece? If that was the goal he nailed it because nobody is comparing this to What Dreams May Come, and of all the questions people ask about the movie no one asks just who are the architects and why are they so invested in waking Leo? It is because it is a rip off of What Dreams May Come and they are his Son and his Daughter? Do Nolan fans need a rabbit trail of clues to beat them over the head to even think something has the slightest significance? He didn't play up the Son Daughter thing so nobody got it I guess.

Other than being a remake, inception is completely boring and void of any character development, emotion, and none of the scenes stand out. It was like watching the Titanic with a bunch of senseless action thrown in so guys wouldn't walk out of the theater. The movie gets dumber and dumber trying to make up the for almost 2 hours it spent boring you with conventions trying to get you to see it is Leo's dream and fails horribly being that everybody focused so much on the rules that they didn't see that the point was to show you it was Leo's dream? So all the people claiming the rules laid out didn't add up, you missed the point that Leo was the rules, it was his dream. I really hate that people think if you don't like inception you are not smart seeing as none of the people who gave this 10 stars understand any of what I have mentioned here? If Nolan's movies where intellectual they wouldn't be blockbuster hits and appeal to masses of people would they? What Nolan is great at is giving clues and his movies are films that have to give the audience clues because they can't figure it out them self and I guess today that makes you a film genius. Once is all it took I will never watch this Michael Bay hybrid again. I put this with viewing experiences like Titanic, and The Island, and rate them as I want my money back and two plus hours you wasted of my life.",1
Inception,"how on earth this piece of crap is overrated is beyond me.

btw.""The Matrix"" is like a million times better.

I was like ""seriously??? XD""

the fact that this is an action sci fi movie. remove the danger element from an action movie and it becomes pointless. this is a very boring one also. sci fi?the best part is when the buildings flip over each other. the rest is so dull

whatever action is taking in some little boys head is tasteless.

they just play in his silly dreams to form a reality for him.

everything else is substandard. some B movies are way better than this.

ending is way too predictable. also a dream inside a dream that doesn't look like a dream and make sure the boy is not realizing he is dreaming is ridiculous

. 2.5 hours seems like 10 hours.

don't waste your time.",1
Inception,Bloody Garbage Film Ever! Rubbish Make Me Fell Sleep And Boring! 1/10 Definitely,1
Inception,"Muddled through this long and confusing film, never sure what was happening, whose dream we are watching, how many levels deep, and how it related to the concept of the film. Too Long. Too Confusing. One Star.",1
Inception,"This movie is a big mess!! It's boring, lacks a red line and.....just incredible boring. It should be prescribed agains insomnia. I fell asleep numerous times during the movie. It's absolutelly one of the worst movies ever made.",1
Inception,"The reason the CIA does not use this crap as an enhanced interrogation tool, because after first 20 minutes you confess everything even things you have never done. I am not surprised about the current 9.0 rating though, after all we are talking about a country who actually elected Obozo. It took me three days to sit through this pseudo intellectual steaming pile of crap. So just a few words that help me release some steam: long, boring, pointless, stupid, full of clichés: like everything is blue, the vest on that stupid actor with his bottle neck shoulder ... The lesson is that I will be very careful with the next Leonardo movie, this is strike two (first being Shutter Island).",1
Inception,"I can't believe the rave reviews and the all star cast. I've never been an hour into a film with no idea of what's going on. And I understand astrophysics, and am a sci-fi lover. I don't understand what their goal is at all. Just feels a disjointed version of 'the matrix' Such great actors and cgi for such a ridiculous hard to follow story.",1
Inception,"I have just seen the most ridiculous ""movie"" ever made, and I use the term movie quite loosely. Is there no expectation any more that movies should have SOME plot, story, sequentiality, or plausibility, or are they just total indulgences on the part of the director? Rather than watching a compelling, evolving storyline that INVOLVES you and draws you in, instead we witness the work of 18 year-old computer whiz kids in front of their consoles, churning out meaningless, special effects displays. One feels like a bystander on the sidelines, and the experience of watching something like this is both boring and irritating. ""Inception"" is the most confused, convoluted, ridiculous assemblage of scenes ever put on the screen. At one point there were simultaneously 1. shots of people underwater in a van that had just gone off a bridge, 2. men shooting each other with machine-guns while skiing, 3. men fighting each other in a hotel hallway while floating in the air defying gravity, and 4. a scene with Leonardo DiCaprio at his house talking to his wife. The camera kept alternating quickly between each scene, but each one had nothing to do with the other. It was like watching a movie preview, with random, unconnected scenes thrown out in rapid succession, meant only to entice you to see the movie. Not only did scenes bear no connection to one another, they also had no relation to the scenes preceding them, and thus there was absolutely no follow-able story line at all. There was nothing but c.g.i. effects meant, I suppose, to ""entertain"" us. Do movie makers not realize that special effects, in and of themselves, do not hold one's interest if there is no connection between them and some conceivable storyline? You might as well be watching a cartoon. As with a cartoon, unless you're five years old or brain-impaired, you would become bored within five minutes, because there's no ongoing, developing story demanding your attention.",1
Inception,"The worst movie of all time Just unbelievable! No More to say Sorry, The worst movie of all time Just unbelievable! No More to say Sorry, The worst movie of all time Just unbelievable! No More to say Sorry, The worst movie of all time Just unbelievable! No More to say Sorry, The worst movie of all time Just unbelievable! No More to say Sorry, The worst movie of all time Just unbelievable! No More to say Sorry, The worst movie of all time Just unbelievable! No More to say Sorry, The worst movie of all time Just unbelievable! No More to say Sorry, The worst movie of all time Just unbelievable! No More to say Sorry, The worst movie of all time Just unbelievable! No More to say Sorry,",1
Inception,"This far too long exercise in SFX, never caused me to suspend my sense of disbelief. No compelling characters, no compelling story, just a waste of time and money.",1
Inception,"Couldn't watch it. I'm not the biggest Leonardo fan, but I'm at a loss to understand the high reviews. We turned it off after struggling through a few painful minutes. Definitely not for me.",1
Inception,"K SO I WAS PRETTY DAMN MAD AT THIS MOVIE,

So this movie has this issue of being bad, it was that. k so the review actually starts here. it was really bad when I watched this film it was bad, they might have made it better since i watched it. bit still unless u drink a v8 b4 u read this its gonna be a bad. all my friends agree. worst movie Na. GI friend. oblivion is the Best. i require 10 lines of text so ill have to droll this on, MC loving is really bad at this film so don't gibe it more than a 4 OK, hes a bad actor other than in basket ball diaries. if Ur like me thats the only film by him that i like. South park version way better.

Mesa",1
Inception,"This abortion should have remained in the trash can. Willful suspension of disbelief is one thing, but insulting the intelligence of a 5 year old is another.

Save yourself, watch literally anything else.",1
Inception,"I doubt everyone's understanding of narration. Has the director really written a script? The whole staff is dull, the setting is large, the pattern is small, and a large number of settings are discarded when used up. The dream is just a shell. The truth is a spy film without connotation. What is linked is just a joke, but it is to enter different time and space and then cut in parallel. Frankly speaking, the film is the most tolerant accusation of plagiarism. The key point is that his plagiarism is not good at all. Although the film is well made, the plot is an unprecedented disaster. I don't discriminate against those who are shocked by these images, but I seriously doubt whether those who deconstruct the story suffer from Down syndrome?",1
Inception,"DiCaprio, that stupid-Hollywood-made-kid thinks he can walk into someone dream as simple as I walk down the road ? I got sick after few minutes watching this moron playing as he pick-up whole intellect of the universe and acting as a God.

His act is pure s.h.i.t.

Does his mom ever watch him on TV ? Can't imagine how stupid these Americans can be...

My recommendations: Don't loose another 2 hours of your precious life watching this film. To mods: for God sake of all people let this comment be posted and you'll be better man too.",1
Inception,"I have to give this movie a very low rating because I do find the story ludicrous, and by a mere stretch of fancy: a rip-off of its quintessential predecessor Matrix.

I was absolutely astonished how utterly naive the response to Inception was when it was released.

Firsty, the story induces the idea of people actually living inside their dreams, when it displays nothing of the surreal effects of real dreaming. Now, I happen to adore a good adaption of dream sequences. The best to date include Polanski's depiction of the crucial scene in Rosemary's Baby where she suddenly shouts: ""This is not a dream! It's really happening!"".

Inception is a real charge for technocrats, in my opinion,",1
Inception,This is just a action Hollywood mind blow filme by the underrated Nolan,1
Inception,You must have had no choice but to reach the bottom of the barrel and scrape it to come up with Ellen Page to be in this movie. She's a terrible actress and pulls down the movie overall.,1
Inception,"Inception is one of the boring overrated films I have ever seen. Let's start with the plot of the movie. Basically they have to go into a dream world to convince a guy to do something. Why? Why don't they just kidnap him, threaten to kill him or someone he loves if he doesn't do it. Could have made a decent little flick. Nope, lets waste 3 hours falling in a van and wondering if we are in a dream world. Boring. I think this is the I love Nolan fans boys thinking he can do no wrong. I like Nolan, interstellar was a good film, so was batman begins and the dark knight (the other 1 was terrible) maybe it's me but I think this movie is very overrated, I gave it a 1 because its probably a 4 at best(not 8.8), the effects in the film are great but that doesn't make a good movie in my opinion",1
Inception,WAST OF TIME HOWEVER ITS A GOOD IDEA OF A MOVIE SCENARIO HAD TO BE BETTER,1
Inception,"Just one advice ! - Keep AWAY from this nightmare ! 2.5 hours of boring, boring and once more boring thing (cannot even call it a movie).

Stupid idea, veeeery slow action and absolutely nothing new what we haven't seen before.

I do not understand why Leonardo Di Caprio who used to be for me some kind of guarantee of a good fun decided to take a part in this disaster. The same about Michael Caine.

And one more thing - music: the most disturbing and annoying movie soundtrack I ever listened to... they should be returning money for tickets !",1
Inception,"Named Paprika by Satoshi Kon. Remake that tried to hide its nature by adding some 1000% american-style action sequences at the end, but a remake/adaptation still is and still remains. Why you would watch this over the excellent original is completely beyond me. And I don't care if the nolanites cancel my review again, this must but pointed out for respect of the original material and the memory of its talented creator.",1
Inception,The plot was so convoluted that half the audience were scratching their heads and whispering to each other trying to figure it out. Several people walked out early but we stuck it out nearly to the hour and a half mark before we had to leave. Worst movie I've seen in many years and I go nearly every weekend. The only people who would like this movie are drama majors who enjoy debating the deep meaning of every scene over their cappuccinos and scones. There were several lines that were mumbled and the sound was handled so poorly that you couldn't hear what the character was saying. The constant background music was overpowering and eventually gave me a headache. If you love movies skip this one and go see The Sorcerer's Apprentice - much more entertaining.,1
Inception,"Total waste of time, as simple as that and nothing to say more",1
Inception,"To begin with, let me inform that Christopher Nolan is one of my favorite directors as 2 of my favorite movies (The Dark Knight and The Prestige) are the work of the genius.

Expectations were very high. However below are the points which i would like to highlight: The Good: The sets were beautiful. The concept seems something new The bad: 1- PACE: Thts the first thing that defines a good or bad movie for movie.I got bored within 20 minutes.The screenplay wasn't convincing enough to keep me glued to the screen for 2 hours and 30 minutes.

2- Trying to be over-complex: I feel Nolan tried his best to make this movie as complex as possible. It was unnecessarily stretched for 2 hours adding layers after layers. I don't understand why someone would like to watch this movie twice to get the point.Why should one care if at the end he was dreaming or not? 3- I felt that the shots that were shown in snow were unnecessarily and could have been avoided.

final Verdict: Highly over hyped as i don't understand what people liked about this movie as when i ask people who have given high ratings to this movie about the story they have nothing much to say.

Give it miss. Not recommended",1
Inception,"I would have walked out of this film 30 minutes into it, if I went alone to the theater. Anyway, to sum it up: This film was a torture to sit through. Do the directors think that every audience member has an attention deficit disorder? The film tried SO hard to blast the audience away with special effects and quick editing every other 5 seconds that it forgot a storyline. Leading to my point, what the was the film about? I still have no idea, nor do I care to know. It was a confusing mess. And I could care less about any character in the film either. I was actually hoping to fall asleep in the film because it would have been a better well spent two hour dream than this nightmare of a film! But all the noise of the film wound up giving me nothing but a headache. They should have a discount for an aspirin on the back of the ticket because you will need one after seeing this film. For a real sci-fi film that is completely brilliant and moving, go rent MOON (2009). MOON only had a budget of 3 million, with only one person starring in the whole film, and it had more beauty in it than this inception disaster could ever dream about.",1
Inception,"Alright. I know that this movie is getting rave reviews, but after seeing it last night I am wondering why!? I saw a preview for this about 2 months ago and had been wanting to see it ever since. Geez, what a letdown once I finally saw it. Unfortunately, I can not think of one good thing to say about this movie. I was lost as to what was going on only after 5 minutes into this and it kept getting more complicated. I was expecting this movie to be on the weird side, but it made no sense to me whatsoever. I don't think I have ever wanted to walk out of a movie so much in my life. The only thing that kept me staying was the hope that this movie would pick up. It's 2 1/2 hours long and trust me, it feels like that and more! It's just rather dull. Nothing really going on, the effects are just OK...nothing to really save the movie. It didn't hold my interest, didn't keep me on the edge of my seat wondering what would happen next, there was no wow factor, nothing. Huge disappointment.",1
Inception,"Despite watching the first hour of the movie I was none the wiser. It just seemed to get more pointless as it wore on. I know it is about dreams but my dreams are way better than anything in this movie.

Consequently I was unable to finish watching. I wasn't able to identify or empathise with any of the characters. There is a probably a script in there somewhere but in decades of watching films this is the first one I have given up on entirely.

I doesn't help to have Leonardo DiCaprio and Michael Caine - neither of whom ever appear to do any acting.

I was thinking that Aeon Flux is a movie that explores similar territory but looks great even if it is somewhat incoherent also.",1
Inception,"Watched this movie two years ago, in pain, in agony, and the only thing I can remember about it is one actor and I have an idea of what's it about only because I will never forget how much I laughed when i saw South Park episode Insheeption shortly afterwards. Oh man, you don't need to look for better critic of the movie. The only reason I gave 2/10 score for this piece of garbage, is that it is actually funny. It is like a tacco within a tacco.

On the other hand, I can't help but notice that many ( wanna be ) enigma, psycho-thriller moves are getting high rates even tho they lack intro, plot and outro. Does this tells of an overall intelligence of viewers of particular motion picture?",2
Inception,Its a fiction movie and it's more a boring time waste for me,2
Inception,"So basically why would you leave the ending like this, like mans here thinking omg the spinning thing is gonna drop because it's wobbling and then you have the audacity to cut the damn sceen WHAT DO YOU MEAN BROOO",2
Inception,"This movie should have been right up my street. This is modern film making, lets rush through the story with no real substance or character development, such a waste. I use this and Lucy with the exact same problems ,when having a rant about how terrible movies/tv are getting",2
Inception,"Very bad story telling of a not very complicated film. All the best scenes were in the trailer. It was really just a boring action film. I can't believe it took him 10 years to write such a simple yet disjointed story. Also the characters (Hardy, Levitt etc ) had no back stories. Hardy just appeared and could do stuff like change appearance!...Ridiculous",2
Inception,"I REALLY wanted to liked this movie.

To make this short, the music & special effects were cool, but the characters and story were NOT cool. I dislike Marion Cottilard. I hate DiCaprio's shouting. I dislike Ellen Page. I can't believe the Angels in the Outfield boy was in this. The message doesn't make sense, and it's all a jumbled mess.

Too much blasphemy, taking the Lord's name in vain, the characters are annoying & unlikable, they needed better writing.

And who has ever had a dream, in a dream, in a dream, in a dream, in a dream...??? The idea is just silly!

Christopher Nolan didn't need to give us this pile of pig-lard.

You really wanna know what I think?? Check this link out: youtube . com/watch?v=VMW4Ywe3Jy0",2
Inception,Such as title.Plagiarism is shameful.It is worse to be a scoundrel than not to admit your mistakes.,2
Inception,"As a fan of Christopher Nolan's exceptional works like ""The Dark Knight,"" ""Prestige,"" and ""Memento,"" I had high hopes for ""Inception."" However, this time I was left feeling rather let down.

While Nolan's ambition is evident in tackling the concept of controlling actions in dreams, the lack of scientific grounding made it difficult for me to fully engage with the story. The movie seemed to prioritize its elaborate visual effects over coherent storytelling, leading to a disjointed experience.

The characters, while portrayed by talented actors, didn't receive the depth and development I expected. As a result, I found it hard to connect with them emotionally, which impacted my overall investment in the plot.

Though ""Inception"" does boast impressive visuals, they couldn't compensate for the lack of substance in the middle of the film. The pacing felt off, and the narrative seemed to lose direction, leaving me disoriented and disengaged.

Furthermore, the film's ending failed to provide the satisfying resolution I craved. Instead, it left me with more questions and a sense of unfulfillment.

I just can't believe that it ranked higher than all of Alfred Hitchcock's films on IMDB. That' should seem like a crime to you if you're a true movie enthusiast. This also tells you how ignorant this generation is. They don't want to see the old Hitchcock movies, as there was rich content but in black and white. I'm just telling you that I was born in 1992 and that Hitchcock is still my favorite director. I have watched almost all of his films. Most of them are ranked above 100 on IMDB; that's pathetic, and a stupid movie like this is in the top 15. That's an insult to true movie enthusiasts.

As I am giving this review in August 2023, I can't determine if this is the worst after watching ""Tenet"" and ""Oppenheimer"". Because these three movies compete vivaciously for Nolan's worst.

Moving on to ""Tenet,"" I was hopeful that it would rekindle the magic I experienced in Nolan's earlier films. Unfortunately, it also suffered from similar issues as ""Inception."" The convoluted plot, though ambitious, left me struggling to follow the storyline. The characters lacked depth, making it challenging to empathize with their struggles.

While ""Tenet"" showcased some awe-inspiring action sequences and visual effects, they couldn't salvage a narrative that felt overly complex and distant.

Finally, ""Oppenheimer"" left me with mixed feelings. While the historical subject matter had potential, the film struggled to maintain a gripping and engaging pace. The characters didn't quite come to life, and the emotional impact fell flat.

As a devoted admirer of Nolan's talent, it's disheartening to see that his recent works haven't lived up to the storytelling prowess that captivated audiences in the past. I understand that pushing creative boundaries comes with risks, but I can't help but feel that these films prioritize style over substance.

In conclusion, ""Inception,"" ""Tenet,"" and ""Oppenheimer"" may boast impressive visuals and ambitious ideas, but they fall short of delivering cohesive and emotionally impactful experiences. As a fan, I hope that Christopher Nolan's future projects find a better balance between innovation and the storytelling brilliance he demonstrated in his earlier masterpieces.",2
Inception,"Watch out of your window the street,it's going to be more interesting. There was a public holiday last week in Germany and I was able to manage to save time to watch movie on TV....This was running in parallel to some others....hmm 12 Years Slave was running on the other channel....but anyway both movies I missed the starting moment...so I knew it wouldn't work if you start in the middle somewhere to watch. But anyway I had already some negative bias against this movie(now confirmed)...reading some here and there in several times....I changed the channel and started watching about 10 minutes...with no audio...and you know...Hollywood is able produce lots of Clichés in a short time of movie history...it did not took me 1 minute to figure out....probably the idea was stolen sorry borrowed from Matrix...this Dream thing...ehhh....Well...this is neither science fiction nor action....I lately watched The Revenant....and I feel sorry for Di Caprio that He took part in this Crap.....this movie is not a good entry in his career because He is an good Actor.",2
Inception,"I did not enjoy this film one bit and its hard to know even where to begin. The plot is confusing to say the least and at no time did I understand anything that was happening. I felt the film was trying too hard to be different and had a certain Matrix feel to it in a bad way, the effects were good but to be perfectly frank I'm well aware of what directors can do with effects in movies these days so I'm not particularly impressed when they start doing elaborate visual effects just for the sake of it. I felt there was no character development at all and spent most of the movie wondering why the characters were doing what they were doing and eventually started to realise that the aim is to keep you on the edge of your seat but to be perfectly honest I wasn't kept on the edge of my seat in any sense and just found it incredibly frustrating. I believe at times the film tries to cash in on everyone's common knowledge of dreams in the way of ""oh yeah it is hard to remember my dreams, and there doesn't seem to be a beginning or an end in my dreams, I thought I was the only one"" type of situation which the film does to try and make you believe its almost talking directly to you but personally I'm not fooled, yes its a novel concept which I think has given a few a few easily pleased people the wow factor but when the smoke clears I hope the punters realise there are better ways to spend 2hrs and 20 odd minutes or better films to watch. The other frustrating thing about this movie is how complex and hard it is to take in all the information about dreams and your sub -conscious and how all this works when they're trying to get into someone's head, it went massively too deep and for a few split seconds it was a bit thought provoking but that quickly turned into frustration and a slightly stressed feeling because it just raises far to many questions which the film just doesn't, and probably can't answer. To summarise I would say that Chris Nolan did the most amazing job on the Dark Knight but this has really let him down, he has picked a great cast for the film and all are superb actors but couldn't identify with this film one bit and really just couldn't wait for it to end.",2
Inception,"I read the hype, and came expecting to be challenged, excited and entertained. Well...the special effects were good...Ellen Page and Ken Watanabe were quite good...but story was atrocious! I like complicated movies, but this was ridiculous...too much effort on trying to keep us on the edge of our seats, and minimal success keeping us interested in any of the main characters (Ellen Page was interesting, but the others held no interest for me). I couldn't wait for it to end. There was absolutely no buy in to Cobb, or what happens to him. 2 1/2 hours was waaay too long. The story line between Cobb and his wife was laughable. It's not often I come out of movie feeling angry and really ripped off. But this movie is just a huge waste of time. Stay Away.",2
Inception,"The Matrix and James Bond? A spoof maybe, but whoever made the comparison needs to get away for awhile. I loved the old Sean Connery James Bond and I thought The Matrix was an exciting movie which I watched several times to re-live the excitement. Generally speaking, I don't go to the movie theater to watch movies. I went to see Inception because of all the advertising, and this is one of the most disappointing films I've ever seen! I only stayed until the end because I kept waiting for something substantial to happen and it never did. The characters were bland (even Leo) and all that jumping from level to level was a complete waste of time.",2
Inception,"Inception has received almost unanimously good reviews in the press. So who am I to say, as an ordinary, paying member of the filmgoing public, that this movie is a dog? I have to qualify that - I left after the first hour or so (during the gunfight. Sorry, that's not very clear: during the yellow cab gunfight to distinguish it from all the other gunfights.) I really have better things to do with my time - even writing this.

Back to the movie (or half of it, anyway.) Dreams within dreams within dreams don't have to be logical - I suppose they wouldn't be dreams if they were - but a story *should* be logical, or at least be capable of explanation. And this one isn't.

From a screenplay point of view it just didn't hang together for me: the episodic nature of the story, such as it is, made no sense whatsoever. I realise that this was probably the intention and that presumably all would eventually become clear: it's just that I didn't have the intestinal fortitude to sit through to the end. Almost every utterance by the characters seemed to come out of thin air, with no relevance to anything else. The innumerable fights lost all meaning, and the undoubtedly clever GCI effects appeared to me to be the sole reason for making the film in the first place.

""Hey, let's make a movie with CGI better than Avatar! Those effects will be great! Can we build a storyline around them?...."". Sorry, the effects *are* good (even if nothing like as stunning those in Avatar), but the complete lack of a halfway believable plot line just doesn't cut it for me.

As others have said, the soundtrack didn't help: muffled dialogue and loud, pretentious music don't mix. But then again, who cares? The dialogue was truly, mindbendingly, banal.

Sir Michael: you don't need the money, do you? Please use a little discrimination when accepting roles!

Two out of ten - it would probably be one out of ten if I had been able to stick it to the end.

(Edited: After I had posted this I looked for the first time at others' reviews, and noticed that Dylan - 24th July - has used exactly the same summary as I. There must be a clue there?)",2
Inception,"The universe set by this movie is OK.

The technology used isn't explained... lame. The story is plain and not interesting. The movie drags on way to long in boring not so much important it could have been faster convo's. The movie length is just that long because of the long slow conversations and slow motions.

But what gets annoying is they don't apply the logic they set in the rules.

1. Tip over you come back out (car flipping over is tipping over). 2. Weightless only works on one dream but doesn't apply magically to another. (Winter Wonder Land has its own gravity i guess)

Overall this movie is a waste of time and certainly not re-watchable.

Rating of 2 because the non-standard Hollywood movie with new ideas was kinda nice.",2
Inception,"The movie has a new and great idea Ha Ha,(The Matrix)but,its too confusing jumping back and forth from the different levels of the states of sleep. The average movie viewer won't grasp the Conception of inception. If they would have left it on one level of the dream state I think it would have been a lot better of a movie. The special effects were great,but what move now has anything that you haven't seen somewhere already. I just saw this movie and i'm a big movie buff but, This movie sucks. If you like special effects and a lot of shoot'em up, go for it. As for me it was the worst movie i've seen all this year so far. I think the people giving it 5 stars are in a dream of inception.",2
Inception,"Watching Inception, I actually felt as if I had lost my short term memory faculty. I think various characters, especially little DiCaprio and his sidekick Joeph Gordon-Levitt, were forever explaining things. What had happened, what would happen, why somethings might happen and why other things might not happen etc etc. But after a while it became impossible to retain the nonsensical gobbledygook that was being spouted and I kept asking myself why are they doing this, why are they doing that? Why are they in the middle of a snow covered mountain? Why is that guy floating around, tying everybody up and stuffing them down a lift shaft? I think all this was explained. Was it? Oh I can't remember. But then a sense of complete ennui took over my body. A listlessness so total that I could not summon up the energy to even try to follow this nonsense.

Today's film makers often pay their respects to the great directors of the past, but their praise and appreciation is entirely bogus. It cannot be otherwise, considering they have no notion how to develop plot, how to create characters that live and breathe and exude vitality. For Christopher Nolan, wit drama and tension may be beyond him, but surely simple coherence is not too much to ask? I am very aware that many people love this film, indeed some even declare it a work of genius (dear oh dear!), but there are some dissenting voices. And for those who recognise Inception for the nullity it is, I have more than once seen the story of ""The King's New Clothes"" being invoked to describe how so many people seem to have been taken in by this nothing of a picture. But whilst I agree with most of the views of the dissenters, I must take issue with those who use the ""King's New Clothes"" as a simile. And the reason is simple, this movie is not fit to mentioned in the same breath, even via an unflattering comparison as Hans Anderson's marvellous story. Anderson created, in a few short pages a storytelling masterpiece,; a strong narrative, compelling characters and a classic denouement, all told with brevity wit and clarity.And at the core of the story is an ethical and moral issue that people can, and have debated for centuries And all these characteristics in this gem of the storytellers art, are totally missing in Nolan's boring incoherent mess. In short, rather than be compared to Anderson's great little story, Nolan should be studying it closely to see how a story can be successfully told.",2
Inception,Like all the other Christopher Nolan films this one was a complete flop. This is the movie you watch because your dumb friend says it's really good. It's not good I really don't recomend watching this movie. The plot is confusing to be confusing. People who like this movie will say that it's deep but it's not. It's quite shallow actually. I do not recomend watching this film at all. Another thing about this film is it has Mr. Only dates women younger than 25. He's a subpar actor at best. He plays the same character in every movie and has zero range. Do not watch this movie. I REPEAT DO NOT WATCH THIS MOVIE!,2
Inception,"The director seems to think he is above the viewer. Trying to explode the viewers mind, his simple ploy however fools No one. While watching and eating my salsa popcorn my mind was drifting and I realized this movie has no plot.

What an utter shame, another high budget movie leaving me bewildered in disappointment. However I enjoyed my salsa popcorn so I will give it a 2.",2
Inception,"I see all the glowing 10 star reviews and I am genuinely dumbfounded. It's just a second rate re-make of the Matrix. If you have 2 and 1/2 hours to spare, and are easily pleased you may find this mildly diverting. But to bill it as some kind of seismic event in the cultural history of western civilisation is just rubbish.

The plot holes are bigger than the effects, the characters are entirely one dimensional and the dialogue is wooden. The final 30 minutes were spent staring at my watch, willing it to end, so I could go and do something more meaningful with my life, like watching some paint dry.

I almost wonder if Christopher Nolan is playing games with us, trying to see how far he can push it before a small child steps forward and points out that the emperor is in fact completely naked.",2
Inception,"I figured out this was all a dream because there were zero black people in the movie. The one minority in the movie is of course a drug dealer. Well played.

*Spoiler* below

The plot is wasted. The rich use idea extraction and inception contractors to change the future. In this particular case, to prevent a monopoly but there's no emotional connection or drama created. What will happen if they do not succeeded other than ""our employer will not accept failure"" ? Long movie and no real explanation. Try again. And this time ""take your time"". In the movie, while dreaming, 5 mins feels like an hour. Well, somebody wake these guys up and tell them they're talking too long to sound smart. I feel like this whole movie is in limbo waiting for someone to wake it up. The one good thing about Inception is the visuals. The scenes are beautiful. Whatever style of filming this is, it carried the movie throughout. Hopefully they make a sequel and create a back story. Otherwise, this movie is really stupid and the people who give it such a high rating can't explain the many holes in the story line.",2
Inception,"I've tried now to watch this movie on 2 or 3 separate occasions with an open mind and haven't been able to finish it. It's just too boring. If I were to see another scene of a DiCaprio explaining the plot and wacky dream world rules to one of his teammates, I couldn't even...Whenever they get to the snow/skiing scene like some James Bond movie, I yawn and turn it off.

You know the premise is weak and/or over-complicated when the lead actor spends as much time narrating as he does acting. There are just so many unneeded layers, terms, and pseudo- philosophical/intellectual gobbledy gook asides. Just plain tacky. Chemists and architects (cast Jason Alexander in that role and we have a movie) and whatever Joseph Gordon-Levitt's job description was. Add in a phantom, delusional Marion Cotillard and a little gratuitous Michael Caine-- tell Chris Nolan he can leave Alfred out of this one.

Here we have a plot with no real consequences that doesn't really explore anything of substance and with actors that seem to be going through the motions. It seemed like a pair of screenplay writers that were in an active competition to see who could obfuscate and torture the story line the most thoroughly; and they both won. Problematically, people tend to glorify and overrate things that feign sophistication and complexity. There isn't anything sophisticated here-- just made up, illogical, scene-serving hot garbage with some pretty CGI. This is a textbook style-over- substance movie.

I can say, however, this movie was successful in subjecting me to inception. The idea implanted deep in my subconscious was that this was a really bad movie; a movie that is criminally overrated at 8.8/10. Yuck.",2
Inception,"I respect the fact that I have a minority view of this film, the overwhelming majority of folks leaving such high praise in their comments. But boy, I found this so dull and I ended up really hating it. A pity, since I liked the concept and was looking forward to the film.

The relentless force feeding of dramatic music and ugly-faced grimaces, attempting to give every scene in the film a weight it just didn't merit, was too much for me. Hardly a smile anywhere in this shockingly one-paced film and not a single character I could feel any warmth towards or empathy with. Complex without reason, lacking any hint of soul, riddled with cliched fight scenes, honestly - yuk! And for what - an ending that was predictable, cheesy and devoid of emotion.

One star for being Chris Nolan, another for some interesting special effects. That's it.",2
Inception,"In a lifetime of watching movies, the hardest I had getting through a whole movie was one called ""The Sicilian"" (1987). That was until I saw ""Inception."" The 148 minutes of sitting in my seat during its showing was worse than when I had a 16 hour flight to Australia with needles and pins running in my back and legs the whole way. Cillian Murphy is fabulous but our local high school could have supplied a better ensemble cast.

The story was conceptually all right. But DiCaprio's headlining the movie helped to make it a disaster with his all of his excessive, over-dramatized, wide-eyed looks and theatrics. He's neither a sympathetic or interesting character. Put him in a suit, slick back his hair, and grow a little facial stubble, but he still looks like a teenager pretending to look like a grown up.",2
Inception,"Comparing this movie to The Matrix is an insult to the Matrix, the directors of the Matrix, and basically anyone who had anything to do with the production of the Matrix.

This movie has an interesting premise, but I was not a fan of the storytelling style. Yes the movie had multiple things going on at once later in the movie, but I felt the movie was insulting my intelligence by reminding me what was happening in each scene every 5 minutes and cutting back to them, like I get what is going on, keep on with the main movie. The movie spends 30 minutes with scenes that are just to confuse, only to explain them in about 30 seconds later in the movie. I was bored to death in this movie, and I am a scifi fan. I am not qualified really to comment on the acting, but I thought it was pretty good. The whole time, it seemed like the movie thought it was some type of epic, but it really was too long, uninteresting, and slow moving.

This movie fails. It is too slow and simplistic for a scifi fan to enjoy, and too complicated for a good percentage of people (my dad) to understand.

Also the last 30 minutes of the movie should have been cut. There are only a few memorable scenes/quotes in the movie.

I made an account here to let you guys know with this tough economical time, SAVE YOUR MONEY, this movie does not live up to the hype, and I cannot believe some of the reviews praising it.

I may seem like a hater, but if you don't believe me on how bad it is, go waste 10 dollars and two and a half hours of your life and you will be in the same boat as me, someone who hated this movie.",2
Inception,"Firstly I want to say that I am fan of clever films that challenge the brain, however, it is possible for a film to be so complicated, and frankly...boring, that it becomes difficult to hold your interest. This was definitely the case with this movie.

Obviously the visual effects were excellent, that goes without saying, but I left the movie thinking ""what was the actual point?"". I am sure a lot of people must just be jumping on the band wagon by rating this movie highly, of perhaps pretending to get it, as I am positive I cannot be the only one that found this film over complex and just plain rubbish. In fact, I heard many of the people saying similar things as they left the cinema.

I like a film to entertain me, and having heard everyone raving about this film I was bitterly disappointed to find it was a total ""try too hard"" yawn-fest. The concept was good, however it just didn't hit the mark and was thoroughly un-entertaining. I found myself drifting off wondering about what I would eat for dinner,and about things I needed to do at work the next day, and that is the sign of a BAD movie.

9.2 out of 10? I don't think so, but each to their own.",2
Inception,I watched 3/4 of the movie and I have to say it was painful. How this has an 8.8/10 rating is beyond me. The movie made no sense. Is he dreaming? What town are they in. Will he die or is it a dream. Just an awful awful movie.,2
Inception,"We had high expectations when we arrived at this movie. 9+ on IMDb should mean that the movie was great.

I expected the movie to be hard to follow, intelligent twists and deep interesting scenes. Now, the movie has some amazing visual effects sometimes similar to those in ""2012"". Unfortunately the soul of Inception is not much deeper than the one in ""2012"". At least that movie was funny.

*WARNING THIS REVIEW CONTAINS SPOILERS* :-) The main character has lost his family and prefers to live in a dream. This concept feels *very* similar to that in ""Vanilla Sky"" and ""The Matrix"" just to name two. The movie doesn't add anything new to this concept. The director obviously wants us to get a feeling of losing contact with reality and to get sucked into the multiple levels of dreams. Memento was a much greater success in this as it also gave us a reason to laugh and be surprised with many amazing twists.

There was no moral of this movie. OR perhaps: ""If you want to play around with drugs and dream levels using a machine with a button, don't bring your wife, because 'the only thing that can get really stuck is an idea' so she might end up wanting to get to a better reality than the the real world and end up suicide to see the children again, which only existed in the dream and suicide only works to wake up from a dream, unless you're on heavy drugs, because then you'll get stuck in 'limbo'."" So a tad silly plot and moral.

The couple had already grown old together in a deep level dream and experienced a long dream life. Each dream level gives a time multiplier and thus longer content.

But the dream never was as good as the real life. But the greed for love made the main character want to stay in the dream. He was even fighting hard for a guy who wanted him to implant an idea (inception) into a guy's head so that he split his father's enterprise to save the world from global domination. Wow, how important is that? And how was he gonna be able to see his children again? He was just given a promise but never wanted to care if the promise could be realized.

Basically the movie is about the love of children, dream levels, reality vs dream, how details in dreams can be created by yourself but it feels like someone else made it all up. This subconscious world is in itself interesting, but unfortunately this movie doesn't use that potential to give a deeper mark. This movie is unfortunately not as good as we hoped and expected. It's a wanna be intelligent with alternative worlds and lots of special-fx rubbish.

The movie was worth watching, but I had hoped to get sucked into a great amazing movie, where I forgot the real world, and that just never happened.

Sincerely Jan",2
Inception,"This is not a good movie. This is not an original movie. The story is not entertaining. There is no moral support to the behaviour conduct of the characters. There's a bunch of stupid rules one must obey to handle with certain subconscious layer. Can this movie be compare with Matrix? yes. But is comparable? no! Why? Matrix is one of the best sci-fi movies ever; this one is not. It pretends to be a great movie, it pretends to be smart; they try to make intelligent dialogues and original plot...but they are just trying...nothing gets out of there! It's very easy to get it...the story...the layers...the subconscious, the ego, the alter-ego, the id...but what do they do with this concepts? the usual cliché...the struggle between the instances of the personality. Nothing original...no entertainment...no good action. This is just another sci-fi movie, nothing else",2
Inception,"Bitterly disappointed! Grossly bloated with special effects, overly saturated with testosterone and ultimately, a rip-off of two former 80's films, Brainstorm and Dreamscape, both of which I found to have much more substance. With a two and a half hour runtime, it quickly became no more than an assault on the senses. Once again, I was duped into wasting my money on an over-hyped behemoth with no redeeming qualities. As for the performances, DiCaprio came off as being slightly miscast, it seemed to me that he had to work a little too hard to get his lines out. It felt like Page, whom I do adore, was thrown in at the last minute for some token estrogen. I do always love to see Caine in small but meaty roles, this one was small but hardly meaty. AKA 'Inception: The Imax Experience' says it all. Basically, just a showcase for SFX on a very big screen.",2
Inception,"This is the kind of movie designed to make really stupid people feel smart.

""Inception"" continues Christopher Nolan's steep decline after the riveting ""Following"" and the clever ""Memento."" There's a germ of a good idea here. (In fact, there are germs of 9 good ideas here. But they are all poorly thought-through and badly realized.

Nolan draws on Orpheus (DiCaprio) trying to save his doomed wife (Cotillard) from Hades (here: Limbo.) There's Ariadne (Page) who helps Theseus (DiCaprio again) thread through the maze of the Minotaur. There are riffs on Jung's archetypal projections and Freud's ""unconscious"" blah blah blah as if Nolan opened up a book by Joseph Campbell, sprinkled in some ""psychological ops"" nonsense...and said ""I am BRILLIANT!"" Well, Nolan started with great ingredients. But they're all poorly mixed, half-baked and layered precariously on top of one another.

Bottom line: this is a truly dreadful film which will be hailed by people -- who because they're confused -- will think it's JENIUS! The only good thing? I finally understand how Scientology caught on.",2
Inception,"Dear Mr. Nolan.

I am writing to you about that movie you made, ""Inception"".

I am sorry but I have to tell you that I find it really annoying.

The only part I liked is when Leo and the girl sit in the café and he explains to her that it is a shared dream they're creating. Then she walks around and tinkers with the dream world as she pleases.

Which means doing stuff that is interesting to look at yet ultimately totally pointless. While people walk by and stare at her. Yeah, seriously. That's all they do. What an interesting dream. You know I can have that (the staring part) in real life whenever I want to, I don't need to (or want to) go to the cinema for that.

Some physics experiments later Leo goes on to tell her that, for some reason, he doesn't like it when she recreates large chunks of her real memories in the dream world.

Huh you say? Yeah, I say that too.

Supposedly it is because that sort of creative action ""makes her lose grip on what's real and what's not"".

Uhm. You know what? That is just nonsense. You can create dream worlds all day long and it does not make you lose any grip on anything.

Sadly, the movie goes steeply downhill from there.

Music that is supposed to sound ominous sets in and never stops for the rest of the movie. It's the kind of atmosphere that tells me right away that whatever happens on screen is not worth watching because it's just frightened clueless people telling each other ""serious stuff"". Kinda like politicians talking to each other. I hope you forgive me that I skipped through most of this while watching the movie.

After a lot of that BS a guy who is in way too many movies (Michael Caine), appears and the flick ends.

Here is the larger picture.

""Inception"" is part of what I call the ""New American Madness"". Movies of despair, disjointed, logic falling apart, stories making no sense. Everything always seems dangerous and ominous, but nobody knows why and nothing leads anywhere.

The cinema worlds of the New American Madness can be seen as a reflection of America's wars in Iraq (halfway past), Afghanistan (current) and North America (upcoming) which are really nothing but large-scale implementations of insanity. You really shouldn't think about this stuff too much lest you like to go insane yourself.

To sum this up, Mr. Nolan: Please find a proper story writer for your next movie. ""Memento"" was so, so, so good. wtf happened to you after that?

Nevertheless! You are without doubt a talented artist and I wish you the best of luck for future endeavors. You might want to consider joining the peace movement which I happen to be spearheading.

Greetings, New Spirit Jazz",2
Inception,"There's a lot to be said in favour of 'Inception' such as great special effects and a new and interesting concept in which to set a film.

However, although Sci-fi demands that probably impossible concepts in real life must be assumed to be able to happen, 'Inception' isn't consistent to these and jumps around and conveniently ignores its own rules.

For example, needing a gravity kick in zero-gravity, Gordon-Levitt comes up with the great idea of using a free-falling lift to bring it about. Hello? There's zero-gravity everywhere - just by blowing the wires on a lift won't send it crashing into the basement.

And, when Di Caprio needs to go and find a fellow traveller in the victim's mind, he does so even when the victim is awake, returning to consciousness from his 'dreamworld' (that is, the victim's 'dreamworld') when consciousness has already been recovered.

And there are many other problems that space forbids me to relate.

If this film was consistent to its own rules, it would have my vote of approval as being an original and compelling film but, unfortunately, there's no point inventing an alternative reality only to ignore the rules you've made and upon which the premise is based.",2
Inception,"I really appreciate that the negative reviews for this film capture its most horrific quality: making people feel smart for understanding a stupid concept.

If you showed this movie to a surrealist/dadaist, they would in fact find it incredible: how could so many people find this interesting, or even worth talking about? I've heard more inventive ideas from 5-year-olds than this.

Do dreams even work like ""Inception""? No. No. No. God no.

This is a psychologist's nightmare. Is this also why the American public have such dreadfully low emotional intelligence?

Yes, dreams could be free of things like physical laws, but they are so much more meaningful than ""wee, I can fly!"" Besides gravity, all laws of reality are broken in dreams: people morph into other people, or multiple people can be the same person at the same time, or you can be both yourself and another person. Your bedroom could be your bedroom at one moment, and then also become a prison cell at the same time - and even then, sometimes there's no notion of time at all! The point is that these ""images"", ""feelings"", ""characters"" are driven by emotion, or your brain finally being able to connect 2 things together without pesky reality getting in the way. ""The world is blue like an orange.""

Inception literally un-trains the viewer from relating to his/her dreams intelligently. Rendering the amazing experience of dreaming through film is a huge challenge, and so many directors have done it much better justice than this piece of garbage.",2
Inception,"9.1 / 10 on IMDb?

So ~91% of Earth's population is asleep, these people like the film so much, because it tells them of fantahstic possibilities of dream state.

Well I don't want to wake up anyone forcefully, espehcially since propagation of the weird reality of the American Dream, but speaking from an outsider's observation-point: looking at all your bodies with your eyes wide-open but frozen in deep-sleep

You all are so vulnerable in your dream!

Since your birth it has been continuous, stabilized by swallowing Matrix-blue pills. Greatest drama is you will never wake up what happens at the final moment may resemble an individual in coma whose heart or brain stops.",2
Inception,"I may be able to count on one hand how many good to excellent movies I had zero questions about either during or after completion of the movie. Things do get by me and I try to get my answer from those who saw the flick with me, or online. Inception left me with one question. ""Did you get it?""

I didn't get it and I've a high degree of confidence that those 100,453,830 people who 'got it', had 100,453,830 versions of 'gettin'. I've got 2 teenage kids and a 23 year old. My kids and every SINGLE one of their friends 'got it'. If you do not yet know where this review is going, you 'got it'. Nuff said. Pick up the emperor's clothes at the dry cleaners tomorrow. His majesty's clothes are ready and you ""Inception"" fans are ready for your close-up. ROLL 'EM!!!",2
Inception,"I generally like the stuff Christopher Nolan does, but Inception did nothing for me. Within 5 minutes of watching the movie and hearing Lucas Haas's cringe-worthy line of ""No, it's my dream""(not a direct quote, but it was something to that effect) I almost fell to the floor laughing. Bad writing happens even in good movies, so I figured it was just a slip-up...except every scene felt like a repeat of those first 5 minutes. I'm not going to go line for line on everything wrong with Inception because if you really want to find out if you're going to like this movie or not, I suggest watching it for yourself. I came in with high expectations and saw a really bad film. You're more than welcome to disagree with my opinion but I hate it when people won't accept someone not liking a critically-acclaimed movie because it goes against the tide. I only say this because when telling someone how I disliked Inception I was quickly informed that ""I didn't get it"". It's a film about a team going into people's minds and heisting their dreams to plant suggestions that potentially affect real life choices. It's an interesting concept that was poorly executed. I ""got it"", but I just didn't like it.",2
Inception,"A DVD CHOICE, NOT A MOVIE THEATER CHOICE: First, allow me to say as an avid movie buff of 40 years, I have seen many flicks over the years, my tastes are varied, and I am the first to love something that will take you away from your world, into the world of a writer/director. That being said, it is of the utmost importance for me to be led, in a movie, to a point of intrigue, and visuals are of an equal importance as dialog when and where it comes to suspense. If not, the film is heavily reliant on a pretty, well known face, to keep your interest, while the flick drags on, with little relevant reason beyond verbal dribble to stay in your seat. There WERE a solid 5 or so minutes of effects, but the trailer leads you to believe there were much more. This flick allowed 90% verbal plot-building to create somewhat of a lack of suspense, a you-had-to-be-there, in my eyes, to drag a viewer into interest. Zero character building left it with a lack of relevance. I watched a surprising amount of people walk out of the theater, and more than I have ever seen leaving and coming back. They bought their ticket, but for some reason they weren't inclined to be pinned to the screen. I heard many utter the very same thing I was thinking, along with my date, while departing the theater... after 25 mins you are pretty much like what the heck is going on- I think we all followed along with the ""story"" as best we could, but the dead honest truth is that the first 10-20 mins are what creates an air of either interest, or turnoff... and INCEPTION left me with a lack of interest, either through writing and/or direction, that lasted throughout the 2.5 hours this movie dragged on. It was OK, but as my lady is saying beside me, you kept wishing through the first parts, for an ""ah!"" moment, then what came through more as confusing didn't ever seem to make up for that yearning, and judging from the reactions overheard when we were leaving, we were not alone in our assessment. Shortly, too many questions, not enough answers. WAIT FOR VIDEO, THEN PLAN ON REWINDING A FEW TIMES AND TAKING QUITE A FEW BREAKS TO PROCESS WHAT IS GOING THROUGH THE SEMI-BEWILDERED WRITER'S MIND.",2
Inception,"Unfortunately for me, I disliked this movie. I am not quite sure why. I heard good things about this movie and I wanted to like it so much. It rubbed me the wrong way for some reason. I knew a little bit about the dream information in this movie. That is my only theory on why I didn't like this movie.

Anyways I usually like special effects movies and contrary to what I wrote, I hope you like it.

One day I might watch it again... Maybe I will like it the second time around. I liked to think I have mature a bit and with it my taste for movies.",2
Inception,"Christopher Nolan is well known for his great films that are always remembered when talking about the best films in history, among them is Inception. But is it really that good? The script, direction and visual effects are almost perfect, with that, all the scenes are visually very beautiful. Several scenes are very remembered until today, in fact it is marked in your mind for a long time. In all aspects this film is great, so in fact all the positive points that are highlighted about this film are correct, but I do not believe it is a perfect film or close to it. Perhaps a big negative point is that at times it ends up being a little boring, not least because it is more than two hours of film. Even so, it is undeniable to say that this is an incredible film and perhaps in fact one of the best in history.",2
Inception,"I read the reviews for this movie, asked my friends about it and decided to take a look. After about 45 minutes into it I found myself sorely disappointed with the acting, the story progression, and the development of the characters (no genuine or believable character development, other than the obvious and predictable growth of DiCaprio).

Watanabe, Page, and Gordon-Levitt demonstrated some of the poorest acting I've seen since Con Air. Watanabe was difficult to understand 90% of the time. Gordon-Levitt's attempt to portray a cool & steely partner was grossly unbelievable. Page came across aggravating and, in many ways, out of place.

The Bottom-line: I believe that the movie did a good job of hypnotizing everyone into thinking that the Matrix want-to-be story was deep or intriguing.

Please don't waste your time seeing this movie.",2
Inception,"Christopher Nolan thinks a film having long running expository dialogue makes an intelligent film. Nothing Makes Sense here, and when it's explained it just grows so irritating. One Of The Worst Movies Of All Time!",2
Inception,"In this movie he uses the feature of being repeatable in a hard blockbuster and tricks us. The chase part is completely out of frame. After the insomnia, Batman trilogy, Dunkirk and Tenet , and maybe Interstellar, the rest of his works does not resemble a movie, maybe a promotional teaser. Especially in this movie. A completely anti-human film in praise of violence. I'm not saying it's that bad, but it's weirdly overrated. Except for the main male role, none of the actors match their roles. I hope this movie will get out of it's overrated situation. A very bad shape movie The movie itself is worse than the poster. Watery and cardboard

This movie has very good things for under twenty-two years old of before 2000. For lovers of romantic and ridiculous actions like this movie.",2
Inception,"A corporate billionaire wants to eliminate his competition by implanting an idea in the subconscious of the man who stands to inherit the fortune, that he should dismantle the company into smaller entities. He hires Cobb (DiCaprio) to do this, who enlists a team. They tether together in dreams through a low-tech contraption that is never explained, which also puts them to sleep instantly.

To implant this idea in the man's mind, they have to go very deep, a dream within a dream, within a dream, within a dream. Down three layers. In each successive layer time speeds up so that hours in layer three is a few minutes in layer two, and seconds in layer one. To go three layers deep they need to take a sedative that is specially designed to deaden everything but the inner ear, so that the feeling of free-fall (called a KICK) will cause the subject to wake up. But one catch: using the sedative, if they die in the dream, their mind goes to ""limbo"" in real life, apparently a coma-like state.

They need about 10 hours to accomplish their task. Luckily for them, the target (the billionaire's son) takes a plane from Paris to LA regularly, and the flight is 10 hours. Arrangements are made so the private jet has mechanical problems forcing the target to take a commercial jet. To ensure they won't be disturbed in first class, the billionaire who hatched this plan buys the airline ""because it seemed neater.""

The dreamers carry their own talisman that reveals to the dreamer if they are awake or dreaming. Cobb has a small top that spins infinitely while dreaming, but in waking state it eventually topples. (How the other talismans work is never explained. Arthur has a loaded dye and the girl makes a chess-like piece. We never see them use theirs to check their state of reality, but Cobb uses his twice.)

The details of how lucid dreaming works is conveniently concocted for the film. One of the dreamers constructs a world in the form of a maze for everyone else to use as the dreamscape. The subconscious mind of the target fills the landscape with their unguarded thoughts, allowing someone to steal their thoughts (or plant a thought). A dreamer can also introduce fears and guilt into the landscape which materialize as threats, buildings crumbling, etc.

Cobb doesn't tell his team that he is deeply conflicted about planting a thought (inception) in his wife's mind, which was to question her reality. He did this while they lucid-dreamed together, which became an addiction, gradually revealed throughout the film as backstory. She finally jumped out a window to kill herself and wanted him to commit suicide with her, so before she jumped, she sent a letter to her lawyer saying her husband wanted her dead. Knowing he would get blamed for her suicidal jump, he fled the country to Paris and the entire movie takes place abroad. His drive to help the billionaire is a promised call 'to the right people' that will allow him to return home to be reunited with his two children. Cobb's guilty subconscious kept bringing his dead wife into the dreamscapes where she tries to kill others.

The dream sequences themselves are long, drawn out, convoluted, and often boring. They try to distract you from this by having constant gunfire from ""projections"" that are nearly always attacking the main characters. The villain of the movie was psychological: Cobb's inner struggle. That was a major weakness because there was nothing to root against. And you don't care about the main objective either (the billionaire's plan) – in fact the target is a more appealing character than anyone else in the film. So the only reason to sit through the entire movie is to see if Cobb gets to go home in the end, and frankly it takes the entire movie (if you don't walk out) to care about that too. And by then the only reason you care is b/c you sat through 2.5 hrs to see how it ends.

The best scene, dramatically, is when they wake on the plane and each look at one another after going through so much (~2hrs worth!) in dream state. The billionaire makes a phone call as the plane lands in LA, and Cobb clears customs. He is met by his Father (or his ex wife's father?) who takes him home. Cobb walks into the house, sees his children playing outside (as we have seen in many sequences throughout the movie) but this time he calls their names, and they turn around and look at him. At the same time he drops his bags, and as a last action, takes out his talisman and spins in on the table, then rushes to greet his kids. We hold on it in foreground while he picks up his children in background.... zooming in on the spinning talisman until it occupies the entire screen.... spinning, spinning spinning.... it starts to wobble ever so slightly... and CUT TO BLACK. Leaving viewers unsure if Cobb was still dreaming.

The ending was good and there were two other noteworthy scenes. One is a fight scene in zero gravity in dream layer two, and another was in the movie trailer: the dreamscape curling in on itself to form a cube.

Unfortunately, I didn't care about any of the characters nor was there any emotional investment in the main plot. Who cares if a billionaire gets his competition to breakdown his empire? And I also didn't care much if Cobb was reunited with his kids, as there is one lone scene of a phone call he makes to them that is supposed to establish our emotional investment, and it fell way short of doing that. Finally, as previously stated, there is no villain except for Cobb's guilt over his wife's death. I struggled to sit through this film.",2
Inception,"I remembered having seen it in the theaters and being unimpressed. I just could not remember why I was so thoroughly underwhelmed by the movie. So having been over a decade I figured I'd give it another watch and see what I thought. That's when it all came crashing back. The absolute paint dryingly slow pace of the development, the notably bad performances by nearly everyone on screen, and the remarkably trite concept of it all. Thankfully this time it wasn't trapped in a theater and was able to fast forward through most of the mind numbingness until I had simply to relent and shut it off entirely. Leonardo DiCaprio is just nearly impossible to watch and take seriously with his trademark hyperbolic urgency, with every scene threatening to resurrect the pubescent whinyness with which he pocked The Basketball Diaries. 🙉",2
Inception,"For an original screenplay it conjures up dreams of other movies. It starts with Ken Watananbe looking like Dustin Hoffman in ""Little Big Man"". It contains the assault on Blofeld's headquarters from ""On Her Majesty's Secret Service"". Edith Piaf sings to remind us of Marion Cotillard's Oscar win for ""La Vie en Rose"", before Cotillard turns into Norman Bates' ""Psycho"" mother.

Ellen Page seemed too young and mumbled her lines. Michael Caine was a distraction in a tea bag role, dipping in here and there. Hans Zimmer wrote a head pounding score that no one could sleep through.

Given a ten hour flight to plant the idea in the subjects mind, it seemed like it took ten hours. The burning question of Leo getting home pales to ""are we ever getting out of the theater"". The movie suffers from the written, produced and directed by syndrome. It is way too long, way to loud and way too bad.",2
Inception,"Clumsy, derivative, lazily scripted and massively over-long. I know this isn't what most people are saying about Inception but I'm afraid this is the cruel truth about the film. There is simply nothing new here, despite the ""originality"" everyone has credited the film with. If you've seen The Matrix, Dreamscape, Total Recall, Blade Runner, or Johnny Mnemonic (to name but a few) then there is going to be little here to surprise you. The opening half hour of the film spends its time frantically throwing complex and very clunky exposition at you in a desperate attempt to explain the highly contrived rules of the dreamworlds which provide the backdrop for much of the narrative. The action is there, but as always, Nolan struggles to film it in an exciting way, generally pushing the camera so close to his subject that it is impossible to really make out what is going on. Even the dream worlds in the film are remarkably bland and unimaginative - apparently we all dream as if we are in a Hollywood high-concept film dominated by CGI. The small scale nature of most dreams is nowhere to be found here and nor is any of the fascinating strangeness and mystery associated with dreaming; apparently the subconscious only really expresses itself in our dreams by manifesting itself as a lot of rather tetchy people who try to beat up anyone who invades the dreamer's mind (sound at all like the agents in The Matrix?). There are of course some impressive visual effects along the way (for instance at one point Paris suddenly folds back on itself so that streets run vertically and upside down like something from an M C Escher picture) but these are calculated simply for spectacle and Nolan really misses a trick in picking up the potentially genuinely fascinating subject of dreams and the way in which they link to the fantasy world of films. I'm sure this will be popular with a lot of teenage boys who might be impressed with the cod-philosophy of the film, but if you've seen any of the films listed in the first few lines of this review or if you've read novels by Philip K Dick or William Gibson, you aren't going to find much to engage with here. Massively over-rated, incredibly tedious and a waste of an excellent cast who, in fairness, do the best they can with the dreadful screenplay they were handed.",2
Inception,"This pointless mess of a film is just one long gimmick. I felt no connection to the characters or the story.

When the screen froze about two thirds through it was a relief, and we didn't bother trying to make it work again.",2
Inception,"It should be called ""Deception"". Or ""James Bond Meets The Matrix"". Take the worst bits of James Bond and the worst bits of The Matrix movies, randomly mix them together, and you have ""Inception"".

It's pretentious nonsense from start to finish. The characters are caricatures, the acting is formulaic, and the plot! Jeez. It starts badly and gets worse. By the end, even the director couldn't be bothered and lets it degenerate into a standard James Bond movie (complete with men in snow suits fighting on skis).

The age rating (12A in the UK) means the ideal demographic for this movie (8 year-old boys) can't see it. This film is so bad, it creeps into classic-bad-movie territory. Oh, by the way, I ""get it"". I just don't ""like it"". And the movie is not existentialist. It's pointless.

I like to say something positive about every movie I see but I am struggling with this one. Oh, I have something: it has a great ending - because it ends.",2
Inception,"MANY SPOILERS FOLLOW!!!One of the main problems with this movie is that it explicates certain directives important to planting ideas and then the movie doesn't follow them. In one scene, Gordon-Levitt is shooting at some bad guys, then Hardy comes over and says, ""Dream bigger,"" and pulls out a grenade launcher. This, coupled with Page's manipulation of the dream early on, seems to indicate that there is power to change what is in the dream. Yet when the van is under attack, the driver only has a crappy pistol. Seriously? What about the directive that an idea has to be simple enough to seem that it springs from the subject's own mind, otherwise they will know its true genesis lies outside them. But the filmmakers steal from many films and don't think the audience will recognize their genesis. People have already mentioned Paprika, Eternal Sunshine of the Spotless Mind, and the Matrix. But there is also in the Cobb/Moll storyline a lot taken from What Dreams May Come. Plus there are Escher stairs that turn into Harry Potter stairs. Personally, even with the hours (felt like) of explication the film did, I never understood how they actually shared dreams. They get wired into a dream? I thought the tube was for what the chemist mixed. How does that allow the dream to be shared? And limbo? Seriously? What a cop out. You remove something that made sense (you die, you wake up) and turn it into ridiculousness--now you're shoved down into pure subconscious and you can't really survive there b/c your brains become scrambled. Yikes. There was plenty more that was problematic, but others here have covered or, I'm sure, will cover that, too. This movie would have been better if it hadn't tried to do so much. Again the trailers were misleading and I thought the plot was going to focus on the ins/outs of many dreams/dreamers. More than a waste of money, it was a waste of time.",2
Inception,"After a June filled with movies that wanted to be nothing but popcorn fun but ultimately your popcorn bucket emptied, we were all looking forward to Inception bringing something intelligent to the screen. Man, what a huge let down. I guess you can't blame Inception for expectations and for the crap that came before it but those factors may have led to the disappointment. People labeling this film as smart are doing nothing but exposing their own ignorance. Either that or else, they're exposing their own vast imagination because they must have filled in scenes in their own head to compensate for this films obvious shortcomings. There was no thought put into the dialogue and the effects are certainly awful. The action scenes are weak simply because they scream cartoon. I know they have the ""Matrix excuse"" that lets them warp reality but the CG is too bizarre for my taste. The shocking thing is that most of entire movie lacks real energy and especially lacks heart. Anyone else think there was little chemistry between the stars? Everyone besides Leo seemed to intentionally deliver no personality or charisma. I knew Nolan was going for an Indy-bizarre flavor. So, I expected little character development but I did expect to care about something or someone in the film. That really never happens. What a shame.

Can filmgoers want to love a film so much that they block out how bad the film turned out? Or, will they be jaded holding it up to impossible expectations? Maybe my expectations were too high but I was greatly disappointed by this movie. The writers of this film and YES, the director took a promising concept and turned it in to a blathering waste of effort. Hope can be a strong thing but hoping so hard that you'll love a film that you actually fool yourself in to believing its good is genuinely unhealthy.",2
Inception,"SOUNDTRACK SHOULD BE YEAT INSTEAD.

Meaning of Numbers: The Number 48 The English phrase ""forty and eight"" used for the number 48 is recorded 4 times in 4 King James Bible verses. The possibly meaning of the number 48 is related to Biblical history and the occurrence of certain words.

The tribe of Levi, because they were dedicated to serving God, did not receive an inheritance of farmable land in Canaan (Num. 18:20, Deuteronomy 18:1 - 2). The Eternal, using the tithes and offerings Israelites gave, was to be their primary means of support. They did receive, however, 48 cities in which they could live, six of which were to be designated as cities of refuge (Num. 35:7, Joshua 20, 21:41).

In 48 A. D., both the Apostle Paul and Barnabas reside in the city of Syrian Antioch. They began their stay in the city in 46 A. D. after completing Paul's first missionary journey.

Unfortunately, Paul's first tour will be the only one they will carry out together. The pair separate over the issue of John Mark before the second missionary journey starts in late autumn of 49 A. D. Paul takes Silas on his second evangelistic trip while Barnabas takes John Mark on a preaching tour back through the island of Cyprus.

The Apostle Paul was roughly 48 years old when he met Timothy in the city of Lystra during his second missionary journey. Timothy, a young man of 33 in early 50 A. D., would ultimately become Paul's closest and most trusted friend!

Appearances of Number Forty-Eight The English word ""beast"" is found 48 times in 37 King James New Testament verses. It occurs in the four books of Revelation (44 times), Acts (2), Hebrews and Luke (once each). Its link to the end time world power that will be led directly by Satan the devil is undeniable.

And they worshipped the dragon which gave power unto the beast: and they worshipped the beast, saying, Who is like unto the beast? Who is able to make war with him? (Revelation 13:4, KJV).

Here is wisdom. Let him that hath understanding count the number of the beast: for it is the number of a man; and his number is Six hundred threescore and six (Revelation 13:18, KJV).

The word ""milk,"" in the King James Bible, is recorded 48 times in 48 King James verses. It is found the most Deuteronomy (8 times) followed by Exodus (6 times). The Promised Land the Israelites were to inherit was known as the land of milk and honey since it was excellent territory for raising cattle which also abounded in grasses and flowers.

And I am come down to deliver them out of the hand of the Egyptians, and to bring them up out of that land unto a good land and a large, unto a land flowing with milk and honey . . . (Exodus 3:8, see also verse 17, 13:5, 33:3, etc.).

Ezra mentions Jerusalem forty-eight times in the King James translation of his book.

Ham's name (Strong's #H2526) in Gematria (adding the numeric value of each Hebrew letter in his name) is 40 + 8 or 48. Ham was one of Noah's three sons who survive the great flood (Genesis 7:13). Ham is also the father of Canaan whom castrated his grandfather Noah and was cursed for doing so (Genesis 9:24 - 25).

Jubal's name (Strong's #H3106) in Gematria is 10 + 6 + 2 + 30 or 48. He is the first person in Scripture in relation to music and musical instruments. He is considered, ""the father of all such as handle the harp and organ"" (Genesis 4:21).

Galatians and Number 48 The book of Galatians, written by the Apostle Paul in 53 A. D., is book number 48 found in most modern translations. This controversial work, which covers several subjects, also reveals what was likely Apostle Paul's mysterious ""thorn in the flesh"" (2Corinthians 12:7 - 9).

Now you know that at first I preached the gospel to you in the weakness of the flesh; And the temptation - namely, my trial in my flesh - you despised not . . . For I bear you witness that, if it were possible, you would have plucked out your eyes and given them to me . . .

See with what large letters I have written to you with my own hand . . . (Galatians 4:13 - 15, 6:11).

Paul's thorn was possibly an inflammation of the eyes called ophthalmia.

Chapters and Verses The book of Jonah is one of the shortest in Scripture with only 4 chapters and 48 verses total. Ezekiel is the third largest book in Scripture in terms of words. His prophetic book, written between 597 and 570 B. C., has 48 chapters, 1,273 verses and 39,407 words.

In the Old Testament, the Biblical chapters of Judges 20 and Psalm 106 contain 48 verses in the King James translation.

In the New Testament, the chapters Matthew 5, Luke 19 and Acts 10 have 48 verses in the KJV.

Only the books of Genesis, Psalms, Isaiah and Ezekiel have 48 or more chapters.

The forty-eighth book of the Bible's originally inspired arrangement of forty-nine books, organized by the Apostle John, is Philemon.

More Info on Biblical Meaning of 48 The Old Testament writings that use ""forty and eight"" the most for 48 are the books of Nehemiah (2 times) as well as Numbers and Joshua (once each).

The Hebrew word yehoyada, Strong's #H3077, is recorded 48 times in 44 Hebrew Old Testament verses. It is found the most in 2Chronicles (21 times) followed by 1Kings (12) then 2Kings (8). The word means ""Jehovah-known"" or ""Jehovah knows."" The word is translated as ""Jehoiada,"" the name of at least three Biblical individuals.

The most famous Jehoiada in Scripture was a High Priest. He bravely hid baby Joash from Judah's Queen Athaliah's murderous attempts to kill all of King David's descendants in order to secure her throne (2Chronicles 22). When Joash turned seven he arranged for him to be made Judah's king replacing Athaliah. His righteous service not only earned him a long life (he died at 130) but also the rare privilege of being buried among Judah's kings in Jerusalem (2Chronicles 24:16).

Then they brought out the king's son (Joash at age seven), and put upon him the crown, and gave him the testimony, and made him king. And Jehoiada (yehoyada) and his sons anointed him, and said, God save the king (2Chronicles 23:11, KJV).

There are 20 words and phrases in the Bible's original languages that are recorded exactly 48 times.

48 is a product of 2 x 2 x 2 x 2 (2 to the fourth power) x 3. Both 2 and 3 are prime numbers.

The name ""Josiah"" is recorded 53 times in 48 King James Bible verses. It is found the most in Jeremiah (18 times) then 2Chronicles (17). King Josiah, who began his reign when he was only eight years old (2Kings 22:1), ruled the Kingdom of Judah from 640 to 609 B. C. He was the last of Judah's righteous rulers before the nation's ultimate demise in 586.

And Josiah took away all the abominations out of all the countries that pertained to the children of Israel, and made all that were present in Israel to serve, even to serve the Lord their God. And all his days they departed not from following the Lord, the God of their fathers (2Chronicles 34:33, KJV).

Genesis 48 is the pivotal chapter that records Jacob, near death, blessing Joseph's two sons Manasseh and Ephraim. It is through these two sons that God would fulfill a giant part of his promise to Abraham that his descendants, who would number like grains of sand on a beach, would ultimately bless all the nations on earth (Genesis 22:17 - 18)!

Recommended Articles Originally Inspired Order of Biblical Books!

Map of Paul's Second Missionary Journey What Does an Eye for Eye Mean?

Why Shouldn't We Eat Ezekiel's Bread?

Symbolism of Israel's Animal Sacrifices Why Do Vicious Animals Symbolize Kingdoms?

What is the Milk and Meat of God's Word?

How Many Animals Are in the Bible?

Biblical Meaning of Numbers Introduction - Book of Numbers Forgiveness Numbers - Abraham's Numbers Mysterious Numbers of the Jubilee Year!

Sevens and the Worship of God Numbers of Israel's Kings - Lucky 13!

Infinity - Zero One Tenth - One Third - One Half 1 - 2 - 3 - 4 - 5 - 6 - 7 8 - 9 - 10 - 11 - 12 - 13 14 - 15 - 16 - 17 - 18 - 19 20 - 21 - 22 - 23 - 24 - 25 26 - 27 - 28 - 29 - 30 - 31 32 - 33 - 34 - 35 - 36 - 37 38 - 39 - 40 - 41 - 42 - 43 44 - 45 - 46 - 47 - 48 - 49 50 - 51 - 52 - 53 - 54 - 55 56 - 57 - 58 - 59 - 60 - 61 62 - 63 - 64 - 65 - 66 - 67 68 - 69 - 70 - 71 - 72 - 73 74 - 75 - 76 - 77 - 78 - 79 80 - 81 - 82 - 83 - 84 - 85 86 - 87 - 88 - 89 - 90 - 91 92 - 93 - 94 - 95 - 96 - 97 98 - 99 - 100 - 101 - 102 - 103 104 - 105 - 106 - 107 - 108 - 109 110 - 111 - 112 - 113 - 114 - 115 116 - 117 - 118 - 119 - 120 - 121 122 - 123 - 124 - 125 - 126 - 127 128 - 129 - 130 - 131 - 132 - 133 134 - 135 - 136 - 137 - 138 - 139 140 - 141 - 142 - 143 - 144 - 145 146 - 147 - 148 - 149 - 150 - 151 152 - 153 - 154 - 155 - 156 - 158 160 - 166 - 168 - 170 - 175 - 180 187 - 200 - 202 - 203 - 210 - 211 212 - 215 - 216 - 220 - 221 - 222 223 - 225 - 227 - 232 234 - 244 - 250 - 260 - 300 - 303 311 - 313 - 316 - 318 - 320 - 321 323 - 330 - 333 - 345 - 350 - 365 367 - 369 - 390 - 400 - 404 - 410 411 - 414 - 420 - 424 - 430 - 440 444 - 450 - 456 - 490 - 500 - 511 516 - 555 - 600 - 611 - 613 616 - 666 - 700 - 711 - 717 - 74.",3
Inception,"Watched this for the 4th time tonight and still cant make head nor tail of it. My concern is that, unashamedly, i am very intelligent but after the ""whatever"" level . I completely lose the plot! In fact the whole purpose and objective of the movie is completely lost on me.",3
Inception,"Lost in the sauce. idea was good but the movie is too irritating, boring and way too long",3
Inception,"The lead character played by Leonardo DiCaprio murdered his wife. So he can't go back to the United States because he's wanted for murder. So he spends his time flying around the world stealing from people. He's a thief.

He does this by entering their dreams without their permission, and getting information he can use against them. (Talk about a gross invasion of privacy !!!)

He's supposedly misses his kids whose faces he's having trouble remembering. I don't understand why his kids couldn't be brought to him. Just meet in any country that doesn't have an extradition treaty with the United States. He's flying around the world anyway. And nobody can send him a picture or video?

His dead wife spends all of the movie until the end sabotaging his plans and killing people.

His fellow partners in crime are all independent contractor thieves themselves.

His client is an owner of a Japanese corporation --- who is about as appealing as a Mafioso hitman --- who wants to steal from his competition because he can't compete.

Every character in this movie is a bad person. The only possible exception is their target. He's the son of the owner of the target corporation, whose father was abusive. Inspite of no respect, he remained respectful and loyal to his father.

Typical Hollywood. The bad guys are the good guys. And the only good guy is the bad guy.

Add to that, there are endless chase scenes with corporate hitmen shooting a thousand bullets into the thieves' get away vehicle. But only one guy gets hit. Otherwise, the vehicle should have been riddled with bullets. All the windows are shot out. But nobody gets even injured with the exception of the one guy right in the beginning. Not at all logical or believable. I guess we could say it was a dream.

Take out the amazing special effects and all you got is a bad movie about bad people. I didn't care about any of the characters, or what happened to any of them, because they were all unappealing, bad people.",3
Inception,I have tried to watch this film twice now but found it boring and shallow. I could not relate to any character and did not care about the outcome. Why are we supposed to care about the fate of this man and his shallow mission? It is not like he was doing anything important or life changing. Over rated and like some have said style of substance,3
Inception,"I thought this was super cool when it came out. Definitely enjoyed some rewatches & started thinking ""okay, maybe my favourite parts are the rotating hallway parts"". But the other evening I watched it on mute. A good movie should make sense with no picture, and also with no sound. This is not the intended film experience, obviously, but it speaks to how each element has to stand on it's own. Okay? We're all good? I dare you to watch this on mute & not feel incredibly bored. What are we doing? I swear this man enjoys directing actors less than George Lucas. Ledger's Joker is an anomaly, in that it was such a committed performance, but than you have to consider how the entire production ignored Ledger's health issues. Where is the love? I don't think Nolan likes directing actors at all. The only clever concepts in his films seem to come from his brother. But it would appear that Nolan identifies as a clever film maker. Or high-brow. This is not 'Solaris'. What do I like about this film? ...the spinny bits. But that's Fred Astaire's thing! This is not an original concept. The only commendable aspect to any Nolan film is his high level commitment to practical effects. I truly love those aspects. This film had some gorgeous miniatures to establish locations I couldn't care less about. So yeah... good movie for a 15 year old who's getting into film. This is not high brow it's just noodling around with concepts while dudes in suits punch each other. I hope you enjoy it because I hope people enjoy things, but I have to say I did not enjoy it upon rewatch.",3
Inception,"After finishing Satoshi Kon's, ""Paprika"", I thought I would give a look see at a film that was inspired by Paprika that I have heard from many people as being amazing...but to me, it was just a massive disappointment. I can try and not compare the two films, but that would be rather impossible given they both use the same ingredients, but have completely different recipes to making their films.

First thing I notice about the film are the characters. The actors are great, but the characters they are given are just bland and uninteresting. Having bad characters is worse than having a bad plot to me. They were very one-dimensional and felt rather emotionless. Paprika's character felt more human and were very easy to understand and/or feel for. Dom Cobb was a character I couldn't possibly care for in this regard.

Next is the plot. While both films took completely different directions of the same concept, Inception felt incredibly convoluted and far-fetched to take any of it seriously. The ""M. Night"" twist at the end also never helped with the ending. While Paprika also felt convoluted in certain scenes, such as the end, it was very forgiving because of the direction. Paprika used a more surreal approach to dreams that made it rather fun and engaging to observe. Inception was rather stiff and took itself too seriously, making the convoluted aspects all the more jarring.

Lastly are the presentation of the dream world. Inception had a dream world that was incredibly unimaginative and felt very flat and boring. The dream world in Paprika takes the cake for clearly being more bizarre and overall lacking any cohesion, similar to our own dreams...being extremely chaotic, nonsensical, and just surreal, altogether.

Overall, Paprika's focus on the more bizarre elements of dreams and the humanization of characters portrayed the theme of their respective movie better as the plot didn't interfere with the tone of the movie, which wasn't made to be too serious. While Inception is by no means a terrible movie, it is just grossly overrated for trying to be ""smart"", ""serious"", and ""thought provoking"", though ends up being pretentious and shallow.

This was a film that screamed, ""Hey look, we are so smart and philosophical, we are the best movie of the decade.""",3
Inception,Seems like an excuse to film stunts. I haven't read the book and I couldn't understand what was going on. And I can't take any movie with Joseph Gordon-Levitt in it seriously anyway. It's a Great movie for 14 year olds.,3
Inception,"Just now I've watched the movie on Prime Video. I thought it'll be good movie but isn't. The movie is very long and the real concept of movie starts after 1 hour. However, it would be good if the movie is short ( 90 t0 100 minutes). It's approximately 2.32 hours which is not good, it irritate you.",3
Inception,"Terrible, overhyped film that people think makes them smart for saying they liked it. A complete waste of time. Nolan does it again. Plus, it's a ripoff of ""Dreamscape"".",3
Inception,"10 years on in 2020, I revisited this movie trying to see if it was me that hated it or was it really beyond my time and abilities! . Nah. This movie is just rubbish still. This movie is not for any mature person. Young people (ideally below 25 years of age) who have unrealistic imagination and is willing to gobble up any gobbledegook these days are perfect for this. If you have any degree in medicine, you puke early on. Otherwise you may just sit it out half way. The only other way is to sleep and create a dream that you finished the movie. It is so characteristic of this day and age where people are afraid to call BS just because they think that they have to be seen as appreciating things that others have upvoted; -similar to be seen as enjoying "" modern art"" which is just rubbish doodling. Waste of time, but if you fast forward it and just see the ""effects"" you could avoid wasting your time.",3
Inception,"I just finished it, actually almost all of it because I skipped out on the last 10 minutes. Bad script, bad acting. Them dreams sure are city-folk-like! Meaning, this guy didn't have enough money to make a true dream world, so he made due with mob-type scenarios because boys playing around with guns in buildings isn't that expensive. Roll 'em around in a little anti-gravity, spend where you can. Just a pile of meaningless ugh, where people somehow don't get shot if they're the good guys and a nauseatingly emotional score tricks watchers into thinking they're watching something meaningful.",3
Inception,"That they are NOT light-weights and could act. Leonardo DiCaprio is no longer the pretty young thing he was in ""Titanic""--his maturity and grit were welcome. Also, seeing the kid from ""Third Rock"" suddenly playing an action hero was great--you'd barely recognize him--or the.",3
Inception,"This is another movie that also disappoints. Is it good or great? It's neither.

The only positive I can say about this movie is that there is a good cast.

I don't think that the movie is original, though.

So, if you're expecting an action-packed movie, then I think that you should avoid this one as well. It's not well made.

There's enough poor dialogue, and the action doesn't save the movie in my opinion.",3
Inception,"Gross defects: 1) I can't hear the dialogs. Sound effects and background music are markedly louder than dialogs. This is a gross technical deficiency. You need to rise the volume way too high to obtain audible speech. That's probably alright if you are in a theater, where loudness isn't a concern. Very few movies managed to have such a gross audio defect.

2) Pompous digital video effects like cars exploding and firing guns are shamelessly unrealistic. Shot the gun: no recoil at all. Car explodes: only a fireball superimposed, not a glass broken, nor the car moves 1 inch. Seriously? Unpleasant plot and storytelling for the rest. IMHO.",3
Inception,"This is an awful movie and pretentious by trying to make it so hard to understand it has to be explained. the entire concept is well, rather silly- i am always amazed why science fiction beliefs are lauded and supposedly intellectual-to me sci fi is the same as believing in any fantasy--fairies, the para normal even santa claus-- all illogical. this movie is a prime example of that.",3
Inception,"May I be wrong for saying too many votes for this one... Really didnt shake the boat, standard fare that seems to be well loved yet its not a true great film that deserves all this attention.. Overrated.",3
Inception,"This movie is a long waste of time. It's all about special effects and confusing plot twists. It's idea at the basis is understandable but they go about carrying it out in way too convoluted a manner and get carried away with plots within plots. It makes The Matrix seem like child's play. Save your time and money and watch a movie that makes sense and is enjoyable. I just got my review back and it said I had to be long, like this movie, and review it with at least 10 lines of text. How much more can I say about a movie that wasted 2.5 hours of my time in the theater and now requires I waste more time in reviewing it? I have never cared much for Leonardo DiCaprio as an actor and his only redeeming feature was his work for the environment and involvement with the movie (scarely seen by anyone) entitled, The 11th Hour (2007). That is a movie I do recommend watching. Other than that, he did 'ok' in Shutter Island, a movie which is far superior to Inception.",3
Inception,"This is one of those movies who make things unnecesarily complicated in order to impress.

The plot becomes more and more complicated, until you realize they are just messing with your mind.

So all you care from then on is when this movie will end.

The cool CGI effects are just a few minutes: the rest is just pseudo james bond style garbage

A pseudointelectual movie for the pseudointelectual people",3
Inception,"I felt awkward for the entire time feeling like the setting appeared to be somewhat childish rather than futuristic, perhaps the messed up visuals in the dreams, obvious goal settings like some kind of a game or something. I don't know the original story but I didn't like the vibe from it that looked to me hinting too much for the audience to follow. But overall, it was nice to see a film DiCaprio was starring in. The female casting was a little disappointing, none of them came with the image of DiCaprio film if it is fair to say so.

The latter half was more exciting as I could connect the dots scattered in the previous scenes. The thing is that I just saw it for the first time in life and it is already 2023, which might be why a lot of it felt a little off.",3
Inception,"A very boring film, too long and without any emotion, very bad.",3
Inception,"This aims to be Memento, but Nolan hasn't been able to produce anything with as much depth as Memento since his second film; I understand that would be difficult to do as I'm a huge fan of Nolan and Memento. This story however is extremely hallow and full of unnecessary action for the sake of action. This is pop corn; this is bubble gum. Inception doesn't come close to depths of Memento. This is a very good action/sci-fi movie, but not a great one at that. It was made to sell a lot of tickets and a lot of popcorn, but there is no other reason this film exists much beyond that. To try and pass this off as a deep film is an insult to many filmmakers that came before and are still around now. It's even an insult to Nolan's own Memento. This movie is based around a trick. And maybe it's even a good trick. Maybe it's not? But in the end, it feels like I watched this for the same reason I would do a crossword puzzle or a brain tease-to have an entertaining mental challenge for a brief moment, but this movie doesn't go much beyond that. I didn't care about the characters, if Nolan wanted me to care about these characters he would have spend more time with the characters, gone deeper into the relationship between DiCaprio and his wife, but instead he spent more time with silly mind tricks and mindless gunfights so that you'd spend more on popcorn. This movie insulted my intelligence by thinking that I'd be wooed by this empty, hallow mind trick.",3
Inception,"Extremely conplicated plot, with forgettable characters and performances. Next.....",3
Inception,"Christopher Nolan's follow-up to 2008's megahit The Dark Knight was rumored as many different films that had been seen by no one. ""This film is revolutionary!"" ""It sucks!"" ""It's dumb and pointless!"" ""It's amazing!""

And having finally seen Inception, without many expectations, I can tell you that if you were to see one film, for the remainder of the summer, you should make it Inception.

Inception has a lot going for it. Its cast works wonders, because every actor brings something fresh and new to the table. It never feels outdated, or irrelevant. It's original without being idiotic. It's intelligent without being implausible. It doesn't take its extremely layered plot too seriously, and there's one thing that really separates it from any other summer action flick: It requires a great deal of thought. You don't know where it's going next. Once it pulls you into its clutches, it takes you on a ride that is unlike anything you've seen on screen in years. Its ending will be debated, analyzed and picked apart by many film snobs across the world, and it's a film that doesn't just deserve, but requires multiple viewings. It's a hell of a lot to take in at once.

Now, in any film review, a reader would like to know what the piece is about. This one's plot is better left unsaid, because the first viewing is enough to leave the audience in utter awe. However, I'll do my best to at least give you an idea.

Leonardo DiCaprio outshines any of his previous works, playing Dom Cobb, a thief who is proficient in extraction (going into a subject's mind, during dreams, and stealing their ideas, and using them against them), who is embarking on one final job before he can retire, and go home for good. Instead of stealing a subjects dream, he and his team decide to do the opposite. Not to steal a dream, but to go into a person's subconscious and plant an idea.

Joseph Gordon-Levitt, of (500) Days Of Summer fame, and Ellen Page, of Juno fame, Marion Cotillard, of Nine and La Vie En Rose greatness, Ken Watanabe, of The Last Samurai, Cillian Murphy, of indie film fame, and a few legends (Michael Caine and Tom Berenger) are the heart of this film. There is truly great acting all around. Everybody brings something new to the table. Each character is richly detailed, and multi-layered. Nobody is really who they say they are. Gordon-Levitt, Page and Cotillard are a few of my favorite actors of the current generation, who haven't had their ""big breaks"" quite yet. They've had a few parts that they're semi-well known for, and this film is a fabulous transition into mainstream cinema. That's because this is an art-house film that is financed by a major studio. That's the beauty of it. Insight, intelligence and uncanny originality are things you don't see in movies anymore. It's a breath of fresh air to see something as unique and interesting as this.

But, at the end of the day, it's Christopher Nolan's genius ideas, smart script, elegant direction, and masterful artistry that make this picture what it is. This is a film that I could picture the writer-director losing his mind over. It's his story, it's his game. He invents a world that you've never seen in any type of film before. It's reminiscent of The Matrix, and the early James Bond pictures. It creates its own metropolis, and its own rules. It breaks the rules of conventional American cinema. And thank god for that. Inception is one of the best films so far in 2010.",3
Inception,"This movie has come to the cinemas as THE blockbuster. It is somehow nice to watch and the staff is top notch but, oh, it is such a pity that this is it. The idea behind the plot is old (Freud would have had a lot to say about the director) Trying to connect the idea of multiple levels of subconsciousness with special effects etc to satisfy the today's everyday cineaste's desire for watching a utilisation of whatever is possible with the right equipment makes it an ""innovative movie"".Considering the exhaustive explanations about how it works and why we need an architect and how we are going to jump to the other level and why the hell killing myself in the second level just does not wake me up but leaves me in the limbo...does anyone of you have to be killed in your dream so that you wake up? Who remembers their dreams in such a detailed way? Who imagines entire cities including pedestrians, traffic, side streets and a weather so awful just because you drank too much water before you went to bed? did anyone of you think while watching the movie, did anyone think: yes, this may really be a dream, and it makes me want to dive into a deep conversation with my neighbour about my existence as a projection of the real me that is actually caught in the third level of last Friday night's dream?

When I watched the movie, the different dream levels simply reminded me of the Hollywood director's desire for pushing as many stories and sceneries and action elements in a movie as possible but yet trying to satisfy his own independent movie director's desire to link the whole thing to a sophisticated and intellectually stimulating plot. But I would imagine (choice of words is twisted I know but it is not my mother tongue!)that dreams can somehow be differentiated from reality, and, except for the dead wife reappearing on every level, they just put some simple hotel lounges and james bond like snow castles onto the screen. And, oh, the characters...Cobb is the only one with a background story. The others seem like extras needed to somehow push a little sense into the storyline. Or needed to point out the senseless subconscious craziness: a dreamscape fully designed and thought through by a prospective architect as a playground for the extractor who seems to end up in the Limbo where he finally finds the 'real projection' of his wife Yes, it may have made people think about what is real, what is just imagination...and those who missed the first introductory part of the movie may have been confused when it came to the dream within the dream within the dream and the roundhouse kick as a wake up call. but it was still these people who left the cinema and said: well I am not sure if I understood everything, but this movie was awesome!! I think a difference to Memento, which I found awesome, is that the world of Inception is just ridiculously overblown of intellectually touched ambition, it is a movie that is superficially insightful but is in fact just not worth it to think about. You try so hard to concentrate and not to fall asleep when it comes to the 53rd level of subconsciousness. And there is no surprising and elucidating moment, that a good movie needs, just a little bit of complexity to catch up with.",3
Inception,"I am not giving this a bad review for any other reason than because it absolutely sucked.... Would have rather watched the Book of Eli than this...

I went into the movie theater with an open, clear mind, ready to watch Inception. Well, let me tell you I was let down. The movie did not keep me interested the least bit. There was too much time for people to babble on screen and I felt the chemistry between the characters were lacking. The action scenes were even mediocre... I mean common, how could the CGI and action be so bad coming from the director of Dark Knight? I'll tell you why, it's because he can't top his last work and I am sure he won't be able to with any other movie he directs. The things the movie business will do to get our money... The whole idea of the dream world was cool but, It could have been taken even farther. There were so many scenes where I was just saying, ""Well, that doesn't convince me because of this flop, or this mess up the director failed to notice. Leo did an o.k job in the movie but i swear, it was just lacking something.... Oh yes, entertainment!!!

I suggest going to see Despicable Me or Predators (rather Predators) because this movie is a flop. Wait until this comes out in your nearest dollar theaters.

On an ending note, I saw this on opening day and half of the people in the theater were booing at the end a couple walked out during the movie.",3
Inception,"What a hot mess from The opening bell. How this got such hi ratings is a complete mystery. From the first minute you are shrouded in complete confusion. I watched it twice just to make sure I didn't miss something. Nope didn't miss anything except a decent movie. Graphics were good but the story is all over the place. If confusion is what you want,this is perfect for you. 2.5 hours of utter jibber jabber.",3
Inception,If this story was so compelling and thought provoking why was the word dream mentioned over 800 times. The only thing this film had going for it were the special effects which were excellent. The cast and acting were solid but you didn't care about any of the characters because the story was so convoluted despite the performances. The audience which were all SAG members were laughing at the end because it was so ridiculous trying so hard to make sense of the impossible. Long at 140 minutes maybe okay for special effect junkies but that's it. You wanted so hard for the story to stimulate the mind but that was an exercise in futility.,3
Inception,"I was disappointed. I had great expectations from the film and I was let down. The story was predictable, nothing was left on viewer's imagination, the constant talking and explanation(in any single scene)was unnecessary. The techniques of direction were pioneering, but the story lacking of depth. The development of the character's personality was short, as a result the lack of connection between the movie's characters and the viewers. I expected more silent scenes and less gunfire. Nollan, this time, was arrogant,underestimating the viewer's mind. The move was like a ""blockbusterous"" imitation of memento. It was nothing new.

I found myself sleeping after the break. When the movie ended ""I was old and regarded"".",3
Inception,"Hate when this happens, as it did for Fish Called Wanda when everyone else in the universe loved it.

Husband and I went to see last night, all excited. Last 45 minutes (after they for no reason I could figure out went to the snow world with more guns blasting) such a total bore, on a par with my old corporations class. We both considered walking out, could hardly make it through.

Interesting original premise. Dreams are fascinating, unexplored realms. But the movie made by one with little talent for screen writing/moving making --to me -- needed some breaks in the action (see Shakespeare), and some much needed explanation such as how they started from the first moment being able to be in each others' dreams. And the little girlie -- ""super architect?"" Silly. She had no role. All the constant shoot-em-up--unnecessary--and headache-inducingly noisy. This could have been interesting if not combined with some modern day cowboy backdrop -- more story, less frenetic action.

In short -- what on earth has everyone so excited? Heard someone outside the theater after discussing from which I concluded it's like the emperor's new clothes, no one wants to criticize for fear of seeming stupid. Well, stupid here. This sucked.",3
Inception,"This is one of the most hyped-up films in recent memory and I feel exactly the same way after I saw The Hurt Locker. Don't believe the hype - make up your own mind. I am a fan of Christopher Noland and DiCaprio and think Juno with Ellen Page is one of the most original films I have ever seen with her outstanding performance. But Inception is, please excuse my language, simply a gargantuan piece of crap. Illogical plot, weak acting, a plethora of unnecessary, distracting violence - the film never did it for me. After less than an hour I wanted to leave the movie theater, were it not for a niece evening with my wife in the unique and great Moolah theater in St. Louis. Simply disappointing and I just cannot believe what I read in the other reviews. Did you see the same movie?? Did you write up what you wanted to see or what you actually saw? Number #3 on the list of all-time greatest films?? Give me a break.",3
Inception,"This film is unremarkable, as for me, the plot is rather one-sided and not surprising.

Absolutely nothing catches, from the idea to the acting.

No wonder DiCaprio did not receive an Oscar for so long, because he was not ready for it with such acting data.

The film itself is boring and hackneyed.

I do not recommend viewing under any pretext.",3
Inception,"When a great writer/director like Christopher Nolan does his own thing, you can only expect mind-blowing spectacle. And I was shocked, but not in a good way. I was shocked at how inconsistent the plot seemed and how boring the characters in the film were. I don't doubt the idea of the film and I understand why many people will like it, but this is not a film I would put my money on. This movie lacks intensity, and the many different plot aspects are so poorly put together that it feels like you'd rather watch ""Room."" I truly believe that Nolan is much better at films where we have a lot of source material. That's where the man really shines.",3
Inception,"I was very excited to watch this movie, as i sat and watched these losers go to all this trouble to do some pointless mission, when they could have easily solved all this without going in someones dream. I just thought the Whole movie was over the top and i didn't care about any of the characters and o wanted them all to die, especially Juno. The story was stupid, no character development, everyone is afraid to say that this movie is boring and that people are still obsessed with that moronic dark knight movie. I think that if people would stop being so dazzled by special effects and watched the movie for what it really is they would see its just stupid and boring. If he knew how to make a good movie he would make it shorter. My main problem was that it was long, and everyone in it was acting poorly.",3
Inception,"I have some advice for intelligent people who wish to see a great film about dreams...Watch Mulholland Dr. Instead.

I found Inception to be a strange animal, it's almost like a film that has been aimed at cretins to help them feel as though they are intelligent.

As far as having my mind blown I found myself still waiting for the ""Blow"" as the film wrapped, following two and a half hours of dull exposition, lacklustre performances, and cliché after cliché all dressed up as the ""next big thing"".

I am by no means a ""Nolan hater"" he has made some very solid films up to this point and has real talent, I also do not blame him for this offering as he obviously thought it was good, I blame the easily pleased and intellectually challenged people who have hyped it up to be something it clearly is not.

The 3rd greatest film of all time?...Give me a break.",3
Inception,"If you must watch this caper then I would recommend you watch it as if you were watching a comedy. At least then its tolerable. As you watch just imagine the delirious brainwashed mind salivating at the infantile plot. Titter away at the scenes and dialogue they perceive as intellectually gigantic (easy to spot). Guffaw at the endless streaming dialogue intended to inform their low IQ brain what's going on (otherwise they wouldn't have a clue, guaranteed)

I have no complaints about the acting or the production in general. I do however have to complain about the annoying score which was terribly loud. At times it was so loud it was actually painful in the mid range.",3
Inception,"The trailers of this movie were great, especially the second one (look for it on youtube). Great, dark score, mysterious story, superb special effects, and two great actors.

The problem with the movie is, the trailer lasts little longer than 2 minutes, the movie lasts over two hours, and the time is wasted -- there is no mystery here. All good parts are in trailer already, the movie adds only ""surprising"" twists, but they are not surprising, they are just like deus ex machina alterations. The characters could even speak foreign language, it wouldn't matter because there is no cause-effect chain here, most events are incoherent.

The movie repeats itself (how this can be interesting?), the moral struggles of the characters are rather shallow and predictable, and with constant shifts (now let's try something completely different) it is so unreal (not in sci-fi sense) that I didn't even care. Sure, unreality works for Terry Gilliam because he uses tale scheme, it worked for The Matrix because it was futuristic message with ancient background, it worked for Monty Python because it was comedy. But here? What it is? Monty Python seriously?

Speaking of The Matrix, it was 11 years ago, when my mind was simply blown away. Inception didn't even manage to get me interested. You want a fast paced action thriller, watch The Kingdom (2007), want a masterpiece of suspense you cannot wait for solution, see The Ghost Writer (2010), you want an insight of the mind, see The Matrix, again (1999).

Inception just will make you yawn. It is not even the execution, there was not any good idea for a full feature movie in the first place. The Matrix succeeded because it explained the whole mechanism and all pieces of the puzzle fit. Trailer of the Inception explains the mechanism well enough, there is nothing left to explain in the movie (and additionally, because of the nature of those two movies, there had to be a lot of similarities, and there are).

I rate it so high (4/10) because I like main actors (yes, Ellen Page is cute). Every movie rating is a matter of taste but anyway I am totally surprised Inception is #3 at the charts, my advice -- look for something maybe not that fresh, but really solid, the one I mentioned above or Nothing but the Truth, or Syriana, or Body Lies, or The Departed, or (if you prefer something lighter, for summer), The Shooter, or... ;-D",3
Inception,"Putting aside the fact C Nolan is not one of my favourite directors (far from it) I was quite excited to see this title; with its strong cast and amazing SFX.

However after 2 hours I was struggling to keep my eyes open and I found myself thinking; wow Mr Nolan has done it again. He's made a film thats far to long, pretentious, dumb and take itself too seriously. Obviously lots of other people won't agree with this statement and I have no gripes with your opinions, but for me I got zero entertainment due to 3 reasons:

1- Though I didn't mind the plot concept, I though the execution of it was poor. Just like TV series Lost; where after a while you felt that there was no plot direction so the writers just added twists and 'made up' concepts to create a solution for the immediate plot obstacle or inject some life to the story. The kicks, dream in a dream, time slows down by half. 2 - Are you a tourist in a foreign country, no? I noticed that a lot of people comments that they found the film confusing/intellectually challenging, but I realised early in the film (and maybe for my own misfortune) that if you slowed the dialogue down; you would notice that the plot is very simple and actually quite dull. What Nolan did was treat you like a tourist in a foreign country where you can kind of understand the language but due how fast everyone talks; you cant quite grasp what people are saying and adds to the issues created in point 1. 3 - Its all based in someone subconsciousness, therefore no one is in any danger so where is the real excitement??!?!?!?!?!?!?!?

3/10

Its boring, stupid concept and makes you feel stupid for no reason through directing arrogance.",3
Inception,"This movie is:

Weird: While this is a fantasy, movie there is not much in the way of internal consistency, or much of anything making common sense.

Repetitive: Oh, look yet another action sequence with supposed figments of an imagination manifesting as a generic shoot out, of course with generic ""dramatic"" music pumping... I was watching with two friends, one of which literally fell asleep some time during the last third of the movie. This is my biggest criticism of the movie - the action sequences don't really feel like they matter.

Overrated: It was incredibly hyped up at the time of its release. Sadly, it meant my expectations were perhaps impossible to meet.

On the plus side, it is a creative story you likely haven't seen anywhere else.",3
Inception,"After several weeks of hearing praise about Inception from friends, critics, and glowing reviews on IMDb, I finally gave in and took my wife to see it this weekend. I really wanted to love this movie as I am a huge fan of most Sci-Fi and Ellen Page. My wife usually loves Leonardo and Ellen.

We could not have been more disappointed with this train wreck of a movie. We were both bored and ready to leave the theater after the first 45 minutes but stuck it out till the end hoping for something good that never came. We agreed that it was one of the WORST films we have ever seen in our lifetimes.

Yes - we did GET the gist of the convoluted plot, but the dialog and visuals were at times laughable and silly as Christopher Nolan force-fed the audience with course after course of nonsensical explanations of how dreams work, their layers, and the non-specific techniques the poorly defined characters would use for ""extraction"" and their ""inception"" caper.

I felt zero attachment to any of the characters in the story and didn't much care about their fate. If you've seen the trailer you've seen ALL of the cool special effects nearly in their entirety. The much-ballyhooed scenes that involve floating people were just ripped-off variations of similar scenes from The Matrix series.

The only explanation I have for the popularity of Inception is my theory that more than 70% of theater audiences fell asleep during the first 10 minutes and dreamed that they saw a good film.

If you want to experience excitement in dreams, just lay down and take a nap. Don't waste your hard-earned cash on this boring mess.",3
Inception,"Nolan gets lost/off in the baroque intricacies of his ""mind-bending"" plot at the expense of pretty much everything else. The talents of the many excellent actors thrown together to create this pretentious, money-sucking crap are simply wasted. Don't expect any fire from these pieces of wood.

Nolan asks the viewer to turn his brain on just enough to try to follow the idea (you have to suffer through an unbearable amount of exposition), but then hopes that enough action, effects and oppressive soundtrack will stun that same brain into not questioning the ridiculous character motives, sloppy plot contrivances, and breaking and bending of his movie's own rules. If you feel like you haven't heretofore been sufficiently crushed by suspension of disbelief and reason, then this is your movie.

As an aside, the movie felt like a converted book or graphic novel and it's likely this non-existent original medium would have allowed for a more credible attempt at floating this turd.",3
Inception,"I have a pretty high standard when it comes to the re-interpretation of dreams (or the workings of the mind in general) by filmmakers which is likely due to the fact that I myself am a dreamer. There is nothing more irksome than these half-conceived, mostly contrived dalliances that are gobbled up by the ever passive viewing public as if they were shedding a bright light on the subject. I could go on about how not one of the characters is developed enough to overcome the films main flaw of not being LIKE A DREAM or how Nolan couldn't seem to make up his mind which movie to make; the more psychologically gripping tale of multiple lives lived in an endless cascade of dreams or the non-stop, high octane espionage tale which would have been super fun if it had actually taken place IN A DREAM (but keepin' it real, the action sequences we did see were pretty standard). I won't, however, because I can't let go of the glaring inadequacies of Mr. Nolan's literal, linear, unimaginative, and perhaps disinterested efforts to delve into the dream world proper.

While walking out of the theater, I got into a quick chat with another member of the audience. I stated that, :in the main the film was predictable"" and he replied, ""I think it was supposed to be"". Really, since when are dreams predictable? Mein Gott! We're getting soft. People, we're not supposed to walk out of a movie concerned with this both known and unknowable subject matter rock-steady. On the contrary, we should all be wearing deeply puzzled yet deeply satisfied looks on our faces as though we'd been led across some great gulf and left there to work our own way back.

The takeaway message here is that it takes more than the latest CGI to deliver a reasonable simulacrum of the sub-conscience. And for the proof of that remark one need only look at the work of Michel Gondry and of the master, David Lynch. Your mind will reel indefinitely.",3
Inception,"My wife and I fell for all the hype and went to this monstrosity of a film. I tried very hard to ""get it,"" but my wife just fell asleep. I appreciate the objective of venturing into the wonders of Dreamland, but I've gone nighty-night every night for nearly 63 years without ANYTHING remotely resembling any level of any of the dreams portrayed. My first problem with the film was the basic technical premise of one person being able to get inside another person's dreams. OK, I was willing to accept the concept on faith, but here you have a bunch of supposedly brilliant characters explaining it to each other, and their explanations lurched between ""sophomoric"" and ""incoherent."" Then, accepting the dubious premises of the story, you have this idea that the dream compresses time as compared to reality, so the dream within the dream compresses time even further, and so forth. OK, I'll buy that, but the EFFECT of this is that when we're two HOURS into the movie, suddenly everything is going VERY slowly. We watch that van falling imperceptibly toward the water, and although there's a lot of hyperkinetic action going on at the other levels, my wife is sound asleep and I'm asking myself whether it will take all night for that damn van to hit the water so we can all go home. And while all this is going on, who within the story do we really care about? The dead wife? The cute chick who was supposed to be so smart, but just kind of sits there and doesn't do much as the plot unfolds? The rich guy whose brains are being used as an Interstate Freeway and shooting gallery for some other rich guy's advantage? Leonardo? Forget it. He's like Captain Ahab chasing the whale, but at least Ahab had the good grace to go down to his death with the whale. The only ones I could empathize with were the two little kids, and they've turned their back on their father. I don't blame them.",3
Inception,"I thought this movie was going to very good and had to wait a few days for it to show up available at the Red Box kiosk. I rented a second movie as well and put that one on first in anticipation that Inception would be my ""special"" movie of the evening.

Well, it was not special at all. I quit about halfway through. I kept thinking to myself that everything you saw must be a dream and maybe it was but I could not sit through the whole thing. All of the criticisms have been levelled at this movie already and I won't repeat them and just add that I endorse those that happened before half of the movie was done. I did enjoy Momento but not this load of tripe.",3
Inception,"I suspected that the rave reviews for this movie came from mostly teenage/young boys, and that seems to be the case based on the polls. In fact, this movie is essentially impossible to follow, and worst of all, you won't care about a single character in it--not really, anyway. There is no drama, there are simply empty characters mouthing nonsense about dreams and dreams within dreams. It steals from the Matrix and other movies, and does a far worse job with similar material than those better movies did.

Perhaps the first full hour or more is little more than chat that is full of hot air and psychobabble but that probably a lot of people in the audience don't bother thinking about. Everyone's waiting for the special effects, which do come along, but when they do, you probably won't care what happens or for that matter, even know what is happening. Vans falling from bridges, a snow fortress under attack--why? What? No matter. You'll be led to believe this all Means Something, but it doesn't, and worse, you'll feel nothing too.",3
Inception,"The film is everything, that Hollywood almost always does wrong; It is technically brilliant, but that's all there really is. There is a huge rush to every new ""turn"" on the plot, which in reality is repetition of the first ""turn"" all the way through. This film has one little idea stretched to 2½ hours. There is nothing surprising during the whole movie. Within the first ½ hour, you'll just know exactly what will be. Very, very boring.

The characters are just paper images that do not have a single feeling showing from their faces through the whole movie that you could relate to which would be necessary to make it all even a little bit credible. The acting is very shallow, acting is marionette like; it just serves the goal of a very mediocre director. This is a action movie and not even a decent one. The excuse for constant gunfire and violence is one of the most miserable i've ever seen. In a dream everything is like a action movie all the time!?

The custodial path the director takes to explain everything to the audience is just ridiculous. And the rules the director so carefully explains doesn't even concern himself! It seems to me that this movie has been tailored exactly for the target audience of 10-15 years old teenagers who do not care about any foundation. Just for the sake of the limping plot he decides when to follow the rules and when not! Example so that the fans don't have to bother them selves to think; The wake up method; when the van falls, director just decides, they do not wake up (althoug it is earlier made very clear, that this (feeling of falling) is a rock solid method to wake up the dreamers), because he (director/writer) isn't ready yet, so we'll just wait for the van to hit the water, oh my... This just is one of the most embarrassing moments in the movies ever, it destroys the whole idea once and for all.

For technical merits, including the apparent complexity of the film, which only consists of couple of parallel dream layers, otherwise it totally useless to search any complexity or layers from the film, they are purely superficial and then the special effects and staging(which are nothing new by the way) i'll give this 3/10, other than that there is really nothing to see or feel about this disaster of a film. Compare to Matrix, which also trips up with it's own cleverness a bit but still manages to transmit the feeling and idea, even a bit philosophical one, to the audience. Something the ""Inception"" never managed to deliver.",3
Inception,"I confess I saw this flick at the theater the day it was released because I had seen the trailers and believed all the hype.

Its been a while since seeing the movie, here is what I remember. Its full of amazing special effects, and begins well and I remember feeling that it was going to be a wonderful movie. However, I left disappointed and angry that my hard earned money had been wasted.

Who the heck voted for this garbage movie to be on this list of ""Best Movies of all time??? Morons who haven't seen any of the hundreds or thousand of better movies than this polished pile of fecal matter.

The plot is too slow, there's too much emphasis on special effects, and although the concept is somewhat original the movie could have been so much better had the dialogue/dialog been more interesting and believable.

Maybe, I am in the minority, I just hate this movie, and I don't like that fact that its gets so much praise! Do you people really think this is one of the best movies of all time?

It should not even be in the top 100 much less the top ten!

Don't see this movie. It's 128 minutes too long with only 2o minutes that is actually worth watching!

Don't waste your time with this garbage.Do something more productive like reading a book, clipping nose hairs, vacuuming a beach... anything other than watching Inception

Good Grief!",3
Inception,"The last I checked this movie was the 13th highest rated on IMDB. It is held in high regard by many critics and was even nominated for Best Picture. Combined, this makes Inception probably the most overrated film of all time.

If there's one redeeming feature for this movie it is definetly the cast. Featuring: Leonardo DiCaprio, Tom Hardy, Marion Cotillard, Ken Watanabe, Tom Berenger and many others even Sir Michael Caine.Inception has a cast that gives you high hopes but unfornutaley, it fails to deliver.

Inception's overcomplicated plot eclipses those of films such as The Lady From Shanghai, The Big Sleep, and even Nolan's own Interstellar. Inception chooses to disregard all known logic for an absurd, confusing, and ridiculous plot. There is no part of this film that even remotely resembles real life-which can lead to problems including but not limited to: bordem,irritation,and utter bewilderment.

Of course merely baffling us with a muddled and indiscipherable plot isn't enough.Christopher Nolan tests the limits of human intelect inundating us with farcial CGI action sequences and set pieces.

The film is also riddled with mediocre bordering bad dialog and directing from this era's finest auteur. For those who despise logic, love nonsense and don't care about quality filmmaking-Inception is the film for you. Otherwise, stay away.",3
Inception,"First, let me say that ALL the Actors, but one, were fantastic, and the one that wasn't, had a language/enunciation problem. (half the time he spoke you couldn't understand what he said)

But good actors (and believe me they did their damnedest!)can't make up for a wandering script with poor suspension of disbelief.

Just when something needed expounding or explanation, the script would jump to a different scenario.

And the sound!

I guess the editor thinks that when you push the volume, no-one will notice how the villains (the ""projections"") have no identity (individually OR in groups) for the audience to hate (OR love.)

So loud during the bombings and shoot-'em-ups, I had to plug in my ear- buds.

This movie could have been the best of the year with INTELLIGENT rewriting, editing, and minus the actor with questionable language skills.

Instead, it was nonsense.

I can not believe IMDb's 9.2/10 rating. I smell a rat. I guess if Congressmen and Senators take bribes, why not IMDb ""payola""!",3
Inception,"I'm tired of hearing everybody say how original INCEPTION was. The dream concept has been going on for decades before Mr.Nolan even had the ""genius idea"" of Inception. Being a woman, the first time I watched Inception, I went along with all the cliché James Bond scenes (remember the skis and the guns of -The Spy Who Loved Me-?) and the over dramatic acting because of DiCaprio's facade. The second time I watched it however, the defects of the movie became apparent. The second time I watched the movie, I became disappointed. Believe me when I say I wished I shouldn't have done so. With the power invested in me by IMDb I graded Inception with a five out of ten because, setting aside the fact that the movie was a copycat of so many other projects, Mr.Nolan did a beautiful job with the scenery.",4
Inception,"It is shocking to me sometimes to sit and watch these kind of movies. for starters, it's obvious that the only thing the script writers could think of is the dream concept, nothing more. so, if you have one idea, why not use it over and over till every one thinks it's clever? so the story is basically about a guy going into another guy's dream, then into a dream within a dream, then into a dream within a dream then - you guessed it. it's not smart, and without it, i doubt they could have gotten more then an hour out of this story line, but add the ""awsome complexity"" (for a 2 year old monkey) of a dream within a dream and they got a 2 and a half!! hour movie.

now to the acting - doesn't exist, sorry. some how, Leonardo D gets more movies although he can't act. the side kicks next to him learned the trade quite fast and they too don't believe in acting. in fact, the only acting you get through out the movie is when you see the extras, they were great. why not shoot leonardo and replace him with one of the extras? good question

that being said, i would recommend watching it once, for the effects and shooting, that's all this movie is good for. and please, don't think it's a smart movie, that only makes you look like an idiot",4
Inception,"Very disappointed in this movie, thought it would be good, but to me it was just a run of the mill thriller, which was more concerned to produce thrills and violence than play around and delve into a very interesting theme. It makes me quite sad to see this movie is one of the highest ranking movies, it shows the mindless thrills that the general public have come to believe is what a good movie is all about; the movie was like this because that's what the people want. Could have been really interesting, could have been so many things, but the movie seemed more interested in trying to get as many shootings and face punching as possible. It seems nearly all popular movies have to have these ingredients or they can not be popular, sad.",4
Inception,"Nothing but special effects, boring plot, and lame acting. I will never see this silly film again. Save time and money and watch ""Dark City"" instead!!!",4
Inception,"Potentially amazing but in the end, infuriating. Was glad when it finished. I nearly called it a day a few times during the first hour. For such a complicated film the muttering dialog really didn't help in understanding this film. It seems like there was so much that should have been omitted as it had no bearing on anything. Just frustrating and boring. How it has the rating and plaudits it has is a mystery. Like it's plot.",4
Inception,"I think my biggest issue with this film was, to me, the dreams weren't very realistic. In a sense that, when I dream, they're nothing like it is depicted in the film. This annoyed me! The dream sequences are very Hollywood stylized.

Don't get my wrong, the acting in this film is superb, with names like Leo Decaprio & Joseph Gordan of course it would be. The special effects are also quite incredible.

If you want to watch something that, in my opinion, realistically depicts how we actually dream. Give Joss Wheadon's take on it a look. Its spot on in Buffy The Vampire Slayer - Season 4, Episode 22 : Restess.

I gave it a 6 as it is a well written and well executed film. Great if you want to watch something that will make you think long after.",4
Inception,"Years ago I thought vagaries of the weighting algorithm caused this movie to appear with such a high rating. As it remained almost static in top fifty lists around the internet, I had to go back and watch it a third time. It is as if a secret Franz Kafka Philip Dick Thomas Pynchon alternate reality quest eludes me and I am failing to hear the post-horn. I remain baffled.",4
Inception,I watch this move from in the movie whilst drug. fun? 10/11,4
Inception,"Had heard so much about how brilliant of a movie this is, we decided to stream it tonight.

What a hot mess this movie is. Its plot tries to mimic the sweeping complexity of The Matrix, but goes way overboard with excessively ""smart"" sci-fi dialogue. The characters, despite the skill of the actors that portray them, are just not very engaging or memorable.

The special effects are great, but these days it's pretty much a matter of phoning it on to get great special effects, so no points awarded for that, folks.

The raves of the professional reviews is truly a mystery.

We had to pull the plug halfway in. Would not recommend this movie.",4
Inception,"Finally went to see Inception, since everyone and everything was telling it was a great movie. By the end of the show I was thinking: ""woah, great flick"" then as the adrenaline wore off, I kept thinking ""seriously???"" and the more I thought about it the more I hated it:

It has a non-existent storyline: If you ask yourself what this movie is *really* about the answer is absolutely nothing, but that it may be OK, some nice movies are this way (pulp fiction, for example)

But then, it has the shallowest plot I've seen in ages, with flat characters chopped out from wood: not a memorable line of dialogue, not anything that really says anything about some of the characters. Nothing

And finally has such an overly played out underlying philosophy that is embarrassing, already explored 10x better in movies like Exsistenz, Matrix and so forth

So, Mr Nolan having to deal with high pressure nothing, decided that the only way to handle this movie was overcomplicate it, hence the dream inside a dream inside a dream inside a dream, with the open and questioning finale.

Basically a multimillion cinematographic gimmick.

In hindsight, memento is not that much different, just another different gimmick, but at least was fresh enough to be interesting.

Anyway enough negativity, on the good side this movie is a very nice adrenaline ride with a great timing and the usual Nolan's good cinematography, and too many gunfight and will keep you interested enough till the end.",4
Inception,"I was so excited when I first saw the cast, but what a disappointment, I really don't get it why the reviews is so positive about this movie!",4
Inception,"(Not sure if this is considered to contain spoilers, so I checked the box. Read at your own risk.)

First of all, I'd like to thank all those who wrote the 1-star reviews. The ones I read were hilarious! Thanks for the laughs, and I mean that! Secondly, my review is that the movie isn't so awful if accompanied by several Cosmos and you only paid six dollars for the ticket. If only I'd remembered to bring a Snuggie. And hadn't eaten so many mini-corndogs. Plus popcorn. Let's just say I did not dream too well last night.

**Comes back after Preview.** What? I have to write ten lines? OK. I think I have discovered part of the problem. One must create something based only on length, not necessarily content, thus, the inception of Inception, to wit: Movie studio: This screenplay will only compute into a movie that lasts fifty-seven minutes. Screenwriter: Uh, really? OK. So I need to add something. I know! I'll make it a dream within a dream. Movie studio: At one hour, 23 minutes, it's still not long enough. People won't think they got their money's worth. Screenwriter: OK, how about a dream within a dream within a dream. Movie studio: By George, I think you're on the right track! And with Leo and Caine, we will rule the Academy! Don't give Caine too many lines, though, he'll want more money. Screenwriter: Gotcha.",4
Inception,"No. I could not help but think while I was watching this movie that others in the audience were being challenged with the plot more than me. An applause for the movie at the end simply stunned me. I believe that this movie was made for a 13 year old's intellect and if you are surprised what is going on in the movie you just didn't get it or something.

This is definitely the worst Di Caprio film I have seen (in a while. ever?), which sucks because I thought his acting in this movie was very good. The predictability of this movie was just too much for me. It was something mixing the idea of a world within a world(i.e., Matrix etc...)and the ridiculousness of a movie like ""National Treasure 2."" I suspended disbelief for this movie, but the plot was just extremely transparent and unoriginal to me. There was too much worthless talk in between action scenes, giving you too much information( A little less talk and a lot more action)...

I guess it will be hard for me to fight the 9.6/10 IMDb currently rates this movie at, but I had to get this out there.",4
Inception,"There's a lot of intellectual snobbery going on with fans of this movie. Everyone seems to think it's incredibly deep and crafted to intelligent audiences and that the only people who wouldn't like it are ""idiots who don't get it."" I understood it perfectly well and the idea of going into dreams is fantastic, but an idea doesn't make a movie. This movie failed to deliver a good plot, characterization, and most importantly the climax was one of the least interesting parts of the film! This film has all the ingredients to be great: Christopher Nolan, Leonardo Dicaprio, Ken Wantanabe... Unfortunately it ended up being more like a bad rip-off of the Matrix than something great.

The idea behind this movie is that people can enter dreams simultaneously through some sort of unknown technology/methods. Great idea until you get into the details.

Dreamers enter dreams are designed by ""the architects."" These ""maps"" were very ordinary places with the only exception being a few changes of gravity and a few extra special effects. My problem was that even if these dreams are designed, they are still dreams. The dreamers only addition is the ""projections"" which were all people who existed in the dreams. I don't know about Leonardo Dicapro and Chris Nolan, but my dreams contain numerous ""projections"" which are not only out of the ordinary, but often bizarre. The idea that somehow people are allowed to be created, but not anything else what so ever is pretty mindless.

The movie really went downhill when you realize that the team is on a mission to go deep into the sub-conscious of a billionaire who is about to inherit his father's company. Their goal? to split his company apart. Why? To make one of the characters more powerful.

The background story about the main characters life with his wife and the dream world he constructed with her is by far the best part of the movie. I' would have much rather watched a movie all about this then what Inception really was. The entire movie leads you to believe there the main character's story will somehow end up in a typical Nolan scene where something spectacular happens -it doesn't. The only thing that happens with his wife is exactly what you could have guessed as soon as you find out about why she acts the way she does.

The movie ended one that ended up being more of a cheesy action film then something with substance. What a waste! This movie was still better than a lot of the junk that Hollywood puts out, but after seeing Memento, Batman Begins, The Prestige, and the Dark Knight, I really expected more.",4
Inception,"Now we know what to do when we do not have a story but a bunch of bucks to make a movie: simply throw in some action, get Hans Zimmer in and make a whole lot of marketing efforts to get all of us dummies in summertime in the theaters and here you have Inception. What simply gets enormously annoying in the movie: every time you have the impression that the storyline is in a ""dream"", it seems that is a dream within a dream, and than that dream within the dream is in a dream...come on...!! Leanordo Di Caprio is splendid as always, the female co-actors are too dull for words. 2 stars for the action elements, 2 stars for Hans Zimmer and 1 for the effort,but no more, no more!",4
Inception,"I started watching the movie out of curiosity because I was searching for a high quality movie, quality is not what I found , instead a big waste of it, and of my time. In the searching of the meaning behind this movie I got lost, doing other things. Often boring i couldn't feel love in it, the character of Arthur is so dry to seem silly, the cocky comment ""paradox"", when he drops the ""subconscious guy"" from the roof, is the cherry on top. Di Caprio can bring some sense to the whole, props to him cause I couldn't. I stopped watching when the Architect girl( I don't remember the name, and I don't want to waste other time on this to search it) says that she projected the ""level"", in front of the guy they trying to persuade in thinking that they are only a projection of his own subconscious. L as Lame Movie, L as lazy subconscious guys, L as Let's do something else. This movie is a huge L, the only W stands for ""waste of time """,4
Inception,"I love a twist, sci-fi and some fancy photography. I was therefore really excited by the prospect of this movie on the big screen. I am really disappointed to see this film so highly rated. I found it very predictable and for long periods boring - the point was highlighted in the cinema by the number of people who went out for a toilet break. Don't believe the hype - if this is in the top 20 films of all time then grease 2 must be sneaking into the top 10. The concept is fine - the acting is fine, but it is nothing new. Just look towards any other within the same genre to see equivalent movies receiving scores far lower; even the mundane matrix is worthy of a higher score. If cgi is what you are after then fine - but it isn't even the best at that. I'm not getting angry thinking about it! Get a life and shame on those of you who score it so highly - watch more films!",4
Inception,"Really disappointing with a predictable ending.

Far too long - lacked intelligence and little real depth.

Derivative of 80's movie Dreamscape and later The Matrix among others.

Too much ego Nolan - nice technical effects but nothing new.

A poor script however the acting was good. They managed to keep a straight face throughout.

As a connoisseur of sci fi movies in general it really didn't hit the mark, probably because it wanted to be a mainstream film.

Could have done with at least 30 minutes cutting, the final third was actually boring and the endless action sequences just became a blur.

Don't believe the hype - this is yet another summer 'blockbuster' that fails to hit the mark, although obviously better than Prince of Persia, Airbender and the really garbage stuff.",4
Inception,"While the conceptualization in this film was better in some ways than the movies it can and obviously will be compared to such as the Matrix trilogy,What Dreams May Come, The Cell, Memento etc., Inception is a tepid foray into brain-twisting cinema. Though it was enjoyable to wade through in some parts (the high tension in any of the scenes that Cotillard's Mal appears in), over all it was a lackluster and vacuous failed masterpiece of the same ilk as a Thomas Kinkade painting. To wit: after you realize that those pretty glowing windows embedded in pretty little thatched cottages and dreamily lit street lamps are all the same cookie cut-outs, without context or variation, you are either irretrievably bored or just plain irritated by the time your brain wasted on this pretty patchwork of nothing - or both.

Most of the cast is just pacing the prosaic floors of patent ""decent"" acting against Nolan's backdrop abyss of homogenized scenery. Two notable exceptions to this were Marion Cotillard as Mal and Joseph Gordon-Levitt as Arthur. I found myself rousing to pay more attention when both were on screen. Cotillard fairly stole the movie (not a necessarily hard feat, given that the rest of the cast aside from Gordon-Levitt appeared to be sleepwalking through most of it) keeping one on edge waiting for (and hoping desperately for) ""Mal"" to return in some way to cause havoc. The name Mal is a complete symbolic stretch as the word ""mal"" in French means ""evil"" or ""bad."" Is Mr. Nolan attempting to moderate a Great Books club examination of symbolism in junior high literature?

Gordon-Levitt's Arthur is a cool character that screams of being secretly afflicted with OCD. He's definitely ready for more mature roles, but this film could not do his performance justice.

DiCaprio turns in a solid, if not slightly bland, performance. The role was clearly not much of a stretch for him and immensely less compelling than his performances recently in films such as The Departed, Shutter Island and Redemption Road.

My biggest issue with the movie is with the casting of Ellen Page as Ariadne. First, the character of Ariadne is even weaker and more limpid by contrast to the other characters. It is not the youth and inexperience of the unseasoned apprentice that is driving the weakness of the character. It is the character altogether and the way in which it and the corresponding dialogue was written. In addition (and this will no doubt be an unpopular assessment), Ellen Page has once again turned in an uninspired, wooden, robotic performance. Juno was perfect casting for Page and I enjoyed her in that movie in-so-much as she was practically playing her unflappable, sarcastic, pseudo-intellectual-underachiever self. Great role, but from what I've seen of her after that - a complete one-off. In Inception she appears asexual in contrast to Cotillard who fairly oozes the stuff of warm bodies and sexuality even in death and as a ghost of a memory. While the part may not have required Page to be overtly sexual, her lack of anything approaching genuine emotion and reaction ends up further robbing her portrayal of veracity and meat. Playing against DiCaprio, who is able to channel and evince convincing emotion and reaction at the drop of a hat, does not help her case.

The backdrop scenery and visual conception was a CGI snooze fest. The intended poignant (and, again, symbolically heavy-handed) decaying ruins juxtaposed with the generic modern linear lines of any old corporately urban scape are meant to showcase the mind's dilemmas and free-style architectural skills when in a dream state. Instead of exploring and creating these scapes in some Borgesesque way that might actually tease order into chaos and the reverse, these elaborate digitized models looked like the computerized simulations an urban-planning student might create to illustrate how a disaster effects structures or where to build the next access ramp - confusing, decaying, crumbling and boring.

I initially gave this film a much better review. Unfortunately for it, I watched both Chinatown and The Godfather II the very next day and snapped back into the realities of what master filmmaking should be. I must hand it to the studio on this one: your mega publicity campaign for this film served you well. You managed to convince a movie-going public that is so much in the throes of economic and political turmoil that it wants nothing so much as an escape into a good film for a few hours that this film is much, much more innovative and substantive than it can ever deliver on.",4
Inception,"I dunno. I really want to like this movie. But a recent re-watch and I just can't! But I have figured out why. OK, the premise and story line is a great idea to work with and I can see how it is supposed to grip you.

But the characters are boring. I just didn't care about them or their motives. They didn't really seem care either is the thing. So I didn't want them to succeed or fail. So I lose interest.

I hear the Leonardo is supposed to be a great actor. Again, I'm a little either way on this talent, but this wasn't his greatest moment .

Visuals and ideas = great (for the 4 stars) Characters and acting = 0",4
Inception,"I was profoundly disappointed because a so-called masterpiece like the movie Inception would be an overrated action flick of mediocrity. Inception is far from a masterpiece: it is not intelligent nor mind-blowing. With a shallow story, plot holes all over the place, uninteresting characters and bad cinematography, the movie proves one thing: that a basic, undeveloped, but polished idea, is enough to get loved by people and capitalize hundreds of millions with the help of expensive CGIs and tons of dumbfounded action.

First off: the concept. The movie was simply able to get away with various inconsistencies and poor world building because of its shallow idea developments and lack of specificity. While the idea of ""a dream within a dream"" is a cool concept, the movie never spends time setting up all the fundamentals and world building. How does it work? Do you just plug yourself in and create everything? What can you control in a dream? How far is the scope of imagination? If you can just imagine a bazooka to kill your enemies, can't you just heal yourself? If you go deeper to three or four dream levels, how do you perceive time and think thousands of times as normal without overworking or blowing your brains out? All these work on kids' logic, that you can imagine anything, and things would just miraculously operate in an inexplicable way you want. OH LOOK! TURN AWAY! Here's a one-hour action sequence with a van slow-motionally falling into water, a guy walking around the hallways with zero gravity and explosions and killing and massive CGIs! Ha! Bet you didn't notice all those inconsistencies did ya?

Now, to the ending, let's not kid ourselves, that wasn't twisty and mind-blowing at all. Okay, he was still living in a dream at the end, so what? If Mal kills herself and wakes up, wouldn't she wake him up too? Why is he still here? Why do they show him fly to America, hack into that guys' mind, they wake up many times still being in a dream? The twist doesn't mean anything and offers no one closure or meaning to the story. Oops no time to explain that since we already skipped all the world building at the beginning. When everyone wakes up at the end, the dream machine with all the strings has already disappeared so they have no risk of getting caught by the rich guy.

Whether most of the actors were miscast, have bad acting, or bad writing, the characters have no personality nor attraction for me at all. Joseph Gordon-Levitt brings out no other dynamics than his straight serious cop face like in 'The Dark Knight Rises'. Ellen Page's character is unconvincing, who looks confused and worried for the whole movie. Her voice is flat out without emotions and her mouth constantly moves unproportionately to her face as if she's reading from a textbook. Everyone in the movie delivers lines like robots talking about math. However, this is not to include that most of these lines are redundant, and repeating to the audience with information that were already given in the previous scenes.

The film holds no impact, no momentum. Supposedly emotional and introduction scenes were rushed through and action sequences were stretched out obnoxiously long. Even the scenes with Cobb and Mal were boring and unimpactful. No stakes were set: Cobb's reason to get back to his kids (which is really not that important since we don't know how close he is to them) seems to be stressed more than everyone falling in a permanent brain-dead state. Nolan tried to cram all the unimportant technical information and characters into the film and forgot to tell a good and fulfilling story.

With that being said, I refuse to recognize this movie as anything near to good or masterpiece.",4
Inception,"Overblown and vacuous, Christopher Nolan's Inception is a visual treat that could've easily been his magnum opus, but it ends up spending way too much time in its own set of rules that it becomes a slave to it. It essentially follows a thief (played by Leonardo DiCaprio), who steals corporate secrets in dream-sharing technology. Over the course of time, he finds out that he can return home to his family once he does the inverse task of planting an idea into the mind of a CEO. In this world, dreams, memories, and pseudo-science collide as an action set piece designed to impress with its visuals and complexity, but gets lost in swollen complication that the result is a bloated watch of exposition and rather forced drama.

I'll start with the good—well, maybe the only great thing about this film. The visuals are spectacular. It rightfully deserves its Oscar win for it. The film is a series of ""OMG"" moments that has the viewer effectively wondering how it's done with absorbing appreciation that is matched with a fantastic central score. In spite of that, this is where a personal problem emerges. I don't think Inception does a good job of representing the dream world. Yes, looking at worlds converge with one another looks cool, but it could've been more imaginative with its dreams. Dreams are a series of thoughts and visions that happen within sleep, and I thought that Inception was too literal in representing its dreams. The landscape, the tone, and the characters feel absolutely the same as with reality—the stunning and twisting visuals being the only attribute that separates it from the real world. There is no mystical manifestation of the subconscious, no difference between dream levels. Dreams can resonate in the same manner as with reality only if there is something a bit off about it. Take Lynch's films for example (like Mulholland Drive), his dreams are like reality, but there is a different tone to it. The key is off. Not everything feels right; it may either be too perfect like an euphoric fantasy or not like a sublime nightmare. Inception is not that. To add, when the film is stripped to its barest core, it is actually just a corporate espionage film masquerading as a complex facade of dream traveling.

Inception is a procedural. Nolan created a potentially intriguing world that works by its own set of rules, its own mechanics, and I admire him for that. There is a potential of exploring the ideas of dreams within dreams. It never gets past that potential, though. This film presents a world in which the characters just explain the mechanics to the viewer without doing much about its possibly interesting ideas. Once you get a really cool toy/gadget, you know one of those long manuals included in the box that you don't really read? Inception is clearly that. It could've been the awesome toy, though what we got was the manual: an overly long, two-and-a-half hour explanation on Nolan's world that never really gets anywhere. It's easy to lose interest after an hour. Nolan could've given the basics within the first 15-20 minutes and worked its way through its fascinating ideas, but the entire movie is the first 15-20 minutes. If the movie wanted to be exactly like that, then it could've been more sophisticated rather than explaining everything to the viewer with its bloated dialogue. It could've used visuals as a way of explanation—portals for changing dreams, visible contraptions for mobility, or a fantastical world where fantasy bleeds into reality, but the film's manner of ""telling over showing"" felt pseudo-intellectual and, after some time, uninteresting.

The film is mostly about DiCaprio's character seeking his way to go back to his family with the job of Inception—implanting ideas in other people's heads through dreaming. The thing is, every other character felt underdeveloped. They all felt like narrative tools that spew out dialogue only to put more exposition in this supposedly complex world. Joseph Gordon Levitt's character felt wasted, his deadpan personality serving as a plate to merely just explain the procedurals of deception/inception. Ellen Page could've been more interesting, but she just felt like a door that opens to DiCaprio's backstory with Cotillard's character. With a film focusing mostly on the protagonist getting on his way home, his separate narrative didn't feel all that compelling as the film is exceedingly bland. Once it gets to the action and chase scenes, I never really cared for any of it as the film didn't do a good job of characterizing its huge cast.

Inception could've been great, but it falls in love too much with its ideas and ended up spelling everything out for the viewer. Once it does that, it is actually just an action espionage thriller with very hollow characters and hours of exposition, nothing much more. It certainly gets its gimmick from the ""dream within a dream"" sequencing, but it honestly feels smarter than it actually is. In all, this film had a great idea but ran it over the ground. It is a heist movie that has nothing more on its mind than its rules and mechanics; it's convoluted and self-indulgent. Save for the gimmicks of technical achievement and landscapes collapsing unto itself, the film is rather insipid. I did like the ambiguity, but in the end this is just a superficial illusion of fantasy vs. reality; the rest is a visual pastiche.",4
Inception,"Over rated . Rips off paprika. Paprika being an anime with more realized results .

Some clever ideas ...some good actors . It may get people into more complex cinema ..",4
Inception,"This film is so busy trying, and failing, to be smart with it's basic musings on ""what is real"" and ""levels"", that it never considers whether it is coherent, makes any sense or serves it's purpose.

In one scene, we are told not to manipulate too much with the dream world, or the ""fake people"" who live there will notice and turn hostile.. Ok, fine. Don't know why that follows, but sure. Let's go with that.

Later, one of the characters conjure a rocket launcher from thin air and delivers the ""cool"" one-liner ""Don't be afraid the dream big.""... Why make all these arbitrary rules about how this dream-spy stuff works, if you are not going to be consistent with it?

Also the premise that you can have a dream, within a dream, within a dream etc., and time goes slower for each level is ridiculous. But convenient for the plot, I guess.

The story fells rushed, does not give time to character development, shoehorns in pointless fight scenes and generally feels like it is being told by an over-energetic 10-year old, making it up as he goes. ""and then we said, than you can't make it too weird, or the dream people will turn evil... and now I have a bazooka! BOOOM!!""

But much worse, is how little creativity is used in regards to the ""dream world"".

We where lead to believe that this was going to be some surreal dreamscape, but no.

The dreams in this movie looks just like the real world.

The only surreal dreamscape we get, is the one at the start, which is shown in the trailer.

(And arguably one or two more, very short scenes.)

My assumption is that people feel like they have to like this, because it is ""smart"" and they will be seen as dumb, if they don't.

But don't worry.

The only one that is dumb here, is this stupid movie.

(4/10)",4
Inception,"This is by far my most disappointing movie experience in years. Its not really that its that bad. I would probably have given it 7 stars if it wasn't for the unbelievable 9.1 average, which sent me to the theater with such high expectations.

First of all, I have to get this of my chest: ITS NOT THAT ORIGINAL! In 1998 a by-now-forgotten film by the title of Dark City was released, with a strikingly similar premise, but with better writing, a tighter plot and a fraction of the budget of this monstrosity. Do yourself a favor, watch it.

Back to Inception: The casting is good, the performances vary between average to good, and in general they more or less work together. But the characters lack any real depth, the dialog is mediocre and the pervasive pseudo-science conversations are down-right silly.

Visually its stunning, ground-breaking, with more special effects than you could ever wish for, but quite often pointless. The same goes for the action sequences, amazing yes, but often out of place and you can't shake the feeling that they were forced into the plot: OK guys, its been three minutes since something exploded or someone used a grenade launcher, stuff an action scene in here.

Worst of all: the premise of the film is ridiculous but there is nothing that makes it believable. This, I think, is the mark of a great Sci-Fi flick: you completely buy into the premise no matter how ridiculous it is. Inception fails.

Does it have better entertainment value/ is it a better film than:

Shutter Island: No, but comes close/ No, doesn't even come close

District 9: No, D9 is 3 times more fun/ No, God No, in what dreamworld?

Clash of the Titans: Yes/ Yes

The A-Team: About the same/ Yes, its better than The A-Team

Avatar: No/ No

Finally, Dark City: bang-for-buck, Yes/ No, even though Dark City has a weaker cast its still the better movie,",4
Inception,"Once again Hollywood grinds out another shoot-em-up, this time in the guise of a mind-exploration film. Come on: who's fooling whom? the film is directed at an audience whose attention span has been honed on video games: they can't go on unless he/she sees a dead body or car crash every second.

As for the story, why not have all parties sit down and chill out on good weed or opium? Much cheaper than getting all those guns and first-class plane tickets. Some roles are dreadfully miscast. Watanabe's English is just not up to snuff and Ellen Young looks totally inappropriate.

And that ending! ""Citizen Kane"" accomplished the same thing with a lot less bloodshed and just one memorable word, ""Rosebud"".",4
Inception,"Oh man this film wasn't really that good and I'll try to explain why without giving anything away.

Firstly let me just say that I've always been a fan of Christopher Nolan, and whilst I've never particularly been a fan of Leonardo DiCaprio his recent films particularly shutter island changed that view and I've actually started to like him he's surely grown as an actor over the years, furthermore, there are other talented cast in there but Joseph Gordon-Levitt I think was a bad choice for this movie he just didn't suit his role.

OK now onto the actual film, the ideas were there, so was the budget and the cast so were did it all go so wrong? With a mixture of the directing and writing things got too deep and generally quite cryptic that felt a little hacky at times. It's not greatly structured nor does it seem well thought out, I think they tried to put so many twists and turns on the movie that it just wasn't that enjoyable; I totally understood it but the time they spent putting too many twists and turns in it could and should have been spent using deeper character development and general creativity opposed to just making things as non-linear as possible.

4/10 and that's being generous",4
Inception,"This film starts out dull and very rarely ventures away from this state. 'People in dreams' has been done before and is usually just a reason for showing of clever visual effects. Inception is no exception.

The recruitment of a new architect is a joke. Draw me a maze that takes me 2 minutes to solve. Fail, Fail, Fail hang on a minute how about a circular maze. Genius your in.

I don't completely hate this film but it could have been so much better. It could have been a great action film or a great drama piece. It tried to be both and managed neither.

And finally, is he still dreaming at the end?.... Who cares.",4
Inception,"Dreams are colorless, you can not read in them and you don't dream about dreaming. You might jump from dream to dream and you can live a dream more intensely but you don't dream in a dream. You can not share or enter a dream, it has never been achieved in the least possible way. Lastly if it rains outside you don't obligatory dream about it.

If this was only the protagonists dream and he woke up: You can't find catharsis in a dream, you might wake up feeling uneasy from a nightmare or wake up feeling good from a good dream, but that's it.

If he didn't: If he fell in a coma from the use of those drugs or whatever, he saw strange dreams, so what? He failed, his wife failed to bring him back, no point.

If he did went home and things are what they appear to be the plot holes are abundant:

1. If you can get you hands on the president and CEO of a multinational conglomerate you don't need his secrets to begin with. Those sections are ridiculous, Saito and Fischer should have an army of bodyguards or at least some aids around them at all times. 2. Why Saito hire Cobb? He fail to extract from him. 3. Why don't they know Fischer is trained? That is the only thing they had to make sure and triple check. 4. When they wake up why they are not angry at Coob for lying to them and the danger he put them through? 5. What scum sends a little college girl on a job like this? 6. They plan to stay in the dream for ten years but when cornered they make stuff up, succeed and are out in a day. Why not plan that from the beginning? 7. Inception is easy. Take some random numbers from the victim, put them as combination on a safe that you made, disguise yourself ala mission impossible and voilà. Why doesn't everybody doing it? 8. Fischer is specially trained for just this kind of thing but doesn't have a totem to blow the hole plan apart? 9. Mal jumped from another hotel room, isn't there a paper trail or forensic evidence to that room? Or even a single witness? Being declared sane by three different psychiatrists does not look strange at the polices eyes? 10. If you want to see your children put them on a plane, make a video call, have them send pictures for god sake. 11. The entire rule set of the dreams is illogical in its own context and the time passing between the tree layers makes no sense, nor could it make because of its complexity. It would need an entire book to be attempted at.

Artistically it is shot with skill, it is immersing, the effects are good and I did watched all of it for the cinematography. But pointless is pointless.

Also when movies end this way, meaning with two options for the viewer, either he is still dreaming or he woke up, does not make a good movie or a good ending. Good ending makes open interpretation from many points of view, for characters ultimate motives, for questions of what is done is done for good or ill, etc. Here the characters are evil and they want to destroy thousand of peoples lives(Destroying Fischer company) for money, Cut and dry.

To conclude I want to say that this has nothing to do with dreams. Dreams do not work that way, we all know that. This is a sci-fi movie about how dreams might have worked but even in that context doesn't make sense like I said. Watch but don't take seriously.",4
Inception,"hi as ever when you start writing here its because you have had a strong reaction one way or another. the strong reaction here is that the film gets a 9 out of 10 rating and this is way way too high. the film uses the Freudian idea of the mind as having depth, multi layered and having defenses he uses this idea to create an action film. the idea of defense means that the director spends literally long periods of the film with people shooting each other as the defense attacks the people coming into the mind. as a result this is a one dimensional look at dreams, so its James bond meets psychology...it really doesn't work.....don't believe the hype

thanks will & vero",4
Inception,"My honest impression is that it is too difficult to understand.

It uses CG to recreate the dream world, but I don't understand what's going on, and it's too long because of the promised gunfights.

I think people who like it will like it.

The director is the same person who produced ""Interstellar"", so those who understand it will understand it, and those who don't will not understand it.

I could tell that Ken Watanabe was putting his body on the line.",4
Inception,"I wanted to like Inception, I really did. I tried so hard to like it. So many of my friends loved it. I thought I would love it. First of all, the story takes forever to get going. The slow pace at the beginning of the film is nauseating. And there is no explaining of what exactly they put on their arms? Or did I douse off during that?

The drastic, loud music is there to make the movie more suspenseful than it really is. Which I kindly had to explain to my girl friend. If the music wasn't there, you really wouldn't have thought it was that suspenseful/thrilling.

People have compared this to Matrix. Right, I sort of get that. But the Matrix was SO ground breaking! The Matrix made you love Neo and the action was supposed to be in the film. Inception the action feels forced. This isn't a thriller it was an Action Film. Mindless dribble talked about felt as if they were mumbling -- once you get that you get a bunch of characters you don't care about. Leo crying about his family AGAIN?! How many movies can I take with him crying about his family?

All the action in the film and the different scenery reminded me much more of a James Bond film than anything. Go from the City, to the Snowy White Mountains to The Beach. I was just waiting for James Bond to come in on a silver coupe BMW and say, ""Bond, James Bond.""

Sure you don't ever want to compare films to other movies. But look at Shutter Island and compare it to this. A lot of people didn't like Shutter Island, and those same people LOVE Inception. Shutter Island was classic film making. This is a modern action film.

People also need to watch Memento. Watch how this movie should have been done.",4
Inception,"In other circumstances I'd call this movie a nice roller-coaster action ride, not great, but fun to watch.

But with regard to a lot of seemingly competent film critics claiming this movie to be the be all end all of what a brilliant movie can be, it makes me kinda sad. It makes me really sympathize with all the reviews here calling Inception dumb. But that's the point, really, it's even a nice phrasing in my opinion. On the one hand I find it really astonishing that some producers understood the NEED for deep, challenging, meaningful movies. But instead of creating a thought provoking movie they just produced one that looks like it, trying to mimic the clues which make a movie seem deep... I'd phrase that perverted.

Otherwise I don't have to add much to what has already been posted here. The topic of dreams has a lot of potential but instead Inception constrains it to a small logical prison which neither has any reference to real neuolobiogical science nor does it take on the endless creative possibilities of what dreams are about. Anyone who has some memories of dreams or experience with lucid dreaming will know.

Since I loved Memento I'm flabbergasted. I think Nolan's able to do way better and stand for clever movies. But not with Inception. I know about taste and how everyone has another one and such... but imaging a scenario of future ""brilliant"" movies and how they'd take Inception as a role model, how marketing tries to mock terms like ""clever"" and ""thought provoking"", with thousands of pseudo-intellectual movies spreading all over the world. And in the end no one knows anymore when you really can expect an engaging movie - that's NOT the future I'd like to see. Insofar : Inception: Dumb. Thank you.

Would the author of Inception only have listened to its own script: ""Don't be afraid to dream of something big.""",4
Inception,"This movie seemed like it was going to be a different and original, but it became so convoluted to the point that the main goal or focus of the movie was lost in the shuffle. Sure the visuals were interesting at times, but the buildup, background, preparation and complexity of drilling down into different sleep levels diluted character development or any interest in what the characters were trying to achieve.

The movie was out of balance in so many ways. Cobb presumably had the ability and resources to fly around the world and manage small tactical assault teams, but could not arrange to meet his kids somewhere? Fischer just buys in to whatever Cobb is selling and goes along participating in deeper levels? Hundreds, if not thousands of bullets fired and only one character gets hit? How much film time was given to the backs of two kids or the falling van?

Leo was okay with what he was given to work with, but Ellen Page was miscast and was terrible. The script and storyline could have been much tighter and the combined effort of all resulted in a ho-hum, bad remix of Avatar, Mission Impossible and the Matrix. Maybe the video game will be better.",4
Inception,"I loved ""Memento""...I liked ""The Dark Knight"" and I couldn't believe that Heath Ledger could out-do Jack...I truly like every actor in ""Inception""...I am a faithful IMDb user for many years....having said all those good things, WHAT THE HECK IS WRONG WITH YOU VOTERS?....More than 100,000 of you voted this movie a ""10""?? You're gonna tell me that this movie is the 4th best movie of all-time?...I don't know if there's another movie website out there but I'm gonna start looking....what a joke...I don't understand what's going on with the IMDb voters lately, but if you think that Inception, The Dark Knight, City of God, The Matrix, and The Professional deserve to be in the top 35 movies of all time, it's time for me to look for another movie website...Not a single one of those movies is worth a second view (with the possible exception of the Dark Knight if only to watch Ledger), and not one of those movies will be relevant in 5 years (with the possible exception of The Matrix for its' special effects)...For a movie to be rated in the Top 250 of all-time you have to think ahead...will anyone CARE about it in 10 years time??...Who's gonna care about this movie in 2 years time? I thought Shutter Island was pretty stupid but Shutter Island is The Godfather of all movies compared to this mess of a movie...Oh, I'm wrong, It's not a dream...It's a dream within a dream...or is it a dream within a dream within a dream?",4
Inception,"yes... something's definitely not right. IMDb must have been taken over by a horde of Nolan's fans, or maybe is this all just a bad dream, it just can't be true, no... Please someone send me a kick in order me to wake up because this movie can't possibly be ranking 3rd in IMDb Top 250...

I mean, come on ! there's nothing more to this movie than to any other action scenes centered summer blockbusters.

People who describe its narrative structure as complicated must have a hell of time using a lift in a building, because, really... it just gets as complicated as that...

And switching at a high rate between the layers doesn't add any depth, just get the whole ensemble a little confusing for short attention span people at best...

The plot is completely shallow, we don't even care one second about the characters, it's just all about action. Is Nolan able to dream only about gunshot and some buildings scrambling into the sea... well that's quite sad...

What's the most resilient parasite ? A idea, no... a heavy marketed movie, unfortunately, yes...",4
Inception,"Definitely not a 9 out of 10, or a top 250 movie. I have an idea, let's fabricate a semi-comprehensible plot which is grounded so feebly in reality that it's meaning can be subject to anyone's interpretation. Therefore critics will refuse to pan it out of fear of being perceived as idiots, the public will refuse to criticize it out of fear of being perceived as shallow, and everyone else will wonder what they've missed. Oh, and to top the cupcake with a cherry, we'll deliver an ending which offers no resolution. It can't fail! The concept of reality vs. fantasy was definitely better delivered in The Matrix...and this movie is not its equal or even a strong competitor. The concept of dream invaders was dealt with much more enjoyably in Dreamscape (1984), and was much easier to comprehend. This movie was more of an enigma burrito wrapped in a layer of fantasy tortilla, topped with sour-cream special effects, and hyped by popular salsa. Get it? Only the most hippest and most intelligent can understand my allegorical comparison!",4
Inception,"I didn't like it, Nolan has done much much better work.

Memento is in another league creatively, TDK a much better action blockbuster, The Prestige a subtle masterpiece.

Here's the problems with the movie:

1. Ellen Page was miscast, she's too young. Either make her 5 years younger or 5 years older. If older she'd be a love interest, if younger she'd be an amazing prodigy.

2. Her prowess and quick acceptance were unbelievable. There needed to be a scene where she proved herself to LeoDC at the school, some amazing ability.

3. The script was overly simplistic because they needed to explain the intricate plot. Example: the snow level when they go over the timing of the levels again to remind the audience things happen at different perceived times the deeper down you go. As if the constant shots of the slowly falling van weren't enough. Let's not even discuss the ridiculousness that there is a direct correlation of time between levels. I get that the deeper you go the more time becomes blurred, but a direct numerical correlation?

4. Joseph G-L was given no room to show how great an actor he is; his character was stiff and wooden, strange for the ""organizer"".

5. LeoDC walked straight off the set of Shutter Island into this movie without changing character. Not his fault, the characters are similar, maybe they should have cast someone else.

6. The action sequences, apart from the hotel hallway fight scene, were unoriginal and obligatory, nowhere near TDK. The snow scenes in particular were straight out of an early Bond movie. It would have been better to have left them out completely and spent more time making the movie more complexly layered, with better character development.

7. The idea has been done before, and better. The comparison with The Matrix is inevitable, and Inception comes up so lacking.

8. The targeting of Cillian Murphy's character was very very mean-spirited, especially since we learn that inception can permanently ruin one's mind and lead to suicide. It's not for revenge, not for patriotism, not for the betterment of mankind, but for corporate greed. It's hard to get behind the characters when they are doing such an ugly thing: targeting a young man who already has major father/son issues because of his successful father, and making those issues much worse. This isn't Ocean's 11 where we don't mind Andy Garcia getting the shaft because we want to see George Clooney get Tess, and Garcia is a jerk anyway. The premise of inception was interesting, but the execution on a complete innocent was downright ugly.

Inception was a lot of movies I'd already seen, let's call it Ocean's 11 meets The Matrix, but had none of the light-hearted humor of O11, where I felt the crime was justified, or at least other ""gang heist"" movies so clever and the victim so nameless it didn't really matter.

In the end, I feel Inception is going to go down as one of Nolan's worst movies, a clever idea that was made with too high a budget and expectations, such that meaningless action was thrown in, and the film didn't know whether it was a psychological mindbender or an action movie, and wasn't able to pull off both in the manner of the ever-brilliant Matrix.",4
Inception,"Apologies if i stand whilst i speak of the Great Nolan, the altar is full of knick-knacks, the floor is dusty.

I am sure to feel different when i have viewed this spectacle for the third time. As it is i felt no emotional engagement, no desire, no trepidation given that all threats on view were 'contrived' to be dangerous and were not inherently forceful enough to ensure my adrenalin peaked at any point by natural causes.

In short, aside from my vague emotional criticism of something 'confined' by intellectual scripting, the whole does not carry the impact of the individual moment. The sensation was of having watched a two hour twenty minute trailer for a film.

Clever, hence the 4 out of 10 marks. Lacking any sense of humour, warmth or human flaw, the sheer contrivance makes me want to go back to watching Batman kicking people about the place.

Full of sound & no Freudian slippage, signifying misconstrued Jungian.

And i apologise for the pretensions, unlike this movie, sorry, film.",4
Inception,"the thing which annoyed me most about this film is that it's taken as ""clever"" as some great philosophy which can make people think, as in ""wow mind blowing a dream within a dream within a dream wow!"" and also focuses a bit on lucid dreaming (being aware that you are asleep and able to control your dreams). However I found it annoying throughout the entire film that the ideas behind the film are fundamentally immensely incorrect.

This was the same problem in the film the Matrix, the idea that the unconscious mind is a part of ""us"" and we can tap into it to control our world. It isn't a part of the individual ""us"", certainly not one which we have power over. We are our conscious selves, we're influenced by the unconsciousness, but we do not define ourselves by our unconsciousness and can't control it, we simply define ourselves as our conscious selves, our conscious thoughts, our sub-conscious influences our conscious mind. We can attempt to influence our sub-conscious with what we expose our consciousness to, but all of the general philosophy is incorrect in kind of egotistically assuming that ""we"" are the entirety of our minds including all unconscious aspects. This is the reason why the spoon bending in the matrix cant work in real life, even though many of the concepts of the matrix are correct, for example the idea that our consciousness is living in a world which is created sub-consciously, but we can't consciously manipulate this projected world and bend a spoon in half just for realising this, because it's not a projection of the consciousness but of the sub-conscious, so to try to consciously bend the spoon is out of our control, showing that the sub-conscious projection has superiority over the consciousness, in reality the consciousness can't demand the sub-conscious to change this projection no matter how hard we try. This is a major flaw in a lot of philosophical buddhist existentialism I have encountered. The inability to realise the humbling idea that we are symbiotic life forms, both physically and mentally, and that we consciously are not entirely in control but a fragment of the entirety.

The same error occurs in Inception, the film mentions the unconscious mind frequently, it constantly presents the idea that every aspect of the mind entirely belongs to ourselves (in other words all belongs to the conscious part of the mind), rather than the correct idea that our minds are actually in many different parts, sub-conscious is perhaps a huge generalisation (it actually covers every aspect of the mind which is not our conscious mind we're aware of and have direct control over) and some sub-conscious parts are actually superior over the conscious (in other words superior over ""us""). We, consciously, are not completely in power, but there is a higher subconscious mind if you like which dictates our thoughts and which we don't have control over, we are in essence a slave to this. Something the Matrix almost got spot on but got wrong in parts where it showed that you can consciously break out of this mental prison. Something which Inception also got wrong in how it talked about subconsciousness.

And in fact when lucid dreaming you are NOT unconscious, you are in a state of consciousness whilst still asleep, aware that any crossover between your thoughts running wild and being able to think consciously doesn't strictly make sense. You are able to sleep in a state of semi-consciousness, conscious enough to be able to focus on any aspect of the dream to change it how you like.

I did not find this film to be smart, it did not make me think (more than oh it made the same kind of mistake as the matrix philosophy which I'd already previously thought about), did not awe me with philosophy, but it just annoyed me with how juvenile the films take on unconsciousness is and how incorrect I think it is. It probably could have been so much more and explored ideas that could have stunned me, but it fell completely flat. Even in the DVD extras some professor of dreams? Or something, talks about this, and this person too annoyed me with what they said because I think they just don't get it, don't get what subconsciousness and consciousness really is.

That is my take on it, I might sound crazy but, I disagree strongly with any of the fundamental ideas behind the films interpretation of what unconsciousness actually is, every time ""unconsciousness"" or the ""subconscious mind"" was mentioned it annoyed me because I disagreed with what was being said, I did not at all find it a clever film with clever concepts and fresh philosophical ideas.",4
Inception,I am really baffled by all the positive reviews for this film. This film was one of the hardest watches I have had in the cinema. I'm very patient with films but this one gave me a sore head. The script was a mess and worst of all it was very boring!,4
Inception,"Far too much for my brain to handle really as I found it really hard to follow, maybe would be more suited towards someone who can concentrate for more than 5 minutes",4
Inception,Saw the hype and the ratings and was looking forward to watching. Half way though I'm not engaged at all. The sound blasts out everything except the spoken word. It just didn't work for me.,4
Inception,"Am I missing out on something? When i watched this movie, I nearly fell asleep half way through. Once again, Christopher Nolan attempts a clever, slick, convoluted film and only succeeds in boring the watcher. The story is completely unbelievable and it takes about half the movie to explain the plot. Sorry, not worth it. There are a few good ideas and clever camera work, but the script just drags and drags. Granted, Joseph Gordon-Levitt is good, Ellen page is good, Leonardo DiCaprio is average and Cillian Murphy is solid, but none of them are really able to enliven a slow moving script. By the time it got to the end, I didn't really care whether the damn thing fell or didn't. Sadly, this movie allowed me to dream far too much as DiCaprio tried to permeate my sleep. Very disappointing. Definitely not living up to the hype.",4
Inception,"I guess there are some drawbacks in having been around when Matrix came out and remembering the revolution it stirred up. Since then i inevitably think about it when a movie tries to tackle the boundaries of reality. In this sense, the best thing about Inception is that it came out more than a decade after Matrix, thus allowing the critical mass of new viewers to grow up and embrace it without much prior knowledge of cinema.

Similar to other Christopher Nolan movies, there is little you can complain about in terms of ""fun factor"", production qualities or actors' performance. But the problems arise when we descend to a deeper level where ""big topics"" are supposedly to be discussed. There we encounter a storyline and arguments resembling a background scenario of a superior first-person video game. In fact, when you ponder about it, there is little to Inception apart from visual experience, which is the norm for blockbusters with high ratings on IMDb.",4
Inception,"Really awful, slow moving movie, so similar to Shitter Islamd with various scenes, such as small kids, wife, country house. A very long film that spends far too long on particular scenes, which really lost my interest as well as the plot being a very boring one. Don't waste your time with this one, it should not be as highly ranked as it is, a case of following the crowd it seems.",4
Inception,"I read all these reviews stating how this is the most intellectual movie ever made. I wonder if that's because the people writing those reviews are egotistical sociopaths.

There's nothing intellectual about the idea of a dream within a dream within a dream. The premise is simple. The soundtrack has to be the most complicated thing about this mess.

Inception is a bait and switch film focused on people hired to trick a guy into ripping apart his fathers company so that it's largest competitor wins. They do this by sedating the scarecrow from batman in a series of dreams within dreams to convince him he's dreaming. The van they all are passed out in gets attacked the entire time to create some suspense. Then jack from titanic lives forever in a dream.

I'd rather watch Kevin hart implode his career. Maybe that's what I'll watch next on Netflix. His documentary and this film have equally annoying soundtracks. At least I know what I'm going into... a waste of time, just like inception. Now you won't be able to get my opinion out of your head. Waste of time. Inception.",4
Inception,"So complicated and stilted that it became boring and silly. A ""kick,"" ""totem,"" ""levels,"" ""layers,"" ""dreams within dreams within dreams"" ""but that can't be done"" ""so let's add another level"" ""okay we can make that work"" etc. etc. etc. Just a huge bs fest presented in a way that attempts to make the viewer feel like they are learning something important. This despite the fact it makes absolutely no sense whatsoever. IDK, reviewers here seemed to love it so maybe it's just me.",4
Inception,"At first I found myself caught up in the action and enjoying it. Then I got tired of the music -- all it did was create tension -- then I realized I didn't care about *any* of the characters. Then it got boring. I no longer cared about what happened next; it had become predictable.

As a kid I read a lot of science fiction and thoroughly enjoyed it. I liked The Dark Knight and Momento. But this is not like those films. It is poor science fiction, poor drama. It fails in all the important ways that good drama succeeds: characters we care about; genuine emotional connection among the characters; an ebb and flow to the rhythm of the movie, with respite from the intensity; balance; a plot that has integrity. This movie felt like an unending jackhammer. It's a wannabe Matrix.

We no longer cared, we felt assaulted. When they began the third level, we made our move. We walked out.",4
Inception,"Christopher Nolan's 'Inception' often gets a mention in many 'best films of all time' lists, despite the fact that this is probably one of the least rewarding and most pointless films I've ever watched.

It spends the whole of its bloated two-and-a-half hour running length trying to prove how intellectually superior it is, yet requires the characters to spell out virtually every development of the ridiculously messy and convoluted plot.

An intentionally complex and non-linear storyline is not smart, but pretentious filmmaking. What exactly is the point in such a bewildering minefield of a plot in which the ending presents more questions than the start? The only reason I can think of is to satisfy the ego of those who like to think of themselves as smarter than they actually are.

'Inception' is one of the most overhyped, overrated and pretentious films I've ever seen.",4
