title,comment,rating
Life Is Beautiful,This is a well written and well perfomed original film.,1
Life Is Beautiful,"I don't understand how it could be possible , this is most boring movie all time..",1
Life Is Beautiful,"I think this film exemplifies the word ""OVER"": over the top, overly promoted and over hyped and overacting who is Roberto Benigni who was undeservingly and unworthy winner of Academy Award Best Actor in 1998 which should've gone either to Edward Norton in American History X or Tom Hanks in Saving Private Ryan. Nothing so special about this comedy film which is hilarious in its sense that it took the plum for acting and lousy over the top overhyped storytelling with exaggerated acting. The only redeeming factor of this film is the cinematography and everything else about this film is a crap. I will not recommended this not so funny film to anyone but to film critics and art film lovers maybe. I even mistook this for an indie film.",1
Life Is Beautiful,"A better title for this contrived and insulting film would have been ""The Dumbest And Most Gullible Kid Who Ever Lived."" Anyone who had the misfortune to sit through this preachy, ridiculous Holocaust themed comedy will understand what I mean.",1
Life Is Beautiful,"Life Is Beautiful emerges as a prime example of a film that struggles to justify the praise it has received, both critically and popularly. It's disheartening to witness a movie that appears to miss the mark so profoundly when it comes to handling its weighty themes. After revisiting it recently, I can't help but feel that everyone involved in the production, particularly Roberto Benigni, should be held accountable for presenting Life Is Beautiful to audiences.

Life Is Beautiful fails to deliver on its promise. It lacks the depth and sensitivity required to effectively explore the complexities of life and human experience. Instead of engaging with these profound aspects, the film seems content with striving to be charming and heartwarming. Given its lofty ambitions, it's baffling how the talented cast and crew fell short of achieving their goals.

Life Is Beautiful is anything but intellectually stimulating. Its attempts to convey meaningful insights on an individual or universal scale fall flat. It struggles to offer a genuine exploration of the human spirit in the face of adversity, and the historical context it attempts to navigate is treated with a surprising lack of reverence.

The film's attempts at charm come across as contrived and strained. Roberto Benigni seems unaware that true warmth can't be manufactured. Life Is Beautiful overflows with contrived setups, the protagonist's quirky antics, and strained emotional beats, yet none of these elements coalesce into anything meaningful. Instead, the film leaves behind an unsavory residue that's hard to ignore.

As for the attempt at humor, Life Is Beautiful stumbles in its execution. It's difficult to see how turning the Holocaust into a backdrop for slapstick comedy could be seen as anything other than misguided. The lack of respect for the gravitas of human suffering dampens any possibility of the film delivering genuine comedic brilliance. Rather than invoking laughter, it elicits discomfort and disbelief.

The performances in Life Is Beautiful are often celebrated, but they come across as one-dimensional. The cast oscillates between caricatures and underdeveloped characters, making it challenging to invest in their journey. This lack of nuance, particularly in a film that requires genuine emotional engagement, is a glaring flaw.

Benigni's decision to incorporate saccharine music throughout the majority of the film seems like an attempt to distract from the narrative's shortcomings. It's almost as though he's urging the audience to focus on the soundtrack as a way to gloss over the film's inherent weaknesses.

Life Is Beautiful is ultimately a misfire. A complete and utter misfire. The only lesson it imparts is that attempts to trivialize profound suffering and paint over it with a veneer of charm rarely lead to anything meaningful. It's a reminder that handling weighty subjects with sensitivity and nuance is a responsibility that can't be taken lightly.",1
Life Is Beautiful,"Tonight I finally saw the movie. I had a lot of expectation about this film, but I am disappointed. Because I don't like if scenario want to use audience sense feels for not right choose. I did't like Benigni's style of humor.The quality of the sound is generally decent but not great. Music tended to seem a bit more harsh than I'd expect; the score appeared thin and vaguely harsh, with little warmth. Dialogue and effects seemed solid and accurate, though, with appropriately natural tones. Many critics have noted that the film feels like two distinct pieces: the first, a lighthearted comedy, and the second, a dark tragedy with comedic elements.",1
Life Is Beautiful,"The father character ruined it for me. The jokes are absolutely, bottom-low stupid. Nothing funny about it, there was nothing profound to the movie for its first 1 hour. Just painful middle-school level immature silly jokes. Did not find any charm in this movie, the father character made some inappropriate jokes, so it was definitely not a family watching. The movie was a mess.",1
Life Is Beautiful,"I don't read long reviews, so I won't write one. I endured 45 minutes of this film before I switched it off. How can you know what it's like after 45 mins?

Well the film is only two hours long and at nearly the halfway point I was more than a little irritated by the lead actor, an Italian 'comedian' the equivalent of Norman Wisdom, hardly appropriate for a film about Nazi's. (or a love between father & son). Sorry, I don't want to spend half a film 'getting into it. If it's obviously going somewhere then I'll stick it out, but how a film can start as a farce, with a buffoon lead actor and then suddenly develop into an Oscar winner x3 in the last hour is beyond me. Don't bother.

1/10",1
Life Is Beautiful,"I just saw this movie for the first time yesterday -- I had no idea what it was about in advance. I was very surprised to find that it was about the Holocaust. However, compared to what I have read, heard, seen, and learned about the Holocaust, this movie was very disturbing. The premise of this film was basically that ""humor"" (as defined and provided by Roberto Benigni) is sufficient protection against something as evil as the Holocaust.

No fu**ing way.

Benigni was raised a Catholic, and while some Italians (among others in German-controlled territory, such as Africans and Romani) were also forced into concentration camps, I have read of no public statements to the effect that Benigni has some sort of personal connection to the Holocaust (other than happening to be born, after the fact, in a country that was formerly an Axis power). Yet Benigni evidently feels qualified to present a film that put out a cinematic message something to the effect of: ""Oh, oh, you poor victims of the Holocaust, if only more of you had been able to cling to the time-exalted crafts of HUMOR! and ACTING! as I would have, well, then perhaps more of you would have survived the war and its aftermath in much better shape! I weep for you and your lack of my wisdom! Did you not know? Life-a is-a Beautiful! I wish that I could have been with you back then in order to teach you this wonderful thing!"" And what greater love could Benigni have for his (not really) fellow Holocaust victim than to (not really) die while never wavering from his beliefs in HUMOR and ACTING? How (not really) noble -- how (not really) Christlike.

And judging from the contemporary responses of Hollywood and its related businesses (such as film critics), such individuals and agencies were tripping over themselves to be complicit in this travesty. Why? Because the same shallow, self-entitled, lazy, bloodless, drug-addicted, Godless, perverted individuals who think that their ""craft"" deserves greater respect than the work of someone who gives more than he takes from this world, like, say, a farmer (by the way, Benigni's father farmed), know that as long as they applaud such tripe, they are validating their own useless lives and professions.

Benigni displayed about as much understanding about the Holocaust as a typical US white would display about the horrors of US enslavement of Africans and its ongoing aftermath.

More self-indulgent and self-validating nonsense for the practicers of ""the craft"", while simultaneously a willfully ignorant yet comforting tale of ""the power of one"" for the movie-goer.

A perfect Hollywood formula, from your bestest buddy and substitute Jesus, Roberto Benigni.",1
Life Is Beautiful,"How this director could make a movie that tries to romanticize Nazi regime concentration camps, makes a mockery of all the suffering millions endured during wartime.",1
Life Is Beautiful,"The point is not that there are ""sacred areas"" you cannot laugh about. The point is that thousands of innocent people have been uselessly tortured and killed. This film risks to give youngsters the sensation that Shoah wasn't ""that"" bad, specially in times where some people say that Auschwitz never really happened. Sorry if I was unable to smile or laugh at jokes in such terrible locations for human history. I agree with ""Le Monde"" who called it a negationist movie",1
Life Is Beautiful,"It's only a good film, with some good moments, but I think this film is overrated. I enjoy more the first part, the second has the manipulative hand of the director and it is too much sentimental that for many times becomes boring. The final with the american with a beautiful voice is perfect to content the american audience and the academy. Ridiculous and compelling!!! A excellent foreign film is CENTRAL STATION! Don't miss!",1
Life Is Beautiful,"I rented this movie and has such high hopes for it. I thought it was going to be an amazing movie since it has received several good reviews. However I was greatly disappointed in this movie. As many others have stated, the first half of the movie is very boring. It's also not funny at all. I honestly found Guido to be very, very annoying. I also thought the way he tried to win over Dora was stupid. I mean to be honest, I just did not find him charming, or romantic. He was just not funny. I kept thinking to myself when is he going to get the girl so that all this nonsense stops. The second part of the movie was a little bit better, but not much. I could not stand the way Guido kept telling his son that them being there at the camp was a game, and that he would win a tank. I mean I know you don't want to scare your kids but come on. If I was a child and my father kept telling me stuff like that, I would know it wasn't true. I highly doubt his son was stupid, and I'm pretty sure he had an idea of what was going on. All in all, I just did not care for this movie. I found it slow, with lame attempts at comedy, and it just didn't keep my interest. THis movie did not touch me the way others say it has, and no I don't have a heart of ice, I am actually a very sensitive person. It didn't make me cry. I am glad I only rented it and did not purchase it. I give it a 1 out of 10.",1
Life Is Beautiful,"How on earth this awful film got so many awards in beyond me...

...Was their thinking ""Its a movie vaguely involving the holocaust so it must be worthy of our shiny gongs""? This film is a vacuous flight of fantasy in very, very poor taste. It re-writes the holocaust as a not-very-nice-but-manageable experience which is nothing short of a sin. It dilutes the naked truth of what is possibly one of the most important events in modern history.

Millions of people were horribly killed but this film edits that startling reality into nothing more than a cheap feel good soap opera. Don't get me wrong I loved ""Spring time in Hitler"" and can even excuse jokes about the holocaust but what bugs me about this film is it is trying on some level to be realistic and it falls so far short its criminal.",1
Life Is Beautiful,"Holocaust and humor don't match. We can not discuss the quality of Benigni work (which actually is far from being a masterpiece), but should we smile over the bodies of millions?",1
Life Is Beautiful,"I always thought oscar was fair and I agreed with all the awards given until Life is Beautiful got the Best Score(Drama) Award this year. I have watched all the five nominees and have also bought all the five OSTs. Life is Beautiful's music, when compared with the other four, is clearly not the best, or even for me, the worst of the five. I was shocked when Life is Beautiful got the award 'cause in my mind, The score of The Thin Red Line is the best. I wonder if the judges did listen to all the five OSTs before making their decisions........ or is there really some bias.....?",1
Life Is Beautiful,"I just saw this movie , and it sucked , first of all, I've never seen the main character in other movies. And I will never check his movies after i saw THIS, He has the most unlikable personality I've witnessed. His Actions are unbelievable, it may show his strength, but come on there are people LITERALLY burning and he can keep a fake smile on his face just for his kid, he made him live in a fairytale in which our actual life isn't BEAUTIFUL , he keeps talking the whole movie I was actually relieved when he died so I can watch a minute of silence without him mumbling and shouting the rule of GAME they are playing, The End was just horrible, I mean the wife didn't even care about her husband nor the child did, I think if the main character was not Roberto Benigni, the movie would have been Good. DON'T WATCH IT",1
Life Is Beautiful,"The male lead character is a vulgar clown with antisocial tendencies. The set-up for his romance and marriage to a presumably sensible intelligent woman is so implausible as to insult the viewer. I can't speak to the remaining 70 minutes of the film, as I threw it in the bin. I read in other reviews that it would develop into a touching Holocaust drama... now I'm very glad I chucked it. I am NOT A FAN of revisionist Holocaust history, not even in a fiction. As the male lead is firmly established a disturbed moron at the outset, and the female lead is so blatantly an object and a foil for the moron's acting out, I don't see any way this film could fail to degrade our collective memory of the Holocaust tragedy.",1
Life Is Beautiful,"I have seen most of Benigni movies available in US. Personally, I like Benigni. But comparing him with Chaplin is way too much.

Life is beautiful is an over-hyped movie and most likely will be remembered as a controversial movie like the Truman Show. The movie quickly lost me with its unrealistic style and rigid jokes. No offence to lovers of this movie. But for a real classic, you'd better check the AFI100 movies.",1
Life Is Beautiful,"This was a confusingly awful film. At first it seems like a rip-off of ""An American in Paris""; the main character falls in love with a girl that's going to get married, and she ends up with him. There's a bit of clever romance during all this, but it's disturbing how quickly it shifts topic, while remaining very light. Lots of people seem to think it uses comedy and courage to tell a story. I think it's irreverently mindless, and skims off the popularity of one actor and the tragedy of war. I saw a clown, although energetic and somewhat talented, lying to his son who is to dumb to recognize the truth. He calls his act a sacrifice; it's really just a showcase of physical comedy leading to an emotional void. This film borders on propaganda, making light of the reality in concentration camps. Most of it just doesn't make sense, in that with everything that the characters did and went through, they would have suffered much more and probably would have been killed several times throughout the film. Knowing what they did, no one could be that emotionless or stupid. Comedy and the holocaust are not good partners and Benigni just didn't pull it off with this. Guido's game with his son came just too easily; it makes you wonder why if WWII was this nice everyone didn't come out as sugary sweet as this. I'm sure that Benigni is very good as a clown and will be other movies as one, but this wasn't as good as it should be. It won awards for the wrong reasons.",1
Life Is Beautiful,"After all the fuzz and compliments about this movie I thought it was going to impress me big time...it did, but in a negative way. Okay, I can't say it fails completely at making you feel some beauty of life, but it's way too superficial, childish and pretty unbelievable...besides, ""The Father"" is simply too annoying doing his pretending game. It's just too much sugar in this movie...diabetics rather stay away.",1
Life Is Beautiful,"My summary says it all. This film is an insult to anyone who lived through the real thing. No concentration camp even remotely resembled what is shown in this film. No child would ever be successfully hidden from those running the concentration camp. Anyone who acted like the character played by Roberto Benigni would have been immediately killed. If Benigni wanted to make a film about a father protecting his son from the evils in the world, he could have invented any situation or set of circumstances he wanted. He certainly didn't have to, and shouldn't have, totally misrepresented this period of time in modern history. For reality, try watching ""The Pianist"". Try visiting the Holocaust Museum. Take the time to see and learn what really happened. Life was not beautiful.",1
Life Is Beautiful,"I saw this ""thing"" (it doesn't deserve to be called a film) when it was released and I was absolutely dumbstruck at the favorable reaction it received; I continued to be amazed when it actually was nominated for Best Picture, Best Director, and actually won Oscars for Best Foreign Language Film and Best Actor for Benigni.

This movie sounds only wrong notes from beginning to end. Perhaps the Holocaust has become too far removed in history to allow modern audiences (especially American ones) to realize that it has been wildly mythologized and horribly distorted in this trash.

Those who ""just loved"" this movie -- as well as the members of the Academy who nominated it for Best Picture, etc. -- should talk to some of the quickly disappearing Survivors of the death camps; it will make them realize what a cinematic abortion Benigni has wrought. The ""dramatic"" moments are laughable, and the ""comedic"" moments are embarrassingly ""cute"". Benigni's ""acting"" (as well as that of his wife Nicoletta Braschi) is totally amateurish too. Those who compare Benigni to Chaplin have probably never seen a Chaplin FILM",1
Life Is Beautiful,"This ""sentimental slop"", hardly registering any intelligence, is considered a ""masterpiece"" and received numerous vapid awards, notably from powerful Jewish groups and pompous film festivals. It is both ineffective as a film and as a critique against clichéd injustice.

I can't believe how empty it was, it starts out in a comedic manner, but it is absent of any laughs. The direction throughout was haphazard and even tedious. The ""evil"" Germans were cardboard caricatures who were so clichéd that they didn't even seem to exhibit any movement in the film.

Its obvious this film was some attempt to portray the magical realism of early Italian films with a pressing new concern for so-called ""ethics"" but is biased, immature and intangible. It is another ""holocaust"" as collective conscience film that wants to hammer its obtuse point across.

Be weary of such films as they want to present everything in simplistic 'black and white"" formulations.",1
Life Is Beautiful,"Only one film can top La vita e bella in the boring stakes, and that's ""Colonel Chabert"" from a few years back with big-nosed Depardieu. Seriously, don't believe people who tell you that La vita e bella is good, because it isn't. Unless you like films where jokes are based on egg throwing and the old cliche of car-goes-down-a-hill-and-brakes-fail.",1
Life Is Beautiful,"Sorry, most people seem to like this movie but I thought the idea of fantasy somehow making the holocaust more bearable to be offensive. I realize this was not the film makers intent and it would be churlish of me not to be charmed by the antics of Roberto Benigni who can be very amusing. There is nothing amusing about the holocaust and even more unforgivable this movie led to the making of Jakob the Liar with ""Robin I'm sooo Preachy Williams"" which has to be among the worst movies of all time.",1
Life Is Beautiful,"Yes, I gave this film a 1. I would have given it a zero, but it was not possible.

I read all your overwhelming comments about this movie and bought the DVD. Started to watch it looking forward to an unforgettable film experience. Well, the film did not disappoint me. Really. It is unforgettable! The worst film since ""Plan B from outer space""!",1
Life Is Beautiful,"Nothing much to say there. Chaplin once said that he would never have done ""The Dictator"" if he had known what was happening in the Nazi concentration camps... Maybe Roberto Benigni should have given this a serious thought. I wish he had anyway...",1
Life Is Beautiful,"A feel-good film about the Holocaust which manages to vulgarize and trivialize the worst chapter of human history. I honestly cannot think of any recent film which I have found more offensive on so many levels. In a word, dreadful.",1
Life Is Beautiful,"I'm sorry but I could not get beyond the fact that this was a comedy about the Holocaust. Is the World so screwed up that everything can be commercialised? I find it especially offensive when non-Jews make these comedies. Its hardly like the Italians have anything to be proud of in the way they treated the Jews during the war. If the film was a German comedy about the Holocaust would it have won an Oscar I wonder? I am sorry but making a comedy about the Holocaust or about Cambodia or some other genocide is just not a good idea. Making a slap-stick comedy about such an event is simply tasteless. No surprise it was so popular in the US.

Its not that good comedies can't touch on these subjects - Cabaret is not only funny but a musical - and I think its excellent in lots of ways. Most importantly its respectful for those who died when the Nazis took Berlin. Life is Beautiful lacks respect. The fact it comes from a country that was an ally in with Germany in the Holocaust is unforgiveable.",1
Life Is Beautiful,"This film is a total stink! Must all serious movies about the holocaust receive an Oscar? This is rather absurd, but seems to have become a rule. 'Schindler's List' was good, but this is an absolute stink! It is as good as any second-hand low quality italian vulgar and burlesque comedy - it's one of their country's specialties. So why not give an Oscar to any stupid italian comedy that is released? Why make Paolo Villagio and others that make films just like Benigni's feel bad because they didn't have the idea to insert in their films a serious (and incredibly stupid) part concerning the holocaust. The film is really very low quality. If you want to see a quality comedy about the holocaust, try Radu Mihaileanu's (a romanian director) 'Train of Life'('Train de Vie'), which is some million times better(it was written before Benigni's film(and filmed before, I think), and the script was read by Benigni's producer, who should have produced but didn't, and might as well have 'inspired' Benigni, if you see what I mean. But not in a good way.",1
Life Is Beautiful,"If this movie had been made in America it would have received much more objective criticism. But, for some reason, many film watchers think that they must automatically heap praise upon any foreign made movie because it's the ""in"" thing to do. I am not surprised by all of the undeserved superlatives and ridiculous ""10"" votes given to this mediocre film. This movie is watchable but that's about it. The storyline is so implausible and unrealistic that it should be labeled as ""fantasy"". All of the syrupy comments about the great ""love"" shown by the father are laughable.",1
Life Is Beautiful,"This movie is a disgrace; it tries to hide the collaboration of Italian fascists to the deportation of thousands of Jews and non-Jews to death camps during WWII in Italy. Believe me, Italian fascists were as obnoxiously criminal (and sometimes even more) as their German peers. In this fascist revisionist libel Italian fascists are depicted like harmless comical characters untouched by the crimes against humanity, they and their German associates were responsible for, crimes that live and will live in infamy until the end of times.

Death camps according Roberto Benigni were some kind of poorly managed boot-camps in which you could mange to survive by means of being slightly more intelligent than the average prisoner. There's a moment of the movie when Benigni manages to reach the lowest  an endeavour you had thought not possible after one hour and a half of the previous ordeal  it is when he, very underhandedly, provides the viewers with a thick mist in order to veil, that is to hide, a pile of corpses of prisoners murdered by the Nazis.

Let us suppose, just for the sake of the present argument, that a fascist movie can be funny  this is arguably a fascist movie  well there isn't a single funny scene in this poor excuse for a movie, the joke are trite and all of them can be predicted by someone who has seen at least one cheap comedy before.

This thing has been unjustly compared to The Great Dictator, which is maybe the worst movie Charlie Chaplin did, but the the comparison is still unfair, The Great Dictator is an overrated sentimental bad movie, but it is not fascist propaganda like Roberto Benigni's.

If you want to see an excellent Italian comedy dealing with the same subject try Lina Wermüller's Pasqualino Settebellezze (1975) http://imdb.com/title/tt0075040. You will not forget the sequence in which the great Giancarlo Giannini seduces a two tons whale-sized SS woman officer in order to save his life.",1
Life Is Beautiful,"Only the naive and ignorant will find this film charming. Those who know anything about the Holocaust will see it for what it is--a lie that desecrates the memory of six million dead.

Under the Nazis, six million Jews died for no other reason than that they were Jewish. This invests the fact of their Jewishness with transcendent importance. In ""Life Is Beautiful,"" however, Roberto Benigni's character Guido is Jewish only because the film announces that he is. His Jewishness has no other significance; it is not the affirmation of anything; it is a manipulative plot device. Guido's goodness is not attributed to his being Jewish--that is something to be dispensed with quickly, as if it were an embarrassment.

And so Benigni ends up treating the Jews very little differently than the Nazis. For one thing, he shamefully misrepresents the reality of the Nazis' Konzentrationlagers. A Jew would have been murdered for any ONE of the acts of defiance that Guido gets away with. Benigni's film turns the real danger and real violence and real death of the Holocaust into something like a Roadrunner cartoon in which Wile E. Coyote never really suffers or dies. But this is a lie: under the Nazis, the Jews suffered and died. They did not get away with carefree acts of defiance.

What is more, the mass of Jews in the camp in which Guido and his son are imprisoned are treated as nothing more than the faceless and nameless background to Benigni's disgusting clowning. They are given no more individuation--no more personhood and uniqueness--than they were by the Nazis themselves.

""Life Is Beautiful"" is an obscene exploitation of enormity and sorrow.",1
Life Is Beautiful,"La vita è bella sucks. The first half of the movie is mildly interesting and sometimes even funny, but from the moment daddy Guido and son Ferrucio are heading for the concentration camp, director Begnini's hideous master plan takes over. Guido explains to his son that an unforeseen and rather unpleasant truck ride is part of the kid's birthday present. Once they enter the concentration camp, Guido has a lot more of explaining to do. The reason they are here, he tells the bewildered kid, is that a huge game is going on. There are many different ways to score points, and the first contender to reach a thousand points will win the first prize, consisting of a real tank! In order to avoid a one way trip to the gas chamber, Guido orders his son to hide in his bed all day. Now that is real fun! Day after day the kid is running or hiding. All part of the game. Sometimes his father's romantic nature takes over. For instance, he makes an old gramophone blast his favorite love song all over the place, so that his wife in one of the other barracks will know that Guido is still alive and very much in love with her. Happily, at that moment there is obviously not a single German soldier in the camp to shoot this loving soul right through the head. Apart from the whole story being silly and incredible, one may wonder if on the long run it is a wise idea to frame a series of very unpleasant experiences in a kid's life as a game. If he gets out alive - and of course he does - how will he feel later when he discovers that he has witnessed one of the biggest crimes off all time, believing it was all just a game? The answer is: he will feel guilty as hell and, to make things worse, he will think of himself as a particularly stupid and trusting person. If I was a psychiatrist, I would try very hard to have this guy for a client. But Benigni is such a romantic and caring person, that he doesn't seem to realize that sometimes thinking can be a great asset.",1
Life Is Beautiful,"I don't see any point in this film. Life IS beautiful, but in this film it's no life nor beautiful, just a boring slapstick.

Simply the idea of putting comedy and holocaust together doesn't mean they are put together. Everything in this film is far-fetched and overdone, even without novelty. The scene the protagonist broadcasts to his wife in concentration camp -- It's a crude fake out of the real beautiful scene from The Shawshank Redemption (1994).

And this guy, Roberto Benigni, this guy is a clown without a spirit. I've seen several movies he made, each and every one sucks. Somebody says he is ""Italian Chaplin"". Sorry, he's no par with Chaplin in an way. A clown with a spirit is with a crown, a clown without a spirit is just a clown.",1
Life Is Beautiful,"A nasty little bit of Holocaust revisionism, one wonders whether anyone who liked this film actually thought about it. Sure, Benigni is winsomely charming, but what is he trying to say here? That the concentration camps were not so bad, or at least survivable if one kept one's head or tried a little humor? The film trivializes the deaths of 6 million, while letting everyone else breath a little easier for not having to face, even at the big screen's remove, the completely dehumanizing horror that was Hitler's death machine. If you think ""Life is Beautiful"" is sweet or uplifting, I invite you to watch ""The Last Days,"" the Spielberg-produced documentary of Holocaust survivors, or even to see ""Schindler's List"" again. There was nothing sweet about it.",1
Life Is Beautiful,"It is difficult to watch this problem-ridden film. The lead actor often mouths the dialog of the kid as the little kid speaks his lines. Whenever the two speak with each other face to face, the man is mouthing the words as the little kid speaks.

As the German officer and waiter attempt to secretly speak with each other in crowded rooms, their body language and darting over-the-shoulder glances REEK of guilty activity. A flashing neon sign over two 6-year-olds as they try to steel mom's cookies as she is at the nearby stove stirring the soup. Come on, with a room full of high functioning adults, EVERYONE would notice their dumb behavior.

The first half of the film contains little more than over-acted clowning. In the second half, nothing plays true. What this movie needed was some self-aware sarcasm, some winking sign of intelligence.

The camera work is all right. However, the background music used seemed lifted from carnival rides.",1
Life Is Beautiful,"I found this movie strangely unemotional, and to be honest, I wasn't sure if I was insulted or not. By the end, I didn't care one way or another. As long as I didn't have to listen to that man any longer..Benigni needs an editor on his dialogue. I did enjoy Horst Bucholz's small part, but it was lost in this movie.",1
Life Is Beautiful,"This is one of the worst movies I have ever seen. Not only is it appallingly badly directed and boring; not only is the humor and so-called acting amateurish at best; this film is trying to make some points about the Holocaust that are utter lies!

Anyone with even a minimal understanding of the Holocaust would have to first of all discount ANY movie which purports to make the subject into a comedy, of all things. I hated the Chaplin movie, ""The Great Dictator,"" for the same reason.

But that's not the only problem here. The distortion of reality presented in this movie is abominable. Concentration camps were not sleepaway camps where you could just hide your kids in safety if you were clever enough. I really don't want to go into the horrific details of what concentration camps were really like; I don't think that is appropriate in this forum.

Even if it were possible to keep your child hidden away in a camp, I question the legitimacy of making an obviously murderous regime into a silly game of ""points"" to win a tank, just to shield your child from the cruel truth. I am sure that any child in a concentration camp (who would have survived, which was virtually impossible) would have been all too aware of what was really happening. I see the hero's attempt at shielding his child as lying, plain and simple.

The thinly-veiled insult contained in this movie is: if only all those poor victims of the Holocaust had only had a sense of humor! Then of course many wouldn't have died, and there would have been so much less suffering. I really hope that anyone reading these lines gets my sarcasm here.

But the worst thing about this atrocious movie is the way it has rewritten history. The only other people who are doing that on the subject of World War II are neo-Nazis, I'm afraid.",1
Life Is Beautiful,"How far will Benigni go for a few laughs and tears? Very, VERY far. Here, after all, is a film which portrays concentration camps as loosely structured playgrounds, Nazis as inept buffoons, and its hero as a lovable trickster, able to come and go as he pleases. It's ""Hogan's Heroes"" with a violin ending. But let's be fair. It's not the historical inaccuracies alone which make this movie such a shining example of cinematic bull****. Credit must also be given to its shameless sentimentality, bad jokes, shoddy plot, and the flagrant narcissism of its ""creators"".

And to my fellow reviewers who maintain that this is not a film about the Holocaust but rather the importance of familial love, I should like to say two things: One, you're confusing the film's theme with its subject, and two, if Benigni didn't want to make a movie about the Holocaust then perhaps he shouldn't have SITUATED HIS STORY IN A NAZI CONCENTRATION CAMP!!",1
Life Is Beautiful,"When I rented this movie, about 2 years ago, I thought I was going to love it. It already had an Oscar and the ratings on IMDb were very high, so could it not be great? It was a BIG disappointment! I thought `Life Is Beautiful' lacked consistency most of all. It this movie was a Holocaust fairy tale (!?) for everyone to enjoy, it should have ended with the nazis and prisoners dancing and kissing each other, because `love conquers all'. If it was a comedy, I should have laughed more than twice. And if it was realistic, it would have ended sooner and tragically. Fortunately, my family didn't experience the Holocaust, but I have read enough about it and seen enough pictures, that I can never understand how you cannot be offended by this movie. I think a lot of people don't realize how wrong it is to trivialize the Holocaust, because it doesn't seem real to them. Can anybody even imagine a comedy about 9/11? I didn't think so. Maybe 50 years from now, when it doesn't seem so real and tragic.

Last week, I watched `Train Of Life', an European co-production about the inhabitants of a small Jewish village in Central Europe who organize a fake deportation train so that they can escape the Nazis and flee to Palestine. The subject seems as unrealistic as LIB's, but the very surprising ending makes the movie brilliant! I absolutely loved `Train Of Life', the story, the acting, the music, the humor, everything about it!

I wanted to learn more about Radu Mihaileanu, the Romanian director (a Jew himself) and found an article from ""Le Nouveau Cinema"" (feb.1999), entitled ""Inferno Train"". According to ""Le Nouveau Cinema"", director Radu Mihaileanu, who also wrote the script for ""Train Of Life"" wanted Roberto Benigni for the role of Shlomo, ""the village foul"". He sent the script to Benigni in 1996, but was refused politely. Strangely enough, less than a year later, Benigni was directing his own Holocaust comedy movie! Having trouble with finding financing for his movie in France (because of the delicate subject), Mihaileanu started filming a year later. This delay was more than enough for Benigni and his `La Vita E Bella'. His movie was out in theaters in Italy, during Christmas, while `Train Of Life' was still in editing. Because of the scandal surrounding the 2 movies, Gilles Jacob, the person in charge with the selections for Cannes, refused both. After Miramax bought the rights for `Life Is Beautiful' for 7 million dollars, the movie was finally selected for Cannes! In spite of everything, `Train Of Life' was nominated and won awards (about 9) all over the world. It even won the Audience Award at `Sundance' (tie with `Run Lola Run'). I recommend `Train Of Life' to everybody!",1
Life Is Beautiful,"Life is beautiful, but man is not. I felt strange as I left the theater for this movie, I was impressed by the imagination that poignantly proved that love and the human spirit could conquer all, even during the worst of times. The trouble was that the worst of times was the Holocaust in an Italian concentration camp, and I kept thinking - this is terrible! As time goes on and the Holocaust becomes a thing of history, and as less survivors are alive to remember the travesty that mankind let occur, Benigni is being praised for making a film that DOES trivialize some very serious subject matter. History that is only half a century old. I think the film itself is a noble and creative effort, much like the characters in the film, but the cartoonish depiction of genocide and desperation did not sit well with me. The audience I was with laughed and cried on cue. They were manipulated. Just like the Nazi's were manipulated in Germany. I'm sure Benigni's intentions were noble, but noble intentions don't merit unconditional praise and Academy Awards. Maybe we should feel good for the child that was saved form the horror of his situation, and then maybe we should pity him for his ignorance. I'm not so sure, but I'm not laughing and crying on cue. I didn't hate this film, but I don't understand how one could love it.",1
Life Is Beautiful,"According to some people, Life is Beautiful is one of the best movies of all time, and for some, the best movie of all time, yes, because the movie seems sweet, right? How? There is a family, we watch how the father and the mother meet, oh! how romantic and warm it is. Many people like such things, the meeting stories. Sometimes, it begins with saying in a rainy day... In the first half, we see some superficial slapstick comedy. Comedy is different, tragicomic is different, Life is Beautiful is not tragicomic till the final that shook me a little. It is clearly seen that Benigni inspired from Charlie Chaplin movies, but if you ask me, his film, Life is Beautiful cannot be even ""C"" of Charlie Chaplin movies. People say that the first half is comedy, the second half is tragedy. No. There is nothing devastating or shaking in the movie. Benigni runs after only romance and comedy and little drama, but he does not show anything to us about the conflict or the intensity of the situation. If the story had been told in a different way, with a different mood (tragicomic and serious), it could have been a masterpiece. The idea is brilliant (a father who tries to conceal the (bitter) fact from his little son by saying all this is a game in a concentration camp), but the execution is zero. However, also the movie was excruciatingly boring, I don't know how did it happen, but for me it is the same as Fellini's Otto e Mezzo in terms of lacking interest. The (too heavy?) style including cinematography is lack of effect, lack of cinema feeling, thus the movie is lack of real art and even heart! I couldn't feel anything for the situations of the characters personally and the heartwarming, heartbreaking tone of the film didn't seem me sincere (I mean made for audiences) If you think that I exaggerate too much, please watch The Pianist or Schindler's List again to be sure (both are excellent movies by the way) Roberto Benigni was not the right person for this project I believe. His approach, execution is the same as street theater or child theater which no objection, but for such a story, almost unbearable. Yes, also the movie is not realistic, but it is not important, welcome to this fantasy, an alternative history or an inventive story, but as said, the movie can't carry that great idea.",1
Life Is Beautiful,"This movie is possibly the most wretched abomination I've ever been forced to endure. Never was I amused, stimulated, impassioned, engrossed, or even interested. Divided into two independent halves (which in and of itself isn't necessarily bad), it proceeds to bore and insult the unfortunate viewer with two seperate stories. The first of these unlikely tales involved a horribly contrived and utterly loathsome tale of a man and a woman falling in love. Basically, he drags her around the city to various locations where he knows something specific will happen, such as a man tossing a set of keys down from a second story window to a locked-out friend, and she falls in love with him. Whoopee. Nothing is done here that hasn't been done a thousand times over in better movies. The second half amazingly and deftly trumps even the first's diabolical drabness by continuing its utter bore-fest, but then contributing what may be the most insulting, degrading, and unholy storyline ever to grace (or in this case, curse) the screen. The filmmakers evidently thought it appropriate and amusing to have a good chuckle at the expense of all of those sustained and killed in Nazi concentration camps, as the one in this film is depicted as more of an expensive resort than a death camp. Of course, there were token scenes that showed a death or two, but never was the horror ever at the focus of the story. (This may have worked if the picture had anything else going for it, such as a storyline, but sadly such amenities are absent from this stinker.) I am shocked at the poorness of this movie, and I walked out asking myself something that years of exposure to the supposed decay of society, American pop culture, had never caused me to wonder: ""Is nothing sacred anymore?""",1
Life Is Beautiful,"What starts out as a bad slapstick romantic comedy degenerates into an insulting travesty. The story is about a father who wants to shield his son from the horrors of the concentration camp by pretending its all a game. The prize if they win is a tank - how ludicrous. At least the beginning was innocuous. I was not insulted on a religious basis, rather on a human basis. The Holocaust was one of the worst moments in human history and to see it played for laughs turned my stomach. And then there is how annoying Benigni is; his presence on the screen is enough to set my teeth on edge. LIFE IS BEAUTIFUL doesn't even deserve the one star I have to give it.",1
Life Is Beautiful,"What an awful movie. This is supposed to be a perfect match between drama and comedy. It has missed the nail on both counts. In fact it misses every nail you can think of. It is badly acted, totally incredulous, unbelievable silly extremely childish jokes, no tension whatsoever. I only liked Benini (a lot) in Down by law. Watch the movie to check what a lot of other people say, and wait to be heavily disappointed like me.",1
Life Is Beautiful,"I find it awfully strange that everyone is embracing a movie that strips the Holocaust of any of its meaning. This movie asks us to laugh at the events transpiring on screen, but not to feel or understand any of the horrors.

Benigni would have done his film a lot of good had he given us more of a feeling of how the people's lives were in terror. Then, the message of the transcendence of love and life would have been so much more powerful. Instead, he merely laughs everything off, giving us the feeling that even he's not taking his subject matter too seriously.

So, in the end we are left with a movie that trivializes the Holocaust - and people should be ashamed that they think so highly of it.",1
Life Is Beautiful,"I was very unpleasantly affected by this movie. It was in fact one of the worst movies I have ever seen. To begin with, it seems to me that the Holocaust is one of the most unsuitable subjects to try to make some kind of comedy out of. First of all, it has to do with respect for the survivors - some of them who are still alive - and their children...

And then, the action is totally unbelievable and unrealistic. Of course, no one could hide a child for that long in an adult barrack in a concentration camp! Furthermore: of course a prisoner could not get around like that, and suddenly act as a waiter for example just because it was suitable for him at the moment. Where did he get the appropriate clothes just like that, for example..? And then I have not even started yet, on how the father, the son, and the other prisoners could be so clean, well-nourished, and healthy-looking...

I think this movie simply should never have been made..!",1
Life Is Beautiful,"Unfortunately it wasn't the sick feeling that came from the tragedy of the Holocaust but the mockery Roberto made of it. SPOILER ALERT!! I will not be considerate of you who have not seen the film so read no further if you don't want to know what happens.

The movie at best was Ace Ventura meets the Nazis. The reason why? Because the whole world around the spastic lead character seems normal while he does absolutely insane actions. Yet his actions, which would have him killed within a minute of being in the camps, don't get him killed until the very end when he could have actually avoided it. It saddens me to have such soulful performances of the Holocaust victims and such realistic settings wasted on such terrible mess of a lead character. Don't get me wrong, I think one is allowed to bring humor to such tragic times, but the juxtaposition of the realism and silliness was too much here. Tragedy with humor deserves restraint.

For those who want to know more about the Holocaust, I would recommend the Pianist or the Maus books or go to Dachau, but don't see this.",1
Life Is Beautiful,"I'm in the minority of people who hard a very hard time with this movie. Yes, there was much that I appreciated about it, especially the magical romance in the first half. When the action moved to the concentration camp, I wish I had followed my gut instinct and turned the movie off then and there.

Setting the rest of this movie in a concentration camp just doesn't work for me. I cannot ignore the knowledge that great cruelty and unimaginable suffering occurred in places like this.

If you are a sensitive person, I suggest you skip this movie. It'll rip your heart out by making you care so deeply about the characters and then.... well I don't want to give away the ending. Let's just say, I was left very sad, NOT uplifted at all.",2
Life Is Beautiful,"We've all seen our fair share of somber movies about Nazi Germany and the holocaust. Some of them are rightly on the IMDb Best-Of list (like Schindler's List). But have you ever seen one centered on humor and comic relief? No? Well, there's a reason for that. The way the main character, a goofy Jewish man in Nazi Germany, behaved lightheartedly right up until the Nazis did their Nazi thing was just absurd and frankly disparaging. His survival was clearly at stake, yet he

naively continues to look at the bright side of things as if everything is wonderful. To me, this movie is on the same level as one of the old movies with ""happy slaves""; in both cases, the character is depicted as being too stupid to realize they're in a terrible situation.",2
Life Is Beautiful,"As a movie this film ain't too bad. Quite a nice first half, with a beautiful setting and charming humour. However, Benigni deserves an absolute panning as he has basically stomped over the bones of 6 million jews in the concentration camps so he can reach the Hollywood summit. The premise of this movie is absolutely impossible. Anyone with any knowledge of world war two history would know that this is a disgracefully inaccurate depiction of a concentration camp, as it appears much more like a home for POWs than a location for the extermination of a race of people. However, clearly this would have prevented the movie's creation, so he chooses to ignore the facts and ploughs on regardless. Frankly, I found this movie deeply offensive, and those who regard this as a triumph of love over despair, should rather view it as a triumph of one man's ego, and a viewing public's wilful ignorance, over reality and respect for the dead.",2
Life Is Beautiful,"...And it's skull cracked as it landed. Instead of feeling real in any way, this is the most contrived, artificial thing I've ever seen. Instead of being a powerful portrayal of a problem that touches us all, this is a weak attempt to show people overcoming a threat that is portrayed very badly.

After a somewhat effective opening scene establishing Guido the main character, we start story A. ""Guido(who is so poorly portrayed that you will never for a second stop thinking its Roberto Benigni) meets a beautiful woman who has to abort her wedding and go off with him."" Forget the fact he is able to meet her only through an extremely belief-straining series of coincidences which really aren't that funny, but the idea that she feels compelled to even cope with, much less love, a guy who flails his arms like he's on fire and speak like a kid on crack to her is impossible to believe.

Story B: the over-hyped holocaust comedy section. People wonder how Guido manages to keep his son in the dark about what's going on around him (which is very questionable in and of itself ethically) The answer is that what happens simply does not reflect the holocaust properly. There isn't the hideous lice problem that existed, offices are left unattended so that Guido can go in them and make a disgustingly sweet moment by playing a record to the camp, piles of dead bodies do not result in the stench simple logic requires they would have, etc.

Forget being indignant, just the irritation was reason enough not to waste your money.",2
Life Is Beautiful,"Odds are that any Italian movie without Sergio Leone in the saddle ain't worth the coppers on a dead man's eyes and this flop pie proves the point! ;)

The pieces and parts were well-enough constructed but the stitches to bind them were done with the wrong material and tailored by the village simpleton. I wonder if the director and actors knew that the saddle horn goes in the front since it seems to me they must have had it turned around the other way.

So many glowing reviews and awards speak to the old saying that ""there's no accounting for taste"". While I prefer beef, horse meat would have been more savory than what was served up to this viewer. I'll say that, to me, this tastes like another name for mule and Mr. Bellini seems like a bit of one his own self! hee-haw ;)",2
Life Is Beautiful,"I'll stay brief on this, because I think this is an annoying movie. Not that I don't like its idea, because that's the only thing this film is bold in- what got me angry is the way it was done. The first half of it is comedy Leslie- Nielsen- style, read: nonsense. Entertaining?- yes; intelligent?- no. And worse, the second half is a terrible tearjerker. I wasn't at all moved by it as everybody told me I would. These two halves don't flow naturally into one another and you get the feeling you switched channels to watch a whole different and not even better film. The characters felt like in a comic-book and I do believe Benigni's character should have been more tragic than he was.",2
Life Is Beautiful,"I was tempted to be snide and nasty toward all the people who were so touched by this movie. And then I realised how pointless that would be. Why criticize people who want to be uplifted by this film? It would be so negative of me, and I won't do it.

So I'll just disagree. Say this movie is not very good, and should not be accepted as a Holocaust movie. And admit one thing I can't get over.

How can this movie be rated in the Top 250? How can people consider this movie better than 2001: A SPACE ODYSSEY, THE CONVERSATION, THE GRADUATE, THE SEARCHERS, YOUNG FRANKENSTEIN, ON THE WATERFRONT, THE DAY THE EARTH STOOD STILL, DUCK SOUP, FARGO, ONCE UPON A TIME IN THE WEST, THE WIZARD OF OZ, LA STRADA...and so many more great movies.

Please, people. See more movies. And get some perspective.",2
Life Is Beautiful,"I've seen Schindler's List and The Pianist, and consider both excellent. I've also watched video's from Spielberg's Shoah foundation, and read many books and accounts. Pál Turán's stories, for example. I've watched Hogan's Heroes, and the disastrous Pinocchio.

Roberto Benigni has a particular ""I can get away with anything"" style that spoiled the movie for me. For example, he slowly rides a green-painted live horse into a fancy restaurant, has a long conversation with a bureaucrat that hates him, steals away a girl, and a large egg that happened to be right over the bureaucrat's head splatters on him as Benigni slowly rides away. No-one tries to stop him. Earlier, Benigni is getting away from the same bureaucrat on a bicycle, and collided with the girl. But as they start to talk, the bicycle is abandoned. It's just a movie prop, after all.

This pervasive unreality saturates the film. Benigni isn't acting appropriately anywhere, so it's unsurprising when the Nazi's act with deference to him throughout the last half of the film. All the Italians are good, only Germans are bad (and just mildly so). The Germans are also dumb as bricks.

I probably would have liked this more if I hadn't seen Pinocchio first. I did like the boy and many of the supporting players. This could have been a much better film with more reality and thought. A poor person would never abandon a bicycle. There's a good Italian 1948 movie by Vittorio De Sica on the topic.",2
Life Is Beautiful,"Benigni; an Italian actor, screenwriter, director, and (lets not forget) comedian, won an Academy Award for Best Actor, after portraying Guido – an Italian Jew who manages to conjure-up humorous stories at a concentration camp where his wife and son are captive. The only excuse for his behaviour is the need to cloud the truth from his son Joshua. Whether this reason is enough to mock the true horrors of the Holocaust is a debate of its own.

After moving to Arezzo, Guido intends to open a bookstore. Here, the director begins to implement Fascist undertones, such as the Fascist leader who refuses to give Guido a signature to allow him to open his own bookstore. Guido then realises that Dora, who later becomes his wife, is the head Fascists fiancée.

For a while, 'Life' does actually seem 'Beautiful', and Benigni's comedy is plausible. The film hints very little anti-Semitic references in the beginning, until Hitler's army evict Guido and his son, Joshua, from their home and guide them to a concentration camp. After Dora manages to track them down, she is voluntarily allowed to join the captives.

Guido and his son, along with the other male captives, are sectioned off from the women. Guido reassures Joshua that this is his birthday surprise, and that it is a test of endurance which, in exchange for points will result in a 'prize', a life-size tank.

There is an awkward resemblance between him and the infamous Chaplin who was widely famous for portraying Hitler in a comedic fashion (most memorably 'The Great Dictator'). The difference however is that Guido's character, unlike Chaplin, was created long after the war, and at a time when the Holocaust was distant from becoming history, Chaplin's humour was taken at face value. Chaplin was later to apologise to the US for his portrayal of such

a serious event, and admittedly acknowledged that if he knew the true atrocities of the war, he would have reconsidered his approach.

Benigni's film however was released in 1997, a very sensitive and historical era. Many of the films that depicted the Holocaust during the 90's have proposed a serious effort to recreate the realism and stigma that revolved the captivation and mass murder of innocent Jews. Most memorably, Spielberg's seven-time academy award-winning 'Schindler's List' (1994) depicts a tremendously reckless vision of horror and the innocent murder of men, women and children. I cannot imagine to compare both films with the same frame of mind, which begs the question, should all films revolving the Holocaust be seen in the same way? Take a modern event, the 9/11 disaster, could you see such an event become apart of a comedy hybrid? It begs the question as to whether it is ethical for a comedian to direct and act in a film which is expected to have serious undertones.

Benigni had been approached on many occasions over this issue. He claimed that he was not making a comedy of the Holocaust, but instead a comic who lived through the Holocaust. If you take the comedy out of this film, you are left with a very pathetic approach to the true events inflicted by Hitler's army. There is a lack of reality, for example, all the captives seem clean shaven, the boy is miraculously able to hide for days inside the cabin without getting caught, and there is little emphasis on death. Shockingly, Guido is able to hijack a booth where he makes 'loving' and reassuring announcements to his wife Dora over a microphone, and is not left severely punished, or worse, shot! In the beginning, Guido even pretends to know German, and offers to translate the Nazi's instructions to the camp, whilst all along reassuring Joshua that it is a game, depriving the others of important information for their survival.

Such events are highly unrealistic, and any of these attempts would be treated without tolerance. Romance, comedy, and a hazardous attitude are probably the last things on a Jewish captives mind at the Holocaust. Furthermore, it is worrying when spectators laugh at Benigni's material, as it is definitely far from a laughing matter.

It's even more unrealistic when Guido dies from a gunshot (off camera of course), after getting caught trying to find his wife Dora. He instructs Joshua to stay in a sweatbox until he hears and sees no one. Soon the camp is dry, and the Nazi's are driven out by the American force, and Joshua is approached by a friendly American in a life-size tank. The boy rides the tank, and is soon reunited with his mother.

In Benigni's world of fiction, life truly seems 'beautiful', but it doesn't take much research to unveil the true horrors that came with the Nazi war effort.

I give this film 1 out of 5 for its unreal, thoughtless and inconsiderate approach.

Article By Screen Reverend @ www.screenreverend.co.cc",2
Life Is Beautiful,"Life Is Beautiful (La Vita E Bella) (1997) Released 13 years ago, but I only saw it now for the first time. I hate to say it, but... what a waste of time.

I lost interest about 20 minutes into the movie, then fast-forward the rest. I don't get the point of the movie. It doesn't work as a comedy: first of all because Benigni is just annoying (yeah, I used to love some of his movies once too. Now I find it annoying) and secondly because we get the point of ""presenting the holocaust to your son as a game"" and there's no need to drag it for another hour. However, the movie doesn't work as a drama/educational either: It just doesn't seem to take any of the situations seriously and it doesn't show the horrors of the holocaust. In particular, I don't get the entire first half of the movie - it doesn't have to do with the rest of the movie at all.

I didn't really find the movie offensive, just... a waste of a filmmaker's time and effort. It's funny that Benigni chose the prison camp uniform to have the same number as Charles Chaplin's uniform in ""The Great Dictator (1940)"", as I wanted to give Chaplin's ""The Great Dictator (1940)"" as the example of how to make a masterpiece, dealing with the same subject - while making a comedy. Yeah, it's not easy to make a comedy about the holocaust, especially if you want to make a point and have some serious under-layers. In comparison to ""The Great Dictator"", I would say that ""Life Is Beautiful"" is quite offensive - making fun of the situation instead of letting the viewer feel the horror and seriousness of it.

Let me give you a simple example from ""The Great Dictator"" to make my point:



This is one of my favorite bits. It's so funny, yet Chaplin didn't put it just for the joke - he put it there to show how cruel the Dictator is and REALLY teach about the situation and conditions. Benigni does just the opposite: He makes stuff up just for the sake of being funny - I couldn't find any value in his jokes or in the script in general.

To sum it all up, Chaplin entertains the viewers while at the same time letting them feel and understand the horror. Benigni completely detaches the viewers from the situation and his entire purpose is to make them laugh. Comparing Benigni to Chaplin is like comparison DreamWorks to Pixar.

I honestly don't understand how this movie got so many praises.

2/10 Horrible. Go watch ""The Great Dictator"" to learn how to handle this subject.",2
Life Is Beautiful,"Life is Beautiful made no noticeable impression on me. There were some well-rendered moments, but on the whole I found it to be a shabby movie. It's a hell of a lot better than most movies that get made, but that isn't really saying much.

Begnini certainly has some kind of endearing quality about him, but it's not enough to carry a movie, especially one so slightly composed and predictably directed. Indeed, that was the glossiest concentration camp I've ever seen onscreen, but aside from all of that, the part that seems to have most of an effect on the people I've talked to about this flick -- the story and characters -- were not enough of a presence to make any kind of stamp on my mind. This movie relies entirely too much on the work of other movies and on the memory of its audience. If you don't have the camp from Schindler's List or a lifetime of history lessons in mind while watching this flick, you'd have no idea what Roberto is hiding from the boy. There is that pile of bodies and that offscreen shooting, but they inspire nothing. They have no visceral power. That shot of the piled bodies only gets something across because it's expected in a Holocaust movie, not because it is a powerful image. You know what it is because Amon Goeth set fire to such a thing in Schindler's List. Taken by itself, the movie doesn't stand up insofar as it doesn't directly relate its characters to any real atrocity. It relies too heavily on the predjudices of the audience to carry its message across. I tried watching it from the perspective of a child, and I suppose it would have been a little better from a child's POV, but the thing is, a child doesn't have the knowledge of what Begnini is going out of his way not to show. It's a harmless movie that defangs its subject matter while standing up for something that is easy to stand up for. Thinking about this movie afterwards, I went from merely annoyed to just plain mad. What annoyed me about it was how the subsidiary characters were such cardboard mock-ups of human beings. The German doctor who really only cares about solving riddles, the brother that phones his lines in and then disappears, the good wife who shows up at the camp so Roberto can play that record for her, the other prisoners, and all the others that escape me at the moment, are merely foils for Roberto's pranks or the movie's message. This movie is accoladed in the way it is because it says that the Holocaust is bad. And these accolades come despite the shabbiness of its construction. Schindler's List says essentially the same thing, but that movie achieves greatness because of the sheer power of its imagery, the indelible humanity of its characters (on both sides), and the personal conviction behind it. Begnini remade an old Jerry Lewis movie. I went in looking for a great movie because I was told by many people that it was great, but that is not what I saw.",2
Life Is Beautiful,"This is really two movies: the first an awful slapstick comedy, the second an insulting fantasy.

In the first half we are treated to Roberto Begnini (whatever) doing a really bad Italian Robin Williams impression. Boring us with poor comic timing, annoying screen presence, and thoroughly obnoxious rapid-fire dialog that just grates on one's nerves. His clown-like appearance only emphasizing how unfunny he really is. At this point I was ready to turn it off. But lo and behold, the movie then totally shifts into some sort of Italian Hogan's Heros (not to be confused with Stalag 17).

We are treated to the mystifying insistence of the wife, apparently a non-Jew, demanding going to the concentration camp where her husband and son are being taken. Guido, the main character, mugs and clowns unmolested all around the camp, which is oddly squeaky clean. He manages to caper about, while semi-hiding his small son, and only has to carry an endless supply of obviously fake anvils from point A to point B.

This is not a concentration camp, not a work camp, it's more a summer camp. Everyone plays hard, but stays clean and reasonably well fed. This is a bad movie. Because its funny parts are not funny, its gritty parts are not gritty, and it demands no emotional connection to its poorly acted characters.

Oscar? Puleeze!!!",2
Life Is Beautiful,"*SPOILERS*

For me, there is a very obvious dividing point between the two parts of this movie: the scene where Dora comes home with her mother and realises her family has been deported. From then on, from that open door showing a devastated and empty apartment that painfully jerks you back from the fairylike world of comic knights rescuing princesses in puffy pink, nothing can be the same; yet the makers of this movie carry on as though it were. The first part works just fine in its way (that of course depends on whether you like Benigni's style at all or not), although it is pretty inferior to his other films. The second is quite simply awful. Fairytales can be incredibly cruel (and most of them in fact are), and there is nothing a priori wrong with trying to present a concentration camp situation in terms of a fairytale (although I suspect you'd need incredibly good writing and a totally different kind of actor). The problem is, here it was done badly and in a completely wrong way, because they had failed to understand they could not use the SAME fairytale as in the first half. As a result, what we actually get is a Viennese operetta. One feels one is watching `Die Fledermaus', complete with bumbling soldiers and in-and-out-of-the-prison-cell shenanigans.

The whole premise - telling the kid it's all a game and acting up to support the lie - that so many found noble and heart-rending, is for me simply beyond stupid and irresponsible. I can almost hear a chorus whining: `Awww. but he's doing it for the kiiid.!' It matters zilch whether he's doing something `for the kid' (filmmakers so often assume that they can simply put a child in the movie, and the audience immediately send their brains on a tropical holiday; sadly, it works); what matters is WHAT he is doing. And what he does here would have killed his son, himself, and many of his comrades (incidentally, it is made so very obvious that they really don't mean anything to him; what are so many lives compared with his own child's dubious emotional comfort? Their survival literally depended on understanding the camp rules, but of course they have to be made unwilling participants in a silly game devised for one child's benefit - and it's not even that - instead. So where is this humanism everyone is gushing about?) within the first few weeks. There are two things he could have done, for different reasons: he could either simply have told his son the truth, and thereby equipped him for at least trying to survive (after all, it's a very smart child, as we learn from the first part - although how a smart child would have gone for months believing Guido's story in that environment is beyond me) and prevented him from unknowingly jeopardizing others; or lied to him to shield him psychologically before inevitable death comes. Perhaps a fatalist would indeed have chosen the second option, but only an idiot would have mistaken it for a survival strategy, and from then on Guido looks more like a real fool than a clown playing one.

There are some powerful scenes in there: uncle Eliseo helping up a female guard who has tripped while herding him into the gas chamber; the riddle-obsessed doctor asking Guido for help (although you can see that one coming from miles away), but they are lost in all the incongruous clowning and sentimental schlock - like the inexcusable scene of Guido making a whole idiotic speech to his wife on the camp's loudspeaker system. Even leaving aside the implausibility of his ever getting the chance, the sheer stupidity of the very idea, and the certainty that he and Giosue' would have been killed on the spot for such a transgression (before that, we heard how every child is to be killed, and so Giosue' is hidden, yet now the Nazis find him happily babbling into the microphone and nothing happens?! Are we all supposed to be on the toilet at this point and so not notice?) - what is the purpose of that speech?! Having the oh-so-cute line `Buongiorno, principessa!' and similar inanities that just don't belong there repeated yet again? For the purpose of letting her know they're still alive, one word would have been enough. In the end, even his death somehow manages to seem unreal. Instead of shaken and saddened, I was left rather relieved I did not have to support this selfish and foolish person's annoying presence on the screen anymore.

""La vita e' bella"" contains a lot of superficial ""joie de vivre"", and doesn't want us to think much, as though encountering unspeakable evil were the same thing as grabbing a quick bite; and this movie is a cinematic equivalent of a pizza fast food chain.",2
Life Is Beautiful,"Once again Mick LaSalle, movie critic for the San Francisco Chronicle hits it on the head. Mick is one of the few, non follow the leader, mainstream movie reviewers.

To me, the movie crossed the line into Hogan's Heroes territory. I felt the movie trivialized the Holocaust. The ""hero"" makes the great self sacrifice at the end but life was too easy in this movie.

I didn't find the humor to be uplifting or awe inspiring ie: Chaplin and/or Keaton.

And, of course, the world media went ga ga again. Roger Ebert stating that if you didn't like the movie then you were probably a right wing fanatic.

Oh well, it's now 10 years later, is this picture still a classic?",2
Life Is Beautiful,"Ugh! Roberto Benigni's attempts to use Chaplin-style humor as a balm to soothe nightmares about the Holocaust make a mockery of both him and the historical events his film depicts.

I'm not offended by the humor itself -- Mel Brooks proved that you can make Nazis funny. My problem with this movie is that the humor is done badly; Benigni is irritating and painfully unfunny. And when the film isn't trying to be a comedy, it's unbearably maudlin and sentimental.

""Life Is Beautiful,"" like ""Cinema Paradiso,"" is a foreign film for people who otherwise never watch foreign films.

It's got a nice score, I'll give it that.

Grade: D",2
Life Is Beautiful,"Being offended or not by the way the Holocaust is depicted in this movie is a matter which belongs to a person's feeling, and nobody has the right to judge other's feelings. Sure, I would not like to be a Holocaust survivor and to be forced to watch this movie, because I would be probably deeply offended.

Personally I was hurt by the extreme superficiality and by the several nonsenses which create really unbelievable situations. In the movie the tragedy is deliberately turned into a tale, from a father to a son, for the psychic survival of the child. But the fiction of the ""game"" must be confined to the child eyes, and not extended to the whole scenario of the camp. In this way, the show is irritating. From a mere artistic point of view, the movie is not very well directed and acted. Ideas are ""old"", gags on Nazis, on their way to speak and march, are boring and annoying. Once again, Nazis are shown mostly as stupid and their behaviour arouses mirth. Tragically, they were not !

The great success of the movie in U.S. is amazing. I only hope that young people, facing for the first time this page of our History, will prefer to read books and watch documentaries or, if they like modern movies, Spielberg's ""Schindler's List"".

P.S. Please, do not compare with Chaplin's ""The great Dictator"" (1940) ... that was conceived and produced DURING the WWII and not 57 years after!",2
Life Is Beautiful,"I had to fast forward many times while watching this movie. It is packed with the worst Hollywood stereotypes (including its soundtrack) and generally belongs to the same category as the numerous ""Titanics"" that try (and succeed) to impress their sentimental audience. No wonder it won its Academy Awards. No wonder it had such a huge success among the folks that generally don't watch foreign language movies. I'm not a big fan of Benigni. Although he was good in Jarmusch's movies, he's no Chaplin. A couple of scenes in Life is Beautiful are funny though, and for this only reason I give it 3 out of 10",2
Life Is Beautiful,"In spite of its ""message"" about the human spirit I did not feel this movie worked. I'm sorry to rebuff those who thought it was great including my favorite movie critic but I don't think the ""message"" in a movie make it rise above its trappings. If it doesn't look real to me it fails as a movie no matter how lofty it's message.

I didn't like it and here is why: This movie tries to be a lot of things it is not. At first it felt like Fellini – crazy Italians! But it is not.

Then it tries to be Phillie de Broca in ""King of Hearts."" But it is not.

And don't forget ""Captain Corelli's Mandolin."" which is about Italians during the war but takes place in Greece and is apparently a true story.

High ratings for all of the above – but alas not ""Life is Beautiful."" It's a sad story but the whole thing feels like a stage set which it is. Especially the prison camp which is too small and clean to be what it represents.

If you want to see a dark comedy about Nazis watch ""King of Hearts"" again. At least it is funny.

Or, if you want to get the message watch ""Captain Corelli's Mandolin."" After all, this is not a stage play; it is cinema, in a world where ""Avatar"" will win Academy Awards this year.

This movie also has all the hallmarks of a soap opera.

Who dies and who lives and why ""and guess who shows up at the end"" is one for the classic soaps.",2
Life Is Beautiful,"In my view this is an awful film. Cliché ridden, woeful acting, idiotic storyline. Does anybody honestly believe that this otherwise smart kid would continue to believe the stupid story about the point gathering game ? Did we lose something in the subtitles ?

This is a totally unfunny comedy (unless one thinks that falling on the floor or getting an egg squashed on one's head is absolutely hilarious. I used to but I haven't for more years than I care to count.)

In my view, associating slapstick (and bad slapstick at that) with something as tragic as the holocaust borders on blasphemy. I felt sick in seeing this giggling buffoon prancing around trying to get a laugh in a concentration camp decor.

Throughout the presentation, I couldn't make up my mind whether that main actor reminded me more of Jerry Lewis at his worst or of one of the three Stooges, except that the latter comedians did at times succeed in making people of their era laugh. They did not always take for granted that laughter being contagious, all one has to do is giggle intermittently and the laughs will follow.

And no, the short scene depicting the bodies does NOT make up for the general lack of sensitivity displayed in the other 99.999% of this movie. In fact, this scene seems totally out of place in the storyline, as if the actor had mistakenly walked off the set. ...As if the ballet dancer had stepped on your toe.",2
Life Is Beautiful,"Don't get me wrong, this movie was like 50%50 in my opinion

First of all, i had zero emotions during this movie, it was so awkward the whole time.

The script, the pacing and the cinematogophry was not good and honestly the whole point of this film was to make the watcher cry in the end but it was not THAT emotional too. They cal Roberto Beningi the ""Italian Chaplin"" but honestly he does not stand a chance against him.

Overall a bad film but it's not the worst, maybe they could've make The Holocaust a little bit realistic.",3
Life Is Beautiful,"Didn't work as well as intended, but this is a brave and affectionate realisation of life during the Holocaust. I asked myself after watching Life is Beautiful, is it really overrated. Well, maybe a tad, but I can really see why people like this movie.",3
Life Is Beautiful,Life is very much beautiful i think its wonderful movie. wish to watch it. thanks.,3
Life Is Beautiful,"I don't know how Benigni won the Oscar for best actor, his performance is theatrical and completely over the top. The first half of the film has almost nothing to do with the war and holocaust. We're hardly shown any of the horrors that took place or the suffering that people went through. Watch The Pianist instead.",3
Life Is Beautiful,"I still do not get into my head, a subject as tremendous as this, I do not know how you can treat it in the form of laughter. The film has ended and I feel very bad, but not because of what the film tells me and that has influenced me a lot, no, but because it seems almost an insult to me to treat this subject as if it were a joke. I must be the only person who feels this way, as far as I can see, but I can not help it. Your intention will be good, but for me, you will not get it at all.

I imagine that the fact that this comedian, has touched such a dramatic fact, will have been what gave him the power that gives him everything much, but for me, it is still a forgettable film.

He does not have a nice picture. It does not have nice blueprints. Your address is normal. The actors can not avoid being very Italian, without the spirit of being derogatory if not as an adjective.

It has a great production behind and that only tells me, what a great waste of time and money, could have made a good movie.",3
Life Is Beautiful,"I'm a big fan of IMDb and I was really excited to watch this movie as it was rated at #55.

When I finally had a chance to watch this movie, I was really disappointed.

I've seen many holocaust movies like The Pianist, schindler's list etc, considering the good reviews for this movie, my expectation level was really high but I'm afraid this movie did not meet my expectation.

The so called comedy of the lead character just made me laugh at few places, apart from that there is nothing in the first half and second half was very disconnected.

I was just wondering what made the female lead to fall for this clown? nothing was properly established in the movie.

Half way through the movie, story takes an sudden twist and travels to Nazi & JEW problems of WW2.

Here are few scenes which were really artificial 1. The female lead commanding the German guy to stop the train and ask her to let in and he immediately does.

2. The male lead and his kid roaming around the Nazi concentration camp very freely.

To summarize, the first half of the movie was just 'ok', second half was ridiculous.

My rating 3/10",3
Life Is Beautiful,"Making people laugh about Concentration camp is a courageous if dangerous endeavor, especially as a wave of neo-Nazism sweeps over Europe. Laughing is a serious matter, however, as Begnini seems to believe, and why could it not make us discover new aspect of the Nazi horror? Well it could but in the case of Begninis's film it does not. The film is less a film on concentration camps than another love story, of a man and a woman and of a father and his son. The Holocaust is turned into a banal jail the Jews project (I particularly resented the depicting nearly every prisoner as Italian speaking, in itself a highly unrealistic assumption) to serve a melodramatic story. Italy has produced with Primo Levi's self-biographical book If This is a Man one the strongest account of life in Nazi's concentration camp to date. Begnini's film is indeed an insult to Levi´s masterwork. Read Art Spiegelman's Maus: A Survivor's Tale comic strip on the subject instead.",3
Life Is Beautiful,"After hearing so much about ""La Vita è Bella"", I was excited when I discovered that I was to watch it for an English course. I had heard mixed things beforehand, from family, friends and critics, so I wasn't sure what to expect. Despite Benigni's over-acting, I quite enjoyed it for the first 45 minutes. However, when Guido (Benigni) and his son Giosué are sent to a concentration camp, my views quickly changed. Guido decides to hide the truth from his son, telling him that it's all just a game, and that in order to win, he must obey the Nazis. Even at the risk of losing his own life, he tries to make Giosué laugh. I was offended by the way Benigni turned such a serious situation into a light-hearted comedy/drama. The Holocaust is not something to be joked about, under any circumstances. All in all, there was good cinematography and performances, but the tone of the movie made me feel sick.",3
Life Is Beautiful,"Schindler's List. That is the film you should watch if you want to see an amazing film about the holocaust. This movie starts as a 40 minute long unfunny comedy, I smiled once during the first half. Then the tone changes and the movie suddenly becomes about the holocaust and how a father tries to distract his son from the brutal actions of the nazis. The movie isn't terrible as the second half more or less is satisfying enough to save the film but it still isn't good enough. I honestly became bored about all the ""this is a game"" talking between the father and the son. My intentions was to watch a movie about the holocaust but this barely qualifies as one, it is pretentious and overrated. The score was good though.",3
Life Is Beautiful,"I don't get the hype on this film at all. The comedy and plot are inane. It is too bad that it had to be about something as nontrivial as the holocaust.

It was just plain bad, plain stupid, and plain boring.",3
Life Is Beautiful,"I found this film to be an average an unneeded look at World War II. What a unique idea - let's do a film on the holocaust of World War II - it was unoriginal, unrealistic and draining.

I love most of Roberto's earlier films like Down By Law and I was wanting to enjoy this, but I couldn't.",3
Life Is Beautiful,"I saw this movie about 15 years ago and I rated this movie when I signed up in IMDb 7 years ago. Today I watched it again and I'm telling you, I immediately updated my rating. Same thing happened when I watched Hitchcock's Rear Window again.

First 50 minutes of the movie was neither funny nor dramatic. The rest had a few such moments. Maybe it's considered a classic movie that every movie geek must watch. Maybe it was good those days. I didn't like it as a 8.6. I don't know how this got #25 in IMDb.

I give it a 3 for its main idea and some scenes that I think will always be new. I put it in my Worst-Movies list. Because I don't want other people to waste their time.",3
Life Is Beautiful,"Roberto plays a very, very nice guy. He speaks lots of supposed-to-be-funny lines, unfortunately he's the only who laughs. Roberto marries a very, very nice girl whom he adores like a princess, then they have a very, very nice boy. This Jewish family is perfect.

The tearjerker formula is to throw the happy family from heaven to hell, so they're sent to Nazi's concentration camp naturally. The very nice daddy lies to his very nice son that this is only a contest game. Upon seeing those miserable prisoners wearing dirty clothes, this bright boy is still idiotic enough to believe daddy's words. The actor-director's trick is that no one in the background is allowed to say a word except himself, so the boy wouldn't hear any complaint from those poor Jewish.

Everyday Roberto and other prisoners are sent to work, he simply hides the kid in their bedroom where there's no food, water, or toilet. I suppose there's no need to explain how the kid can survive to the viewer either.

Though the depiction of concentration camp, built purely from Roberto's mind, is quite laughable, he claimed the movie is a fantasy about ""power of imagination."" Ironically, it ends with a voice-over saying, ""This is my true story.""

The simple-minded movie is covered up by its beautiful score and fools millions of audiences, including members of Academy Award who use to think a foreign language film is definitely a great film.",3
Life Is Beautiful,"1998 saw the release of three high-profile films about WWII, and ""Life Is Beautiful"" is by far the worst. It's silly, manic, zany--all good qualities if we're watching a Mel Brooks film. But there's something distinctly distasteful about a joke built around the drudgery prison camp inmates were forced to undergo. Call me a stick in the mud. Tell me I missed the point of this movie. I've heard it all. However, I didn't miss the point of this movie. Roberto Benigni isn't exactly Ingmar Bergman, and his points aren't all that hard to grasp. And I don't mind the point of the movie. I just hated the execution of it.

As for the other two WWII movies released that year, I thought ""Saving Private Ryan"" stunk too. I know, call me sacriligeous, but there you have it. On the other hand, I thought ""The Thin Red Line"" was breathtaking--a stunner, pure and simple.",3
Life Is Beautiful,"Congratulations to Rob 169 of Venice CA. His comments are right on. My feelings before seeing the picture was that I would not like the film. However, after reading published reviews and seeing discussions on TV I thought it must be as great as people were saying. But as it turns out my original reaction was correct. I disliked the film. To view the holocaust as a comedy even if it were to protect his child from the truth is insulting and disingenious. Future young people seeing this film might get the wrong idea about the truth of the holocaust. It wasn't funny and it wasn't fun.",3
Life Is Beautiful,"Which is itself an exaggeration, of course. But I cannot possibly imagine how rabbis and survivors of the Holocaust can recommend this movie to anyone. The first half of the film is so achingly unfunny I turned the tape off. Eventually I tried it again, and discovered that the second half turns into a completely different movie. Auschwitz is portrayed as a particularly grubby holiday camp where no one is beaten, the guards never shoot Benigni as he runs around looking for his little boy; people go to the infirmary and come back; and no one starves. I'd say this film plays into the hands of the revisionists who claim that the Holocaust never happened. The Nazis are indeed 'the mean people who yell a lot' since that's mostly all they do. Run Chaplin's THE GREAT DICTATOR to see a truly brilliant film about life in a Fascist state, and then run SCHINDLER'S LIST to find the best fictional portrayal of the Holocaust. They work together about as well as the two halves of LIFE IS BEAUTIFUL do. This is a real disservice to the memory of the people who died in the camps. Roberto Benigni is also one of the least funny people I have seen in film in a very long time.",3
Life Is Beautiful,"My comments are these:

1. Roberto Benigni (Guido) was so obnoxious that after 10 minutes of his crazed antics I was hoping the statue in the main piazza would topple onto him.

2. It's asking for too much suspension of disbelief to accept that the beautiful Dora would even speak to, much less fall in love with, a pestering boob like Guido. Nowadays she'd be seeking a temporary restraining order (TRO) against him in court. Back then, she'd probably have had a beefy brother tell him to buzz off.

3. Many people have condemned ""La Vita è Bella"" for its saccharine portrayal of Auschwitz. I have to say that, unlike some of the critics, I think it's OK to experiment with different artistic interpretations of the Holocaust, even comedic ones. But because of the horrific nature of the Holocaust, employing comedy to interpret it is going to be an exceedingly difficult endeavor. In trying to do so, ""La Vita è Bella"" fails completely.

4. If you want to see an outstanding Italian movie about fascism and Italian Jews, I highly recommend ""The Garden of the Finzi-Contini"" (""Il Giardino dei Finzi-Contini""). Now that film is an artistic achievement.

5. ""La Vita è Bella,"" by contrast, is a dud, and I cannot believe that it won an Academy Award, or that it has garnered so much praise on this site. I suspect that it's just another bad film (along the lines of ""Last Tango In Paris"" or ""Henry & June"") that appeals to people who consider themselves highbrow but aren't. I gave it a 3 out of 10.",3
Life Is Beautiful,"Despite the rave reviews from numerous critics, this film has little to praise; its treatment of the Holocaust as a game is ludicrous, beggaring belief at almost every step. Never mind that the characters spend their internment at the cleanest, least guarded concentration camp ever seen, or that the characters are utterly empty-headed, the main conceit, that of the ""game,"" simply doesn't work.",3
Life Is Beautiful,"Widely hailed by the media and culture vultures alike, Life is Beautiful fluffs out its feathers as 'the first ever Holocaust comedy'. ""A Holocaust comedy?"", squawked the masses, ""We'd better see that!"". What's more, it's 'foreign', as in non-American, very much de rigueur in Hollywood circles. But the fact that a film detailing, humorously, with the 20th Century's greatest tragedy won the Oscar accolades it did is enough evidence of its true worth.

It starts simply enough, with Benigni as the humble paesan who marries, has a kid, enjoys the good life in pre-war Italy. Soon, the evil Nazis have moved in, and his family is whisked off to a concentration camp where prisoners run around freely and no-one loses weight. Our hero attempts to protect his little boys from the horrors by creating an elaborate trick: telling the little tyke that it is all part of a highly imaginative birthday present. Soon, the film falls into a series of wholly implausible events, and we, as an audience, realise the real trick has been played on us. Benigni, too, seems to think the Holocaust was a trick, reflecting Allied guilt and denial after the Liberation. The fact that the movie was so loved suggests a sinister appraisal of its values: a collective sigh of WASP relief that it actually wasn't as bad as they'd been led to believe.

The Guardian newspaper from Manchester & London called it 'fundamentally mendacious' and as such was the only newspaper not fooled by Benigni's three card trick. The writer/star/director of Johnny Stecchino would do best by sticking to what he does best: making humane, funny, light-hearted films. Life is Beautiful is none of these.

The Hebrew word for the Holocaust is ""Shoah"". Benigni proves, without shame or responsibility that 'there's no business like Shoah business.'

A despicable, reprehensible motion picture.",3
Life Is Beautiful,"In the immortal - although very paraphrased - words of Lieutenant Dane: ""*Life* is *beautiful*? Well, kiss my crippled ass!""

The first hour or so of this movie felt like being invited to a fancy dinner party in some beautiful restaurant in Toscana and having to spend the entire evening next to some socially challenged, annoying moron with delusions of charm and an inability to ever shut up. The second hour of the film is basically identical except now it's set in a concentration camp. So basically, the film is two hours of unfunny jokes with a Holocaust backdrop thrown in to make it critic-proof. How sad.

Imagine a six-year old trapped in the body of a middle-aged Italian man on a steady diet of Red Bull and Ecstasy - that's how I'd describe Roberto Benigni's ""characterization"" of the film's star, Guido. He even has trouble stopping himself from laughing at his own wit at times (although referring to Benigni's humour as ""wit"" is like calling Xzibit an accomplished thespian. I'm not even sure it can be called ""humour"" - it's almost insulting to such masters of the genre as Adam Sandler or Owen Wilson). I guess this is how you win an Oscar these days. If you want to see a truly good performance from a comedian playing a foreigner, look no further than Sacha Baron Cohen's ""Borat"" which was released last year (I'm just telling you this in case you've been living under a rock for some time, or if you're from Ohio - in that case, I'm sorry). At least in that film, the main character was *supposed* to be mildly retarded, while in Benigni's movie the lead makes you unsure if you should laugh or cry as he hogs up precious screen time with his oh-so-hilarious antics. Sacha Baron Cohen was, by the way, almost completely ignored by the Academy. Go figure.

The film's plot is about one man trying to make life less unbearable for a little doe-eyed kid throughout their stay in a concentration camp. They don't arrive at the concentration camp, however, before one excruciating hour of Benigni's constant mugging and a love story that rings so false it would make even Michael Bay retch. The second hour of the film is considerably less light-hearted than the first but just as boring, repetitive and unrealistic. In reality, a guy like Guido wouldn't have survived a week in a concentration camp. Chances are if the Nazis didn't kill him first, the other Jews would have, if only to shut him up for once. Just how the hell did Guido manage to keep Doe-Eyed Child Actor hidden from the Nazis for so long? The film can't possibly be supposed to be serious - it's too implausible - and it's not nearly funny enough to be a comedy. What a mess.

The film only hints at the true horrors of the Holocaust and never really shocks or disturbs you. It doesn't say anything that we didn't already know about this tragedy and the unfunny jokes only make it more offensive. Ask yourself this: does Jim Carrey have anything to do in a film about the Holocaust? I thought not. Does a second-rate hack with only a shred of Carrey's comic talent but with the same urge to mug and overact have anything to do in a film about the Holocaust?? I think not!

All this aside, the film is competently made in most other aspects, with some beautiful scenery and a not-too-awful score. Other than that this is an embarrassing and inexplicably acclaimed ego-trip. The only truly funny thing about this disaster is how everyone is calling it a masterpiece and actually believe that the Oscars were well deserved! Oh well, people loved ""Crash"", too (Paul Haggis' 'RACISM SUCKS' epic, not the one where James Spader has sex with a leg wound). Honestly, this film is so corny I'm surprised aliens didn't etch secret messages in it with their rayguns. How can you hand out a Best ""Foreign"" Picture Oscar to a flick that ends with a freeze frame of a mother hugging her child? Seriously, a FREEZE FRAME? Give me a break or some insulin because this is too much sugar for me.

In conclusion, this film is manipulative, completely unrealistic, offensively stupid and features one of the least likely love stories ever. And it's unfunny. Dreadfully, hopelessly, comatose-ly unfunny. This coming from a person who could find something to laugh at in ""Scary Movie 2"". Trust me, I laugh very easily at various kinds of comedies, and ""Life is Beautiful"" is easily one of the worst movies ever to win an Oscar.

And please don't call me insensitive, heartless, or soulless... I don't call you a tasteless, easily manipulated sheep, now do I?

Finally, I'd just like to say that Benigni has one of the scariest smiles I've ever seen. Think Jack Nicholson, Tom Cruise and Rip Torn combined times a hundred. Every time his mouth twisted into one of his well-practiced, sh!t-eating grins (and this happens almost every twenty seconds throughout the movie, so don't worry, you won't miss it) I had an overwhelming urge to run from the room screaming. Avoid this movie.",3
Life Is Beautiful,"Bitter story but very good american propaganda.

movie end savior america,lol.",4
Life Is Beautiful,"I was going to like it or not. While in general it is very highly regarded, there have been those who have said it is overrated or whatever. Just for the record, I did like the movie very much. It is uneven, and there were parts that didn't work as well as intended, but this is a brave.",4
Life Is Beautiful,"Making a comedy about the Holocaust is a risky and challenging endeavor, but not impossible. Films like Jojo Rabbit have demonstrated that it is possible to use humor to explore the darkness of this historical event. However, Life Is Beautiful fails miserably in this regard. Yet, the comedy aspect of the film is not the most significant issue at hand.

The film's most disturbing aspect occurs in the final moments, when an American soldier appears in front of the protagonist out of a tank. This twist is significant for anyone familiar with the true story of the Holocaust, as it presents a completely false depiction of the events that occurred. In reality, Auschwitz was liberated by the Red Army, not by American soldiers.

The fact that this film, considered one of the best movies ever made about World War II, presents a completely inaccurate version of history to millions of viewers is a disgrace to the people who fought and died during this tragedy. Furthermore, it undermines the historical authenticity of the film. It is frustrating that this inaccuracy was likely included in the movie to appeal to the Oscar jury and win the award, rather than to maintain historical accuracy. Life Is Beautiful did not deserve to win an Oscar or any other award. The acting is subpar, and the story is overly saccharine and sickeningly sentimental.

The film's portrayal of human suffering is nauseatingly saccharine, and it's infuriating that many people learn about the Holocaust from such an inaccurate depiction. Life Is Beautiful is one of the biggest disgraces in movie history, and it is a disservice to the millions of people who suffered and died during this tragedy. We must strive to remember the Holocaust accurately and honor those who experienced its horrors by promoting truthful and respectful depictions of this dark chapter in human history.",4
Life Is Beautiful,"It's crazy to me that this film is so beloved. Can you imagine making a wacky movie about other tragedies? Perhaps a father and son are on one of the planes that's involved in 9/11, and the father lies to the son and says it's all a game? If that sounds offensive to you, then guess what - it is! Now take a second to think about this movie - I have no doubt that everyone involved had good intentions but there shouldn't be a light-hearted take on any tragedy, whether it be the Holocaust, slavery or 9/11. Some things shouldn't be trivialised, because doing so minimises the actual suffering that the victims and their loved ones had to endure. No one in any of those situations would have been able to suspend their disbelief that it was a game. Presenting it as otherwise, even when dressed up as an inspirational tale, is misguided and disrespectful to the pain they were forced to endure.",4
Life Is Beautiful,"Aharon Appelfeld wrote a novel, Badenheim 1939, a few years ago about poor Jewish souls who tried to ignore the impending Nazi invasion. I see no difference between Appelfeld's characters and the characters in Life is Beautiful.

I've read the comments about how heroic the father is. Instead he was partially the creator of the tragedy. By blithely ignoring the world around him he helped seal his own fate.",4
Life Is Beautiful,"Moving, entertaining, funny, but falls short of being an extraordinary film. Its always nice to see a foreign film so honored by the Academy Awards, pity better works such as Luc Besson's La Femme Nikita and Betty Blue by Jean-Jacques Bieneix did not receive similar praise in the past. It will definitely not be considered a Masterwork in the future.",4
Life Is Beautiful,"Judging by Holocaust movies I've seen it's extremely difficult to recreate concentration-camp life. The best I've seen in that respect is PLAYING FOR TIME which showed, inter alia, the effects of malnutrition & brutality. SCHINDLER'S LIST gets ""E"" for Effort but doesn't come close to verisimilitude. LIFE IS BEAUTIFUL is pure bullshit! You didn't get to volunteer to go to a concentration camp like the wife did. She would have been arrested and maybe deported later but the Germans were meticulous about record-keeping and had to account for every deportee. The idea that a little kid could be kept secret in a barracks is beyond ludicrous. The guards would launch inspections at all hours, usually the wee hours, and would dump all the bedding in the process. Violations of camp rules were punished with torture and death. This movie is an insult to the intelligence of anyone who knows anything about the camps. It amounts to a feel-good vision of the Holocaust! The only people who love this movie must know less than nothing about life in the camps!",4
Life Is Beautiful,"I just want to clarify that I didn't hate the first half. Some of it is very funny, but some of the slapstick humour didn't work as well as it should, namely eggs breaking on people's heads. It also works very hard, to provide charm. That is perfectly acceptable, but because there was a lot of charm in the performances and the production values it felt.",4
Life Is Beautiful,"I expected to like this movie. I love foreign movies and when I watched the trailer it seemed to have so much promise. Unfortunately, the movie did not live up to expectations. There are quite a few reviews for it that go into detail, so I'll be succinct.

Imagine an older animated Disney movie. The protagonist is a skinny mouse with an over-the-top, goofball personality. He somehow gets away with all manner of pranks that no one would ever accept in the real world. (By the way, I'm a fan of pranks and awkward humor, but his behavior was both wince-inducing and required too much suspension of disbelief).

He has a straight-laced sidekick, who is a shorter mouse; a bit chubby and dour. And of course, we need to add in the female love-interest mouse who does nothing more than bat her eyelashes at the skinny mouse. He somehow wins her over with his crazy antics.

Oh, no, here come the bad guys! (Cue dramatic music). Let's make them rats. These rats are over-the-top bad guys, but also quite stupid. Imagine them saying ""Huh?"" a lot at the zany hijinks of our protagonist mouse.

That's essentially what this movie is, except with human actors. As a vintage Disney animation it may have worked ⎯ although I'm not sure how well a typical young Disney audience would receive the Holocaust.

This is one of those films where it was a bad idea for one person to have such free reign on the whole project. Roberto Benigni directed, co-wrote, and starred in Life Is Beautiful. Sometimes one person can do all of that well (e.g., Clint Eastwood or Woody Allan, occasionally). Other times you get a movie that's little more than a vanity vehicle, which this one seems to be.",4
Life Is Beautiful,"I can't believe the ratings!! The movie is sooo boring and slow. I'm so disappointed, I had to write this. If you're here to watch a touching or dramatic movie about the holocaust as I was hoping to, this movie is so far from that, go watch Schindler's list or The pianist. I was tempted to watch this based on the ratings, but definitely such a waste of time.",4
Life Is Beautiful,"I loathed this movie. It's star Benigni, is like a wind-up Jerry Lewis doll on speed. I could not buy the idea that this very nice woman (who in fact is his wife in real life), would do anything but have him arrested for harassing her. His behavior at the Academy Awards is a very good preview for those who have not seen this film. If you thought he was cute and endearing, by all means see it. If you thought he should have been carted away and tranquilized, stay away.",4
Life Is Beautiful,"I just can't get how such a train-wreck of a movie could get produced, let alone win an Oscar.

Roberto Benigni used to be a decent comedian, often over-the-top and politically incorrect to the bone. But he was okay and had some enjoyable comedies under his belt.

Then, somehow somewhat, he was given the role of Cinamatic Genius and was led to believe he could write and produce whatever piece of outrageous cinema he wanted, because he was so damn good, funny and witty.

Sadly, Life is Beautiful is a comedy about the Holocaust.

Sure, not about The Holocaust, but about a father and son getting swallowed by the Nazis death machine. But the ""familiar"" dimension of the tragedy shouldn't be a poor excuse for getting away with poorly written slapstick comedy about lotteries, birthday parties, riddles and romantic liaisons.

The ""concentration camp"" looks more like a Fat Kids Summer Camp, considering the relative freedom of movement, and the convenient presence of the female camp nearby, allowing the corny ""Buongiorno Principessa"" episode.

The Nazis look like brain-dead tools who talk a scary language and don't understand Benigni making fun of them (while that alone would have granted death on the spot, but hey... it's a COMEDY!!!). Italian fascists instead are the stereotypical self-important buffoons who were even too inept to be considered scary.

The message of the movie, whatever it is, gets lost in a sea of cheap comedy in a frighteningly misplaced location.

Is it supposed to be sweet, touchy, emotional and even funny? To me it was just painful, disrespectful and unfunny (even ignoring the absurdity of the situation).

Last but not least, Benigni spoofing Chaplin is the craptacular icing on an equally shitty cake of a movie.

The fact Benigni got an Oscar, worldwide recognition and domestic superstardom is a clear sign of how sheepish the movie industry is... Some topics just scream ""Oscar-bait"", and sure Holocaust is one of them.

Sadly, Benigni had to take a different route to get to the same goal.",4
Life Is Beautiful,"Bad acting with constant intolerable clowning by the lead actor, a sappy script with plot holes you could drive a tank through, a farcical comedy about... getting killed in a Nazi concentration camp? What the...? How was this nominated for an Oscar, let alone was able to win one? And how is it the 26th highest rated movie of all time on IMDb? One of the worst movies I have seen in a long long time.",4
Life Is Beautiful,"If you enjoy loudness, complete disregard for others, silly, boorish behavior, and a historical tragedy transformed into a quasi-comedy, then you will probably enjoy this film, directed, starring, written by Roberto Benigni; a truly dangerous combination of talents, and rarely successful.",4
Life Is Beautiful,"I must first say that the cinematography is outstanding but I have the following reservations:

1. The ""comedy"" acting was both unfunny and irritating, a sort of Italian version of Jim Carey. I do not like this exhibitionistic, overacting style and could not really warm to the main character.

2. Having visited Auschwitz, read the books of Primo Levi and many others on the holocaust, I felt that the concentration camp sequences in the latter part of the film totally unrealistic; it looked more like a holiday camp. I believe that the death camps (the ones that had gas chambers) were all in Poland and was not sure where this camp was supposed to be. I became even more confused when an American soldier drove a tank in to liberate the camp (the Polish death camps were liberated by Russians and the only inmates left behind were those who were in the hospital block who were too ill to participate in the death marches).

I can not understand why this film is so successful and has had so many awards. The silly ""comedy"" and the unrealistic concentration camp make this film very disappointing",4
Life Is Beautiful,"I watched this at home, and I found it tedious. I turned it off after 1/2 hour because I found it boring and Benigni's humor not funny. How this movie got selected for Best Picture nomination baffles me. Perhaps the story picked up after a while, but I wasn't around to see it!",4
Life Is Beautiful,"Actually I'm not sure where the mark was exactly was this a comedy? A drama? Half and half? I wanted to like it, expected to like it, but really, really didn't.

To the folks who have been calling this ""Hogan's Heroes"" it really isn't that either. ""Hogan's Heroes"" knew exactly what it was: a silly, impossible sit-com. It was never presented as or intended to be taken as something theoretically possible, while ""Life is Beautiful"" seems to be doing just that. But the reason I didn't like this movie isn't because I found the subject matter offensive. It simply wasn't very good. (Just for the record, I like ""Hogan's Heroes"".)

For starters, I caught myself saying out loud (fortunately I was in my own living room), on several occasions, ""Boy, are you annoying"" directed at the star, Roberto Begnini. I'm a Rowan Atkinson fan, and I've read some pretty scathing reviews on his performances written by people he doesn't appeal to I think that's exactly how I feel about Begnini. I find him profoundly annoying and not in the least bit funny. The first half of the film was a real chore to sit through. But I can be pretty sure I'll never forget the Italian word for ""princess"", since he hollers it every two and a half minutes, so I guess I learned something.

As for the second half: completely and utterly unbelievable. No way. The concept was an interesting one, but it would never work: the child would need an IQ in the single digits to believe the ""contest"" story spouted by Begnini's character. Are we viewers to believe that all those men in the barracks with them are not too overworked, starved, and terrified to be perfectly happy to play this ""game"" along with Guido and his son? And at the end when the sentry takes Guido off to be shot, giving him the opportunity to do his Italian Mr. Bean impression one more time in front of his son why take him anywhere? Why not just shoot him on the spot? Neatness didn't count at that point; the Allies were at the gates, the Germans were fleeing, and there would have been no point in taking Guido to an out-of-the-way alcove to shoot him. In fact, it's likely he would have been ignored as the soldier ran for his own life. But that would have made for a non-Oscar ending, I suppose.

Seriously overrated film with a seriously overrated star. Thankfully it was free on streaming.",4
Life Is Beautiful,"When this movie came out people fawned over it like it was the best movie ever. My friends and I watched it and left wondering WTF were critics loving about this movie!!!! The tone changes are not smooth but, jarring and continue throughout the film! It would make sense once or twice during specific events but, the whole film??? No. This is like ""A Quiet Place,"" where the star is the new studio darling so even though the premise and execution are crap, studio-paid critics give the movie high ratings.",4
Life Is Beautiful,"I cannot get my head round why people love this film so much, it's purely overrated and I don't think it deserved the awards it got.

The first half of the film focuses on Guido's daily life and his character. Which he was a very positive and optimistic human being, now that is good character development, I'll give it that. I saw what was coming in the second half of the film which was the concentration camps and it just didn't feel right at all when Guido kept the same character throughout the film. He looked so stupid and oblivious to how much danger his life was in. I was enormously disappointed with how it all turned out.

Also to mention the film's poor portrayal of the Holocaust, it seemed very trivialised. Of course the Holocaust is the most harrowing event of recent history, but the film made a very poor attempted to even feature the distress of what the victims went through. Essentially the comparison between both atmospheres from the first half and the second half would seem to be on different sides of the coin, but it didn't give us that at all.

The last moment about Guido's sacrifice for his son was not executed impressively for me. It wasn't exactly clear to me that he was protecting his son in the camp pretending that it was all a game for his son. I honestly thought it was a disgraceful thing to do and especially to those who were actually there.",4
Life Is Beautiful,"I don't see what all the fuss is about, I was very irritated by Begnini's overacting and found it by far not as entertaining and moving as, for instance a lot of Fellini's movies. Not every movie about the Holocaust is an instant masterpiece.",4
Life Is Beautiful,"That seems to be a favourite cliché applied to this fantasy film. The entire movie apparently is a child's dream about a concentration camp. Only in fairy stories would a death camp be so sparkling clean and spacious. The detainees in this (holiday) camp are free to move about as they please. They can even play with the Aryan Gretchens and Hansis if they want to.

In the Czech Republic, there's an exhibit of drawings made by cute and precocious children vacationing at the Theresienstadt concentration camp. Their amusingly childish artwork shows typical scenes of camp life, large black monsters crushing tiny people wearing little yellow stars, for example.

I happen to have seen another concentration camp film this week, Escape from Sobibor (1987). In that film, Jews also banter and jest with the Nazis, only they do it by applying axes to their heads and homemade knives to their stomachs. History would seem to have demonstrated that axes and knives are more effective tools for dealing with Nazis than making jokes at their expense.

""Uplifting"" is another label assigned to Life Is Beautiful. It might better be applied to Escape from Sobibor, a true story about real people -- not ""princes"" and ""princesses"" -- overcoming real odds at huge cost to escape from an actual murder camp.

Nice Offenbach music can be found in this film though, one of my personal favourites in fact, Tales of Hoffmann. SS men in actual death camps didn't keep a lot of Jewish opera records on hand for the musical edification of the inmates.",4
Life Is Beautiful,"Worrying enough, Benigni shows once more he's one of the greatest theatre comedians around, but hasn't a great feeling with the big screen. He hasn't shot a lot, actually, nevertheless I can remember but one really good film by great Roberto (""Tu mi turbi"", that is), while ""La vita è bella"", though widely hyped, is no better than ""Il piccolo diavolo"". The film is a comedy, though tragic. Or a tragedy, though comic. God, my head aches! It is an appreciable, though missed, attempt to mix the tragedy of the German WWII lagers, with the comic efforts of a father trying to save his child's ingenuity from the worldly ugliness. Two intentions too noble to fit in a bare one-hundred minutes film which is heavy where it should be light and vice versa. Get back to theatre, Roberto, and don't worry: nobody's perfect.",4
Life Is Beautiful,"The second half of this disappointing movie ran like a bad episode of Hogan's Heroes. See Hogan make fun of Sgt. Schultz by translating his instructions into some zany nonsense! See that wacky Hogan using the death camp's PA system to send funny messages to his wife - then here him say ""oops they're coming"" and run away laughing! See Hogan freely move around the camp with complete carte blanche all the while concealing his little Sgt. Labeau even though he's the only kid in the barracks! See the fun-loving Nazi, Colonel Klink, invite Hogan to be a waiter for an important banquet and then get upset when Hogan doesn't know the answer to a riddle, ""Hooooggaaaannn!""

Ok, so Bob Crane does not have the comedic timing of Roberto Benigni, but the shallowness of the story is the same. What started out as a light, funny, pratfall-laden Benigni comedy turned into a pretentious scattershot bore of a movie. The relationship between Benigni and Joshua was as deep as the Three Stooges episode where Curly performs all sorts of silly antics to get a little baby to stop crying.

Really, people, I don't think I'm being too picky here. The acting, aside from Benigni who can be genuinely funny, was awful. The woman who played Benigni's wife delivered her lines as if she was reading cue cards and the little bambino, although very cute, kept looking at his real life mamma or handler or whatever, off camera.

Obviously, I do not reccomend this movie, but if you are in the mood for an uplifting, inspirational and funny film with an Italian flavor, by all means go rent Cinema Paradiso instead.",4
Life Is Beautiful,"As an Italian, I guess I should be proud of the enthusiasm critics all over the World have welcomed this film with. Yet, I cannot help being astonished: a masterwork? A gem? No: a silly, irritating piece of work, by a comedian who is only funny (well, very funny) in cabaret-like TV gags. There is no direction to talk about, and acting by the female lead character is even embarassing. I did not laugh, I wasn't moved; I just yawned...

Sorry, Roberto, but you really should put someone else behind the camera...",4
Life Is Beautiful,"It shouldn't be surprising that this movie isn't a very great one, as it is very hard to take a matter like the holocaust and try to create a parody of it as Benigni tries to do here. Yet it has been done before succesfully, but unfortunately Life is Beautiful is not one of these instances.

It seems to be a movie with the central message that you can find hope in anything or anyone, yet it comes off as a sitcom with jokes you just can't seem to laugh about. Benigni himself was overacting like a madman the entire film, yet comically, dramatically and emotionally he does not seem to make any dent whatsoever. The story is also rushed. He suddenly has a child and expects that this is his free ticket in order to feel sympathy for his character, yet it comes across as a cheap way to get the audiences undeserved sympathies. Benigni uses cliché'd jokes that we have all seen before, rendering it inaffective as a comedy film. The movie doesn't take itself seriously enough in its seemingly serious setting of the holocaust, making it also fail as a dramatic or emotional film. Ofcourse Dr Strangelove by Kubrick is an example of where it actually works to create a comic effect over a serious matter, but this is generally because the comic aspect is a lot funnier, the dramatic aspect is a lot more plausible, Peter Sellers is simply a better actor than Benigni, and the film knows at all times it does not take itself seriously, unlike this one.

The cinematography is alright, but nothing special. There are a couple of nice landscape shots and the scene where the train arrives are quite nicely filmed, but it is nothing to cry home about. The music is decent, but not enough to make you emotionally involved in the picture like Ennio Morricone's score for fellow italian film Cinema Paradiso (1988) managed to do so well. There are also a lot of scenes in the latter part of the film where particular scenes could have easily been drawn out to create a more dramatic effect, yet Benigni cuts everything short and everything seems to end way too abruptly and quickly, negating any kind of emotional connection you might be starting to feel. I would say despite the fact that Benigni was even worse in the first half of the film, i would still prefer the first over the second, as atleast it seemed to know which direction it was going at that point, but in the second it turned into an unfocused mess of sillyness to the point where we cannot absorb any kind of dramatic or emotional impact we were supposed to get.

If you ignore all these obvious issues, which i am certain a lot of people did, some might consider it a movie with a message, yet you are indifferent to any possible message since the characters seem indifferent to the situation.",4
