title,comment,rating
Memento,I didn't much care for the use of the F word. It made me uncomfortable and sad and I lost all ability to function. This movie is not for anyone under the age of 65. Hello btw.,1
Memento,Carrie anne moss should get a mouth piercing this is not fair.,1
Memento,"first off all I don't remember the hospital scene you are talking about, when does happens in the film the first half or the second half? can anyone give me a clue??? secondly the town Lenny is shown appears to be a ghost town there's hardly anyone around where is it? in one scene he says he's from Frisco,and what about his parents relatives anyone who could help collaborate his condition? who's he talking to on phone all the time? not police? and this teddy character pops up numerous times in the film and repeatedly and there're a lot of repetitive other scenes in the film just to confuse the audience, and Teddy was a police man or his friend he can't be the police man because in one scene he says 'police will be looking out for you so leave the town..",1
Memento,"Worst movie ever , total time waste on this movie.

Total lame story. I don't know how this movie got 8 rating.",1
Memento,"I got it, in the first 20 minutes, very clever, but I got it. The whole frigging movie, come on--I fell asleep and saw the ending and didnt get it. This is a BAD movie and is now opening on Cinemax. Need I say more. You can catch a double feature of this and Crouching Tiger on Cinemax.",1
Memento,"This movie is so amazing. But it freaks me out. I didn't want to leave the house the next day but I forced myself to in order to avoid waking up in the same room not knowing where or when I am. Some of the films detractors say there are plot holes in it. But I think most of them can be explained away be the human condition (people in the movie making dumb decisions and forgetting things). I noticed one or two of mistakes in peoples assessment because they weren't really paying attention (Carry an Moss takes pity on him and helps him after she manipulates him but it's hard to tell because you see the action backward).

This is what the film is about. A man who is constantly forced to trust his instincts and the mistakes and victories that go with that. It's not about philosophy or society cause frankly, most people don't think about those things on a day to day basis. It's about one guy in a unique and truly frightening situation. A couple of words of warning. This is not a sit back and relax film. Throughout the movie you find yourself trying to connect the dots. You think you're looking for one very simple thing; who killed this guys wife, but the real answer turns out to be something far more simple and sinister. There are a couple of lies they throw in at the end so you can feel like there's unanswered questions but I prefer to chalk that up to Eddy's lies.",1
Memento,"Bad movie for the rest of us.

Dumb people are just going to say, ""huh?""

Intelligent people are just going to roll their eyes at the stupidity.

Besides the ""how can he remember that he can't remember"" flaw, which makes a roll of toilet paper out of the whole movie all by itself, you have the obvious plot twists.

Everything is so predictable. It's a twisty movie, so you're looking for, and seeing, the twists. Natalie has bruises on her face when we first meet her? She's going to be hit. Lenny has scratches on his face? He's going to get his face scratched. Teddy starts to get in the old car, not the Jag, but Lenny says the Jag is his car, and Teddy laughs and says fine? We know the Jag's not Lenny's car, and we're just waiting to see how he got it. Teddy says roll up the window, and Lenny can't because it's been shot or busted out? We're just waiting for the shoot-out-the-window scene we know is coming. And on and on and on.

And is there anyone, even one person with a triple-digit IQ, who didn't know, upon first hearing that Natalie is helping Lenny out of pity, he thinks, that she's using him? Even one person? IT'S A TWISTY MOVIE! That means that everything you have to believe to keep the movie obvious, can't be allowed to be true, so you know right away that she must be using him.

The worst thing about the movie: the ""it's all been *beep* ending. Once you put in a movie anything that says ""it's all been *beep* then the whole movie becomes *beep*

How do we know the opening scene isn't a dream? Or any other scene? Because if the narrator is/may be lying/misrembering any scene (as he obviously is re his wife's death) then the whole movie becomes suspect. There's nothing left to chew on. After the very core of the movie--his wife's supposed murder--is exposed as possibly untrue, then what are you left with? Everything he's telling you/showing you might be untrue, might be misrembered or a lie. The opening scene might, if the writer later needs to, be untrue. I can see the Nolan brothers, when confronted with any logical flaws, saying, ""well, see, uh, that part, uh, that didn't actually happen, and you were supposed to figure out that Lenny didn't really kill Teddy, who, if it leads to further logical flaws, didn't exist. Uh, duh, uh, I think.""

The absolute first golden rule of movie-making must be: you can not ever say or show that anything we've been shown as movie factual (as opposed to character factual, that is, a character's opinion, or interpretation, as in Usual Suspects), isn't what actually happened. We can be lead to or jump to wrong conclusions that are our own fault (more intelligent twists). But the movie itself can't be allowed to lie to us.

Think of how easy it would be to be ""twisty"" (that is, mentally challenging to the average IQ crowd), if you just show X killing Y, and Z investigating, and at the end reveal that the director was just kidding, Q shot Y. It's just stupid, poor writing.

And in Memento, a movie told from Lenny's POV, if we're to believe anything, we have to believe that he remembers everything until his wife's murder. So once we see him with tattoos, with her, the whole movie becomes a joke. An idiocy. And it is scary that so few people posting here can't see that.",1
Memento,"Anyone who says that this movie is good should be punished to watch it twice; this movie is bad and ultimately unsatisfying – who could possibly stand this double torture? Memento (2000) is a failed experiment with motion pictures (these experiments with motion pictures begun in the late 1880s). However, there is also the excitement when an experiment goes wrong and yet you discover something no one else has discovered before: you give to an ignorant audience of moviegoers something they don't know what to do about it and this same crowd will be endless fascinated figuring out what it is. This film should be distributed worldwide for free in a - how to cut a movie back in place editing software package - for laptop dudes.",1
Memento,"In short: this is an arty-f*rty, unbelievably overrated, I-would-like-to-be-David-Lynch movie without any interesting acting or a story worth remembering.

There are major plot holes that don't get filled. The acting is below average: three sorts of expressions on the main character is all we get.

It ends before the story starts (telling a story backwards, means you stop with the beginning, doesn't it?).

Some may think that people with high IQ's would probably like it.

Trust me, they don't.

This is a real waste of time and a major contender for the ""overhyped motion picture of all times"" award.",1
Memento,"Yup! Only nerds will love this movie, a lot of geeks who like the complicated and boring Christopher Nolan's movies, will like this kind of films, it kind of makes them feel genius and special, I'm pretty sure the film makers are smart and had the courage to make a distinguished film with a new idea, but many viewers including me do not really care for this type of films, if you want to show your directing-filmmaking abilities make a special film for critics and filmmakers and do it in some film festival away from me.",1
Memento,I wasted a perfectly good 1 hr 53 mins of my life.,1
Memento,"When the vast majority of viewers can't even agree on what happened, the story is a charade, a ruse. Is it a revenge film or isn't it? Ultimately it turns a woman's rape into a trivial puzzle with no resolution.

This is where Nolan's superficially complicated storytelling begins. We never get justice for the victim. The real story is focused on a fragile concept of masculinity - his need for revenge - without showing any evidence of being aware of it.",1
Memento,"With the advent of Netflix, HULU, and other miscellaneous sources, we have the opportunity to watch virtually anything - from the Beverly Hillbillies to A Clockwork Orange, anytime we want. From Leni Riefenstahl and Ernst Lubitsch, to Masayuki Suo and Francois Ozon, we have access to some of the greatest films and filmmakers in the history of the medium. Memento, directed by Christopher Nolan, is not among those directors, or achievements. The plot is an abortive remake of The Fugitive, with Guy Pearce mumbling furtively throughout. The plotline - if you want to call it that - is apparent within the first few moments of the film. The hook, is in the editing, capturing your imagination for a brief moment, before becoming predictable, and routine: the set-up, the background narration, the introduction of a character and repeated imagery; all followed by an interim black & white quasi summary. Rinse & repeat. Anyone with a modest knowledge of Agatha Christie will have this sorted in 30 minutes, while missing a rerun of Gilligan's Island. You keep watching this drivel, thinking that at some point, there will be a ""break-out moment"" and the writers/director will dazzle us with a unique twist, or breathtaking scene to make the previous torture worthwhile. But it never happens. I can say, with wholehearted honesty, that I regret the 113 minutes I spent watching this movie. At the same time, I'm absolutely gobsmacked that there are so many positive reviews of this film. One could argue that the unusual editing imparted a certain disjunct, imbalance to the viewer, thereby creating a mood of disorientation, and separation. That's true. I regret not pressing the stop button early on - and separating myself from this cutting-room accident. I've never commented on a film in my life. And probably never will again. This one, however, deserved comment, as the worst I've ever seen. The storyline was transparent and simplistic, the.acting by Pearce and Pantoliano buffoonish, and - after the first few scenes - even the cinematography and editing were contrived, and predictable. This film is the worst of the worst. There is not ONE redeeming quality to this work. Spending 113 minutes watching the dryer go round and round might even be more gratifying. IMDB asks if your review has any ""spoilers"". This film wasn't good enough to have any spoilers. I would have rated it zero if that had been an option.",1
Memento,"There is a reason you may have never heard of this movie. No redeeming qualities, not confusing, just worthless!",1
Memento,"This is one of those simply tragic films that keep you watching, waiting...hoping that at SOME point, it will all make sense, but alas and alack!--the moment (mement?) NEVER ARRIVES! People who ""like"" this film are no doubt the exact same folk who would actually stand in front of a Jackson Pollack ""painting"" (in actuality, a psychotic episode of very random paint throwing), musing: ""Just WHAT was the artist trying to communicate here? Was it angst, passion, sexual frustration, or just simply the fact that his medication ran out?"" My wife and I had the sad misfortune of following yet another IMDB 8.0/10 in...wait for it...""Magnolia"" with Jason Robards, Tom Cruise, William Macy, et al. THREE HOURS plus later...I wanted to remove my eyes with an ice cream scoop! One of the other reviewers echoes my own feeling that art appreciation went out of America a long time ago, and I would add that it really ""chirped the tires"" at about the same time the Frankfurt School was in full swing with the ""long march through the institutions.",1
Memento,"I don't care what anyone says, this movie is extremely overhyped. Personally, it didn't even look interesting on a surface level, but I decided to watch it anyway because of the rave reviews. Now after watching this I have to ask, what kind of drugs are people on to find this borefest interesting? By the end of the movie I got no fulfillment at all, I didn't walk away with a message or even entertained whatsoever. There is just no progression in the film. You start in the beginning, in the middle of the movie you still feel like you're in the beginning, and in the last ten minutes you feel like you're going somewhere, but you literally end up in the beginning. Maybe that's what the director was going for because by the end of the movie I felt like I had the same condition as the main character, but there's something called trying to be too deep, which is what is going on here. I put so much faith in Christopher Nolan because of the Dark Knight trilogy but I don't know what he was thinking with this one.",1
Memento,What is wrong with film makers these days? Why does a movie have to be told in reverse chronologically? It's confusing and it's boring. There is nothing good about this movie.,1
Memento,"A continuity person's nightmare! And is this Joe Pantoliano at his finest? Could be. But such a shame about Guy Pearce: no charisma, no screen presence, and his American accent slipped often enough to become annoying and distracting. How he continues to land leading roles is a mystery to me. I'd give this a well-deserved 7 out of 10.",1
Memento,"I have no idea how this movie could get a 10 from anybody. But hey, obviously it has.

I think the best part about a movie is the end, even though you sometimes can figure out if he gets the girl, if they catch the bad guys, who dies and stuff like that.. You never know exactly how it will play out, so I'm always curious about the endings when I watch a movie. And then there is this movie.. It begins with the ending and then tell you the story about what happened before the ending in a VERY confusing way.

If I could take back the time I spent watching this, I would.",1
Memento,"that was one of the worst wastes of time ever...i cannot believe i believed what the previous people wrote... sorry ... either i didn't' 'get it' or it was a terrible movie...duh.

I was hoping for a real thriller here. And this movie does have some cool situations....

But nothing really outstanding...many flashbacks..those are usually pretty cool...but there was never an explanation about the cop...oh i don't want to give anything away...

but to me...it was not a great movie...just another Saturday night movie....may i suggest watching with vodka???",1
Memento,"Most overrated movie in this list. No doubt that it is a good movie, but I expected too much of it (because it's in the top 10). The beginning was good, but the whole movie I kept waiting when it really started, but it never did. The end was very disappointing, and it didn't told me anything new.",1
Memento,"I fould this movie was just too much work. I go to the movies to relax and be entertained, not to have to concentrate and work so hard. This movie showed what might have been the ending at the beginning, it showed a scene, then showed the same scene done differently, leaving you wondering what was real and what was imagined. All in all it was simply too much work",1
Memento,"This is definitely one of the most overrated movies of all the time. Teams up with The Usual Suspects (but Memento is worse, that's for sure!). I am not saying it is really bad, just not worth watching for most of the people. If not all that hype would say that ""direct-to-video"" should have been its destiny.",1
Memento,"I can't quite believe the Average rating this film has. Can it be possible a film can give you a migrain? Yes, look no further. I thought it would get better as it went on but my god I can tell you the relief I had once it was over. What a horrible, confusing, overrated waste of time.",1
Memento,"All in all, this was a good movie. It used TWO gimmicks that have already been used. The first: Starting at the end of a story to find out what happened in the beginning, was used in a Seinfeld episode (and much more effectively may I add). The second: The hero's inability to create new memories, due to short term memory loss, which was used by Dana Carvey in Clean Slate. Having said that, I think, like several movies which have had a gimmick to their story or format, that Nolan took the easy way out at the end, knowing people would overlook it due to it's gimmick. Like the Goofs section pointed out, Leonard wouldn't be able to remember he had the condition of memory loss. Even in Clean Slate, the story made a point to remind the main character he had this ""condition"" every time he woke up. And that wasn't written nearly as good as this. An obvious oversight by the writer/director. Also (I think another user comment mentioned this and I'm surprised more people haven't), Leonard has tatoos on his body BEFORE his wife dies. Including the one that tells him his wife is dead! I dunno if this was intended, but if it was, it goes unexplained.

Ever since the Usual Suspects waxed The Third Man, filmmakers have had this thing with hiding one's ""identity"". Well, honestly, for me the only time I was fooled was in the Usual Suspects. I saw it coming in Fight Club and The Sixth Sense (though in this film it didn't ruin a thing for me), and I saw it coming in Memento. I gotta say, the two ""bad"" or ""not as good versions"" of these films are Fight Club and Memento, while the better ones are the Usual Suspects and Sixth Sense, and here's why:

The Usual Suspects and the Sixth Sense gave a CONCRETE, CUT AND DRY answer at the end. An answer that allows the audience to say ""Ohh, well THAT explains EVERYTHING.""

In Fight Club and Memento, while their stories were every bit as riveting as the former two, the payoff wasn't at big at the end. They gave kinda cheap answers that leave viewers asking ""What about this? What about that? And what about that other time?"" which in fact are subsequently answered by the characters one by one, but some of them are kinda half-assed, dubious, and just plain too easy that anyone coulda thought of them as explanations. Ultimately this leaves some viewers disappointed, often saying ""THAT was it? I coulda came up with that!"" (Though in Fight Club, this could've been amended had they ended the film the same way they end the novel).

Note to filmmakers: When you have a gimmick, it becomes a RULE for that screenplay. OBEY IT! At anytime should you so much as BEND it, IT becomes another time the audience will say, ""Well how do you explain THAT!?"". If you don't always have the answers, THINK ABOUT IT. Don't just settle for the easy ones, compromising and detracting from what could be an otherwise great script. E.g. The Sixth Sense. Gimmick: Bruce is DEAD. He can't talk or touch ANYONE except the boy. At no time (until the closing and closure of the film) did Shyalaman break that rule. Hence: A MASTERPIECE!

As for this film, I thought it was VERY well written and conceived until the end when all is revealed. The Revelation as it turns out, is disappointing. I would give it an 8 out of 10. HOWEVER, it's ranked #14 of all-time on this database. I don't think it's anywhere near being one of the top 50 of all time. So seeing that people have rated it so high, I'm giving it a 1 to compensate for people's lack of good judgement.",1
Memento,"This movie was very bad in my opinion. The idea was interesting. The screenplay was good. The plot is what i really did not like. This movie kept my interest for a while. But i would compare the second half of the movie with ""Sliver"" and ""Planet of the Apes""...not as in plot but as in stupid finish.",1
Memento,"I don't mind an intricate plot or hard-to-get movies. But when you put everything together, there's nothing there, your still empty handed. Eager to please with no message. Try 'eraserhead' instead.",1
Memento,"As I heard pretty good things about this film, I checked it out here and it had an 8.8! So I rented the film (on video) and viewed it. My conclusion: it's a good film and worth viewing but it's definately not the 10th best movie in the world... Way overrated!

As said before, if this film was shot the 'normal' way it would be just a thriller like any other...",1
Memento,"This movie seem to be real good at the beginning,you are actually rooting for the main character.The man who has short term memory, but their is a real twist at the end which makes me hate the whole thing. I would have given it a 10 easily if I did not see the ending,but if you like movies with a real twist, I WOULD CERTAINLY GIVE THIS MOVIE A 10.",1
Memento,"This film is utterly pointless. Yes, it's ever so exciting that it is arranged backwards but it has no plot. I thought it was a great idea that someone was so keen to use they just couldn't be bothered thinking up a decent story. That seems to be becoming quite common with films these days. I just wish I'd been able to save people some cinema money.",1
Memento,"one of the worst movies I have seen in the past 5 years. It's only saving grace is the back to front format. Otherwise, the story was so old and overdone, I would have canned it by the end of the first 30 minutes. If this were the best Hollywood could offer, it would bring back vaudeville.",1
Memento,"You should look hard to find a more senseless movie than Memento. This movie is boring and there is no story. This movie message is that every thing is subjective and that every things goes. If you not are a subjective person or a person who really like a good movie, don't see this one.

How could this movie end up at the top 25 of the 250 list?

Oh, i know,people love to think that there is nothing objective and that we humans are lost souls. If you are such a person you will probably love it, as the rest.

Tar",1
Memento,"Although I love all the actors in this film, I found it insufferable to watch. The story is weak. I believe that the appeal to some people for this movie might be the challenge of figuring out what the heck is going on. The editing makes it a bit confusing, but there are physical clues to guide you. If you liked ""the Spanish Prisoner"" (another DULLSville film) you will love this movie. I found it boring and contrived.",1
Memento,"While Memento may not be the most overrated movie of all-time, I think it's safe to say it's definitely one of the top-ten. It certainly has a huge following, though... that happens to be entirely undeserved. I fail to see what makes this movie so special. ***(POSSIBLY A SLIGHT SPOILER)*** The backwards storytelling? Nah, a third grader could have come up with that concept. The hammy acting? Doubtful. I think it's the belief among moviegoers that by saying they like the sort of movie that the average person hates, it makes them seem smarter. So, thank you to the pseudo-intellectuals who have made this the #9 movie of all time. At least I can sleep secure in the knowledge that I will never have to watch this contrived, pretentious load again.",1
Memento,"If you have an IQ over 120, and are attentive this may be a great film, but for those who have a touch of what the hero had, which is difficulty incorporating new information, this will be an avalanche of short unconnected scenes that will be as incoherent as Leonard the protagonist's life.

We saw it on TV, and my wife, much smarter than I, mostly got it. I was only confused, even with her coaching. Since this has gotten great ratings here, and been a financial and artistic success, I guess I'm in the minority.

This is not really a pan of a film, only that to me, and I would guess many others, it would be like a complex Chinese film with no subtitles; some would get it, but others not. And for those who could put together the puzzle, I can see how it was a real pleasure.

So, if you think you can figure it out, change my rating to a 10. You will love it.",1
Memento,"People, listen to me. I just rented this movie and was so bored that I didn't even watch it. I only watched the first 30 minutes. It was that bad. Just like one of the users said, the top 250 films list is definetly unreliable. First they got the Godfather. I agree with that. But star wars? What kind of faggots like that? The Godfather is excellent, and people voting here, who are men, need to act like men. The story is boring because it's told in backwards storytelling. How dumb is that? It confused me so much I turned it off. The beginning scene he kills the guy and the rest of the movie is about finding the guy and killing him. Plus the man shaves his legs. Men don't shave their legs, women do.",1
Memento,"The premise of the movie is very good, in fact it is so good that if properly directed and scripted could be the #27 best movie ever as it currently stands in the IMDb Top 250. But after an hour the plot, characters, tension etc won't just go anywhere, it really becomes annoying at one point. After multiple yawning the film just ends!!!!! like WTF? Was there supposed to be part 2 or what? The story just falls half-finished..

Carrie-Ann Moss shines as always and that's it!

If you are not into hype movies like The Dark Knight or Donnie Darko, avoid this one by all means. Don't waste your time with this one..

""Memento"" will probably appeal to kids, women and Leonard Maltin.

Everything below 6 I always rate 1",1
Memento,"How is this a top ten thriller??? It is not a thriller by any means, I would have rather sat through a Kung Fu movie any day than this garbage.This movie sucks! I am rambling on because it wont approve posting unless it is 10 lines or longer. so yada yada yada

Why this movie has a high rating is beyond me. I took it out the DVD player in less than 15 minutes! A movie has to be that crappy for me actually to stop watching it, I usually just stick it out for the sake of it,but this was definitely horrendous. I was done with my review but apparently it has to have ten lines of text. bla bl ablbalalalalalallalalalalalalalal alalalalalalalalalalalalalal alalalalalala.",1
Memento,"Momento is a good movie. Great it is not.

The telling of the story backwards can be described as a great style - maybe even a renaissance of storytelling. It's also a gimmick that the film totally depends on.

In the middle of the film, it gets tedious with remember everything that has happened. Who's the drug dealers? Who's connected with who? The backstory of Leonard's work became more interesting than the current story.

I thought the unravelling of the evidence should have been more interesting. It wasn't.

Did the tedious memory game distract everyone from asking why an alleged murderer was befriending the victim's husband?

The plotline of the film is a bore if you could watch it in proper sequence. However, some of this weakness is made up for the paranoid aspect as we empathize with Leonard.",1
Memento,"It was crap. Pure, unadulterated crap. It was one of the worst movies I've ever seen. I don't know how in the hell it made it into the Top 250 Movies of All Time, because I thought it was only slightly NAUSEATING. It was horrible. I would rather be shot in the leg every day for the rest of my life than have to see this movie again. Sitting through it once was one of the worst experiences ever.",1
Memento,"Boring and dull... I really can't understand how this film made it into the top 250. How can it be compared with films of the stature of Schindler's List or Shawshank Redemption. OK, so it used a clever trick of playing the murder back-to-front, but otherwise it was B-rate dross.",1
Memento,"I like how Nolan is getting all the credit for this form of storytelling when there was a seinfeld episode that was much tighter and better plotted that ran well before he wrote his story.

Nolan's directing is trite, over rated and self important, whereas the seinfeld episode was subtle, clever and funny and didn't hit you over the head telling you how smart the writers and director were every 2 and a half seconds.

A poor showing indeed.",1
Memento,"Would you stop trying to figure out every detail in the plot as if the director meant for it to be there. The story is meant to be ambiguous, and the fact that there are blatant plot loopholes makes the debate of trivial points meaningless. Top 25 movies of all time? Top Twenty-Five!!?? I mean, Goodfellas was good and all, but it had nothing close to a Guy Ritchie performance. Maybe if it added a few unnecessary camera tricks and some vapid dialogue, but.... Just because a storyline is edgy and somewhat original and makes you think for about 5 minutes (it was probably the first 5 minutes hardcore Memento fans ever used their brains), it does not mean that the movie is automatically deserving of Masterpiece status. The same people who think this movie is profound also love The Butterfly Effect ""cause, like it brings up some cool ideas, bro"".",1
Memento,"Absolute forgettable acting ,directing and screenplay,horrible executing,there's only just one memorable word -on ,or no.Boring,there's no REAL ORIGINAL STORY,just the director wanted to drive us crazy.I almost can not remember to a scene ,but the first some minutes maybe.After I had seen this film I had to realize Magnolia-from Paul Thomas Anderson was a great film.Cause that film has memorable scenes ,sentences,good acting,good ,and original twist.But that film has it's mistakes ,but don't want to show things,situations in a confusing, unusual ,too strange way.Nolan has far better films like the smart Insomnia, Batman Begins,and the interesting The Prestige.",1
Memento,"Not quite as boring Forest Gump, but about as boring as Lord of the Rings. Memento is a lame movie, that only the truly gullible could possibly like. How ridiculous to have a premise that the guy forgets everything, then has the ability to remember that he forgets. The people that liked this movie are probably the same people that started all of those dot com companies.",1
Memento,"I don't understand the gushing over this film. It's an interesting watch the first time around but it has zero replay value.

Yes it's quite clever. But clever does not make the film one of the ten best of all time.",1
Memento,"This movie gave me a headache from trying to figure things out (and I don't mean the plot!). I felt like someone was controlling a VCR, rewinding from the end of the movie to the beginning but stopping to play it for 4 minute increments, then rewinding it again. To me a movie should be enjoyable, not a place to display some kooky idea and say it is art.

I am disappointed in those who gave this movie a high rating because it tricked me into watching it. Are you all making money off of it or something? For those who have not seen it, BE WARNED! The movie is mostly played in reverse, not just the beginning... the whole movie! And the final ending is not worth the headache of trying to figure everything out. Once again, do not waste your money on this unless you want to waste 2 hours of your time, Tylenol and another hour of recovery. I am so angry that this movie received such high reviews...if genuine, then it was obviously for the sole reason of being considered different.",1
Memento,"Seriously....ever hear of the lemming who follows a leader blindly? Well, I think one critic declared this a masterpiece due to the gimmick and everyone was brainwashed into following suit, like lemmings. This is one of the worst, if not the worst movies I've ever seen! So boring and gimmicky...why didn't they just make it in 3-D while they were at it?",1
Memento,"I remember renting this movie for ""family movie night"" from Blockbuster video when it first came out back in 2000. My father was so mad that he went to Blockbuster and demanded a refund because the movie ""was broken and not filmed in the correct order"" lol. They did go ahead and give him his money back. This was the first and only time he ever asked for a refund. The only other time I've ever seen him mad about a movie rental was 2010's Burlesque starting Cher. I recently tried to watch this movie again and could not get through 30 minutes before wanting to poke my eyes out with a pitch fork. I understand that people think this movie is original but I think the concept is absolute garbage. I hate when a movie starts with the ending and then says something like ""48 hours earlier"". This is basically that concept on crack. No thank you. I am in the minority and not a fan of 95% of Christopher Nolan's films. Inception, hate dream sequences in movies, a whole movie based on this idea, nope. Tennant couldn't get through an hour, boring and you literally need subtitles to hear what people are saying. Interstellar, love space science fiction, beautiful movie sooo boring. I'm not sure why everyone loves his movies so much. He makes beautiful movies that are beyond boring. I would rather watch burlesque.",1
Memento,"If you feel like playing at being a detective, you may enjoy this movie (although I think a good old Sherlock Holmes story will do a better job for your tickle).

I stood through the whole movie (although it took some willpower) but felt deceived, especially by the ending. Trying to show how a person with this condition might feel is a good idea, generally, but the plot was horribly and unnecessarily convoluted. I can imagine the same idea developed by following more ordinary events in a person's life - now, that one might have actually provided some food for thought.

I suspect that the short story on which this movie is based is actually more worthwhile reading.",1
Memento,"Just a terrible movie and huge waste of time. Sorry to those who love it, but this movie sucked big time. Want a good movie? Watch Prisoners with Jake G (LOL get it?)",2
Memento,"This movie is incredibly boring. I wasted 40 mins and finally turned it off. Keeps switching between present (?) and past and you can't figure out what's real and what's not. And you know what, I didn't care. Because it was just not interesting. Didn't care about the characters and didn't care about the plot. My recommendation, don't waste your time.

Surely you have better things to do. Like washing the dishes. Lord knows that would be more interesting. I guess this gets such great reviews because it's incomprehensible. So people think it must be great art. Sorry, I don't buy it. It's boring and has nothing important to say about anything.",2
Memento,"I have absolutely no idea why people rate this movie as highly as they do. Not only is Pearce's acting altogether wooden, the ""try"" level here is so over-the-top and self-conscious it's pathetic: TRYING to be suspenseful, TRYING to be smart, TRYING to keep your attention, but utterly failing at every point. By minute 30 of this sorry film, my mind had already been wandering for 20 minutes. In fact, I didn't even finish this movie. I skipped to the last five minutes, just to see how it would end, and again, found myself yawning. What a boring, self-important piece if there ever was one. Do yourself a favour and skip it.",2
Memento,"This movie is sooooo tediouis and starts going in circles in the first 10 minutes. You'll get so sick of his ""condition"" and him explaining it to everybody every few minutes you'll want to scream at the screen for him to Shut Up!! I didn't even care what happened before because what was happening on screen was so monumentally dull. And the tattoo element? Gimme a break man. It's where the whole thing unraveled for me. The whole premise is ridiculous, and if the premise is nonsense how can an interesting movie result? Right, it can't. It's artsy rubbish, and the conversations are absurd, annoying and completely unrealistic. It's not unique or interesting in any way. It's rather simple, actually. The back and forth of black and white and color only adds to the overall feeling of a director who really has no clear vision of where to take his film. I didn't like the constant narration either. This is a below average film, make no mistake about it. The sort of film people congradulate themselves on for figuring out at the coffee house with their ""film afficianado"" buddies. The acting was flatline and lifeless. All praise heaped on this are unwarranted. I can't see what the fuss is about. It's just a typical Hollywood piece of dirt going backwards instead of forward. Not complicated. It's got all the same elements that are dense in a movie that goes in a linear direction. Redundant. Bland. Unbelievable. It's got everything to make a movie fail. I'm so tired of people getting rich and famous by making garbage like this. This sort of averageness should not be rewarded or praised. What a world.....",2
Memento,"I can obviously say that my 2 hours were stolen! If you're kinda fan of action,thriller movies you better stay away from this bs! Im really regret I spent 2 hours watching this !",2
Memento,"I may not be the most sophisticated movie critic, but this move made absolutely no sense to my wife or me. It kept going back and forth in time and was completely confusing. Its meaning and what was supposed to have happened totally escaped us.",2
Memento,"How can ""Memento"" be ranked the 12th film of all-time by IMDB viewers/raters? I agree that the film is extremly well-crafted, imaginative and stylish - but that does does make it a top-ranked film.

Above all, a film must first have a compelling plot/story-line (which ""Momento"" has) but it must be presented in some fashion that the viewer can reasonably hope to understand. If it doesn't, then the film must convey its message to the viewer through visual and sound impact. ""Memento"" is only average in the latter approach.

Frankly, this movie is just plain incomprehensible and fails miserably because of it. I tried to understand it, but after awhile one reachs the ""I just don't care about these characters anymore"" point and gives up. A truly great film must be outstanding in all facets of filmmaking and must be able to communicate its message to the general audience. ""Memento"" fails on this count.

When people rate films (as with any other rating exercise that spans a long time period), they tend to remember and focus only on that which is ""fresh"" in their mind - in this case, recent films while forgetting and failing to keep the current film in proper perspective against the many, many truly great films of the past.

While an interesting film, ""Memento"" by no means deserves to be in the IMDB Top 250 films of all time.",2
Memento,"This movie is 113 minutes of pure boredom and irritation. The story is frustrating, no empathy is evoked for the main character. The ""oh so revered plot line"" serves as a bore, and makes the viewer extremely impatient. The plot line is stretched far too long and the disappointing ""plot twist"" ending neither does amend nor makes up for the fluff the writers made throughout the movie. This film is like a popcorn bag, which keeps getting bigger and bigger, and then by the end, it pops open, and there is no popcorn inside, just kernels. That is this movie. A bag of kernels.",2
Memento,"Memento is a film recieving great praise for being a new and highly original idea. While it is original, that doesn't make it a good movie, nor does it make it any fun to sit through. The movie stars Guy Pearce as a man who is looking for the thug who killed is wife. The problem is, he has no short term memory, and has no idea of who his allies are and who is trying to manipulate him. The story is told backwards, with the film beginning at the end, and ending at the start. Unfortunately the novelty wears off after about ten minutes and the film becomes excruciating to sit through, and soon the characters become boring and the plot uninvolving.

Memento reeks of a script that tries too hard to be fresh and original. I must commend this film for avoiding cliche and formula, but at the same time I criticize it for being overly complicated and pretentious when it should have been entertaining. The final word is: Memento is a bust; don't believe the hype.",2
Memento,"Let me get it out of the way and say that I am a thriller buff. I'm not one of the countless reviewers on this site who watched Memento and didn't understand itI understood the plot perfectlyand I am certainly not one of the countless reviewers who gave this a negative score because they see it as poor cinema. I don't have a pretentious bone in my body.

I am writing a negative review of Memento solely because it's exactly like everything I've seen before, and that's something not many people complain about.

The main problem I have with the thriller genre is that it repeats itself, in the same way the sci-fi genre repeats itself. When thriller films don't outright copy one another, they always seem to think if they can find some new, original plot they're going to be groundbreaking. The only problem with that last statement is that most thrillers with ""new, original"" plot-lines still simply have the exact same things happening on screen as all the others. The whole wife-is-murdered-I-must-avenger-her plot. Car chases. People talking about the plot. Intense confirmation between bad guy and good guy. You know the drill.

While Memento tries very hard to avoid those obvious things, and in the end it somewhat does, it's still nothing you haven't seen before. It plays out exactly like every other thrilleravenge-wife, gather info, kill guy who did itand ends exactly like every other thrillerreversal of expectations. Some of the plot details may be a bit fresh, but when you see the same things that you've seen in every other thriller, who really cares? Memento uses the common mistake thriller writers and directors both make: watching a whole typical movie just to get to the less-typical ending is just boring and forgettable. There is no entertainment value in it. It's the same exact mistake The Usual Suspects made. It's like trying to force yourself to eat a stale long john doughnut just to get to the cream filling. You'll end up throwing the doughnut away.

So how great is this ""awesome, unbelievable"" plot twist? Pretty average. It's a plot twist, sure, but with such a pathetic main plot, once again, who really cares they made it a little less pathetic in the last ten minutes? It's still the generic man-must-avenge-wife story.

How was the directing? Once again, pretty typical. It just takes some elements of metafiction and puts them on filmso what? Also, the use of black-and-white intertwined is just getting downright cliché, being that most every film with ""amazing directing"" (big emphasis on the quotes) uses it. I will give Christopher Nolan a bit of credit, because he does keep Memento a bit more fast-paced than most thrillers I've seen, but that's about as far as I can say. It still certainly isn't thrilling, and I find that ironic.

So what it comes down to is this. If you're a hardcore thriller buff like myself, this is essential for you to see, but that doesn't mean you'll enjoy it. If you're an average movie watcher who just wants something entertaining and smart, look elsewhere. Fast.

2/10",2
Memento,"Oh, please! I don't understand why this has an 8.5 rating attached to it. It's just an average story which is filmed backwards. There's nothing particularly clever or interesting about the plot besides the timeline. People might look at it and think it's deep just because they're confused",2
Memento,"Poor Lenny. Or is it Leonard he likes to be called? Dunno. I've got a short-term memory when it comes to this turkey.

In order to care about a character or situation, I first must feel something for them. The way Guy Pearce mumbled through his lines, he seemed drugged on downers and quite bored by the whole matter.

In order to get my brain working to figure out this patchwork quilted scenario, I first must have some interest in what's going on. During the period I lasted before fleeing into the night, I didn't care much who killed the wife, why she was killed or, for that matter, how those three kitty-claw scratches got on our doldrum hero's face. Maybe it was his house tom-cat in heat, after all.",2
Memento,"Memento is one of the most boring unimaginative films that I have ever seen. the fact that a jury a the stardance film fest gave this the Waldo salt screenwriting award, must have Mr. Salt turning in his grave!

Loss of memory as a plot device.

This is hardly unique and has its origins in a far more compelling film ""Mr. Budwing? staring James Garner circa 1965(?). Also Sidney Lumet's ""The Morning After"" with Jane Fonda and Jeff Bridges also use the same plot device.

The manipulation of time device.

This is also old hat having been used by, dare I say it Orson Wells in Citizen Kane. And more recently, and far more interestingly, Doug Liman's ""GO"" Steve Soderbergs ""The Limey"" and ok, Tarantino's ""Pulp Fiction.""

In Memento the use of a time device is quite tedious after the first go round. The pay - off is not worth the wait ""TRUST ME!""

Acting

UG! the performances by all of the principal cast were soulless to say the least. there was no chemistry between any of the characters.

Indeed the only actor who has a soul in this film is on screen far too little Stephen Tobalosky (I know spelling), who turns in a heart wrenching performance that outshines everyone else in the film!

In short the film takes its characters and drags us down into a soulless nihilistic pit of slime that is uninteresting, unhelpful and boring!

directing

More ug! This director better not start believing his own PR or he will out tarantino on the down tic. He has nothing more than pedestrian story telling abilities. He does nothing with his camera that is noteworthy. If he didn't have good DP and a good editor we wouldn't even be talking! screenwriting

Waldo Salt would be turning in his grave to learn that this poor excuse for a film was given a screenplay accolade in his name. the first rule of screen story telling is ""Show us don't tell us!""

Yet how is the ""film"" resolved? In the last act the Joey P character tells us everything. PLEASE EVEN A BAD BAY WATCH EPISODE could resort to a better means of revealing important story information.

DON'T WASTE YOUR TIME, TRUST ME!",2
Memento,"I heard many people say that 'Memento' is an exceptionally brilliant movie which gave inspiration to our own local directors who took the basic concept from it and made a very successful movie here. Now when I see it, I am just wondering how come that it has occupied place in top 250 IMDb rating. May be that I like movies with straight forward story that is gripping and its narration flowing smoothly. It is all as confusing and vague as the mind of the character played by Guy Pierce. It is simply hard to find what he(the lead) did first and what he did later. Whether he commits murder and drives away in car or first drives in and then murders or whether he commits the murder at all. It is taxing on the mind of the viewer to watch the narration going back and forth and it is really tough to keep track of the story line. Many of movies of this director demand certain level of IQ from the viewers to get to his style of narrative. I am very sorry to say that ,but for me, it does not seem worth the time I spent watching this movie.",2
Memento,"Christopher Nolan's 'Memento' plays games with the viewer.

Nothing new. Nolan has played games with us in nearly all his films. In this film he plays with time; it's as though the story is run backwards; from end to start. Nolan also played with 'backwards' time in the indecipherable 'Tenet'. In 'Interstellar' he flashed his characters into their futures then returned them (in a way) to the present. In 'Dunkirk' three stories run simultaneously; each covering a different period of time. In 'Inception' the viewer never knows for sure if the characters are in a dream. Or reality.

The question, for me, is this. Is this gamesmanship merely covering over the fact that these stories are not all that interesting? Scrape away the WAY the story is told and what do you have? In my opinion. Very little (with the exception of 'Dunkirk').

'Memento' is an early effort. The plot has enormous holes in it., At least I think it does. I'm qualifying my opinion because, honestly, I might not have 'gotten it'; at least in its entirety. I'm still unsure about how many backward stories there are, and if there are more than one, then why was one of the stories told in black and white? I dunno.

I saw it in theaters when it first came out. I didn't 'get it'.

Then again - twice more in fact - on broadcast TV: still uncertain.

And finally two nights ago - that's four viewings - on HBO Max.

Nuh uh.

I give up.

But don't let that stop you.",2
Memento,"I can only imagine the reason this movie hit the top 20 of all time is because the majority of users to this site are under twenty. This is a cult film pure and simple. Did it hold your interests because of the tremendous story line or acting - NO! The movie is effective simply because the audience is trying to figure out exactly what is going on in a moment of boredom -like trying to solve a crossword puzzle being worked out by the passenger in the next seat when you look over their shoulder. You watch it because it is there and you might as well be somewhat amused while continuing to be bored.

Grossly overrated - The ending is a total disappointment. I wished I hadn't wasted my time - and yes I did get the theme.",2
Memento,"Ranked 10th in IMDb 250, the film is overrated! True, there is one clever trick, but what else? Only weak storyline remains. The main character is totally imaginative. The film makers do not really know what those people with ""short-term memory"" actually think. To put those memory in reverse order is way simple and silly.",2
Memento,"I just watched this movie even though it's been out for 2 decades. I absolutely love thrillers and movies with twists and this movie has been raved about for 20 years. I finally got to watch it and I'm just let down. For the amount of clout it had coming in I had great expectations of a killer twist (aka Oldboy or that type) but it fell short of the surprise. Maybe back then it was shocking but after the fight clubs and other ""it was me"" type movies I left feeling confused and u satisfied.",2
Memento,"Well I liked it. It was very good... errr.... that's it!

I mean this movie has been reviewed so many times already, I doubt that anything I say is going to have much impact on you. It was intelligent, compelling and well acted. So what are you waiting for, go rent it!

Still here? Well since you're so nosey, let me just add a few more thoughts. This is one of those films that people will tell you is very confusing and difficult to follow. Remember the Usual Suspects? People will go on and on about that film. Heck, there are people out there who found Dune and Mission Impossible confusing.

When they finally ""Get"" an intelligent film, these people start evangelising. ""I'm so smart, I got this film, my friend didn't, therefore it must be brilliant!"" And by extension, they must be oh so clever too!

Well, I liked the film, I paid attention and got it first time. I haven't rewatched it. Am I some kind of wunderkind? Not by the longest shot. Have I missed some hidden depths? Its about the nature of memory and how we construct ourselves, right? Even in the shallow end of the gene pool we spotted that one.

Memento is a wonderful film that rewards attention. The film unfolds its mysteries as you watch. However the real mystery of this film is that the IMDb currently has it rated the 9th all-time greatest film. Its good, but if its in the top 100 I'll eat my hat. To the people who say it took them repeated viewings... PAY A LITTLE MORE FREAKIN' ATTENTION, WHY DON'T YOU? This is not a curate's egg, its an above-average thriller that explores a few interesting themes. Get over yourselves.",2
Memento,"For me, this movie has too much going on, and is too aggressive of an attempt to be original. I respect the fact that it is original, and it takes a lot to write a script of this magnitude, but it's just not an enjoyable watch. I don't like watching movies not knowing what's going on or being confused. Interstellar was a perfect example of a movie that has depth, a big reveal, and requires you to think without being a mess like this. The plot is already deep enough but then you add the reverse chronological order of the story that just makes it a big circle in my opinion. In addition I'm not a fan of movies that are dependent and reliant on a big reveal such as the movie S7even because to me it makes the entire movie a waste, and it's like the whole movie is dependent on the reveal. This movie falls into the category of ""objectively good, but not for me"".",2
Memento,"Within the first 10 minutes, this film had me hooked. I immediately understood the reason for the choppy 1-step forward, 2-steps back modus operandi of this film. They are successfully recreating Lenny's condition (Guy Pearce) and immersing the audience in it.

However, this proves too good to be true for the director, who promptly allowed the ending to crumble, and left the very ending wide open, which is nice in a normal film like Castaway, where you want to leave the viewer with some nice possible outcomes after the main conflict of the film is already resolved, but KILLS the movie when you leave the conflict of the movie not only unresolved but unexposed!",3
Memento,"I wanted to like it. No, I really, REALLY wanted to like it. I was eager to see how the main character's condition was represented. And I will say the approach was unique. But not in an especially good way, as it became wearying to the point of apathy -- I stopped caring what had really happened, the kiss of death in what should have been a psychological thriller. I like Carrie Moss as an actress, but her character in this film was uninteresting -- I stopped caring about her. I also really like Joey Pants as well, but as good as his performance was, even he couldn't make the movie worth it. After struggling to keep watching the movie, overall I found it trite, unsatisfying, and not worth the time spent. When you find yourself ""tuning out"" from a psychological thriller, because you don't really care what happened or will happen to the characters, the point of the movie is lost.",3
Memento,"Many people said they had to seer this twice to ""Get it"". Well I always said ""Most people are stupid"".

This film has two stories going on. The one story is a man reliving each day because he has no memory of anything. He has clues of his life tattooed all over his body. Who can he trust and why. Most of all who can't he trust!

The 2nd story is the protagonist tells the story about a man who has the same condition that he has. You don't need to be a Mensa to know he is talking about himself.

I had a huge headache after watching this film. Maybe that is why I knew what was going on because I paid close attention. I concentrated on the film and at the end of the day I cam to the conclusion this film was just STUPID!

The only people who liked this film are the people who didn't understand this upon their first viewing.",3
Memento,"So I just recently watched this having been told it was a 'complex' thriller.

Imagine my disappointment when I discovered it was only 'complex' due to the editing.

The story itself is actually extremely simplistic and were it just edited in sequence there would be no complication about it. The way the editing is done just needlessly complicates it.

We see him shoot someone, it cuts to him meeting someone else, we see that scene play out then it replays the scene but from further back in time, then cuts back to the shooting then cuts back to the meeting from a different angle to then return to the moments before the shooting to then switch back to a moment we haven't seen before until it returns to that scene after showing us the ending of the previous meeting which came after the shooting but before the events leading up to the shooting and after the scene we hadn't seen before. It then jumps to the scene we hadn't seen before to then come back to the meeting of the shooting before they introduce another scene which shows the reason for the shooting which took place before the meeting we didn't see until the car was stolen...yes there's a stolen car, then the shooting is confused with the meeting before the meeting we haven't seen which led to the car being shot up and the guy chasing him after he'd had his meeting.

With me so far?

The meeting was set up by the guy who was not in the film but was spoken about when he injected his wife with insulin, the shooting happened again though it only actually happened once but the meeting took longer than expected before the insulin injection which killed the wife, or did it? The car which was stolen was not stolen but was stolen, the shooter had a car but decided to kill them anyway and they all lived happily ever after in a tattoo parlour.

Yeah just pseudo intellectual rubbish really. Tried to be far too clever for its own good and it didn't really work i'm afraid to say. It wasn't complicated, it was clear what was going on and that's the disappointment in this, anyone who's anyone would know exactly what the script was so all the to-ing and fro-ing was just pointless.",3
Memento,"Trinity, Cypher and LA Confidential stars + good reviews = i had to buy the DVD, sight unseen, it had to be a sleeper hit, was wondering how i missed it years ago when it first came out... well, now i know. It's no sleeper and it's no hit. It's also nowhere near Tarantino, so there's no big puzzle to solve, you just have to stay engaged and let yourself ride along with the story. At the end is just the end, no sudden realization, no great moral to the story, just a slice of life told in a different way. The actors must have had to fill an obligation for so many movies in a certain amount of time and did this one. It didn't suck, but it didn't seem up to the level of all the stars together. Not only that, but Carrie-Ann's character had a minute-long expletive-riddled rant of cuss words that an irritated drunken sailor wouldn't think to string together. She may consider herself male, but most of the rest of us don't see it when we look at her and those words did nothing for her character or the movie- the point could have been made some other way imo without all that.

Watch it if it's free somewhere, is my recommendation. You'd get more joy out of a jar of mustard and it would last longer.",3
Memento,"Enjoyed this flick.

Interesting technically, as been told backwards.

And also of course the main protagonist's strange ""condition"" Even though the film overall works pretty well but I wouldn't go out of my way to watch it again just to find out what really happened or maybe i will.

The story and charactersare very compelling.

Clever technique, good story, good performances! Very original! very twisty.

A gem!",3
Memento,"My Review will be in 5 Main Parts: 1- Overview (2 out of 10): The way in which the events of the movie went is new by making it go from the end to the start BUT i found it confusing and very bad, I know the way in which the events of the movie went from the final scene without burn the end then start from the beginning and It is better than these way, And i don't got the idea from that girl in the movie ""she helped him because she is lost someone too"" and i don't know how that happened? and what happened to the killer? and how she knew the main character primarily?!. 2- The Goal (4 out of 10): The idea behind the movie is very good .. really good which is that the ""human is just memories"" BUT actually it is messed up for me because of the bad way that the movie goes on it. 3- The Excitement: (2 out of 10): where is it? oh! i found it on the beginning only, then Nothing but boredom. 4- The influence: (1 out of 10): Not that way please nothing affected me , i already know the bad guy from the beginning why i should affected by the events then?. 5- The Vital (7 out of 10): OK here i should say it have my interest because I've forced on this so i can understand the story. My Rating: 16/50 == 3/10",3
Memento,"I just pushed through this film , waiting for the brilliant twist .... this film is ridiculously overrated . That stupid car was the main character ... it was in practically every scene , and if I heard that car alarm "" chirp"" one one time , I was gonna scream .",3
Memento,"I just don't know. I was energized by all the hype for this film. I found it rather flat and somewhat predictable. And, I must admit, I fell asleep at least twice - thank God for DVD and I was able to replay it.

I understood to a point and agree that going ""backwards"" and challenging the audience is interesting and at least new to me. However, this would have been better as a comedy - in the vain of ""Groundhog Day"" than it is as a serious piece of film making.

Guy Pierce is excellent as the man looking for his wife's killer. His intensity was about the only reason I was able to get through the film. Good supporting cast as well.

Memento is not a ""spectator"" film. You must watch everything and suspect everything. Perhaps another time I will rewatch this endeavor and maybe understand it.

Good luck to others who are considering seeing this and make sure you are fully awake - watch everything.

3/10 for Guy Pierce and supporting cast.",3
Memento,"Memento is an original idea in filmmaking, but it doesn't provide a satisfying end. The story builds up to a point where the audience is expecting a major climax, but it never happens. That lack of a finale makes the journey much less rewarding in hindsight. 5 out of 10 stars.",3
Memento,"Best I can do is a 3 and that's because of the acting only. The story is ridiculous. Ok if he did have this condition to where he can only remember 5 or 10 mins at a time since his attack, HOW DOES HE KNOW TO WRITE STUFF DOWN!!!??? Makes zero sense! And the whole tattooing stuff on his body is beyond anything I've ever seen in science fiction. It's a shock or ""cool"" factor, that he tattoos this stuff on his body, so it will give the writers a few mins of dialog in the movie, showing it done and talking about it. And the whole backward thing..... Doing days backwards in time.... No, dumb, idiotic and really adds very little. Yes I understood the movie, the thing I don't understand is how people constantly rate this a 10???? Plus if the guy was really a cop, even a dirty one, would he continue to let this maniac kill people over and over and over? If he did kill all these people wouldn't SOMEONE have turned him in???? Why doesn't he have a tape recorder?????? Maybe I missed it but the first tattoo I'd get is... YOU CAN'T RMEEMBER ANYTHING, PRESS PLAY ON RECORDER! but even then it doesn't make sense because he only remembers 5 or 10 mins at a time. If you wanna watch a good guy pierce movie, watch the count of Monte Cristo or iron man 3. This movie is like a crappy modern art (I know saying crappy modern art is redundant) it's a pretentious load of crap",3
Memento,"Yes, Another MESS of a film starring Guy Pierce (The Man of One Faces). This film is totally predictable and it borrows from 10,000 film plots before it. I'm slowly losing faith in IMDB viewers...to put this anywhere near the Top Ten of 250 films of all time is a total disgrace. This website is slowly losing credibility because of mindless 20 somethings. Don't waste your time on this film. Do laundry or give the dog a bath.",3
Memento,"I don't know...for some reason I just didn't like this movie. A bunch of my friends had said thati it was really good and messed with your head and everything and came out at a time when I really respected M. Night Shayamalan (he said this was probably one of his favorite films). So I got the DVD and I watched it and was just bored to death. Sure, the acting was okay and the story was good, but the direction just went nowhere and the minutes seemed to drag on.

And then there was one thing that really brought it down for me. The ""I don't remember anything before the night my wife died."" If he doesn't remember anything before his wife died, how does he remember that he has a condition. Something that Quentin Tarantino pointed out.

This movie just never ticked me with. I found it too slow and too drawn out, like Christopher Nolan was wanting you the get it instead of messing with your head (like the repetitive scenes where Lenny meets the girl and Teddy keeps saying hello). But that's just my opinion and I think you should just judge this movie for yourself like you should judge anything.",3
Memento,"The story of two different characters who lose their memory and have no recollection of the previous day each time they wake. Our hero, Pearce, survives by taking notes on the back of polaroids and tatooing important facts on his body.

The story is well told and Pearce and the rest of the cast do OK, but basically this is only a 1/2 hour Twilight Zone that would have been better if Rod Sterling had produced it.

Save your money and wait until this hits Showtime or HBO.",3
Memento,"From reading the pretentious reviews here, you'd think that this is going to be a great movie.

You'd be wrong.

The words ""strange"" and ""weird"" come to mind, but if you want me to say something really nice, all I can think of is that I borrowed the DVD from the library, so it was free.

Making this one of the top movies on IMDB is an insult to all the other truly good movies that are on the list. I gave it a 3.",3
Memento,"How is this film rated one of the greatest of all time? It boggles the mind! The only good thing about this movie is the acting of Guy Pearce. He gives a terrific performance as the amnesia-stricken lead character. I believe this film is ranked so high because it was completely different than anything anyone had seen before. That being said, just because it was different doesn't mean it was good. I found the film boring and repetitive to the point where I became disinterested. I would not recommend viewing this film unless you are looking for something different. But remember, different isn't always good.

My rating : @ 1/2 (out of five)",3
Memento,"My take, omg i don't know wtf this movies about. It lost me at the end. What if teddy ended up being the murderer and like the guy he was chasing the cop. May be solve the problem with the non-sequential themes. Harder to read then a frank miller comic book without the rest of the series imho.

These are one of those movies that could be good, if they do it right. Is there a book or guide to this movie? The reason why it failed is because in my book the characters got all mixed up. They lost coordination on how to make the movie interesting. If you were to watch 12 monkeys, it would be interesting because the key points, if you watch pulp fiction it would be interesting. This movie would be an interesting comic orientated mobster movie thriller full of suspense or thought provoking if they didn't add sooo many characters. Jesus, who is the guy at the end?!? Why isn't Teddy the killer? I figured the doctor was in his position as an amnesiac, okay. But umm did he just fly into France from Hollywood is my question. The movie is way too thought provoking with too many characters, and some people don't have the time to watch a guy try and remember something until the quarter end of the movie where it takes a back seat in interest. Its as if the user is tricked into actually liking the movie. Horrible. TBH no one would care about a throw in character who is suddenly the killer of his wife, who is now....alive. Whom he kills cus hes an idiot. Okay. Maybe they grew old together. Makes sense, except it would be more interesting if i knew his wife was diabetic, and he kills his wife while in the hospital after the accident. Maybe he could have killed his wife, or maybe he could have had like a son or daughter instead whom he killed. Maybe his wife should have survived and his daughter was the unfortunate casualty. Maybe he went to the town of his killer and made friends with the residence, true...okay but then his killer shows up and the guy he was chasing or chasing him is out of the picture. I would expect even, teddy to actually be lying, while the guy he was chasing be a cop. Sure, throw in the obvious...but what if teddy had a motive to kill him at the end. What if teddy was insured and had him kill the cop, whom he finally realized he killed. What if Teddy was the 'second' guy. Maybe cripple his mind a little psychologically. Was the movie trying to be like funny or something? I don't think so. I like the mood of the film though, it was very light so they went in that direction but i would like to see a light funny comedy thriller with dark humor, very artsy makes you feel really small in a big world. Except this comedy thriller needs murder, it just does..and lots of it. Good idea, not so good outcome. What exactly were they trying to do here is my question. Need's work.",3
Memento,"Intriguing at first, but no particularly likeable characters, and the twist at the end wasn't worth the wait. It was just repetitive and became so boring that my husband gave up and went to bed. I felt cheated that I'd wasted nearly 2 hours. I can't figure out why it is so overrated.",3
Memento,"This was OK, I suppose-but I'm glad I rented it from the library and didn't actually pay money to watch it. It wasn't the worst movie ever, but it just was not very good, in my opinion. Instead of trying to tell a story, the film jumps around with time which can be confusing unless you're paying close attention. I actually thought it was a clever way to go, but they just overdid it to death. By the time it was over, I didn't much care about the plot twist at the end. The jumping around made it less interesting to me.

Overall, it was OK I guess, but it lacked something. This was a good idea that could have been a great movie, but it was fumbled. There were holes in the plot and a few things that just didn't make sense to me.",3
Memento,"Honestly, what is the reasoning for the story being told in reverse order? Just to be intentionally confusing and pretentious? That's my view on it at least. Although even if the story was told in a comprehensible manner, that wouldn't keep the movie from being a dull slog. This movie makes two hours feel like an eternity.

This movie is supposed to be a thriller, but it isn't thrilling. Be prepared to watch the same events happen over and over with a tiny additional sliver of information added every time. It feels like a gimmick and it gets very tiring after a while. It is possible to make a good arthouse film that isn't totally incomprehensible, yet this isn't one of them.",3
Memento,"Man am I going to lose some ""artistic"" cred here. The formula is very well done, and totally apt to the condition portrayed by our main character. It is a very interesting story and well told by Nolan and the entire cast. Yes I'm aware of all of that, and based upon all of those things ""Memento"" was brilliant. That being said, I didn't enjoy watching this movie. After being interested for about the first 5 minutes, I lapsed into waiting for the story to progress. It never did. I don't see how anyone could pull off this type of ""pacing"" any better than Momento, the problem is I don't see how the pacing of this story can be good either. It's not the fault of anyone involved, I just couldn't stand constantly receiving the same information over and over. I already know this, I don't care that the main character does not. It could not have been put together any better than it was, but it just kept frustrating me over and over. Every single second of the movie is spent re-hashing information about the movie that the movie has already established. And I don't think that's even possible. The entire film I was thinking ""movie, show me something we don't already know."" And it never did.",3
Memento,"You see the ending, and then have to wade through the rest of the movie, as it is told in scenes that are presented in reverse order, to see if the ending was a good thing, or a bad thing. I had that figured out as the opening credits were rolling. I didn't find the story at all interesting, I knew how it ended, it was just a matter of seeing how we got there... it didn't work for me.

Also, I found the guys affliction very odd. I've never heard of such an extreme memory problem. I also kept asking myself if a person with this problem could function well enough to leave himself notes, and to tatoo himself with notes, and go on this quest, would he be going around with no one to help him a little... he knows that eventually he will be lost again, except for his notes. I didn't buy it. Too odd... too silly.",3
Memento,"I actually understand why the movie is shown in the nature it is, and thought that was an interesting choice in keeping the audience also in the dark, like the character was. Bravo for that, even if it's annoying to the viewer.

The problem is that the film is completely one of those pretentious 'ambiguous' believe what you want to movies. You watch in this annoying format hoping to get concrete answers, but never do. The ending, or beginning, depending on how you see it, is completely up to you to figure out. Directors think they are being artistic, but they're being annoying.

So yeah, don't bother unless you like to write your own story I guess.",3
Memento,"Memento started out well, I was enthralled for the first twenty minutes. The next twenty minutes I found ok, the twenty minutes after that I started to get bored and after that I just wanted the film to end. No I did not get the ending before the end reel but by that time I didn't care, it had turned into a matter of wills, which would break first my will to watch the film or my will to say to a friend that this was the most boring piece of s*** I have seen in ages and could he please turn it off. The former won, but I felt tha I had wasted two hours of my life which I cannot now get back. If you want a film with a good plot twist watch The Usual Suspects, if you want to watch a film and then be able to say well I'm a real fan watch Memento. Watching Memento and saying it is wonderful isn't a case of watching interlectual film its a case of thinking you are watching a interlectual film, whilst in fact you are watching second rate tat which isn't smart or clever.",3
Memento,"In India, one of the top Bollywood super stars Khan  Amir Khan is making a movie. We hear that he is very choosy, selective and does lots of discussion with the Director of the movie before saying YES. So when he said yes to act in a movie everyone got interested and we knew that he is re-making a Tamil version of a movie called Ghajini in Hindi for national release. While reading the story of Ghajini, I remembered that this story is something I have seen. I thought for a while and realized that during one of my International flights I saw a movie (and felt asleep half way) with same story line. So researching on the web  I found that the story on which Ghajini is made is Memento. That is when I decided to give Memento another shot, determined not to sleep this time during the viewing.

The story is about a man Leonard (Guy Pearce) whose wife (Jorja Fox) is killed and due to the fight with the killer Teddy (Joe Pantoliano), Leonard looses his short term memory. Leonard remembers every event till his wife was alive, but after that his memory captures only events for 12 seconds maximum. To remember that he has to take revenge for his wife's murder  he has tattooed all over his body the events and facts, and he keeps taking photographs and writes lots of paper notes to remember what he has to do, where he has go etc. That is the way Leonard takes the revenge and kills his wife's killer.

It is a typical revenge story. What makes people interested are two things  the concept of 12 seconds memory thrown in and the story is told backwards by the Director Christopher Nolao; meaning the movie starts with the killing of the murderer, and it goes backwards to the scene when wife was killed. This I think is the unique selling point of the movie.

The Director must have really spent a huge amount of time and energy in scripting this unique concept. Why one should say the story backwards is a question I still am not able to figure out. For what purpose and sake  just for experimentation, just to show that yes a story can be told in this fashion too? I suppose YES. Earlier we have seen many movies of the same genre where the episodes are juggled and presented to the audience, and only through the last episode the real mystery is uncovered. But does Director Christopher succeed in this experiment? Yes  in getting audience interested in the concept, and yes in getting nominated for Oscars for best scripts and editing.

As I told earlier  during the first viewing I fell asleep, because I could not make head or tail of this movie. My second viewing, I forced myself to see it through the 113 minutes. I saw it. As the movie is presented in reverse, I viewed the movie twice in reverse to get hold of the story better. I must have spent about 250 minutes viewing this movie again and again from all possible ways. My verdict is the movie is badly made because: The director even though experiments with a new concept, but fails to hold interest of the audience. All the actors have acted with stoned faced expressions. The love scenes between Guy Pearce and Carrie Anne Moss (another woman Natalie  who helps him) are too irritating, distracting, clichéd and unnecessary for the flow of the movie. The direction  apart from the reverse presentation is very poor.

The biggest flaw is that it thinks that the audience is stupid and fool. I could not understand when this hero is not able to remember anything more than 12 seconds how come he figures out that he has kept the notes and photographs in his pockets? Every time he pulls them out  how his memory works then? The story seems to be said lasting two days in total, during which time  he solves the mystery and kills the murderer. What happened between the accident and that two days? How many days have gone by? I saw the movie backwards too. The precision with which he solves the mystery and leads up to the killer is so simple and like child's play  one thing leading to another. The director says that the police don't believe in the hero analysis and thus have not helped him. The efficiency and confidence with which the hero analyzes and corrects his notes is laughable. How he knows what he wrote earlier was false, just because someone has just said the opposite? Could be the person who just gave him the facts  must be telling lies. No questions asked  just a big gimmick by the Director Christopher  who wants to prove a point that he too can make an intelligent movie.

But according to me he has failed miserably. I would like to give this movie a zero rating out of 10 just to bring it out of the number 28 slot on IMDb database, but because of this unique concept and attempt I have to give him (Stars 3 out of 10)",3
Memento,"I'm not sure if this is considered a mystery or a drama. Everything was a mystery to Lenny because he had memory loss. Maybe I considered it mediocre because the style this movie was written & directed is dated. After all this is a 23-year-old movie. If you don't think you'll enjoy a movie whose scenes are filmed in reverse order of events then avoid this movie. To me it was just too much. Not a total waste of time, just a disappointment since the ratings didn't equate to my opinion of what a good movie should be.

Not much action. There are a few scenes with action however there are only a few seconds of excitement at a time. Teddy G., the guy helping Lenny with his memory loss, is a character whose lines are so intense and loud that it gets kind of uncomfortable to listen to him.

I feel the reverse order style would have worked if it wasn't the entire duration of the film. It kind of got old three quarters of the way through.",4
Memento,"I'm not the biggest fan of Christopher Nolan but I admit he has his own style, and I can understand if his sometimes mind-boggling ideas are someone's biggest favorites. Memento bears similarity also to some Tarantino films because also that director likes to mess around with non-chronological telling style. Quite early in the film I noticed that the story moves backwards. But there are also flashbacks from other parts of the story, sometimes shown again in important moments.

It's definitely interesting film but I think it's more interesting as a concept than a watching experience. Since the ending is told first it lacks a good conclusion. Well, of course the main idea is to try and understand the story from this kind of experimental telling style and it's ok. But I feel like Nolan is trying a little bit too hard to make an intellingent and surprising thriller, and the timeline trickery is there just to confuse the viewer and make the movie appear more artistic than the story underneath actually is.

I enjoyed it to some extent and might raise the raiting when watching again later, but it probably won't rise to my real big favorites.

If you're a fan of Christopher Nolan, perhaps Tarantino, and muder mystery thrillers, then you need to see this one.",4
Memento,"Let me put this straight: This movie is simply boring. It is different from other movies and it does have a plot twist but it failed to hold my attention so when the plot twist was revealed, I didn't even bother to care anymore. The storyline is stupid, I don't understand why many people here say it's clever and entertaining, to me it's so so so boring, repetitive and pretentious to the point that I kept wondering: ""what is the point of all this when we all know the protagonist's final action already?"" Oh and talking about the protagonist. He is an incredibly unbelievable character, at the beginning I thought he was supposed to be funny but after that when I realized he was pretty serious about his ""condition"" and all the vengeance thing I lost interest and couldn't care less. The movie is only 1 and a half hour long yet the number of times I yawned while watching it was countless.",4
Memento,"Perhaps this film's success will signal the transition of film from a medium of words to a medium of pictures, but that doesn't mean i have to approve. The problem with Memento is that the film shown backwards (ie without the gimmick) would not be watchable. The plot develops at a slow pace, the dialogue is riddled with ughs, every time Guy says he has a ""disability"" as an example (South Park speaks more intelligently about the topic). The acting is flat, which i think could be attributed to the filming process during which the actors have said they weren't told much about their roles. The film is mostly predictible, barring plot twists which seldom make sense due to the backwardity. One thing that this film proves even moreso than The Limey (a better, if average, movie) is that editing counts. Another thing this movie proves, except this time by bad example, MUSIC counts. The score in Memento is typical pad swells and synth strings, it only hinders a film which would be much more riveting with no music (or perhaps some odd backwards soundscapes). While the directer immerses you in the world of the amnesiac, it's not a world worth inhabiting, as nothing is really happening. Memento is sort of like throwing a party but spending all your money on the band and not being able to afford invitations. It's just you sitting alone, enjoying the show of your life (the editing), but wondering why you bothered. 6 of 10",4
Memento,"This film must be getting so much hype and praise because it's a somewhat interesting experiment in form, starting at the chronological end and then jumping backwards in time about six minutes after every three minutes that passes. This device is intriguing, and was enough to keep my interest for the first fifteen minutes or so. But once I realized that it wasn't going to stop until the movie was over, I began to go slowly insane.

Also, the structure implicitly asks you to take it for granted that when you reach to the end, everything is going to make sense in terms of character and motivation. Without going into any details, let me just tell you that it doesn't.

The acting was good, and the writing, in terms of dialogue, was competent. And there were a few good moments that made use of the memory-loss theme effectively. But in general, I think that history will find this movie little more than a mostly-failed exploration in form.",4
Memento,"I have read so many positive reviews about Memento being great and surprising. First 60 minutes didn´t lure me into the story,I thought it was boring. After the 60 minutes, the plot became slighty interesting, but it was too late. The climax isn´t interesting, actually I wasn´t even interested how the movie would end.

The cast is excellent and it was one of the reasons, that kept me awake through this boring movie. I give MEMENTO 4 points out of 10 (** out of *****).",4
Memento,"This film is a work of art on self-delusion. But not the self-delusion of the main character but the self-delusion of viewers and critics that praise this movie as the new Citizen Kane!! My respects Mr· Nolan! You managed to make thousands to believe they watched an artistic, complex and challenging film out of a simplistic, boring, really boring! gimmick that just edits a story backwards.

If the film would show the story in order the ""mystery"" disappears, hence the gimmick. I recognize the edition and the acting, that's why I don't rate it lower. But good edition or good acting don't mean good films. What about cinematography as such? What about the viewing experience? What about thought provoking craft? Complexity and pleasure don't come from just toying in the edition room. But apparently many people was framed to believed so. My respects Mr. Nolan.",4
Memento,"Reviewer ""lasher42"" rates this film 10/10. Always suspicious of 8/10, 9/10 and especially 10/10 ratings for so-so movies, I checked the history of ""lasher42"" and find that he/she has REVIEWED a total of only TWO motion pictures !! A joke. And he/she spells SCENE as SEEN. Hmmm. So WHY did he/she rate this film 10/10 ? A cast member? A crew member? A friend or relative of a cast or crew member? I don't know, but I am growing more and more teed-off at such ""reviewers"". A waste of time. Are they kids? This is a so-so movie. I rate it 4/10 as it is not particulary well-acted or well-directed and the story is somewhat lame. The cinematography is OK.",4
Memento,"So many people raved about this movie, some even went as far as to say it was their favorite. IMO This movie was barely twisty; the pay off just wasn't there.

By 2021 I have seen mindblowing plot twists, and much more intriguing plots that had me at the edge of my seat. I was no where near the edge of my seat during this movie.

Quite frankly, it dragged on and on.

In 2000 this movie blew people's minds, apparently. However its repetitive scenes, going backwards (something unique back then) appear to me now, as a way to stretch out an actually VERY simple plot.",4
Memento,"This movie's strength is that it keeps your attention, trying to figure out just what the heck is going on. It's well made, but suffers mainly from being too cryptic. I'm not a stupid person, but I can't imagine anyone with an IQ of only 100 being able to figure out what's going on and therefore to enjoy it. (I'm sure the viewers who gave it a ""10"" will be duly flattered.) By the time the movie ends, you have a wonderful idea of what it must be like to lack short-term memory -- the director and editor did an outstanding job here -- but as a viewer you are still owed a denouement, and what you get isn't complete; there are yet a few unresolved facts that gnaw at you. Furthermore, the plot is grisly. A person with the protagonist's problem could be pursuing an entirely different quest. Which gets me to the last point: the scenes of violence were more gratuitous than necessary; they didn't strengthen the plot. If you really like to work hard while watching a movie, or if you enjoy something out of the mainstream, this one's for you. It's ""out there"".",4
Memento,"Perhaps since the storytelling technique - unfolding things backwards - didn't knock my proverbial socks off, I'm not terribly impressed with the movie as a whole. I did like it, and it was an enjoyable film, but in its self-imposed restriction of only allowing the audience to know as much as Leonard it becomes victim to that restriction. Some reviews here have mentioned good characterizations, yet I think that despite very good efforts by the performers, there was no room for character development because of the very limits the movie imposes on itself. Its greatest achievement is in leading the audience to believe that what Leonard knows - what Leonard holds as ""certainties"" - are all true.

MEMENTO is good, and worth seeing. I just feel that its own narrative rules, clever as they may be, prevent it from the ""fleshing out"" that it seems to need.",4
Memento,"This film proves how stupid and how audiences have no attention span. I herd many people say they saw this 3 times before they understood the film.

If they paid attention (Watch the movie and not look at your phone) then it would have been easier for some people to understand.

In this film Leonard (Guy Pearce) is tracking down the man who raped and murdered his wife. The difficulty, however, of locating his wife's killer is compounded by the fact that he suffers from a rare, form of memory loss. Although he can recall details of life before his accident, Leonard cannot remember what happened fifteen minutes ago, where he's going, or why.

Trust me this film has sold more aspirin than any other film. If you pay attention you will figure out this stupid movie. You will however get a migraine headache at the same time",4
Memento,"*Tiny unspoilers within*

No, it's not a dig aimed at the formerly great MGM, I talk of Memento. Intelligent film making? Perhaps. An intelligent film? I think not! In this post Tarantino age of cinema this is what passes for a masterpiece, god help us! It was Tarantino's Pulp Fiction that sparked this brave new age of cinema we are currently suffering, the age of mediocre is the new good. It is so fitting that the so called benchmark for film making in the 21st century should be the personification of style over substance. In fact there is hardly anything worth extracting from this self congratulatory thriller other than the over stylized imagery and technical wizardry on show. This film is stone cold, a lifeless film made purely for your aesthetic pleasure.

The premise for the film IS intriguing, the director provided himself remarkable scope in which to create a fantastically gripping thriller by virtue of the protagonist's 'condition' combined with a muddled take on the old reverse narrative. This allowed him the chance to chop up the plot and deliver the punch line from each segment first then show us the events leading up to that point. This is fascinating the first couple of times, but by the 4th I was thinking ""wow, that's getting old fast"" by the 8th time I just wanted the punishment to stop. The narrative device is purely and simply a clever gimmick, and one that is clearly wasted on such a banal story. The argument has been used that the connect the dots narrative structure is the only thing that makes it intriguing. Heck, so what? It is possible to take a half decent plot and spin gold from straw with the right narrative structure. Not here though, even told in reverse it had no worth in my eyes because the plot is beyond redemption. A thriller should be thrilling, this film is snail paced and instead of being intriguing the narrative structure quickly begins to resemble someone desperately trying to draw blood from a stone, futile. Further more a thriller or drama should have interesting characters and a bit of intrigue. The plot was not captivating, the situation was not captivating, the characters were not captivating and I did not care about them, especially not Lenny and his questionable motives.

There is not one good character in this film, not surprising since the actors don't have any challenging dialog to work with. Also they look like they were sleepwalking through filming, only Pantoliano attempts to bring anything resembling life to this turkey. I can almost forgive Pearce as he is playing a vengeful, obsessive psycho, and he has no short term memory so he might well have zero personality or emotion for good reason. However Moss' character is simply a horrible film noir cliché, the femme fetale, and she performs the role with no style whatsoever, perhaps because she has little work with. All she is required to do is look moody and menacing and be a bitch. Please, can nobody come up with good characters these days? The effect is not good at all, I felt these characters and the swiss cheese style excuse for a thriller/drama were spat out as the appendix for a Nolan master class in technical magic and whiz bang editing. The cast are rendered pointless by a senseless plot that only exists to be manipulated and rearranged to display the fact you can take a terrible story, mix it up beyond recognition and somehow disguise it as some sort of epiphany, a la Pulp Fiction.

Then the ending (sorry beginning?) was just the icing on this grotesquely elaborate cake, I don't want to totally spoil it for those who have not seen it as the surprise of having your head deflated in disappointment is one not to be spoiled. It's suffice to say the preceding events were rendered even more senseless by the anticlimactic conclusion, I had not seen an ending this whiffy since Fight Club (later bettered by Mulholland Drive). I was left apathetic and cold by the conclusion to this 'riddle' that seemingly offered two possibilities, neither of which would validate the rest of the miserable excuse for a film. Why? Because I didn't care! Memento (and it's message) is like ouroboros in the most literal sense - circular, self contained, endless and ultimately pointless. Forgive my apparent artistic blindness, I DO appreciate creativity and inventiveness, my message to Mr Nolan and his peers would be ""please use it to INVENT a decent story!""

In reflection, perhaps the most annoying thing isn't that Memento is so mediocre in every way, it's the fact that it has been so widely regarded as a great film, much like the two putrid films that it rooted from - Fight Club and Pulp Fiction. I don't know, my friends say I am a cynic and the harshest of harsh critics, well I simply say I am just reflecting on a harsh and cynical world that thrives on misery and depression like they are going out of fashion. With the rapid development of special effects, filming equipment and creativity in cinema it's easy to look back on the 'golden eras' of cinema and chuckle at the technical integrity and naive world view of some of the oldies. However it almost makes me want to shed a tear that cinema has come such a long way technically but sadly seems to have lost the values that used to be at it's heart. Films used to tell stories, they used to have REAL characters and had soul and substance. Now I look at the 'classics' of todays material world - films like Pulp Fiction, Memento, American Beauty and Fight Club and I see nothing but hate, cynicism, sharp emotionless dialog, 2 dimensional characters and most importantly style over everything else, a sad but accurate reflection of the age we live in? Indeed.",4
Memento,"I was recommended this film by someone whose opinion I value. Perhaps consequently my expectations were too high and I was left just feeling disappointed.

The positive thing about the film is that it did give an insight into how confusing life must be with this kind of short-term memory disorder - but so what?, is that supposed to be entertainment?

It's a novel approach to show the ending of a film first and then work backwards but it made the (otherwise very simple) plot overly complicated and more like a memory-test puzzle than a film.

The acting was good enough but I think that overall this film is greatly overrated - how on earth did it get in the ImDB top 10?

Algis Kuliukas",4
Memento,"Memento is often praised for its unconventional reverse storytelling and exploration of memory and identity. However, for all its complexity, the film ultimately feels like an exercise in frustration. It bombards viewers with countless flashbacks and an unnecessarily fragmented structure, forcing them to reconstruct the narrative piece by piece. Instead of engaging, this relentless mental gymnastics becomes exhausting.

The film's central themes, such as the ""importance of memories"" and the fallibility of human perception, are disappointingly narrow and obvious. While a complex structure might be justified for profound or expansive ideas, Memento fails to deliver anything truly thought-provoking, leaving the audience questioning why they were made to work so hard for such basic insights.

Good storytelling balances complexity with emotional or intellectual rewards. In Memento, however, the focus on cleverness overshadows the story's emotional core, resulting in a film that feels hollow and pretentious. It's a reminder that complexity for its own sake is no substitute for meaningful ideas or an engaging experience.

If you enjoy solving puzzles for the sake of it, Memento might appeal to you. For others, it's likely to feel like an exhausting gimmick that prioritizes style over substance.",4
Memento,"Watch this movie only if you absolutely have nothing better to do for two hours. The storyline contains an interesting idea but is portrayed in a boring predictable manner. The characters are as dull as the writing. I found it near impossible to relate to any of the characters as they are flat and emotionless, it felt like I wasn't even watching real people. I was disappointed in Guy Pearce's performance and a little surprised that Joe Pantoliano's character was the best part of this movie but it was not enough to make it a good film. I feel like the movie had to run in reverse otherwise it wouldn't be worth watching at all. The stability of the plot is constantly contradicting its self and is at times way over complicated. The flashbacks and narration really seem to distract from the story, not that it's that believable anyway with its lack of continuity. Since the events play out in reverse you already know what is going to happen and that completely eliminates any suspense. I believe with a better script and character development this movie could have been a lot better. I personally enjoyed the short story much better and wish the movie was more like the that. Definitely read the short story.",4
Memento,"Maybe this film is, as others have stated, trying to give us the experience of being Leonard rather than just observing him, so we end up being just as confused and frustrated as he is, for that I can give it allot of credit, I know of no other film that attempts to give you the experience of the main character in such a literal way, but this of itself does not make a great movie. Solving an involved math equation might be a better time. There has to be some character development, these characters never become interesting and the motivation of the main character for revenge seems shallow and becomes boring quickly. Everything seems to ride on weather Teddy is telling the truth or not. This is never reveled and so everything is open to speculation. Probably one of the best films ever concocted for the purpose of discussing endlessly afterward and for multiple viewing. A plot that you care about would help allot here. I could appreciate the cleverness of it all if the story was more of a hook. Leonard thinks revenge will give him peace? Even though he'll never remember it? All he remembers is his life up to ""the event"" but is able to remember he has short term memory loss? It seems this film is trying too hard to be something ""original"" and ""creative"" and comes of more like an exam puzzle and is seriously lacking a soul.",4
Memento,Not my cup of tea I must say... Been looking on search engine on the internet for the best thriller movies... And this one was amongst a lot of good movies I've seen... But not a +8 movie for me....,4
Memento,"This movie is waaaaaayyyy too confusing to even be considered one of the best of all time. Guy Pearce is super in it and the acting is wonderful. I like the idea and the concept of telling the story is pretty original. But wow!!! What a bummer ending. It works up all this suspense and intrigue and you find out, the story we saw was for nothing???? I don't mind not knowing everything, but not knowing anything???? Not acceptable. I didn't like it and call me stupid, but after being intrigued and following along the whole time, the ending is just too stupid. At one point, I was just ready to get the movie over with. Not something a movie should want me to do. There is some entertainment value, but at some point, it becomes too complicated to even really care. That's how I felt. This movie is pretty overrated for where it is in the standings. It's half-way decent, and DEFINITELY NOT ONE OF THE 20 BEST FILMS EVER MADE!!!! Go see the Usual Suspects instead.",4
Memento,"I think that the people who gave this a decent vote must have been watching the wrong film. May I suggest you go back and have another look. If they told this story fowards it would have received about 3.0 and although it may be ""clever"" to tell the story in this backwards forwards whatever format I think the film would have benefitted greatly from being set in space or possibly under the sea.",4
Memento,"This movie has been 'sliced and diced' so that it is confusing and hard to follow. The last five minutes does little to bring this abstract video into focus. The movies subject matter, dealing with short term memory loss, only made me wish I was suffering from that malady when I left the theatre and could forget the whole flick.",4
Memento,"Fragmented, disjointed, unsequential story and screenplay, is innovative and certainly attention-getting, but ultimately mutes the emotional impact of film. Too few moments when the viewers here could connect, possibly because you have to work so hard continuously to figure out what is going on. An intricate cerebral puzzle but without passion.",4
Memento,"After seeing how many people loved this flick, I am surprised. I guess you should be wide awake and completely alert to watch it. I was tired and I could not wait for this movie to end. It left too many questions unanswered at the end. I will admit that it was an interesting way to film a thriller.",4
Memento,"Since I've started watching and reviewing movies, I was searching for innovation and fantastically. What then happened, it proved actually that my theory about British directors have stile, been wrong. That was when I saw Memento At first, I found it unusual that the film begins extremely violent, do even the most controversial films ever made, like Cannibal Holocaust, or (what's more possible that this film is a copy of that movie) Pulp Fiction, don't begin by killing people, by showing how they die. Its true that's a shock for the audience and that they will stay to see the movie, but the next move, was so unprofessional, like he did never get a video camera in his hands. He broke the main rule, of every filmmaker that ever broke a rule. He tortured the audience by showing too many flashbacks. The rule, of every film is not to do a same thing more then 3 times or 7 times but not at once. Even if you look at Pulp fiction, it's got not less then 7, yeah, seven my friends, seven! Memento's got 22 jumps. A man, a normal human, looses every wish to see a thing if you have repeated something more then 11 times. I'm somehow surprised that it became a success. I have nothing against the actors, because Nolan chooses quite well actors. What I'm really mad, are the characters In every Nolan movie! The characters are mean, evil, stupid I mean, you don't have to think in Nolan's movies, they tell you anything at the end, so you have to just watch the end, cause anything else it for throwing away: the horrible music, poor characters and no style directing, only some trademarks, but nothing else. But let's go back to Memento You may have notice that the characters are changing, but from good up to evil. This lends realism, that's for sure, but it does not automatically made a great feature. Some of you would probably say that a man gets rotten, because the society wont help him with his problem, but that's not the case in Memento. Leo's the guy who actually killed the only person, who was ever kind to him, and understood his problem, Teddy, what makes Leonard a guy, who doesn't want any help from anyone which turns his character not into a anti hero, but more a antagonist: he has no purpose, he doesn't want any help, he loves nobody a villain. Finally, some of you might think that I'm only writhing bad reviews all the time, but true's that I love much worse movies and writhe reviews that show how charming films are. I even see something positive in Michael Bays films, but this film doesn't have a place at IMDb top 250.

I'll give this film a rating 5.6 out-ha 10.0, cause I still think that the idea to have a whole film going backwards nice. As well the actors are pretty good, and its not easy to forget such a film, but its nothing special or innovative. Its mean, evil, not well directed and overrated",4
Memento,"The backwards story was interesting, but the plot was no longer exciting. The movie was only OK because story told backwards was positive and weak plot was negative. A total of 4/10.",4
