title,comment,rating
Pirates of the Caribbean: The Curse of the Black Pearl,"An incredibly boring film with a horrendous screenplay, terrible pacing, tons of filler, painfully long and utterly unsuspenseful action scenes, abysmal dialogue, characters no one cares one bit about, a needlessly convoluted plot, lame attempts at humour, an unpersuasive love story, ridiculous CGI, and utter failure to draw the audience into a single scene.

To make things worse, it is ostensibly a film for children, yet its plot contains so many twists and turns, as well as moments where the protagonists' motivation is unclear, that no child can follow it. And what was it for? A series of toothless action scenes and a 'climax' in which nothing really seems to be at stake. The film is painfully long, which makes things even worse. If this is designed for kids, it's a colossal failure. And if they were going for a wider appeal, well, it's an even greater failure. Not even Johnny Depp could save the film when his character was poorly written and lost in scenes that are boring and confusing.

Catastrophe of a movie.",1
Pirates of the Caribbean: The Curse of the Black Pearl,"This is a film that is the sum of every possible cliché to make a film: there is an anti hero that will have to put on the right side, there are proxies who could never have had that behavior for a few centuries ago, the Villains or are silly or predictable and the general comedy tone makes this package that we have seen in a thousand films digestible. The film is well done but the big problem is that little does to offer something that has a drop of originality. And the big problem is that. You cannot insult the viewer with a design product whose only purpose is to bill while we as hostages accept as beggars what they give us. Technically it is good but as an artistic and original product it is despicable.",1
Pirates of the Caribbean: The Curse of the Black Pearl,"Pirates of the Caribbean: The movie is horrible.

1. The lady falls from a height of 30-40 meters and remains alive, and Sparrow manages to pick her up from the bottom, being on the ship half a kilometer from the place of the fall. Well, crap! It was possible to take care of elementary realism.

2. The same lady (Elizabeth) is a super fearless fighter who remains in clean underwear during all the troubles, not scratched or smeared.

3. Jack. This is a separate issue. An absolutely unrealistic hero: neither under the muzzles of dozens of guns, nor in front of the gallows, nor in front of a gang of immortal ghosts, neither fear, nor fright, nor anger or

4. Fights. Especially boarding by ghosts. These immortals slaughter one after another, and those, despite their small number, are not yet exterminated. And so in two scenes.

5. Well, I'm already silent about the predictable and therefore nauseating rescues that are usual for Hollywood at the last second. There are dozens of them here. No variety. And only at the last second. No other way.

6. The general feeling of some kind of dirt after the film is obvious. The cheap morality about a nice pirate guy (scoundrel), who repeatedly and for free saves a beautiful girl, does not roll compared to the abundance of scenes of violence and black magic. Well, it does not outweigh the evil spirits.

I liked it: the scene with a hike along the bottom of the sea under an overturned boat, but this is essentially darkness, because it's impossible to walk along the bottom like that. And nothing more.",1
Pirates of the Caribbean: The Curse of the Black Pearl,"There were only little things to like about this film, like the humor. And even the humor was to be found in the sections 'All Been Done Before' and 'Unoriginal?? What're You Talking About??!' (Cough)*Sarcasm*(Cough) The film was annoying, also because there were a lot of people who died, but only extra's, no one really important.

Maybe kids like it and love it, but this is not a pirate-movie. At least Jack Sparrow is not a pirate; Johnny Depp is a great actor, but the story makes him completely unbelievable, if he'd be a real pirate, he'd be much more of a bad-ass.

There should be no argue about tastes, but I hate to see this movie to be so high rated!",1
Pirates of the Caribbean: The Curse of the Black Pearl,"I can not remember the last time I saw a Disney film that was as bad as this is. Why do people who have had no acting lessons and are not fully trained actors continually get acting work at the expense of those that have been fully trained and therefore can act? Johnny Depp is proof of point of someone who has absolutely no ability to act whatsoever due to having had no lessons in how to act and is the complete opposite of fully trained and yet he keeps getting work in front of someone who is fully trained! The rest of the cast did rather well with the dreadful script, the storyline was almost non-existent, and didn't do anything remotely new. If half of The scenes where buckles were swashed and cut the rest shorter there still would have been far more than enough swash buckling to suit everyone that went to see the film. At over two hours long half an hour could have been taken out and it still would have been far too long! Johnny Depp's English accent was....well....let's just say it was obvious that it was an American trying to speak in and with an English accent, unlike Kevin Costner when he did Robin Hood Prince Of Thieves!

There was ABSOLUTELY NOTHING good about this generic pirate film. It had two story lines in it both of them having been told and shown countless times in far better ways numerous times before I wouldn't be at all surprised. OK so I Told a lie when I said there was absolutely nothing good about the film, as there was on thing good about it, the closing/end credits! Once they come on it means, thankfully, this extremely boring, exceedingly tedious film that has been stre-e-e-e-e-e-e-e-tched to as long as it can be can now be switched off!",1
Pirates of the Caribbean: The Curse of the Black Pearl,"Personally, I found this film to be a great disappointment. I am something of a history nut and so was disappointed by the amount of inaccuracy of the movie. For example:

1) Every cannonball in the movie exploded, yet they were all fired from long guns and so would just have been lumps of metal hurtling through the air.

2) Norrington had a huge ceremonial promotion to commodore. A commodore was not a permanent rank. It was simply a way of distinguishing between a captain who had been given /temporary/ command of a squadron and one who had not.

3) There were never enough sailors on any of the ships. Most ships of that era had literally hundreds of men aboard. The Black Pearl would have had at least 100 as a skeleton crew (no pun intended) and they would not have been able to use the guns or mount any sort of assault. It would have a full complement of something like 500, if not more.

4) All the sailors were bedecked in ridiculous uniforms. All of the sailors seemed to be wearing their dress uniforms all the time, which simply would not happen on any ship. As if this wasn't bad enough, some of those who weren't marines were wearing red, which would make them an anathema to all the other men in the ship.

However, action-wise, the film is very good, though Depp does begin to get on my nerves after a while.",1
Pirates of the Caribbean: The Curse of the Black Pearl,"This movie was absolutely horrible. I want that 2 hours of my life back. It is extremely predictable and written by a formula. Depp did his usual strong performance, but I wonder if he actually read the script before agreeing to do the movie. My guess is that he was looking for a money maker and the Disney logo spelled cash. It must be expensive living in France. Even though Depp performed well, the persistent intentional head bobbing was annoying. It could have been understandable if there was anything resembling a story.",1
Pirates of the Caribbean: The Curse of the Black Pearl,"The Lighting and color was OK in some areas but for the most part it wasn't colorful enough and the lighting was underdone. There needed to be more focus on shiny appearance of gold and classical cherry wood and golden lighting.

I remember some of the Disney stuff from the early 80's a picture book in particular that features the dog holding the keys at a dungeon and a massive cave system with beautifully illustrated treasure. This movie was nowhere near the standard of that. It came off looking as synthetic as the black pearl pirates in their ghost form.

I'm all for CGI in movies but it was very poorly done in this movie, some of the worst I've seen.

I wanted this movie to take me to the place i remember from the picture book I had as a kid unfortunately it failed miserably. Its such a shame more effort wasn't put into the fine details",1
Pirates of the Caribbean: The Curse of the Black Pearl,"Disclaimer: I saw a moderately crappy cam-version with a crappy dub (50% translation, 50% own creation).

Most people seem to enjoy this flick and I guess that chances are that you will too. I saw it (better to say some parts of it) yesterday and to say I was disappointed is to say nothing. After about one hour my dad said he can't bear it anymore and walked out. I followed him, but later returned, since I had to kill time somehow. My mother and 19 y.o. sister moderately enjoyed it (or may be just thought it would get better), but after less than two hours said they will watch it sometime later (read 'never') and stopped it.

Well, my impression was that the movie was pretty stupid and cliche. May be not the worst script, but nothing to write home about. The acting was either over the top (Johnny Depp) or bland and boring (everyone else). There might have been some brilliant special effects that I missed on the cam-copy, but I doubt it. There was hardly any sea worth looking at, and everything else was taken out of the Hollywood library of generic effects.

If you have nothing better to do, see it on the big screen, may be it will look cool (it probably won't). Don't pay much for the tickets, though.",1
Pirates of the Caribbean: The Curse of the Black Pearl,"Lots of action but overly long. Could have been cut by a half hour very easily. Some interesting special effects but the characters are difficult to relate to or really care about. Sheer fantasy that might appeal to those who want some mindless escapism. There are better films to spend your 140 minutes on. The special effects seem to be derivative of other modern action or horror films like Matrix and The Mummy. Most of the acting in this film is rather wooden and the actors seem to be just going through the motions, hoping it will soon end. But it doesn't. It just keeps going on and on and on. The musical score is the best part of the film. It is hard to believe they are making a sequel to this movie, but money talks. It was obviously a big hit and must have brought in a ton of money at the box office. I will take a rain check on the next installment.",1
Pirates of the Caribbean: The Curse of the Black Pearl,"I had misgivings when I learned this was a Disney production and I should have let my instincts rule.

For me, five words summed it all up ""A waste of my time"". If I'd sat through the whole movie, then I'd have written ""A colossal waste of time"".

Perhaps it's an age thing but for the life of me I couldn't fathom the demographics of this movie.

I have to add that Johnny Depp is one of my favorite actors as a rule but this role.....

Bjs",1
Pirates of the Caribbean: The Curse of the Black Pearl,"This movie has a script that is simply ridiculous.

A story of adventure and magic very poorly written and not in the same vein as Jason and Argonauts (1963) and Ulysses (1954). Badly written characters and the whole story is very poorly developed. All permeated by cheap stereotypes that only the worst screenwriters could conceive. When you watch Jason's adventures on the Golden Fleece and Ulysses wanting to return home after 10 years in the trojan war., you see much better written adventures and very well developed characters. This is an unforgettable film because of its weak script. The sequels only make the mediocrity of the story worse.",1
Pirates of the Caribbean: The Curse of the Black Pearl,"How sad. I was so looking forward to this movie. I love Pirate Lore. From the director of that smash hit The Mexican, this movie sucked. It should have gotten more Disney treatment, or none at all. The story was so shallow, the characters were so shallow, that it would have maybe been a terribly entertaining film for the kids, but the movie was too dark and violent for the little ones. I thought Depp would work wonders with this, but the script was so inane. There wasn't enough meat for the adults. I didn't care at all about any of the characters. I kept wating to hear ""Ding, please turn the page.""

Some nice moments, but just a few. Over all, a let down. Rent the Musketeer for swordplay, or rent Mutiny for munity. As for pirates, even the Pirate Movie starring Kristie McNichol was more engaging than this. And it was a musical.",1
Pirates of the Caribbean: The Curse of the Black Pearl,"Is this a story that inspires, captivates and entrances? That's what it's creators think it is. And far too many gullible viewers think that this is art.

But what is great about it? A little bit of swashbuckling action to begin with, and nothing new. Then the whole pursuit, cove, cave thing. Not only was the storyline descending into the abyss but so was the film. Really, what was all that cave foolishness worth? Not my time.

With the talent and the budget sunk into this project, 3/4 of the directors alive today with a good writer in tow could have made this into a movie!",1
Pirates of the Caribbean: The Curse of the Black Pearl,"Well, I have to say, this movie was such an exciting experience!!!!! I rented this one stormy night on DVD and boy, this movie was so exciting!!!!! This movie, of course, is based on the theme park ride at Disneyland and Disney World. I liked all the action and stuff in there; it was awesome!!!!! I especially liked the bonus features, too: there were the bloopers (""Is that a plane?????"" - Johnny Depp heard a small jet rocket by the ship), and of course, the excerpt from ""Walt Disney Presents,"" which I actually remembered seeing on the old Disney Channel one night in 1998.

Buuuuuut, there is a problem. (OH NO!!!!! is right!!!!!)

This is a ""BAD PERIOD"" movie!!!!! That's right, for one, this movie totally changed the way we go to the parks now!!!!! The ride was changed to make it look like the movie now, and even worse, there are rumors that the Tom Sawyer ride at Disneyland will go away with - get this - a new ride based on this film!!!!! Plus, the worst part????? IT'S RATED PG-13!!!!! Yes, you heard right!!!!! A ""Disney"" movie, given such a controversial rating so that families can't see this or any other movie in this series because it's too scary!!!!! So basically, Disney now robs of its usual audience in the ""Bad Period.""

""PIRATE DVDS OF THE EAST: THE CURSE OF THE MPAA'S FOCUS"" is a film that, while it appeals to us adults, JUST DOES NOT APPEAL TO CHILDREN!!!!! Bad idea! -1000000/10 for making a grown company cry!!!!!",1
Pirates of the Caribbean: The Curse of the Black Pearl,"I went to see Pirates with the expectation that it would be a true pirate movie along the lines of Captain Blood with Errol Flynn looking like a man and Basil Rathbone as the perfect villain. I thought Johnny Depp with all the eye makeup looked like a girl with a moustache and acted too silly to be a real pirate. And the computer simulated scenes took it into the realm of fantasy and more like the Disneyland ride it was based on. I realize that, by today's standards, Captain Blood looks campy but the famous sword fight along a spit of sand between Blood (Flynn) and Captain Levasseur (Rathbone)stands as a Hollywood classic which none of POTC comes near.",1
Pirates of the Caribbean: The Curse of the Black Pearl,"This movie was so stupid I couldn't finish it. The beginning to this movie dreadfully long. I couldn't believe I sat through half of this movie. One of the major problems with this movie was that it was so unrealistic that it ruined the whole movie. The real pirates were nothing like the pirates in this fake piece of trash. I would rather watch my finger nails grow than watch this stupid movie again. If your into the fake stupid pirate movies than I would recommend this movie, but if you like movies that are realistic than avoid at all costs. I don't know how this piece of garbage made it to theaters. Hollywood has really gone down hill their new movies. This movie was a real disappointment to say the least.",1
Pirates of the Caribbean: The Curse of the Black Pearl,"Possible spoilers.

I could only endure about an hour of this movie, before I walked out of the room where I had been watching it with my family. Why? First, the movie lacked a plot. It was strictly about the everyday lives of a group of pirates, and had no extraordinary plot elements. Instead of being a movie, it should have been made a sitcom. At least sitcoms ARE generally about the everyday lives of a person or group of people. Movies should have something more.

Secondly, this was one of the most monotonous movies I have ever seen. Most of the hour that I watched was the same dialogue, paraphrases over and over: ""I'm a pirate."" ""Are you a pirate?"" ""Is he a pirate?"" Hearing the same word in ALMOST EVERY SENTENCE grew very tiresome after an hour.

Lastly, constantly hearing the word ""pirate"" was only half of the problem with the dialogue. Much of it was JUST PLAIN CHEESY. I could not see how any educated writers could have come up with the dialogue that was used in this movie. If you want matching corny plot and dialogue, Pirates of the Caribbean is the right movie for you.",1
Pirates of the Caribbean: The Curse of the Black Pearl,"this movie sucks , its way too long kind of boring and a very crappy ending. the only thing that saved this movie was johnny depp . the only reason this movie made alot of money is because it was a ride at disneyland . WOW , that is so exciting , actually no it isnt this movie is the worst film i have seen ever , god i want that 2 and a half hours of my life back , and my 8 dollars , well all i have is 4 words: i hate this movie",1
Pirates of the Caribbean: The Curse of the Black Pearl,"Pirates of the Caribbean: The Curse of the Black Pearl in My opinion is not one of the greatest movies of all time. Sure, it has a huge budget, a different cast (which included Johnny Depp, Geoffrey Rush, Orlando Bloom, Keira Knightley, and Jonathan Pryce!), great special effects, and a lengthy two hour plus run time but this film never did anything for Me and here are the reasons why it didn't.

The following is in My opinion.

1. Johnny Depp is a good actor but I just didn't know what to think of his character whether I should like him, hate him, or feel sorry for him.

2. I'm an action movie nut and there was a lot of action but the action just wasn't exciting enough that its so great it'll be one of the films I'll see over and over. In other words nothing special or spectacular happened in this one.

3. The music by up coming composer Klaus Badelt was ok but most of it was just recycled of Hans Zimmer's one of a kind score from the greatest epic called Gladiator (2000)! Badelt composed an excellent score for the Time Machine and retooled the music and this is what we get for this? Why?

4. Some of the things that happened in the film was supposed to be funny but I didn't think it was and I didn't think the comedy stuff was needed.

5. The late great Trevor Goddard had a brief role in this movie and I believe it was his last one. Why give an actor with an incredible muscular build, a unique accent, and amazing talent a scene where it makes him look like a complete joke?

You may be thinking why I am saying this. How can I say this about a movie that is so high in fame and stature? I am just saying how I feel about the film. The film had all the potential and everything going for it but it just didn't do it. I wanted to like the movie but it never changed. I don't agree about it being on the IMDb's Top 250: #235! In fact, I think it shouldn't even be on the list. There are many other films that deserve to be on the list more than this film! You mean to tell Me that this is on the same list with The Lord of the Rings Trilogy? Plus there are many more movies with much more excitement similar to this movie like the Planet of the Apes (2001), The Mummy, and The Mummy Returns, and Cutthroat Island! In My opinion Pirates of the Caribbean's competion The Hulk and Terminator 3: Rise of the Machines was so much better and exciting in My opinion! Anyway I feel if you wanted to watch a much more epic pirate movie instead see Cutthroat Island, its much more exciting! I hate to say this but Pirates of the Caribbean is awfully dull, boring, uninteresting, uninspiring, it has no depth, and it should be avoided like a flood!",1
Pirates of the Caribbean: The Curse of the Black Pearl,"I was over my brother's house a few days ago and he made me watch this movie because I had never seen it and I wish I never did.This movie was really one of the most stupid and boring movies I have ever been witness to.The plot I really can't get into, none of the characters I think are believable as pirates.The other thing I didn't like was the fact of long the beginning was I mean I about fell asleep in the beginning.They should have never wasted their time making this piece of crap, they should've just thrown the script. I've never seen the sequels and I pray I never do for the fact that they will probably be just as bad as the first.",1
Pirates of the Caribbean: The Curse of the Black Pearl,"Terrible, repelling and completely unwatchable. It makes the first Mummy look like a masterpiece. Even the visual effects are terrible and ugly to look at. And Johnny Depp's performance was bad in every way. Just because you manage to speak in a way that is hard to understand does not mean it is good acting. What was the Academy thinking have they completely lost their mind. As much as I thought Return of the King was ridiculously overrated after this abomination I am starting to respect it. After such a bad decade of bad and unoriginal movies people must have broken critical fuse and mistaken this atrocity for a great movie. When will James Cameron finally start making movies and resurrect Cinema. A very deserving 1 out of 10.",1
Pirates of the Caribbean: The Curse of the Black Pearl,"So my friend was like, ""I really want to see this movie."" I fought it and lost. So we went. It was the most miserable two hours of my life. What trash!!! Someone actually paid to make this piece of crap? Bad acting, stupid dialogue, labored plot. Johnny Depp is now dead to me. It was so bad it can't even be analyzed.",1
Pirates of the Caribbean: The Curse of the Black Pearl,"im pretty surprised that this is actually on the top 250 list, and ahead of some pretty impressive films.

I was dissapointed to say the least, when putting the disc in the dvd i thought to myself ""a good ol fashioned, pirate ghost tale, marvelous"".... ah no... suffice to say the peak was when i got a chuckle out of the scene where you see Depp standing tall and proud as he jumps down on what you expect to be a massive ship but turns out to be a dinky sailboat. That was about 5 minutes into the movie, it all went down from there. It was just boring to me, pirates who were cursed and now need the blood of a certain fellow to lift it, whoooo. Orlando Bloom was annoying, I can understand pre teenage girls waving their ""Potc"" flags because hes oh so hot(those would be the imdb users with reviews like, ""omigawd this is like tha best movie EVER, orlando bloom rules!!!111"".

My confirmation came when my sweet mother, who never has a bad word to say about anyone or anything proclaimed, ""it wasnt really good"", when an hour rolled around we had both lost all interest and i was reading comic books, glancing at the tv now and then to see if anything interesting pops up. It didnt. Finally, I fell asleep.

3/10",1
Pirates of the Caribbean: The Curse of the Black Pearl,"Simply said: no plot at all. What's happening? Depp is ridiculous in his acting. Anyone calling this humor, should think better. Full of improbabilities. The movie jumps from one topic to the next without any logical sequence. The characters are not properly developed. Keira is excellent, but cannot save this non-product. You expect a pirate movie - not necessarily full of romance, but this film lacks any trace of it. For instance: if you don't love Norrington, who then do you really love? A writer could do better than this. The movie is definitely not based on Disney's P. of the C. Anyone doubting that should go and visit the Real Pirates at Disneyland. I saw some bad movies, but this one beats a lot of them.",1
Pirates of the Caribbean: The Curse of the Black Pearl,"There is one virtue in this picture that overrides everything else - this is the plot. I compare this film with chess - after each move or word of one or another hero, the situation changes dramatically and the balance of power takes on a new character.

Jack Sparrow is the best at manipulating moves. He very subtly feels the nerve of the conversation, instantly assesses the situation and gives a worthy answer to any ""gifts"" of fate. From the first viewing it is difficult to realize how deep the film is.

Behind the external beauty, good acting, there is a famously twisted, dynamic and very smart plot.",2
Pirates of the Caribbean: The Curse of the Black Pearl,"I'll never understand why Johnny Depp's effeminate portrayal of Jack Sparrow was so well received by the public. Pirates were frightening criminals who killed, stole, raped, and pillaged. Pirates did not sashay. They were not flamboyant. They did not wear eye makeup. The only people who wore eye makeup at that time were prostitutes. Yes, this was a Disney movie, made to capitalize on the popular ride, but the pirates featured in the ride were not acting out light-hearted comedic scenes. Most Disney cartoons (aimed for even younger children than a live-action flick) featured intensely frightening sequences, so there's no reason the studio chose to make this movie so unrealistically comical. And while sometimes mistakes are regarded as genius, like the chocolate chip cookie, the makeup artist who didn't use waterproof makeup while working on an ocean-set film about pirates should have been fired, not elevated. (In case you hadn't heard, Johnny's makeup was smeared by a misty fan's breeze, and the director liked the way it looked.) Believe it or not, there was a period of time when I didn't love Keira Knightley. I'd watched Pirates of the Caribbean and Pride & Prejudice only; sometimes when I dislike a film so much, I'm unable to separate positive feelings for an actor. Everyone involved in the movie is lumped together, until I watch another, more enjoyable, film that allows me to appreciate someone in a fresh light. Unfortunately, I had to wait until 2008's The Duchess, but now she's my favorite modern actress.

Disney probably didn't know just how successful this movie would be, and now the popular franchise has spanned five films. I stopped with the first, but if someone tells me they've improved, I'll gladly give them another chance. This isn't the first time I've disagreed with the masses, and it won't be the last. I just can't get behind something that's so completely far-fetched.",2
Pirates of the Caribbean: The Curse of the Black Pearl,"I cant believe how highly this film and Johnny Depp are rated. I thought that Johnnny Depp as a pirate was about as believable as Tom and Jerry. He minced on to the screen looking like a young girl who was blacked up and given a false moustache and beard. His accent although better than Dick van Dykes effort in Mary Poppins was unconvincing, and the character was lame, effeminate and generally rather laughable. This would be great French and Saunders material.In fact Jennifer Saunders would probably be more believable than this!

Action scenes were rather more convincing.

sorry switched off, it was that tedious.",2
Pirates of the Caribbean: The Curse of the Black Pearl,"Johnny Depp must work a potent magic on his admirers: by its power he's able to communicate to them, and to them alone, the character he has it in his head that he's portraying. The rest of us have to do a good deal of guessing, since the actor goes only a little way in manifesting his purpose by means of the normal external signs, e.g. facial expressions, body language, tones of voice. Lacking these to go by, I hazard that in this movie he thinks he's impersonating a would-be buccaneer who's generally too drunk, lazy, incompetent, or good-natured to carry off his boasted predations: a role for a W. C. Fields or Wallace Beery, not a performer with the look and the aura of a spoiled altar-boy twenty years past his prime. The star's deficiency might have been compensated for in some measure by intelligent casting of the leading lady; but the one we have here is Keira Knightley, doing her usual, i.e. wanly striking poses for an imaginary photo shoot. The villain, Geoffrey Rush, supplies the color and panache the other two lack; but there's not enough of him to go around. The movie is rather at pains to present itself as a piece of good fun; but for me it was a piece of hard work, all on account of the director (the same one who bumbled up the American ""Ring""). He appears to have one virtue: shooting all the script he has, so that all the pieces are there, as they often are not in films these days. But the pieces are nearly all wrong: in the staging, the perspectives and proportions are so far off what one might imagine in reading the script (or any of its published story-izings) that one almost has to revisualize the movie as it goes to get what it's about. And the script, which is a mishmash at best, is confusing in places. The first scene ends with the pirate ship bearing down on its apparent target...and then what? Pondering this enigma distracted me from subsequent developments for a good hour or so; not that they compelled much interest in themselves. I feel a gallon of ill will toward this movie: as a product for sale, which is all it is (it's a lot farther from being a work of art than the amusement ride that inspired), it's a piece of inferior merchandise, with its seams still unfinished. Yet buyers seemed not to see that. Depp's magic at work again?",2
Pirates of the Caribbean: The Curse of the Black Pearl,"Basically this film has completely copied the famous 1990 computer game monkey island. In which the governors daughter is kidnapped by an undead pirate ghost and you have to rescue her. It even copies ideas like being stranded on an island and going crazy (like how herman toothrot was stranded on monkey island for so long and went mad). The idea of finding a ship and a crew. And it copies other things like not only it being set in the caribbean and having a voodoo lady, but the actual set and having to row through a swamp to get to the voodoo lady's shack, pirate towns made of broken ships and so many things just completely lifted from the game and lazily put into the film. The main villain of Pirates of the Caribbean also looks identical to the villain in Monkey Island. If you search for this on google, youtube, or anything, you can see how pirates of the caribbean just completely ripped off this game and is a really uninspired unoriginal film. The thing I did like about the film is probably Johnny Depp who seemed to play an alright quirky, silly pirate.",2
Pirates of the Caribbean: The Curse of the Black Pearl,"All the action in the world couldn't save this poorly laid out story from practically putting me to sleep. Johnny Depp's performance (despite the Oscar nomination) has got to be his worst in what has otherwise been an accomplished career. The camp, the predictability, and the ridiculous characterization almost caused my friends and I to walk out after the first twenty minutes....I wish we had.",2
Pirates of the Caribbean: The Curse of the Black Pearl,Good Pirate Comedy Adventure Film for the whole family. The story lacks spirit and depth but still manages to keep from sinking. Very good acting. Johnny Depp portrays his character very well here also. A liitle too watered down but this is due to the Walt Disney style. Only for big fans of family style Adventure Comedy films and fans of the lead actors........,2
Pirates of the Caribbean: The Curse of the Black Pearl,"I watched this movie with some friends at the cinemas a long time ago and I'm reviewing it now because ads on TV about the sequel jogged my memory. I can see now that Curse of the Black Pearl is very popular among IMDb members, especially among females and young people. If you are a young female you are much more likely to think you enjoyed this movie than if you are an old man. That's what the demographic breakup statistics say. I remember being very disappointed with this film and one reason why I was disappointed was because it was so long. I remembered getting up at the end of the film and because the film was so long my butt was aching as if someone had jabbed a needle in it. I am not averse to long movies but this one in particular was just not at all entertaining. The first reason for this lack of entertainment I think is the behavior of the characters. Johnny Depp's character is deliberately crazy. If one of my friends were to act like that in real life I would stare at him and after some time I would ask him, ""Man, what is wrong with you?"" In this movie, I am consistent with my behavior and badly wanted to ask Johnny Depp's character what was with the crazy behavior, but of course Depp is just acting and I obviously can't talk to the character through the theater screen, so that just left me feeling frustrated. Most of the movie is filled with humor that I didn't find funny at all, but many in the audience obviously thought it was very funny. As with the Depp character the humor was just crazy and weird, but of course humor is very subjective so it's a matter of taste I suppose.

Another issue I'd like to bring up are the fight scenes, which I thought were very disappointing as well. The reason is because they were very plain. Usually in a fight scene I like to see something coherent. I want the camera to stay and I want the fight participants to engage in intense, suspenseful, but also aesthetically pleasing fights. The fight scenes in this film don't have that elegance. A bunch of people just get together and the camera cuts and shakes as if we're looking at everything from the perspective of a drunk man.

The plot is another sorry part of the movie. That woman (as you can see I'm not good with names) was your typical annoying pretentious woman and at the end when she kisses the guy I actually said out aloud in the theater, ""Oh, please!"" How clichéd can you get? It's like a fairy tale your parents might read to you as a kid.",2
Pirates of the Caribbean: The Curse of the Black Pearl,"That's not exactly true of this overblown, over-budgeted, over-long, and over-praised piece of garbage. I've seen plenty of things that were worse. But this movie, which is somehow at the time of this writing on IMDb's Top 250 page, was something I greatly anticipated seeing in theaters.

But I, like so many other fans of genuine cinema, was deceived and betrayed. That is because this movie is just another in a *huge* line of recent (dating back to the '80s) films that favor massive amounts of special effects, action, and star power over any semblance of substance. The special effects are good at certain parts (I like the curse reveal), but you can tell they sucked up *far* too much money. And the action is well-conceived, but a two-year-old could execute it a darn sight better. And star power? Don't get me started-- it's sad to think that Johnny Depp has ever been considered as being in that category. He has no talent, no taste, and no respect for either himself or his audience. Orlando Bloom and Keira Knightley have potential-- but it all goes seeping out of their heads from just being around Depp (watch the movie; I think you can see the leaks!)

While not wholly poisonous, this dim and dull ""blockbuster"" is pretty terrible. This is another high-profile example of the recent cheapening of the American cinema.",2
Pirates of the Caribbean: The Curse of the Black Pearl,"Aside from Johnny Depp's Quirky performance -- always worth watching -- this was a pretty lame attempt at action-comedy. The special effects were of course competent, and the camera work was good, but the writing and plot were thin and amateurish. Perhaps I should not have expected more, given that it's just a Disney SFX vehicle with a bankable lead, but I thought this fell far short of the hype. The apparent premise that some of them were dead and cursed to go on and on ... it seemed to change somehow toward the end, as if no one was sure what the rules really were.

It's set up of course for a seQuel, probably even lamer than this one. I wouldn't have minded if I hadn't paid four bucks to see the thing on Pay Per View, but I guessed wrong on this one.",2
Pirates of the Caribbean: The Curse of the Black Pearl,"Without Johnny Depp, this basically animatronic mess would have been ignored by anyone with half a brain. But the general reactions to it underscore one aspect in particular: popular films, whether truly good or truly bad, have lately demonstrated that a large component of the viewing audience haven't a clue about what constitutes good cinematic art.

While many of us of a certain age look at movies as an extension of dramatic art moving forward in time from Aristophanes to Arthur Miller, just as many if not more of us seem to evaluate them based primarily on the sort of criteria usually reserved for rating computer games and cartoons. Literature and history be damned; if it ain't got visual sparks, it ain't no good.

I did manage to stay awake through this one, wondering from time to time what the hell I was doing it for. Depp provided the sole depth, an ironic gem in the midst of a sea of motile muck.",2
Pirates of the Caribbean: The Curse of the Black Pearl,"This movie was awful.

No nice, big sets


Ugly costumes


Bad makeup (dark eyes)








(Sorry for my bad english, I'm German)",2
Pirates of the Caribbean: The Curse of the Black Pearl,"this is straight up kids fare. I mean I just saw the last twenty minutes on TV and it was horrible! It reminded me of the original Treasure Island, which I saw at age 10 or so. The ""romance"" was horrible, the dialogue was horrible, it was unbearably corny, Johnny Depp turns into a skeleton man and then back, why I don't know, Orlando Bloom was cute but not much use. Johnny must have done this in order to get the free dread extensions, which were also horrible and changed ornaments every five minutes---would he have time to do his hair while waiting to get hanged??????????? ARrrrrrghhhhhhhhhhhhhh the gold stuff looked like stuff you get at Burger King. Ick!",2
Pirates of the Caribbean: The Curse of the Black Pearl,"I usually love anything that Johnny Depp is in, but this film is an exception, mainly because they picked the worst actress in the world to play the leading lady. Keira Knightly is given so much credit about being the finest female actor in Britian, I think however that her acting in this film somewhat contradicts this statement. She is truly terrible, the only bit i thought she was good was when she fell off the castle wall. But otherwise this film is quite good, i thought Johnny Depp was brilliant playing Jack Sparrow and also looked gorgeous in the process, which isn't very hard for Johnny Depp. Unfortuanatly i could only bear to watch this film once because of keiras unemotional presence and Orlando Bloom being overcast by Johnny's shadow.",2
Pirates of the Caribbean: The Curse of the Black Pearl,"What a terrible movie!! I give it a two, because Johnny Depp is incredible and makes it ALMOST worth it (not quite, really), but there's only that much good he can do to a movie with a botched plotline, and ferociously dim-witted, unfunny dialogs. It hardly made me laugh: one can't squeeze all that much fun out of uninspired actors left on their own, discarded plot elements, random fights, and a slippery glass eye. It seemed it would go on forever: I enjoyed about 5 minutes of it, and hated the rest. A hopeless waste!",2
Pirates of the Caribbean: The Curse of the Black Pearl,"Ho-hum. What the heck is everyone seeing in this film? It's really long and drawn-out, edited in the usual thousand-shots-for-every-three-seconds-of-film Bruckheimer manner, and the script is mediocre at best. The audience I saw it with were psyched when it started, and then what followed was almost two-and-a-half hours of indifferent silence. If this is ""the movie we've been waiting for,"" this summer is finished.... Johnny Depp's performance is jaw-dropping, all right. Jaw-droppingly awful. Skip it!",2
Pirates of the Caribbean: The Curse of the Black Pearl,"If this is among the best from Hollywood, I don't think I'm going to another for a long time.

I know I'm in the minority, but I just don't see the point of this movie. Its plot was totally predictable, filled with all the usual silly impossible heroics. The protagonists, by all rights, should have been killed many times over.

The movie also had a rash of other implausibilities, e.g., no one on the protagonists' crew died despite sustained mortal combat against a superior foe, who by virtue of a curse, could not die. The ending was especially nonsensical: several times throughout the movie, Orlando Bloom had been condemned to death (of course, he implausibly escapes each time) after having saved the life of the beloved fiancée of the commander (and daughter of the governor). Then at the end, they simply lets him and his accomplice go?!?! Even the Johnny Depp character, which admittedly had some charm and craftiness, didn't make sense: why was he seemingly quasi-drunk all the time, slurring his syllables? And why all the eye-makeup? In the end, I wonder about all the money spent on this movie, and about a society in which a silly, pointless fantasy can be lauded as among the finest cultural outputs in years.",2
Pirates of the Caribbean: The Curse of the Black Pearl,"I was so bored with the fighting at the end, it ruined the whole movie. And why does Johnny Depp sound like he's drunk, but hardly ever drinks? The special effects were nothing compared to other movies this summer. I think I'll go see ""Seabiscuit"" again, so I can forget about this stinker.",2
Pirates of the Caribbean: The Curse of the Black Pearl,"If you voted 10 for this film, you'd better be 10 years old or else this is simply unforgivable.

Pirates of the Caribbean is a truly excruciating experience. I hate this film on so many levels, covering so many aspects and ranging from crew to cast that it actually makes me physically ill to watch. So if I hate this film to the core, then what's the 2/10 for, you ask? The answer is; I think this film could be entertaining to kids and the odd pre-teen. It is, after all, a Disney production based on a popular Disney ride in a theme park and I think this explains its paper-thin plot of ""saving the damsel in distress (Keira Knightley), killing the bad guy (Geoffrey Rush) and having an over-the-top comedic sidekick (Johnny Depp) whilst doing it"".

I don't know whose genius idea it was to cast Orlando Bloom as the romantic and heroic lead, but this choice helps him cement his position as the resident Hollywood lucky-guy, getting by without so much as a shred of talent, but inexplicably being offered big-budget project after the other. Furthermore, my theory is that Bloom's bad acting is contagious and affected the rest of the cast of Pirates of the Caribbean like a nasty case of the flu. Keira Knightley is a stunning woman but all she does here is pout with her pretty lips until she gets to deliver some cheeseball tough-chick line like ""You like pain? *WHAM* Try wearing a corset."" I'm no member of the Depp camp but I think he has pulled off some great performances in the past, but in Pirates, he is so over-the-top and corny that this can impossibly appeal to an adult audience.

So aside from the cringe-worthy ""corset"" line by Keira Knightley, the dialogue-writing on the film really puzzles me. It's like it's camp but not intentionally. I believe this film truly thinks it's clever and amusing when it's only extremely embarrassing. Juvenile generic action sequences, long-drawn segments, contrived performances, dumb plot and overblown special effects make Pirates of the Caribbean an unwatchable adventure.

2/10",2
Pirates of the Caribbean: The Curse of the Black Pearl,"I can't understand why so many people are raving about this film. To me it was just one long yawn. It conformed to a current style of film-making which sadly involves substituting boring stunts and ho-hum special effects (all of which have been seen countless times before)instead of a decent storyline and real atmosphere. This sort of treatment was fine during the 1980's when Indiana Jones and the like seemed fresh and fun but surely young cinemagoers are entitled to something more intelligent in 2003 - such as a plot that makes sense, straight acting and some semblance of historical accuracy. And another thing.. where on earth did Johnny Depp get that accent from? He sounded and looked like an inebriated Keith Richards of the Rolling Stones!",2
Pirates of the Caribbean: The Curse of the Black Pearl,"Yes, dear Disney fans your dreams have come true. Your youth can be prolonged. There is an other formula that will turn the average adult into a giggling teenager. I have seen it happen in a big cinema in my city. Mature folk that went hysterical by the dozen as flying cutlery landed in eyeballs. Please man, stop it! Go see a flick to get out of the daily routine, but please stay a bit critical. Just for the record: These words do not sprout from the mind of a bitter person, but from a bitterly disappointed one. Once again a great concept has been completely overdone in the wrong direction. It has been said before and that does strengthen me to discuss it one more. This genre is weirdly annoying 'the portrayal of gruesome (in this case 18th century buccanic) violence combined with Uncle Walts very own vision on slapstick'. What is the message and who is supposed to be addressed? Is made for big children or for small adults? In one way you might say that in works for those you have a good time watching this film. In an other way I would like to take great distance from exactly those people over 18 that reward this flick with anything over a 4. Hereby I do so, bunch of gullible kid souls. I declare I was in the wrong place at the wrong time. My mistake, 'cause I had wrongfully set my sights on something like Mutiny On The Bounty (1962 and 1984) meets Master And Commander(2003).",2
Pirates of the Caribbean: The Curse of the Black Pearl,"The first swordfight can sum up the whole movie. They jump on a board, one guy flies up in the air, he lands on the board again and the other one goes up. And the brain-dead audience laughs, they actually laugh - it's a sin against anyone who considers film an art form.

In the words of Tyler Durden, `Murder, crime, poverty-these thing don't concern me.' And his right, it should not concern us as much as Pirates of the Caribbean. Because crime and poverty is things a fraction of mankind have to deal with daily. Stupidity on the other hand is something that affects everyone living today. What should concern us is that a majority of mankind's new favourite movie is on an intellectual level of Teletubbies.

To actually criticize Pirates of the Caribbean through pointing out the lack of character development, the fact that every character and every scene is a cliché or the all-around dreadfulness of the script, is pointless. No one that can formulate an intelligent answer can deny it.

I would instead like to share with you an epiphany I have had pondering this movie. The question I asked myself was why people have so different experiences watching the same movie? The answer is simply that the child enjoying Teletubbies have a different level of understanding than the adult.

The same answer applies to why some people think movies such as Pirates of the Caribbean and A Knights Tale are `brilliant'. And thinks Citizen Kane and A Clockwork Orange are the worst movies ever made.

This doesn't seem like such a catastrophe, we are all different, we accept that and get along anyway. But it is a catastrophe to quality filmmaking, because money-grubbing filmmakers without a sense for art will use the same pre-build Hollywood-scripts and recycle the same garbage for generations.

Perhaps it's also a catastrophe for human intelligence. Not that a bad movie magically would drain the viewers IQ but it will in another way deprive the viewer from knowledge. Everything is a choice and through seeing a Jerry Bruckheimer flick instead of a Stanley Kubrick film the viewer loses an intellectual experience.

How the loss of quality art would affect the democratic system in the long run, which only chance of working at all is if the average voter has a reasonably high level of understanding, is not that hard to imagine.",3
Pirates of the Caribbean: The Curse of the Black Pearl,"""Even I love Johnny Depp, and I'm male,"" a previous reviewer declares, tongue in cheek. Well, I wouldn't go quite that far, but there's no doubt whatsoever that when I lost my heart to this film, Johnny Depp's outrageous Cap'n Jack Sparrow had almost everything to do with it. I don't normally review 'current' films, so the very fact that I'm writing this highlights an almost unprecedented event - after endless failures, Hollywood has finally rediscovered the spirit of the classic swashbuckler movie.

With hindsight, I think the one brilliant decision that was made at some point - given a modern production environment - was to *separate the roles* of hero and swashbuckler. You can then have your worthy Costner-type juvenile lead, as required, who has to Come To Terms with his Past (although his eventual fate is a trifle unexpected in conventional terms...) - *but* you can also have your essential and irrepressible swaggering rogue (of course, he totally steals the film from the moment he first appears, but *that's* no hardship!) I have now started finding better movies through www.flickstree.com. It not only suggests great movies to watch, it also tells where you can watch the movie online.. Highly recommended.",3
Pirates of the Caribbean: The Curse of the Black Pearl,"Generally I dislike pirate movies, especially Hollywood ones. In fact the majority of historical adventures made after the '60s aren't usually worth watching. But this film caused a big fuss in the cinema, everybody applauded Johnny Depp's performance, and it even featured cursed pirates who turn into skeletons in the moonlight. Sounded a bit like JASON AND THE ARGONAUTS. So I watched it. I guess I should have been forewarned, knowing this was a Disney movie, but I went ahead with best intentions hoping to enjoy the whole thing.

Unfortunately, I didn't. This film is a mess. From the moment you first see Johnny Depp you realise what a misfire this is, a popcorn, brainless piece of trash specially geared towards teenage girls. It's a film where the female audience watches only because the ""hunky"" Orlando Bloom is in it. Sorry, girls; although he's pretty (although far too feminine) he can't act for peanuts. I want to see this guy get his teeth into some real material, like when Brad Pitt tore people's throats out in KALIFORNIA. Maybe then I'll respect him. For now he's just a wooden statue, torn loose after his part in LORD OF THE RINGS and already becoming typecast as a handsome but empty action vessel.

Nothing wrong with the scenery or the special effects though. The skeleton pirates are great CGI creations but appear far too little. Plus this is a two hour film where nothing happens to further the slim plot for an hour or so. Try hard to stifle the yawns. The story is non-existent, the dialogue atrocious and even worse, clichéd. It's all so predictable these days. The film is played as a comedy, but the jokes are lame and tired. In fact I hated them. The only mildly amusing thing is Mackenzie Crook's wooden eye. As for the action, it sucks. One of the first things you see is Depp sliding down a rope, that was tired when Kevin Costner did it back in WATERWORLD, now its just sad. The sword fight between Depp and Bloom is pathetic, no excitement or skill whatsoever. The action at the finale is also particularly bad and unappealing, with a bunch of characters you want to see die, a load of stupid sets, and more rubbish acting than you can shake a stick at.

Depp is atrocious – how desperately did he need the money for this one? Usually Depp makes great choices in some great films. I loved him in FROM HELL and ED WOOD. Here, he acts so over-the-top and stoned all the time, it quickly becomes boring. This isn't acting, it's over-acting, and a disgraceful performance. You're not funny, Depp, so move your backside and make some good films again. Supposedly 'hot' Keira Knightley is also bland, looking like a million other young girls, pretty but nothing to distinguish her. As for the good actors: Jack Davenport and Jonathan Pryce are given absolutely NOTHING to work with, just standing around and looking good. Geoffrey Rush is also uninvolving as the chief villain, who does nothing very villainous, doesn't even kill anybody I don't think. Rush is poor here. Go back to making proper films! Definitely worth a miss, this one. Total rubbish from beginning to end with only a few good special effects to make it even a little worthwhile. Don't see it. Unless you're a teenage girl. With a crush on a made-up Johnny Depp. And Orlando Sodding Bloom.",3
Pirates of the Caribbean: The Curse of the Black Pearl,This movie was one of the most boring movies that I have seen this year. It was slow paced the whole movie with little to no action at all. The movie was about a half hour too long and none of the characters were likeable other than Orlando Bloom's character. Two disappointing thumbs down!!!!!!!!!!!,3
Pirates of the Caribbean: The Curse of the Black Pearl,"Despite the phenomenal popularity of the (thus far) four installments of the ""Pirates of the Caribbean (POC)"" cinematic franchise, I've found it to be a monumental disappointment. Being such a fan of the original Disneyland ride ever since it first debuted back in 1967 (I once got off the ride and got right back in line for it seven times in a row), I can't tell you how eager and excited I was to run out and see the first POC installment, ""Curse of the Black Pearl,"" way back in 2003 especially since it starred one of my favorite cinematic actors, Johnny Depp. Oh how tragic to experience my initial eagerness and excitement quickly fade into bitter disappointment and frustration! What was immediately apparent to me was the almost complete disconnect between the vision and experience created by the ride and the vision now being projected up on the big screen. With all of its extravagant cinematography and special effects and over-the-top and even ridiculous characterizations of characters who never appeared in the ride, the film just didn't have the same creepy excitement and fantasy-world fun generated by the ride.

And these serious deficiencies have persisted throughout all three of the sequels. In particular, Johnny Depp's character of Jack Sparrow is just too fey, effete and just plain silly, Orlando Bloom (whom I despise) is too much of what he always is in every movie he's in – an inconsequential ""pretty boy"" that inspires absolutely no excitement or interest and Keira Knightly, a ""pretty bit of fluff"" who was ""force fed"" into the POC cinematic franchise purely out of political correctness, i.e., ""we (the writers and producers of the POC films) must make sure that the world of the pirate which has been traditionally portrayed as all male is properly ""updated"" in our productions to be politically correct in including at least one woman main character..."" Yes, there are the historical accounts of at least two very prominent women pirates, Anne Bonney and Mary Read, but I'm sure they didn't look or act anything like Keira Knightley's character – and she certainly was never even hinted at in the original Disneyland ride As a result, she is completely out of place and really detracts and distracts from the plot lines of all of the POC installments. She doesn't even work successfully as a ""love interest"" for Orlando Bloom or Johnny Depp as Olivia de Havilland did with Errol Flynn in ""Captain Blood"" or Maureen O'Hara did with EF and Anthony Quinn in ""Against All Flags"" since her (Knightley's) character suffers the confused split personality of being that of a butch female swashbuckler (completely unbelievable and stupid!) and a sexy feminine dish (much more likely)....

Out of a real dedication to my affection for the original ride, despite my bitter disappointment with the first installment, I've forced myself to see every one of the sequels hoping against hope that ""things would get better,"" i.e. the films would get closer to the look and spirit of the ride – and that Orlando Bloom and/or Keira Knightley would be killed off or otherwise just disappear! Praise be to Providence that this actually did come to pass in the third sequel – BUT it's too little too late and I'm still left with the feeling of a lover who has watched the ""perfect woman of his dreams"" become the ""the nightmare hag from hell""",3
Pirates of the Caribbean: The Curse of the Black Pearl,"Over all the movie ended up being ok, in spite of the fact it could have been great. But as anyone who's familiar with Jerry Bruckheimer movies knows, lots of scenes ended up being over dramatized, over humored, grossly contrived scenarios, a lot of style with very little substance, and generally for people with low intellect and attention spans.

But as someone else pointed out, it should at least be pretty fun for the kids. Johnny Depp's character, while over the top, was still pretty entertaining as a pirate who's got a screw loose, or one sandwich shy of a picnic (which in the movie seems to mean having effeminate mannerisms). All the other characters are mind numbingly cliched.

The real stars of the movie, of course, are the special effects. Spectacular transition effects done almost seamlessly. So gather of the kids and head on down to the matinee. If you're an adult, you might want to have a drink first and check your IQ at the door. Trust me; you'll have a better time.",3
Pirates of the Caribbean: The Curse of the Black Pearl,"Acting was decent, though I was expecting more of the Jack Sparrow character after reading all of the reviews. Special effects were good too. This was certainly a visually stunning film. Overall a 7 out of 10.",3
Pirates of the Caribbean: The Curse of the Black Pearl,"After watching one of the greatest pirate movies ever made (Captain Blood,) I decided to finally give this a try. People are astounded that I have never seen a PotC movie. Nope. Not one. Never. Why? Not interested so much in the Hollywood machine. They do make some good films, and give plenty of regular people jobs, but I'm not a sheep, thanks; I'll stick to watching what I like to watch and if I watch a ""Pirates"" movie someday then so be it. Well, someday arrived tonight and I must say, I am not impressed. Nope. Not really. Johnny Depp has some funny moments but two hours of him acting like that is too much. And Captain Jack Sparrow is barely a pirate. A leader of men? Give me a break. He's pathetic. There's some good acting from Keira Knightly and Geoffrey Rush and Jack Davenport, but Depp's hammyness is borderline mental and helps ruin this movie. And what's with the CGI skeleton pirates? I thought this was gonna be a pirate movie. It's McDisney junk food that's only mildly entertaining at best. I was more bored than entertained.

5.3 / 10 stars

--Zoooma, a Kat Pirate Screener",3
Pirates of the Caribbean: The Curse of the Black Pearl,"really bad film. there is no script, lousy direction [Verbinski got even worse since ""the mexican (2001)""]and poor (cliche) characters. ***************** spoilers ********************

what kind of pirate movie is this, without a bad guy?!? barbossa wasn't evil at all and english officer was a noble man. sparow was from beginning too obviously a good guy. it should be more mixed character. maybe more selfish or something. missed genre is another thing: too much comedy and action, not enough adventure. the worst are action sequences which are meaningless because pirates are immortal. camera angle is changing too fast so you wont see any decent sword fighting neither. just ONE sea battle doesnt contribute much to the piracy of the movie.

**************** spoilers *********************** actors were more than average - depp was (probably intentionally) overacting, other were merely acting. special effects were nothing special. no better than in any other blockbuster. i liked the make up though.",3
Pirates of the Caribbean: The Curse of the Black Pearl,"Having fond childhood memories of old pirate movies and stories, I was really looking forward to watch this one. I certainly didn't expect some brain challenging epic, but good entertainment. I was disappointed.

Many things may be said of old, classic movies, but one thing is certain, they generally had good scripts. What has happened to good Hollywood scriptwriters? Don't they exist anymore or are they all working for TV at HBO? This film has a potentially good story and a completely pathetic script that results in a plot that most of the time makes no sense whatsoever, with bad dialogue lines, and awkward twists trying to disguise as ""complex turns"". Simple bad writing.

At least they got someone witty to write Captain Jack Sparrow's lines. Without doubt, the one outstanding thing about this movie is Johny Deep's character and his rendition of it. It is very funny and thoroughly enjoyable. Depending how you look at it, Deep's performance is either wasted in this movie, or saves it.",3
Pirates of the Caribbean: The Curse of the Black Pearl,"Among all of my friends who saw this movie, both pirate/Depp fanatics and neutral, told me that it was such an amazing movie, and that they are excited about the sequel that's coming soon, and how I HAVE to see this movie. So, I did.

I got pretty much what I expected, except less. I found the jokes unamusing, action sequence unexciting, the music just droning on-and-on-and-on... Really, I mean, what was so spectacular about this movie? I'm surprised that I managed to stay wake for the ordeal.

The acting was good, I guess. I wasn't too impressed with any of the characters. Jack Sparrow was kind of amusing, but his antics got really old very fast. Orlando Bloom and Knightly's characters were plain boring. But the character I was most disappointed in was Captain Barbossa -- such an uninteresting villain, absolutely no noteworthy character.

I'm giving this movie a 3 out of 10, and I feel like I'm being generous. I know I'm not going to spend my hard earned dollars on the sequel.",3
Pirates of the Caribbean: The Curse of the Black Pearl,"Thank god there are other people in the world whom don't 'love' this film. Pirates of the Caribbean is so overrated, if it wasn't for johnny depp, then it would be a washout completely, which says a great deal about it. If I am honest I fell asleep about three quarters of the way through the film, out of sheer boredom, i think Knightley's famous line 'try wearing a corset' set me down for the night. I saw this film last year, and had expected a masterpiece since many people had such high praises for it. The storyline is mediocre, the acting of two of the key actors, Knightly and Bloom (sorry I don't know their characters names, there is a simple reason for this!) is very average. I can remember very little from the film, as it has mere substance. Unfortunately, I have to now deal with people having panic attacks over the release of the sequel..oh well.",3
Pirates of the Caribbean: The Curse of the Black Pearl,"Whoa is me. Johnny Depp didn't take this film very seriously. I know it's not a serious film but actor decisions are and either he or the director made some very bad choices for the Captain Sparrow character. He was so swishy. Who is the hero in this film? No one. I didn't care about any of these people. In addition, this is a two joke movie: 1) Look mom. The pirates turn into skeletons in the moonlight at least 1567 times. Isn't that fun? 2) Look mom. An eyeball has a fork in it and it rolls along the ground and it falls out of that guys face and...Isn't that fun? Nope. It isn't fun or funny or interesting after the first time. And although the combat scenes are well choreographed - ENOUGH IS ENOUGH!!!! I fell asleep twice. I was sooooo disappointed. I really wanted to like this film.",3
Pirates of the Caribbean: The Curse of the Black Pearl,"Okay, what the hell happened? Yesterday, I checked here to see what people were thinking of this movie, and judging by the comments, it looked like a good movie to see with my girlfriend.

Ugh, not even close. I gave this movie a 3 in the vote, and that was for its only redeeming feature, Johnny Depp's performance as Captain Jack Sparrow. Without the characterization he gave, this movie had nothing, nothing to hold my interest.

The love story was uninvolving. The pirates were kind of cool, and the action was decent. But you know things are going bad when at one point in the movie, you're laughing because the lead actress's lipstick glaringly sticks out considering her circumstances at the time. Set in colonial times, and lacking access to anything remotely resembling Revlon, I couldn't decide to laugh or groan at such poor makeup, direction, and review.

The only reason I would recommend this movie to anyone is if someone is a fan of Johnny Depp. He was excellent. But rent it, don't spend your money at the theater for this.",3
Pirates of the Caribbean: The Curse of the Black Pearl,"Pirates of the Caribbean: The Curse of the Black Pearl"" has to be one film I'm addding to my ""Worst Films of 2003"" list.

""Pirates"" has to be ""one"" of the oddest, strangest, most over-the-top, far out, blockbuster film's of the summer 2003 lot. For starters, director Verbinski isn't enough of a stylist to pull off the script's delicate balancing act. As he showed with the ""The Mexican"" Verbinski has problems finding just the right tone between humor and adventure. The film is never quite funny enough to make us forget that dramatically it's pretty slim stuff. With is combination of action, comedy, over the top acting, big sets and one-liners this movie couldn't be taken too seriously for an action film and it so far off the map that it couldn't be called a comedy.

For one thing Johnny Depp, who delivers what has to be the strangest lead performance in a $150 million Hollywood production to date, and has to be the only one brave enough to play a gay drunk pirate this side of the Caribbean. Wait until you see what Depp does here. You can't take your eyes off him!! He is funny, crazy and he over takes every single scean he is in. Even Geoffrey Rush is over shadowed by Depps's over the top performance.

Geoffrey Rush was great in his role as Barbossa, and it shows what a great actor Geoffrey Rush really his; and how multi-talented he really his even when he sells out to crap like ""The Banger Sisters"" or ""pirates"" He can make a really bad role work for him. But it was Depp's film and he ran with it!

Keira Knightley, well not much to say except she is a really bad actress and how many times do we have to set her either wet or getting her clothes ripped off with out once having bad hair or runny make-up?

Orlando Bloom was flat, his character was a cardbaord cut out of every single character out to rescuse the woman he loves and finds himself an adventure.

""Pirates"" was a bad movie, but Depp's over the top performance was the best thing and the only thing besides the over top F/X and interesting story line that keeps this mess afloat!

Yes folks; the story had promise. Real promise. But somewhere between directors Gore Verbinski ideas, and producer Jerry Bruckheimer's ideas the story somehow merged 2 diffrent out looks with no real mediuem. The whole film felt like ""Treasure Island"" meets ""The Fog""!

With a running time of two hours plus, ""Pirates of the Caribbean"" feels terribly flabby, even the over the top battle scenes are so drawn out we start to lose interest.

Depp's odd performance should probably make this film live on as a cult classic and become recognized by film buff's as a bad film that we love.

One word to describe ""Pirates"" is ""BIZZARE""!",3
Pirates of the Caribbean: The Curse of the Black Pearl,"It's been a while since I've seen it, but at least there's a chance now that it will fall out of the top 250.

I even bought the DVD of it because everyone said it is sooooooo great, and I actually hoped that it might be something like a film version of Monkey Island, which might be the best adventure computer game ever made.

I was totally disappointed, it was supposed to be a comedy, but only moderately funny, and I dragged myself through watching it (maybe I fast forwarded it, I'm not sure) and sold the DVD afterwards.

I really don't get what's so great about it? Just an average Disney story, a well known, good looking actor and a huge marketing hype, so that even all the movie critics and the Oscar jury believe that it is a good move doesn't make it good. If it's not entertaining or contains a great, unusual idea, it could at least have contained some serious message, but of course also didn't - so I just don't get it why everyone likes it.

At least I got most of my money back, but I still hope that some day there will be a real movie using the Monkey Island Plot.

What I've learned: Never buy a DVD (at least not for full price) just because everyone says it's great.",3
Pirates of the Caribbean: The Curse of the Black Pearl,"This is one of those movies you hate to pan, everyone on screen seems to be trying so hard to make something out of the material. Sometimes, even the best efforts can't rescue a plot thinner than the skins of the villains. And therein lies the problem. All the special effects, all the fencing, and ship to ship fighting, can't rescue this film. Given the lack of a story worth hanging a hat on, Johnny Depp does his best to give the film a center, but he is undercut. On one side is Geoffrey Rush chewing scenery faster than it can be built. I keep hoping to see him in a role that requires some subtlety, because I believe he is capable of greater things than anything I've seen him in recently. On the other side are Orlando Bloom and Kira Sedgewick gamely trying to give the film some romance. If only they were given some material to work with. At best, this film is a good way to spend a couple of hours where the alternative is banging your head against the wall.",3
Pirates of the Caribbean: The Curse of the Black Pearl,"The governor's daughter is kidnapped and an inept pirate (Johnny Depp) and a young blacksmith in love with her join forces to rescue her from undead pirates (headed by Geoffrey Rush).

All right, I wish Erroll Flynn had access to these effects. Flynn played a man forced into piracy in ""Captain Blood"" and a privateer (someone licensed to commit acts akin to piracy in wartime by the Queen, in the anti-Hitler parable ""The Sea Hawk""). But special effects alone can't save a sinking ship of a movie.

The story of ""Pirates of the Caribbean"" isn't difficult to follow. Admittedly, this movie has an awful lot of story but I followed it fine after I got bored with the whole shebang and started surfing on my phone, listening to the movie with only one ear.

The movie is very long. I don't mind long movies, but this one bored the socks off me. I'm still looking for one of them. And when I was fed up and checked the time on the dvd to see if it was nearly over and realized I had more than forty minutes to go, I switched off my dvd player and haven't gone back to it yet.

Some of the imagery is gruesome but I remember what it was like being twelve. I ate that stuff up . . . Though it might give younger children the willies.

Anyhow,the subtitle ""the curse of the Black Pearl"" is a misnomer: it's not ""The Black Pearl"" that's cursed, but the gold, allegedly stolen from the Aztecs by Cortes (ask the Toltecs some time what they thought of the Azetcs; they basically did to the Toltecs what Cortez did to them. What goes around . . . ) The undead pirates may be brought back to life under certain conditions . . . But I won't give it away. It's the crux of the movie and I'd hate to spoil it.

I've enjoyed Depp's performances in other movies but here he's just plain weird, to say the least. Keira Knightley is okay, though I've had a mental block to her since ""Doctor Zhivago."" Rush comes off as the typical pirate, though he doesn't play up a silly Long-John-Silver Bristol accent, thank goodness. He's the best thing in the movie, and that's not high praise.

""Pirates of the Caribbean"" has lots of good, if occasionally misplaced, humor. I never watch movies about gangsters, though I give leeway to watching flicks about pirates. After this I'll probably rethink that policy. I found the whole thing a big, bloated bore. Oh, it's better than lots of live-action Disney movies, especially those that nearly sank the company in the 1970s and 1980s. I wouldn't trade this for any of Kurt Russell's Disney ""comedies."" But someone needed to take a hatched into the editing suite. More is not always better.",3
Pirates of the Caribbean: The Curse of the Black Pearl,"The only thing memorable about 'Pirates of the Caribbean: The Curse of the Black Pearl' will be Johnny Depp's usual out-standing performance.

I can only hope that this 'Blockbuster' featurette won't do for his acting career what ""Leaving Las Vegas"" did to Nick Cage's. Remember Nicholas Cage, a quirky, interesting actor who was almost always worth watching, no matter how bad the movie? Then his big moment in ""Leaving Las Vegas"", and he hasn't done a thing worth watching on-screen since then, including his woefully lackluster performance in Martin Scorcese's 1999 film, ""Bringing Out The Dead"", where Mr. Cage would only be considered interesting in contrast to John Goodman's typically bombastic, bizarre, supporting-actor overdoses.

Now it's Mr. Depp's turn as an actor. Either he will continue to pick and choose his movies based on the merit he sees in them as an actor, along the lines of the late, great, Gregory Peck, and the still living, and equally astounding, Meryl Streep; or, he will pick and choose his movies based on how much money someone is willing to pay him for his 'appearing in' their studio's (insert studio name) production of (insert producer's name and/or production company name) film directed by (insert director's name), and starring (insert actor's name).

I am rooting for the uniqueness of Johnny Depp, of course.

For a movie as over-produced as ""Pirates of the Caribbean"" is, with the occasional well-done special effect (which should be a given considering the money spent), and interesting costuming (especially in the 'heaving-bossoms' scenes), some of the 'special effects' come off rather mediocre in comparison to better done summer fodder. The distance shot of the burning Port would have been at home in Alfred Hitchcock's ""The Birds"". The underwater skeleton-walking scenes looked like out-takes from ""Clash of The Titans"".

The humor of the movie is also in question, first during the looting of the British Naval Port and attacks on it's citizens by the pirates, with scenes of murder and attempted rape, played on film as quasi-comedy (in someone's seriously disturbed idea of entertainment); and also during the scenes when British Sailors are being slaughtered left and right onboard their own ship, immediately after the Pirates' underwater skeleton-walking scene, although these sailors are mostly being dis-embowelled off-screen so as to further distance us from contemplating the possibility of their deaths, and we are coerced instead into laughing at a Pirate's severed boney claw, clutching for the cowardly Governor Swann's throat. A character foppishly over-played by Jonathan Pryce. Can anyone say ""Vincent Price"" cheese-ball?

The dashingly pretty Orlando Bloom, as Will Turner, barely registers a ripple of a human nuance, rather like observing an interesting wall-paper. Likewise for Keira Knightley, as his longed-to-be-statuette-on-a-pedestal, Elizabeth Swann, the (of course!) Governor's daughter. For a good acting comparison see Kate Winslett in ""Titanic"". Both parts seemingly conceived by a group of writers discovering cheap plastic glow-in-the-dark religious icons for the first time and attempting to pass them off as feminine Heaven.

On screen for an hour too long, with convoluted plot 'twists' packing the wallop of moist cardboard, character actors required to do uninteresting comic 'bits' that might amuse a two-year old, screen-writing that barely rises to a fourth grade school play, wooden acting filmed along the lines of ""Stand there and don't move while we shoot the scene"", yet another 'typical' Hollywood feel-good ending, and, voila!, this summer's simple-minded Block-Buster movie is completed.

On to the usual mass-merchandising, burger chain tie-ins (no matter how oddly far-fetched), and 'direct-to-DVD' sequel(s)! Thank you very much.",3
Pirates of the Caribbean: The Curse of the Black Pearl,"Pirates of the Caribbean, The Curse of the Black Pearl - The movie is as aimless as the tittle. Pirates attack a settlement known as Port Royal and capture the town's governor's daughter, Elizabeth Swann (Keira Knightley), as they believe that she is the one who can remove a curse set upon them. They lug her aboard the Black Pearl, their ominous sailing ship. In a prison in a battered garrison in Port Royal, William Turner (Orlando Bloom) makes arrangements to free Jack Sparrow (Johnny Depp), A captive, and some-what idiotic pirate, in exchange for his aid to rescue Miss Elizabeth Swann, the woman who William is madly in love with. Along the way, there are many sword fights, but as this movie is a pirate one, viewers will expect a major death. Sadly there are none. Most of the time it miraculously stops or those cursed pirates never die, because they're practically undead. Many of the fights are absolutely retarded and pointless, with no purpose what so ever, except just to allow this movie to be classified under a pirate theme. The director, Gore Verbinski, made a horrific effort to add suspense, and about the only scary thing in the film is a cursed monkey!

The characters, although interesting at first impression, soon get boring and ridiculous! Jack Sparrow has a major speech impediment, always looks like he's drunk 24/7 and seems to have hands that don't look connected to his wrists! His opening scene where viewers first catch a gimps of Jack was quite comical, but his later acts were plain, foolish. It's impossible to believe that such a pirate could even be conceived! The actor Johnny Depp played a magnificent part, but it's Disney's lack in concept to produce a more credible character, which unfortunately destroyed the feel of a real pirate film. The character William Turner was an even bigger let down. His jokes are dry to the bone, at best they my cause a chuckle. His character's desires are typical of what modern movies are about. All of this was made worst with the selection of actor to play the role. Orlando Bloom's parts in the film were particularly weak and lacking in emphasis, as you felt that Jack Sparrow was more important then the less adventurous blacksmith Will.

The few good things about, The Pirates of the Caribbean, The Curse of the Black Pearl are the tunes and the CGI effects. These are the only factors that keep the viewer from going to sleep! The music is on the dot, particularly when you see beautiful long shots of the surroundings. You'll get butterflies in you stomach, similar to the Lord of the Rings trilogy, when you witness the sight of the Computer Generated Images! Since the cursed pirates can only take the undead form in certain conditions, the lighting, and shadow effects make these images top-notch.

This film is better of to just have CGI pirates walking around, raiding random ships, then to have poorly thought of characters, residing in the picture. There is too much that has been added to the film, and the mambo-jumbo comedy, action, thriller, love story, adventure theme is just a missive cliché of genres. The attempt made by Disney to have a classical family movie was a disastrous shamble! Millions of dollars have been wasted, down drain on actors who don't even suit the characters. I strongly recommend no one see this monstrous movie, as viewers would also be throwing away their money down the drain.",3
Pirates of the Caribbean: The Curse of the Black Pearl,"When I sat down to watch this movie, I was expecting to see a movie that was decent at best. I was very surprised to find how unbelievably bad it was. The plot is non-sensical jibberish. The characters are all one-dimensional, either good-to-the-heart, or bad-to-the-bone, with absolutely no variations. The acting is horrendous, Johnny Depp is like a washed-up rock-star, heavily drugged and very drunk, the entire time. Orlando Bloom is nothing but a simple rehash of the knight in shining armor, if only a bit more easily tolerated. Keira Knightley is just a damsel in distress, pure and simple, nothing else. Something I found ridiculous, was that every other character, even minor characters, mastered sword fighting. The humor is unbelievably childish, at several times it was on the level of the newer Simpsons episodes, which made me cringe more than I believed was possible. All of the CGI effects were very bland, most looked like they could easily have been made at the same mediocre quality several years ago. Why so many people claim this is a great film eludes me. If you ever even consider to sit down and watch this, make sure you keep your expectations very low. Very overrated. I wouldn't recommend this to anyone, as it is simply too long, too boring, too bland and too cringe-worthy to be the least bit enjoyable. 3/10",3
Pirates of the Caribbean: The Curse of the Black Pearl,"Could their be a more over-rated film this year. While okay in part, I think the main reason behind it's success is the fact that some people take a liking to Johnny Depp and Orlando Bloom. It has problems classifying what type of film it is. Not enough action to be a action film. Not enough laughs to be a comedy. It has also been put up for major awards, yet it is clearly a blockbuster. 'Its both of these,' you may say. That is not the case as the poor attempts at jokes do not work. Johnny Depp probably deserved his Golden Globe nomination, not his Oscar nomination though. His character, along with everyone elses, is one-dimensional and conforms to stereotypes. Bloom plays Legolas very well to say the setting has changed. the other actors are fairly decent in their roles. A plot that i could predict in my sleep and a boring script prevent it from being good. What could have been a great 90 minute blockbuster has been stretched to 2 and a half hours on a plot that cannot manage it.

*1/2 out of ****

p.s. It has been hyped up recently. If you have'nt seen it yet, don't.",3
Pirates of the Caribbean: The Curse of the Black Pearl,"The first thing I realized when I saw this film was that Disney is running out of ideas for good films. I never thought they would be resorted to base their films of rides in their amusement parks. It's a pirate film with some good acting but Orlando Bloom proves yet again that he can't act.

After the daughter of the governor of an island in the Caribbean is captured by mysterious pirates, only two people are able to save the beloved Elizabeth Swann (Keira Knightley). These two men are Will Turner (Orlando Bloom) and Pirate Capt. Jack Sparrow (Johnny Depp). Some how they are able to comender a British super vessel able to navigate it across the ocean.

The movie just went way to long, topping two hours and twenty minutes, way to long for a Disney film. Jerry Bruckheimer adds tons of corny lines and supposed battle scenes between undead pirates and British Soldiers . Johnny Deep and Geoffery Rush do what they can with the roles they're given. Their are some beautiful filmed scenes of the ocean but their really isn't a story. I guess you could call this entertaining for a nine year old but for anyone else it's just a yawn fest.

Pirates of the Caribbean: The Curse of the Black Pearl. Starring: Orlando Bloom, Johnny Depp, Geoffery Rush, Keira Knightley, and Jack Davenport.

2 out of 5 Stars.",3
Pirates of the Caribbean: The Curse of the Black Pearl,"This movie could have been absolutely fantastic, except for one thing -- Johnny Depp's unfortunate choice of playing Jack Sparrow as a drunken, mumbling git. The movie (though a bit long), is great fun, with swordplay, gunplay, zombies, cannons, and witty dialog -- this last spoiled in part by Depp's insistence on mumbling all his lines. Although apologists say that the character was supposed to be crazy with the sun (for an incident we later learn was only 3 days long, and well-provisioned at that), it seems to me that it was just a completely bad choice of characterization. Better by far to have picked as a model the Burt Lancaster portrayal of Captain Vallo ""The Crimson Pirate"" (1952 -- as I suspect the writer intended -- ""Vallo"" --> ""Sparrow""). In that movie, Lancaster was perhaps the ultimate ""Ha-HA!"" character, with the same winking- at-the-audience kind of verve that the Jack Sparrow character sort of had.

(Indeed, the walking-the-boat-across-the-bottom scene is right out of ""Crimson Pirate"", along with the generally acrobatic ship scenes.) This and various plot holes (which involve massive spoilers, so I'll leave them out) took a possibly great movie, and made it a so-so experience for me...",4
Pirates of the Caribbean: The Curse of the Black Pearl,"I fell asleep while watching this film in a THX cinema. While this weakened my understanding of the film's plot, my 11 year old companion cheerily filled in the details on the drive home.

I sympathized with Johnny Depp who, like me, seemed to have just woken up prior to many scenes. While I was clueless as to what exactly was going on, Depp pulled off well his wake up calls and instead appeared to have a brilliant, original take on the plot twists. Move Depp, on probation, into the ""watchable actor, sole reason for buying ticket"" column.

Hollywood producers accept pirate projects at their peril. Maybe it's a challenge match for those with money to spare. Someone today no doubt pitched a TV series based on the pirates in 'Six Days, Seven Nights'. Pirates. Hollywood. Fairbanks. Swashbuckle. Search me.",4
Pirates of the Caribbean: The Curse of the Black Pearl,"Average action adventure Disney yarn is watchable mainly due to good performances by Johnny Depp, Orlando Bloom and the lovely Keira Knightley.

It's the tale of a pirate ship called the Black Pearl, once captained by the eccentric Depp, whose new captain  Geoffrey Rush is looking for a pirate medallion that ends up in the hands of Knightley, the daughter a rich governor (Jonathan Pryce). Throw in Bloom as the dashing hero with a sketchy past and a major crush on Knightley, and you've got yourself a special effects ridden harmless piece of entertainment. Downsides are too many silly additional characters, who will only be of interest to very young viewers, and at 143 minutes, its far too long - they could have cut out about half an hour of footage off at least.

Nice to see a fairly original idea through, although I hear it is based on a computer game(?) or something (I may be wrong), instead of the countless sequels that have cluttered up the cinemas over the past year or so.

..saying that, no doubt there will be a `Pirates of the Caribbean 2' through, sooner rather than later!!",4
Pirates of the Caribbean: The Curse of the Black Pearl,"An ""adaptation"" of a ride at Disneyland seemed like kind of a flimsy idea, so I'm not entirely surprised that this overblown entry in the 2003 summer movie season isn't all that good.

Johnny Depp stars as Jack Sparrow, a humorously goofy pirate who walks with a constant, drunken swagger. Depp, as always, gives a fun and eccentric performance and gets some great lines in, but unfortunately he's the only thing worth remembering about this movie. The story and all the other characters are a total snooze.

Jack is trying to get his ship, the Black Pearl, back from a group of skeletal ghost pirates (led by a hammy Geoffrey Rush) who have kidnapped the beautiful Elizabeth Swann (Winona Ryder look-alike Keira Knightley) in order to use her blood to bring them back to life. Will Turner (Orlando Bloom) is in love with Elizabeth, so he teams up with Sparrow. Bloom, from the ""Lord Of The Rings"" movies and Knightley, from this year's great ""Bend It Like Beckham"" are both interesting actors, but the characters they're playing might as well be cardboard cutouts.

There is lots of action and some twists in the story, but I found very little of it interesting. In fact, Johnny Depp's likable performance and one-liners were all that kept me awake through the ridiculous 2 hour, 15 minute running time.

It's directed by Gore Verbinski, and I guess it shows he can direct a big summer movie, but it completely lacks the small-scale style and effectiveness of his earlier films like last year's eerie ""The Ring"" and especially the quirky, sadly underrated ""The Mexican"".

And when the army of skeletons shows up in the end, all I could think about was how much cooler it was in ""Army Of Darkness"".

I liked Depp's performance, but in a nutshell, the ride is better.",4
Pirates of the Caribbean: The Curse of the Black Pearl,"Depp looks good, but he always looks good. He alone makes the movie, and that's not lasting for the movie, only lasting for Depp. This is a tragic disappointment to those who love pirates. It follows the recent trends of dark ghost stories stylistic eye candy, but underneath it's empty. Someone said to me that it's going to be a classic, only because pirate stories tend to be. Some people can't see the forest for the trees.",4
Pirates of the Caribbean: The Curse of the Black Pearl,"A BRIEF SUMMARY: Elizabeth Swann, the daughter of the new island governor, is traveling by ship with her father to their new home. The come upon a ship, ransacked and burned by pirates. Suddenly, Elizabeth spots an unconscious boy, Will Turner, in the water. When Will is brought onto the ship and laid upon the deck, Elizabeth spots a gold medallion around his neck. Fearing the authorities will arrest the boy as a pirate, Elizabeth steals the medallion. Years later, when Will and Elizabeth grow up, they share an adventure involving the medallion, an unearthly pirate crew and `the curse of the Black Pearl'. `All opinions are vanity ' including my own. Well, I guess I better prepare myself to be clobbered once again for trashing a movie `everybody loves'. `Pirates of the Caribbean: Curse of the Black Pearl' is most illogical movie I've seen since `Lost in Space'. `Lost in Space' at least had three shapely women in body-hugging space suits. PCCBP has Johnny Depp. Johnny has turned in some really good performances (`Edward Scissorhands,' `Ed Wood,' `Sleepy Hollow,' and, especially, `Don Juan DeMarco') but his loose, effete `Jack Sparrow' is more `Captain Morgan' than Captain Kidd. That is, the rum is doing most of the acting. WARNING: SPOILERS Well, let's see, all the crew of the Black Pearl except Jack Sparrow, BUT INCLUDING WILL'S FATHER, have been cursed for stealing Aztec gold. As part of their curse, food turns to ashes; and, while they cannot die, in the moonlight they are clearly rotting corpses. HELLO! If they cannot die, HOW COULD THEY KILL WILL'S FATHER? If they are really rotten corpses, WHY DIDN'T THEY DIE AS SOON AS THE CURSE WAS LIFTED? I can understand why Will wasn't cursed, BUT WHY WASN'T ELIZABETH? Oh, because she did it to save Will, THEN WHY WAS JACK SPARROW CURSED? Oh, because he was Captain of the Black Pearl; DO YOU REALLY THINK A CURSE WOULD BE SO SELECTIVE? I can understand why the Black Pearl crew became rotting corpses when they were cursed. They spent a period of time suffering from starvation and thirst, but WHY DID JACK IMMEDIATELY BECOME A ROTTING CORPSE? Oh yes, I've heard, `Forget the logic and enjoy the fun.' How much fun is there in an adventure movie where the only mortals you care about are so central to the plot you KNOW they cannot be killed? I enjoyed the production values, the music and the performances, but I never forgot this is a BAD pirate movie. If you really want to have fun watching a good pirate movie, see `The Crimson Pirate' or `Swashbuckler.' If you insist on seeing a bad pirate movie, see `Cutthroat Island'. At least it makes sense.",4
Pirates of the Caribbean: The Curse of the Black Pearl,"'Pirates of the Caribbean' is an old-fashioned adventure pirate film, combining new animation techniques with humor, romance, and pirate battles. The film is not a great film by any means; it is simply fun. The film moved a little slow in some places, and I was not impressed by Johnny Depp's performance at all. The film really had little to offer in terms of an original story, but if you are looking for a film that is fun and something to liven up a dull evening, this film is okay. Children and adults can both enjoy this. It's not great, but it can probably be enjoyed by a wide audience. I give this a 4/10 because I did not think it was anything special.",4
Pirates of the Caribbean: The Curse of the Black Pearl,"Let us quickly review the actors in this film, Depp, Knightley, Bloom, Price and Rush; all of which have done much better work in previous films. In this film, however, a silly pirate movie about zombies that has no logic, science or sex, so must be attached somehow to the Disney fantasy world, is , at best, mediocre eye candy. Depp plays a bisexual pirate with effeminate traits, but serious sexual dysfunction; most likely caused by his alcoholism. Knightly was almost convincing, until she didn't have sex with Depp after an all night orgy of everything else. Bloom is still stuck in his Lord of the Rings Personna, and is the weakest actor in this group, Pryce has to play the ""father"" role, and basically gets a hand job (which he eventually defeats) in this film, and Rush seems to have the best time of all, having fun playing a despicable pirate in charge of a literally skeleton crew. The film is sometimes funny in the beginning, bogs down in the middle, and is about a half hour or more too long. Strictly for children and teens high on cheap beer.",4
Pirates of the Caribbean: The Curse of the Black Pearl,"Ok so this movie was nice cuz keira knightley, and orlando bloom is pretty gender here (not as gender as legolas but up there) except they should replace the maids with mice maids like in dimension 20 mice and murder (2021) and maybe i can get on board.",4
Pirates of the Caribbean: The Curse of the Black Pearl,"Well, I liked the costumes and the sets. You could tell they spent alot of money making this movie. The skeletons were fun. But as far as the plot goes, half the time it just felt like this confusing mess. And while I loved how Jonny Depp looked in this film, I didn't like the way his character was written. I felt like I was watching Richard Simmons in a pirate costume! I think I would have liked this movie better had it been more of a horror film instead of an adventure movie. I think it would have worked scary. I would have liked Depp's character to have been tougher. I guess this movie is okay if you like pirate films, but it just wasn't what I wanted. I would love to see it redone with alot of horror, but I know I'm dreaming. So, see it for the costumes, but don't expect it to be a great film.",4
Pirates of the Caribbean: The Curse of the Black Pearl,"Nice effects but not enough to want to see this film again. Just another action film, the storyline has been done again and again. Formula, formula, formula. I found myself looking at my watch too often. The only saving grace...Johnny Depp. He is always interesting and if it weren't for him, I wouldn't have gone to see this thing.",4
Pirates of the Caribbean: The Curse of the Black Pearl,"In theory, Pirates Of The Caribbean really could have been a good film. What with Johnny Depp playing the campest pirate ever and a young couple at the centre of it who just want to get together were it for those damn undead pirates and the woman's fiancée. Such inspired ideas however admirable can not salvage this film. Under the hand of director Gore Verbinski, Pirates Of The Caribbean dispenses with character development, comic timing and structure in favour of constant frantic movement and an eagerness make sure that something is exploding, somebody is falling down a trap or Johnny Depp is eliciting a wisecrack every two seconds. Keira Knightly and Orlando Bloom are hopelessly bland when they should be appealing while the visuals suggest a much cheaper film than its $115 million budget would have you believe. Some critics have noted that Pirates would have benefit from a 45 minute truncation of its running but even in its first quarter of an hour, I found myself getting bored. The script is also weak, with Saturday morning cartoon show level humour and not one inspired moment. The only notable thing about this film is the clever CGI used on the undead pirates and the lenience (and some might say praise) with which critics have graced it.

Do yourself a favour and see Disney's Peter Pan instead, it's a funnier, more technically groundbreaking, more artistically credible and infinitely more entertaining pirate film than this two and a half hour bore. It'll probably keep your kids more entertained too, not to mention it being more suitable for them.",4
Pirates of the Caribbean: The Curse of the Black Pearl,"A friend with whom I watched this film summed it up better than I ever could. ""I've never seen such convincing effects look so unconvincing.""

as for the meat of the movie, without Johnny Depp, we would have walked out. he saves this from being a miserable adventure flick and makes it into a tolerable adventure flick.

it's got lots of pretty visuals and swashbuckling action and whatnot, but it wasn't worth my $8.50. matinee... maybe.",4
Pirates of the Caribbean: The Curse of the Black Pearl,"POTC: TCOTHBP was occasionally interesting. What can one expect, the movie is based on a ride? Keira Knightley fills well the lovely young woman role. Johnny Depp is occasionally hilarious and interesting.

What largely lacks for POTC is the story (hey, I understand, the ride was supported by effects and posing too, but it is only a few minutes long) and... well... the male second. While one can certainly understand Orlando Bloom's Will Turner's interest in Keira Knightley's Elizabeth, one can't, however, understand the reciprocation. I understand actors' withering beside Johnny Depp's irresistible, on-screen energy and force of personality, but poor Orlando Bloom nearly puddles beneath the glare. For LOTR all he had to do is stretch his neck and furrow his brow and that, beneath his lovely, light locks is what we needed from him there. Unfortunately for us, it seems that producers haven't yet realized that is all he can do.

Geoffrey Rush ranged from over-the-top (which worked) to occasional attempts at being a sympathetic character (which didn't).

There are some decent moments of entertainment including some laugh-out-loud funny lines involving Captain Jack Black. But this is not a keeper -- at most, a renter, preferably a borrower.",4
Pirates of the Caribbean: The Curse of the Black Pearl,"A tiresome Walt Disney kiddies movie with appalling dialogue and a Bodger Award for the most dreadful performance by a leading actor in a major movie of all time. Everyone just woodenly and stiffly and badly moves through this movie repeating their dreadful lines with a lack of enthusiasm. Some embarrassment is evident. The storyline is pathetic and boring and dull. The initial action is limp and dull. In fact dull is the key word. Dull and boring and bad and wooden. And how on earth did this ever get filmed. Surely it can't be that hard to make an exciting, interesting and worthy pirate movie in such pleasant locations? The movie does pick up toward the end with some decent fight scenes, and a bit of swashbuckling, but it's too little too late.",4
Pirates of the Caribbean: The Curse of the Black Pearl,"*Minor spoilers*

Much praise has been held over 'Pirates of the Caribbean: Curse of the black pearl', and not one, but TWO sequels are in production.

The movie is also rated 7.9 and #227 (today, may 08 2005).

The cast is very good, but the script and plot is WAY to cheesy for me to take in. I find it ironic that a very good movie like Master and Commander, who is also a pirates-vs-soldiers movie and a hell of a good one at that, aiming for realism, gets surpassed by Potc with a plot of undead pirates walking on the bottom of oceans and turning to bones by night? There's also a lot of bridges that doesn't really add anything to the action (the movie tops 140 minutes), which only becomes an annoyance.

Fun for 11-year olds mayhap, but for us a bit older... Crap. Go see Master & Commander if you want a movie with some story. 4/10",4
Pirates of the Caribbean: The Curse of the Black Pearl,"what do you get when you have a movie that is over-hyped it can't live up to the expectation?you get pirates of the caribbean.my hopes were through the roof for this one based on all the ads and great reviews.man,what a letdown.this isn't necessarily a bad movie,but it is nowhere near as great as i was led to believe.the acting was okay,and there was some humour,but i think it tried to be funnier than it actually was.there are many films made with very small budgets,including marketing, and many turn out to be fine and sometimes successful films.i guess hollyweird just doesn't get it.then again, i guess i don't get it either since i believed all the hype and went to see this movie.i give it 5* out of 10 based mostly on the acting and some humour",4
Pirates of the Caribbean: The Curse of the Black Pearl,"""You best start believing in ghost stories, Miss Turner... you're in one!""

First of all, Johnny Depp's performance was the only thing that kept this movie afloat. As the film that propelled Depp's career as a box office leading man, he delivered one helluva performance. Steamrolled by an epic soundtrack and one of the IPs that created by Walt Disney, I was hoping for something less disappointing.",4
Pirates of the Caribbean: The Curse of the Black Pearl,"In 2011, i tried opus 4 with Penelope and it was so slow, so dark that I felt asleep in my seat ! Now it's the second (!) time i try to watch this DVD because of Keira and it happens again ! even if the production is baroque and visually stunning, the pace of the movie is terribly dull and its attraction wagon moves faster and is more exciting ! Sure there is efforts to have a dense story and there are strong characters and funny back roles as well, but the way it's told and filmed isn't dynamic : so it's a pure Disney movie as every age can follow what happens on screen, old or young ! The action sequences are quite boring and repetitive, Deep gets irritating with his pantomimes, Pryce with his usual dandy manner (he is not John Cleese !) and getting aboard and out of ships isn't really exciting at the end ! With this dragging ambiance, i felt again asleep when Keira was abducted ! At least she was here because she is really the revelation of this movie as well as the fighting skeletons by moonlight ! Withtout them, i couldn't have sustain such a long movie for which i have the big feeling to have seen it already before !",4
Pirates of the Caribbean: The Curse of the Black Pearl,"This is a perfect movie if (A) you are a twelve year old boy, (B) you like to see stunt men ejected from explosions over and over and over again (C) you will watch anything with Johnny Depp, regardless.

For more discriminating adults, the two and a half hours of noise and chaos unrelieved by any semblance of careful plotting becomes tedious. Depp is certainly fun for the first half hour, sending up the pirate image by coating his eyes with kohl and sending up the Disney image by acting a little less than wholesome, but after a while, one longs for more than people screaming with swords in their hands backed up with a bombastic music score that underscores the emptiness of the enterprise.

One longs for the sense of heroic purpose and genuine derring-do exemplified by Errol Flynn/ Douglas Fairbanks, Jr, or Burt Lancaster in such grand adventures as The Sea Hawk, Captain Blood, Sinbad The Sailor or The Crimson Pirate, all recently released on vivid, family-oriented DVDs; Pirates From The Carribbean is cynical corporate entertainment, the humor ironic or tongue-in-cheek, and, though marketed as such, is really not for children unless they are so desensitized to blood and savagery from video games that nightmarish visions do not bother them.",4
Pirates of the Caribbean: The Curse of the Black Pearl,"First off, having a movie based on a Disney ride seemed ridiculous. Second, having Johnny Depp and Orlando Bloom together in a movie seemed terrible. The outcome? A painful 2 hours I'll never get back. The movie doesn't even have a pirate theme. There's no stealing, killing, drinking, etc. Just fighting off fake CGI skeletons on a stupid ship. I don't know how this garbage made it to the top 250 list. The cheesy dialogue, dull action scenes, cardboard acting, lame use of CGI, and the ludicrous plot made this as one of the worst movies I've ever seen. I'm also beginning to think this is a total chick-flick, since the only people who watch it are peppy girls who drool over Depp's fake look in the movie.",4
Pirates of the Caribbean: The Curse of the Black Pearl,"Johnny Depp is in this movie. He wears a cool hat and swaggers about like a drunken bohemian on the loose in a boarding school. I could watch him for hours.

There's other stuff in this movie. Orlando Bloom possibly plays the hero, but he's about as boring as he's been in every other movie he's pretended to act in. Keira Knightley fails to fill out her dress, but that's okay because she's cute too. Geoffrey Rush plays another retired rock star, and between him and Depp the movie is nearly watchable.

I stayed awake through this movie the first time. The second time, not so much. The third time, I'm not sure. I intentionally turned it on a fourth time while I was on a trans-Atlantic flight and needed to sleep. The plot is kind of unintelligible, with characters escaping and getting captured and being held in prisons and escaping again every five minutes or so, and no one ever bothers to clear up which ship they're on at any given moment. It's a little too lead-footed to really be swashbuckling.

But anyway, it's got Johnny Depp. He's cool, right? He does stuff in this movie, so that must mean something. I'm not sure what, though.",4
Pirates of the Caribbean: The Curse of the Black Pearl,"I kept asking myself while watching this movie, Is this cinema? What is cinema? What am I watching? What is this movie?

Robert Downey Jr would say that this film was shown in a theater therefore it is cinema. Checkmate losers.

It is a movie that has everything working, aside from the script; every individual part is good, technically well executed and worthy of praise. It is just that the sum of it all is a big letdown.

It tells the tale of Jack Sparrow, played by a Johnny Depp that is far too young to be a legendary pirate captain in charge of a massive warship a decade ago. The performance itself is not as bad as people make it. Yet, it is squarely out of place. It is essentially goofy and lighthearted. It works when the film's tone is cartoonish and silly. Sparrow and Turner hijack two British warships successively. In broad daylight. But, when the tone wildly shifts to supernatural thriller, full of walking corpses and sailors being stabbed in the gut; the lighthearted elements appear buffoonish.

The script is bad, really bad. And it weighs down what the showmanship and visual spectacle could lift off. Most of the scenes at sea are fun and entertaining, but then all the characters are forced to go to a dark cave not once but twice. It is disappointing that after the sea battles and naval adventure the story forces everything to happen in a damp empty cave.

So what is it? Is it truly cinema? Am I being to analytical? Maybe. But if you figure that this film's origin is not some novel or superhero book but a Disney ride, I would say what we got is pretty spot on.

This is what happens when you adapt a theme park ride in a film. What is the difference; it's just stunt people doing acrobatics with ropes.",4
Pirates of the Caribbean: The Curse of the Black Pearl,"I'm not much of a fan of Disney movies, pirates and Johnny Depp so I was really reluctant to see this Disney flick. I was pleasantly surprised by how the movie started. I was actually riveted, by the funny action and the amazing performance of Depp. Like I said, I'm not a Depp fan and I usually can't stand him in anything but as Jack Sparrow, Depp is totally amazing. Depp created a real character here, no matter how campy he is. Unfortunately, once the pirates invade the port and the story concentrated on them, the film became really tedious and I didn't care about anything. The film should have concentrated more on Sparrow and the two other characters. The pirates, or ghosts, are devices and it's almost impossible to care for them. The story became sillier and sillier and Depp, who's the ONLY good thing in this movie, went missing for long periods of time. Bloom and the actress were pretty much flat. And this film is very LONG!!! Oh well...",4
Pirates of the Caribbean: The Curse of the Black Pearl,"This movie, as 99% of Hollywood's productions, was made for kids and teens, or people who think they are still kids. I don´t want to say it's bad or stupid, it's just...like a floppy, disposable, toy. As an adult, I felt a waste of time sitting down and trying to watch this kind of material, even with one of my kids besides me, enjoying it. Saying this, if you take this movie seriously you can point out the following: 1. It lacks of historical accuracy or even the remotest realism (pirates were bandits blessed by the Queen who used to attack Spanish vessels, I guess, or someone told me that). 2. All the characters are caricatures from a comic strip 3. The plot is 0, nil, nought, zero. 3. The formula: Maximum adventure with Minimum suspense (poor Hitch!) 5. Avalanche of FX to keep the children amused. 6. No dialogs, no conflicts, no real life. But, who wants these things today?",4
