title,comment,rating
The Sixth Sense,"While I thought this movie was well made and featured strong acting, I can't exactly agree with what most other people are saying about the ending. Frankly, I saw it coming a mile away, and there were just too many clues leading up to it, although I won't reveal any specifics for those of you who haven't seen this film yet. It's a 7/10 movie, but it would rate higher if I didn't know what was going to happen.",1
The Sixth Sense,"I'm not the biggest Shyamalan fan by any means. Of his entire body of work, only The Village and Unbreakable really stand out when originality is concerned, and they're really the only two of his movies that I've enjoyed. The major problem with The Sixth Sense is, who would have guessed, unoriginality. There is nothingminus the plot twist, I guessthat makes this stand apart from the thousands of other kid-seeing-ghosts movies that came out before it. If you've consider yourself a horror fan, and one that has seen a good selection of ghost movies, you know everything that happens here. And I mean everything.

However, there is some good. Mainly being that The Sixth Sense was one of the few groundbreaking American horror filmsand yes, it is drama/horror, not a thrillerthat brought some weight to the genre. While the majority of horror films in the '90s just focused on cheesy scares, Shyamalan focused on fine detailed, believable, high-quality scares that made the genre cinematic and not just laughable. With that said, The Sixth Sense, like most horror movies, just isn't very scary. A lot like the original Saw was a thriller set in a horror universe, The Sixth Sense is a drama set in a horror universe.

That brings out a lot of problems, however. For one, The Sixth Sense follows the same cliché formula a lot of Stephen King novels do: heavy doses of drama, with short bursts of horror scattered throughout. That just makes the already deeply unoriginal movie feel even worse because it makes it very boring. The attention to detail I mentioned above as a complement is also a major complaint.

Shyamalan's directing/writing skills are both probably both at their best here on a technical level (if you ignore the unoriginality). There wasn't a single shot in the movie that wasn't effectively done, and the plot is laid out well. The plot twist ending brought the plot twist ending into the mainstream, and it's very well done, but still a little cliché. The plot twist has been used in a lot of urban legends before, as well, if I remember right, on The Twilight Zone a few times.

So, in the end, it just left me with mixed feelings. On one hand I want to praise the movie for being so well done, but on the other hand I want to trash it for the lack of anything that sets it overall apart from every other ghost story out there. Everything was so predictable.

Let this be a lesson to all of you who say a movie can be a good movie even if it's unoriginal: you're wrong. Without originality, you're just left with no mystery, and just left feeling: ""Eh, whatever. Didn't I see that before somewhere?"" And that last thought is exactly my final opinion on the insanely overrated The Sixth Sense. But at least it wasn't as godawful as The Happening, right?

1/10",1
The Sixth Sense,"PG-13 horror. Oh, wait a minute this is more like a thriller. It was not really scary at all. Why is it considered horror? Barely anything to consider it horror. Only thing going for it is the actors. The rest is not that good. If you watch this for scares, then you have to be young.

There is no way this could bother a true horror fan. Yes, true horror fan watches anything rated R or Unrated. So yes, gore is the way to true horror happiness. No, I don't do the things that I watch on the big screen. It's just better to watch something interesting, than to watch something you will fall asleep watching.

Luckily this has Bruce Willis in it to keep you interested, but if he wasn't in it, then I probably say it was worse, and only give it a 1 on the vote. 5 is for Bruce Willis, if I am willing to do that. I am not willing to do it. I feel sorry for an action actor that chose to take the role on this. I only watched it, because I was not the one who chose to rent it.

If you are scared of everything, like a child, then yes, these PG-13 tame movies are for you.",1
The Sixth Sense,"I am sorry, this movie certainly has some good aspects, like the acting of Haley Joel Osment, but the screenplay is just aggressively, unbelievably stupid. How was this nominated for the Oscar for screenplay? How did it win the Nebula? If you stop and think for ten seconds, it totally falls apart.",1
The Sixth Sense,"To all the people who loved the ending, I must say that it is carved off from a well-known horror-film ""Dead And Buried"", which i recommend much more. I can't say that 6th Sense was a very bad movie, although the characters are rather simplistic. The thing that is good in the film is the off-hollywood dark and depressing atmosphere which is also presented in Unbreakable (a recommended film despite the lame ending titles).",1
The Sixth Sense,"I was amazed to see that this movie is ranked in such a high place. i cant describe how boring and dull this movie is.

one of the most, if not the most, overrated movies of all time. a complete waste of time.",1
The Sixth Sense,"I hated this film, it was boring, Osmond is not a likeable character or actor, i find him very annoying. My girlfriend loves the film, but i can't see it myself! Turned it off in fury! Do not watch this movie if you are expecting a good one! Chuck Norris is more entertaining! Hail Chuck!",1
The Sixth Sense,"Pfffft! You need an explanation? Bad acting, trite, overused, bad directing, overrated. I cannot believe the great reviews on this movie. Come on, People. Boring, overdone, unoriginal and trite.",1
The Sixth Sense,"In the beginning dr malcolm is shot, after that dr malcolm is shown helping the kid... i was so confused cuz i thought he was shot and killed...the movie goes on with malcolm talking to the kid etc. then at the end it supposed to be a suprise twist that he's a ghost and he was killed...like this movie is ridiculous and doesn't explain whats going on and then they explain at the end..like i thought that the middle of the movie was a flashback...wildingly confusing i went in watching with an open mind then the movie happened",1
The Sixth Sense,"When Bruce Willis isn't playing an action hero and has to be restrained. You know you are in trouble.

I barely got through this borefest.. one of the most forgettable pieces of trash I've ever seen.",1
The Sixth Sense,"What a piece of garbage. This movie was 1 hr, 40 mins long. It felt like 3 hours. Not scary. Plot holes you can drive a truck through. And BOOOOOOOOORING as all hell. So it had a twist ending--big deal--the thing was completely tacked on. The plot of the movie ended and you had to wait 15 more mins for the big ""surprise.""

Oh well, I suppose this is advice for me in my screenwriting career. Come up with a bunch of crap for 2 hours, put a twist ending in, and a movie will pull in $250M at the box office. Hope you all enjoyed Unbreakable too, an even more laughable movie. :)",1
The Sixth Sense,"I like mystery and psychological ThrilleR movies but this was really bad, the entire movie was for the ending, and the ending was not that good.",1
The Sixth Sense,"I finally watched ""The Sixth Sense"" after all these years and wow is it terrible. I could tell right away that this film was not to my liking and a bore but I stuck with it and watched it all so I could fairly assess it. It was dismal and dreary the whole way, with very little good dialog or action, no likable characters, and shaky camera work. I couldn't wait for it to be over; I watched the clock the whole way. So, 1/10 for failing to do the most basic thing that a movie should do -- to entertain. My recommendation: pass on this one, don't believe the hype. (And I thought ""Unbreakable"" and ""Village"" were ok to fair.)",1
The Sixth Sense,"Shambolayan can craft a mood, but that's about all. He couldn't plot his way out of a paper bag, and he has no clue how to finish a story.",1
The Sixth Sense,"People are probably going to write abuse files about my comment, but at least read it first. First off I don't really like M. Night Shyamalan's films. They don't scare me at all, i've seen enough horror movies to know when the ""scary"" moments and clichés are coming, and sometimes the characters can be pretty stupid. I saw the Sixth Sense when i was only SEVEN, which was the time i was scared of a lot of stuff. When i went to bed that night, i didn't lose an inch of sleep. How it can be in the top 250, i don't know. The ""twist"" ending was no surprise, i kinda saw it coming. no person can be able to still walk around living after getting shot a million times by a psychotic person. The little boy was seriously annoying. he was always walking around like a ghost, and while it was ""scary"" for some people, to me it looked like he was drunk. some scenes aren't totally original either. while i was watching, i had this feeling in a few scenes, like ""What movie was that from?"" or ""deja vu"". and a few days later i happened to watch ""Tobe Hooper's Poltergeist"" again and realized what i was talking about. that scene where all the cabinets and drawers are opened is a huge, slap-in-the-face reference to Poltergeist. Also the scenes where the rooms get colder when the dead and unholy are near reminds me of another certain film in the Top 250 that exceeds this film by all standards.

BOTTOM LINE: if you're looking for a decent ghost/supernatural being story, see Poltergeist or The Exorcist. If you like Shymalan's films, i can't say i agree with you, but whatever. that's my opinion. 1/10",1
The Sixth Sense,"If this isn't one of the most overrated movies in the world, someone slap me! Horribly billed as one of the most scariest movies ever? I waited the whole movie wondering when this was supposed to take place. By then, the alleged suprise ending had been deciphered by all of us watching this dull film. What were the ""critics"" watching when they critiqued this snoozer?",1
The Sixth Sense,"I saw this when it came out 21 years ago and first 20 minutes where fine. At that point, it turned into a pile of manipulation and convenient scene cuts to block the obvious from it appears many, many people. It's still a good popcorn movie, but it still annoys me to this day at how simpleminded this movie is.",1
The Sixth Sense,"""I see dead people"" is the catch phrase from this boring, excruciatingly slow, and dull ""horror"" movie. I find that quite amusing because after the first hour passed without a glimpse of anything abnormal and the little brat said ""I see dead people"" I thought to myself ""let US see some dead people!""

The ending, which was interesting but came after the movie could have ended appropriately several times, does not compensate for the 2 hours I spent bored and restless in my seat.

How is this movie so well liked? I'll never understand people...they're the worst.",1
The Sixth Sense,"I swear, this movie is the most god-awful creation I have seen since I had to review ""Holy Man"" for my school paper. Osment did a good job though as a small kid having to deal with seeing dead people. When it comes to Bruce Willis, any role that doesn't include a gun, grenade, or explosion is beyond him. I warn you, do not contribute money to this film in any way, shape, or form, as it only encourages more new filmmakers to produce this kind of drivel. If you still feel the need to see this, drive over to your friend's, and do not chip in for the pay-per-view. After you sit through it, I have no doubt you'll even want him to reimburse you for the gas you burned on the way to and from his house.",1
The Sixth Sense,"Best movie ever?

I laugh uncontrollably as i read these words. This movie is average, nothing more, nothing less. The acting is average, the script is average, and the ending is average.

If you want to upgrade the three above comments to unbelievably good, go see the usual suspects. However, people who think this is the best movie ever may not quite follow it, i particularly liked that comment 'I can't say I have seen anything before it to compare, and only one movie sence has met the same expectations by me, the X Men'

Xmen, hey............

*****SPOILER HERE***** The thing that annoyed me most about this movie is that the ending was ripped directly off a book called 'I am the cheese' by Robert Cormier I actually guessed the ending before the movie was 5 minutes in because i had read the book. Shameless hollywood garbage...........",1
The Sixth Sense,"Caution -- contains spoilers

Suspense? What suspense? The twists are so predictable and the plot so thin that it almost seemed that the script was nothing but an outline for a bad episode of the Twilight Zone or The Outer Limits. In the last part of the film I half expected the ghost of Rod Serling to appear and say 'Been there, Done that'. The so-called twist at the end is easy to predict and is something that would happen in a script written by fifth graders to scare each other in summer camp. The characters are trite to the point that Mr. Shyamalan should pay royalties to other filmmakers.

A new hyped ?Genius? has been anointed. This movie puzzled me because of the hype around it. The question is how such a sub-standard movie can become such a hit with audiences and critics. Is the quality of the product from the studios so bad that this predictable, hackneyed film can be considered art? Apparently so because most the votes here on IMDB are way above 7.

The acting is a mixed bag of okay to really bad. Mr. Willis can act and has in such films as The Kid, The Fifth Element, and The Story of Us, not to mention Moonlighting but in this film and the other waste of film stock Unbreakable his talent was not needed. I kept wondering during this film if Mr. Willis?s performance was so stiff because he thought he should play dead through the whole film or if perhaps acting with such a bad kid actor as Mr. Osment caused massive boredom. Ms. Williams is pretty but underutilized in this film. Ms. Collette can also act but again she had to act in scenes with Mr. Osment. This kid was really bad in this film with zero charm or screen charisma and even worse in AI. I kept waiting for his charactor to be killed in a really gruesome manner to add some sort of emotional spark to the movie. If Mr. Osment wants to stay in the business perhaps some acting lessons would help but it?s doubtfull.

Rated 1 out of 10. Don't lose 2 hours of your life to this movie.

For real suspense and great acting from everyone try Blood Simple from the Coen brothers. It will really surprise even the most jaded movie fan.",1
The Sixth Sense,"I suppose we should all have an answer when someone asks what the worst/your most hated film is. The Sixth Sense is that film for me. Perhaps it's relevant that I felt more immature than most of my friends who were hooked by it at the time. I actually avoided all spoilers and saw it a year or so later on free-to-air TV when I was about 16. It was marketed as a thriller/horror, but it came across as a boring, depressing drama full of crying to the point that I didn't give it my full attention. I kept the TV on but I stopped caring long before the ending was revealed.

If I'd first seen it as an adult, I might have a slightly different story, but it's too late. The nature of The Sixth Sense means that it only has one chance to be effective and repeat viewings are laughable. When films grow on you and you enjoy little things you didn't discern the first time around, they're the best. So The Sixth Sense truly is the opposite of the best. It's a film where the more you watch it, the more you notice things wrong with it, until that's practically all you can focus on.

It'd be understandable if only bits such as the restaurant scene came across as unnatural. But to me, the most unnatural element is the way Cole's mother treats him. She's surprisingly curt and unmotherlike considering his young age, which only helps to disrupt any suspension of disbelief I had in what I'm seeing. The couple of gross-out/scare moments thrown in are out of place and an insult to horror fans. Such paltry crumbs make me feel that a movie is just scoring marketing points and the real target audience is my wallet or advertising viewership. It's as if they think a sappy drama with a few horror moments resolves to a gritty thriller on average in the audience's mind. I may be mature now, but I still absolutely loathe sappy dramas and these wrongs do a great job of making the film even that much worse.",1
The Sixth Sense,"I find it really hard to believe that one could highly regard this film given its MAJOR inconsistencies. The idea around which the movie is built is original indeed; it takes, however, a lot more attention to detail to avoid turning it into a major disappointment--which is what actually happened in this particular case. Again, it doesn't take an extremely picky attitude and/or personality to spot the huge incoherencies that plague it from almost the very beginning. Just like in the case of ""The Others,"" illustrating the interference between the realms of the living and the dead turns out to be a very hard thing to do as long as one doesn't give up the requirement of a minimal compliance with elementary logic, and an elementary critical spirit.",1
The Sixth Sense,"I just DON'T get it. What on Earth is so ""spectacular"" about this??? It was more of a sedative than anything else! It ended too fast and it felt like there was so much to it missing/unexplained. The PG-13 rating also hurt it alot (obviously it got rated as such because it revolved around, well, a kid!) because it put a stranglehold on what they could/were willing to do with the film. It was obviously scenes were missing from a more detail, R-rated cut. THIS IS THE DIRECTION HORROR MOVIES ARE HEADED IN??? Oh man, first Scream, the I Know What You Did Last Summer, now this??? The genre will NEVER recapture it's glory from the late-70's and early-80's, due in part that nobody is willing to make them in that wonderful, amazing fashion were no holds were barred, no rules were set. Siiiiigh.....",1
The Sixth Sense,I have no idea why this film is liked by so many people. There are two good contributions that of Tak Fujimoto and Haley Joel Osment (who is brilliant). However there are many errors (see goofs) and lots of wasted time on dull American family values trash.,1
The Sixth Sense,"I wish I´d never seen the trailer. Took my boyfriend for a birthday at the cinema. Thought ""OH Here´s a thriller"" and we ended up crying. Point is that I spent 2/3 of the movie wondering why I wasn´t thrilled yet. ;-( I wish to be told in advance when to expect tears. :-)",1
The Sixth Sense,"I was expecting an average/good film, my friends had told me the end was really good, and I was very angry when I realized it was a huge pile of garbage.

The plot is very simple and quite boring, the acting is not particularly good, I was bored for 2 hours, and then the end of the film spoils it all, it did not make any sense to me.

I thought this pseudo intellectual plot twist was extremely moronic, and I'm surprised that so many people like this garbage.

I think that this film is a total waste of time.",1
The Sixth Sense,"The Sixth Sense the film must be talking about is the sense to sniff out a terrible movie, I have that sense. It's hard to believe how big this crap fest has gotten. How many people it has fooled baffles me. I can't believe anyone bought that ending and that there were a bunch of you fruits that actually cried. But I don't blame you, you were hypnotized. Someday you may snap out of it.",1
The Sixth Sense,"I'm sorry, but this has to stop. If the earth-shattering revelation was so well buried that you couldn't guess what was coming up then you didn't see the trailer. Or the first five minutes of the film. Giant waste of time. What were we supposed to be afraid of? All the ghosts didn't help, blessed with the calibre of make-up and costume that would disgrace a straight-to-video slasher flick. Bad, bad, bad, bad, bad. NEWPDQ",1
The Sixth Sense,"I am sure you have heard loads of people recommending you this film, especially because of the surprising end. Well, I couldn't help myself, while watching the film at the cinema, that I have already seen the same film before. I watched a lot of horror and spooky movies, so I realized that THE HAUNTED (1995) had more or less the same story and the same ending. Please watch the original first before you give all the praise to THE SIXTH SENSE. Furthermore, I don't think Bruce Willis is convincing at all as a ""brilliant"" child psychiatrist. The only really good point about this mainstream spooker is Haley Joel Osment. He shows how good child actors, unlike all the Macaulay Culkin's of this world, COULD be. The following film UNBREAKABLE is in my opinion much more tense and thrilling. Rating: 7 out of 10 (if you haven't seen THE HAUNTED) 3 out of 10 (if you have seen THE HAUNTED)",1
The Sixth Sense,"Boring, dull sentimental tripe--sadly it will be immensely popular because of this. An example of Hollywood's ability to take an interestingly dark plot and water it down with a touchy-feely child-pathos vehicle. One can really smell Disney's stinking hand behind this. Once young Cole realizes that he is merely a helper-monkey to the ghosts, he returns to his role in society, becoming popular, and beating out a child actor and schoolmate for the lead in a play. Clumsy and heavy-handed.

The film also contains a surprise ending that may be surprising to some, but seems extremely tacked-on and poorly handled. You can almost see the pitch for this one, ""its like 'Ghost' meets 'Little Man Tate,' with just a little bit of 'Seven's' atmospherics thrown in for color. Sadly, the film's melange does not live up to even one of its parent films (with the exception of maybe the worst moments of 'Ghost').

This film is a testament to the dullness of the American thriller at the moment. The ghosts in the film are about as terrifying as the homeless people you'd see on a trip to New York, the tone of the film is unjustly gloomy, and the plot is so formulaic that, in instances, you can see its chemical symbols peeking through. See this only if you like cheap sentiment, mild fear, and a heartwarming, stomach-turningly sweet ending. Otherwise, see Blair Witch, which is a better example of of the power of horror.",1
The Sixth Sense,I have seen many movies in my day but I must say I have never been more disappointed by a movie in my life. The whole time I watched this movie I was bored out of my mind. The little trick ending could not even save this terrible excuse of a movie. I highly recommend that if you are thinking of seeing this movie forget about and pick up a copy of the much more exciting and thrilling Stir of Echoes. If you have already seen Stir of Echoes then get Little Monsters because The Sixth Sense is pure torture. Bruce Willis does a god awful job and that kid hardly acts at all. I Highly recommend that you skip this abomination and get something worth seeing.,1
The Sixth Sense,What an over-rated movie! I'll never trust Kathie Lee Gifford's taste in movies again. It started out scary with an interesting plot and ended as a big ball of cheesiness. The ending was nauseatingly disappointing.,1
The Sixth Sense,"This isn't such a good film. I think one of the reasons it has achieved such popularity is because critics everywhere decided to write it as being brilliant. Viewers think they should love it, so they agree to. I can remember sitting in a theatre several months ago and being very disappointed in this film. The Blair Witch Project did a lot more for me. Willis does not do all that great of job in it. The kid (his name fails me) does. The script was OK. The directing was actually poor. I won't give away the end, for the two or three people who have yet to see it, but I will say that the director gives it away by the end of the second act. When I went to see it, I knew how it would end with about a half hour left. This disappointed me. The thing was blocked poorly and the camera could have been used more effectively to keep the viewer in the dark. The thing felt like it was shot before it was really fully conceptualized. Also, there were many moments where I found myself wanting the film to be more graphic and frightening than it was. I get the feeling they were aming to get the PG-13 from start to finished. This hurt the film.Not the worst thing I've ever seen, but disappointing non the less.",1
The Sixth Sense,"sucks

bruce ? man he should do die hard or the last boyscout.................. action movies bruce!!!, action

if u wanna see this concept done the right way....go see the others (a perfect 10)

this film doesn't even deserve to get a... 1 (too high for this load of grap!!!)",1
The Sixth Sense,"Even though this movie had plenty of expensive glitter, an excess of on-screen whispering, coupled with an excess of flashbacks, rendered the plot next to impossible to figure out. But then again, maybe that was the producer's point, to get us to return again and again until we have it all sorted out. Therefore, I also give it 1 point.",1
The Sixth Sense,"Warning- this won't be the most intelligent review. Sixth Sense is about as cliche a thriller as can ever be- disturbed kid, hated by others, draws violent pictures in school and has touch with the supernatural. I really don't understand the hype on this one. Couple of quality scary images, but basically just a bunch of psycho-drama. This should have been titled 'The Shining II- Danny moves to Philly and gets therapy just to learn he and the therapist are dead.' Semi-interesting film, though Mr. M. Night is rather overrated.....",1
The Sixth Sense,"Thank you, M. Night, for beginning the trend of PG-13 horror flicks. You know what I mean, the movies that come out every quarter and are gonna be the ""hottest scare fest"" of the season. Of course, It'd be great if we could just leave out the part about this film and it's predecessors choosing to appeal to jumpy amphetamine-laced 13 year old girls that shriek hysterically whenever a loud noise plays on screen. It would be just peachy if the fact that ever since this film, the scare factor of most modern horror films makes Goosebumps look positively horrifying, could be ignored. Unfortunately, it can't. What we have here is a ""modern-horror classic"", and indeed, it has all the makings of one. It brought horror filmaking to a new level, the ""I wonder how many sixth graders will jump when we play that jump sound and something pops up on screen"". It brought the career of rising star ""I see dead people"" to astonishing heights (shudders). It also got studio executive interested in the horror genre again. Too bad the genre become so badly butchered that it's practically unrecognizable.

So, on to the film. The story is about a young boy who can see dead people. It's also about his shrink, who is trying to help the boy get through his ""dillusions"". Of course, as we see right away, the kid really does see dead people, and what follows is the kid wandering around seeing dead people, and the shrink wondering why, until the ""unpredictably and surprising"" twist ending. Ah the twist ending, yet another technique in film that the Sixth Sense transformed from original to cliché. The pacing of the film is repetitive and dull, and the directors laziness when bringing ""scares"" to the screen is appalling.

My score for this film, while abysmal, does not reflect it's production values. The acting, cinematography, and special effects are all top notch. So why such a low score? Well, put simply, this film was responsible for a crumbling away at a fantastic genre; a genre that was called ""horror"" for a reason: it's supposed to be scary.

Enter my feelings on the entire ""PG-13"" genre of horror flicks. The rating limits the possibilities of the filmmaker so much, that fear can never incubate within the viewers mind. It takes disturbing images, characters, mood, and shock, to truly scare most viewers. Simply isolating the ""shock part"", and cutting out the rest may sell a lot of tickets to 13 year olds, but that doesn't convince me that these films are any good.

I understand that, as a filmmaker and fan of the genre itself, I can be a little jaded when it comes to horror. Maybe the reason I thought ""Boogeyman"" sucked was because I'm immune to terror, and that movie really was scary. But for some reason, I doubt that. Good cinema, for me, is about pushing the envelope of human emotion. If it's a romantic comedy, and it's not funny or romantic, it's not a good romantic comedy. And if a horror film is not scary, it defies what the genre is supposed to be. Therefore, as a fan of horror, I am disappointed with this film and the trend of films it started.

In one final note, I would just like to thank Asian cinema for not backing down. Films like Audition and Ju-On continue to push the envelope and create truly terrifying worlds for the viewer. And this is a warning to Sam Raimi. I loved the Evil Dead movies, but if you try to ruin another great Asian film by having it remade, you'll be hearing from me.",1
The Sixth Sense,"Am I the only person in America who knew the ending after the first 10 minutes!!! The ending had about as much surprise as the season finale of ""Becker"".

*SPOILER MAYBE* Bruce Willis plays Mr. Non-emotion who gets blasted by his wacko student, Mr. Under pants, in his apartment. After watching Demi Moore's ex bleed his bed red we get introduced to the ""only reason"" this movie was good, Haley Joel.

What we follow next is the life of captain loon tune as he talks to more ghost than Clinton did interns. Soon we find out the ""Big surprise"" ending which I won't give away cause if you had a brain you'd already knew after ten minutes or less. The ending to The Haunting surprised me more than this load, If you see it watch it for the young man who was screwed by the Oscar pickers-Haley Joel-

My rating--- 1/10 (GO AWAY WHOEVER WROTE THIS)",1
The Sixth Sense,"This movie is awful. The ""surprise ending"" is given away in the first scene of the film. By the end, I was screaming ""Where's the twist? Everyone told me there was a surprise twist at the end! Where is it?

The movie was oddly shot, too talky and the action was lacking. HJO did give a good performance and Bruce Willis was OK, but when you promise fans a movie based upon a twist at the end, you have to deliver. This movie falls completely off of that mark.

People, If you didn't see this ending coming, you weren't paying attention to the first five minutes of the film. This movie was a complete waste of my time.",1
The Sixth Sense,"I found this Bruce Willis suspense quite a letdown as it offers no action and is host to a diabolical music score. Of course, you will say that it is not an action movie  even so, there are no memorable scenes even in the suspense category and the movies dark and moody atmosphere gave me a very negative feeling. All feedback I have heard for this film is Wow, fantastic' but it has yet to make the tiniest impact on myself, be it on the big or small screen. To conclude, The Sixth Sense typifies Bruce Willis' current situation in acting  desperate, boring and unimpressive.",1
The Sixth Sense,"I can not see why people find this movie creepy or even remotely interesting. After 20-30 minutes it's so obvious how this movie will end. I won't ''spoil'' it for those of you who haven't seen it yet, but it's hard to understand almost nobody feels it coming from miles ahead. It's so darn _obvious_!

Well, not to brag, but I have probably seen too much movies. Like with The Blairwitch Project, which is supposed to be scary... Give me a break, please.

Watch ""Una Pura Formalita"" (A Pure Formality) with Roman Polanski and Gerard Depardieu and see what The 6th Sense could have been.

1/10

--Ivo",1
The Sixth Sense,"I wanna start by saying what the heck was the Academy thinking nominating that kid for an award? Poor Michael Caine just got slapped in the face by being put up against that kid. All the kid did was sit in a corner, cry and say 'I see Dead People' and cry some more. And not to mention 'Long Unnecessary Pauses' makes another appearance here. (See Traffic review). And COME ON! The egomaniac director just HAD to make a cameo as a doctor.. for what? NO PLOT addition at all! He just HAD to stick his face in the film. He asks the mother if she beat the kid, when we all KNOW she didn't.. did he think that was a unique plot twist? Ye gods! Ok I will admit the final twist did get me. But really folks.. it's a creampuff of a twist when compared to the Usual Suspects or the japanese film, Audition (1999). I just think the general public is easily amused and everything is more intelligent than them, so they easily say ""wow that was so innovative!""

Watch more movies people! You'll see the sixth sense is ALL hype.",1
The Sixth Sense,"It's one of those movies in which several key characters would have to be stupid, or laughably inattentive, to behave the way they do, and in which the director repeatedly has to cut away from certain scenes and move hastily on, in the hope that we won't notice. Cheap trick. There were a couple of well-executed startles, which are always fun, and the drizzly autumnal atmosphere was just right. Bruce Willis is his usual smirky self. The little boy is very good. The ""surprise"" was figured out in the following order, according to the people involved: my 15-year-old-son (the movie maven in the family), right after the opening sequence; myself, about 15 minutes in; my wife, a couple of scenes before the truth comes out at the end; my 13-year-old daughter, when we explained it to her on the way out to the car.",1
The Sixth Sense,"""Why-o Earth- did almost everyone think this was a great movie?"" ( warning! spoiler)Come on; with the exception of a few good aspects ( the astonishing end and Osment's performance as Cole ), this was actually a bad movie. Not very bad, but bad!

First of all, despite the wonderful plot, which is absolutely convenient to make a very spectacular movie, Shyamalan does not seem to have been able to make use of his ""own"" screenplay very cleverly. Consequently, the movie which could have been much more breathtaking became unreasonably boring; indeed boring almost all the time!! While watching the movie, I became so bored that I wondered whether that was the real ""The Sixth Sense"" people were praising all the time! Moreover, I do not approve of Shyamalan's Oscar nomination for the best director; anyone else would have been a nominee due to that wonderful screenplay!

As for the acting, I liked Osment's worth-seeing performance, which is one of the few good aspects of this movie.Also, Colliette was outstanding as Cole's mother. But that's all OK with the cast; I especially disliked Bruce Willice's performance as Malcolm Crowe. Actually, he must have played more enthusiastically since he was the leading character. Besides, his face did NOT go with the character of Malcolm Crowe. I am sure that anyone else would have played much better than him. For instance, Robin Williams would have been a perfect choice for this role!

Finally,the music was VERY poor; so poor that I had not seen any movie the music of which was poorer than this one! So ask yourself; would you have liked the movie if the end had not been so astonishing? A movie should be charming from the beginning to the end; not in the end, only!!! 4/10",1
The Sixth Sense,"This is the one and only film I will ever rate as 1 star.

And i've seen some shockers, (mega shark vs Giant Octopus doesn't make the bottom 100!) I just don't understand why people love this film.

It's not scary, there are two 'jumps' in the entire film, both of which are ""$£%$£.

the plot? kid sees dead people, obvious dead bloke questions why... thinks a little more.... before telling boy to TALK to the dead peaple... so the boy talks to dead people, and the film ends... oh, and you find out the main bloke is dead... which is meant to be a surprise, although you see him die in the opening scene, and when the kid talks of seeing dead people... who walk about not knowing their dead... the camera ZOOMS into bruce willis' face.

People liking this film makes me question humanity.",1
The Sixth Sense,"Text book bestseller tricks, executed for maximum effect. 80+ years or illiciting emotion put on display. Then, at every turn the viewer feels hollow and realizes there was really no ""there"" there. I can see the marketing group storyboard each scene!

Where is the truth? where is the soul? try a Kurosawa film for that...this is just phony.

and if you want a scary thriller that is honest, try the 1963 version of ""The Haunting""",1
The Sixth Sense,"I'd heard a lot about this movie, so was looking forward to seeing it, especially the supposedly 'amazing' twist. Shortly into it, however I worked out the twist which was so obvious I couldn't believe that was it. The rest of the film lumbered on extremely slowly. The music was completely over the top, it was inappropriate to a lot of the scenes. There seemed to be sub plots which did not fit in with the rest of the movie. All in all, quite a painful viewing experience. I seriously do not understand what all the fuss about this movie was, maybe I missed something but I doubt it.",1
The Sixth Sense,"God was this movie bad. I was so bored through out the first hour, I decided to read the ingredients of the packedge of chips my friend sneaked into the theater. I got up midway through, just to keep myself awake. Haley Joe whatever his last name is, is a dead choice winner for worst child actor of the last ten years. His cheesy, weak line delivery was unbearable, as the directors felt that through a quite kid in the mix, and everyone will overlook everything else. Where Stir of Echos gave your characters to root for, against, and others who you actually got concerned about, the Sixth sense gave us empty throw away people whom we really could care less if they died, lived, or anything else. Bruce Willis, who has smartly rebounded since with Sin City and Hostage, seemed that he was hell bent on making a movie bad enough to make everyone forget about the Ishtar of the 90's Armageddon. The film was badly done, from storyline (a mention of the plot holes would generally take up an entire page on the IMDb site), to a false twist ending. You want to know how the story ends. I'll save you the trouble. Go to a music store, and look at the title of the last track on the film's soundtrack. They give away the ending right THERE!!!! M.Night himself rebounded with Signs, but this will forever remain his worth effort, even if he makes Child's Play 7. To paraphrase Comic Book Guy from the Simpsons: Worst movie ever. negative 20 out of 10.",1
The Sixth Sense,"Was ""The Sixth Sense"" only 107 minutes long? It seemed to take 3 hours for this slow, BOOORRING, painful to watch movie to finally come to it's most unremarkable climax. I have seen all the award nominations and read many of the reviews, and I can only conclude that a great many people must have had their brains eaten by aliens during an invasion that I somehow missed. I won't give away any plot spoilers, but suffice it to say that the film professed to be a horror/drama, but actually succeeded in being a horrible drama. I am only rarely this hard on a film, but this overrated ""epic wannabe"" deserves it.",1
The Sixth Sense,"Yup, I'm 'that guy', I hated it.

5 minutes in I was aaaaaalmost convinced Bruce Willis was dead and didn't know it.

100% confirmed at their 'dinner' scene.

I get dumped on over and over for it, but this was the first Shamalamadingdong, and set the stage for all the others.

It almost shouldn't be spoilers at all, it's like he thinks he's playing a game, pulling a trick on us.

Same went for Inception and Shutter Island, can't stand either, completely transparent and sad that you can see the meat of the film in the trailer.

But this should finally hit my character minimum imposed by the site so I can post!",2
The Sixth Sense,"I saw this movie only because of the trailer, the dead female cyclist. Like the grisly accident from the original Faces of Death where a female cyclist was run over by a semi tractor trailer. That woman's brains was all over the tarmac but in this movie, the victim looks like nothing happened.",2
The Sixth Sense,"I just lost 2 hours of my life watching this slow never ending movie. Nothing about it makes sense. You spend the first hour finally discovering that the kid sees ghosts, and then the next hours trying to understand the first hour. There is nothing about this movie that's interesting or exciting. I kept waiting for something to happen, and when it did, nothing about it made sense, so we're back to square one. How this movie got such high ratings I dont know. Did they see the same movie I did? OK, the plot starts off that the kid has a secret. Let's now find out what that is. OK now we finally know. NOW what? Where do we go from here? I'll tell you where... NOwhere! The movie ends and you wonder, what the hell was that all about? Some people seem to get it, but I sure dont.",2
The Sixth Sense,This not scary. The story line is awful. It only scars people who are easy to scary. It is not an 8.1. That is just hype. I give this movie 2 out 10. I never thought ghost stories could be boring till I saw this movie. Do not see this movie. It has good actors. And it was a waste of there time. Do not waste your time. And do not waste your money. Do not see this awful movie. It very boring. If you want to get scared see The Exorcist. Or see The Exorcist II. Do not see this movie. If you like ghost stories that are boring and all about having a twist ending then you might like this movie. And if you got scared of the movie. Do not see Ghoulies. That is not a very scary movie. But it is still scarier then this. If you want to see something really scary see The Exorcist III of Ghoulies II. Do not see movie. It one of the most boring horror movie of all time.,2
The Sixth Sense,"Didn't I see this on Twilight Zone? At least once? This movie moves very slowly and a lot of the dialogue is muffled or otherwise hard to understand which I guess is supposed to add to the atmosphere, but boy I kept wishing Freddy Kreuger would show up & goose up the action a little. I'm not sure it all held together, but obviously on some level it worked because it was fantastically popular, but I dunno....somehow I think the huge popularity of something as one-dimensional as this film is the most genuinely frightening thing about it.",2
The Sixth Sense,"*spoiler warning* Without the performance of Osment, this blockbuster would've been lackluster...It's amazing to me that moviegoers loved the ending but considered the ending of ""Jacob's Ladder"" a cop-out. Bruce Joel Rubin, a Buddhist, wrote the screenplay to ""Jacob's Ladder"" to portray the after-death bardo state, but was unable to get it produced, so he wrote a mass-market romantic-comedy version, which won him an Oscar for ""Ghost."" Perhaps a simplistic version is better than none (""What Dreams May Come""). For great bardo films, see ""Mulholland Drive,"" ""Waking Life"" or ""Dead Man."" 4/10",2
The Sixth Sense,"Okay, this movie was crap. Best Picture? Best Director? Best Supporting Actress? This was a gimmicky, non-scary horror flick with a sappy hook ending that paled in comparison to the similar ending of Fight Club. It was cheap entertainment at best that causes me to completely lose respect for the Academy Awards. To totally disregard an innovative, thought-provoking film with some semblance of cultural relevance like Fight Club and then nominate this piece in almost every major category is ridiculous. What does the audience get out of this film besides thinking of ghosts the next time they get goose bumps? The hokey plot was lame, the kid was annoying, Bruce Willis was Bruce Willis, and what was with the classroom scene with the microphone visible at the top of the screen? Granted I went in expecting to hate it, but this film was decent for a horror movie at best and not nearly in the same league as Being John Malkovich, Magnolia, or Fight Club.",2
The Sixth Sense,"First: I went to this film knowing very little about it (I deliberately avoided learning too much and having it spoiled) but--c'mon, guys!--I guessed the so-called surprise ending before the lights went down in the theatre! I questioned my guess once or twice but ten minutes in became sadly certain of where the whole movie was going, and then for two long dull hours endured one cheat-filled scene after another designed to keep the audience in the dark. The writer's maintenance of the 'surprise' left the script so full of holes that it looked like a lace curtain. I thought Osment and Willis did nothing special (except keep straight, sombre faces throughout) but I did love Toni Collette and thought she should not only have won an Oscar but a medal. I gave her an 8 and the film a -6 so that worked out to a 2. A *generous* 2!",2
The Sixth Sense,"I usually enjoy Bruce Willis movies as they are good entertainment,but this movie wasn't going anywhere. In fact it was a drawn out yawn.

The acting talents were wasted on a story that really was tedious,in fact I think it was a greatly overrated movie.",2
The Sixth Sense,"Whew, with the hype that went around this movie, you got the feeling that you miss out on elemental cinematic history if you don't see it. Unfortunately, that's not true.

""The Sixth Sense"" tries hard to be a good psycho-thriller and in fact the idea behind it was good. But as the script was written, someone must have had the idea to put the real big bang in there, something no viewer can guess to happen, the totally total of all story twists there ever were. But, bad luck, the grand idea has to fit into the rest of the script, so you have to modify it and make compromises.

And really, I was disappointed with the end. Not because of it, but because everything else was set up for it. I didn't guess the twist because it was so sneaky, but because it was completely implausible. To clarify that I will try hard not to give anything away, in case you didn't see ""Sixth Sense"" yet, so I will ask only one question, which you'll understand later: how do you get into someones apartment without ringing the doorbell or knocking? There are numerous more points like that but by stating them I would give away the surprise. It's too bad the whole film had to suffer just to get that in.

And then there are horror scenes, not too many, but I guess the writers figured that the movie had to give some more than the general idea and the last big bang. And again, they just serve the purpose and are badly integrated: young Cole, they boy who can see ghosts, later finds out that they want him to help them. I think even a ghost can anticipate that scaring someone to death isn't a good start for getting help.

Probably the best asset of the movie is Haley Joel Osment, who played ""Cole."" Marvelous what this young boy could do with his role. Bruce Willis stays a little unbelievable as a psychologist, but that could be the script as well. So far I yet have to encounter a psychologist who handles therapy that way.

Well, nice idea, nice movie, but nothing overly sensational. Horror movies greatly benefit from taking part in our world and incorporating the horror into it. But then they have to stay true to rules we all are familiar with and to those they need to set up to make us bite our nails. If ""Sixth Sense"" would have mastered both, I'd be yelling ""great one!""",2
The Sixth Sense,"I am sorry, but I gotta say it, this film was not that great. Moreover, the big secret that you get let in on towards the end, is not that big of deal. I will admit, that some scenes are creepy, however the lack of any kind of supporting cast made this film rather average to me. However, the endless publicity that this film got has given it legendary status. However, I think many people have read a lot more in to this film, than was really there. Maybe it is my distaste for Bruce Willis and his other attempts at acting that are swaying me, but I don't think so. Note that I did not say this movie was bad, just not that good.",2
The Sixth Sense,"You couldn't have telegraphed the ending to the Sixth Sense more if you had used a cellphone. I figured out the ""twist"" about ten minutes in, and after that it was just a matter of seeing how the characters reacted to it.

Remember that just because a movie was mega-popular doesn't mean it is good...and this one definitely isn't. A lotta flash and not much substance.

And, I am sorry, but Halley Joel Osment is not the rebirth of Shirley Temple. I don't see much talent differential between him and Macauley Culkin at this age. Or Bruce Willis in this film, for that matter.",2
The Sixth Sense,"This movie surely has its moments. Mainly during the first 30 Minutes. Then it fades into dumbness (why would dead people ask certain kids to do obscure things ??)... not even the strange twist at the end of the movie may save the whole thing from being more than a C-Picture Storyline. You could feel the twist coming right after 30 Minutes and that makes it booooring like hell. Two or three nice shocking effects are not enough to make a good suspense thriller out of nothing. Sorry, but there are way better supernatural thrillers on the shelve.",2
The Sixth Sense,"I really expected something from this movie. It seemed so good. Well, so I rented it and I thought it was so bad! The kid was especially annoying in this. Bruce Willis though did give a great performance. The only thing I liked was the twist ending.

My score: 1.5 out of 5",2
The Sixth Sense,"Perhaps careful editing, or a director who's work didn't so resemble a 30 second commercial..there are lots of things that might have made this movie worthy of an exceptional premise, unfortunately - it just ain't here.

I like Bruce Willis - he can play drama, but here, he's given nothing to do but smirk meaningfully while the plot, drags on and on, getting to the point we all know it's going to get to. I actually appreciate movies that cut out all the standard, ""coming to believe a fantastic tale"", bit. You know the routine - character sees strange things..stranger finally tries to make other character believe strange things..plot creaks along until other character finally be;lives strange things exist. That might have played well the first hundred times it was used, but I'd just as soon get to the meat of the matter and move the damn plot along!

Anyway, several scenes are so obviously staged that I found myself watching the extras in the scene, wondering what the assistant directors had told them to do..For instance, take the scene where Willis is late for dinner in the restaurant...The setting and filming looked so obviously staged that I couldn't pay attention to the leads.

Or - a long shot of Willis and the kid walking up the street, just when an entire little-league team walks across the from of the shot..obvious and clumsy, slice of life touches that distract instead of feeling a natural part of the scene.

But - great ending, serviced by the outline of a great plot that was poorly filled in and poorly directed.",2
The Sixth Sense,"I would place this movie in the ""nondescript"" category. The acting was definitely very good, but I guess my blah reaction is caused by everybody else's reaction to ""that cool ending.""

Come ON, people!!!!

I knew nothing about this movie when I walked into the theatre (except that it was apparently a clever movie), and I was able to figure out the ending within the first half hour. It was that obvious. It seemed to me as if the screenwriters were having such a good chuckle knowing what the ending was going to be that they kept beating you over the head with little inside-joke clues. Frankly, I felt as if I were bleeding from being beaten over the head during the hospital scene and the jewelry store scene. If those two scenes had not been so incredibly overdone, then I would have been a lot more surprised at the end.",2
The Sixth Sense,"Unless you're impressed by Hollywood formula dim lighting, more formula music designed to let you know that something is about to happen, and a plot that makes you wonder if anything did happen, avoid this one.

The only saving grace this film has is some excellent acting that attempts to prop up a story that is so trite that I almost asked for my admission price back.

Come on, Bruce ... you can do better than this.",2
The Sixth Sense,"I have been reading others' comments about this film and cannot believe they saw the same movie I did. This is the worst movie I have seen in my entire life. It has a plot that clatters and bumps along. The characters are poorly developed. Scenes are added for seemingly no reason and left unexplained. Bruce Willis character apparently is a complete moron. The utter lack of basic screenwriting ability of this film's author is astonishing. This movie is not worth seeing at the cinema or renting on video. If you do have the misfortune to see The Sixth Sense you will be wishing for the two hours of your life you wasted viewing it back. As for the ending, it stinks too. It is contrived and trite.",2
The Sixth Sense,"I'm baffled by the popularity of this film -- it is excruciatingly slow, only halfway through it do we find out anything of interest (that the boy can see ghosts), the plot of the movie starts flat and stays flat throughout (the final twist at the end excepted, but that, in my mind, does not save the two hours of drudgery), and the characters seem uniformly one-dimensional. The little boy talks more like an adolescent that he could not be (his performance is good; it's the writing that's not believable), and throughout I felt instead of touched, emotionally manipulated (here's the music for you to feel moved, never mind that the dialogue and the situation is thoroughly cheesy). The story means well, but it feels like the screenwriter's bad first draft -- it needed substantial polishing. If you decide to see this film, know that you're in for a fake, manufactured experience without satisfactory plot development or resolution.",2
The Sixth Sense,"This movie was one of the worst I have seen this year.

It was so boring I'm stunned why so many people like it & told me it was fantastic. Although the acting itself was very good, the best bits were in the preview. Ending was interesting but not enough to save it. I probably would have guessed it had I not been braindead from the boredom.",2
The Sixth Sense,"After seeing the previews of ""The Sixth Sense"", I was itching to see it. The idea was great, the story seemed great. However, after sitting through this film (along with 1000 other people in a sold-out theater), I realize that there was one thing missing - interest.

I wish I had $1 for every person that was falling asleep around me. This film is the poster child for boring. Once again, they lured me in with awesome previews, took my $$, and kicked me in the ass. This film makes you feel like you have just been violated.

I DO have to say that the ending was unexpected, and the five minutes that made up the ending was decent. It doesn't, however, make up for a horrible film. What was Bruce Willis thinking when he read this script? I mean, Willis isn't the best actor in Hollywood, but he should have at least had the brains to let someone else suffer through this (well, I mean someone BESIDES the people who saw it ... we suffered the most).

I feel that I need to mention Haley Osment. This child can act. His character could not have been played any better by anyone else. His performance stood out and he should be recognized for being a glimmer of light in such a terrible film.

I implore you .... take the $5 and either rent a good film from BBuster or better yet, flush it down the toilet...because that's where it will go ANYWAY if you spend it on ""The Sixth Sense"". Wait until it hits video and borrow it from a friend when HE rents it.

""Frightening""? ""A Thriller""? ""Edge-of-your-seat""?

Not even close.

If you are easily disappointed, stay away from this film.

RATING: 1 out of 5",2
The Sixth Sense,"I just don't understand why people like M. Night Shyamalan's movies. This is his most acclaimed and simultaneously most typical movie: despite a decent performance from Osment, nothing actually happens. There is virtually no dialogue, and despite the claims of reviewers, little if any suspense. If you have enough time and money to rent this movie, it would be more entertaining to light the money on fire and try not to burn down your house. Seriously, just don't waste your time on anything by this director.",2
The Sixth Sense,"Since I'm sure anyone who hasn't seen the film yet (and hasn't had it spoiled for them) has already been subjected to numerous accolades for Director M. Night Shyamalan, I'll get right to the point of my review: no, Sixth Sense is not a good movie. It is a mass of poorly-joined, generally pointless fluff, punctuated by a hilariously-contrived and completely predictable ""twist."" This is unfortunate, because due to the weakness of the material surrounding it, the entire production sinks or swims on the strength of that one plot twist.

Ergo, A. If you figure it out before it happens, B. If somebody spoils it for you, or C. You're not surprised by anything in movies, then the film is absolutely worthless.

Shyamalan does get bonus points for creating a creepy-as-hell atmosphere--but creepy atmosphere doesn't make a good movie. The Sixth Sense lacks quality character development, decent performances (Bruce Willis is flat, as is Haley Joel Osment), and a plot that is involving, or at least coherent. In place of these key factors is merely a series of unrelated events, each of which inevitably--and predictably--ends in a telegraphed ""boo!"" moment, complete with an atonal stab of music and a jumpy edit. Fine for the Scream crowd, but I look for a little more intelligence in my horror movies.",2
The Sixth Sense,"it does not surprise me that most people like this movie so much. it is often well-acted, has a well concealed plot twist, and many, albeit canned, touching and startling moments.

unfortunately it just isn't very smart.

one can imagine the writer(s) asking this question, ""what if some people with apparent psychological maladies really have insight into another world?"" wouldn't that be nice. unfortunately this is not the world i am familiar with. in my world death and grief, the cruelty of human beings and the bonds of love, these things are mysterious. it is not that my imagination of the variety of 'what ifs' is pedestrian. it is that i have a wild imagination and am still wracked by uncertainty.

this film glosses over the fundamental human theme of this uncertainty and instead assumes a fantasy world of magic and ghosts and purposefulness to every event. by showing us the ghosts, not only are we assaulted with cheap special effects, but all uncertainty evaporates...the struggle of the boy and the psychiatrist are a foregone conclusion. we are left with just the fantasy world.

and it is not a rich fantasy world. it is mundane. it is commonplace for us to assume that our lives have meaning and that everything in them is somehow, given just the right perspective, understandable to us. this film supports that common assumption. that, i imagine, is why this run of the mill prostitute caked in obvious musical make-up is so attractive to many. it confirms their unquestioned biases.",2
The Sixth Sense,"Porbably I had the advantage that I did not really follow movie chronicles lately, so I didn't know it was supposed to be a movie with a ""twist"".

Therefore I enjoyed the ending... but only for about 10 minutes. Cause in spite of all the clues that are presented in the movie, lots of loose ends remain starting Cole not fearing Bruce Willis...

Oscars? There's a chance for the kid.",2
The Sixth Sense,"His one and only SUCCESS! Nothing special in this movie,other than the fact it's the director NIGHTS best and only one hit wonder! As hard as it is for me to admit,was well made enough to keep me interested,though it soon enough waned!",3
The Sixth Sense,"A child psychologist(Bruce Willis)comes to the aid of a young mother(Toni Collette), that is deeply concerned about her son(Haley Joel Osment). The young boy not only sees dead people, but seems to be able to communicate with them as well. This is a complex thriller. It is well written and gives your imagination a work out.

Young Osment steals the show from Willis. Also in this psychological brain teaser is Donnie Wahlberg, Mischa Barton and Lisa Summerour.

Catch it a second time to see what you thought you saw the first time.",3
The Sixth Sense,"I gave 3 stars for the performance of haley joel osment and toni collette.

The plot is so stupid first how can a person not realizing that no one is talking to him or see him. Plus they should made the couple divorced not much in love so we can accept his wife not talking to him.

Worst clichet is when the wife feels the chill in presence of ghosts opening shot of the movie and when bruce willis steps in and when osment enters the bathroom so why he doesn't feel the chill in the presence of bruce willis.

How did bruce willis knock the door and entered the house of osment when we first see him in his house facing his mother. Lots and lots of stupid stupid clichet and weak sceenplay and dumb directions.",3
The Sixth Sense,"There were so many pleasing things to concentrate on in this film. Let me see if I can recall a few.

First off, that adorable child. What a remarkable job, casting that lead. He was what - only ten or so? Remarkable. And we weren't let down by the rest of the cast either. His mother was just fantastic; I don't think I've empathised with a single mother like that before. Bruce Willis, playing the child psychiatrist, really had his work cut out acting next to her, but boy did he pull it off. He really deserved that award. Good job.

But credit where credit's due, without the top notch script I doubt even this cast could have pulled it off. When seriously original works like this one get green-lit you know that some people still care about bringing depth -- that only an engaging drama/thriller can -- back to our cinemas. I missed the boat on that one, but it certainly did well in my living room.

Dramas can always be measured by the dizzying heights of their joy and the plunging depths of their despair. This rolling masterpiece went so far, so fast, it brought me into a state of spatial disorientation. It will hold you on the edge of your seat until gradually you shuffle back into a comfortable position. Periodically, it will make your hair stand on end until you tug it flat in bunches, wide-eyed with anticipation. There are enough sad moments too, but I won't spoil the surprise.

None of this would have been possible without the groundbreaking soundtrack: it really tied the room together. Whenever I felt the uncertainty of a solitary tear the strength of sorrowful strings would fill our eyes to bursting. Gradually the brass would begin to climb... where was I being taken, how far, did anyone know, were they coming too? A sudden, sharp parp would bring us a foot not only out of our chairs, but our skins too. LOL

Now you've reached my twist ending, where I can reveal that I actually felt the complete opposite of what I've written. The same catatonic slight-handedness you can expect from following this devoid centerline for two hours. Those who saw through my laboured ruse, give yourself a pat on the back and think about how you spoiled absolutely the greatest comment of all time for yourselves.",3
The Sixth Sense,"How did he last so long being ignored by his wife?

Why does nobody get freaked out by the moving chair in the restaurant?

How did he book an appointment with a kid? Did his Mum ring a dead mans phone? Did the kid arrange the appointment? Does he not need to confirm with his guardian he can talk to their kid? How did he get in the house? Did he knock on the door and not get acknowledged by the mother but still decided to walk in? Can he walk through walls? Does he not think it's weird he can walk through walls?

Hmmm.",3
The Sixth Sense,"I'm glad to see that a few users did find this movie completely overrated...

'The Sixth Sense' was uninteresting, and though with reasonable character development, there were some basic flaws that I could not shake while watching this movie (and some later flaws that were pointed out to me that made me realize that this film was the most overrated film of 1999)...

Firstly - about a year had past since the time Willis was killed, and yet, had he never attempted to talk to his wife? What logic was being used when the audience is led to believe that Willis lived with his wife for a year without talking to her? Not only this, but the fact that most likely the first night that Willis, after being killed and him returning to his house, would have realized something was wrong...this fact ruined the movie...

On top of that, other major flaws were made apparent to me (by others) after watching the film - firstly that the dead people were only seen in the areas in which they were killed, raising the question of 'How did Willis manage to walk around town?'...

The second major flaw is that surrounding the fact that the church was a safe-haven for Osment's character - i.e., dead people couldn't enter the church; yet Willis does it on more than one occasion...

I respect Bruce Willis as an actor, but I feel obliged (as I sometimes do) to point out certain aspects of films when they receives unduly recognition - in this case, the film was cast as truly thought-provoking and intelligent...

The ending was indeed different - but that in itself, in my mind at least, was not nearly enough to compensate for the stagnation that was the rest of the film (which was neither thought-provoking as a whole, intelligent, or entertaining)...

I would have given this film [2/10], but since Bruce Willis was in it and did the best he could, I honor his talent...

[3/10]",3
The Sixth Sense,"This movie was God-awful and incredibly predictable. I only gave it a 3 because it was a relatively original idea. It was carried out so badly, however, that I cannot give it a higher rating than that. Great directing and cool cinematics only bring a film so far. If it was all on acting and direction I would give this movie at least an 8. But as for the plot and general movie-feel? Boring and predictable. The least scary horror movie I have ever seen.",3
The Sixth Sense,"""Sixth sense"" is in many ways an extremely beautiful movie and contains some utterly brilliant acting - for example, the initial scene at the Crowes' house made my acting appreciation organ, whichever one that is, turn somersaults. But...

Every fictional story depends to some extent on the suspension of our disbelief in impossible things. A film's ambition at seriousness signals that the suspension required will be relatively small, i.e. that the script attempts to be plausible. ""Sixth sense"" obviously aspires at being a serious psychological drama, so one would expect a rather high level of plausibility.

Whether or not you can accept the basic premise, that souls have individual existence independent of the body (""ghosts"") and that they can influence some living people, depends on your own religious standpoint and fundamental view of the universe, so let us leave that aside. But one unconditional premise in a story that aspires at any kind of plausibility is that all individuals of a certain species are subject to the same basic constraints: e.g. people can't fly, fish can't talk, ghosts can't handle material objects... and if the script writer decides to let an individual go beyond these constraints, the audience is entitled to an explanation.

WARNING - SPOILER AHEAD!

Now, in Sixth sense we find one ghost who can look perfectly ordinary (and even change clothes) while others only show themselves in the state they were in when they died; the same ghost can enter a church, a place where no other ghosts ever show up; he can throw rocks, play audio recordings and take notes, while it's crucial to the story that a ""regular"" ghost can't by herself move a video tape to where it will be found... All this simply because we aren't supposed to know that he's dead!!! And we get no hint of an explanation why this particular individual is Mr. Superghost!

Another serious hole in the fabric of the story is the gimmick of people ""not knowing that they are dead"". These people walk about and perceive their surroundings, but they don't notice that there's been a funeral, that their bank account is gone, that they can't get service in a store, that they themselves have stopped eating etc. etc. etc.???

Bruce Willis is normally a committed, thorough actor who does his homework and delivers the goods. Even his superheroes and inhabitants of the future are primarily people, who we know can get bored, have a headache or need to go to the bathroom. That's what makes them so easy to identify with and their stories so compelling. - Now, in ""Sixth sense"" individual scenes are beautifully acted, with a gripping psychological reality, but the plot holes indicated above effectively prevent the film from making sense as a whole. Simply speaking, Mr Shyamalan and Mr Willis are too involved in visual and psychological artistry to care whether Crowe goes to the bathroom, and if not, why. And, what's worse, they expect us viewers not to notice. To quote a more traditional Willis hero, ""What do you think I am, stupid?!""

Obviously, on an artistic level, Shyamalan and Willis work extremely well together. But, for it to become beautiful music, we must hope for a better score.",3
The Sixth Sense,"Am I the only one who found this movie REALLY predictable? I found it completely obvious that Bruce Willis was dead.. I had heard about a ""Twist Ending"" to the movie.. I figured the twist would be that you find out he's alive... alas, I was wrong.. It was a very mindless and moronic movie. I felt that Stir of Echos with Kevin Bacon was a much better movie in this genre.. It freaked me out MUCH more... All the hype of this movie (Sixth Sense) just depresses me, and makes me realize exactly how stupid the average American is.",3
The Sixth Sense,"I can´t understand why this movie has been so praised. It´s hard to believe that, in the twentieth first century, people yet write and make movies about ghosts and other supernatural things. This interest about stupid movies like Sixth Sense is lamentable. We need more intelligent movies to tempt people to think rationally. Not this small-brained rubbish. The script is a nonsense and despite of what is usually said, I think the end wasn´t so unforeseeable.",3
The Sixth Sense,"SPOILER ALERT

First of all I must admit that most of the movie is quite OK. But this ending .... Well I have to SPOIL, you're warned :

So the guy is dead. And he notices that when he sees his wife crying over his wedding ring or whatever (I can't remember exactly). And that's supposed to be very powerful. In fact we're given clues (no one ever really speks to him, but it's not very obvious so you can't guess). Well, that's just PLAIN STUPID ! How can the guy hang around for month without noticing he's dead ??? - No one speaks to him - How can he open doors ? Does he walk through walls ? - How can he eat ? If he doesn't then he should realize there's something weird, shouldn't he? etc etc etc (See slothfratelli's review, it's more complete !! ) In one word it is impossible. I really felt cheated when I saw this. So, please if you liked the end, check it twice : you've been cheated.

By the way, I read some reviews where the author supposedly guessed everything and found this movie predictable. I wonder how you can predict such an illogical end. Really, I wonder.

Above all, I still don't understand why such a small amount of people noticed the conclusion of this movie was awfully illogical (less than 10% if we admit IMDB reviews are statistically representative).

Considering all this, the 6th sense deserves no more than 4/10.",3
The Sixth Sense,"SPOILER ALERT I cannot believe that this was so highly commended by others. The phrase of Latin which meant *nothing* to the plot, the ineptitude of a man who, after a year of trying to eat or go to the bathroom without avail, discovers that he is a corpse only through a child, are only two of the many silly elements in the plot. A cute kid actor and a committee-written plot certainly seemed to play well with the public, but when you look beneath the hood, there was very little there. Fight Club, for all its own inconsistencies, had much more to say to the soul. This is where the best version of Sixth Sense lies.",3
The Sixth Sense,"This is without a doubt the most overlooked movie of the decade. All the talk, all the excitement, all that buzz. But for what. Just a very simple story, with a very thin line, that has (I have to agree) a truly great twist at the end, which makes you remember it. But having said that: one great twist can't make up for this boring story with very bad acting performances. So let someone tell you the story, fast forward the movie and then watch the end. That way you have a very satisfying ten minutes and you don't have to sit through the rest.",3
The Sixth Sense,"Neither a terrible movie nor a great one. Just one of the many movies that fall in the middle, despite the hype. The supposed ""twist"" at the end is telegraphed early on, and so isn't surprising when it comes, although it is well handled when it finally arrives. While Haley Osment and Bruce Willis are good actors, the dialogue between them is stilted, and the movie drags for a long stretch in the middle. When the situation between them finally gets resolved, it is handled in too perfunctory a fashion given all the time spent leading up to it. A lot of time is spent between Willis and Osment accomplishing little, then one incident is shown leading towards the resolution, and then the situation is resolved, and that's it. 4/10.",3
The Sixth Sense,"I really dont understand why people like this movie so much. Most of the time it was unexciting and bland, and the storyline just seemed to drag on to an implausible ending of confusement. bruce willis was absurd as usual, when is this guy gonna give up trying to act in what could be top-notch thrillers and go back to meaningless action romps? Osmond was okay, you have to give him credit for working with such a 'twilight-zone' script, though I must admit Toni Collete did outshine as the disturbed boys mother.

The simple fact is, for me at least - this movie would have looked better on the small screen as an episode of the X--files or the Twilight-Zone. It just didnt have the strength in characterisation or thrills to make it exciting as a two hour holywood movie. And of course.. like most hollywood entertainment reviewers do..they hyped the movie up and it was applauded by all alike, just beacuse the genre was 'unique' and 'different' from the rest of the crap that hollywood produces.

Though the storyline and genre are certainly unique. And the movie is interesting to watch..it certainly isnt as brilliant as what everyone makes it out to be.",3
The Sixth Sense,"With all of the good commentaries I read about ""TSS"" I expected much more out of the film than I got.

The main problem with the film is its persistent slowness and confusing development. Some of the supernatural the child ""sees"" is given without any explanation, like the ""ghosts"" in the story have no other purpose but to frighten the viewer. The film suffers from a short attention span, jumping from one storyline right to the other with no explanation. The film also focuses too heavily on the score; there is a point where Willis and the boy are sitting in a room by themselves for about a half minute, not saying a word, while the film's music is playing at full forte. Had there been an important plot revelation at the time it would have seemed sensible, but the attitude was more like, ""we spent x number of dollars on this score, so we darn better well use it anywhere we can.""

The ending of the movie is genius (which is why I gave it 3 stars instead of one) but by the time I reached it I was so bored and disappointed that it did not have much of an effect on me. It seemed like the writer dreamed up of a perfect ending to a movie but could not put anything worthwile as filler. If the movie was more like an hour-long ""Amazing Stories"" episode, it would have been perfect; but as is it was a little too drawn out for me.

***/out of ten",3
The Sixth Sense,"I wish people would stop calling this a horror movie... it's an overly-sentimental wishy-washy piece of Hollywood tripe that is way too slow-paced. if you consider this a ""horror"" film, why doesn't ""Ghost"" get a horror classification,",3
The Sixth Sense,"My friends had all told me that the Sixth Sense was an incredible movie.

Some even told me it was better than Blair Witch Project.

So, since I had some free passes to the movies, I took my friend Cathy to see it last night.

The first 100 minutes or so passed at an incredibly boring pace. Nothing much seemed to happen at all.

After being shot by a former patient, child psychologist Bruce Willis decides to help a child who shows the same symptoms that this patient did. At the loss of his family life, he throws himself into helping this boy who can see dead people.

That's the basic premise. Boring, I say.

The movie plods along at a snail's pace, and the lines are tired cliches, ie: Bruce Willis: ""My plan is blah blah blah"". Boy: ""Will it work?"" Bruce: ""I don't know...""

Give me a break! Come up with something original! The idea of seeing dead people is pretty interesting, and they could've done something cool with it, but instead you get 100 minutes of boring film stock and tired cliches for dialogue and plot movement. The filmmakers even employed the standard ""shocking"" music to get you to jump at the slightest ""gross"" thing, things that weren't even scary.

In the final 2 or 3 minutes, the film pulls itself together and comes up with a completely amazing ending that made me not hate the film. It did, however, make me angry for not hating the film, and left me wishing that I had left in the middle of the movie so I could have been left with a feeling of utter disappointment.

In a summer of movies like American Pie, Blair Witch Project, South Park, Eyes Wide Shut, and Austin Powers 2, maybe I just had too high of expectations. Don't waste your money on this crapfest.",3
The Sixth Sense,"I -like many thanks to good promotion - went to the cinema without any idea of ""the oh-so clever ending"" and came out not really caring. I'm not going to critise anyone involved in the film as the direction was exellent and Bruce Willis put in a very good preformance, the kid, whatever his name is, was believable and on the whole the story was well told.

But so what, the script was nothing more than another quirky idea from Hollywood and really didn't drag you into the situation, it was nothing special and the reason it did so well was because it posed as an intelligent film with blockbuster selling points. Add to this the fact that the cinema was more popular than ever this year and people aren't wanting to see ***** in another ""I have more guns than you have"" film and it was bound to be a huge hit, but it didn't really deserve it.",3
The Sixth Sense,"This was the first Shymalan's flick and i have to say that he made a good work creating a dark environment which is essential for a thriller. I guess the end was also a bit unexpected which gave some points on the project. Thats all with the positive side of the film. I'm afraid that the negative overcomes the positive easily. When i first saw this film i thought it was OK. I gave the creator the benefit of the doupth since it was his first movie and all.

This changed rapidly after watching his second movie.You see i didn't like the first one, i didn't liked it at all, but i convinced myself i didn't hate it cause i thought the director, as a first timer, having a low budget to work with he presented at least a honest effort to the public. Later on, after i watched Unbreakable and realized that this was the way that M.N.Shyamalan really wanted to direct i let myself free and expressed my true opinion.

This movie sucked as his second one. The budget of the flick wasn't small(we are talking about 60.000.000 dollars) and the absence of the visual F\X wasn't something of a trick to cover the absence of money in production. The Matrix was shoot with the same amount of money and you can see where the money went. Here nothing really happens. The action is slow, the acting is just tolerable and the script was a bit boring except the very original ending. This is one of the few ghost stories that i've seen with absolutely no visual effects(the others were mostly b-movies and low budget cults which by the way i enjoyed more). I don't want to get into details but i've also noticed some mistakes-gups in the script which, i'm sure, most of the people that have seen this film also noticed. The only thing that's annoying for me is the money that this film gathered at the box office, which were a lot. Watching all of Syamalans films makes me believe that he tricks people to watching them. He selects catchy topics for his movies and then he plays a game. The game is shooting the movies using minimum f\x trying to gather maximum people at the cinemas. I can say that he does this with success but i think that he is already a castaway in the minds of the true Sci-Fi of Horror fans. Don't take me wrong, i'm not into senseless use of CGI effects which can turn a movie in a video game(see Van Helsing) but when the topic is from the world of fantasy the director should add effects and substance creating a unique result.

Anyway i believe that people who haven't already seen the ""Sixth Sense"" should probably do it but i ""sense"" that this will be a one way ride and probably will never watch it again......I sure didn't.",3
The Sixth Sense,"I thought the fact that Bruce Willis was a ghost was pretty glaringly obvious about a half hour into the film.

Am I the only one? This supposedly ""brilliant"" twist was GLARINGLY OBVIOUS. I felt seriously ripped off, and I don not understand the reputation this movie has.

3 stars purely because Haley Joel Osment gave an awesome performance. That's 3 stars for Haley, and Haley alone. Shamalamadingdong gets bupkis.",3
The Sixth Sense,"This film is SLOW.

Much of the first hour is spent repeating similar dialogue over and over. Bruce Willis is far better suited to his roles as a laconic super-hero than a stuffy child psychologist. As for the ""surprise"" ending, I'm afraid I figured it out about forty minutes in, and once you strip that element away, the film has next to nothing.

My advice.....wait for it to come on TV for free, there's no way I'd pay to see it again.

3 out of 10 (at the most)",3
The Sixth Sense,"The problem I, and everybody else in my party, had with this film, was its' apparent inability to decide what exactly it was trying to do. Was this a psychological thriller? Was this a ghost story? Was this a horror film? A scene that featured a young teen with the back of his head blown off as he turns away from the camera seemed to suggest this was a horror/ghost story type of film, but the script verged on more thoughtfullness than that. Pensive performances punctuated this schizo feeling. The film had dangling story lines throughout - but we all admitted, the twist at the end of the movie salvaged it. We saw a sneak preview, and the audience, too, seemed to agree with us. Some fool brought their 7 year old child to the screening, and the kid, seemingly bored out of his mind, started tossing his hat up into the air. Somebody hollared out, ""If your bored, why don't you leave?"" Uh, nobody said he was bored, but it was a good supposition.",3
The Sixth Sense,"The story moved like molasses from the opening title screen on. I was having trouble staying awake for most of it. Little and no musical accompaniment didn't help. There were about 3 'gotchas' when considering the length of the movie, there could have had at least 10. I figured out the 'surprise' ending less then half way through the film. The only bright point was the acting in the kid. A couple of scenes were overacted just a tad, but this little guy is overall a fine actor. The mother did a good job too in a working-class role. I did love the shots of Philadelphia. It was nice to see Bruce Willis without a gun in his hand. I feel he did an adequate job in his role. I think the only reason people are raving about it is because he has had so many macho roles that people had typecast him. I think most people liked it because they didn't foresee the ending. For those of us that did, the movie wasn't nearly as fun. My recommendation is if you have to see it, wait for it on video.",3
The Sixth Sense,"Let me begin by saying that Sixth Sense is not a ""bad"" movie, instead it is an average movie. The whole film was built ground up from the ending, and no film has ever made it so painfully obvious that the ending was written first and then a story was added to make it long enough. Also I have a terrible bit of information to tell everyone, Bruce Willis is really bad at acting like he cares. It didn't work in Armageddon, it doesn't work here, and it's not going to work the next time he's cast as a truly caring man. Though in all honesty if you think about this film in great detail you realize he does not care, and is simply incredibly self-serving. Despite all my personal distaste for this film, it is not one of the worst movies ever made, but it is nothing more than average. The plot is relatively simple, and if you go into the theater actually thinking you'll know how the movie is going to end within half an hour. The only real reason to see this movie is so that you can see if you can figure out the ending before the end of the film. After you've seen this once and seen how it ends, it is incredibly unlikely that the weak plot line will be enough to draw you back for a second time. This movie can be fun as a one-time mind quest to figure out the conclusion, but once you know the ending, this movie really has very little, if anything to offer.",3
The Sixth Sense,"Boring, uninteresting anda stupid ending that ruined that other things which the movie was built on. That´s how the Sixth Sense is. They tried to make it scary, but it wasn´t at all.I almost fell asleep while watching it. And its just the same thing all the time. The little kid see ghost and stuff.....so? Don´t care really.I think they did a bad job on this one. They really tried to make a big twist in the end, and they did. But it just doens´thold that´s all. But it´s not that bad it´s like a 5 pointer....",4
The Sixth Sense,"As I watched this I became increasingly exasperated by its failure to go anywhere, indeed by the impossibility of its going anywhere because of the plot gimmick it saddled itself with. The gimmick is clumsily concealed, requires cheating throughout (some of which the film tries to excuse by making up its own ""rules"" as it goes), and was a bad idea from the outset, making the story ultimately silly. The construction of the script is deformed accordingly.

And it isn't a skillful script: much of the dialogue is awkward, many of the characters' lines and actions are unprepared for and are never followed up on, and almost any moment that works superficially seems false and unfelt, and is usually contradicted by something else later on.

Fortunately, the direction is better than the writing. I recall at least three good moments, all due to performances of supporting players. But the leading actors are all miscast--even the kid--and the visuals are a catalog of borrowings from other, better ghost movies.

More fundamentally, this film goes against a central rule of fantasy: fantasy says openly that what is not so is so, and if the reader or viewer rejects it, so much the worse for him. It doesn't try to con its audience, to put something over on them. And I should say that that is even more true of sentimental fantasy. If it has to trick people into accepting it by impersonating a horror film (and inserting twenty minutes of one into itself so it can be sold that way), it shows scant confidence in the genre it has chosen, matching its scant skill in manipulating the conventions of that genre. Ghost didn't need to pretend to be The Shining.

I like ghost stories and sentimental fantasies; this is an uncomprehending and, in my view, insincere example of both.",4
The Sixth Sense,"Megamiscasting! Hollywood bankers do it again--go for the then box office draw in spite of his/her ability (in this case none). Bruce Willis is on top of a list of people who bluffed themselves by some sheer quirk of luck into the cinema back in the glory days of bad films (80s/90s). If this film had been made in Britain or Europe with actors who can act, it would have been wonderful. Brucie is a 'deez' 'dem' 'doze' guy. He's always in an action film no matter what he does. He can barely read the script. The young boy in the story and his mother are great, but Willis' presence knocks them down every time. He turns what could be a nice scary thriller into comic book stuff. He's especially awful during his scenes where he has to show some emotion. One can only think of the line about early Hepburn, ""Let's go see Katharine Hepburn act the gamut from A to B."" Willis is more like 'A to A minus'. He's terrible when he talks. Imagine Stallone playing a psychiatrist and you get the picture.",4
The Sixth Sense,"No doubt this was a good movie, but it was a slow tug on the audience, with clever scene manipulation, and a shameless play on emotional response at the end. The film left me feeling used. Looking back on the character list, there were few memorable individuals.",4
The Sixth Sense,"i heard so many great things about this movie. are they kidding? i didn't find it scary at all. the overuse of music to set the eerie mood completely gave away any frightening surprises. the kid was endearing at first, but kept the same expression throughout the film. his dialogue wasn't very believable - what kid tells his mom, ""i'm ready to communicate with you now?"" beyond that, the whole film was built around the surprise ending, which was pretty good; but thinking back on the story, there were too many coincidences which neatly fit together to bring about the ending. of course, i didn't even have to think back, because the pertinent scenes were all replayed in the montage. what i thought might be a refreshing film turned out to be another piece of hollywood drivel.",4
The Sixth Sense,"I find aspects of this story well-conceived, but the film has many loose ends which could have been tied together by enhancing the screenplay and the direction. I have a theory about the popularity of this and similar movies: Many people want to know what happens (or what might happen) when life in the human form ends. As a clairvoyant able to see into different dimensions of reality, I have appreciated various screen presentations of non- ordinary reality. The essence of this story aligns with what I can see in other dimensions. But, oh, for more masterful story telling.",4
The Sixth Sense,"I'm sorry, I read a lot of positive comments on this movie, but I don't agree with them. I Think that this film just wants to be the half way between ""Ghost"" and ""The kingdom"" but it doesn't have either the charm of Demi Moore or the deepness of thought of Lars Von Trier. The result is a ""half baked"" film, not good as a comedy, not good as a horror, not good as a psycological film. I apologize with other commenters...but this is my opinion.",4
The Sixth Sense,"Reading all your enthusiastic comments about this film... Knowing that it was one of the big hits of the summer in the USA and the rest of the world... Hearing that common people and movie critics (even Maltin) loved this film...

After all that my expectations about ""The Sixth Sense"" were ""knocking on heaven's door""... and it really hurts to fall from there, my friends!!

""The Sixth Sense"" was, at last, showed in my country this month and I virtually ran to the theater to be one of the first to watch it. I was very careful to avoid reading too much about the plot, because I had heard that there was a ""great"" twist, and I didn't want to ruin the surprise. I've never been so disappointed.

The fatal flaws:

1. The trailer was too explicit: So I think that everybody already knew the Cole's secret (""I see dead people""). Then the scene where the boy tells Willis his ""secret"" (after an hour of boring round and round, without important scenes, with the good doctor trying to find out the ""secret""), is as cold as The Haunting's ""scares"". It's just uneffective and predictable, there's no surprise, actually there's no any feelings or sensations at all.

2. Wwhhyy It's ssssoooo ssllooww ppaacceedd???: I would have appreciated this movie if it had been released last year because I had some problems to sleep. I would have a good time (sleeping) at the movies. There are too many unnecessary scenes and the actors seems to be speaking t-o a f-i-v-e y-e-a-r-'s o-l-d c-h-i-l-d. Without the commercials, and X-Files episode goes by 40 minutes length. There's more substance. And ""The Sixth..."" is a 2 hour feature.

3. The twist: Movies like ""The Crying Game"", ""The Usual Suspects"" or ""Fight Club"", would have been stunning movies even if the screenwriter wouldn't have added their great twists that made them unforgettable films. Why? Well, because the rest of their stories were great. In ""The Sixth Sense"", if you're a middle-skilled watcher, you'll discover the ""famous"" twist after 10 minutes, and it will ruin your experience, because the rest of the movie does nothing else that ""almost scream-it-on-your-face"". The story isn't interesting, because you already know all that could be interesting.

4. The scares / The end: Two scares, one for hour. Happy end. Think in a cross between ""The Shining"" (Great film!) and ""Good Will Hunting"" (not bad). Isn't it like Coke with Corn Flakes?

The Best scare:

What happened you, Donnie Whalberg!!!!????

I rate this one: 1. (It's a shame we can't vote 0) I feel guilty because Osment does a great effort, but the rest of you, voters, have put this film to close-of-the-top, and I think that It has to be placed in the right place (out of the top 100, at least).",4
The Sixth Sense,"I have enjoyed Shyamalan's other efforts, but this movie was horrible. Cow dung. One of the biggest wastes of time I ever experienced, and that includes my environmental science class from high school.

This movie was not only stupid and a waste of Bruce Willis' talent, but it was also insulting to the viewers intelligence. There are holes in the plot large enough to move troops through which are covered up by silly lines and ghosts. This movie is an over produced monstrosity which should be avoided at all costs. If this movie is hailed as a classic after I'm gone from this world, I'll be rolling in my grave.",4
The Sixth Sense,"For those who rank this movie is ""great"" I have to wonder if they've ever seen a truly good mystery/supernatural movie in their lives before. The plot in this work is so uneven as to lose my attention all together. We are supposed to believe many things that simply don't make sense when you add them all up. Good mood piece-yes. Good plot-no. The acting was acceptable. The sets were good. The suspense, not bad. But a screenwriter has to do better than just ""trick"" you. If there's going to be a twist, or lots of twists, fine. But make sure that they make sense. So many movie makers believe that if they can merely put together a piece with lots of twists and turns so the viewer can be fouled, they have succeeded. But it takes more than that. A lot more. Where's Satyajit Ray when you need him?",4
The Sixth Sense,"This was Shyamalan's masterwork, the thing that launched his career, and was sort of ok I guess. If you like that sort of thing. A bit on the nose for my taste, and twist endings should be interesting, surprising or well done for it to work (Usual Suspects being an example of this done well) - not blatant, boring and telegraphed.",4
The Sixth Sense,"But the problem was with the director's choice of inspiration.

M. Night Shyamalan started with what could've been a classic in my book, until i saw the whole package and realized that it was just too familiar. It was in 1999 when I saw the movie with my father and we had gotten into the film from the shocks; Haley Joel Osment is such a talented actor that he truly deserved the Academy Award for the best supporting male role. Bruce Willis did much in this drama as the psychologist trying to help Haley Joel's character, which shows a rather different approach than him killing bad guys as John McClain.

My complaint had to be the infamous ending where when i saw it in theater, I recognized immediately that Shyamlan took the idea of an episode from the Nickelodeon show ""Are you afraid of the Dark?"" called The Tale of the Dream Girl using the same premise. Yet, the director got a nomination for original screenplay that he never mentioned his so called ""Inspiration"" to anybody.

Haley, don't stop acting in dramatic movies; M. Night, don't based your movies on TV plots next time.",4
The Sixth Sense,"The so-called great ""twist"" is very obvious early on and causes the rest of the movie to seem incredibly drawn out and long. There is no real suspense, and other than Toni Collette, the acting is very one-dimensional. The ending really offers no permanent conclusion. This is definitely not one the best movies out there.",4
The Sixth Sense,"The films only real high good point, was that it reminded people that Bruce Willis can actually act, the so called twist at the end was seen coming practacally from the start. On the whole a very disapointing movie that came to close to James Herbert's novel The Survivor.",4
The Sixth Sense,"First, let me say, hitting the spoiler alert for this movie is akin to telling you that Soylent Green is people. Secondly, I didn't read every reader comment, but virtually every comment I read raved about the surprise ending. I'm not a smart guy, I assure you. But, I didn't figure the ending out after the first five minutes. I figured it out with two pieces of information - a kid sees dead people and there is a really surprising ending. Think about it. What could that surprise ending be? Hmmm, maybe that the kid is really dreaming? Oh yeah, that would leave the audience enthralled. Maybe he only saw people who were neurotic and thought they were dying? I like that, but it's a bit too sophisticated for Bruce Willis. Could there be any other surprise ending than that Bruce Willis is dead? What made me want to see the picture was to find out how a dead guy can't figure out he's dead. Did the director do such a masterful job that you couldn't go back and catch on? To answer that question...no, it's painfully obvious that Bruce Willis is dead, right from the moment you see him being ignored by everyone around him. I guess the point is that dead people are as dumb as the audiences who go to see films about them. Even if the movie had done a little better job of hiding the fact that Willis is being totally ignored, common sense would tell you that there would have had to be some interaction as he was recovering from his gunshot wounds. And, where was he during his funeral. Okay, I'll admit, I turned the movie off after about 30 minutes. So maybe these issues were dealt with, but I'm willing to bet that even if they were, they weren't dealt with in a very convincing manner. Anyway, I think the movie stunk, or is that stinked. After all, I ain't too bright myself.",4
The Sixth Sense,"It is hard for me to really comment on this film without talking about its ending (I won't). For about an hour and a half, this is a spectacular movie, well-acted, with excellent script and dialogue, and moving at a good pace. I think it's something of a cross between film noir and thriller, and it has that eerie ""Silence of the Lambs"" feel to it (though much tamer).

This movie lasts one scene too long. I heard someone remark once that some movies ""are great or awful depending on the ending"". The very last scene in this film is absolutely preposterous; instead of wrapping up the story neatly, with maybe a tiny plot hole, the last two or three minutes brought to mind at least 20 or 30 gaping plot holes immediately. I have a friend who told me he could guess the film's ""secret"" thirty minutes in. Things like that usually don't surprise me, but this was so unbelievably, outrageously stupid I had no idea. I felt like screaming at the screen and demanding my hour and a half back based on that scene alone.

The only reason I don't consider this movie among the worst I've ever seen is because it is quite good for awhile. Haley Joel Osment is excellent, and the only good reason to see this movie. Other than that, I can't believe this thing was as popular as it was. The ending left me feeling so cheated, I wanted to break the screen in two.",4
The Sixth Sense,"... then you probably gave this a 10. There's nothing particularly bad about this film and its watchable enough, but it lacks the ""what the hell's going on?"" factor you'll find in other contemporary films such as ""Stir of Echoes,"" though that too has a crappy ending. The kid is good though, but this film doesn't stand up to even the most basic analysis.",4
The Sixth Sense,"Hate to burst all of your bubbles, but Sixth Sense is anything but unique. This movie is a big-time rip off of Jacob's Ladder (1990).

And the fact that everybody was all hyped up about the 'surprise' at the end just goes to show that Hollywood hasn't made a good suspense or horror flick in years.

I had it figured out about half way in what was going on, and once I figured it out, I sat there sulking, ""I've seen this before. This is a rip off.""

It's like the quality of whole movie hinges around the surprise, and without it the movie just becomes a mundane bore fest. But everybody was duped into thinking it was an original masterpiece and started to coo, ""Oooh, aahhh, M. Night Shalalaladingdong"". Look at his lastest. Can anyone say ""Blair Witch Project?'",4
The Sixth Sense,"Beautiful acting, lovely atmosphere but the kind of ""then I woke up"" storyline written by an 11 year old. After being shot we are re-introduced to Bruce Willis's character ""in the fall""..right. And it's not until the end of the film - after all the discussions with the boy - that he realises his wife isn't speaking to him. Mmm. Bit like the 'here it comes' ending to the Village. There's no major benefit building a whole film round the last five minutes and when the audience is lied to then it's even more unforgivable. Very few films build a case for spending 2 hours setting up the punchline - Usual Suspects springs to mind - but Sixth Sense isn't one of them. A cheap trick in a pretty dress.",4
The Sixth Sense,"This is typical big-budget Hollywood fare. Moody characters, moody lighting, moody music. The unrelieved moodiness lets you know that serious things are happening. But it does not set out to depress: in fact, everything looks quite attractive, whether animal, vegetable and mineral. The script aims for a high moral tone and a low intellectual one. A perfect combination to lasso dollars.

I cannot fathom how Willis went from ""Breakfast of Champions"", an outstanding performance of an excellent script, to this mumbling of dialog that does not matter.

Overall, I found it very scary ... that people liked it.",4
The Sixth Sense,"I""m surprised with the other comments here. In fairness this isn't necessarily the type of movie I would usually love. But I didn't even like this. Half way through I thought it was going a little slow, and was hoping it would go somewhere. It didn't. The twist at the end is nothing more than a cheap gimmick, it doesn't take much to throw that in the script, whether you saw it coming or not. The acting is ok, but at the end of the day there's not much depth or substance to this. People don't see dead people, if they did, I could easily imagine just about any other film taking the subject further. I believe to a point it even detracts or mocks a real situation where young children develop mental illnesses.",4
The Sixth Sense,"THIS REVIEW MAY CONTAIN SPOILERS

Let me say at the outset that I watched this movie in 2014 and not in the year it was released. By all means, this movie is past its shelf life and is best avoidable; especially so if you are a regular Hollywood movie watcher. Twenty minutes into the film and I could see the twist at the end of the movie. They show the psychologist being shot at almost point blank range and then the same psychologist is shown moving with a child that can see dead people. To add to this, we see the psychologist being ignored by all, except this child! Does it take anything more for one to guess the twist? But one needs to appreciate that the movie was made in 1999 and definitely this twist would have been a real shocker in those days. Technical aspects of the movie have been very well attended to by the makers and they definitely need to be applauded for this.",4
The Sixth Sense,"After all the praises that says that this movie is god's gift to mankind I can only say one thing- it's boring. The problem is that a fifty minutes ""twilight zone""-story has been stretched to almost two dull hours. The actors was good but they played characters who most of the time had nothing to do except being boring and the guy with the camera did not seem to know what kind of movie he was lensing so he tried everything. It had potential but it did not make it.",4
The Sixth Sense,"I realize this film had many good reviews. That's why I bought it. But it somehow managed to get by me without hooking me in. Its lack of impact had little to do with the acting, which is pretty good all around. Toni Collette is especially noteworthy. And Willis gives what is for him a subdued performance except, I have to say, that when he tries to grin with happiness or gets misty eyed with love, something within me begins to churn. The kid, Osment, is okay. Thank God he's not a cutie-pie.

The direction is deliberate but effective, supported by a semi-somnolent score that throws in a sting from time to time, as when the first ghost appears briefly, to wake the audience up.

The plot, alas, is a mish mash of overly familiar themes. Is it RIGHT to try to cure a kid who seems to know more than we do? (Cf., ""Equus."") Even if the kid is frightened by the ""dead people"" he sees, who sometimes scream at him and scratch him? (Cf., ""The Shining."") How come the kid speaks Latin? (Cf., ""The Exorcist."") Or is this the momentary hallucination of someone who is dying? (Cf., ""Incident at Owl Creek Bridge,"" or ""Point Blank."") Who are these ghosts anyway? Why do they taunt the kid? Why does he see only tortured ones, people who have been hanged, poisoned, killed in car accidents, shot in the belly, or who slashed their wrists? Do they see each other? Do they eat and excrete? They seem to have the power to move objects in their environment. They can steal bumblebee pendants or scratch the kid.

They can, to give a more specific example, shove a box containing an incriminating tape out from under a bed and ask Osment to show the tape to their bereaved father. Well then why can't they themselves give Dad the box? Or leave it where he's bound to find it? If someone has done them dirt why must they use Osment as the middleman? Why not just kick ass?

Oh, and a final question. By the end of the film we know why Osment finally spills the beans to Willis, but why on earth hasn't he told his mother about it a long time ago? ""I'm ready to communicate with you,"" he tells her solemnly when they're trapped in a traffic jam. Well, why now?

There is one way, though, in which the plot is cleverly constructed. In fact, the surprise revelation seems to have been thought of first and the entire movie structured around this anagnorisis. Yes, the story is as full of holes as a slice of Emmenthaler cheese but the whole point is the onion soup beneath. That climactic twist is a big relief in another way. Now we know why nobody wants to talk to Bruce Willis except Osment. And it's not his aftershave lotion.

It's a pretty gloomy picture actually, awfully low key, though the photography of Philadelphia is engaging. Willis and his wife, Olivia Williams, are shown admiring an award he has just won, as the film opens. They're drinking wine and joking about Dr. Seuss, but even then there's no exhilaration on the screen.

However, people seem to have given this film a cornucopia of plaudits so the weakness may be mine rather than the story's. There is no statistically significant difference between women and men in the user ratings -- he said confidently after merely eyeballing the results. I would have predicted a greater appeal for women. Maybe you'll get more out of it than I did.",4
The Sixth Sense,"For anyone who loves films of the caliber of Polanski's ""Rosemary's Baby"", you will be disappointed. It seems like a popular movie judging by the volume of high votes on this site but, it has little to offer as far as psychological ""depth"". This is a film by a young director who does not seem to have the maturity or intense vision other great directors. It is a competent film and watchable but I wouldn't have the slightest inclination to watch it again and, after this, I am not even tempted to view his latest efforts.

See it if you like the average Hollywood blockbuster, but avoid it at all cost if you enjoy great film-making.

4 out of 10",4
