title,comment,rating
The Imitation Game,I choose to write a projekt on this movie about enigma because it sounded inspiring and interesting.... next thing i know i was cryinng myself to sleep bacause of the math this damn enigma had behind it's dechiphering...,1
The Imitation Game,Cumberbatch was a poor choice for the lead in this movie. Couldn't watch more than 15 minutes without wanting to gouge my eyes out. Terrible acting.,1
The Imitation Game,The movie tries hard to create a classy feel but ends up boring the audience to the core. Unnecessarily stretched. I couldn't finish the movie till the end and decided to stop it half way.,1
The Imitation Game,"I was really enjoying this movie until they changed the movie from a courageous story of bravery to glorifying sexuality. This movie has one purpose, to promote the homosexual agenda. I thought I was seeing a real courageous act of humanity, instead I got a propaganda movie the Nazis would be proud of. Please keep your money and skip the wanton propaganda waste of time.

I am sure IMDb will not allow me to post this as free speech is not allowed in this country anymore but I am trying to warn you anyhow to the true nature of this movie.

Homosexuality is a sin and I did not appreciate being tricked into wasting my time watching this movie and I feel duty bound to warn others who might be of like mind.

This is a quote from the bible about homosexuality, it clearly is a sin and should not be glorified. ""Because of this, God gave them over to shameful lusts. Even their women exchanged natural relations for unnatural ones. In the same way the men also abandoned natural relations with women and were inflamed with lust for one another. Men committed indecent acts with other men, and received in themselves the due penalty for their perversion. Furthermore, since they did not think it worthwhile to retain the knowledge of God, he gave them over to a depraved mind, to do what ought not to be done.""",1
The Imitation Game,"Falsified history. Enigma was cracked years before WW2 by Polish mathematicians - in 1932. They cracked several versions of Enigma machine, they created mathematical models, a few versions of Enigma machine prototypes, basing only on encrypted data, and they created tools for decrypting messages. Suddenly Germans and Soviets attacked Poland and the possibility to continue their efforts has been lost, so they decide to get through to Great Britain to continue their efforts, and Alan Turing help them to create more powerful tools for cracking more advanced Enigma codes (brute force approach), but his participation was only partial. It was the great success of: Marian Rejewski, Henryk Zygalski, Jerzy Różycki mostly - not Alan Turing!",1
The Imitation Game,"The Imitation Game is a sad attempt to portray a suicidal homosexual, responsible for the death of thousands as a hero. The homosexual indoctrination was at the ending of the movie, but nowhere in the preview. Keira Knightley's character was well plaid she was perhaps the most intelligent of all the scientists, and a bright delightful woman. The huge mechanical calculator they were developing was a masterpiece of engineering, and would probably still be working today. The audience wants to walk out of the theater feeling good, and there were so many opportunities to create that ending. It's a shame this could have been a really great film. I didn't walk out, but I did ask for a refund.",1
The Imitation Game,Unwatchable due to fake story. Polish mathematicians were the first fo crack enigma. What a shame....great cast.,1
The Imitation Game,"If you want to learn about history or code breaking you'll find little of that nonsense here. Rather, this movie is a stark reminder that one gay guy and a woman won won the entire war and defeated the nazis. This finely crafted piece of wokeness that is not constrained by the draconian practices of truth and facts; some things are just too important for such trivialities. I would have given it more stars if the writers/directors had truly checked their privilege and made room for more POC, I mean come on!!! It's the current year!",1
The Imitation Game,"This movie had potential but it is marred by a historical inaccuracy, a slander, really of such magnitude as to make the movie unwatchable.

The entire espionage/blackmail subplot is a fiction created out of whole cloth. It is unnecessary to telling the story and detracts from far more interesting aspects.

Alan Turing is a historical figure guilty solely of being different. Homosexual and probably autistic. These factors along with his work on enigma and related work are more than enough to making a good story. But no, I assume some brain dead studio exec or bad writer felt a need to turn it into a police drama.

As Turning says in the movie ""People like violence because it makes them feel good."" This is yet another act of violence against Turing.

I feel bad for the actors involved.",1
The Imitation Game,That movie lies about how enigma was really broken. I found it very sad and basically insulting for all people who work on breaking the code.,1
The Imitation Game,"I was expecting a historical movie and then it became all about homosexuality. Neither the trailer or description of the movie showed anything about the agenda of the movie being about homosexuality but essentially that is what this entire movie was about. Also, the way he treated his fiance was horrible, essentially he had lied to her and told her he never cared for her, he was just using her. In the trailer it makes it appear that this a romance movie between him and her, but it wasn't, essentially he was a horrible person to her. And this won an oscar for best writing? How can it depict him as a horrible human being for hurting her so much with no remorse whatsover and then it wins an Oscar? It only received an Oscar because of the homosexual agenda, had it not had anything about homosexuality it would not have won an Oscar I guarantee it. HORRIBLE MOVIE - DON'T WASTE YOUR TIME",1
The Imitation Game,"Movie is filmed nice but Enigma wasn't cracked by British but by Marian Rejewski in 1932. British only improved our ways of decode enigma, based on documents and machines which we gave them. We were not able to continue our work because our country was conquered by nazi Germany. It's sad, that man who really cracked enigma isn't even mentioned in this movie. It's sad that British people calls breaking enigma code ""their victory"". It's such unfair. I know that otherwise it wouldn't be such a great material for Oscar movie, but if we show something to people, we should care about at least about main facts. Yes, you guys helped a lot. But begging was few years before war in Poznan, Poland.",1
The Imitation Game,"It's becoming annoying that movies nowadays are based so much on the artistic part rather than delivering a message and telling a compelling story to the audiences so that after you watch the movie you'll say ""it was worth it!"". This movie is no exception from what I wrote above, here's why:

The Science: In a movie about the invention of the first computer, you have to be scientifically authentic and I mean to use scientific terms or at least try to explain to the audiences what the hell is Enigma? In this movie Enigma is as enigmatic as the tesseract in MCU... The only moment when there's actually a hint of science is the scene between Alan and Joan where Alan tries to explain enigma to her but that scene makes Alan look like an idiot.. I mean a guy who knows so much about decrypting codes should sound like a guy trying to speak on understandable terms even though he might struggle with that due to the fact that he knows so many scientific things... Benedict tries so hard and I appreciate his effort but the writers are to blame here for a lame and hollywoodized script.

The story. I don't know the actual historical facts but the way the characters are presented to us make them unbearable and way too clichéd. I couldn't care less for Alan who's story was just used only to gave the actor playing him a great performance in order to win the Oscar. The scene at the end where he is shown to have hormonal problems is supposed to make us care for him? Why didn't they developed that early in the movie so that his character had a reason for being this way. Remember when biography movies told us from the beginning that the main character had a problem that made us care for him and even start the plot (see King's Speech) , while here the protagonist's problem is thrown in the movie at the end like ""Hey! Here's Alan's problem and you should care for him!"" disgusting... There are tons of examples of great performances within movies that have great story and make you care for the characters and for what happens in the story. Take for example Colin Firth's performance in the King's Speech. That movie actually had a compelling story that made you care for the main character's problem, while here is just a display of Benedict's and Kera's acting. This movie's story has so many clichés, even more than Spider-man 3 I should say and here are some examples: A girl is ridiculously smart and finishes the test so fast it just points to her BING! There's the hot smart girl in this movie. The only way to make her more clichéd I guess was to write a note on her forehead saying ""This is the hot and clever chick in this movie and she'll have a relationship with the main protagonist!"" Anyway moving on... Alan is being bullied like a high school kid for being to clever, this is worse than Tobey's Peter in Spider-man(at least that movie had a compelling story and a fantastic heart to it)... I could go on like this but there's a word limit.

The music: Bland and typical Alexandre Dumas... although his score for Godzilla was way more epic and inspiring than this garbage which by the way gets nominated for Oscar, while the other score doesn't even gets nominated for an Oscar. Surprise? Just another soundtrack made to please the Oscars. There are tons of great soundtracks that didn't get nominated for Oscar and are way better than this sh*t. This just shows that not everything that is nominated for Oscars means is the best there is out there. This movie is again, no exception.

To sum up my review: This is a typically Hollywood ""trying to impress and win Oscars"" movie that has no heart and no clever or intriguing plot. I rated this movie with 1, since it can't be compared with biography masterpieces like The King's Speech for example or Rush. This movie's real rating should be around 6-7 probably more towards 7, but with IMDb's rating system and with all the so called ""critics"" here, this movie's rating inflated to 8.1, which is even higher than The King's Speech.",1
The Imitation Game,"hidden socio-political agenda. Too bad, because I really like Benedict Cumberbatch and Kiera. It was really, really boring and hard to follow. Revisionist historicity (for those with degrees in history). Not really about WWII. Will not inspire a new generation far detached from historical events, but then it really wasn't about the World War, was it? Snore... yawn, just like having to write ten lines of ""review."" Characters are too full of themselves. Maybe the characters played by Cumberbatch and Knightly should have had a nice little traditional romance to have something actually interesting and human happen. Very poor entertainment. Read a good book, instead.",1
The Imitation Game,"OOOPS lie story. In 1939 United Kingdom received copies of ENIGMA MACHINES and all codes from Mariana Rejewskiego, Jerzego Różyckiego i Henryka Zygalskiego, soldiers from POLAND. They broke ENIGMA in 1938, and build copies of ENIGMA machines. So there was nothing to discover, nothing to break. Marian Rejewski, Jerzy Różycki i Henryk Zygalski worked for British SECRET SERVICES for the whole war, helping to fix all ENIGMA MACHINES. Polish soldiers did break every order coming from German ARMY. President Roosevelt and president Churchill in 1943 in Jalta offered POLAND and half of EUROPE as a gift to JOSEF STALIN, since that we could hear so many lies about breaking ENIGMA MACHINE",1
The Imitation Game,Another Weinstein production that is obvious and sad. Pushing the main Hollywood agenda of homosexuality. Sad and practically comical A very demeaning exploitation of the real heroes and suffering in WWII and woe is the lone gay guy losing the battle to the evil empire of the moral world. Save your money. The acting was made trite by the twisted story and the depth was a deep as a sippy cup. Really disappointing but of course will get tons of attention due to the publicity budget from this group. This once again confirms that you can no longer see a big name production without expecting the story to be trivialized and contain the jaded view of the liberal left who is in a ship going down.,1
The Imitation Game,"If you label a film a 'biopic', it should contain something that actually happened. WWII, Turing, enigma were real. Bletchley, and so on, real. The accounts and stories in this movie were all made up. A great man, great story, were defecated upon from a great height. Utter garbage and shame on all of you. This should receive negative stars.",1
The Imitation Game,"This film is supposedly based on the life of Alan Turing (adapted from a biography of his life.) A pioneer in computer science, mathematician and cryptologist. During the war Turing was part of a team involved in breaking the Enigma Code.

The character of Alan Turing tends to pop up in other novels and films usually in the periphery such as the Robert Harris fictional novel Enigma.

The real Alan Turing's story had a tragic ending as he was arrested for homosexuality in the 1950s when it was illegal and he committed suicide.

Over the years pressure have been placed to rehabilitate Turing's name. There is a road in Manchester named after him, his work in the field of computers and code-breaking in World War 2 eventually led to a posthumous pardon.

The Imitation Game cast Benedict Cumberbatch as Alan Turing and right from the early scenes we see our modern day Sherlock playing a genius like he was another Sherlock Holmes. Clever, insufferable, a loner, arrogant.

I thought I would let that slide but the script which won the best adapted screenplay Oscar was I am afraid a ham-fisted clunker. It was determined to make the story uninteresting, dull and blah blah blah predictable.

It is also probably far away from the actual true story. Just when you thought it was getting better it goes back to its default bad mode.

For example when they do crack the code, the team start fighting and arguing and then one of them has a brother who just happens to be on a ship in the Atlantic which might get attacked.

Then there is the communist double agent, but hold on there was a double agent in the fictional novel Enigma. It looks like that was added for dramatic effect.

Then there is the ludicrous scene where the Commander and his cronies forcibly start to attack the code breaking machine having no idea what it does and wants to go back to manual code breaking when we have been already told that would take millions of years to succeed.

It might had helped if it was explained to the audience how the code breaking machine worked.

The real Turing also had a stutter which in this film is portrayed as being very mild. I much prefer Derek Jacobi's interpretation of Turing in the play and film, Breaking the Code where the stutter was more pronounced.

The film is just clichéd rubbish and I was genuinely disappointed as to how poor it was. It got nominated for a Best Picture Oscar which is very much undeserved.",1
The Imitation Game,"I hesitated a long time before watching this film, because I feared disappointment. My fears were realised. Crucial parts of the story are grossly distorted. In particular, the depiction of Turing's colleagues and of his boss, Alastair Denniston, unacceptably, and unnecessarily, traduced them, and Turing himself. Denniston had been a schoolmaster before he became a code-breaker, and understood his people. When recruiting for the forthcoming war, he realised that mathematicians were going to be needed as well as linguists. And there is no evidence whatsoever that Turing's colleagues regarded him with anything other than affection and respect, as evidenced by his nickname of 'the Prof'. As to the 1951 episode, Turing told the police himself that he had been with a young man at the time of the burglary. The truth is dramatic enough, and I cannot understand why the film lacked the confidence to stick closer to the facts. In the end I could not stand it any longer and switched off. I prefer my biopics to stick closer to the bio.",1
The Imitation Game,"So I just saw this film tonight, and I quite enjoyed it. It was interesting and engaging and entertaining and everything you'd want from a movie. I went home quite satisfied, and indeed had my interest in Alan Turing, the main character, piqued. So, when I got home, I did a little online research.

Now, I know that this was a movie, and not a documentary, so I expected that there would be some liberties taken with the story, but hoped they would not be anything too significant. Well, here's what I discovered:

It's ALL bull$hit.

All of it! The events, the characterization of Turing, all of it. It's only true in the absolute broadest outlines of the story. I invite-- no, urge-- each and every one of you to pull up the Wikipedia article on this movie and read the section ""Accuracy"". Then come back and tell me this was a good movie.

My initial liking of this movie has turned to bitter hatred.",1
The Imitation Game,"The Imitation Game had a buzz around it like few other movies. With the culture in Hollywood it is understandable. The acting is first class by all the actors but the movie itself is very good at best, for one simple reason, it is not that entertaining. Halfway into the movie you will realize what the Hollywood buzz was all about. Fitting the Hollywood agenda perfectly, the movie got rave reviews, but the fact is on it's own , the plot is slow, plodding and it turns very preachy at the end. If the heroine was just a plain, old, normal, guy, not only would this movie have gotten no notoriety, it would not have even been made.

The film is listed as a ""thriller"". That is one of the biggest misnomers in history. It is slow and boring. The ending is so preachy, I honestly expected a national anthem of sorts to be played at the film's end. That an agenda filled anthem has not been created is a mystery. Joan Baez, Helen Reddy or The Cure I am sure would have a song worthy of this movie's ending.

Almost half of the people who watch this film will like it. Even the ones who like it though will not watch and re-watch this film, it is not an enjoyable movie like Gone With the Wind or Casablanca, or My Cousin Vinny, where you want to see the film over and over. The other half of the people who watch this movie will wonder , what office do I apply to in order to, ""get these two hours of my life back"".",1
The Imitation Game,"Make fictional characters and tell fictional story. It will be okay then. But when you take real peoples names you should tell real story about them. Otherwise its nothing more than propaganda.

This movie is nothing more then very touching, well acted and well filmed propaganda. Focusing on one person. And lying to the viewer that he single-handedly brake enigma code. The lack of any explanation about how this machine worked is a miss too.

And its a shame because the story itself is so fascinating. Full of real heroes and tragic stories about them.

Watch it for entertaining values only. And if you interested in enigma watch some documentaries on the topic. There's plenty of good ones.",1
The Imitation Game,"I have just one comment. Why is a movie founded on a lie such a huge success and even nominated for an Oscar? Alan Turing was not the first guy to crack the code. He and others at Bletchley Park were merely the smart folks who used Polish groundbreaking cryptography methods to tackle Enigma. Turing is portrayed here as a hero and the success as solely his, all according to the sneaky writers of The Imitation Game. Did they forget to carry out a proper research or was their mission to undermine Polish part a deliberate thing? Brits often forget about their 2WW allies, ascribing all the war effort success to themselves. But hey, even 'bletchleyparkorg', the official website, says ""The Poles broke Enigma in 1932""...In 1939 with the invasion on Poland imminent the Poles reached out to Britons for help and thus Bletchley Park became the centre where cryptographers were unscrambling the code. See ""The Imitation Game' - Success Has Many Fathers..."" a review by Witold Sobkôw

Get your facts straight people.",1
The Imitation Game,"I believe that other users have covered the many faults of this film. The only point I want to make is that if the writers wished to create a period drama set in and after WWII, they did not need to trivialise the immense contribution of one of the true geniuses for the 20th Century. Just choose an imaginary character and concentrate on his sexuality, if that's what you want to do. There is no reason to pretend that the most interesting aspect of Turing's life was that he was gay! We are all sick of Hollywood rewriting history but this film seeks to discredit a great human being.",1
The Imitation Game,"Stupid and not telling the real truth who really brake Enigma machine. English man only can have tea.

The first breakthrough in the battle to crack Nazi Germany's Enigma code was made not in Bletchley Park but in Warsaw. The debt owed by British wartime code breakers to their Polish colleagues was acknowledged this week at a quiet gathering of spy chiefs. On the outskirts of Warsaw, some of the most senior spy bosses from Poland, France and Britain gathered this week in a nondescript but well-guarded building used by the Polish secret services. Their coming together was a way of marking the anniversary of a moment three- quarters of a century earlier when their predecessors held a meeting in Warsaw that played a crucial role in the victory over Hitler in World War Two.",1
The Imitation Game,"Disliking a movie due to historical inaccuracies is one thing. If this is your only issue, the movie in question may be fine as a work of fiction, just not as a record of history. But here's the thing. I don't know anything about Turing's personal life, nor about the details of how encryption played into WW2. And yet, based mostly on having a degree Computer Science, I can immediately tell that this isn't how it works. This isn't how any of this works. It's not that the movie fails to tell the true story; it fails to tell a *plausible* story.

Here's an example. Turing tries to crack the encryption machine Enigma and builds his own machine to do so. Once started, the machine just keeps running until it cracks the code, without providing intermediate results. If this takes too long, all you can do is stop it manually.

But that is just not how it works. No-one does engineering that way. If you write a big piece of code, it's going to have bugs. You have run parts of it and get intermediate results to find the bugs. Even if it's bug-free, there just is no reason not to add something indicating progress. That's not hard to do, and moreover, we see in the movie that Turing didn't know how long his machine would take, so intermediate results would be extremely helpful.

""Alright,"" you say, ""but that's just a detail, and it's not even important to the story."" Fair enough. Here's a more important case. After the team fails to crack Enigma for a while, some random person in a bar mentions that messages encrypted with Enigma often start the same way because people use recurring phrases to open letters. This provides them with a way to restrict the search space, and they crack Enigma on the same day.

Again, this isn't how it works. To elaborate: it certainly is true that knowing things about the plaintext could be extremely helpful, so good job on that. But the fact that no-one in the team figured this out after months of working on the problem is completely asinine. This is basic stuff. Of course the plaintext distribution isn't uniform; messages aren't a random sample of letters, and any capable cryptographer would consider that immediately. This is the kind of the first things you would think about, and I mean that literally. If you made a list of what properties to exploit, that would be one on the top of the list.

I've singled out these two points because they're fairly objective, but they're really just a symptom of a bigger problem, which is that the movie evidently doesn't understand cryptography, computability theory, or even basic engineering -- and as a consequence, Turing is not a plausible depiction of a highly intelligent mathematician. He often says that things are too complicated for others to understand, but when he does talk about technical stuff, it's usually pretty basic, and what's worse, it's often off-topic. The ugly truth here is that neither the Turing Machine nor the Turing Test have much of a connection to cryptograhy. The Turing Machine is theoretical model that is capable to perform arbitrary computations given unlimited time, which makes it useful in formal proofs about what is and isn't computable -- where 'computable' always means 'solvable with definite, explicit rules in a finite number of steps'. However, its runtime is comically awful (it requiers thousands of steps to multiply two 2-digit numbers), so it's utterly useless on any practical problem. It's pretty telling if you watch the scene where Turing is asked about his paper; he doesn't say that the machine is the Turing Machine (presumably because that would just be too blatantly false), but he also doesn't make it clear that it's a different things, so you're sort of left with the impression that the two things are connected. They're not. I don't know what the machine did (the movie doesn't tell me), but I can promise you that it has no meaningful relationship to the Turing Machine. It's honestly just really bizarre that the movie hedges so much on that point.

And the Turing Test? Well, the Turing Test is a philosophical thought experiment about when AI reaches human-level. (It's probably something that Turing got wrong, too, but that's beside the point.) How is that related to cryptography? Unfortunately, not at all. My guess is that the script writer just wanted to have the Turing Test in there because it's the most famous idea associated with Turing, so they just did it even though it really doesn't make sense. It gets away with it by being very vague, so that all you remember is a bunch of buzz words without anything too concrete to be wrong.

On the other hand, the movie doesn't tell you how the Enigma Machine actually works, and that's kind of a shame. I've once had to implement it for my cryptography class as just one exercise on the biweekly exercise sheet -- point being, it's not that complicated. Take three minutes and a nice visualization, and you can explain to normal people what the machine does. Wouldn't that be better than hinting at unrelated topics without ever saying anything concrete? (I notice myself getting more annoyed with this the more I think about it. The only reason not to tell you how Enigma works in a movie about Enigma is that the movie thinks you're too stupid to understand how it works, which is kind of insulting.)

Then, there's Turing's personality. Here is where I'm speculating; maybe he was like this. But I honestly doubt it. A lot of people have this streotype in their heads that the smartest mathematicians are the worst about communicating their insights, but I think the opposite is true in most cases. If you understand a subject unusually well, you're also better at explaining it in simple terms. There are exceptions to this, but given how unreliable this movie is, it seems more likely that Turing was nothing like this and the script just wrote him as the stereotype because that's what lazy writers do. Also, just keep in mind that he's a professor, which means he's working at a University. Teaching basic material is part of his job.

Watching this for the second time made me think about the Queen's Gambit. Both shows (I'll just refer to this movie as a 'show' to have a common name) are about a person with an extreme genius; in one case it's math, in the other it's chess. Furthermore, both shows have pretty positive reception. However, the Queen's Gambit is great both in terms of depicting what a genius is like and in terms of the chess it shows. Here is what it gets wrong: In episode 2, people talk during tournaments, which is not allowed, and (also in episode 2), there is a part where Beth says ""I don't have to move the Queen"", when that makes no sense in the position. (Very likely someone messed up ""Queen"" and ""King"" there, because ""I don't have to move the King"" would have made sense.) As far as I know, that's it. Everything else in the entire show is spot on; the games are all based on real games played by extremely strong players, the commentary all makes sense, and the players can do the things that real chess geniuses can really do, like playing entire games in their heads and playing several games simultaneously.

But here's my point -- looking at the two shows side by side suggests that most people don't notice these things. They don't see the difference between a supposed genius who doesn't build a progress report into his machine on the one hand, and a realistic chess-prodigy on the other. They don't see the difference between a show that would get an A and one that would get an F in terms of technical accuracy. People probably just like the Queen's Gambit for other reasons, and its hidden qualities are incidental. Similarly, people like this movie without realizing that it's all empty talk and no substance. Even the people who give it flag for historical inaccuracies mostly criticize that it *didn't* happen that way, not that it *couldn't have happened* this way because it's just not how any of this works.

So yeah. In conclusion, I'd say this movie sucks and also watch the Queen's Gambit.",2
The Imitation Game,It was too boring movie! I don't like the type of this movies. It doesn't enjoyable,2
The Imitation Game,"Dumb dumb dumb repeated 30 more times over and over. Stop making movies like this. The main actor is bad.

2 stars",2
The Imitation Game,"Yes, Enigma in 2001 was a highly fictionalized movie, while there was a real Alan Turing and yes, The Imitation Game is based on all true life events. But what worked well in old film has not succeeded here in anew one. My opinion - while that old one was a perfect mix of suspense, thriller, drama, war epic, tragedy and romance, here it is a bleak dull shaggy description of some ill and variously challenged man with a good mind. But it all falls flat with a painfully slow delivery, unpersuasive tonality, certain flaws and goofs and a very silly air of pathetic motto: Who, if not us. OK, they did a marvelous job, but some aspects of war were so mundane and boring that they do not deserve a film to show. Do we really need to see a highly unwell man breaking codes or very blatantly Oliver Stone style of interpolation being stolen? No, certainly not. What is also very obvious and painfully poor is that rainbow scheme flag agenda propaganda slyly creeping into a plot, delivering a certain ungodly message. Okay, we can watch this once and quickly dismiss",2
The Imitation Game,This movie takes such horrible liberties with the facts it that it's almost unwatchable. Pretty much a waste of time but for Benedict Cumberbatch's excellent and amusing performance.,2
The Imitation Game,"This movie has little or nothing to do with the title. I would like someone to explain what ""The Imitation Game"" means after seeing the movie. Also, this movie has really nothing to do with Nazi code cracking nor is it a spy movie or thriller. It's really just another Hollywood attempt to push homosexuality and make those who don't accept that lifestyle as being irrational. The movie was way too long, kind of boring after a while and overall a big disappointment. We observed everyone in the theater as they were leaving, looking quite disappointed. The characters are totally unlikeable, especially the lead character; you just can't feel for him or care about his issues. The female lead is likewise unimpressive and they never really develop her role in this story; she just appears on screen once in a while as if she was central to the whole story about Nazi code cracking which has really nothing to do with the story either. It's really rather comical when we stop and think about what we just saw. All I can say is that I was relieved of $28 that I will never get back on a movie I will soon forget and never think about again.",2
The Imitation Game,"I'm a Benedict Cumberbatch fan, and after such positive reviews and nominations/awards for this movie, I was looking forward to it. But I couldn't even get through the whole movie. I had to stop watching after the scene in which they have just broken the code but let a convoy be attacked because they decide its too risky to warn anyone. That certainly wasn't the first significant historical inaccuracy in the movie, but I couldn't bear any more. You can read more about the inaccuracies in other IMDb reviews and by googling ""imitation game inaccuracies.""

What a disservice this film does! The true story is a fantastic one. But the vast majority of people will come away thinking that this dumbed-down version is fact. Uggh!",2
The Imitation Game,"The movie is mostly a work of fiction using real names and distorting actual events. If you believe this movie you'd be left thinking Turing invented the code breaking machine all by himself but he didn't even invent the thing, what he and his team really did was improve on the machine the Polish invented. I know that's an unpopular truth for many in Britain who think they defeated the Nazis by themselves but it's a truth all the same. The personality the writers gave to the character of Alan Turing is not at all like the real Turing and according to the movie he had a very small team of people who were pretty much lost without him, in reality there was a big team of scientists and mathematicians involved in the making of the machine.

If it had been billed as a complete work of fiction instead of a true story it may have some entertainment value but to completely distort a story and call it true is annoying not entertaining.",2
The Imitation Game,I get that you have to make a good story to attract fans but why not just use the actual personality and facts that make the original story compelling rather than make up a complete farce of a person and slap Alan Turing's name on it to drag it through the mud?,2
The Imitation Game,"The film maker really wanted to make a film decrying poor treatment of homosexuals but had to get the good stuff in about the incredible contribution Turing made to the war effort and his brilliant, kooky, iconoclastic mind. But he began with the 1951 investigation into his homosexuality and then drifted back into the war, came back again to the investigation, finally went back to the great war intrigue story of him breaking the Enigma code against all odds, but kept going forward to the darn police investigating his sexuality as if it mattered to the breaking of the code...which it didn't. Finally, before the true code story was finished -- namely how he helped them ingeniously use the information from the code breaking to help the war effort without tipping off the Nazi's that they'd broken the code is simply stated as an afterthought. He had a huge part in that and it was dropped so we had to go back to the police investigation that eventually led to his needless torment and his sad suicide (which also was referenced). Could have been a great movie. Wasn't. Too bad the film makers agenda got in the way of his story telling.",2
The Imitation Game,"If you see this picture without prior knowledge of Alan Turing's life, there is some probability that you might like this (otherwise, I can't explain its high ratings here or its raving reviews), but anyone familiar with the life of this remarkable individual will rightly see this movie as a travesty.

But first let me put forward some good things to say about this movie: there are some fine production values, there is some fine acting here (especially by Benedict Cumberbatch as Turing) and a good, if flashy direction (by Norway's Morten Tildum). But they all struggle against a worthless screenplay. This is the worst screenplay I have ever seen put into a movie (and I have seen hundreds of movies, having reviewed almost 500 in IMDb). Worthy of a pretentious high school student, it is a mixture of ludicrous melodramatics and historical illiteracy.

The movie give us a rough, true outline of Turing's life (brilliant mathematician, computer pioneer, very nerdy personality, helped break Germany's Enigma machine codes during the war, which proved very important in the battle of the Atlantic facing English ships against Germany's submarines, his career crashes dramatically in 1952 when after a burglary in his house police finds he is a homosexual, which was a criminal offense in Britain until 1967, forced by a judge to take hormone therapy in order to avoid prison).

But alongside this true outline a lot of falsities are added. Just to mention a few of these falsehoods, without being exhaustive: 1) the movie never tells that it was the Poles before the War who first constructed a machine that was able to break Enigma. Turing and his team (not just him) did build an upgraded machine that was able to crack an upgraded Enigma, 2) Turing's military superiors - personified here by commander Denniston (Charles Dance) – hate Turing so much that they threaten to fire him, charge him as a spy or destroy his code breaking machine. Turing avoid their threats by appealing directly to Churchill. In reality, Turing did appeal to Churchill successfully for a higher budget for his outfit, but the relationship between him and his immediate superiors was nowhere near as bad as the movie shows, 3) when Turing was arrested after the war for homosexuality, there was never any suspicion by the authorities that he might be a Soviet spy.

In the phoniest scene in the movie, Turing and his coworkers decide not to tell their superiors that they have finally cracked Enigma, since they are afraid that if Germany realizes that the code has been broken, they then will switch it to a harder code. This is made despite the tearful pleadings of one of the code breakers whose brother happens to be in a ship about to be taken down by German submarines. Decisions like this were actually made during the war, but they were taken at the highest military and political level, not by the cryptoanalysts.

In the most ridiculous scene in the movie: Turing realizes that one of his fellow code breakers, named John Cairncross (played by Allen Leech), is a Soviet spy. He discovers this when he see he has a bible with a passage marked that has been used in a message by a mole. Cairncross tells Turing that if he blows his cover, he will tell Turing's superiors that he is homosexual, and Turing gives in to this blackmail. There was actually a Soviet mole named John Cairncross in Bletchley Park, Britain's wartime code breaking facility, but he never worked alongside Turing, and might never have met him.

Turing was a remarkable figure, a scientific genius, a privately tormented person, who also did extremely valuable work during World War II. It is sad that his story is finally brought to screen (after so many decades) through such a terrible movie. The real story of Turing and the decipherment of the Enigma machine can be found in many places, either in books, TV documentaries or in the Internet. I suggest a fine book by Simon Singh called ""The Code Book"".

Also with Keira Knightley, who plays a codebreaker who was for a time engaged to Turing - this was actually true.",2
The Imitation Game,"A tragic true story told as generic, mundane and formulaic as possible. Alan Turing is known as a hero to some, yet here he is portrayed like a robot wearing a Benedict Cumberbatch costume that can shed tears when the screenplay allows for it. A screenplay that follows an out-dated guide on how to make an Academy Award winning film.

For such an amazing story filled with inspiration and sadness, the filmmakers didn't bother to make any other aspect of the film daring, inventive or even slightly original. Almost every part of this production could have passed as a movie-of-the-week on some major television network. Even the soundtrack is bland, it's as black and white as the over-used stock war footage.

A film portraying a story like this, especially it being a true story, should rip the heart out of it's audience, having them leaving the theater disgusted, heart-broken and angry. Instead, what we get here, is a film that rushes through everything, while watering it down, all to fit a family-friendly rating and a run-time of no longer than 2 hours. This leaves the film absolutely ineffective and it's audience indifferent. And that's the worse possible out-come of a film telling such an important, meaningful and provocative true story.",2
The Imitation Game,"I am astonished at the rave reviews this film is getting and depressed at how many people will now go through life with their impression of Alan Turing and code breaking at Bletchley ""informed"" by this film. The plot is drivel. If you take this film at face value you will leave believing that Turing was single-handedly responsible for just about everything at Bletchley including the original idea for the Bombe machine not to mention constructing it on his own in a barn, recruitment of staff, the first breaking of any Enigma traffic, the idea of using known words to crack messages, making strategic decisions about whether or not to save trans-Atlantic convoys and countless other things. Most of the film is just nonsense. There is no way that Turing would have been in a position to decide not to save the convoy (or even know that there was one to save). He wasn't responsible for the idea of using standard text in messages as ways into the Enigma settings (which had been done since before the war). The construction of the Bombe machines was a huge exercise involving a team of technicians and parts supplied by external manufacturers, not Turing wiring it up alone in a barn in his shirt-sleeves. It wasn't actually even his idea; the idea of using a machine was brought to him by Dilly Knox from pre-war ideas worked up by a Polish team. Nor could the machine spit out deciphered messages after a couple of minutes. Turing wasn't in charge either, he didn't come up with ideas of using crosswords to find recruits and he wasn't alone in writing to Churchill; several of them signed the letter. Oh yes, and there were several women code-breakers at Bletchley. The screenplay is also riddled with anachronisms, which just add to the sense of ""Oh this is ridiculous"" throughout the film. No way would a well brought up young lady in the 1940s say ""Oh my God!"" three times in as many minutes. There are too many others to recall or mention. Benedict Cumberbatch and the rest of the cast are excellent in their roles with the material they are given (hence two stars rather than one) but that cannot save what is ultimately a very disappointing film. This is not a biopic of Turing, which is how it is presented, but a nonsensical made up story tacked on to a heavy-handed political point about homosexuality, which we all got without the banner at the end. Two hours I won't get back.",2
The Imitation Game,"I saw this movie, and the acting was great, but the premise was politics as usual. Saying things like, ""even GOD is not in control of what we are about to do"", ""We have the power of life over death"". What a huge step for mankind taken by Mr. Turing who said, ""Why do people like to fight?"" Because it makes them feel good. So what was it that Mr. Turing was doing? He joined the war to fight.

I have prayed for Mr. Turning, and although it is many years later, it still counts to GOD.

He would never have been discovered to be gay if he hadn't fought the war, and although people want to make him a hero of sorts, is there really a hero when it comes to bloodshed? Why do people like to fight? GOD bless you",3
The Imitation Game,"Boring! I saw good critics, but movie is trash. Waste od time",3
The Imitation Game,"Admittedly witty and dense with intelligent dialogue, Imitation Game suffers in that it never takes the time to attentively develop any of its characters. It's too biographical - this is who they are and done. Moreover, try swaying the vote at a birthday party with the literal plot synopsis of a story of a man who builds a computer. That being said, its intention are noble; ""sometimes it is the people who no one imagines anything of who do the things that no one can imagine."" Regardless, during the movie, I couldn't help but blindly prescribe to myself what I recall as a more adequate tale of a brilliant, unique individual a la A Beautiful Mind.

My rubric:

2. You and I, we could make something more engrossing with a million dollars and the length of the runtime. Absolutely dreadful, a total drag - save yourself.

4. Average. Post-mortem of your mildly entertained time, you are unenthused.

6. The threshold for willful re-watching. You get excited when it's brought up casually in conversation.

8. The go-to movies. You've employed yourself to actively advertise someone else's work to share the satisfaction. The obsession extends beyond promotion and into understanding. You exhaust yourself, concerned in the detail and ensuring no one could ever introduce you to an element you haven't explored.

10. A work of art that radically develops one's self comically, emotionally, morally or imaginatively with lasting affect.",3
The Imitation Game,"Not really lol, the overall story i would say weas mediocre it had a good and interesting cast of characters but it failed on the plotline wich i would say was really predictable i know it was a low budget movie but it doesnt justify the fact that it was a bad movie imo anyways overall it was a bad movie that i think it seriously didnt deserved the 87th academy award because seriously it wasnt that good.",3
The Imitation Game,Turing abruptly declared he was a homosexual at his engagement party. It all went down hill after that,3
The Imitation Game,... after learning that half the movie is a lie that wants you to believe its an accurate history lesson. It is fiction in a real historic setting.,3
The Imitation Game,I had to give it a 3 because of its heinous historical misinformation/fabrication - entertainment or not.,3
The Imitation Game,"Yes I joined IMDb just to say - please don't think this film is in any way accurate. Secondly - please don't watch it for fun! The invention of the world's first super computer should not go down like this. I also cringe to think of people discussing the war with what they learned in this film. I don't think it's even a stand alone good romance / historical fiction either. The boiled down plot is very childish, makes little sense as it dawdles emotionally along. Ahem - there was a wee war on? Where's the flight / fight that would be in effect...

***************************SPOILER ALERT******************************

If you want to know anything about the real story please watch the English documentary Codebreakers, containing actual mathematical techniques used in cracking codes.The movie lacks any actual maths or cryptography at all. And the docu also shares more info about Turin and Flower's futures after the war which I found fascinating. I won't spoil that for you! Seriously cool men did all this, not just one guy.

Cumberpatch is one of my fave actors too. Very disappointed he got involved in such a ruination of two of the most important historical stories of the 20th C. It's not often that real life is so much more interesting that a film! The acting is solid, although hugely similar to most of his other stock performances, so no new angle except for his sad eye moments... bit of an eek addition to his portfolio. Victimy without having much charisma. From what I understand in real life, Turin was really quite dapper, they weren't having a popularity contest down at Bletchley park because, ...there was a WAR going on! Being gay / bullied / unpopular not as important as saving your country! Of course IRL he got in trouble after people found out he was gay. It was the 40s. And there was no mention in real life of fully incompetent superiors, this is just thrown in for extra bullying effect I guess!

Also he words that they say in the movie helped them to crack enigma are fully bogus and never appeared in the real transmissions. Not in code. It wasn't even enigma !?! it was a machine Hitler called TULLY. Enigma was broken 10 years prior by the Polish! There were no woman on the crack team of maths heads who of course had no say in what info was later shared. So much unimaginative fantasy. Really could be the most disappointing movie I've ever seen. I quite like Keira also.

NOTE TO CREW: don't go making movies about something super important that the allies can be so proud of and then mix it up with Alice in Wonderland and a 12 year old's expose on bullying please.

Also there is also a heavy touch of... ''straights won't be able to sympathise with gay people unless they've been bullied severely'' in it. Very unnecessary.

Please believe I'm not a continuity geek really, this was just so bad as well as historically inaccurate. I was so looking forwards to it too. I left it playing in the sitting room I walked out before the last 15 minutes, after thinking how stoopid it was that the main (imaginary) woman in the story married a homosexual that had never kissed her, and 6 months later with some kind of straight face managed to look mildly surprised that he was not straight after he confessed to her. It would have made more sense if she had burst out laughing or cried. But no - I guess as an actor she had lost interest in the floundering plot at that point also. I did end up going back to and check what facts they shared with the audience at the end of the movie, just seemed to be the tragic gay only based facts really.

Come on. I mean doesn't it even seem too ridiculous, the story line? A socially awkward mathematician with no military training being allowed to judge what info to share with his immediate superiors? Being made an honorary spy? If Britain had been this crap at intelligence the war would never have been won, honestly. This movie had the chance to put the yanks straight, that the British codebreaking won the war more for the allies than the American input at the end of the war. Hmm... these producers are American...

Please watch Codebreakers the documentary, especially if you have an interest in problem solving. I didn't enjoy having to bring back the word Bogus.

Pros: close ups of the machine (and woolly vests) were interesting. But the starring computer was not called what the movie called it : Christopher (too gay lol), but was really known as Colossus. I think the story of the invention of the world's first super computer / computer deserved a much more valiant effort, what lazy film making.

I will be blacklisting this group of directors / screen writers from my future viewings as I really don't respect how they think, feel, or handle facts. Beware WEINSTEIN BROTHER's PRODUCTIONS! NOT WORTH viewing.",3
The Imitation Game,"How is this movie still at 8.0 after 8 years. Has anyone with half a brain seen it yet. I get it. It's highly rated due to the alternative lifestyle of the main character, and the draconian laws that existed during that period. Fine. His lifestyle choice is of no concern to me.

What I have an issue with is the fact that this was billed as a cryptography thriller. Well, the cryptography is scant, and the ""action"" is watered down for an audience that has a short attention span and zero interest in advanced concepts. I wouldn't call myself a nerd, but I did expect a little more in depth regarding the codes, methods, and trials it took to break them. This is glossed over completely. And then, you get to the biggest travesty....

It takes some drunken banter in a bar from a minor character (who isn't even a mathematician) to solve the problems that plagued the team for years. From the very beginning, I kept yelling at the screen, ""look for repeating patterns! Like weather reports."" And I am no genius mathematician. But this VERY SIMPLE concept seemed to elude the main characters for the better part of the movie, simply to move the plot along.

Groan.

And this won an Oscar? I hope for something like costumes, or score, and not something of any substance.

Very disappointing.",3
The Imitation Game,"As you watch it there are clear scenes in which characters do things that are unbelievable setups for melodrama that take you out of the film. There are numerous scenes where I thought 'well that never happened, that was just added in make the film more poetic' and I was sadly right every time. The actual story is interesting, but this film goes out of the way to make accusations if not outright character assassination of multiple real people. Almost insulting to watch if you do any research into the real story.

Performances are okay but almost entirely what you'd expect, often incredibly inaccurate to the real people.

Production is fine.

Direction mediocre.

Really just wasted a good story.",3
The Imitation Game,"I had high expectations of this film, having already read Graham Moore's fine historical novel ""The Last Days of Darkness"". This was an ambitious, and in my view largely successful, to tell the story of the rivalry between Westinghouse and Edison for the control of the electric power industry. Regrettably, Moore's success as a novelist has not carried across into screen writing. He had first rate raw material: what could be more fascinating than how the British broke the German codes in WW2? And did it with such subtlety that the Germans were never aware of it. Let me be clear that I would not criticise a writer for simplifying events, merging characters or telescoping events. These are necessary to condense messy reality into a drama that can be absorbed in two hours or so. I do have problems when a writer completely mis-characterises the protagonist as a socially dysfunctional victim of autism/Asperger's when Turing in fact was not like that at all. Turing did not get engaged to Joan Ckarke. Hugh Alexander did not threaten to destroy a computer called Christopher with a hammer, not least because the computer was not called Christopher. Commander Denniston was not a prickly martinet. These dramatic fabrications pile up to the point that the film simply loses credibility in the eyes of those with respect for historical authenticity. I am surprised that many reviews have been taken in by the Hollywood sheen and have failed totally to register obviously crass histrionics and stereotyped characters. The acting was top class, the concept was simply amateurish.",3
The Imitation Game,"This movie irritated me so much. The story was interesting, but the action felt forced, the dialogue was both simplistic and overly modern, (""what does that even mean?"") the preachy tone and oversimplified characters failed to convey any of the real issues of the society of the time, and the atmosphere of World War II never felt authentic even once from beginning to end.

Other than that, though, it was a great film. Mr. Cumberbatch certainly does know how to convey the itchy, twitchy mannerisms that are understood to represent genius on the screen. Charles Dance is his irascible best as the cold, humorless, authoritarian naval officer. (Did you really think a modern film for an elite audience could depict a military man in any other way?) Keira Knightley is given the most perfunctory dialogue and still manages to shine, her stunning beauty shining through even though her hair and makeup are done very poorly. (The film's one concession to wartime realism?)

The ugly truth is that the film makers don't really care what this man really did, or what World War II really meant. They just want to force a gay martyr down the audience's throat. They sentimentalize the protagonist in the shallowest way possible. (He was picked on at school! His best friend died! His own mother didn't like him!) And about fifty-six times in the film someone says, ""but homosexuality is ILLEGAL!"" Oh Jesus no!

Sure, it was illegal. But it was going on everywhere, under all kinds of circumstances. Such as, aristocrats forcing themselves on servants and the poor. Older boys forcing themselves on younger boys at elite ""public"" schools. Senior officers forcing themselves on junior officers in the Royal Navy. But that kind of victimization, based on class, doesn't interest the film makers at all.

I wonder why!",3
The Imitation Game,"War movies are supposed to be about a hero who overcomes the enemy by risking his life and maybe even the life of others (which this movie does for the first half.)

The second half of this movie deals mainly with the consequences brought upon the main character because of his sexual orientation.

(Pardon the expression but ""I don't give a rats ass"" about the main characters sexual orientation.)

If you're gonna tell me a story about a gay man don't hide it under the pretension that it is a war movie. (You insult my intelligence!)

Very disappointed!",3
The Imitation Game,To my knowledge he did not invent this machine just thanks to himself. There is nothing mentioned about Polish people who broke the code. this is why he was able to built the machine. Poles did not do it because of not having the money. Very disappointed how it was showed ... As usual Poles are the less important in history.. The movie is OK but the history is not 100% true. The whole story is OK but it is crucial to show how significant role Poles played. Unbelievable how misleading this movie is .Now all people will think it is only thanks to him. Can not even describe my disappointment. Nowadays I believe it should be clearly stated that thanks to Polish and British efforts the Enigma was broken !,3
The Imitation Game,"I really don't understand why ppl are so excited about that movie. Mr. Turing didn't crack the Enigma CODE ! They mention only once ""POLISH"" that they did some sort of poor cracking device machine ? Bunch of lier's. Made Brits hero's. Who don't know history will believe straight away in all that crap which was showed in that movie. The only real thing was the Enigma it self. So read this little past of history proved by facts! German military messages enciphered on the Enigma machine were first broken by the ""Polish Cipher Bureau, beginning in December 1932"" This success was a result of efforts by three Polish cryptologist's, Marian Rejewski, Jerzy Różycki and Henryk Zygalski, working for Polish military intelligence. Rejewski reverse engineered the device, using theoretical mathematics and material supplied by French military intelligence. Subsequently the three mathematicians designed mechanical devices for breaking Enigma ciphers, including the cryptologic bomb. From 1938 onwards, additional complexity was repeatedly added to the Enigma machines, making decryption more difficult and requiring larger numbers of equipment and personnel--more than the Poles could readily produce.

On 25 July 1939, in Warsaw, the Poles initiated French and British military intelligence representatives into their Enigma-decryption techniques and equipment, including Zygalski sheets and the cryptologic bomb, and promised each delegation a Polish-reconstructed Enigma. The demonstration represented a vital basis for the later British continuation and effort. During the war, British cryptologist's decrypted a vast number of messages enciphered on Enigma. The intelligence gleaned from this source, codenamed ""Ultra"" by the British, was a substantial aid to the Allied war effort.

Though Enigma had some cryptographic weaknesses, in practice it was German procedural flaws, operator mistakes, laziness, failure to systematically introduce changes in encipherment procedures, and Allied capture of key tables and hardware that, during the war, enabled Allied cryptologist's to succeed.",3
The Imitation Game,"Why does every dramatic film these days have to reach toward higher motives than buying the stars and executives new Ferraris and more girls (which brought us all the finest works in cinema in the past). Have to save the whales or bring peace on earth or have people sympathize to the problems of the protagonist. We went to a spy movie and a passionless, pointless, doomed to failure, non-love affair between an Aspergerish closeted gay genius and my least favourite caterpillar eyed and continually sighing actress broke out. I know this will get me in trouble, but Tury was not special because he was homosexual and was penalized for this in the last century; as pointed out in big letters at the end of the picture this torture of homosexuals was very common then. And his achievement may well have been due to his Aspergers; but this is not unusual either. Remove all mathematicians in history with Aspergers (which is what we call it now) from society and we'd be living in sheds. His accomplishment was breaking the code, yet the makers of this movie made this REAL saving of the world a side story to support a tale of Tury's personal life. And by doing this they fail the viewers and ultimately fail Tury himself. He surely would have preferred to have been seen as a brilliant mathematician who helped end WW2, rather than a strange, oppressed, tortured homosexual who took his own life.",3
The Imitation Game,"There's no denying this movie is exceedingly well-made: the acting is achingly accomplished, especially Benedict Cumberbatch in the lead; the editing deftly moves the picture along; the cinematography nails the period. So what's wrong? (Some sort-of spoilers ahead.)

When the film ended, I was quite taken--until I realized that no sooner had I left the theatre that I had forgotten all about it. The film so subtly presses all the right buttons--tortured main character whose ailment (likely Asperger's) is never specified but is very current and topical; incredulous supporting characters who are eventually won over; triumph against long odds; tragic coda--that you will only later realize that you've seen this all before. It's called The Hollywood Movie.

There's nothing wrong with Hollywood film, if that is what interests you. Director Morten Tyldum isn't Hollywood, but the writer Graham Moore sure is (10 Things I Hate About You). In any case, the film's tight crafting leaves you no room to breathe. There is no challenge, no visceral engagement, no real interest beyond historicity. At the end, y'all can go home folks and tell your friends what a wonderful film it was, and pat yourself on the back for your discernment is choosing to see such a fine product.

Product? Yes, product -- because this sure ain't a film.",3
The Imitation Game,"Knowing the story of Turing I wondered how they could make a movie about him that wasn't boring.

They certainly tried. To do this they made up a lot of stuff and left a lot of stuff out. Right from the start there are subtle warnings - like when we see video of early war British battleships sounding late war American destroyer sirens.

Too many other reviewers have gone into all the other inaccuracies so I won't list them again here.

No matter how many positive reviews about this movie you read here please note that there is a good chance you will be bored. Secondly, don't believe the fairy tale the script writers have come up with.",3
The Imitation Game,"I was really looking forward to see this movie. As a gay man working with computers all my life, and the director being one of my fellow countrymen, my expectations were high. Unfortunately I left the cinema very disappointed. In my view, Morten Tyldum should not have applied the recipe of a Harry Potter movie to such an exiting historical drama. Or maybe a comparison to the Sherlock Holmes movies by Guy Ritchie would be closer, just without the action. It is difficult to express the immense irritation and frustration the format of this movie created. The cast is excellent, but the director's choice of a fairy tale format is ridiculous. If you are looking for a Disney movie, I guess you would enjoy it though.",3
The Imitation Game,"Can nothing be told vaguely how it happened without having to force feed us with today's politically correct values? The obligatory righteous downtrodden woman physically assaulting a man, being better than all the rest yet being treated like a chimpanzee by all the evil misogynistic men, but of course ultimately being vindicated. FFS sake change the record with this stuff, it got tired a long time ago and it's stinking up so many movies. That and the historical inaccuracies and overacting rendered this laughably bad for me. What a shame - there's a great story to be told here by anyone with sufficient respect for the subject matter, who's not intent on using it as a manifesto for something else. And if there's not enough drama already in this story without all these manufactured incidents and theatricals, then the screenwriter should be banned from writing again. Another great story irreparably shat all over and a chance to educate people about history squandered.",3
The Imitation Game,"I'm sorry to say this (or am I...!) but I think most of the people here who found this movie less than masterpiece have concentrated too much on ""historical inaccuracies"". They can be annoying of course, but in my opinion e.g. ""Mutiny On The Bounty"" (1935) or ""They Died With Their Boots On"" (1941) are the best and most entertaining b/w-movies ever made while what comes to historical facts being almost pure fiction from start to finish.

My problem with this film is the same I have with nearly all British productions (despite a Norwegian director): every dramatic or humorous scene feels too predictable and calculated. How, frinstance, it is possible that these super-geniuses (along with their supervisors) can't understand the importance of keeping their successful code-breaking a secret from the enemy? And as if they wouldn't had discussed about the matter since the day one?

On top of the above mentioned, and while Benedict Cumberbatch acts flawlessly, the main character's totally alienating obscurity and antisocial manners made me utterly uninterested about his endeavours. Not to mention his homosexuality which demolished all the excitement and affection of his relationship with Keira Knightley too. I just didn't care how he's gonna end up a slightest bit, and when this happens it obviously ruins movie experience like nothing else. No matter how 'classy' the film otherwise appears to be.",3
The Imitation Game,"The story was interesting, but it was filmed in such a predictable and conventional way, I just hated it. I already saw ""A Beautiful Mid"". Here at least they had the decency of saying that the guy was gay. Except for that, this movie is as bad, as corny, as predictable. There are the usual same ingredient for a movie about a hero, and about a genius. Nobody understand him, there is the evil handsome coworker, the beautiful girl who is better than everyone else, the evil military general that hates the main character, the drama about a coworker loosing his brother. They packaged a probably very boring story of a man inventing the computer into an epic triumph of evil vs good. The only saving grace was the gay theme.",3
The Imitation Game,"Even before I researched into the true story of Alan Turing and the significant part he played in the war effort I could tell when this movie was straying into fiction. Commander Denniston ordering the destruction of Turing's 'Bombe' decoder machine (renamed Christopher in the movie after Turing's schoolboy friend), Turing getting punched in the face (I don't think so!) and the absurdity of one of the Cryptographers having a Brother on-board one of the ships during the sequence when Turing forbids the team informing the Hierarchy of an imminent U-Boat attack on the British fleet (Please!). Cumberbatch is good as Turing but its not an Oscar winning performance nor is this the best film this year....but then again last years Oscar was won by the dreadful '12 Years A Slave' so anything could happen.",3
The Imitation Game,"Have to agree with the first review (at least when I logged on) that the movie is inaccurate. It's laughable that a half-dozen cryptanalysts handled all the intercepted traffic. Actually, three round-the-clock shifts of 10,000 people worked in Ultra! The secret of Ultra started leaking out in 1967, hardly ""more than half century."" Decryption of German messages was uneven, to say the least. It required carelessness on the part of users; the Luftwaffe was the worst offender. Since Goering managed to control what should have been ground forces, this gave away army secrets as well.

At the movie's end, Turing is summarizing Ultra's contribution. The mention of Ardennes (aka, Battle of the Bulge) makes one wonder what the script writers really know. This was a monumental failure of Allied intelligence. The Axis were now using landlines and Hitler was keeping the operation largely to himself anyway. Ultra's greatest contribution was winning the war against the U-boats if only because this was foundational to all other efforts.",3
The Imitation Game,"The whole movie is a gigantic cliche and it is unbelievable critics are still having a hard-on for these type of movies in the 2010's. Turing's real story was interesting enough, yet they had to change most of it to make it more cliche-dramatic, cliche-feminist, cliche-heroic, and cliche-homosexual friendly (without even showing an actual homosexual kiss). This looks like a beautiful mind all over again. Cumberbatch is the only thing that prevents the movie from totally sinking.",3
The Imitation Game,"It is a mystery to me, puzzle or code, that this film scores an average of 8.

After 55 minutes of trying to give this film a chance, I still dropped out. The story is simple and simply does not get going. There is no tension or sensation at all. It is as if they made the film to show to all ages above 6 years old.

As a true Worldwar 2 fan, I am very disappointed. Maybe my expactations where far to high. But if i'm skipping a movie half way, it's trash 4,4.

Pro's



Cons",4
The Imitation Game,"O it's come to be expected by me (not that that is meant to be an excuse). All that was wanted was a film that made me think, moved me, was well made and well acted. 'The Imitation Game' was all those things and more.",4
The Imitation Game,"Although interesting in parts, director Morten Tyldum fails to focus sufficiently on what is interesting and instead creates a character drama that drags too much and looks like an amateur college production in parts. This is due to an unnecessary dullness and darkness to try and artificially date the locations and visuals.

Benedict Cumberbatch is amazing as always, but his character comes across inconsistently, sometimes overconfident and arrogant, while other times childish. Keira Knightley is an actress I've always struggled to engage with, and again she comes across more annoying than compelling. Charles Dance is the best of the cast, and the absence of his character in the second half is detrimental to the movie.

Overall by focusing almost solely on the main group involved, 'The Imitation Game' fails to create a sense of world building on how these events here mattered to their superiors and to their families. This not only made it hard to stretch the running time, but dampens some of the impact the key scenes create. It's a shame because most of the dialogue is very good.",4
The Imitation Game,"The movie in it self focus a bit too much on the personal life of the guy who was the main man(So to speak,they were a team) behind cracking the enigma code. It also annoyed me that in the middle of the movie,they go back to his childhood and show him being bullied and he's gay(?) friendship with another genius he was friends with. But that was mostly annoying me, cause I hate things getting told in flashback. And I prefer to deal with that here and now in movies. Not going back and forth,between past and present. It also felt as they were really trying to hammer through that terrible acts have been committed against gay people, in the past. That sort of dragged it down a bit cuase than it becomes a movie with and agenda There were also parts that they should have explored or elaborated more. But all in all it was an okay drama movie.A bit too long perhaps,but hardly anything that comes out of Hollywood these days, outside of animation goes below two hours these days",4
The Imitation Game,"The movie tells the story of Alan Turin, the man who broke the enigma code. Performancy wise, the movie is excellent. Every actor seems committed to its role, and that helps the movie. The story itself is a strong one, and although the back and forth are a little tiring, the story line is understandable. Of course the whole breaking the code is not that understandable unfortunately, and the presentation of it isn't helping. For me, analyzing the characters was more entertaining than the actual code breaking. The whole atmosphere of the film is nice, although doesn't really shouts war period easily. And so, I give the imitation game a 4 out of 10, because it could have been presented better.",4
The Imitation Game,It's no cruel intentions 7 but relatively on par with neighbors 4,4
The Imitation Game,"*Minor Spoilers*

There was something about this film that just annoyed me as an audience member. I understand that Benedict Cumberbatch gave an incredible performance and that isn't up for debate, however I felt very patronized while watching it.

Whether it was the scene that introduced Kiera Knightley's character to us where she so 'awkwardly' stumbles late into the test, which produced such half-assed tension because we already knew the top billed actress would get in, or whether it was the way Charles Dance's character was so evil and had no good characteristics about him making him not a character but an annoying obstacle for Turing to fight, I was left thoroughly unsatisfied.

Also, the fact that they support gay rights and women rights is one thing, but the way they shove it down our throats is another. I would like to believe that most of this film's audience already consider's gay and women rights standard and not a nice treat to get.

It seemed like the only characters that were likable at all were only because everyone else was a 1 dimensional force of stereotypical discrimination (And don't bother explaining that in that period it is how people were because people are always 3 dimensional and not just there for the sake of being an opposition).

All in all, Benedict Cumberbatch gave an incredible performance, but in combination with several poorly written characters and scenes as well as the forced and overdone themes of gay and women's rights made this a fairly negative viewing experience.

Very overrated 6/10",4
The Imitation Game,"This movie supposedly tells the story of Alan Turing and the cracking of the Enigma code, which in itself is a fascinating story, but the story tellers did everything that they could to dramatize everything.

Once you realize that much of the way the story is portrayed is not true, then it becomes a very silly movie. What is more, you realize that the portrayals of the characters are also incorrect.

Overall a silly and poorly made movie that only intrigues people because it is supposedly true. The worst part is that it glosses over the real persecution of Turing for his homosexuality, in fact, generally hides that part of his life.",4
The Imitation Game,"The saying 'Fact is Stranger Than Fiction' is very true in the case of this film.

The real life story of Turing, the code breakers, Bletchley Park, is so much much better and interesting, than this film.

Cumberbatch is excellent and generally the acting is good.

However, they missed a golden opportunity to make a genuine classic on a truly amazing story.

I went to see this fully expecting to love this film.

Instead i found it so irritating that I can only give it a 6.5/10.

Yet another in the long list of many recent films, where the makers are so ignorant of recent history, (or so arrogant they don't care).

That they make a film clearly assuming audiences are retarded.

It's not just historical inaccuracies, I can easily forgive 'artistic license' But this film contained so much that was both stupid, totally inaccurate, and unbelievable. It ruined what otherwise could have been a great film on a fantastic real life story.

This was a story that has been told before and much much better (see Derek Jacobi's portrayal of Turing) .

If you have no interest or knowledge of the real events you will like this film.

If you do know some of the real story. You will find the film intensely irritating. Both in content and the opportunity missed to tell a truly amazing story.",4
The Imitation Game,"Like the title says , it was filmed beautifully , everyone was amazing acting wise but the story was soo boring , monotonous , if you ask me one pet of the movie i can even remember i would say "" umm big computer type thing that everyone's obsessed with ?"" maybe i didn't get it , it was boring and dull and i didn't care about anyone . I remember the ending being pretty lacklustre as well , i recall thinking ... so .. it's over ? . if you like historical dramas that are slow and sort of like a british period ie w with its slow tempo and everyone walking around n talking n being polite , then you might like this and since others loved it im sure it had something in there but for me .. no . Waste of my time .",4
The Imitation Game,"It took me a while to get around to watching this one, especially since our Computing Theory lecturer did encourage us to watch it. Well, I finally decided to do so and I have to admit that it was really annoying, and quite painful, to watch. Sure, there is a tragic aspect to Alan Turing's life, especially considering the fact that he was instrumental in helping shorten the war in Europe, but was still condemned because of the fact that he was a homosexual. However, there were aspects of the film that didn't quite sit well with me, and a little research revealed why - namely Turing wasn't borderline autistic, and he didn't get into conflict with a bulk of the people that he was working with. In fact, Turing apparently had a pretty good relationship with Commander Dennison, something that is completely ignored in the film.

A part of me also felt that Turing was treated somewhat unfairly, especially since it wasn't until 2014 that he was pardoned for his crime (posthumously mind you), but I did notice that he did receive an OBE, and that was shortly after the war as well. So, I guess he was commended for his work, though ironically he still doesn't receive the accolades that he deserves, and we have to remind people that the people at Bletchly Park were just as important, if not more important, than the soldiers fighting on the ground, namely because without their work, many, many more would have died.

While the film is predominantly about the work that Turing performed during the war, it does jump to other parts of his life, such as his time in school, and his arrest and eventual death, due to the fact that he was a homosexual in a world that basically shunned them. In a way the film is more about Turing than it is about cracking the enigma code, and the title of the film actually refers to the Turing test, namely a test that is used to determine whether a machine has reached intelligence.

The interesting thing is that the story of computer science really seems to the a story of mathematicians looking for faster ways of solving mathematical problems, though of course in this instance it is basically cracking codes, and of course to try every single combination will no doubt take years, and the problem was that the code changed every 24 hours (and how the Germans knew what the new code was is sort of beyond me, though I suspect it might have something to do with code books). Mind you, Turing isn't my favourite computer scientists, that honour belongs to Ada Lovelace, though that had a lot to do with her being the first computer programmer long before computers even existed, though her concepts were based on Charles Babbage's conceptual design (which wasn't ever built, due to his untimely death).

Yeah, I really wasn't a particularly big fan of this film, only because of the way that Turing was portrayed. In fact, I started questioning it within minutes of the film starting, and of course my research revealed the complete opposite. Sure, movies really don't work all that well without conflict, but portraying Turing as being Autistic when, in reality, he wasn't, just put me off the entire narrative.",4
The Imitation Game,"There is some great acting and some good dialogue and an okay story and that is it. I really didn't feel any emotion for the characters, especially in the flashbacks. Even when Turing is breaking down because of his persecution for his sexuality, even with the excellent acting from Benedict Cumberbatch, I still felt next to no real emotion for the character. You can't just plop down a character, say he's gay, say he's persecuted, and make him cry and expect me to feel for him, no matter how good the acting is. You need to flesh out the character and make the audience connect with him. Same thing goes for the scene where they are forced to let one of the team's brother die. I knew nothing about the character or the fact that he had a brother up to then, and I had no reason to care.

I usually don't care to much about a movies accuracy to reality. If it's a good story and an entertaining movie then who cares if it's accurate? But this movie seriously annoyed me for a few reasons. Turing's character is unbelievably exaggerated and it ultimately hurts the movie. He's shown as a genius asshole who doesn't understand how to act human. This does not make him likable in any way and it does not make the story more interesting. The story itself is very inaccurate as well, skipping some parts, overemphasizing some parts, and straight up inventing other parts. The real story many not be as ""audience friendly"" but it is much more interesting. There was no reason to warp the plot so hard.

At the end of the day, it has flat unlikeable characters, a meh plot, and creates no emotional investment. I am physically incapable of comprehending the fact that this got nominated for best picture, especially with so many other great movies out this year.",4
The Imitation Game,"The first half of this movie is engaging, whereas towards the middle it starts to lost direction & starts to focus on the situation involving his private life. In a way that didn't feel like a smooth transition. The movie kinda left me feeling empty, as I feel that his accomplishments were overshadowed by the situation surrounding his personal life. It started off feeling like an inspirational movie - but ended flat. The ratings are defo skewed by the Cumberbatchers or whatever they call themselves.",4
The Imitation Game,"As a software developer, I was interested in this film because of the computer science aspect, particularly during a time when computing was essentially non-existent. Alas the story was overwhelmingly about his personal struggles with repeated flashbacks to his school days and random shots of Benedict Cumberbatch running really fast.

The actual computer science side was incorrect because Alan Turing did not invent and build the Bombe (the machine with all the rotating things) from scratch by himself as portrayed in the movie. The British bombe was a development from a device that had been designed in Poland, the initial design being from Alan Turing but the engineering design and construction was undertaken by an entirely different company. It was an official project so the scene when the machine had been running for a day and he fights to keep it running is almost certainly fabrication.

While speaking of fabrication, when the machine finally does work in the movie, they happen to decode a really significant message but Alan Turing supposedly decides that they have to keep the news to themselves in order to hide their new capabilities. Not taking action based on every intercept did indeed occur but in real life if he had done that he probably would have been executed for treason! A decision like that resulting in massive loss of life would have been up to the admiralty or the Prime Minister. It simply was not his decision to make.",4
The Imitation Game,"The Imitation Game in my opinion is the worst given the Oscar for best film in 2015 , the direction of Morten Tyldum , and it has an interesting future , since the Norwegian is still young ( he will direct Jennifer Lawrence and Chris Pratt in Passengers ) the cast draws attention , the amazing Benedict Cumberbatch , Keira Knightley , Matthew Good , Mark Strong , and etc. , Benedict Cumberbatch of the performance worth the film, he is excellent as always ( I really want to see him as Doctor Strange ) , the script is good, even with a few missteps , I found the chemistry of Benedict and Keira soft spot , I found the movie with slow pace , and I wanted the film to end as fast as possible , because I really do not like the movie , the Imitation Game is in my opinion weak, even with good performances and a competent script , I found the film slow. Note 4.8",4
The Imitation Game,"Don't get me wrong - it's a decent movie. I'll not regret the money I gave away for tickets but basically that's it. These sorts of things happen when you get greedy.

This a spy-movie most of all... I think. Or is it a biography of great Alan Turing? Or is it more of a character study about socially inadvertent, egocentric genius? As if that would not be enough - director tried to tie in several more serious plot lines with Alan Turing's homosexuality and problematics which it caused at the times. Some feminism - first and only female code breaker at bletchley, hiding as secretary (which was absolute bs, there were several female code breakers at Bletchley.

Then there is this certain war-hero line breaking the ""Enigma""-code in most crucial moment to save the Europe - historically absolutely ridiculous idea. Spine of the world war II was actually broken in Eastern Front, at the battle of Stalingrad, not at Atlantic Ocean.) There is actually another, even bigger stupid fiction about Alan Turing saving the world almost alone - as Enigma code was actually cracked way earlier by a Polish code breaking bureau and handed over to allies. Alan Turing was one of the people, who helped code breaking systems further down the road, but in no means did he broke the Enigma-system.

Maybe its not crucial to be accurate, who actually broke the Enigma-system as this clearly is a fictional piece of entertainment so why not just give this movie a strong 6 for entertainment.

Unfortunately that can't be done either. Benedict Cumberbatch without any doubt is not your average Joe and therefore tends to play eccentric characters. Still - to me it's not good enough to praise his performance - being eccentric - as he looked nothing like mildly sociopathic, genius mathematician like Alan Turing was. It's actually a pretty certain type of character - egocentric genius, who has strong rational, logical and mathematical way of thinking to compensate lack of empathy, social skills and emotional intelligence. Benedict Cumberbatch reminded more of a neurotically talkative, melanholic old lady with strong tendency to feel sorry for herself, occasionally bursting illogically egocentric phrases. I mean - every social type has it's certain logic. Cumberbatch's Turing just had none and therefore wasn't believable as a (fictional) human character. Same thing applies to Keira Knightley's Joan Clarke.

So 4 from me. Too many ideas and narratives for just one movie. Cant fit the elephant in a jar - more does not equal always the better. Nothing really stood out to carry the main idea which got lost down the road. Too many stupid fictions about history to take this movie as a story of Alan Turing's life, either. So just a movie about some troubled guy saving the war to the world, dealing with issues at the same time. Poorly executed.",4
The Imitation Game,"In commenting on the film Benedict Cumberbatch has said there was no need to depict Turing's homosexuality as it was ""so obvious."" I couldn't disagree more. It is one of the fundamental reasons why this man died before he was able to give so much more to society and find happiness for himself (perhaps in reverse order.) He helped end the war and the state, in return, chemically castrated him and cast him in to a pit. The film does NOT depict this on any acceptable level and I cannot be the only person to take this view, surely? It gets 4/10 for less than half a story. What is there is well acted. What isn't is a wholly different and more compelling film. Please somebody (not Hollywood) make it......",4
The Imitation Game,"Here I was a happy little clam watching a WW2 movie. Sure, it was rather predictable and makes much of Turing's accomplishments which are rather exaggerated as the Poles had broken Enigma some four years previously(as noted by another reviewer). What struck me as the absolute height of idiocy was the fact it took them some two years to think of using recurring words in trying to break the cypher. When I was six I bought a book on cyphers and the first thing you learn is to search for recurring letters and words. After half the movie it became more than apparent that this was not a movie about the Enigma machine but was yet another thinly veiled tale of a poor hard done by homosexual. Yes! Just another in a never ending litany or Hollywood productions about homosexuality. I feel cheated.",4
The Imitation Game,"Reading the Wikipedia page on Alan Turing and his invention was more captivating than watching this movie. Watched based on a friend's recommendation. Would have liked to see more of how the ""bombe"" was designed and how it worked. Basically skipped through all of the emotional fluff, it was predictable and overemphasized. Didn't feel like the characters developed in a very natural way even though the film is nearly 2 hours long. Perhaps I had the wrong expectation.",4
The Imitation Game,"After all the rave reviews I was expecting a much better movie. Unfortunately they spend way too much time on the gay angle and not nearly enough on the intelligence gathering at Blechly and the accomplishments of Turing and his team in that regard.

So they strayed away from the book this is based on and I think it was quite detrimental to the movie. Obviously at some point the script writers decided that spending more time on Turings homosexuality would make the movie more interesting. I couldn't disagree more.

The book went into a lot of detail about the intelligence gathered that helped Britain win and some of the drama surrounding that. There were also things that went on with the enigma device such as adding the 4th wheel that the movie did not get into at all.",4
The Imitation Game,"Consider this the textbook example of Oscar-bait. Benedict Cumberbatch stars as Alan Turing, a brilliant and influential mathematician and computer scientist who helped decode the Enigma machine that the Nazis were using to send encrypted messages (this saved countless lives) and was later prosecuted for being gay and forced to be chemically castrated. It's an appalling story that this movie does no justice.

The first fatal flaw is its portrayal of Turing. Apparently getting all of its information about genius mathematicians from movies such as Rain Man and A Beautiful Mind, Turing is portrayed as a sort of savant like character who is incapable of social interaction (in real life Turing was not like this). Benedict Cumberbatch is solid, but you can't help feel like he's playing only a slightly altered version of Sherlock (socially inept, eccentric, brilliant). There are other numerous historical inaccuracies as well (it's a movie so full historical accuracy is not needed, but just don't expect to get a good history lesson here).

The other main characters in this film are okay to forgettable. Kiera Knightly is fine as Joan Clarke, another brilliant codebreaker who struggles to gain acceptance because she is a woman. We unfortunately don't get enough time with her. Charles Dance is the tough military guy (he's got a good tough guy routine) and Mark Strong is the mysterious spy. Both completely forgettable.

The script suffers too, mostly playing it by the book with cliches we have seen a thousand times before. There's a corny inspirational line that gets a call back not once, but twice! And there's a eureka scene in a bar that feels like a direct rip off of A Beautiful Mind. I have no idea how this won an Oscar for Best Adapted Screenplay.

Overall, just go and watch A Beautiful Mind. Or go and watch it again if you've already seen it.",4
The Imitation Game,"There have been plenty movies throughout the cinematic age of war and it's heroes, most of them pay homage to the heroes that defeated armies with their guns and ammunition and occasionally you will get the film that shows the one soldier who stood up and protected his war buddies on the field but how often do you get a film that goes behind all that action and still till this day has done more for mankind and its fight against those that wish to bring it down in one way or another, more than any cape wearing, hammer throwing, green giant or super human possible and best of all this person actually existed.

The year is 1951, two police officers are at Alan Turing's a Cambridge Mathematician's home investigating a break and enter whilst during their interrogation Alan begins telling his story of back when he worked in Bletchley Park. Bletchley Park was the United Kingdom's central site of the Government Code and Cypher School. The film then flashes back to Alan's childhood in 1927 where he is a young boy who is given a code cracking book from his friend Christopher, a romantic friendship is formed between the two boys until the day Christopher doesn't come back to school. 1939 World War II, Alan travels to Bletchley Park, where, working under Commander Alastair Denniston, he joins the cryptography team of Hugh Alexander, John Cairncross, Peter Hilton, Keith Furman, and Charles Richards. The team are trying to crack the ciphers the Enigma machine uses, the Nazis use Enigma daily to send out orders but every night at midnight the code changes its the teams job to decipher these codes giving the allies the much needed break they require to get ahead in this war. Alan is a real pain to work with and despises his colleagues who feel exactly the same toward him. He works alone designing the machine that will decipher Enigma. Alan approaches Denniston to fund construction of the machine but is denied, Alan not giving in decides he will go to the top and writes to the Prime Minister, Winston Churchill, who then puts him Alan in charge of the team and also gives the funds to finish the machine. Turing fires Furman and Richards and to find their replacements puts a really difficult crossword in newspapers. Joan Clarke, surpasses all expectations and ends up on the team but due to her parents other arrangement about her newly found employment need to be arranged. Unfortunately in 1952 Alan is disgraced and sent to prison for the most disgusting reason imaginable I will not give away here...

The story of Alan Turing and how he and his machine broke the unbreakable code was a real let down for me, Once the credits began to roll the only things going through my head was what I would have done differently had I directed the film myself, I really expected so much more and I'm more than surprised that such an amazing event in history was dealt with so placidly. According to the biography the film was based on a lot of the film was ""pampered"" to make it a lot more glamorous than it was in reality especially the relation between Alan and his fiancé Joan, Alan as a human was a lot more than the mad scientist as portrayed but I don't think that was the actors fault more the direction he was given. So if you take away the truth of the film and facts you are left with something that is somewhat entertaining for at least half an hour.

In all things though there are the bad and there is the good what was fantastic about the film was the actors, I personally feel they did an amazing job. Benedict Cumberbatch (Star Trek, Sherlock) plays Alan Turing and he did a brilliant job at bringing his character to life, apparently the family of the real Alan Turing were amazed at how well Benedict portrayed their family member which really says a lot in my book. Keira Knightley (Pirates of the Caribbean saga, Domino) plays Joan Clarke, Matthew Goode who also wrote the screenplay (Match point, Watchmen) plays Hugh Alexander, Allen Leech (Downton Abbey, Rome) plays John Cairncross, Matthew Beard (One Day, The Riot Club) plays Peter Hilton and Charles Dance (Dracula Untold, Game of Thrones) plays Commander Denniston. I think without all these amazing actors this film would have failed in what it delivered. Morten Tyldum (Headhunters, Fallen Angels) directed the film and for me I can't help feeling if the film was directed by someone with a lot more experience and know how would have delivered a five star film. One thing he did do right though was using Alexandre Desplat to organise the soundtrack and score for the film, the other amazing aspect of the film.

The Imitation Game was long and at times boring due to drab scenes and a very disorientated time line, there was a very important part of Alan's life that was only slightly touched, I'm not saying the film had to be LGBT themed but if that's who the man was then surely the film should have had a lot more about who he was emotionally and not just mentally.",4
The Imitation Game,"""The Imitation Game"" is a disappointing film that fails to accurately portray the life of Alan Turing. While the movie is based on Turing's life, the majority of the events depicted are incorrect, exaggerated, and ultimately boring. The film portrays Turing as socially awkward and inept, which is not an accurate representation of the man who was a brilliant mathematician and cryptographer, capable of being warm, charming, and alluring (with men).

One major omission in the film is the fact that a group of Polish mathematicians played a critical role in breaking the Enigma code during World War II, which was the foundation for Turing's work. This oversight takes away from the contributions of these individuals and paints an incomplete picture of the historical events surrounding the codebreaking efforts.

Furthermore, the inaccuracies and exaggerations in the film make it difficult to stay engaged with the story. The character of Turing is portrayed in a one-dimensional manner, lacking any real depth or nuance. This is particularly disappointing given that Turing was a complex figure who faced many challenges in his personal and professional life.

Overall, ""The Imitation Game"" fails to do justice to the story of Alan Turing and the contributions of the individuals involved in breaking the Enigma code. The inaccuracies and omissions make the film an uninteresting and ultimately forgettable viewing experience.",4
The Imitation Game,"The portrayal of the cryptographic effort is fine enough, but the impression one gets from this overly-romanticised movie is that without Alan Turing's invention of what we are told was the precursor to the computer World War II would not have been won, and that his orientation was responsible for his genius, and therefore both must be held high. That is historical bunkum. The truth is that the machine he invented, which was called the Bombe, was an electromechanical device that was created to crack the Enigma codes, which indeed it did, but the far more complicated Lorenz codes were cracked by Colossus, which really was an electronic computer, and was far superior to the Bombes, and it was it that was the true precursor to the modern computer, It was invented by Tommy Flowers, whose genius surpassed that of Alan Turing, because he managed it without access to an actual Lorenz machine, unlike Turing who was provided with an Enigma machine. Flowers just worked out how the Lorenz worked from a 4000- character mistake made by a German operator. Enter 'bombe and Colossus' into Google and read the Wikipedia article to get the facts straight. Turing had some input into the Colossus machine (ultimately there were ten of them at Bletchley), but to pretend that he was all-important in the winning of the war is an overwrought notion of events wilfully twisted to make a point consistent with fashionable present-day propaganda. We would have won the war without Turing; with most of the world against him Hitler's over-reached lusts were unsustainable; and there were other people of genius. Victory might have taken longer and killed many fewer people, although we cannot know that for sure despite the claim made in this film , but there were many clever minds and strategies from many people that gave the Allies victory (the invention of radar, is one of many examples). If any one person at Bletchley is to be singled out above all others it should be Tommy Flowers, not Alan Turing. Turing was a genius and valuable, yes, but Flowers surpassed him. But Hollywood cannot make out of him a politically-correct song-and-dance-act to the tune of current ephemeral memes.",4
The Imitation Game,"This film plays fast and loose with history, not to mention with Turing's character, in order to suit its own agenda.

The enormous role played in cracking enigma by Polish codebreakers is glossed over with barely a mention, key players such as Welchman are removed from the story completely, and the film portrays him designing and building the Bombe almost singlehandedly, the machines (there were a lot of them) were designed by a team and built elsewhere.

At one point it even suggests the Bombe was a Turing Machine, despite it not being programmable.

The film also transforms Turing from an eccentric into somebody with a severe form of autism, again to suit the film's agenda.

Either treat the film as pure fiction, or better still, skip in completely. If you get the chance, visit the brilliant museum at Bletchley Park.

The idea that the codebreakers would be allowed to make the strategic decisions about which messages to act on is laughable, as is the idea that on arrest, Turing would spill the entire story to a police officer.",4
