title,comment,rating
The Martian,"After watching and reading the story and reviews, i wouldn't watch this if you paid me.",1
The Martian,BORING AS FUQ. Sorry you review is too short. The actors Guild is a joke.,1
The Martian,"Was there anything new here? I didn't see it.

Ridiculous. Formulaic. Brainwashing.

Don't waste your time.

It's a bad movie.

A very bad movie.

Yes, it's a bad movie.",1
The Martian,"The idea of an astronaut marooned on a planet awaiting the slim chance of rescue offers the potential for a psychological thriller, but this isn't that film.

This film offers one long Disney-style yarn. So much is absolutely cringeworthy without a hint of self-awareness, humour or irony.

Somehow our Robinson Crusoe manages to grow potatoes without nitrogen fixation and survives on spuds until the famous five and lassie arrive.

The script is awful. For example, quotes: "" I'm going to have to science the **** out of this""; ""here are some gimmes right off the bat""; ""Come on guys, keep it together, work the problem"".",1
The Martian,"Was this really a Ridley Scott ? The one of Alien etc....one would doubt this to the full.

I have a ton of SF movies and this one is most certainly in my top 10 of worst SF ever.

There is nothing wrong with the idea of the story , but the execution of it is really bad.

Lets begin with the start of the movie . Within less than 5min something bad happens . I was thinkin watching a Star Trek movie because they always screw it up with the start . You don't get the time to be introduced by the characters at all.

Then there is the acting. Jeff Daniels: bad ,Chiwetel Ejiofor : bad , even Sean Bean is bad . It is as if no rehearsals at all were done . Ok boys lets do it in one or two takes .

The editing is sometimes bad .

The cheezy scenes of people watching the show is bad.

Nasa is totally a farce in terms on how it is projected. Especially the scenes where Daniels is giving his speeches or the meetings.

The crew of the Ares III only has young people : also not likely at all.

A young astrodynamicist is able to come up with an idea as old as the universe and NASA can't ?. Who wrote this stupid script ?

And the movie is very predictable.

The music does not fit . It is as if someone had this idea : "" Oh lets do it like Guardians of the Galaxy and put in some pop-songs "" . The difference however is that GOTG is a funny/sarcastic/action movie whereas The Martian is supposed to be serious.

Matt Damon : has some good moments , but those are preserved for the last half of the movie and then they are already not that great at all.

So anything good in this vehicle ? Yes : the photography and camerawork.

But that is about it.

Bad , really bad.",1
The Martian,"I read the book and also listened to the audiobook several times now. The charm of the story for me is, that it heavily emphasizes the Science in Sci-Fi. The whole thing is (mostly) sound and very well explained, so even technical illiterate readers can follow. For this movie someone decide to dumb down the content and take shortcuts and - surprise - mistakes, failures and plot holes ensue and some things simply make no sense anymore (just look at the goofs list - you could make a book out of them). Then again some scenes were unnecessarily added to confuse even further to make up for plot twists that were cut. This messy screenplay can't be saved by the cast. Most of the characters are but a faint shadow of their book selves. Take crewman Vogel for example. Would anybody have guessed him to be German, if it wasn't for the patch on his suit? Jeff Daniels seems to wear a stiff neck and all the characters interactions feel like packed in cotton. Those guys should be passionate and fight for their opinions especially since the lives of astronauts are on the line and depend on their decisions. They are highly trained specialists in their field of work and have to fight against political red tape. Non of this was in the movie. They could have had a more passionate discussion about a burgers or football. And don't even get me started on the props. Think about airplane furniture and then shave that down even more to get rid of any unnecessary gram, while barely preserving basic function. Where was that in the movie? The Hub looked like it was built to house colonists for decades and not to serve as a pressurized shelter for a two month mission. The movie-Hermes consists mostly of large corridors without any purpose and large window panes. A spaceship like this would never be approved. I could go on forever, but it all boils down to this: Andy Weir went to great length to make the plot and every action the protagonist take plausible and get his book scientifically correct. That's what I love about it and why I was looking forward to the movie. And then I got handed this stupid, dumbed down, senseless piece of trash.",1
The Martian,"Astronaut/botanist Mark Watney gets stranded on Mars and has to survive until he's rescued.

A simple premise that's very akin to other survival films like, Castaway, Apollo 13, or Passengers.

Both Castaway and Passengers touch on the effects of prolonged isolation on a human being. The Martian throws out a clear way to humanize your character in favor of Matt Damon monologuing about how good he is at science via webcam to the audience. Making commentary on the musical preferences of his absent crew mates, and posing like Fonzie in front of a camera.

The dude never feels alone, and shows only two instances of badly acted crying that are then immediately steam rolled over with more bad jokes and banter.

Apollo 13 has NASA scientists brain storming how to get the crew home using actual jargon that a lot of times goes over the viewers head because they're not scientists.

The Martian has Vincent Kapoor drawing on a cafeteria map with a sharpy marker, while Beth Johassen utters the line, ""I'd have to jump over the code."" and Donald Glover talks to NASA experts like toddlers using a pen and a stapler!

The biggest problem with this film is the non-stop banter/quip humor. It is constant, obnoxious and unfunny.

Have you ever been to a business town hall meeting or ceremony? Some higher up comes up to the podium and makes a dumb joke or two during their speech. They're always terrible but everyone laughs to be polite. Now imagine if he did that every other sentence. 60% of this god awful movie is that exact type of humor.

""I am gonna have to science the heck out of this.""

""Mars will come to fear my botany powers""

""Sorry we left you behind Mark but we really just didn't like you.""

""I should have left this guy on Mars.""

HA.....HA ..... HA.",1
The Martian,"I don't like this movie because its NASA propaganda is hard stuff in this film! Its brainwash and stupid people believe that crap... this movie is overrated! they tell you they are broadcasting their missions live on TV...lol, they brainwash you in this movie you have to think, that Nasa only have 5 minutes left to tell the public the truth-..lol Nasa is the biggest liar on earth! when you asking me! OK guys now watch this movie but be sure its all BS. its manipulation of your minds! its a commercial video of Freemason NASA fake factory not even worth to watch!I don't know why this film is overrated like that? may be there are many trolls or bought votes!?",1
The Martian,"My brief take on it :

The story line was great, and the science too.

The average : Matt Damon - he wasn't the right guy for the role. He just didn't portray the panic or the desperation one would expect from a human who is fighting for survival. He was just tooo happy. The visuals could have been better. The director had the Mars landscape, night sky at his disposal, but failed to exploit it.

The bad : The screenplay failed to capture the books brilliant portrayal of science and the tension it created in its reader. Matt Damon would literally spell out what the next 10 minutes of scenes would be , this happened every 15 minutes. Thus taking out the element of surprise. A good movie keeps the viewer guessing and feeds information slowly in bits and pieces, leaving the audience to solve the mystery. This was too predictable. The sound editing wasn't great either.

I would put this in the league of movies like - Day after tomorrow, 2012..

I'm a big Ridley Scott fan, that's why this was a big disappointment.

If you haven't watched the movie, get the book first. If you Still watch it after reading this, then at least you won't feel that bad as your expectations will be low. You might just be amazed after all.",1
The Martian,"This film lacked tension and any strong interaction between the characters - such as they were. Quite soon into watching I felt that it was being strangled by political correctness. It is bland; it is beige; it is, quite simply, not compelling. Towards the end I completely lost interest in it, so little did I care about the outcome.",1
The Martian,"As a thinking adult, I strongly felt that ""The Martian"" (with its dismal PG-13 rating) had totally short-changed me (in a big-big way) by handing me a story that was clearly meant to entertain youngsters who obviously couldn't have cared less about plot-line intelligence or coherency.

(IMO) - ""The Martian's"" story-line was so predictable and so riddled with annoying cliche that I'm convinced that the only reason why Ridley Scott decided to direct this hopelessly pathetic production was to make himself a whole pile of money and the adults in the audience be damned.

And, with that said - I would never, ever recommend this SyFy time-waster to anyone who I had genuine respect for. Never.",1
The Martian,"This is one of the worst movies I have ever seen, entirely not grounded in any scientific way!!!! Almost every problem in this movie was fixed with DUCT TAPE!! His helmet when it got cracked, and the station on Mars when it got depressurized (he fixed it with some plastic bags and DUCT TAPE!!). This is unbelievable, the pressure on the surface on mars is 1 % that on earth (same inside the station), this pressure difference should rip the plastic bag apart!!!! Also the martian dust is known to be toxic for humans, you can just bring it inside the station and mix it with grow potatoes!! And I don't wanna even start talking about his maneauver to escape mars and rendevouz with the rest of his team in orbit, and how he punctured his suit .. etc because it was complete stupidity!! It's almost like whoever wrote this movie didn't consider the slightest scientific facts about space travel, and dumbed down to like children's level!!",1
The Martian,"Hollywood is now using F Bombs in P-13 movies? All the kids watching this for the science angle will be punished with bad language. It used to be there were no atheists in Fox Holes. Apparently they all went to NASA. If I was stranded on Mars I'd be making all kinds of deals with G_d. They were afraid to Disney-ize the movie, so they took Castaway and improved it, but with no real oomf. Consequently the movie comes up as cold as the potatoes after the HAB blowout. But what else should we expect from Matt Damon? Isn't his cold detachment what made Bourne so believable?

The Chinese angle was funny too, because at one point the media coverage describes the joint effort as the rebirth of the American Space program, which we know was saved by the generosity of the Chinese. I'm not sure if this was intentional or an oversight, but it seems like a loose end.

I did like this better than Gravity, which should have negative stars for a rating, but this is no where near Interstellar. Seems like Hollywood is having trouble coming up with good space movies while the visual side of the business is fantastic.

Maybe Hollywood should forget the Human Robots like Matt Damon and just use real robots or Androids? Time to start remaking Phillip K Dick stories/movies?",1
The Martian,"I don't like swearing in my write ups but The Martian is sh#t, literally, as that's what Matt Damon uses to save his life from starvation when he's stranded on Mars, to grow potatoes. The dialogue could have been written by an 11 year old. To excite us, Damon, being stranded, announces with all the gravitas of Clark Kent changing into Superman, I'm a botanist. Wowee!! The excitement only goes down from there. What Jessica Chastain is doing in this rubbish is beyond me and she should delete it from her CV. Watch Molly's Game for a cracking performance from Jessica. One of my all time favourite British stars, Sean Bean is the only personality on screen who actually doesn't look like a dummy. Terrible infant school implausibility is relentless. Old Matt, and he is looking older, when faced with certain death from pressure failures, solves them time and again by sticking duct tape over all punctures, cracks and splits. Everyone is relentlessly cheerful and being told that they will have to stay in space for a further year and a half, the 6 crew who abandoned Matt after an accident blew him away, sit around a table, do a high five, and cheerfully agree Matt must be saved at all costs. Perhaps he told them he's an eccentric millionaire and would reward them if they save him if he gets into trouble. I never worked with any group of people, ever, who seemed loyal like this. Hollywood has gone so woke now that the cast has been picked from most nationalities on planet earth. I couldn't believe that any of this could happen, from the pseudo science to the drivel the cast has to utter. Mars looks like Monument valley, except that it's red and I expected the Indians to attack his Mars buggy at any moment. I thought Alien was the best Sci-fi ever, Gladiator good but overrated but Ridley Scott has had his best day now and shouldn't attempt anything like The Martian again. AWFUL.",1
The Martian,"Not for me. I love Ridley, I love Damon, I love Wiig - but the script is just a how-to in smarm. Seriously, how appallingly arrogant a writer do you have to be to write in laughs to your own corny jokes? Spoils what is visually undeniable supreme.

I can't believe how highly this is rated in here.",1
The Martian,"The film starts, and within a couple of minutes we are introduced to an astronaut crew where a woman is in command, ordering men around. I simply don't watch films that push the reversal of gender roles. I couldn't care less about the plot, the direction, or anything else. I stopped watching a few minutes into the film.",1
The Martian,"the movie was terrible start to finish . Apollo 13 with Tom hanks was awesome start to finish 1995# This was a waste of 2 hours personally . Monotone acting no excitement at all.I dunno why it's rated so high! Ridley Scott , I am Ashamed take your name off this movie. I understand movies are not making money due to many factors but this movie is rated way to high . I understand people are more vested in movie series like true blood ,game of thrones , etc where u get emotionally attached to characters but every movie should have highs and lows and with this star cast there was no feel for any of the characters . Ridley Scott has made movies like alien and gladiator which are now timeless classics but this movie lacks in every area where a movie should .",1
The Martian,"Brought product to surface of Hollywood - it failed immediately. Zero out of ten stars.

If you've read the book the movie will disappoint you. If you haven't read the book it will bore you.

The movie adaptation fails on so many levels I don't have the time to list them. What it really comes down to is a tragedy. The heart of the story is absent. The characters are absent. The ending was changed unnecessarily. Why?!

Don't waste your time. Just read the book and imagine how awesome a movie it could have been.",1
The Martian,"well if u make a movie on mars please show mars not f*****g scientists trying to save a man This is not even 0.001% of Hateful eight ,i bet a Lots of money is given from NASA for Oscar nomination i have seen a lots of movies worst movies but this certainly tops . Well Matt demon certainly showed how awful he is laughing dancing cm on man show some serious acting .really a poor acting and a poor direction from riddle Scott. Learn some lessons about movie art from Quentin Terentino,David lynch etc It is just like American sniper,showing yeah America ,nasa blah blah how good we are and how advanced. awful just plain awful saw this movie in 35 min",1
The Martian,A film about growing potatoes with poop. That's it.,1
The Martian,"This is by far one of the most boring movies of all time thanks to the by-the-numbers screenplay and lazy direction. This Martian does nothing new or interesting; its characters all have traits that don't mean or contribute to anything; its has too much dialogue and the movie forgets about show-don't-tell and that's not even the most offensive thing about the movie. The most offensive thing about the movie is that its a complete injustice to its source material: ""The Martian"" the book is a book that is telling a genuinely interesting tale exemplified by the realistic, grounded science it is based in. This all important aspect of the book is completely lost on the the movie (and its makers). ""Science-ing the s*** out of this"" is only a cathc-phrase to them it instead of being the ever-important philosophy it should embody. Please just read the book and forget about the movie.",1
The Martian,"Once upon a time, screenwriters exposed the ""inner life"" of the main characters through a thoughtful series of expository scenes in a film preceding the main storyline. In doing so, a viewer would come to an understanding of the character and developed an interest in their well-being and imminent growth.

Flaws and character exposed, the screenplay would feature at its core a protagonist who struggled with obstacles to achieve a goal, and in doing so would experience quantifiable growth by the end of the screen story. This is known as a ""character arc,"" and gives a viewer a resolution in the sense that the protagonist changed for the better by the end of the film, and may very well have achieved a goal (or may not have.)

This film has neither of the above and instead jumps head first into a narrative that while it is compelling, left me with little real interest in the end result of the protagonist. The story is compelling, but I found myself with a feeling genuine dissatisfaction by the end due to distinct lack of partnership with the protagonist and his struggle.

If you like films based on a compelling point of departure that offer little more than production value, A-list acting talent, and special effects, then this is for you.",1
The Martian,"You know what, not once in the film do they play the song ""is there life on mars"" by David Bowie, they play another Bowie song but not Life on Mars, talk about negative possibility space it's like the movie sunshine where they do not make the pun ""it's daylight saving time"".

Imagine going through life just waiting for a pun or song which would be perfect situation only for it to not show up.

Also Sean Bean doesn't die and I was ready for that to happen throughout the entire film, I mean seriously they even reference him being in the council of elrond yet they fail to kill him off at the end of the film. This film would be amazing had it not been for all these mistakes that went about and ruined the damn thing. Also near the end of the film he ends up looking like a pale version of Leonardo diCaprio in the revenant with that crappy beard he grows.",1
The Martian,"I'm giving this movie only 1, cause I'm sure that the overall rating isn't an exactly right. It should be somewhere in a range from 5.5 to 6.5 tops. Again, instead of showing the beauty of Mars, space travels, we see China's help, bureaucracy, music from the 70's and lots of work of the higher ranked managers of NASA (WTF guys?). The movie has nothing to do with reality. It looks like a fairy tail with a happy ending under a ranch of what is named a space something thing... I am determined that management of any possible Space Agency has nothing in common with progress in any space program. Only a real scientist can (or capable) understand the real needs of a scientific business (like a journey to Mars). And the corporate culture has no place in that at all.",1
The Martian,"As one reviewer already said: ""2 hours and 21 minutes of Matt Damon gardening, and people at NASA discussing how to rescue him. Seriously. That's the whole movie. Total boredom."" I would just add that there is no any twists and turns in the story, we all know Matt Damon is going to be saved and we are just waiting two loooong boring hours for it to happen.",1
The Martian,"With all the fanfare and box office success, this feature falls flat on its face. The writing is on par with straight-to-video features. Two of the actors in this film starred in another much better sci-fi movie. In the other film, these two actors had a better script, well-timed suspense, believability and a compelling story to tell.

Is it possible that the people who worked on this film were surprised that it was a hit? Probably. If you haven't seen this movie yet, have low expectations - really low.

The best possible outcome from this film is that there will not be a sequel.",1
The Martian,"This movie may have been initially popular, but it will fade away. To better imagine being on Mars I had to mute the sound to imagine Watney breathing in his space suit whilst he worked, You do get the impression of being on Mars but this is not sustained because of the comedic overtones and stupendous miscasting. I imagined another version being released in the future - a true space drama- deleting the wisecracks, replacing the soundtrack, and reinforcing the success factors such as the sense of isolation, the science, and the fear. But that's not going to happen. People forget this movie is a comedy, yet it is thoroughly unfunny, but it did win a Golden Globe for comedy. Touché from the accountants! Audiences do love an optimistic fantasy depicting triumph over adversity. And what fantasy! The sandstorm that stranded Watney would be no more fierce than being pelted by talcum powder given Mars thin atmosphere. The storm would barely raise a flag. And then there is Watney. Perpetual optimist, says he's a botanist, but botanists are not farmers nor gardeners. The garden he creates is ridiculous, too shallow with no drainage, and the crop yield fantastical (see one of the reviews below which explores this in detail). Watney doesn't suffer much. He is playful, always strong, optimistic, jovial, confident. I don't see him triumphing over adversity.",1
The Martian,"I know this is not a popular opinion. But for real, a movie of this budget, directorial talent and acting prowess should not have been this average.

Consider these points:

Pace.

The movie starts at 100000 km/h, with snappy banter between characters we know nothing about, a cataclysmic sandstorm, and a confused leader making a massive decision. We are then subjected to Matt Damon fighting against the odds to make it back to medical bay where upon he gut wrenchingly removes a huge piece of steel from his side before sighing the word ""Fuck."" From here, the movie degrades slowly into what can best be described as a tribute to Adam Sandler, with slap stick bumping into things, witty quips between poorly developed characters and odd, intrusive monologues about the meaning of life and the virtue of the human soul. Then, at the end of the film, we have a sudden acceleration back to warp speed with the convenient rocket/tarp/duct tape launch followed by a nail bitingly unrealistic jet pack around Martian near space, all the while two of the astronauts whose names I can't remember because they've had zero character development are falling in love in the background. It honestly felt like the film switched writing team half way through, and then switched back.

Matt Damon.

Was I the only one who felt that Matt Damon was basically walking around saying ""Matt Damon"" for the entire film? (Credit to Sven Axelrad)

Deus Ex Machina

If I had a dollar for every convenient event that miraculously drove The Martian's narrative along, I'd have quite a few dollars. Enough to reimburse the money I wasted watching The Martian. Aforementioned random love story As mentioned in point number one. You can't just introduce a love story in the dying moments of a film, just because. You can't. It shouldn't be allowed. I have no idea who these characters are, and nor do I care. In fact, other than ""Mark Watney"" and ""Childish Gambino"", I don't remember the names of a single character.

The Chinese

See aforementioned deus ex machina.

Conclusion

This movie sucked so hard.",1
The Martian,"This film lacks all those quintessential qualities that a seasoned film-goer is entitled to expect from a science fiction film directed by one of the biggest legends of the genre: suspense, innovative characters and props and compelling music. Along with the last- mentioned shortcoming, the frivolous and vapid dialogue is an awkward mismatch with the overall theme of the film. Likewise, there are too many major inconsistencies to dismiss in the story line. Simply put, this effort deserves to be forgotten.",1
The Martian,"The story is awful, the acting is abominable, the script is cheesy, the casting is overly PC, the science is an insult to anyone's intelligence.

Do not waste your time with this dreadful Hollywood dross.",1
The Martian,In times when Americans sit in bunkers directing drones to kill Children it's a bit much to see a film about American heroism. Ridley Scott seems to specialize in this sort of mumbo. We still remember with horror Black Hawk Down when we are met with this sticky piece of mars-hmallow film. There was more gumshoe in his brother who after all brought us Enemy of the State. I Think Americans did well in instead turn their vision towards the homeless around them that are piling up around them and maybe do a film about true heroism. This is not it and I'm not surprised that you have to go as far as Mars to find a decent American in these times of abomination.,1
The Martian,"So an astronaut is accidently left on Mars- and the gov't thinks they should spend ""an awful lot of money""- to run a program to get him back. with how many personnel (100, more ) hardware, working overtime for how many months. cost of a rocket. I can't even imagine the costs- a Trillion$ In a ""military operation"" loses =how many men and collateral damage. so our government spends all this to recover one man, rather than pretend he is really dead as 1st thought (public relations). it's silly that they accidently left him on Mars. How many other programs would have to be cut? all that aside, the ridiculous fake science, incorrect basic facts- for Matt to make a biological system, create oxygen, grow food. till he can be rescued. and the loneliness and isolation doesn't affect him. some other viewers have gone over specifics, so I won't. Matt -and your people, don't you read scripts.",1
The Martian,I'll just save you time and money do not start this movie and if you do the first 5 min is the next 2 hours all you want to do is find your way out of watching the rest of the movie. it is so lame it made me sick from watching it. If this is how movies are going to be then I will stop going. Thank god I didn't actually go to a theater to see this. It is lame as soon as Matt starts talking and unfortunately it doesn't get any better. In fact I watched this movie all the way through and was hoping it would get better or that it would have a good ending but the ending is so bad I was astonished. I've lost all hope that movies will be good anymore because of this movie. Just watch one of your favorite movies again because this one is just going to be a huge disappointment,1
The Martian,"Terrible waste of time.

How silly that everyone trying to rescue Matt Damon is so cheery.

I can see how someone who never saw an American movie might find this fun.

Okay, so Damon lost some weight. But every time we see him, he is munching on something.

Anyone read about the siege of Leningrad, how long people had nothing to eat and yet survived?

This was a colossal waste of time.

You also had the typical women, Hispanic, blacks, etc.

There was only one person who gave a good acting performance, a minor character at that.",1
The Martian,"Caution because in this movie there is a chap who cultivates turnips, eh no, forgive me, potatoes on Mars on a plain bottom of corny disco music and sometimes while communicating with a pack of stupid and uncultivated morons who leave him on Mars. We would thus imagine in a kind of reality show in a little stranger, seen that the actors seem so half-witted as in a great movie with Leslie Nielsen.

It would be the sequel of "" Airplane! "" Reshaped for the space? Not at all, it is so little funny so much it is totally grotesque from the beginning to the end, there is no slightest gram of suspense, and the scientific pledge seems to have been confided to Kanye West. Well why not but when we know the current cost of a movie and the stunning number of script-doctors and specialists of all kinds, working in Hollywood or somewhere else, the set leaves a taste saddening especially when we know that Ridley Scott is the director...

Whell,it just goes to show, my friends, and as said Confucius (or maybe someone else, I do not know nothing any more) we are all born from dust of stars and not so much something else for the greater part. So, to all the misled aliens who read to me, I deeply recommend them to wait for the DVD release. Be seeing you !",1
The Martian,"Awful, awful, awful! A supremely predictable movie with horrible acting from otherwise good actors. A movie made for mindless people who love spending $50 and upwards to see a catastrophe where everyone wins all the time, and in-between laced with little 'scare' moments where they get the audience all worked up that Disneyland is falling apart. Pathetic! If you're a mindless sloth who enjoys movies where everyone wins against all odds ( you know that will be the case with this movie even before it starts) and you don't like to think at all, then this movie is for you. It is one of the worst movies I have seen in a long, long time.....It SUCKED! It says a lot about America and Americans when a movie this bad, rakes in more than 220 million and gets such great and glorifying reviews.",1
The Martian,"I thought this movie would be worth watching...I was so wrong. This movie tries very hard to make you think that NASA engineers have everything calculated to the most insignificant detail, that their engineers know everything about every single known subject by humanity, and they try to make them look cool by playing that disco music (let's not even begin with that). At some point I thought I was watching the A-team show. They use a home-made bomb to de-accelerate the spacecraft? A screen to cover the craft while it leaves Mars (OMG)?

Do not watch it unless you can bear a two-hour commercial without feeling nausea. Go read something instead.",1
The Martian,"it doesn't get worst than that, really. I'm insulted. All the worst clichés from 1970s movies about the space, horrible sound track choices, and endless attempts to get you all-so-American-emotional but does it so bad that you just want all the characters to die. Some scenes show you so many spaceships and machinery that you really have no idea at all what's happening, and frankly, you just don't care. Thing is, half way into the movie you already know this is just too bad to be true, but as you keep on watching you realize it can actually get worse. oh yeah, and wait till the guy floats up in mid space, freely sitting on a bowl. Unbelievable.",1
The Martian,"This has to be the most irritating 'film' I've ever had the displeasure of sitting through. Even worse, it goes on for so so long. I'm ashamed I paid £22 for a friend and I to sit there and watch matt Damon's big smug face spewing out line after cringeworthy line of absolute s***. Now I saw this film months ago and yet it still fills me with rage and disgust when I see Damon's big round face on the adverts and think of the money I put in his and scott's pockets. It's like he's taunting me. Please save your hard earned money and time, this film never takes off and you'll waste hours on a Damon love-in that sickens to the core. Watch paint dry, it's more beneficial.",1
The Martian,"I really looked forward to this movie. High score both on IMDb and rotten, so all lights seem to be green....but the score has to be influenced by the studio as it goes almost every time with 'big' movies last few years. Mediocre or worse movies scoring like masterpieces :-(. Everything positive you read about this movie you can safely wipe from memory. Only two positive points: nice 'spaceshots' and a few moments of good acting from Damon. Too few to make the story believable or to really care about his character. It's what I would call a 100% Hollywood movie. Cliché-filled and therefor to forget asap...but then again that's just me.. you may like it.",1
The Martian,"What a sorry mess of a movie this was. It was almost a spoof. Cardboard characters, preposterous script, tedious clichéd dialogue, cheesy FX, and comical ""emotional"" close ups (of some very good actors) made for a wasted night. To be fair my 5 year old liked the beginning 20 minutes and then got bored. I'd say that's the target audience. Even the always hilariously over the top, Jeff Daniels phoned it in. He looked embarrassed. Woeful turd of a movie. This review won't post unless I write 10 lines or more but I think I said pretty much everything I wanted to say in the frst 7 lines.

Didn't I? Sorry Jeff.. I hear you are super nice guy and you were great in the Squid and the Whale.",1
The Martian,"The amount of detail left out of the movie is jarring, nothing is explained - rather they gloss over everything with 'the math checks out.' Major set-backs of Watney's are also left out, and not to mention they changed the ending to a more 'Hollywood' one. The character development was atrocious - never going into any detail other than their position and title.

Matt Damon should not have been casted as Watney as well, the joking and serious side shown in the novel didn't feel authentic in his performance. Any actor in Hollywood would have accepted this role, and Damon was the first choice? Weird.

The CGI was disappointing as well, when floating in 0G they changed direction out of nowhere and could almost see the straps they were harnessed with.

Overall cheesy, didn't give the same feel as the novel. Nothing is explained, no science/character developing/China relationships/Watney's Explorations/really everything. 1/10 not worth the hype",1
The Martian,"Another day I read that the average IQ of the human population is falling....

A rating of 8 for ""The Martian"" is proof of that.

The Martian is a real bore fest, an uninspired politically correct film filled with the habitual clichés about scientists, race and everything else.

I can even ignore the stupid things they showed in the movie (e.g, why remove the roof of a perfectly airtight, functioning Mars rover?) after all not everyone has a PhD in physics or engineering... but the characters are bland, the cursing is annoying, the acting is coma inducing...

There is no tension, no sense of urgency...the whole thing can be summarized as an experiment in the cultivation of potatoes on Mars.

And to make things worse, the ending is almost an exact copy of what they did in ""Red Planet"" (2000), with Val Kilmer...

It is a mediocre film made by a director who is showing his age...",1
The Martian,"As a real Ridley Scott fan, I hate to say this, but the director has lost his spark and talent in recent years. In other words, do you remember ""A Ridley Scott movie"". You can't feel this anymore which is sad for fans like me. The Martian is another disappointment, so if you don't know about the fact that this film was shot by Scott before watching the film, you cannot understand until the end credits. As for the problem of the movie, the movie is not ""Cast Away on space"". I wish it was, but it is not. Why? Because there is no suspense, no mystery and no horror. The film ignores the psychological nature of the character and he doesn't face with any real challenge or trouble. Do you remember? When After Earth was released, it was mostly criticized for not being ""too dangerous"". The Martian is much worse. You cannot feel the danger, so does character! Because there is no real danger in the film. The main character behaves like John McClane at times, but he is not John McClane though. I mean a witty John McClane perfectly fits Die Hard franchise, but here it doesn't work. Most of the time, our man alone is ""happy"". And this ""happy"" mood defines the tone of the film. I would even prefer Red Planet over The Martian, because despite Red Planet was just a passable popcorn flick, it was mysterious, dark, suspenseful and interesting. The story in The Martian is not interesting, because it is not a survival type of a movie! I am a Matt Damon fan, I can watch him peeling potatoes and onion for hours, I am such a fan, but even he was dull here. The Martian is also a talky film, in fact too much talky, but the story needs more visuals than chatting, in other words more silence than words. 3D was just fine except for a few dazzling Mars images. The film reminded me the masterpiece Silent Running and I wish it would have been as great as that movie. The final chapter of the movie becomes lazy, dull and cliché unfortunately and it cannot add something fresh to the story. And do I have to say the film lacks emotion and real entertainment which is weird. Additionally, some supporting characters were supposed to be funny, but actually they are not. I can prefer even Prometheus over The Martian honestly.",1
The Martian,"People go to the cinema to be entertained, not to be schooled by people who have no idea what are they talking about. And on top of everything: why do you have to add politics and forced multiculturalism to every movie?! Is there a committee in Hollywood who demands that every single movie has to include multiculturalism, forced, not funny jokes, American flag, American nationalism, women who are good leaders?! It's like all the movies were written by the same people, all the effects done by the same crew, time to change Hollywood! Ridley Scott how could you? This movie is not entertaining, it's full of politics and preachy bull crap.",1
The Martian,"SPOILERS*******************

Ten reasons why THE MARTIAN didn't work.

10. They tried to make it funny. Matt Damon is not funny, except that one time he was a puppet in Team America: World Police. 9. 1990's quality special effects. Couldn't they have hired the effects guy from GRAVITY? Or even watched GRAVITY to see what a space movie looks like in 2015? 8. The main character had no back story. None. Zip. We know nothing about this guy who we are supposed to be rooting on. Except in a random voice over where he said he loved his parents. And that he was the ""best botanist on Mars..."" I actually hoped they would leave stranded so he could glib himself into the next solar system. 7. The device of the voice over was him talking directly into camera a la THE REAL WORLD - again a 1990's device - known from this day forward as ""The Pipe Cam"" where Damon would lay out exposition mixed with a bag full of bad jokes. (My guess is this: these clams were pitched by Damon himself because SEE REASON 10) 6. The supporting cast was dreadfully miscast with special accolades for horribleness to the other astronauts, and (the usually terrific) Jeff Daniels. Daniels must have made this film while doing NEWSROOM and forgot to change characters while walking from one sound stage to another. I'm never going to Michigan if this is what happens to a man. (Chiwetel Ejiofor had the only compelling performance. But that's no surprise) The film's best actor was Damon's ""skinny"" body double who happened to be a foot taller than Damon, but this guy could dry his hair to cover his face until Matt could put his space suit back on like nobody's business. If he hadn't been a 70 year-old John Holmes body double, you never would have guessed it wasn't Damon. 5. The soundtrack was wall-to-wall disco. Yes, disco. Yes, wall-to-wall disco. Which we had finally KILLED by the 90's. 2 hours of disco left behind by the sadistic Commander of the mission. There's even an ABBA song! And I paid $15 dollars to listen to this. The on-the-nose but BEST disco song plays over the closing credits. Not the first disco song where they roll the cast and A.D.'s credits that everyone in LA stays to see. No the second half over the caterers and ""Mr. Damon's assistant"" credits. The song was I WILL SURVIVE by Gloria Gaynor meant not for the fact that Damon survived, but that WE DID SURVIVE this entire film. Damon's character even jokes about the lameness of the disco, but... 4. Matt Damon is NOT funny! So now we're stuck with bad jokes told by an unfunny actor and lots of bad disco. AND I'm sitting next to some old broad whose hearing aid has fallen out of her ear and she doesn't even notice. So Helen Keller here has scammed Medicare for $500 or whatever a Costco hearing aid runs for these days. The aid apparently has a two second delay because I get to hear disco and bad jokes twice. If I had filled my empty popcorn bucket with water, pulled my t-shirt over my face and had my wife dump it on my mouth and nose it wouldn't have been as tortuous as this movie. Not that water-boarding is torture, but you get it... 3. Derivative. Seen it a hundred times: when Damon successfully docks with his returning shipmates (who had abandoned him, ostensibly because he is so damn annoying) the film cuts from one foreign city to another where Times Square type crowds are rooting on the American as they watch the happenings on their own Jumbotron. Russia, France, communist China rooting for America. America. Right. Another example is they lifted an entire scene where Damon operates on himself removing a piece of antennae which is a beat-for-beat rip-off of Javier Bardim removing a bullet from his leg in NO COUNTRY FOR OLD MEN. Only Damon didn't have to blow up a car outside a drugstore for an opiate because... 2. Damon has his own pharmacy at the space camp. When things look grave he resorts to drug abuse. He breaks open a Vicodin, rubs a potato in it, looks into his Pipe Cam and tells us, ""I ran out of cat sup 3 weeks ago."" It made no sense, so I assumed it was another joke. Because as we all know.... 1. MATT DAMON IS NOT FUNNY.",1
The Martian,"to name a few: Robinson Crusoe, Mission To Mars (2000), Robinson Crusoe on Mars (1964) whereas Andy Weir's novel is a blatant theft of those ideas as well as it is the script of The Martian, . . . etc.

To give the very unoriginal story some gravity, the prominent cast obviously was the means of choice. This movie was solely developed as a typical Hollywood cash cow with pretty faces and implausibly characters. Scott's attempt of pseudo-realistic 'science' suffers from the same symptoms as it did Prometheus: stupidity on all levels.

Scott said, The Martian is about people of all kind combining their sources and powers. Well, this is quite pathetic for a bunch of very unoriginal ideas glued together. Maybe Scott recently watched some Star Trek episodes or Apollo 13 (1995) to get 'some' inspirations . . .

I guess it's time to avoid Ridley Scott movies from now on.",1
The Martian,"Well, firstly, Ridley ticked all the boxes in what the audience expects to see, even if it is a sci-fi genre movie. Then, where is the devastation of the devastating news that matt damon received?

Then all the corny jokes? and the unnecessary swearing meant to resemble the directors' POV.

The racial discrimination that is made obvious in the films effort not to make it obvious.

The predictable yeah scenes. Im so surprised there was no alien busting out of Matt Damon's chest!

Ridley you are ridiculous and you made me under appreciate Matt Damon's acting.

This truly was a pathetic movie. Just ask any black man with a Kapoor Family name! What a waste of time, but Im not surprised it was a hit, as the target audience you sought appreciated it. ""clap clap clap"".",1
The Martian,it's so pathetic and slow....they play that trumpet violin triumph music whenever the astronauts twitch a muscle and everybody starts clapping and cheering like they figured out how to turn sh*t into gold the ending is awful too really cliché they just sensationalize the whole thing you know what i mean? they also failed miserably while trying to incorporate humor into the movie because the jokes were so bad i wanted to cry i don't think i even smirked throughout and it has an 8.3 on IMDb its disgraceful please do not watch under any circumstance unless you're fed up of life and want throw away a couple of hours you have been warned please also warn your friends family and other loved ones p*ss poor excuse for a movie,1
The Martian,"REVIEW OF MARTIAN MOVIE

I will start by saying that I read the book this is based on. I am not one of those people who always think the book is better than the movie; American Psycho is one of my favorite movies and I think Christian Bale's performance along with Mary Harmon's direction make it more enjoyable than the book (although the book is more twisted and perhaps a bit deeper).

To summarize my review, the movie-making establishment has yet again marred an interesting and inspiring story. The book had a wonderfully realist and analytical view of a marooning story, which was over-glamorized and under-directed by the director (shame on Ridley Scott). The faults can be found in this adaptation in every aspect of the film. It should be considered a disappointment and the only saving grace is the original story, which should have a much better movie made of it some day. If I am ever in the position to make it, I will.

Let's start with the casting. Matt Damon is a fantastic actor but this is not a role for him. In the book, Mark Watney is an engineer sent to space and, truthfully, a nerd. As smart as I know Matt Damon to be and as many intelligent roles as he has had, he does not personify the Watney from the book. He does the serious parts pretty well (although it sounds like he is dumbing it down all the time, which is probably the screen writing's fault) but as soon as he tries to tell a Watney joke, it falls flat. That's because he isn't nailing the role. In my mind, the main role should go to someone who is nerdy and who can pull off sarcasm better. I would go with an unrecognizable actor who fits the role because what I loved about the book was how I felt like I rediscovered how cool engineering is, not how cool Matt Damon is.

The rest of the cast is also terrible. Most of the actors and actresses are just your stockyard Hollywood actors; pretty and over-dramatic. Of all the parts, Vincent Kapoor and Bruce Nguyen are actually well-acted, maybe Teddy. Otherwise, you could replace any one of those actors with another and it wouldn't change much.

Then let's go to the set design and cinematography. Space travel is not glamorous, nor should it be portrayed in that way. Even Interstellar overdoes it, and I believe what made the story of the Martian so great was how real it felt. It's like reading a biography. Spaceships shouldn't have extra space in the hallways (the Hermes is huge), the ""gym"" room shouldn't exist (think of the actual international space-station's set up; the treadmill just extends down from the wall), and the HAB and Hermes have ridiculous amounts of internal volume. Every cubic inch of space inside a shuttle costs a ridiculous amount of money. It makes moot points that Teddy has against creating another Ares mission when they are spending extra money on a crazy T-shaped table for discussions for a ship with 6 crew.

Also, in reality, graphical user interfaces (GUIs) don't animate like they do in the movie; that serves no purpose in reality. They should also not be uniformly blue all the time. They also don't project onto people's faces. Also, NASA doesn't have fancy lecture halls with light bars around the desks and a metal engraved floor (I'm pretty sure); it is probably pretty basic since they should be spending their money on space exploration. All of these things pull me away from the story, which is in essence, how do you survive when you have nothing and nobody. Surrounded by all this beautifully but insensibly designed technology and space, why should we feel for this astronaut? If movie makers were to tell a story about the colonization of America, would they all be wearing dry cleaned, beautifully sewn dresses and have a big old yacht with plenty of space for everyone to hang out? Why doesn't Mark Watney's spacesuit have any dirt on it after 2 years on a dry, dirt covered planet?

A small note about sound design: interfaces also don't beep like they do in this movie. Also, bombs made in 39 minutes attached to a lighting panel do not beep as if on a timer (why waste time on that). I feel that none of these things add to the story as I'd love it and serve to detract from the realism of it. Want to make a good movie about traveling to Mars? Make it feel real. Direct it as if it were a documentary. Think like Kubrick did 40 years ago: Does space have sound? Do spaceship GUIs only have one color when representing complex data? Ridiculous.

Lastly, they butchered the book. They cut out or shortened all of the bits that actually make this story interesting. Driving for 3200km on a planet no one else exists on deserves more than a footnote. How about when the rover crashes entering the crater? That was the suspense of the ending. Loneliness; feeling like he missed his window. Where is that in the movie? Every time there is some over-dramatic pause in the film, take that out and replace it with some part of the story that was actually written.

Overall, it's sad because I was excited to see this movie having loved the book. It's even more sad that people might think that the book wasn't that great because the movie was even just on par. Hollywood, you ruined another story, I just wish people would stop paying you to do it.",1
The Martian,"Mr Scott: Please fire your scientific advisers, your screenwriter and music selector!

What happened to the Alien and Bladerunner screenwriters?

Apart from the Martian Landscape, none of the science or physics made any sense nor was even close to realistic. There were so many errors in this movie, that once you spot the early gross ones, you spend the rest of the time counting them and wishing the movie would end quicker. Even the acting by normally decent actors was below par.

I don't think I'll bother reading the book.

I want my 2hrs back!",2
The Martian,"The review contains some spoilers!

I wish Matt Damon carried on with his ingenious surviving tactics, fighting depression, fighting for each day until his death on Mars. I can understand that American military would send a chopper to rescue a soldier left behind (it costs them a little if they fail) but to spend huge sums to save an astronaut who by definition are meant to live and sometimes die in outer space is a bit like Saving Private Damon on a grand scale. Hence I see this flick as an American movie that is short on ideas, and would rather use clichés than be different.

So everything was fine until he got in touch with Earth: from there on we got inter-departmental fighting at NASA, young black scientist who is of Nobel Price winner stock, a bit clumsy and with some unorthodox ways of explaining his theories to bosses (but everything is allowed if you can save boss's bacon), then help from, basically, an enemy (Chinese - and it looked like a big favour but you wouldn't guess that because the Chinese involvement was described in about 2 minutes, probably in as many minutes as the clumsiness of young black brilliant scientist etc, please see above). And young blonds with big glasses to look like scientists, hilarious.

The key mystery here was: is this a fairy tale or Sci-Fi drama? I watched the Stardust the other night and it didn't feel stupid if I believed that you can actually fly to the stars if you light a Babylon candle (not just because I never had a Babylon candle in my hands). But The Martian wants to convince us that if you are stranded on Mars and you don't have a rocket, enough fuel, etc, you should look for a box with rubber bands (like those ones your grandma used for jars) and, after performing some mathematical calculations involving the gravitational forces, air density, the thickness of the rubber bands, their length and quality (throw away the Chinese ones), you can actually build a launcher that would take you to space. Unfortunately, I had rubber bands in my hands so it feels stupid to believe it. Some people are saying that the things described in the movie did happen, and maybe they did, but 50 years ago. They also made different films 50 years ago.

All in all, as my teacher used to said, 2 out of 10 for the effort.",2
The Martian,"Absolutely terrible, the dialogue is atrocious, the speaking into the camera is absolute cringe. This might be the worst screenplay of all time. Ridley scott hasn't made a good movie for about 40 years. The only good part of this movie is when sean bean is speaking about the council of elrond.

Every single line of dialogue is terrible spoon feeding information that feels like it was written for a toddler to understand. It's very convenient that matt damon needed to keep a video diary so the plot could go forward.

Also there is literally no stakes in this because we know, from the tone of the film, that he is gonna make it out alive so everything is so inconsequential.",2
The Martian,"Acting was good. Special effects were good. Story is so bad that I couldn't watch the whole movie at once. Matt Damon did an awesome job, as all the other actors did, especially Michael Peña, Sean Bean, Kate Mara, Aksel Hennie and Chiwetel Ejiofor. What do you expect when you see all this names in one movie? You expect good movie with a good story and something that you will not soon forget. Shame. This is one that you will forget in a day. Story is so predictable that you can see the end even before the movie develops. And then there is Ridley Scott. Oh my god! Why man? After so many good titles, why did you allow yourself to go so low?! Doesn't matter, let's just forget this movie was ever made.",2
The Martian,"The book was bad - the film is just as bad.

My biggest problem is this...

A man is the only man alive on a planet, and is likely going to die there on his own. Does he get depressed or anxious? no. Does he lament his miserable existence? no. Does he cry about his family, his friends, his previous life on Earth? no. Does he turn to religion? no.

What does he do instead?

He tells jokes and is utterly annoying.

A bad story made into a bad film I'm afraid. And the dullness? This comes from there being one man, and he talks to the camera a lot under the guise of keeping a video log, but really it's a poor way of explaining the story.",2
The Martian,"When he said he was going to ""science the s**t out of this"" he really meant they were going to ""Hollywood the s**t out of it."" I was disappointed. The science was a little bit right, just not enough. His attempts to start working immediately on a project that he anticipated to be four years in the future was another incredible impossibility. Not that the attempt was impossible, just that he would or should know they would find him while preparing for the mission and help rather than send them 3200 kilometers from him. The incessant talking to the audience by speaking to the camera was annoying and detracted greatly from the atmosphere. He didn't act like someone in the position he was in, no reality to this movie. Another over-hyped Hollywood film.",2
The Martian,"This is a boring to death movie. Actually nothing happens besides Matt Damon repeating how smart, how unique and how intelligent he think he is. As he did in goodwill hunting and the talented mr rip ley, once again he's praising himself with this one idea again and again of a ""special intelligence"" person. Perhaps it's just me, but I think that he shouldn't do the same impersonation ever again. Too predictable.",2
The Martian,"This night I was so bored and didn't know what to do so I am thinking everybody were talking about that new sci-fi movie""The Martian"".I decided to give it 2 hours to check out what is this movie all about.The title itself says a lot,but I am thinking maybe this is exciting movie after all it has high rates.

In the beginning you can see the end of the movie it is so predictable,they have some real issues there,even this is sci-fi movie with some realistic things,for example water,you cant see main character ""Mark"" that he is giving it much attention,and it is always first thing when it comes about survival.You should see this movie if you are looking for some American hero and Hollywood stories with super almighty NASA,but if you are looking for something more and deeper then don't because you will be disappointed.I gave it rate 2/10 and 2 only because I liked title of the movie.",2
The Martian,"There's not much conflict in this movie. If people aren't just jumping hurdles, like it ain't no thing -- there's other people near them saying, ""Gosh, do you think we can do that?"" Then someone says, ""Sure we can!""

It's irritating to watch.",2
The Martian,"This movie was awful, It was too long and too boring, it had childish jokes and it wasn't funny. This the worst movie I have ever seen in the theaters, This movie should be called the Garbagetian. This the most overrated movie ever and this the worst space movie ever. The movie is about a guy who gets hit by this thing when there's a storm and then they take off cause they think he's dead and he's actually not. So he can't contact nasa and he's trapped in mars. This movie is not like 127 hours and buried at least those were intense not like this they don't take it serious. Matt Damon is trying to be funny but he's not and the acting is awful in this movie I wanted to leave the theaters but no because I spent money and there's goes my money and waste of time the biggest waste of time. I could of been watching sicario. But we picked the Martian cause it looked good. Don't let the trailer fool you. It's 2 hours and 30 minutes of boringness and nonsense. There were good actors in it and I love Matt Damon he's one my favourite actors. There's one scene in the movie he's doing this thing and the thing exploded in his face and he's still alive, I was like how the heck is he still alive and his face only and a scar and 2 scratches on it. So this movie u should not go see if ur a space fan like me. If u do u should deserve to get shot with a gun. Whoever made this movie must be like wtf did I make this movie is garbage. Watch a moon or interstellar or a space oddesy don't go watch the Martian.",2
The Martian,"First of all: you can ignore this review, dislike or do whatever you want. If you like to eat dung — go ahead, I don't give a single wikipedia (it and other sources of info was completely ignored by writers) or google images (that full of pictures made by rovers) about.

After Prometheus I though it was the real bottom of Ridley Scott. Now we've got even more awful movie The Martian. I've got a feeling Scott is pursuing objective to make the most terrible sci-fi movie. And challenge continues! Wait for sequel to sequel to Aliens, Alien: Paradise Lost.

P.S.: Even more there is a rip-off from Gravity in the end.",2
The Martian,"The entire plot had a very phony smell to it, esp. Damon's character showing little ""negative"" emotion (hopelessness, despair, depression), but instead he was a busy little bee who seemed to be an expert in every technical area that needed tending to and rose to almost superman status in fixing his HAB after an airlock exploded (for a very dumb reason, BTW), besides solving several virtually impossible problems without unexpected snags cropping up. The further the plot developed, the worse it got, and the in-orbit rendezvous was absolutely ridiculous --- the instant he tore a hole in his spacesuit, it would rapidly expand with an explosive decompression --- he's be dead in 15 seconds. And the equally ridiculous stunt of building and detonating an explosive device to reduce the velocity difference was beyond laughable. Also, the background music was so loud and distracting it gave the movie a ""for kids only"" feel. If you haven't seen this awful turkey of a movie yet, don't bother --- it's a waste.",2
The Martian,Kill me now please- I just wasted more than 2 hours of my life on a sci-fi-type film about some pretend failed mission to Mars. Oh my god - SO BORING. I'm warning you and you will thank me- DO NOT WASTE YOUR PRECIOUS TIME UNLESS YOUR ARE A HARD- CORE SCIENCE GEEK. I had to sit through this because I was with friends and we had agreed to it after reading reviews. Just so you know- the people who wrote positive reviews haven't left the house since Star Wars was first released. Would you rather die than sit through a Star Wars episode? If you answered yes- DON'T watch this movie. Can someone please tell me why Kristen Wiig and Jeff Daniels were in this movie?? Those guys have been in some of the most coveted comedies of all time. WHAT WERE THEY THINKING???? WHO ARE THEIR AGENTS ADVISING THEM TO BE IN SOME GEEKY MARTIAN MISSION THEMED MOVIE??????? Run as fast as you can in the opposite direction. Don't say I didn't warn you.,2
The Martian,"Man, this movie made me angry! It attempts to make the audience feel sorry for Matt Damon's character, but all I could think of was what a selfish bastard he is. He risks the lives of his former crew mates, makes them stay in space more than a year longer than they should have, and I don't even want to think of the financial costs, and all because that egoistic turd decided he wanted to stay alive (and then takes all the credit himself for being alive in the end). If he would have thought about anyone else than himself he would have killed himself! Some of his crew mates had families, for crying out loud, which he obviously did not care one bit about! So the failure of this movie is clearly that the message of hope, that one should never give up (""solve one problem and then the next"" and etc.) is overshadowed by the fact that the main character is a stubborn, selfish bastard who obviously valued his life above those of others.",2
The Martian,"Oh, the glorious USA... They've been everywhere... They've filmed everything, and they love their clichés more than they like their coca-cola.

What a piece of trash this movie is. Unlike guilty pleasures like ""independence day"", who are what they are, unapologetically, this film attempts to take it self a little seriously, starting with a good idea, ending with nothing but over the top NONSENSE. A man? Alone? In an entire planet? And his main concern is being a smartass on camera like a youtube comedian?

Wanna see a real movie about what the word alone means? Check ""Sunshine"" by Danny Boyle. That's a real film. This is fast food filming. A disappointment, by none other than Ridley Scott.",2
The Martian,"Instead of reviewing the film I'm probably about to never see, I'll just discuss a quote from ""Martian"" that I've read in ""Quotes"" section that took me right out of my desire to see it. That makes it a dishonest film review but a very honest voice against politics behind this film.

The quote goes as this: ""Every human being has a basic instinct: to help each other out. If a hiker gets lost in the mountains, people will coordinate a search. If a train crashes, people will line up to give blood. If an earthquake levels a city, people all over the world will send emergency supplies. This is so fundamentally human that it's found in every culture without exception. Yes, there are assholes who just don't care, but they're massively outnumbered by the people who do."" Spoken by Matt Damon's title character, an astronaut stranded on Mars.

Out of the context of the film, it's horrible enough. It's tendentious and coercive and I feel called upon personally. Helping others is not, and should not be, the World Religion. There are a few people in this world that I do want to help, there are countless others that I don't, not in a million years. I don't mind being called an asshole, but it has to be for the right reasons. Refusing to be an altruist isn't one of them. If helping others is a ""basic instinct"", you know what else is? Killing others! That's right. And I don't do that either. Guess things are not that ""basic"" and I'm not such an asshole after all. Neither are other people who ""don't care"". Minding one's own business has become an extremely underrated discipline.

Besides, while other examples mentioned might hold *some* water, coordinating a help for a lost hiker certainly doesn't, because it's not altruism. It's paid work done by public servants, which makes it no less noble and is in fact greater because the best help you can get is by people who do it for a living. It's a damn shame to see lives of these people risked and resources wasted because of some fool who got himself in a situation way over his head. Which brings me right to the context of the film.

The fool in question is not even in some reachable mountain, he's on bloody Mars! He chose to go there, knowing if things go rough there may be no way out. Things went rough and now he expects to be helped. He expects that people on Earth pull massive resources, that could be diverted to helping other people on Earth, and risk countless lives just to bring some arrogant dick back from where nobody forced him to go in the first place. Just leave the fool there! Let him be an altruist himself and take one for the team!

Unfortunately, as I hear, he's brought back by the end of the film, and instead of ridiculed as a fool he becomes celebrated as a hero.

You, dear reader, must feel cheated by me by being handed a political rant while thinking you were reading a film review. Well, you were not - I pretty much announced it in the header, which is more than this film will do for you. You'll go see ""The Martian"" hoping to see a good Sci-Fi flick. I'm sure the cinematography and effects will be great, it's Ridley Scott's after all (and I'm giving it a grade above ""awful"" just for that anticipation). What you will, in fact, be handed is a terribly misplaced celebration of a morally bankrupt leftist philosophy, and be left short of some hard-earned money in the process. When you find yourself stranded in that chair in the middle of the theater, gasping for mercy, don't expect the filmmakers to give you that money back. They're no altruists.

I'm no altruist either, but, aside from now, I'm a pretty honest reviewer. Ridley Scott has been kind of a staple of my reviewing efforts and it appears I've been, in that capacity, chronicling the gradual decline of his merits and ability to choose good projects. Heck, even George Lucas knew when to pack it in.",2
The Martian,"So many flaws in this pro American fist pumping monstrosity my brother and myself nearly left the cinema.

I went in using Interstellar as my benchmark which was a mistake as this falls so short of Nolans epic that its not comparable in anyway.

Ill list a few glaring errors here to explain what lack of attention to detail Scott has, so stop reading if you don't want any spoilers:

1: Firstly no-one states in a press release especially NASA and especially if they are not sure that someone has died. He was missing not even confirmed dead so he wouldn't have stated that.

2: NASA scientists don't celebrate halfway through a launch phase like they have won $5000 on the Superbowl only to realise that the next second the whole rocket explodes. They are professionals with a holistic view of what is happening on board a complex space craft. they don't celebrate until they know they are in the clear.

3: Whilst trying to work out where Mark was going the only map of mars they seemed to have in the whole of mission control was a picture wall hanging in the mess room. Surely they have a more detailed map or digitised version to look at. Come on seriously!

4:The whole first 3/4s of the movie is an vague montage style overview of how NASA would (or wouldn't) act in a crisis situation. At one point they tell the JPL to build a rocket in about 4 weeks. Which they do with no representation of how monumental or impossible that task is. Next thing the rocket is flying into space like they have rockets to spare in the closet. Ridiculous!

5: When does 2 world class physicists describe a space crafts velocity in a rescue environment to each other using the terminology ""Its going really fast"". This was a key indication that this film is meant for the dumb and uneducated population.

6: More fist pumping and hurrah American rubbish than i've seen in most movies.

7: Nice play Ridley on the world united together to help each other out bit. China helping America. What a nice gesture. but it didn't last with Sean Bean snide remark to the Chinese space agency in their own mission control that they haven't used their kind of technology since the 90's. Remember Americans if you were worried. WE America ARE STILL THE BEST AND THE COLD WAR IS STILL GOING!!! GO America AND SCREW YOU BACKWARDS CHINA!

8: Ending is a kids movie. Iron man, a man flying uncontrollably through space with no control into the hands of a space walker at X'thousand miles and hour. Absolutely shocking.

9: The soundtrack. ABBA and generic pop disco! The worst soundtrack i've ever heard. However, Not even a decent northern soul soundtrack (which would have been a more tasteful well researched alternative) could have rescued this scientific mumbo jumbo from the pit of eternal nonfactual rubbish.

10. The end montage shows 2 of the crew members casually give their new born child a peck on the forehead and basically ignoring it as whats on the telly is far more important and interesting than the current situation they are just experiencing. Now i'm not an astronaut but science is my religion and i am a father. And any other parent knows that at the point of giving birth, that scene is a sweaty chaotic scene far from the pristine relaxed 'hey darling heres some muffins i just pulled out of the oven' scene that Ridley portrays. Has he seen anyone give birth? Not only that but the mother of said child seems to bear the smallest amount of care and attention to the life that has just emerged from within her.

Female astronaut who would have decent grasp of big life events: ""Hang on darling. Jerry Springers on the telly and two midgets are about to have a proper ding dong. Hold the baby while i finish my bumper pack of cheesy nibbles. Ill kiss her later. This midget battle cant be missed"" What a joke!

Fellow crew member and now father of freshly born son/daughter in the midst of a life changing experience: But darling we have just witnessed one of life's biggest miracles. Do you not care?""

Female astronaut who would have decent grasp of big life events: ""Oh alright one quick peck on the babies head. but only a quick one this is going to be epic. Its not even my baby anyway. its a prop which i'm going to make really clear to the viewers. Im a proper method actor me.""

On a positive the costume department was ace and if you love potatoes go and see this movie now!!!!!!!

No more Ridley Scott for me i'm afraid. Nothing decent has come from this man since Blade Runner and Gladiator.",2
The Martian,"Oh Dear! Another Multi-Million Dollar movie spoiled by the most trivial aspects which make the whole thing unbelievable. How many more of these Martian-based movies must we endure? I'm not going to bore you with technical details, but those of you with a Scientific background will be aware of how ludicrous many of this plots premises really are. (Minor example:- A Sugar-bomb to blow off a pressure door? Even If It WERE possible, would It really not damage the Spacecraft? Remember, It's an 'open' bomb, not an enclosed one, and so It would not contain and safely direct the blast.) I'd hoped for much more...Instead, we get more of the same. Suffice It to say that a man In the position In which our 'Martian' finds himself - struggling to survive In an every-second-counts matter of life and death and surrounded by multiple obstacles - does not have the time (never mind the Will) to keep himself totally clean shaven! Personal hygiene would be bottom of the list of priorities In such a drastic situation. All those Months and never so much as a tiny bit of bristle on his chin? Can something so obvious really be beyond the common sense of a Director with an enormous budget? A man under stress doesn't shave, period! Oh, but hang on a moment...after about 18 months, bang- a full beard, seemingly overnight! Likewise - and perhaps even more stupid - his hair remains exactly the same style and length. It doesn't even become dirty or disheveled! Some will think I'm being petty, but obvious errors like this utterly spoil the 'believability' of the whole plot and destroy the continuity despite how many 'Sols' have elapsed. I can live with the fact of this plant-studying astronaut managing to grasp the Engineering, Electrical and multitude of other skills required to survive (not to mention the Initial self-surgery...what a Guy!!) but some of the Science(i.e. Pseudo-Science)Is just plain silly. I'd hoped for so much more but sadly It's yet more American flag-waving twaddle of the first order.",2
The Martian,"This movie opens with a group of persons in space suits collecting rocks in desert-like terrain that purportedly is Mars. Apparently this is a scientific mission. Then a hurricane like wind storm blows and the mission has to be aborted, quickly. One of the crew is struck with flying debris and is left behind. He is presumed (erroneously and without confirmation) to have died. The crew member's death is reported to NASA, which is in charge of the mission. NASA accepts the report as final and announces that the crew member had died. The crew member is given an elaborate funeral. Then, by sheer accident, a NASA technician monitoring a satellite orbiting Mars discovers that the crew member is alive and is actually moving about on the surface. What is NASA supposed to do? Attempt a recovery which could put the rest of crew at risk? A NASA mission has left one of their own on Mars to die. He was abandoned. The moral, legal and political implications are obvious. This build up offers almost unlimited dramatic potential. At this point the movie tanks, badly. Instead of tapping into the dramatic potential to further increase the tension, the movie becomes formalistic, predictable and boring. The abandoned crew man remains affable, still a team player. That he was left behind by his comrades as dead generates at most slight annoyance. Instead of being overwhelmed with despair and engulfed by terror, which would have been exceedingly dramatic, he is listening to disco music, and, even more amazingly, growing food under conditions that defy all known science. Much of this is amusing, but only because it is so unrealistic and contrived as to generate unintended laughter. On earth the NASA administrator, played by Jeff Daniels who gives the only solid performance in the movie (which is why the movie is rated a 2 instead of ""awful""), does not want to order a rescue mission. Thus he becomes the ""heavy"" or the ""bad guy"" when actually the real ""bad guy"" is the commander of the mission who stupidly, and without any corroborating evidence, presumes that her crew member was killed and instead of telling the truth, that the crew member was missing, then compounds the lie and the political fallout by passing it on to her superiors who later are forced to eat their words when the truth finally emerges. Such a scenario, if depicted with sufficient dramatic power, would have been a pivotal point in the story. Instead, the commander's poor judgment is never fully explained, her irresponsibility and lack of common sense glossed over. True, the commander is shown having pangs of guilt, but she remains quiet until such time that she is informed of her error, which by that point is anticlimactic. Then the rest of the movie is about her wanting to go back to Mars to save her crew man, the same man she abandoned. Ridiculous. She goofed, big time, and nobody demands that she account for her decision, not the one to leave a crew member behind, but to officially report him as dead. From that point on, the story devolves into just another formalistic potboiler with lots of overblown special effects that do nothing to make up for the huge holes in the plot, the inane dialogue, the wholesale jettisoning of scientific plausibility (Growing potatoes on Mars? Hurricane force winds on a planet with an atmosphere that is practically a vacuum? Terrain that looks surprisingly like Monument Valley? De-compressing an entire space craft without it completely crumbling? The crewman not bleeding to death after being impaled in the abdomen by a long sharp piece of metal?) or the spotty acting. As for the last item, sometimes a great actor can take mediocre material and raise it to a higher artistic level. Suffice it to say, in this movie that does not happen. Damon cannot save this movie nor does he seem to make an effort to try. No great dramatic scenes. No sense of crisis. No recriminations. No nothing.",2
The Martian,"I grew up when NASA first started sending people into space and it captivated me so much so that I would build models of the spacecraft and hang them out my window when a mission was on. I'm also a fan of Ridley Scott but this movie missed the mark by a wide margin for me.

First of all, it is WAY TOO LONG and I found my inner child constantly saying ""are we there yet?"" This was the result of a lack of dramatic tension in the screenplay and lack of depth to the characters. I agree with other viewers who say there should have been more angst about being alone on a planet millions of miles from home. If it was me, I would be freaking out! (Then I would pray). Also some great shots of that isolation against the magnificent universe would have been awesome but we were given none of these.

We have seen these movies before done better - my standard is always ""Independence Day"" where you had real character development, dramatic tension, and excellent humor in the script. None of these elements are present in this script. In fact, we know we have been here before, and just like making copies of a tape, successive versions aren't quite as sharp as the original. This movie must have been the 10th copy!

Not good enough for a Ridley Scott movie. Matt Damon does well with what he has but he is not given a whole lot to work with. And was it me, or was that a stand in doing the nude scene of Matt emerging from a shower?

I would have preferred to see Jeff Goldblum do the lead, though I get it that he is not a big enough box office draw. I think he would have done much more with the thin gruel given to the lead.

Waste of talent all around.",2
The Martian,"There will be no spoiler alerts needed, because I don't have the energy to include any. I will just use some phrases - sophomoric, silly, unbelievable. A few more - scientifically sloppy, highly derivative, utterly predictable. Oh - did I say dull?

A few more phrases - horrific acting, dreadful dialog, and the kiss of death - insignificant.

Why Hollywood feels that they have to spend a fortune producing this kind of vapid crap is beyond me. Do they have no respect for the intellect of their audiences? Are they simply lazy?

We are at the end of watching The Sopranos from beginning to end for the third time - rich plot, character development, and acting. We anxiously await the next seasons of Fargo and Homeland. We miss dearly Six Feet Under.

Oh, yes - The Martian. *****yawn***** Don't waste your time or your money - or your brain cells!",2
The Martian,"Once again, I was tricked by IMDb rating: at the moment of writing, this movie is ranked 179 on the ""top rated movies"". What an absurd having in mind so many amazing pieces outside the top 250.

My problem is that I didn't know how to look the movie: if I wanted real sci-fi fantasy, why the director wasted so much time at the beginning trying to explain the logic and possibilities for some of Mat's actions. And in few, he was almost successful... But than,after 1/3, the movie is transformed to pure fantasy, with the scenes perhaps suitable for the kids under 8-9 years old. For others - it is just pathetic, stupid, confusing, with clearly expected end, of course. And basically that is the case - I would probably swallow the enormous amount of unrealistic scenes if they were just a bit of prudence and consistency. But with this approach, for me this is really insult for intelligence.

So, except wonderful photography of a invented Mars landscapes, I don't see any reason for wasting time and money watching this overrated illusion.",2
The Martian,"I honestly want someone to explain to me how this movie is good. I have no idea why it has any 10/10 reviews. It was unfunny, lacking heart and overall didn't make sense plot wise. It had some good special effects that were fun to see in the theatre which is why I didn't give it a 1/10. I definitely didn't need to witness Matt Damon's bad comic timing or his gross naked butt. I was told that this movie was like ""interstellar injected with joss whedon"" but boy oh boy was that a lie. It was more like a nature documentary injected with open mic night at the ucb. The writing was lazy and as far as the acting goes all I can say is that they made the most with what they were given. Except for Matt Damon. They definitely should have cast someone funnier for his role. Believe the bad reviews. Don't see this movie.",2
The Martian,"For a director of the stature of Ridley Scott to allow his prodigious talents to be squandered in such a way is a crime. Is this the same man who brought us ""Alien""?? It's as though he HAD to produce a ""summer blockbuster"" to satisfy his corporate masters, at OUR expense. This movie is nothing but a hodgepodge of clips, gags, and dialogue that he felt necessary to cannabalize from not only his own films, but every, single science fiction piece of CGI trash on the market, just to produce a ""marketable product,"" even rescuing a dour-faced Jeff Daniels from unemployment in order to scowl throughout this entire, useless excuse for a scifi epic. It was as though Scott watched endless reruns of an equally tedious ""Gravity"" by which to steal yet MORE ideas and plot points so unbelievably ludicrous as to beggar the imagination. But what is even more obvious is Scott's ripping off Bruce Dern's scifi classic, ""Silent Running, in 1972, which was the first to explore the ""Farmer in Space"" theme, 45-years earlier. The only difference is, he did it better. Perhaps a pre-teen could believe this fabricated piece of space junk, but certainly no discerning adult.",2
The Martian,"Completely devoid of and character development and full of the most stupid con,septs... Yeah right ... We can catch people flying round in space ... I mean it was so obvious from the beginning what the fastest way to save him would be ... Are these writers retarded ... We know NASA is an arrogant pointless institution that needs more than a boot up its useless bum, but jeezz ... This is awful cringe worthy crap ... It sums itself up really by using Abbas Waterloo, full blast, over one of the films most important scenes ... Is Ridley Scott senile ? ... Or so bloody removed from reality, in some ivory tower that he won't realise that anyone with a brain will be laughing at him, turning out this hopeless, bad space opera drivel!!!",2
The Martian,"For an 8.1 rating (current rating as I am writing these lines) I expected far more from this movie but I admit, it is my mistake. If only I read the objective criticism some honest and reliable IMDb members laid over this movie, I could have used the last 2h: 21 minutes doing something more useful like doing the dishes or washing my car as these two tasks will give you roughly that same amount of thrill and satisfaction as watching this movie. I can't say it is as bad as Gravity, but it is not more than 3 to 4 blocks away from it. What really got me on my nerve was trying to promote this movie as: Cast away in space. Are you kidding me?",3
The Martian,"This is a completely nonsensical movie.

Mars is a frigid rock in the middle of nowhere. Without atmosphere, running water or soil to grow food. 8 months travel from Earth.

I can't imagine Matt Damon agreeing to star in this, as it completely destroys his professional judgment. Given the roles that he has had in the past, why would he agree to this piece of junk?

I realize that Americans are not very bright but come on, this is appallingly dumb.

I should just suspend my disbelief and enjoy the movie? Nonsense.

Why not take the story idea and do it justice. Show him actually struggling to survive, while he waits for the rescue mission from Earth.

That would have been a good movie.",3
The Martian,"Cant believe this was nominated for 7 Oscars.

Matt Damon plays a scientist of sorts, in fact a botanist who after an accident is left on mars alone ,to survive he starts fertilising potatoes with his own excrement . What started brightly decent soon descended into a clunky mess which left me rolling my eyes. The scenes on earth with NASA were cringey and i was saying to myself no one talks like that in real life, it was like i was watching a Judd Apatow film ,Kristen Wiig has about 2 lines of dialogue but appears in the background in almost every scene looking on the verge of a stroke ,then there's Damon who had zero background to his character -are we led to believe that a scientist left on a distant planet thousands of miles away from home , doesn't suffer any adverse affects other than weight loss, doesn't feel any anger or anxiety or any other emotion, to cope he just makes corny jokes and listens to disco music Absurd premise with no depth or emotion and if wasn't directed by Ridley Scott it would of passed through the cinema without notice. Scott is the most overrated director going.",3
The Martian,Very boring and very predictable movie. It could have been one of the better films but it didnt live up to its expectations.,3
The Martian,"the worst movie I have seen in a long time. If it wasn't for benedict Wong complaining about overtime then I would have walked. ""Does this mean overtime?!"" And it sure did that poor fella didn't get a wink of sleep. Now if you're not a huge Matt Damon fan like myself you will find his emotionless existence on Mars as annoying and in no way funny. He was frankly more upset about having to listen to disco music than the fact that he was stranded on another planet.

The only good thing to come out of this movie was the celebration of duct tape. Get around it. whether you're fixing your sharehouses 3 seater couch or sealing a space station entrance it's a truly amazing product.",3
The Martian,"I have learned over the past couple of movies that trusting the critics isn't the best idea. Critics loved Boyhood, I saw it, thought it was bland and boring. Critics loved Inside Out, I saw it, thought it was good, not great. Critics loved The Martian and I thought it was very much a ""conveyor belt"" movie, if that makes sense. It has very predictable elements, characters, scenarios, and dialogue that I just found it all very clichéd.

The main protagonist is Mark Watney (Matt Damon), an astronaut who also happens to be a botanist. After a bad asteroid storm hits Mars, which he is exploring in the year 2035 with other astronauts, he is hit by debris and knocked unconscious. He is left behind by the other astronauts, who are forced to leave due to the unstable conditions of the planet. When he wakes up, he discovers he is alone and he must figure out a way to survive with limited food resources, dropping oxygen levels, and no communication to planet Earth. Using his knowledge of botany, he figures out ways to grow potatoes utilizing what resources he has, at the same time he tries to find ways to communicate down to Earth.

If the movie sounds like a cautionary tale of a planet with limited resources and dwindling clean air, you definitely are correct. I'm not a political person by any means, but the environmental messages come through, at times a bit strong. I found the movie to be very paint by the numbers. All the characters just seemed like cardboard cutouts and nobody had a unique or interesting personality. There's not enough there to make me care about anyone and what's going on. It's all very predictable with generic dialogue and foreshadowing of what's about to happen. Also, the movie drags on and gets very boring. ""Cast Away"" I think did a better job of the ""last man on earth/mars/island"" scenario better. I just got very bored with the disco music, the journal entries, the potatoes, the driving around Mars, etc. Little to no character development hurt this as well.

Worst of all, this movie is so far-fetched that even if you suspend realty and go in with the expectation that yes, this is a fictional story, you still just shake your head at some of the situations. On a huge planet with no maps or anything, you can find and dig up EXACTLY what you need to get you back home? Please...

Maybe the book is better. The way the story unfolds it seems like it would work better in book form with longer exposition. As a film though, I found it contrived, preachy, far-fetched, and boring. Oh, and most definitely NOT a comedy.",3
The Martian,"It was with great anticipation that I sat down to watch The Martian, a film that had not only been called ""a modern Classic"" but a film that had also registered a high 8.0 rating on IMDB. My enthusiasm lasted around 15 minutes. The rest of the film was completely unbelievable, with a storyline so dull the director thought he had to intersperse 70's music to keep it alive. Matt Damon played a man who was alone on a planet millions of miles from Earth yet his character had the depth of a sparrow. I have no idea what some other notable actors were doing in this film and it looked like they didn't know either! A dreadful waste of time as was; Interstellar, Arrival and Gravity. Much better modern alternatives are Midnight Special, A Quiet Place and Minority Report.",3
The Martian,"First there was the Classic book and movie Robinson Crusoe. Then there was Adam West in Robinson Crusoe on Mars. Then Castaway with Tom Hanks and then another Castaway with Pierce Brosnan. Now this movie is about Matt Damon,who, just like Crusoe is stranded on an island. This time though the island is the planet Mars. Matt Damon has to use his clever inventiveness to stay alive long enough for rescue. However Matt Damon has more training and tools than Crusoe.

Really now I would hope the earth would first send robots to Mars to build houses and such as preparation for the first humans to visit and settle there.

Mars is too hostile and far away to send valuable humans there first before robots. Robots are beginning now to build and drive cars. Maybe in ten years they could be sent to Mars to build a base suitable and safe for humans.",3
The Martian,"Matt Damon is stranded on Mars and after a couple years or so will run out of food. Naturally, federally-funded Space Agencies worldwide spend billions to rescue him! Sure, they COULD spend that same money to improve the lives of many thousands of people here on earth. But that thought isn't meant to cross the audience's mind. It definitely doesn't occur to Matt Damon's character, either. At every step, our protagonist is two-dimensional, completely self-absorbed, entirely unsympathetic. He relishes his role as ""colonizer of worlds"" but refuses to accept that his life is of limited value. Instead, science is his salvation and the rest of humanity is just another tool for him to ply. His interminable video selfies are an indictment of our era, of our inability to tell a story or to live a true narrative. This movie is bereft.",3
The Martian,"With all the hype and various snippets I thought this film was going to be a lot more stark and gripping than it actually was. The dialogue contains cringes at every corner and so much of the script is simply ridiculous and completely unbelievable.

First of all. Why on earth would NASA have established a space station on Mars with NO method of communication with Earth whatsoever? This simple goof bugged me the entire movie.

Secondly, Jeff Daniels as the head of NASA? Really? I was expecting Lloyd Christmas to jump out from somewhere. Actually I wish he did. Sending Lloyd on a mission to Mars would have been a lot more entertaining than this nonsense.

Thirdly, when Damon accidentally blows a whole in the hub, he jerry rigs it with some cling wrap and duct tape and the hub magically re-pressurizes. Haha! give me a break. I think this film must take the movie-going population for idiots.",3
The Martian,"There is a movies based on science theories and facts , and movies like this one is based on potatos facts",3
The Martian,"This one really makes me wonder about critic—apparently they're all crazy about this film. I think they're just crazy. This is a sub- ordinary triumph-of-the-human-spirit tale. Here's the plot: An astroteam about to leave Mars for home is beset by a storm so violent that it nearly destroys their rocket. Astronaut Mark Watney is believed killed by flying debris and his body blown away who knows where; the team must leave or die with him. Too late, it's learned that Mark has survived. How to bring him home? The Mars base has food and water for mere months, the next Mars mission is five years away, and the homebound team can't turn back. There ought to be drama by the long ton here, but there isn't. None. The visuals are often pretty good and sometimes better, but they have nothing to support.

There are two overwhelming problems. First, is the gripping space rescue of Apollo 13, which was in addition to the movie Real Life. 'The Martian' is not real life and it ain't real interesting, neither. In the face of Apollo 13, that, you need something better than a fairy tale. Second, this movie is grossly unrealistic. For example, the killer storm has barely scratched the team's base. OK, there's lots of dust and communications with earth are out, but everything else is tickety-boo: lots of tools, a truck with a crane, more solar panels than Solyndra ever dreamt of, yada, yada. Now Mark is a specialist--botanist, in fact--so we can accept that he figures out how to make water from chemicals and dirt from his own feces, and that he uses potatoes from his small food supply to grow a healthy and presumably organic crop. Problem solved! But this happens over and over and over; no challenge too great for our Mark. This botanist patches together a system so he can contact earth; digs up a plutonium- isotope canister to provide extra battery life; finds the escape module left by a previous mission and drives nearly 2000 miles to it in his souped up Mars truck. Does he ever fear? Despair? Give up? (He has no friends or family save his parents, who are mentioned in a throwaway paragraph.) Not our Mark. He just tackles and solves problems one after another, and there are so many of them that the problems themselves become a problem: they're mere busy-work. That is, none of them ever becomes truly critical; we always KNOW they'll be solved. When a second storm destroys his potato crop, Mark should be truly desperate and afraid, but he simply brings out the plastic tarp and duct tape (!!), utterly unfazed (and extremely unconvincing), as if he were assembling Legos. On earth it is not as it is in the heavens. NASA & Co. try to gin up some drama, but their problems too, just melt away. Actually, they're blown away by lots of Macho Management: ""But it'll take 6 months!"" ""You've got 3!"" And of course they do it in 3. When the rescue rocket blows up, here comes the Chinese Space Agency with a spare rocket in its pocket. Is there not enough time/fuel/whatever? Enter the team's most junior member; he has a whole new plan on his laptop! In space, where the original team HAS turned around to go back to Mars, there's more Macho Management: ""Just work the problem!""

OK, there is some drama when the rescue mission almost loses Mark at the last second, and when the whole business is broadcast live on Jumbotrons all over the entire world. But that's at the end. By then it's too late.",3
The Martian,"It is a story theme I have seen many times before under various premises complete with the heroic last minute rescue. The overall plot reminded me of old Lost In Space episodes where the crew gets in some hopeless situation and clever little Will saves the day with some outlandish and risky solution.

The movie is predictable, overacted, full of corn ball clichés and completely far fetched for non fantasy(attempts to be realistic) based science fiction. For example, our lead is able to find a probe from a failed mission sent many years earlier, dig it up and it works just fine? How was a ready to launch rocket placed my NASA for a future mission with no debris around it and why wouldn't a storm knock it over like it almost did to the current mission's rocket when the crew escaped at the beginning? I could go on and on.

I was not even wowed by the special effects and found them inferior to ""2001 a Space Odyssey""(I mention this film because comparisons where made) which was made decades ago with far less technology.

On top of all that it was just tedious and I had to force myself to watch to the all too predictable ending.

My ranking is low because my expectations were high based on ratings and accolades about how great this film was.",3
The Martian,"Definitely the best thing to do with a big budget sci-fi is to spend a LOT of time filming actors casually having a snack. I LOVE watching people eat up close! It's fun, not at all irritating or distracting from the story and characters. If they aren't casually chewing something on screen, I just can't empathize. Thanks Mr. Scott. Can't wait for your next ""people chewing to look casual"" movie.",3
The Martian,"Duct tape on plastic walls on Mars. Well, that has to be the worst thing I have ever encountered in the life of cinematography.... And please understand I watch a lot of movies. But Matt's performance is so week, and the plot is so week, that a normal person ca't even stand watching this abomination. I am sorry that I have to think about the clip with Matt Damon from Team America, but that's something that summarizing it all: mat Damon. Digging an old rover and edit 10 lines in order to communicate with Houston? I don't know, so many thing struck me, that I just couldn't finish the movie! Duct tape on plastic walls on Mars. Well, that has to be the worst thing I have ever encountered in the life of cinematography.... And please understand I watch a lot of movies. But Matt's performance is so week, and the plot is so week, that a normal person ca't even stand watching this abomination. I am sorry that I have to think about the clip with Matt Damonn from Team America, but that's something that summarizing it all: mat Damon. Digging an old rover and edit 10 lines in order to communicate with Houston? I don't know, so many thing struck me, that I just couldn't finish the movie!",3
The Martian,"Oh where to begin this movie is so full of the technically inaccurate and scientific impossible. So we'll start with the opening scenes where Watney performs surgery on himself. He injects several times a topical anesthetic which would do nothing to stop or even dampen the deep pain from removing the fragment in his abdomen. Even using Lamaze breathing wouldn't help. Then he would have to close the wound with sutures not staples. So Watney would probably bleed out or get an infection that would kill him. But that would be the end of movie so I'll let him survive.

The roaring wind storm is scientifically inaccurate as the Martian atmosphere is very thin and you need atmosphere to generate wind. So the roaring storm would really be like a light breeze. And speaking of storms notice how nice the weather is for the rest of the movie? These sand storms can block out the Sun for days or weeks and without sunlight (weak as it is) Watney would not be able to use the solar panels. No solar panels means no power means no heat or oxygen or lights in the habitat. So Watney would either freeze to death or die of CO2 poisoning. So again end of the movie. I could go on and on so I'll skip to the end that's just laughable. When Watney is told the crew can't reach him, he goes Ironman by puncturing his glove with a Leatherman tool and ""flies"" to the Hermes. Except this ignores the fact there is ZERO air pressure in space so the second he pops his glove ALL the air will blowout through the hole no matter how fast or how hard he closes that hand. It's called explosive decompression and Mark Watney dies. Any way you cut this HE DIES.

Why do I off on this movie? Because it makes the generally uneducated public think a person can survive on Mars by growing potatoes. And you can't. Even with a crew of ten or more there would be low chance of survival beyond a few weeks or months and that's provided nothing mission critical breaks.

As far as the acting, it's passable. No Oscar noms here. The pace is good and the dialogue isn't nauseating mostly. It's just chewing gum for the eyes (credit to Frank Lloyd Wright).",3
The Martian,"Bad. Really bad. I knew every single thing that was going to happen. For frig sake it stole scenes out of ""Mission to Mars"" and ""Gravity"" which were both exponentially better than this recycled crap. This is the recycled garbage I'm constantly complaining about coming out of Hollywood. This recycled script only exists to get your $$. There is no new story. There is no twist. Its exactly what you think it is, and you'll feel like you're watching a remake of ""Mission to Mars"" Obviously only the hacks on the receiving end of your $$ are giving this 10 stars, what a joke. I love how the main spacecraft has gravity sometimes in some places, and not in others. That's a neat trick. LOL. I didn't pay to see this and I'm disgusted. If you pay, you'll be livid.",3
The Martian,"Don't understand how this movie is so popular. Watching a movie about Matt Damon stranded on Mars and getting rescued, ""should"" be exciting. But it's not!

His character is so p*ss poorly developed, you couldn't give a toss about him. There's no tension or pace to the storyline at all. Completely dragged out and a bore. Entirely.

The characters at NASA are also just not interesting.

A lot of famous face. And no substance.

This movie wants to be Apollo 13, but lacks any charisma or engagement.

Personally, Matt Damon was boring AF. And this movie, doesn't deserve the awards it got.",3
The Martian,"As I recall this is the first time I've ever paused a Ridley Scott movie and gone back to it the next day. But on this occasion I did. It's missing that pin that keeps me stuck to my seat. And then it became obvious..... it's missing that chill factor- not the feel good factor. It's missing, but never seen, the grotesque surrounding our man.",3
The Martian,"This does not live up to the hype.

I rented the video and after the first hour was really bored and fast forwarded it until near the end. At 4x speed I could follow the plot without any trouble.

I love Science Fiction but there seems to be very little that is any good nowadays, Ex Machina was the finest thing I have seen for years.

Back to the plot - man gets stranded on Mars, survives and is then rescued against all odds, yawn. The costumes were good - just like Ed Wood's terrible plays; the costumes got good reviews.

I want to be entertained not bored to death with instructions on how to grow potatoes on Mars!",3
The Martian,"Ridley Scott's The Martian is a Too Much technical movie. Why people watch movie?? To enjoy it but this movie is like we learn some kind of NASA SPACE program.Too much technical story. That how to bring a Astronaut to the earth. Too much lengthy discussion. Ridley Scott not shown any challenge to the Matt Damon on the MARS just he grew some potatoes on MARS ""This is what we gonna see in the Ridley Scott's movie"" come on. He can show some alien stuff some kind of challenge. Now about the spl Effects the every big budget Hollywood flick is coming with good spl effects.The Sandara's Bullocks The Gravity movie is very good movie in every aspect. In Martian there is no Action there is not adventure just lame acting buy Vincent kappor and Jeff Daniels. i don't know why this movie getting 8.5 Rating on IMDb.Because its a Ridley's Scott movie. I gave only 3 stars out of Ten just because of spl effect. There is nothing to watch on theater you will waste your 2:21:00 Hrs. watch it on DVD",3
The Martian,"The film is well shot, the Mars sceneries are great and Matt Damon does a very good job in the leading role.

But all of it is extremely unrealistic. If you are like me, when I am watching Tom and Jerry (yes the animation series) then I willingly suspend my critical judgment. This was however not possible with this film.

Too often I got ""woken up"" with the next unrealistic decision making step in the story.

If you are like me, a person who NEEDS the story to be plausible to enjoy it, that film is NOT for you, I promise.

If however, the degree of realism in how the story develops does not bother you at all, and you have time to kill, then you might enjoy this film.

3/10 for me.

Not recommended",3
The Martian,"I am a long time fan of the sci-fi genre. This has to be one of the weakest big budget sci-fi movies out there. I was really looking forward to it but found it utterly disappointing, almost to the point of getting mad while watching it.

I never got the feeling that Mars was a deadly, deserted planet far from Earth. The plot is really weak too imho. How is it possible that the makers of ""Moon"" were able to make space seem so cold and far from live? Is it the way better soundtrack of Moon? The better cast? The more perceived realism? The only way this movie could have been saved is to let the protoganist die a, much deserved, horrible death - but again, i was disappointed. This from the director of ""Alien"" - what a let down! I think this movies settles that score that Cameron is the (much) better Sci-Fi director.",3
The Martian,"This is my very first review ever on IMDb.com and the reason I wanted to write here is because, I have never been this disappointed in a movie in my life.

Yes I have read the book, and it kept me up many late nights. I would rate the book 9/10 in my opinion if you like this genre. The book is so large that the movie format didn't work well at all with this book. Should have been done in a maybe 5 hour miniseries instead.

The big problem with trying to scale down a 12-13 hour book is trying to fit in the most important parts. And they did get the important parts in the movie but, the thing is, on almost every page in the book the main character almost dies. He always has a problem to fix, and if he doesn't fix it in time he either suffocates gets dehydrated or starves to death. And when reading the book you really get a feel for how dire the situation really is on mars with the supplies he has to work with. The movie jumps so often that you don't get that feeling.

My conclusion is that if you have read the book stay the hell away from this movie, it will not be worth your time.",3
The Martian,"Ridley Scott's late career nosedive into banal mediocrity continues unchecked. Thinking back on it, the last Ridley Scott film I actually enjoyed was Black Hawk Down, which is now seventeen years old. After being disappointed with Kingdom of Heaven (I thought a movie about the Crusades might feature some actual Crusading, wanton slaughter and pillaging, but there wasn't really very much at all, the Christians and Muslims all seem to be getting along fairly well in this one. I almost expected them to all hold hands and sing ""Give Peace a Chance"" at the end), along with American Gangster, Prometheus, and not to mention the absolutely awful Alien: Covenant, it appears that Ridley Scott is losing it in his old age. You can't blame him for it, I mean the dude's gotta be nearly eighty years old. You have to give him some respect for the fact that he is still a prolific director at his age, even if his 21st century films can't measure up to his classics. Methinks time may be nigh for him to step away from the camera.

Henceforth let it be proclaimed that Sir Ridley of Scott shalt retire forthwith, and spare the kingdom of Hollywoodland and its subjects the tribulations and vexations thou doth suffer from the pestilential miasma of his heretical, blasphemous, and thrice damned Alien prequels, lest a plague afflicts his peasants with unsightly boils. (I knew I really shouldn't have watched the director's cut of Kingdom of Heaven).

And so, on to The Martian. It seems like Matt Damon is now Hollywood's go to guy when it comes to portraying astronauts stranded on distant planets, but at least his character in this one is a bit more heroic than the cowardly Dr. Mann from Interstellar.

Even though my expectations were quite low, I was still prepared to give The Martian a look. A realistic, near future science fiction film that was marketed as a scientifically accurate depiction of a manned mission to Mars, based on a best-selling novel. Surely Sir Ridley couldn't stuff this one up too badly could he? With a sinking feeling I realised that it sure seemed like it, when the incident that leaves Matt Damon's character stranded on Mars was based on total horse manure ""Hollywood Science.""

I have three questions regarding the ""Scientific Accuracy"" of The Martian. Who was the scientific adviser? What were they smoking when they read the script? Where can I get some?

I am not an astrophysicist, I flunked physics in High School, yet even I could have done a better job advising the film-makers on scientific accuracy than the so-called ""Scientific Adviser"" they used. I wonder what this individual actually did to earn their paycheck? Nothing at all as far as I can tell. Here's the thing: Due to the low atmospheric pressure on Mars, the most powerful dust storm possible would be comparable to nothing more than a light breeze on Earth. It would barely have the power to mess up your hair, let alone topple the ascent vehicle or blow heavy equipment around like projectiles. The only danger such a storm would pose would be due to low visibility, you could potentially trip over and tear your suit, smash your visor, or fall into a deep crater. It really wouldn't have been too difficult for the author to devise a scientifically accurate reason for Watney's stranding on Mars, it's just lazy writing and a lack of research.

Suspension of Disbelief rogered senseless and thrown right out the window. There are many more plot-holes and scientific inaccuracies in The Martian, which I won't bother to list. They sure as hell didn't ""Science the "" out of the screenplay, that's for sure. Although to be fair I haven't read the novel, and I don't know if the reason for the astronaut's stranding was the same as the film, so it might not be Ridley Scott's fault, but then again why bother hiring a scientific adviser?

Why would a botanist even be included on a mission to Mars? There sure ain't no plant life to study, and considering they have found Martian meteorites that contain fossilised bacteria a micro-biologist would make more sense.

Oh well, at least Ridley Scott knows how to ramp up the tension and suspense I thought, and the tale of Watney's efforts to survive would at least be satisfying on that level, but it seems Scott has forgotten how to achieve this (maybe he should go back and watch Alien again to remind himself), as there was no suspense generated at all, and I found the whole thing pretty underwhelming and rather boring. And to top it all off the ending blatantly rips off Red Planet. What is it with movies about Mars? Mission to Mars, Red Planet, John Carter of Mars, all very bad films. One day someone will make a good science fiction film about Mars, but The Martian sure as hell ain't it. I must admit though that The Martian looked great, the production design and cinematography were good, and the cast weren't bad so it gets three out of ten. A Ridley Scott film is always going to be visually impressive that's a given, but his choice of mediocre scripts and screenwriters ensures that his modern films are very underwhelming dramatically and thematically",3
The Martian,"I really love the shots of Damon on Mars in this and his performance is a knock out. It's a lot of fun watching him solve all the problems and get amped up. But boy any shot back on earth is comically bad. It's like a different writer did the earth dialog or something. I'm mean it's all so predicative it makes you laugh. I do like parts of it, just basically the parts on Mars with Matt Damon. My boy. But seriously what's Ridley's deal? It's just so hamfisted in scenes when you hear anyone at nasa talk and any intersections the people have seem awkwardly aggressive. Not to mention some plot twists that are just flat out dumb. Just dumb. It's mind boggling.

Watch it for Matt Damon. That's it. Seriously Ridley Scott is just so bad at making movies with human characters anymore. Everyone is a caricature.",4
The Martian,"There's nothing in this movie that was so out of the box that amazed me, predictable story with so many cliché's that we have seen so many times in other movies, if the movie had something new or actual mars exploration i'd be happy or if somehow aliens or predators could start fighting on the surface of mars it would have made a perfect movie. but nope dumb movie, dumb plot just made cool by using nice visuals and effects, was i suppose to feel scared or tense? I saw everything coming in the movie. If you want to waste your time then go ahead watch it, otherwise there are many other space movies that were released before that you should consider watching.",4
The Martian,"The entire film is made as the work of a high school student who has no idea about the basics of physics. On top of that it is infinitely boring and unconvincing. It is full of meaningless scenes, and the funniest thing is when we discover that the spaceship is full of fresh potatoes !!!",4
The Martian,"I don't like Ridley Scott and i find his movies overrated and simple. That said, The martian is an Interstellar wannabe, without depth and research. I am not a scientist, but i can guess the movie is full of imprecisions, nonsenses and ridiculousness. Also if i don't like the director, i hoped that Chastain, Mara and especially Damon would choose a good script, but that wasn't the case. American flags (really? in 2015??), big hugs, happiness and bad jokes. And the final touch - Chinese Help?!!?!?!? WTF??!?! Then, someone don't understand why people don't go to the movies anymore. Plese, stop giving 10 to this movie, and try to find something worth it (Sicario, Southpaw etc.)",4
The Martian,"One of the most important works of literature in the Enlightenment, Daniel Defoe's ""Robinson Crusoe"" (1722) tells the long story of a shipwrecked sailor on an island that in its isolation could have been the equivalent of the planet Mars in the era of Defoe.

Three of the most memorable parts of the novel are recycled in Ridley Scott's big budget film ""The Martian."" The stranded astronaut, Mark Watney (Matt Damon), counts off the ""sols"" or years on his wall calendar, just as Robinson Crusoe marks the passage of time on his island. Crusoe also buildings with great care a home in a cave. It is the abandoned spacecraft that becomes the domicile for Watney. Finally, Crusoe nurses along a plot of corn in his little garden, which ensures his survival. So too does Watney plant a bountiful crop of potatoes within his spacecraft! The first half of ""The Martian,"" which works closely to Defoe's novel and depicts the survival skills of Watney, is the best portion of the film. Unfortunately, the second half lapses into a routine and overly sentimental plan of NASA to rescue the stranded astronaut, turning the film into a ""feel good"" experience about NASA and American patriotism.

But the film undoes itself with incompetence of the space crew that abandoned Watney in the first place. The inept NASA administrators and scientists are even outhustled by Chinese scientists, whose technology in rocket boosters allows them to play a key role in the rescue.

While the cast is filled with good actors, including Jessica Chastain, Kate Mara, Jeff Daniels, and Chiwetel Ejiofor, the film by design is a vehicle for Matt Damon. Most of the other characters have throwaway lines or strained dramatic close-ups as the essence of their characters.

Lengthy portions of Defoe's ""Robinson Crusoe"" are boring because the intent of the author was to demonstrate the loneliness and slow passing of time on the island. By contrast, the long stretches of time spent alone on Mars are filled for Mark Watney by disco music! Even Watney loathes the sound tracks that were left behind by his commander. Unfortunately, the audience has to suffer right along with Watney. For audiences watching the film at home on DVD, be prepared to hit the mute button on your remote.",4
The Martian,"Really enjoyed this movie, then Sean Bean who starred in Lord of the Rings: The Fellowship, brings up the meeting of Elrond!!

The suspension of disbelief gone, film ruined, still managed to enjoy a little of the film with Matt Damon wooden acting, I thought his performance was better on Interstellar as he's better at playing menacing characters rather than Tom Hanks carbon copy from Castaway and Apollo 13 (which is a true story).

Overall Martian was very static movie, the Mars landscape shots looked like it was recorded in the Western United States using a orange sunset filter, where's the odyssey, where's the journey, why are the space suits as bad as Prometheus, thin neoprene with egg dome helmet, which are the most vulnerable part of space suit!

This movies only saving grace was its scientific technical accuracy but after the dismantling of the Large Nasa launch pads and no political or public will to goto Mars is there anything believable in this film??

Where is the retroness of the great Alien and Blade Runner of Ridley Scott?",4
The Martian,"Everything Hollywood is ticked in this movie, big budget, famous cast, American heroes, sadness, heroics, survival against all odds...

and that's it...

I completely get that these common attributes that appear movies (more so around the time of year this was released, for some strange reason...) are loved so much, much I've just grown to find boring, and if you mix a bit of castaway (also released same season this was..) and you ad a bit of big buck sic-fi, and you get the martian, we all know what happens, and how it's going to plan out and blah blah blah.

bottom line, you like Oscar hunting films, you like this.",4
The Martian,"Charismatic leading actors can elevate films of they are well cast and 'The Martian' illustrates this point better than most. Matt Damon has enough screen presence to carry this mess off and carry the audience along with him.

A large and illustrious production team also maintain acceptably high production standards and fairly imaginative production design work.....although at no single point did I think that anything looked like it couldn't have easily been filmed on Earth in a studio on a sound stage or semi dessert location. There wasn't a single moment of remarkableness in the visual design of the film.

The artistic designs of the space vehicles and space travel seemed particularly unremarkable compared to other contemporary space sci-fi films.

The script was miserably distracted from the fairly routine ""Lone survivor"" narrative structure of 'carrying on surviving at any cost' main plot by silly space stories about loads of mundane things: such as extremely likely threats and risks to possible near-future spacefarers; and scientific/engineering challenges, being treated utterly incredibly and implausibily.

I did not find this ratio of straight and silly to be a harmonious tonal balance.

Thank heavens for Matt Damon. The stand out feature of this feature film. All the other actors could have been ""anyones"", their characters certainly were.

Ridley Scott made excellent films, sadly, he now seems to make indulgent films referential only to his own preoccupations. How will his 21st century ouvre be compared to his 20th? My answer is frankly: ""unfavourably"".

I rate a 4/10 for a film that greatly disappointed me, but I'd recommend this firmly to Matt Damon fans and indeed, with rather more qualification, to anyone appreciative of star power/screen presence/ leading actors",4
The Martian,"Ridley Scott has made some great films. Alien, Blade Runner, even Gladiator, and to some extent, Thelma and Louise. He has also made some duds, like Prometheus, Hannibal, G. I. Jane, and Alien: Covenant. Then some ""Meh"" films like Someone to Watch Over Me, Legend, American Gangster, and Black Rain.

In other words, he has gone from amazing to awful in his career. The Martian is somewhere in between.

The good things were the visuals, the concept, and the execution, which shouldn't be surprising to anyone since Scott made over 2000 video commercials before even doing his first feature film, so he had plenty of practice to create amazing believable visuals. Matt Damon also did a good job, although I am not a huge fan of him in real life, he can deliver good compelling performances.

Now to the bad things and there are plenty of them. The cast. They got the look of actors that could be Instagram influencers to play NASA astronauts. Sorry, real astronauts don't look like this. They aren't photogenic models from magazines. They look like everyday people. Also, I have a huge issue with forcing a certain diverse cast, which doesn't reflect reality for the sake of meeting certain social or political agendas. There is a fine line between what feels phony and genuine. Alien had a diverse cast, and even though Scott cast Weaver because she was a woman, the cast felt like they could real people in that situation. Here, none of the cast, even Damon, felt like real people that would have been astronauts.

Astronauts are usually, without exception, nerds, so they look like nerds, not the top most beautiful people from Hollywood Reporter. And we don't need comic relief from Kristen Wiig. There are actors that have the actor look and then there are some that look like the regular person you see work at Home Depot. Stop casting the former all the time. But Scott has been guilty of this for a while now. His last two alien movies have cast that look like top social media influencers.

You could literally find every Hollywood stereotype in this film.

The movie took place in 2035 so the commander, Jessica Chastain, who was born in 1977 in real life, before she would have been old to listen to disco, in the film she would have been born in the 90s, which means she would have grown up in the 2000s, an era way after disco, they wanted me to believe that she only brought disco music with her, despite the fact that iPods that came out in 2001 contained the ability to hold up to several hundred songs, and iPhones can hold 1000s of songs in 2021, somehow in 2035, she could only bring a few songs of disco. She had no other taste than disco. Why is this an issue? Because it's indicative of the small things they can't even get right or truthful that impact the overall movie.

The writing was also not very good. For example, when they find out Damon is left on Mars alive, the conversation sounded like a 2005 ultra-hip convo with phrases like ""my bad."" There is just no chance in hell people from NASA would speak that way. It's irritating because the writer assumed the viewers are too dumb to notice such obvious blunders. Another issue is having Damon explain everything to us, i.e. The obstacles and the plot. SHOW, don't tell should be the rule. Viewers are much smarter than any writer will give them credit for so they over-explain everything or explains things that we could just see with our own eyes.

Also, there was something off with the technology in the film. I don't think they are going to be using regular laptops in 2035 the way things are moving.

The worst part of the film is it actually got worse over time and more implausible. And of course, they had to have the woke hip black guy who didn't even know who the director of NASA was while his quirky obligatory live demonstration of how he alone could save Damon. Cut to the crew's speech and their decision to go get Damon. We've seen this scene in a million films. Try something new, please. Tired of the carefully composed calm director of NASA so follows the orthodox protocols and is fought by the inside rebels. Then, of course, China came to the rescue so they could sell more tickets in China.

This film should have stayed on Damon alone trying to overcome his dilemma, instead of the whole world coming to the rescue while singing kumbaya.

So it's by no means a perfect nor awful film. It's a below okay film with dumb unnecessary flaws. Is it worth watching? Yes, but don't expect a Scott masterpiece like Alien and Blade Runner. It's more like ""American Gangster"" which was a movie with flaws that you watch once.",4
The Martian,"OK, what would you expect to see in a Hollywood movie, where a man is left on Mars, after a local storm, considered dead?

A heroic will to live by the ""Martian"", a heroic rescue mission by the members of the crew that left him behind, as soon as they realize he is still alive. And that's what you will see. No surprises, no deeper meanings and thoughts, nothing. No critique at all on the internals of NASA (are things really that good?) no realism on the psychological condition of the ""Martian"", just adequate acting.

Unworthy of the director that gave us Blade Runner, Alien, Thelma & Louise.",4
The Martian,"Are you ready for a feel good movie about being left to die on Mars - well ""The Matian"" could be it! (could be a couple of spoilers if there's anyone left who has not already seen this one). This offers all the fun of being left out in the frozen night - then waking up next morning totally ALONE on Mars. Our astronaut (Matt Damon) has been speared in the gut and surviving in a space suit that has a hole punched in it. After some initial grueling pain we surprisingly find Matt doesn't really seem to mind all that much.

Nice images, good locations, some good original score music (in between the compulsory hit-parade-chart-toppers designed for the sales promo sound-track album), then along come those assorted characters from the central casting stereo-types catalog - you know them all from just about every other big budget crowd pleaser over the past 25 years. The stony, super cool NASA chief ~ super smart female space craft commanders who show little fear or sign of human concern - simply reduced to 'gung ho' utterings like: ""OK lets go get our boy""! ~ Chinese scientists willing to give away billions of dollars and years of ""Top Secret"" equipment and information - all just to get a nice outcome for this lone U.S. astronaut ~ understanding wives and children who smilingly wish their life partners well - after being told they've voted to put their lives on the line for a one in a thousand mission. Not enough for you? - there are many others to be found but go see for yourself.

It's beginning to seem like NASA is being reduced to product placement in space. Even the the 55yr old poorly named: ""Robinson Caruso On Mars"" fared a little better in the human psychological stakes. 'The Martian' is really just another typical Ridley Scott movie so if you enjoy those, then none of the above will concern you - now I understand why it ended up on general cable less than a year after its Cinema release. While some of its two hrs plus is watchable, those that are lovers of fantastic big budget space adventures will actually enjoy it all but, if that's not you - then blast off with caution...oh, further warning: you may also need to dodge all those awards that were thrown at this offering.",4
The Martian,"I am sure all who have read the book feel they fully missed it with this movie. It simply is not possible to tell the story in 2 hours without cutting so much out that it can't create the back stories, emotions and the how and why. Best way to get this story is by audio book (from audible) and you after each hour will notice how making it a 10 part netflix series would have worked so much better. There are many natural cliffhangers, emotional ups and downs and moments that would have you think how would you react as the main person, the human population or the different people at nasa/gpl. I am sure many of the people involved in this movie also miss what they liked about the book and is totally missing from the movie because of the huge missing parts that result in things becoming random and happening for no clear reasons.",4
The Martian,"Probably The Most Weird bit of all is the fact that Matt says that an explosion from a sort of water generator was caused by the excess OXYGEN that he breathed out: 1. You breath out co2 not oxygen 2. you would not cause an explosion by breathing a single breath of wind 3. How would like 10gs of wood chips burn for some like: 200 sols? he would need 10 kg instead of grams.

Duct tape does not help in taping together a hole. It just doesn't. And I don't see any seals in that. all there is is a tarp and a few straps and duct tapes strips to seal it together. Mark uses duct tape to fix his spacesuit, attach a dangerous plutonium reactor, and to seal of a giant hole in the wall of the HAB, the base of the mission. The alarming fact is that it is 100% worrying when you hear the flapping sound of the tarp, and sending a person on a rocket ship with its nose cut off and replaced with a tarp is totally nonsensical.

Overall, This is an okay movie but if you are one of those experts on film better not watch it. or if you are a scientist.",4
The Martian,"After making Interstellar Hollywood said, ""Man people are f**king stupid. Interstellar was a joke and they loved it but, it was obviously way over people's heads. Let's make a new space film the masses can all get behind; complete with poop jokes, clichés, and dialogue for the understanding of twelve-year-olds complete with cursing, and did I mention poop jokes? See, that guy laughed! We'll be sure to nail our demographic with the soundtrack too! We'll call it... The Martian."" Seriously, these guys know how to read their audience! As soon as the toilet started flushing members of the audience started a light chuckle. ""He made dooty!"" the thought of the gentleman sitting behind me perhaps. Has anyone seen that film Idiocracy? Not a bad flick if you ask me.

Very impressive scenery and CGI though. Also the acting wasn't half- bad! More than I can say for Interstellar and Matthew McConaughey.",4
The Martian,"Caution: ""Spoilers ahead."" Like you don't know how this piece of work is gonna start, bore you and then end. Absolutely leaving you with the feeling that you've been swindled by Hollywood, Again! Just how much do the movie companies pay for good reviews? This was supposed to be a hard science fiction movie. Instead, I left the theater dumbfounded.

GOOD SCIENCE FICTION MOVIES ARE LONG GONE FOLKS! Kristen Wiig was miscast. Why is Kate Mara in everything? Same with Jessica Chastain? Michael Pena in space? OK. Chiwetel Ejiofor went from Serenity to this hot burning pile of garbage? The humor, bad. Just dreadful! The casting, bad. The scientific plausibility of Mark Watney surviving God knows how many sols without sufficient oxygen or food, really, really bad.

Forget about the use of duct tape in this movie. How about Mark Watney taking off of the Martian surface and into low orbit in what can only be described as a convertible rocket ship. Awesome! No wonder all the ""Premium"" cable movie channels have their own shows. Hollywood rarely makes a good film nowadays.",4
The Martian,"I am mystified by the overwhelmingly positive reaction that this film received, not only among moviegoers but critics as well. To be sure, Matt Damon is his normally engaging self, to the point that, if it weren't for him, The Martian would be almost unbearably tedious.

Let's start with the fact that there is really no dramatic tension here whatsoever. Was the fact that the stranded astronaut would be heroically rescued in the last five minutes ever in the remotest doubt? This is a Hollywood movie, after all. Sure, there is the usual internal dissension - heartless management vs. compassionate colleagues. We know who is going to win that battle. There is Mark Watney's ongoing struggle to stay alive, through an increasingly unbelievable series of stratagems, despite things repeatedly blowing up around him, all the while making endearing wisecracks (for the most part to no one in particular).

The special effects are pretty good, though nothing that is much beyond what Kubrick was able to accomplish almost half a century ago.

The script has a few bright moments, but is so replete with clichés that it frequently verges on parody. The cheering crowds in Times, Trafalgar and Tiananmen Squares, the ubiquitous CNN news feed, the ""unconventional"" but brilliant young NASA engineer/math whiz who saves the day (along with the Chinese, this being 2015), the selfless, bantering and bonhomie among the properly gender-balanced crew of astronauts, the hard-ass ""suit"" who runs NASA and runs up against the ""old guy"" who has one last act of defiance left in him - and on and on and on. Really, there is not an interesting or nuanced plot twist or character among the lot.

I wanted to like this movie, mostly because, despite its thin story, Blade Runner still holds a special place in my heart. But I do now understand why Ridley Scott didn't get his Oscar nomination for best director.",4
The Martian,"I had heard so much great stuff about this movie I almost went to the theater to see it. Then I figured I'd wait for DVD. Then... hey, it happened to be available on a trans-Atlantic flight I was on last weekend, so I dove in.

Wow, was it dull. I couldn't believe a situation like that one had so little tension attached to it. Damon's character seemed so happy-go-lucky about the whole thing I figured he wouldn't mind staying where he was, so why worry about him? I know nothing of the (lack of) science that other viewers are commenting about, but most if not all of them probably know what they're talking about. I don't mind suspending disbelief, but I need to be entertained, and this failed on all counts.

Can't spoiler it... didn't finish it.",4
The Martian,"Yes. Indeed.... Though I have numerous beefs regarding this latest offering from director Ridley Scott (who, believe it, or not, has got yet another ""Alien"" sequel lined up for release in 2017.... Ho-hum!) - Here are 2 of my biggest grumbles against ""The Martian"".

(1) - With ""The Martian"" having a PG-13 rating - I'd say that, as an adult, director Scott has short-changed me, big-time, with this one.

I mean - Here was a story that was so full of plot-holes, implausibilities, and annoying loose-ends that only someone with a mindset of an adolescent could appreciate it and not question its endless ""science fiction"" inconsistencies.

(2) - (This is just a personal observation) - But - (From where I was sitting) - I was sure hoping that after all the time he spent on Mars, the Mark Watney character (once back on Earth) would slowly-but-surely start to morph into an actual ""Martian"".

Now, I'm not talking about Watney turning into a hideous-looking monster, or anything like that. No.... But because of Watney's long exposure to this alien environment, he would somehow subtly change and, yes, maybe find that he had to return to Mars in order to continue to survive.

Yeah. A scenario like that sure would have beaten out how this hum-drum Sci-Fi tale inevitably ended.",4
The Martian,"I found this movie to be underwhelming. It might help get some kids interested in space and science, but the whole experience felt overly comical. Big moments felt trivial. Matt Damon's character should have enormous complications to overcome, but in the movie he just casually acts like he was at the playground. It never seems like he is in any real danger.",4
The Martian,"I read the book, ""The Martian"" by Andy Weir and so hoped the movie would be good or at least interesting. The scenery in the movie was great, and the film covered the large concepts of the book. But overall it was lacking. The movie overlooked large segments of the book, especially some of the more emotional pieces, like the conversation between Johnson and her father right before the resupply is sent up. The chemical resin, that saved Mark's life countless times in the book, was absent. Scenes where Mark has to struggle to survive and does some daring escapes were left out of the film. Also, he doesn't walk right out of the airlock, he has to find a way to get the airlock to the Hab.

The humor was also lacking, the Watney character was much funnier in the book.

The book contained science, math calculations, fully explained concepts and ideas. The book explained how to create the ideal conditions to grow potatoes. There was a lengthy process of preparing the soil in the book - the movie just showed him planting potatoes. Frankly, the movie was a dumbed down version of the book.

Then there is that annoying 'artistic freedom' that directors use. In this case they kept communication between Watney and NASA open and functioning normally. They added a Iron Man like scene in the end and they made the secret meetings between the higher ups - not secret. The emotion the crew feels as they extend their journey is absent, partly because the film doesn't show any issues with Hermes malfunctioning on its extended journey.

For a movie about space it's not bad, but for an adaptation of the book, it's lacking.",4
The Martian,"Yes of course it is. Frankly I do support that goal. So who is it that fights against that? The bureaucrats of course. This was filled with evil bureaucrats making obviously wrong headed decisions just so the ""space cowboys"" could defy them.

This movie is filled with hackneyed and cliché characters, and anyone who was not blind could see the ending long ahead of time. No, I did not even read the book.

By any standard the cinematography was good, and the Martian set pieces looked too, not especially great mind you but at least good enough. Watching this film in 3D did absolutely nothing for me at all, I recommend saving the extra $3 and seeing it without the special glasses.

My suggestion is to wait until this reaches the discount theaters and see it there.",4
The Martian,"The promise of the first ten minutes was thrown away in this overly long film.

I loved the initial ten minutes which set up the film nicely, but after that, it dragged to a predictable point and was very lame by the end. It's is smart in terms of setup and the whole creation of Mars, but it's lame in the screenplay and added uncalled for points.

Certainly, it brought out of the best of Matt Damon, the leading man. But, I am not so sure that it brought the best in others too. The supporting cast was just doing their part and they did not enthuse me much.

The special effects were amazing, given the budget and the director Ridley Scott who was a proved Sci-fi master. Thanks to Ridley as he added some drama and fun. Else, this would have just been another survival story. The humor in this film is surely commendable.

Also, there is very little science jargon in this, it helps a layman understand. Unlike Interstellar which had too much of science jargon, that made it abstruse.

The Martian keeps the dialogue simple and relatable which for sure is nice. My biggest qualm is the length of the film, which could have been trimmed easily by 20 minutes. Other than this, I am fine with most of what I saw. Indeed happy in parts too.

A 3/5 for a certainly good film, that could have been so much better. Perhaps one viewing is recommended if not a repeat watch.",4
The Martian,"I have no idea why this has such a high rating. It's not terrible by any means, but it is quite boring for long stretches.",4
The Martian,"Looks like Mr. Scott has run out of ideas. We've had the oldschool grandeur of Apollo 13, the utmost, clinical, hysterical idiocy of Gravity, the absolute nonsense of Prometheus and ""The"" Interstellar.

Mr. Scott has tried to mix it all in one cup and ultimately flavor it with the Moon(2009). Well... where to begin...

The first minutes of the movie I've spent laughing out loud like a maniac. Because I saw some of the stupidest scenes from Prometheus, gobbled with nonstop science mumbo-jumbo and abbreviations and...

Ten minutes in, it's established that... something stupid happened and that the Martian is alive, because... something stupid happened.

Scott probably liked the effect... and the stupidity of what he did in Prometheus, so he had to insert the science and the bloody scene, just to build up suspense. Pro tip, kids: if you get a suit decompression - stick yourself with something sharp, and mix the blood with the sand and voila, you are good to go Gravity style with critical oxygen for as much time as you need.

That's followed by the heroic re-imagination of the Moon, where instead of something interesting... we see the convenient Botanist grow stuff up. Well, when you make it in space and on Mars - I guess it has to be interesting, right?

The plot thickens(c), when our convenient Botanist finds a convenient probe just next to the hab and builds up a pretty convenient chat communication with Houston. It looks like the sole purpose of this communication is to establish that something bad will happen, because the moment it's announced - it happens.

By then the movie straight parodies the tension of Apollo 13, unsuccessfully, to the point of mandatorily blowing up the USA supply probe, just so that we could get the Chinese some credit. I wonder, first Transformers 4, then maybe something I did not watch, now Martian... USA is really trying to get China, what's the tinfoil plot?

That's when some uncredited genius thinks of a solution that somehow nobody working there for a living has thought of and it builds the mutiny and patriotism of Apollo 13.

Then we see some solid BS that gives even Gravity the run for its money, and that's saying something... all because Scott is desperate for an intense resolution.

In the end, we understand that... we have to watch Pirates(any), Iron Man and Lord of the Rings. And that the whole world apparently cares for the one guy who is simply MIA. Enough to risk the lives of other astronauts, millions of dollars... screw it, billions of dollars and the future of NASA - just to get this one guy back. At least Apollo 13 was ""true story"" and tried to be realistic. This movie? Shows that Scott is trying his hardest to go from a great director to a random sellout. Sorry, Maximus, nobody is waiting for you on the other side... Except maybe for the blue balloon guy.",4
The Martian,"It is tough to take a drama seriously when the characters do not take their plight seriously. Sure everyone likes a cocky James Bond, but a botanist stranded on Mars with a cavalier attitude who shows little to no emotion? Sorry, not working. This was partly the writer directors fault and not the actors, I am not sure they gave him the opportunity to add a human element to this story. The biggest conflict was from a minor character on earth and that was not played out well. ""Yeah the boss says no but I have feelings here and I am going to do what is right gosh darn it"". Of course it is from someone you have idea who they are because there was no character development. Now comes the science flaws. First of all, your suit gets punctured, death is imminent and fairly quick, Damon's suite gets breached three times, once on purpose in the alleged dramatic rescue, I cry BS. Second, if you have a need to accelerate a space craft by using the gravity of earth or Mars, you cannot send a space craft off the surface and hook-up, if you could you would not need the slingshot maneuver. This film deserves a remake but not by Ridley Scott. This is an old story updated but dejavu all over again.",4
The Martian,"At one point in The Martian, Matt Damon's character mentions that he hasn't bathed in quite a while. My wife turned to me and said, ""He must stink!"" I replied, ""Almost as much as this movie.""

I've seen worst movies to be sure. But I would have expected more from director Ridley Scott and certainly a great deal more from one of the better known planets in our solar system.

Damon plays astro-botanist and electromechanical whiz Mark Whatney. This guy makes McGyver look like a five-year-old dealing with an incomplete Tinker Toy set.

As far as the acting and directing go, I suspect that Mr. Scott, while screen testing Jessica Chastain, said something to the effect of, ""Yes! That's it! That's the kind of acting I want in this film! I want everyone to simper and smirk and give me that ""can-do"" attitude. We'll do over two hours of just that! As well, we'll pepper the film with crummy pop music from the seventies. And we'll have none of that four-letter language that I've used in my superior films such as American Gangster. This is going to be a movie that the whole family can suffer through!""

The effects are great. And although I haven't been there yet, the Mars landscape looks real enough. But this is typically overblown Hollywood schmaltz (and you just KNOW how it's going to end).

I should finally mention another notable scene in this film where Damon is sitting in his Martian abode watching a video of a Happy Days episode. It raises the question, ""Would I rather be 225 million kilometers away on a cold and barren planet watching Happy Days, or subject myself to another movie like The Martian in the comfort of my living room?""

Tough call.",4
The Martian,"So we're suppose to believe the whole world cheered onto a guy who was stuck on a planet, spending countless of money and effort and science geeks from JPL to support? Meanwhile, broadcasting this to every country in the world as they watched on from big monitors in their perspective cities and cheer during the rescue? Give me a break. It's that silly. Annoying thing about this is also the moment when the super smart scientist gets an idea but doesn't reveal it because...it's too cool to get right to the director of NASA to tell him off. Because time is of the essence, we have to wait to get to his office to present it. Really? This movie is dumb. Smart, in terms of the science, but really dumb in jamming a story where one didn't exist. It reminded me of those movies that are so intricate, the science geeks go gaga over, and the idiots who don't know science don't want to seem like morons and agree what a great movie it is. It's not. It's a less interesting ""Castaway."" Also, what's the deal with shooting it in Jordan. You know what it looked like? Utah. So, the entire time, I just considered Damon trapped in some godforsaken place on Earth.

This movie is boring. Further, the ridiculous crew of the Hermes. Selected perfectly to be...so different. They're ineffective and drags. Also the pretty scientists at NASA, PLEASE! If that doesn't take you out of reality, nothing will.

Corny and stupid but well made. So I know why others think it's a good movie. But it's the worst. Now director Ridley Scott, who did so well prior to 2003, has lost his touch. I would dodge this garbage.",4
The Martian,"I'm not going to go into all of the implausible science in the film; that's been well-covered by every other review here.

In many years I have never seen a movie receive such undeserving critical praise. It is clear from the reviews here that many people found this film to be the boring and slow slog that I did.

Simply put: this movie doesn't matter. Matt Damon stars as another marooned astronaut, the second time in two years he's played such a role. The difference is, of course, that his character in Interstellar is far more interesting and has more depth than the astronaut he plays in The Martian.

Every single character is cookie cutter. Every single line of dialogue is written as it were for a TV character, meant for an unsophisticated audience that mentally fist-pumps when they're exposed to such gripping dialogue as, 'I'm gonna have to science the sh*t out of this"" and ""let's go get our boy"". Delivered as flatly as it does here through actors like Damon (barely passable) and Jeff Daniels (wholly insufferable and cringe-inducing), it makes you want to slap your hands to your ears to make the pain stop.

After 2 hours goes by and you realize that the most interesting and exciting part of this movie occurs is its first 4 minutes irritation sets in. I don't know whether to blame Andy Weir or Drew Goddard, but putting a self-aggrandizing clown at the center of a movie about being alone in an alien world completely saps all electricity and tension from the proceedings.

So yeah, while things like putting a tarp over a spaceship bothers me, that's not what makes me think this movie is trash; instead, it's the way it uses hackneyed ""feel good"" human moments to prick a thousand holes in a balloon of tension it should have been building.

What a waste of time. How did the critics screw this up so bad? AVOID!",4
The Martian,"The story had all the ingredients required for making a great movie. But by pandering to political correctness it lost the plot even before the movie got started. The film is too predictable, with audience able to guess almost every next move. As part of politically correct movies, the characters are right mix of women, blacks and other minorities in important roles such as scientists, commanders etc. Which leads to question with young men and women together for such prolonged periods what can happen between them? Which is ignored here. Matt Damon is the only saving grace of the movie. The special effects are good. But other than the special effects and some desperate attempts by Matt Damon to save the movie, everything else fall flat on the face.",4
The Martian,"Ridley Scott has not crafted a good film in years. This latest installment is unfortunately no exception to this pattern.

Taking a broader perspective on Scott's career as a director, one can easily see that he loves to depict a humble protagonist, one who displays nobility of heart, stands up for his/her beliefs and has a moral struggle but tends to choose the ""right path"" even if it is the harder one. I do not mean to say that path is necessarily morally sound from a viewer's perspective, or even from Scott's perspective, but instead it is ""right"" for that character and what they believe is right. Scott is quite practiced at this kind of character, as he's done it in several films: American Gangster, Exodus: Gods and Kings, Gladiator, Robin Hood, Body of Lies, and Kingdom of Heaven, to name a few.

In this film, The Martian, Scott attempts to break away from this formula a little bit. We are still centered around one main protagonist who is struggling, but not morally - instead, for his own survival. There's no hard choice to make, no pros and cons to weigh; he is simply fighting for his survival and has to face the reality that he may not get out of it at all and end up dead on Mars.

At first I was relieved that finally Scott is trying something else, as his last several films have been formulaic and tiresome. I was even looking forward a bit to seeing what he would do with such a film. But this film brings almost nothing to the table, almost entirely devoid of substance. It is as if the tried and true formula Ridley Scott is known for is actually all he is capable of as a director. I don't mean to say he should never do anything else, because certainly that formula is getting very tiring. I just mean that it says something disconcerting about his directing when his precious formula is taken away and this is the result: a large forgettable black hole of a film.

The struggle of survival is a theme tackled by many films, and I do not attack this film thematically. The theme indeed has the potential to deliver something very powerful, emotional, gripping, something that jibes with the human experience as a whole, something that, even if we cannot relate to directly, we can feel for the character going through it. 127 Hours is a great example of a survival story which was done well. We feel the brutality of the situation; he is broken down to the point of drinking his own urine and eventually his spirit breaks down enough to the point of severing his own limb off. Things actually happen that show the character's suffering, brutal things that justify the extreme action taken.

Nothing really happens in this film. The plot is virtually null, and the emotional content is non-existent as well. One would expect a survival story to actually contain a bit of struggle, perhaps even some brutality or exploration of extreme states of the human condition, but this films lacks all of those. Almost right away, since he just so conveniently happens to be a botanist, he figures out a way to grow food, and you fully trusted he would do so given his profession. As for water, there is plenty aboard the station. As a viewer, your comfort level in his biological state is very high; he has plenty of food and water to last him quite a while. So that's taken care of promptly. Secondly, the social factor. Loneliness of that scale can be a powerful cinematic element.to take advantage of, but this is also ruined by the film constantly cutting back to Earth, and then he finds a way to start contacting Earth also. So that is also taken care of. Thirdly, missing his friends and family. That just wasn't ever brought up even one time, so that wasn't taken care of so much as it was entirely absent. All this together shows basically zero struggle. Somehow Scott has managed to make a survival story into a cushy, comfortable ride; I never once doubted or was afraid for his life. I don't state this with revere, this kind of contrast is simply baffling and doesn't make sense whatsoever. There were a few occasions where the film tried to throw in a sense of looming doom, like the food supply would reduce or the situation back on Earth would seem hopeless, but these ultimately felt contrived and were tossed in purely superficially; it definitely didn't fool me any.

Right in line with the empty plot, character development is also nil. Our protagonist learns nothing, does not change in any fundamental way, nor does any supporting character. He gets left behind on Mars and gets rescued at the end, going back to normal life afterward. Oh, he starts to teach survivalism in extreme space situations, but this is more of an afterthought than a fundamental character change. Jeff Daniels plays the director of NASA; he honestly could've been completely cut out of the film and no significant difference/loss would've occurred. His role was to be the face to the public, as we constantly see him babbling on and on in press conferences about Damon's current state and what NASA is doing to try to rescue him. In fact, most of the scenes and characters on Earth felt pretty pointless. To some level they were obviously needed, as they are the ones who must rescue him, but that didn't make them enjoyable (not that the Mars scenes were much better).

I'm not entirely sure how much can be blamed on the novel the film is based on, as I have not read it, but I do believe a director has full control of a film and if a novel is a bit drab, a director can and should breathe more life into it. I have a hunch the novel is not so bad and it is just that Ridley Scott was assuredly the wrong choice for its adaptation into film. It also might seem appropriate to blame the script writer, Drew Goddard, but the dialogue was not so horrible, aside from the mostly banal attempts at humor - though some lines were funny. While I do not ignore the significant role that source novel material and screenplay have, I'm still placing most responsibility onto Scott's lap. He didn't portray any character change, he didn't use a cinematic eye to communicate any substance.

As far as acting goes, nothing is particularly terrible, but not much was required either. As a counterexample, Damon's acting in Interstellar was one of the worst performances to ever appear in motion picture history, but this was because it tried to be a very dramatic scene where he attempts to murder the whole crew. His acting simply wasn't good enough to carry that kind of role, so it came off as simply laughable. This film on the other hand doesn't call for much, so his caliber of acting was just fine for it.

All this said, there is one thing Scott shines at that I cannot deny, and it is present here also. He makes watchable films. It's hard to describe precisely what this means, but I'll try. It means a film that is entertaining enough, moves along quickly enough, is not completely laughably awful in every way, never gets too slow or boring - I should point out that this is completely different than a film having substance, which I've already said this film lacks. But it is watchable, I'll give it that. Entertaining enough in a popcorn sense - you don't need to pay attention much, because there's really nothing to pay attention to. This makes it more of a lighter affair, which completely contradicts its theme as I've already pointed out. So yes, I admit The Martian is not entirely boring as you're watching it, but after you watch it, there's nothing much to reflect on or take home.",4
The Martian,"Did Ridley make Blade Runner, Alien, ...?

Who wrote music for this movie? Or better, who chose soundtrack?

While casting is ""OK"" and ""SciFi"" effects are ""OK"", songs used in this movie just do not go by.

I would pick better songs.

Shame, since it would be much better movie with properly selected songs and better sound effects.

I was disappointed. I think Ridley or someone who is choosing music and sound for this kind of movies lost his/her touch.

I am still waiting for better SciFi movie since Looper in this decade.",4
The Martian,"This film seemed to have all the right ingredients - Ridley Scott, Matt Damon, Jessica Chastain, together with a classic Sci-Fi premise - isolation on an uninhabitable planet. Maybe it would provide the suspense and anguish of Moon? Maybe the consciousness bending intensity of Intersetllar? Or perhaps it would be something totally unexpected? Well, turns out it WAS something totally unexpected. It was a bad re-make of Apollo 13, apparently sponsored by all of America's favourite clichés. Despite being rated higher than 2001 Space Odyssey on IMDb (thanks to the ever enlightened opinion de publique) the Martian is little more than just another blockbuster feel-good fest.

There are some exciting moments and on the whole the film is well directed, except perhaps for a bizarre obsession Scott seems to have with getting an astronaut in zero gravity to float backwards diagonally between two rooms, which was as confusing as it was pointless. But after a good start, an interesting premise and an hour and a half of the same series of events repeating themselves over and over, I began to empathise strongly with Damon's feelings of perpetual boredom.

After the plot comes around for about the third circle of the same thing the movie shifts gears, as if it realised it was going nowhere, and instead becomes something reminiscent of a 'GO-USA!' cheer-leading squad provided to you by coca-cola.

Then, finally, after what seems like a year on Mars we are handed a big slice of USA self-congratulatory indulgence, based on the idea that science can solve everything and the human spirit of ingenuity conquers all and stereo-typical genius geeks are always socially awkward and even China loves America and blah, blah, blah, etc.

Damon's character is left largely in the realm of a two dimensional marvel comic hero, with some almost funny quips, and the other characters seem little more than simply 'home of the brave' slogan spouting vehicles. Even during the end credits we're served yet more feel good factor melodrama, just in case we didn't get it yet.

From the man who directed Blade Runner this is a huge disappointment, but if you want some light entertainment that's over 2 hours long then go see The Martian.",4
The Martian,"The once great Ridley Scott continues to disappoint in a film for Matt Damon enthusiasts who enjoy crowd-pleasing silly dialogue & gooey, touching moments with accompanying music that helps you know when you're supposed to feel something. Bring him home? Eh...seems like a lot of work & I'm sure in reality NASA wouldn't bother. And neither should you.",4
The Martian,"Talking about a realistic film...

When a mission in Mars goes wrong, the astronaut crew hurriedly departs from the planet. A crew member (Mark Watney, played by Matt Damon) has an accident and is left behind. He is presumed dead by everyone. NASA issues a statement about it, while the crew is on its way back. Everything's OK up to this point.

When it is revealed to NASA that Mark Watney is alive, the organization has two options:

1) Let the world know they mistakenly left an astronaut alone in Mars (gain bad publicity) and be forced to launch a multimillion rescue mission with high probability of failure (NASA's budget and reputation at stake). And all these, just for one man.

2) Silence the employee's who know about it (by any means possible) and let Mark Watney die. Nobody will ever know, hence NASA doesn't get bad publicity and saves hundred millions of dollars (to say the least).

Guess what... They went for #1! And the Chinese helped them too! Now, this is what I call PROPAGANDA.

In addition, the film suffers from an extremely bad sense of humour. I honestly found the ""disco"" cue pathetic, but I guess it's a matter of personal taste.

Don't get me wrong, I actually enjoyed this movie. It has great cinematography (not Interstellar standards but still commendable) and overall it is good fun, but obviously it can't be taken seriously.",4
The Martian,"This is not a movie about a stranded guy on Mars. It's a movie about an American guy left stranded on Mars. It's not a movie the explorers true emotions in a guy completely lost in outer space. It 's a movie that shows, and salutes, high spirit and an ability to take everything with a toothpaste smile in the darkest circumstances. Its not a movie that surprises you in any way. It's a movie that tries to surprise you so much that you pretty quickly understand that this will be a consistent pattern throughout the movie.

My hope was to get inside the mind of a guy left alone from earth, totally alienated, and with a challenge to sustain himself with food in a race against time. Nothing more.

It doesn't show any significant amount of doubt or fear but instead it shows scenes with action again and again which eliminates any chance of connecting with the story in any empathic way.

And on top of the cake you had the whole stereotype team spirit with his crew and NASA and yes, the whole American nation. One big happy family.....

/Simon

Ps. When you read reviews that gives max score check to see if the user has made more than one review. If not consider the possibility of a lobbyist. If you agree consider putting this post scriptum at the bottom at your own reviews.",4
The Martian,"I am sorry but I can't understand why this film got such good reviews and that Matt Damon was nominated for Best Actor. This was a terrible movie.

I found myself very conflicted at the end of this movie. On the one hand I so wanted this movie to be over. On the other I was shaking my head thinking there should be more to this movie. That was a terrible ending.

A few Questions: 1) If Matt Damon's character (Don't remember, don't care) is a botanist, as he states, how does he come to know mechanical engineering, electrical engineering, rocket science, computer software development, advanced mechanic skills, extraordinary navigation ability, piloting skills, and (believe it or not) a master hair stylist...If he knows all that, what was the purpose of the rest of the crew?

Seriously, he could have done the entire mission on his own. Why send so many people when superman , brainiac was already there. What more could they have done, that he wasn't capable of?

2) If the Chinese are concerned about the secrecy of their rocket technology, why give it to a bunch of government rocket scientists from America who understand exactly what you have? Seems like the worst place to keep you tech under wraps.

3) How the heck did Matt Damon get an Oscar nod? Or any other award for that matter. This was a horrible performance. Little to no emotion. No character development all. And that goes for the rest of the cast. Who were these people? Do we care at all about any of them? I would put this just ahead of the Star Wars prequel movies (1-3) as far as acting is concerned.

Do you want to know who should have gotten an Oscar??????.....

The Potatoes.

I found myself caring more about whether or not they lived or died than any character in here.

Snoozefest...",4
The Martian,"This is woeful ...

Appalling ""script"", no direction, incredible comedy casting, zero narrative tension - everything I've come to expect from a Ridley Scott ""production"" over the past decade ...

What on earth this guy is thinking and what people are seeing in his output I just do not know ...

A complete and utter waste of time - I'd be embarrassed to be involved with this and surely to God the talent that was involved in this latest wasterpiece of Ridley's will be steering clear of him in the future, it all beggars belief it really does ...",4
The Martian,"I really wanted to like this movie and i was excited when i went to see it. The effects and the setting is great, but the movie never delivered. It completely lacks suspense due to its long run and extreme rate of predictability. When i found out that the rescue mission had to take another trip around the sun, which meant at least one more hour in the theater for me, i almost walked out. To top it off, it also became quite annoying with try-hard one-liners like ""I've got to science the s**t out of it"", and silly gags about where for instance excessive use of ketchup is supposed to be funny. I realize that this is done to give the movie a broader appeal, but it also dumbs it down considerably.

From the marketing about how it contains accurate science etc, I expected a more ""hardcore"" science fiction movie, but it felt more like an episode of Iron Man in terms of ""science"" and ""humor"".",4
The Martian,"The bad news is that NASA has to effect a high risk rescue of an astronaut from Mars. The even worse news is that this process will take dang near two and a half hours real time and it involves enduring Matt Damon. This has got to be one of the most tedious movies of the 21st century as Damon, playing space cadet Mark Watney, mugs and cracks wise in a seemingly interminable proto-propaganda bureaucracy department feature. Damon is developing a specialty for quasi-governmental roles what with the Bourne stuff, Confessions of a D M, Saving Private Ryan, Syriana, The Good Shepherd et al. The premise of an outer space rescue that takes this long means it can only end successfully,thus quashing the only sliver of suspense that may have existed in the first place. In contrast to Damon for the most part, Ridley Scott at least used to regularly make good movies, but has now apparently joined the pasteurized cheese by-product posse. The disco soundtrack is roundly criticized by the cast throughout the flick yet that's all you're gonna get so apparently the producers wanted to have their cake and eat it too. Jeff Daniels reads his lines authoritatively while Kristen Wiig is little more than a statue, propped up next to the lectern, implying that women are not quite ready to issue NASA p/r convincingly. High production values, solid special effects ( even if technically inaccurate ) and an exciting final ten minutes or so can't keep this slab of cosmic detritus from deserving to be lost in space.",4
The Martian,"Maybe my expectations were too high (I watched this right after coming off Interstellar, which I rather enjoyed) but this movie was completely forgettable. The plot is a standard ""save the stranded guy"" story reminiscent of Saving Private Ryan but not executed nearly as well. I could see everything coming from a mile away. Predicting what would happen next was more enjoyable than watching the film itself.

Matt Damon plays one of Hollywood's favorite tropes, a tough guy who, when placed in a life-threatening situation, would rather crack jokes and make fun of disco music than portray any kind of emotion a person in the same situation would conceivably show. He's unrealistically knowledgeable about stuff outside of his field and shows no real depth. There are no psychological consequences of being abandoned on a completely different planet to him.

The rest of his crew are a dull group that I can't even remember for anything other than their unlikely decision to spend a ridiculous amount of time in space away from their families just to save the main character because he is, well, the main character.

The science behind the film was also quite unbelievable. Directors stretching things a little for convenience is no problem with me (and a sci-fi film shouldn't be judged solely by its scientific accuracy) but this film had some errors that my nine-year old cousin even noticed.

The only thing I have nothing bad to say about are the visuals. The CGI was some real high-quality stuff, and the visuals of Mars were stunning. Like most movies nowadays, it's a piece of mind-numbing eye candy, all surface and no substance. Overall, it's just one more piece of Hollywood media that will be consumed by the masses and be forgotten as soon at the next space flick comes out.",4
The Martian,"I watched this film last night on TV whilst the Olympic hockey final between GB and Holland was being played. As I became less and less interested in this mess of a film I finished up turning over to see what was happening in the hockey. Hockey is not my favourite sport but it was much more watchable than this ""childish"" film. I expect in the cinema the special effects were good , but we have seen them before in better films than this.The producers must of thought do the public really want to see another of these space ""epics."" Maybe not, so we will stuff the film with star celebs who don't say very much,but when they do at least anybody with an IQ over 60 will be able to understand what they are saying. Did anything happen at the end? I was watching the penalty shoot out in the hockey?",4
The Martian,"The idea is not that bad but there are too many things that made me think ""wtf, how is this possible? And how is this that easy to make?"" Did he really fly towards the space shuttle thanks to a hole in his spacesuit?

Every huge problem has been solved in a second with a stupid solution.

He crashed his helmet and he fixed it with some tape, seriously?

He lived over 600 days alone in Mars and he never felt sad, angry or depressed. He never had crisis or moments of madness.

He's a botanic but he can do everything, he became a chemist, an engineer, a mechanic, but then he always fixed things with some plastic sheeting and a tape.

Not terrible but there are several things to adjust, watch it only if u don't have anything else to watch.",4
The Martian,Maybe I had to high expectations but this is just another search and rescue movie that follows every single rule with the Hollywood ending.,4
The Martian,"I found watching this film a very underwhelming and slightly bizarre experience. It seems to have almost invented a new genre – but one that feel to me utterly pointless. The Martian is basically a factual/historical drama – about something that never actually happened. The style, pacing and storytelling is exactly like Apollo 13 (and I mean exactly) – and fairly familiar to other based-on- real-events films like the recent Everest. But the obvious fact that none of this stuff actually ever took place just seemed to suck any interest right out of me.

Now, clearly, in most films the events never actually took place, but typically fiction usually presents us with interesting dramatic or philosophical questions – none of which are present in The Martian. You could compare it to Contact – which kind of used the same fake-factual/historical drama style, but Contact posed big questions – and took us to places we could never really go and so was interesting. The Martian was so close to life without being more remarkable than life that it just felt dull. I'm sure a lot of people would compare it to Gravity – but they just don't feel much alike to me. Gravity was basically a thriller – and a real cinematic experience But the The Martian feels more like a lavish TV movie which has absolutely nothing of interest to say, show, or make you feel. The film and 3D looks pretty good, but the visuals aren't exactly stunning. Meanwhile, there is almost zero character development in this film. We know literally nothing more about the protagonist, or any of the other characters, at the end of the film than we did at the beginning.

As in Apollo 13, most of the dramatic interest is supposed to come from the characters trying to work out solutions to problems of how to keep the protagonist alive and get him home. But since none of this actually happened and the solutions can effectively be dreamt up out of thin air they lack any real interest in watching at all. I haven't read the book, but can imagine that perhaps the problem solving aspect came across better in print, since I imagine the writer tried to come up with practical/plausible solutions to the idea of being trapped on Mars and work the problems through in detail. But on film the solutions all just feels contrived and redundant.",4
The Martian,Going into this film I was very excited. There was a ton of hype surrounding this film and it had received great reviews. When I finally saw it I came to the conclusion that this film was decent at best. The humor did not work in my opinion and the audience in my theater seems to agree with me as there was dead silence throughout the films attempt at humor. The acting throughout seemed very wooden and I never really got the sense that Mark was in any sort of danger. He showed very little emotion throughout the film when I feel like any normal person would have had a great deal of despair. I was expecting the film to move at a much faster pace and quite frankly when it was finished I was very relieved. Overall the film was very formulaic and had nothing in it that makes it unique. I would not recommend this film even as a popcorn flick because of the extremely slow pace of the film.,4
The Martian,"I have been following many reviewers whether on youtube or IMDb for this movie and most of the feedback is positive which is making me really confused. Is the movie fun, well...yea, its a mediocre 2 hours killer if you have nothing else to watch, but is it Riddly's Scott come back? Wow, NO! It is not. If anything its a very lazy movie.

Let me tell you where I think this movie went all wrong:

1. Poor character introduction:

The movie started out great, into the heart of the action, no time to waste, and I loved that. You are dropped in on Mars watching these astronauts in the middle of the storm, something hits Matt Damon (yes I will call him Matt Damon) and boom, he is left behind. Afterwards we get to see him waking up, fixing himself, and everything looks intense and serious and I was engaged. Only until, he speaks to the camera, and not only that, he is basically telling us the right amount of what we need to know about him throughout the movie. He says something like ""fortunately, it happens to be that I am the best botanist in the world..bla bla"" more or less. Seriously! Is this how we introduce characters in movies these days?

It felt like ""Hi, I am Matt Damon, I am playing the role of a botanist/astronaut in this movie and the situation looks shitty, but hey, I will survive 'wink 'wink""

Seriously this what I would expect in an interview about the movie, not how you introduce characters, or in this case, Matt Damon.

Whatever happened to lets say: flash backs, anything about his background in a none cheesy, speak-to-the- camera kind of way? I know it would be difficult to incorporate it in a movie about a guy stranded alone on another planet, but this is not an excuse, there are plenty of creative or at least a little bit subtle ways, to introduce characters, but no, lets be lazy.

2. The stakes are soo low in this movie (predictability)

He literally said in the beginning of the movie that he is going to survive, and with the ongoing tone of the movie, we know he will. So let's all silently weep about the money we paid for that ticket and just get over with this popcorn....uhhh

Why do we even care about him saving his life? I don't give a damn! Who the hell is he? Why is he important? Why should I route for him to go back home? Why is he even struggling to survive? I am sorry, the fact he is only human and wants to survive is not enough to make a movie about! Look at any other movie, say Interstellar, being the most recent, Cooper wants to go back back home for his daughter, we know the emotional bond between them, and I bought that. But why is Matt Damon so desperate to go home? Seriously it's not in the movie.

Even the editing is so predictable it is spoiling the movie. Look at that scene where the NASA director says: ""this is assuming nothing goes wrong"" (when they were estimating how long can he live) and then the movie cuts to Mars right after he says that, they have already blew the moment away! Now I know something will go wrong, it can't be any more obvious!

3. A Sci Fi movie about space exploration does not explore anything:

Does the movie explore the effect of living stranded on a planet have on the human psyche/psychology? Nope, Matt Damon is so happy he is on Mars, seriously, watch the movie, or wait, don't.

Does the movie explore the effect of the journey on Matt Damon after he returns? Nope, he says some punch lines and some cheesy stuff and that's it.

Does the movie explore our fellow humans reactions to the situation back on earth? Nope, aside from random shots or news paper headline, nothing...

While I do have more to write about, but I won't be able to make any accurate examples from the movie because it is so forgettable and predictable. Is it worth watching? Well, if you have nothing else to do, it won't hurt you but please leave any expectations from Riddly Scott behind you.",4
The Martian,"I went to this movie because I am interested in how NASA, and maybe other space travel enthusiasts may see the future for us in space. I also wanted to see Ridley Scott come away with a real winner.

I came away very disappointed.

There was not enough science in the developing of this story...just a lot of space needing to be filled. I didn't care to see alien conflicts. I didn't care to see mega weaponry. Sure there was some clever resourcefulness but not worthy of a 2 hour movie.

While I am not a big fan of Mark Watney's creativity(he was a knowledgeable scientist doing what scientists do), he was more creative than the creators of this movie.

Seriously, this movie was like going to work and dealing with everyday problems. What's the big deal? I cannot condemn the acting but I do condemn the material the actors had to deal with. And for two hours??? If the creators had shown more interest in the content I would have been more interested myself.",4
The Martian,"I'm a space junkie. I follow the latest news and developments from the Mars Rovers. I follow Voyager I and II on twitter. I also loved the movie Interstellar. In Interstellar, I felt like the science, although unbelievable, was actually believable from a scientific theory perspective. Interstellar was great science. In addition to that great science, was an excellent and heart grabbing storyline and screenplay. And this inter play between heart grabbing story and good science that made Interstellar so powerful, is what the Martian lacked and for a movie focused on one guy, it was sorely needed.

Let me first say that the visuals of mars, outerspace, the inside of the spaceship Hermes in The Martian were amazing. It was truly interesting to see on film what our current understanding says the surface of Mars looks like. The sky looked almost earth like and the terrain was very Arizona desert like. It was cool to watch and think about what it would feel like if you were on Mars. Aesthetically beautiful film.

Now, for the rest of the movie... I could not relate to Matt Damon's character, Mark Watney. Not in the sense that I needed he and I to have a similar background, etc. But in the sense that I didn't see any real human element to Watney. He came off as robotic in his attitude. I get it that he wanted to be upbeat but c'mon Ridley Scott, the guy is alone with his thoughts 24 hours a day for hundreds upon hundreds of days and we can't get a flashback of him thinking about loved ones he left behind on earth, or of him showing mental agony, stress, and sadness.... Just something to let us know that this guy isn't some type of A.I. There is one quick, seemingly thrown in, scene 2 hours into the film where Watney makes a quick mention of some family back on Earth. Other than that, he seems to be a guy who has no loved ones, nobody that personally knows and cares about him except the crew he went to space with. Nor does he seem to have any true feelings for anybody that we know of. He's just a guy who constantly makes sarcastic remarks and acts as if he is starring in a reality show, not someone who is stranded 50 million miles away from Earth alone with his thoughts. If you've seen the trailer, you've seen the film. There are no surprises. No real suspense except at the very beginning and at the end and even then you knew what was going to happen. This movie won't make you feel really happy or sad. It won't make you wonder what happens next nor will you really care. It's basically just a documentary about how to survive on Mars if you're an astronaut and your crew leaves you behind. The end.

4 out of 10.",4
The Martian,"RE: a friend calling The Martian a veritable, American masterpiece.

What about the false ease concerning mathematical and scientific computation? That scene when boss man tells JPL they have half the time they thought they would and then goes into a comedic exposition about how he'll say it can't be done but then he will—it was funny but not true to the difficulty of engineering, I thought. You don't see the man hours either. It's stupidly dumbed down for the audience and while that may drain its mass popularity, it's the selling point of the film and book. I was excited for a true engineering movie but what I got was a word bank of engineering jargon spewed at me and then some problem fixed *snap*.

Or how there's no sense of isolation? Even before he makes contact, we get shots from his camera over his shoulder, and it's like someone's watching him. Oh, and he's always talking to the video diary, us. No one is with him but the switching between scenes on Earth and Mars make Mars less distant. Moreover, Ridley doesn't explore the mental psychosis of a man ""stuck out there. He thinks he's totally alone and that we all gave up on him. What kind of effect does that have on a man's psychology? I wonder what he's thinking right now."" Yes, he mentions it but he doesn't expand on it. And what about this unexplored gem, ""Everywhere I go, I'm the first. Step outside the rover? First guy ever to be there! Climb a hill? First guy to climb that hill! Kick a rock? That rock hadn't moved in a million years! I'm the first guy to drive long-distance on Mars. The first guy to spend more than thirty-one sols on Mars. The first guy to grow crops on Mars."" Did you get any sense of wonder or exploration?!? I did not.

Or lack of stakes? To its credit, the night he walks back into the base after patching the door with a tarp is tensing but did you ever actually feel as though the mission was going to fail? Pardon my meanness, but what is Matt Damon's character even living for? No love interest or children and a ""thankfulness"" towards his parents. I'm not saying his life, or any character without ""love"", is meaningless but they are lacking in emotion. Had he at the very least rattled off a bucket list, I would have felt more emotionally involved. Matt Damon did an exceptional job of squeezing every ounce of emotion to make us empathize with him because the character just isn't emotionally interesting.

And by god, another slight at ABBA and I'll kill someone. They made that stupid joke 10 times, the first time it landed but that was it. It had it's laughs, ie space pirate and colonizer of Mars, but at the same time, it wasn't hilarious. Just go through some quotes from the book (https://www.goodreads.com/work/quotes/21825181-the- martian) and look at all the missed opportunities.

What I will give The Martian is an appreciation for what astronauts and the like accomplish. I actually liked that China gave NASA their technology, that action did a nice job of highlighting the universal interest in science and not political agendas. Then there are two good scenes I must nod to: when Matt Damon's character decides to shave his beard before being reacquainted with his team, a nod of the human need to be presentable in society, and visually, the belt/ ribbon tangle near the end. Big fan of the set designs as well, especially the base on Mars and Ares 3 but are tragically... unexplored.

Overall, a 2/5, simple, feel good movie with a lot of unexplored, interesting ideas.",4
The Martian,"This is yet another classic example of a Hollywood movie. If you look at most movies made by Hollywood, you can pinpoint all of their similarities. Virtually every Hollywood ingredient has been placed in this movie as well. They didn't fail at it. They actually never fail.

To go into details about why this movie is so oversaturated with Hollywood elements is moot. If you haven't figured out the Hollywood programming by now, then I am sorry for you.

So, to sum it up, all I can continue to say is: Hollywood, Hollywootized, Hollywood story lines, Hollywood factors, Hollywood elements, Hollywood actors, Hollywood punchlines, Hollywood emotions, Hollywood ending, Hollywood beginning, Hollywood effects, Hollywood shock factors (which there were none), Hollywood type of Drama, Hollywood humor, Hollywood, Hollywood, Hollywood.

Did I mention that this was a Hollywood movie?",4
