title,comment,rating
The Dark Knight,We have been subjected to enormous amounts of hype and marketing but we dont have seen joker scavenger hunts and one of the largest viral camp so it s basic story is about history and it culminates with the actual release of movie....,1
The Dark Knight,"Sucks, doesn't even Match up to masterpiece that is Baby Driver smh, guy tried saying it was better but let's just be Honest that's a Straight up lie",1
The Dark Knight,"I found this movie particularly annoying mainly because Heath Ledger's monstrously serious Joker doesn't fit in with the corny plot. This Joker should be in another movie. If the plot had been serious, then Ledger's character would have been appropriate. However, Batman stories are corny and tongue-in-cheek. So a tongue-in-cheek Joker (Jack Nicholson) goes well with the tongue-in-cheek corny plot. Nicholson and Keaton for me.",1
The Dark Knight,"I CANNOT FULLY EXPLAIN MY PURE HATRED OF THIS ""FILM"". I'D RATHER WATCH MADAME WEB ON LOOP FOR THE ETERNITY OF MY FORSEEABLE FUTURE, UNTIL I FIND OUT THAT IM ACTUALLY THE OPPOSITE OF TERMINAL BUT ACTUALLY ETERNAL AND WILL HAVE TO WATCH THE HEAT DEATH OF THE UNIVERSE UNTIL I AM EVENTUALLY REBORN AND REMADE IN THE 8TH REMAKING OF THIS UNIVERSE WHERE I WAIT OUT ALL OF HISTORY AND TIME TILL IM AM LEFT WITH THE INEVITABLE CHOICE OF SNUFFING OUT THE HELLSPAWN INFANT THAT IS ONE CHRISTOPHER NOLAN AND MAKING SURE THIS FILM IS NEVER MADE IN THE FIRST PLACE... Heath Ledgers performance is adequate and i hope he's doing okay.",1
The Dark Knight,"I can't understand what people like about this movie? I was a Heath Ledger fan and enjoyed his other movies but this one I could not enjoy. I don't think the acting is bad in anyway but his Joker just did not seem very joker like to me. I get that it was darker and more of a psychotic take on other performances and agree that he steals every scene but no matter how hard I try I just don't enjoy it.

I have tried to watch this movie many time over the years and I can honestly say I have only ever made it through 2 showings. I know I have probably not given it a chance but every time I try I just can't relate to it in anyway. This is my worst Batman movie of all time which is an achievement as all of Christopher Nolan's trilogy have been rubbish I guess I am just not a fan of his work. Sorry to everyone who enjoyed this.",1
The Dark Knight,This is modern movie making at it's worst. No redeeming qualities at all. Dialogue is stupid. The only thing that could make it worse is profanity. Horrible from beginning to end.,1
The Dark Knight,The acting is the only great thing!!!!!!!!!!!!!!1!!!!!!!!!!!!! bbb,1
The Dark Knight,"OVERRATED. The Batman is way better. Poor fights, that Batman Voice from Christian Bale is truly awful and laughable. Joker is good that's it. Call this Joker instead. Joaquin Phoenix joker is my personal favourite but Heath did very very well.",1
The Dark Knight,I think joker is not here this movie not inside top 50,1
The Dark Knight,"I do not understand why so many viewers like this instalment of the trilogy. Yes, Heath Ledger went to the limit and did a fine job as the Joker but the rest of the instalment was terrible. The storyline did not add up in multiple parts like the ending. There was not enough commitment from the cast nor from the crew. This instalment of the trilogy could have been created better by the crew. The storyline did not go in one direction. It went in several directions and it was also confusing. Viewers of this instalment can get lost throughout this film. This is a bad second instalment to the trilogy that it would be a waste of time for everyone to watch.",1
The Dark Knight,"First of all TDK surely surpassed every hype made before. An amazing acting of a crew assembled, beautiful direction made this movie memorable. I stunned to watch the scene in which Batman was flying with wing after jumping from that amazing designed building. It had never been used such beautiful scene before. The whole movie was full of thrills and overall impact was so laud. But the trump card of this movie is the card of joker. A joker usually comes in movie or drama to put an element of entertainment in it.But many time many director use it to express some complex thing, because common audience can also understand the language of a joker. I remembered very well about my childhood that I could understand only part of the joker in drama which I saw then. Hence V for vendetta or or others of same type movies put their things beautifully in front of common of common audience. The Joker of TDK have also to say something to this common people but he show his dark side.The character of Joker in TDK is the best of all time joker.Heath Leather, we will miss you. Nolan is a great genius.",1
The Dark Knight,"I've given the film a rating of 1 for two reasons:

Film is of poor quality.

Film is overrated to the point that I can no longer conjure images of it without immediate hate. This film is my 9/11.

Why I didn't enjoy the film? Batman's voice resembled a cigarette smoked by Joe Cocker. Plot holes. Dialog written by a 15 year old who read a wiki article on philosophy but wants everyone to speak in Matrix vernacular. Poor choreography.

In a film that had the presence of Michael Jai White, the fight sequences somehow felt like an episode of Kung Fu. On the bright side, we got to discover Batman's weakness through a un-Lucky surprise attack from....killer robots? No. Aliens? No. Superman? No. Dogs? Yes, Batman was incapacitated by two dogs. Not even Cerberus dogs, who would have 1.5 heads per limb on Batman.

""You either die a hero, or live long enough to see yourself become a villain."" Because, uh, um, it's convenient to say the plot. Seriously, I've only had this statement come up in casual conversation when talking to interns.

Boring, pretentious, clumsy movie with a soundtrack that sounds like beached whales emulating a dying keyboardist.",1
The Dark Knight,"This movie is ranked as the 4th best on IMDb that pisses me off because so many people think IMDb top 250 is the definitive list, it is not in fact it is not much different from all the other voting lists done by the public and people who put this in there top 10 you will find have not seen many of the classics or don't like them cos they are stupid or just in there teens or both like I am but I know movies now just know this is not a top 10 if anything it is at the bottom off a top 100 list, Im not saying this cant be in your top 10 favorite movies it can, it can be number 1 if you want but don't say it is one of the top 10 best movies ever, because it is not, the same with a lot of other top 250 films, Shawshank is NOT the best film off all time, I will give you my list of my 10 favorite films off all time 1. The Godfather 2. Pulp Fiction 3. Raging Bull 4. Apocalypse Now 5. The Good The Bad and The Ugly 6. A clockwork orange 7 . 2001 8 Life Of Brian 9. Taxi Driver 10. One Flew over the cuckoo's nest. only 2 maybe 3 of them are top 10 material and those are The Godfather, Raging Bull and maybe 2001 but I can admit that those others are not as high as I would place them all you Dark Knight fan boys should start, like a lot of the other overrated movies on the list it is still great but it doesn't deserve to be so high for better lists of best movies off all time look at AFI 100 years 100 movies and sight & sounds poll",1
The Dark Knight,Too slow. Should have shot some good day light scenes. Acting was good,1
The Dark Knight,"I watched this movie recently in Netflix,I don't why it's rated 9 above even the The Dark Knight Rises(Ben performance) far better than Dark Knight.

In my opinion The Dark Knight Rises is the best movie ever made.",1
The Dark Knight,"For ALL of you people calling this movie the greatest thing since sliced bread, stop and think for a second what this movie is really about,A MAN IN BLACK TIGHTS TRYING TO STOP A KILLER CLOWN. OK? Enough already with this movie and all the rest of these superhero films trying to morph into Kubrick. Joker wasn't bad but terrible overacting. Nicholson's was better. Evil to the core but charming as hell. BTW Christian Bale's Batman is the absolute worst. Sounds like a jackass. Clooney was better in a better Batman movie. Yes this is worse than B&R. Pre 2000's got it right with these superhero flicks. Keep it light and fun(aside from Superman) with some dark humor and a bit of campiness. This movie glorified fluff trying to be hard,nothing more.",1
The Dark Knight,"Cons: Since when did Batman talk like Cookie Monster? I couldn't even understand what Bale was saying half of the time. Seriously, there's a difference between hiding your real voice and Cannibal Corpse try-outs. The plot was terrible, and they ""modernized"" Gotham City. Sonar and Cell Phones, now he can see like a BAT! Really? They didn't even show how and why he could see in the dark using the ""pre-made"" sonar capable bat mask. You've GOT to be kidding! Then there's the ending, which seemed to me like a huge rush of different movie clips they had saved for outtakes and random lines that, absolutely, had no real meaning, just sentence fragments of what has happened and what will happen. Batman isn't supposed to be looked at like a cop killer, which is what the ending basically insinuated. They ruined Batman, and our culture is eating this crap movie up like imported chocolate.

Pros: I did, on the other hand, love how Christopher Nolan hardly used any CGI in the film, which brought realism to the action sequences. CGI is ruining films and it's great to finally watch one with ""real"" objects being destroyed. The only great thing this movie had going for it was Heath Ledger by a long shot, he carried and stole the show in every aspect. At times, he reminded me of Brandon Lee. Truly Epic.

R.I.P.",1
The Dark Knight,"I actually enjoyed this movie, it was a little too long and it doesn't give anything new, it has just the same as any average action movie: a hero, a very bad man, innocent lives in danger... But it didn't turn out bad, the result is a pretty good action movie. Something's just wrong here though, the Joker was horribly characterized, I mean what they did with the Joker is actually cool, it gives him a very chaotic image, but I can't say it's the Joker, that bad bad BAD man from the Batman comics and from the TV series, I remember him as an always clean and always refined guy, with his perfectly applied makeup just like a real psycho would, in contrast with this movie, where we see him like some kind of chaotic crazy hobo, it bothered me so much. Anyway don't get mad for the rating I gave this movie, I won't give it more stars because this is already #4 in IMDb's Top Movies on History and that's just wrong for this completely average movie.",1
The Dark Knight,"I am shocked how many people actually rate this movie. The whole idea of a Batman was dreamed up by Bob Kane to entertain kids - so the idea of making it into this 'serious' picture is laughable. Bale's acting is terrible as the man in black, especially the way his voice changes in costume. As for the Joker Heath Ledger - no menacing at all, in fact so far-fetched its pathetic. The Batmobile has now become nothing short of a Hummer, what are they gonna do next - use an M1 Abrams Tank? You can't have it all - a tense thriller with this many childish ideas just doesn't work. As for Gary Oldman - he must have been broke to get involved.",1
The Dark Knight,"This is one of the worst films I've ever seen... and there's been a few. It's typical Hollywood... at least modern day Hollywood, where special effects stand in for the absence of narrative, characterisation, and purpose. The story meanders all over the place, the violence & gore rating on the film is ""moderate"", it's anything but! The violence is off the scales & it's there purely to make up for the total absence of a storyline!

There's no moral message, zero characterisation, no humour content and people die relentlessly throughout the script! And there's no conclusion to the story! You're left feeling like you've wasted 2hours 32 mins of your life. The only redeeming aspect of the film was the soundtrack!

Yes, it's clear kids love the film, although what psychological effect it has on them is questionable. I wouldn't allow my own children anywhere near it! Had these teens grown up in a time before CGI and grotesque violence made up for the lack of script, and in a age where morality and decency would have trumped this promotion of pointless gore and violence, then this film would have got the rating it deserves... 1!",1
The Dark Knight,"To make it short, the movie is not that bad, its a 6/10 movie for me, but the overrated ratings, some maybe even paid, are ridiculous. This movie belongs not in the Top Ten or even in the Top Hundred Movies of all Time. I hope this gets fixed over time, and hope other movie fans are rating it the same way I do.

Can't say anymore, won't bore you, but have to get the lines full, so I would like to to push some other movies for you to watch, some real Top Ten or Top Hundred movies, some classics like:

The Apartment, Alien, Terminator, Blade Runner, Brazil, 1957, Fight Club, City of God, Seven, The Intouchables

etc. etc.

Go watch these movies, and then tell me in all seriousness, that The Dark Knight is better...",1
The Dark Knight,Just toooooo bad don't watch it You gonna waste your time,1
The Dark Knight,"One of the most boring superhero movies and movies I've ever watched and i barely watched it because it was putting me to sleep. This movie is so boring that calling it a superhero movie would be an insult to superhero movies.

Its about some guy that talks dumb who is trying to get a clown but can't until he tries to bomb boats. Boring movie that went no where. All 3 are boring wasteful movies.

DC hasn't learned because MOS WW and JL were also great lullaby movies.",1
The Dark Knight,"I just saw it. This is the most horrible movie i have ever seen. Please don't waste your time. The story makes no sense. The characters are stiff like frozen cucumbers, the purpose and motivations are completely ridiculous. This is a disgrace of a movie. It is as if the director wanted to create the antibatman. Oh My God! Oh My Buddha! Wasted life! There is no logic, the characters are half-dimensional, the star is beyond ridiculous and annoying, the joker is on drugs, the pace is awful they jump from scene to scene like monkeys jump from tree to tree. The director clearly had no vision. I don't know what to say other than STAY AWAY. STAY AWAY.",1
The Dark Knight,Boring and weak. Not being nasty but I think Heath Ledger got a sympathy vote. He is no way the most psychotic killer I've seen in a film!! If you want to watch an absolute nutter at work watch Wolf Creek ( 2movies and two series) this film is the most overrated film of all time.,1
The Dark Knight,"This film does not deserve to be in the top 10, without Heath Ledgers performance this film would be thoroughly mediocre with weak action scenes and terrible screenwriting.

And while I don't think this film is worth a 1 star, I'm going to rate it as 1 star to counteract all the Nolan fanboys giving The Godfather (best movie of all time imo) a 1 star too prop The Dark Knight to the top spot in the IMDB top 250.",1
The Dark Knight,"The movie was good but to have it rated as the top 10 movies of all time is absurd! If you are a child or you like movies that you just sit and watch like a zombie... this is your top 10 movie! Come on a superhero move being in the top 10... are you kidding me. I can't believe people are putting it in the same league the God Father, SS redemption, LOTR... the list goes on and on.

I have to say the graphics are some of the best I have seen. The actors played their parts great. I just thought there was not much story line. If you like movies with substance I would wait until it comes to a movie channel or video.",1
The Dark Knight,"about 40% give this a zero. Even if the Loved it group all gave it a ten, I think that this makes the movie about a 6. Still too high in my estimation. If you can't give zero, you certainly can't give negative numbers. Worse movie ever, especially considering the budget.

I kind of get the Heath Ledger business. Especially after Brokeback Mountain. Which was a remarkable performance. But that's it.

Maggie Gyllenhall just disappears. Gary Oldman, a lovely baddie. Who came up with his character. Did he realize how bad this movie was and boycott it.

It's been a while since I've seen it, and I actually thought that I should see it again to try to understand what the fuss was about. Its a phenomenon that I don't quite understand. Encourage your friends and acquaintances to have a really painful experience as part of a bonding process perhaps.",1
The Dark Knight,"I had the honour of watching TDK during a screening and was completely blown away! This isn't just the best Batman movie ever made, this is one of the best movie ever made. Everything in this film is excellent, not one piece of annoyance.

Bale marvels as Bruce Wayne/Batman, Ledger has made The Joker in to an iconic movie villain. His performance belongs there at the top with Hopkins Lecter. The Joker has finally been portrait properly on film, he has earned his place between the big boys in movie valiant. This is the true Joker every Batman fan knows, loves and fears. Ledger deserves any and every movie award known to man for this brilliant display.

Nolan has made his ""I will always be remembered"" movie, this is the crown jewel in his portfolio. Perfect directing, perfect story, perfect balance between action and drama, everything is perfect.

Even if you hate Batman, you will love this film. If you don't, then something bees wrongs with yours!",1
The Dark Knight,"Nolan and Bale absolutely destroyed Batman. Bale is just too cardboard for this and Nolan should stick with sci-fi strange stuff like Inception or Interstellar. This is not a guy to give Batman to. Ledger was pretty good. Nicholson was still 10 times better. And then the biggest insult to the viewers: Those GIGANTIC plotholes and ridiculous timejumps.No movie with holes like that should get even a 6. And that end fight.... They all stand squared off against each other, guns cocked, and then.....they run towards each other to have a big fist fight. SERIOUSLY? I really wonder where these hordes of schmucks that give this turd a perfect score come from.",1
The Dark Knight,"One of the worst movies I ever seen. I didn't see it when it came out. I saw it on my 50 inch flat screen, hooked up to my stereo.

All my friends were telling me how good this movie was so I expected a lot.

Heath Leger was good cause everybody else was so bad. This was one of the most boring Batman ever. He spoke in that deep voice with no personally.

All the scenes were dark. It would have been nice if a little bit more of the movie was bright.

My main problem watching this was the sound. When they spoke, I had to turn to volume way up. Then when the special effects took place, I had to lower it. Then I had to turn it up again when they spoke.",1
The Dark Knight,"This is some serious trash overrated junk in name of movies and comic book movies are not cinema this is a proof of it,there are tons of movies out there that deserves to be rated higher than this nonsense,and heath ledger other movies are way better then this this is horrible joker sucked so is batman this was supposed to be a batman movie but became about the bad guy joker he is not even a proper villain just so called tough guy it would take one hitman with sniper rifle to end this fool,batman also is a looser because he not kills bad guys and let innocents die,this is just bad writing as most of comic books are filled with ficitonal junk crap and they tried to makes this realistic and it works for a cash grab but not as a batman movie,,or a movie in general,this is horrible so is the new joker 2019 movie.",1
The Dark Knight,"Really this movie is wrong in every way it is an example of how not to tell a superhero movie placing it in reality is OK but then you are bound to the rules of reality and this movies applies superhero rules in reality(jumping on a car in the car park without breaking legs ??) And it also defies logic(henchmen who keep getting killed and still there is an ample supply of to fill the ranks,these guys must be dumb.) A villain who act contrary to what he proclaims he isn't funny(he is not chaos he acts to much like like an Einstein for that). needless sidetracks that lead to nothing(the whole bullet set-up). The philosophy 101 scenes that interrupt the flow of the movie just to make a point is so lame. The totally wooden acting from everyone except Ledger and Oldman(as if they edited all the worst takes of the other actors to give Ledger's performance some shine??) Setting is not Gothic it is dark techno-punk or tech-noir the city doesn't look like the city in Batman Begins(which was a great film). This part is not needed if you look at the three movies because it has nothing to do with the story-line of Batman Begins and The Dark Knight Rises (Dent was not in BB and TDKR and Two-Face was killed in this movie and Rachel whose part had a different actress than BB is killed of and for the plot of TDKR Rachel is only needed to be reminded that she is dead ,and would not have waited for Bruce.) Even the Joker's performance isn't that great either but it stands out because all the other acting is wooden. I can continue about more things that annoy me about The Dark Knight but then I can write a page full of things.What surprised me what rating this got and that is too much for such a bad movies that tries to be two movies at once but fails at both of them. (and the raspy voice and way to prominent soundtrack)",1
The Dark Knight,"First of all, they are trying to make this type of violence realistic in a dark, gritty intense type and the rating of this movie is rated PG-13? I have to disagree, TBH, they overdid this type of realistic violence into a permanently fearful rated-R type and it might caused fear into real-life 13-year-olds of either killing or getting killed along the way.

Next, they made Harvey Dent act like a serious loud-mouth prosecutor and also proposed marriage to Rachel Dawes. But right after the Joker tricked Gordon, which led to Gordon turning down Dent too quick, Harvey grew worse than that Godfather character Michael Corleone type.

Third of all, Joker did too many tricking violent deaths and especially killing Rachel Dawes by explosion automatically. Harvey screamed like a violent victim as he was transformed into Two-Face. The worse part is that he began violently scream and kill Gordon's crew members, like Michael Corleone did in the Godfather trilogy, and also threatened Gordon's son with both coin and gun because of both his lost-love of Rachel and his job at the same time. That scene of Two-Face threatening Gordon's son with both coin and gun should have force-changed TDK rating from PG-13 to R officially. If Two-Face threatened Gordon with both coin and gun instead of his son, then we don't have to change the TDK rating from PG-13 to R officially.

Finally, that too much overdone rated-R type of fear in TDK may have additionally inserted in real-life Joker actor Heath Ledger's sleeping problems, which led to his death. That death of Heath's may have really caused TDK director Chris Nolan to suffer financial mental breakdown and panicked filming TDKR in a hap hazardous way.

I disagree that the TDKR isn't that bad at all, even if you think TDKR isn't that great as TDK, I prefer the TDKR rather than the TDK because the TDKR violence is also dark, gritty and intense, but not fearfully overdone as TDK violence, even if the terrorism violence in TDKR is considered rated PG-13 type. One last word, none of the TDKR cast members aren't dead at all.",1
The Dark Knight,"I am a hardcore movie buff. I've seen them all and studied them all. Of all the movies said to be the greatest of all time or a contender of one of the greatest of recent times, this is the most undeserving. Do I really think that this is a 1/10? No. I ranked it this low hoping 9.0 rating would eventually drop. Because 9/10 on this site in 4th place? Many other sites ranked this either at the top or near the top? What the hell?! I will say that this was well made. The cinematography, action and danger sequences were well-done. But not as good as, say, Die Hard. Heath Ledger's performance as The Joker is what carries the movie and is the only reason why it is ranked so high. Without Heath Ledger as The Joker, the movie would have been as dull as The Dark Knight Rises. Ledger gives one of the best performances in recent memory, but people treat it like it's better than De Niro in Raging Bull or Kevin Spacey in American Beauty. Because of him, they also treat it like it's up to par with the likes of Schindler's List and Shawshank Redemption. I gather those people have never seen either one, because both those movies blow The Dark Knight out of the water.

What it my problem with this? It's concept is stupid. Citizens of Gotham blame all crime on Batman, and Bruce Wayne agrees. He thinks Gotham's true hero is DA, Harvey Dent. Dent may be Wayne's buddy, he even he knows it's bogus. As The Joker rises and spreads chaos, Batman is still treated like a villain and Bruce just takes it. What a dumb-ass! And that's what goes on throughout the whole movie! ""You are responsible for all crime Batman!"" ""Open your eyes! Can't you see it's The Joker that doing all this? You're welcome for me protecting you! Next time I'll just let The Joker kill you guys and let Harvey Dent save you."" I can see why they would label Harvey Dent as a hero, but can he really save people from a burning building? Or falling off a cliff? No, that's what Batman is for. Batman may not be allowed to kill, but just break his arms and legs: problem solved. And the Joker roams freely out in the open. With patriots and a half- decent police force, snipers would have capped him in an instant. The movie is very slow (practically getting nowhere) and the character development isn't very strong. The characters are developed into stunned pushovers. Good action, The Joker, and Two-Face were the only reasons this movie was worth watching. Joker and Two-Face/Harvey Dent where the only good characters in this.

It baffles me how high people can rate and praise such a generic movie. The must not know how ratings work. Do they know who Robert De Niro is? Have they heard of Steven Spielberg? Have they seen Gone With The Wind? Maybe this movie isn't as bad as I said, but it is so overrated, I get sick of it easily and strongly believe it does not deserve the praise it gets.

0/4",1
The Dark Knight,"Im going to have to be brief because I hate this movie so much: 1. The Joker is too invincible. He is so invincible he can drive a bus out of a public place, rig a hospital and TWO boats and no one notices. Also everyone he comes in contact with even teenagers want to work for him even though he will kill them once needed. 2. Pointless characters. Lao should have been written out of the film, he adds nothing and amounts to nothing, pointless. The guy who knows who Batman is goes no where and his character only amounts to a stupid explosion 3. Breaks the main rule of cinema. The protagonist defeats the antagonists. There are two main villains in this movie and Batman doesn't defeat either one. 4. Harvey's motivation in the end. I hated Harvey through out the film but once he's two face he just becomes dumb, he believes that people should have a 50/50 chance like Rachel, though thats NOT WHAT HAPPENED. Gordan was just late so now he's going to and KILL GORDAN'S SON!

There are other problems but those are the most major and I can not believe instead of noticing these problems people and went and gave it #8 on the top 250.",1
The Dark Knight,"Immediately the title is off-putting, ""The Dark Knight"". Who in their right mind names a Batman Movie ""The Dark Knight"". You could write me an essay on how it is a brilliant title which is deep on so many levels but I won't have it. The inclusion of the word knight only makes me think of medieval times and the only thing medieval about this film is that it is a perfect form of medieval torture. Every time I am forced to watch this whether in class or at home because ""some"" deem it the best movie ever made a part of me wants to die.

Here is a plot summary of the Dark Knight if you have been lucky enough not to have watched it. (Joker confronts mob saying he can kill Batman; mob think he is crazy. Joker broadcasts plan and says people will die until Batboy turns himself in, people think he's crazy. Harvey Dent wants to take down whole mob with one swoop, Mob thinks Dent is crazy.) That is only half of the plot and adds up for an hour and a half of boring predictable screen filler. So many subplots and characters overcrowd this movie. With the characters they have in this movie they could have made 4 great films but instead they made one cluster disaster. The other half of the movie isn't even worth mentioning it is so bad.

The only good thing in the second half of the movie is where Rachael and Harvey are rigged to explosives at different locations and Batman has to pick one so he chooses Rachael. It turns out to be Harvey so Rachael dies! Yes! Thank you! I have never wanted a main character to die so much in my life. She is a useless character who just seems to dig her way into the story but adds nothing to it. Bruce considers her his love interest but she doesn't even like him so it is perfect that they killed her off. I applaud them for this. I applaud them because they completely disregarded logic in order to kill her. Surely there was enough time to save both if some police officers in the area did their job for once and went to the addresses. But no they did the right thing and it helps me sleep at night knowing Rachael is dead.

The Joker is considered the start of the show but he is a really lazily developed character. He has no backstory and even the pathetic writers didn't give him a back story to work with. Heath Ledgers voice wasn't even used for filming because the Imax projectors were so loud so all sounds had to be added post production. Maybe this is why the joker doesn't feel scary or realistic. They ruined everything they had by dubbing Heath ledger. It makes me feel entirely detached from the whole movie not having original sounds.

The Joker is a waste of space. He is not at all like what the Joker should have been in terms of his plans. Jokers usually generate chaos and disregard anything fair. But in this awful adaptation he acts more like Harvey Dent in the comics with his 50/50 scenarios, like the boat scene. The two villains are too much alike. They could have created this movie to have focused on just Harvey or the Joker but instead we end up with two undeveloped characters. How do you mess up this badly when they literally own the rights to some of the best comic book characters in history? It's like being given the instructions to a Lego kit and eating the Lego instead. How do you mess up this badly?

The Jokers purpose in the movie is to push Batman to his limits in terms of morals. Batman has one rule; he will not kill. But what does he do at the end to Harvey Dent?!?! We are just meant to overlook this? He was willing to kill for one boy but won't kill the joker who threatens a whole city. If Batman got a Glock and killed anyone who threatened innocent people, this would have been a very short movie. If Batman was willing to kill for greater good which defies his whole moral code, then the whole character is useless.

In conclusion this movie is an awful comic book adaptation which is about as funny as Schindler's list. This movie will make you send a complaint to piratebay.com for allowing you to illegally download this movie. Everyone involved with the making of this film should be publicly shamed for the rest of their natural lives. The people who made this film are the sort of scum that lie about having cancer so they can claim the benefits. I hope every night they wake up asking themselves why did I ever get involved with that garbage. This movie is still better than Batman Vs Superman Dawn of Justice. Will Batman ever get justice and have a good movie?",1
The Dark Knight,"I walked out on this film, although I endured almost the entire length. This was a long, tedious, looooooooong, boring, dull, tedious and boring boring movie.

If you are going to make a superhero movie, the very first rule is that it must not be boring. This film fails miserably. It thinks it's a drama and not an action movie with cartoon characters.

And that is the underpinning fault of all three Nolan movies about Batman: he treats them as if it were all real, as if these are real people in a drama, and not comic book characters in a fantasy world. What is the psychology of Batman, of the villains, of the chief of police, of the district attorney, etc. Etc. That's not what these movies are supposed to be about. It's ludicrous, it's boring, and it only breeds contempt because I personally couldn't help but laugh at these pathetic attempts to treat this movie as a drama that happens to have a guy in a cape in it and an insane clown. You can't do that and expect these films to work. They made the exact same mistake with the Joker spinoff. These are NOT real people. Get it? This is a comic book turned into a movie.

And by the way, if you insist that this is real, that these characters are believable, and you can almost imagine that such events could transpire in real life, then make it believable. Oh, but we don't get that, do we? The Joker just walks into a secret meeting of all the gang bosses, alone. Really? They didn't have a dozen guards at the entrance? Guess they didn't. See, the film mixes ludicrous comic book content with this 'realistic' style, and it comes across as completely ludicrous.

But again, this delusional approach aside, I could forgive even that if the film wasn't all about characters suffering and facing their inner demons, and it had lots of good action instead. But it doesn't.

So this is an absolute ZERO of a movie. Not even one star.",1
The Dark Knight,"While ""The Dark Knight"" is praised as a masterpiece, it feels overrated. Heath Ledger's Joker is phenomenal, but the film relies too heavily on his performance, overshadowing weak character development for others like Harvey Dent, whose transformation feels rushed. The plot is unnecessarily complex, with several implausible moments that strain logic. Its dark tone feels overly self-serious, taking away the fun of a superhero movie. At 2.5 hours, the pacing drags in the second half. While it's visually impressive, the film doesn't fully deliver on its ambitious themes, making it feel overhyped.",1
The Dark Knight,"I absolutely do not get the hype and all of these people must be super fan comics and love Batman because this is absolutely terrible to watch.

It's unbelievably cheesy, The voice, The Hype.

The latest Joker film is head and shoulders above this die hard American Hero tripe.

I thought the latest Batman movie was pretty bad, but actually going back and looking at this this is shockingly bad - unless you absolutely adore Batman and superheroes and you are single and you are still 45 and live with your parents in their basement....

Bale hasn't had a haircut since 2000's American Physco and I'm sorry but the ""love interest"" - Not being cruel but she's a 4 at a push...

I suggest to all of you that think this is the best movie ever made ever you need to start watching proper cinema and reading up a bit more.

Given it a 3 for Ledger...",1
The Dark Knight,"To be fair I'm not a fan of batman, be it comics or movies. But batman is not the problem with this movie or even in the whole trilogy. It's the plot and other characters and how the joker can just do whatever he wants without a reasonable explanation of HOW he is doing them.

It seems like the Joker can just do anything he wants. Kill a person in a high security area? Joker can do it. Kidnap the president? Too easy for the joker. He can even say exactly how and when he's going to kill someone and still no one can stop him because everyone else is too stupid for the joker. His men are seemingly brilliant even though they're just supposed to be lunatics. Joker can just tell his goons to kidnap a DA while he's locked up and they can get it done no problem. A superhero/villain that can be anywhere/anytime and do anything just because, is just weak.

A cop casually faking death, a street turns into a warzone and they send just ONE chopper which again, the joker has no problem putting away. The plot is full of flaws, the dialogues are corny and I do not see ANY Nolan here. In my opinion this trilogy is on the bottom of Nolan's movies. The movie itself feels incomplete.

The performances were great, everyone nailed their roles even though I wasn't really happy about casting Maggie Gylenhaal as Rachel, she did play the role quite well.

Overall, it is just another batman movie. I probably had too much expectations because it was Nolan directing it, but in the end I guess no matter who directs it, a batman movie will always be just that.",1
The Dark Knight,"Heath Ledger's joker is stupid and the most overhyped actor and movie in history by miserable kids. . Open beginning scene in broad daylight in Gotham with worst clown make up ripped off Brandon Lee's The Crow along with holding a mask waiting to get picked up by bank robbers.... passersby don't pay no attention at a weird damn clown like really!?! Tim Burton's Gotham is like the comic books.. it's gloomy, dark, full of gargoyle statues .. but in the dark knight it's always Sunny. Also the pencil trick is the most dumbest scene ever, no blood from the eye and Heath who is no Mr Muscle wrestled an angry black guy and for the pencil to stick on Blu Tak or bubblegum for it to stick upright and go all the way to the eye socket is pathetic. Even Hedge Leather can be pinned by the mobsters with guns to shoot him..the end, but they didn't kill him. Also what kind of Joker is he to not get excited by blowing things up and not have fun?...Boring! Also get away in a slow assed pace in a nurse uniform on a bus where cops could seal the area!?! Heath Ledger's character is like an emo teen that is too high on weed without a plan, Jack Nicholson's Joker had a plan, the Penguin had a plan, Jim Carrey's Riddler had a plan, but Heath's joker doesn't have a plan, he is all over the place like diarrhea. The scene where Joker burnt the money is ripped off from quote by Donnie Darko to his Teacher Drew Barrymore, and this so-called edgy emo HL's Joker that is burning money is not a landslide when zillions of other paper money is all over the country, plus he brought a tailored purple suit with mobster cash, and he doesn't care about Money? LOL sure! Whatever. Jack Nicholson still rules, his face looks like a comic book character even without the make up. The world's most overhyped movie ever.",1
The Dark Knight,It was an awfull movie!!!! i don't recommented at all,1
The Dark Knight,"Ok, so I watched this one a long time ago, I generally like Heath Ledger's & Christopher Nolan's works, I recall it being okay, nothing groundbreaking but not bad. Fast forward to yesterday eve, my husband & I had a pretty heated debate over dinner about wether the products of an industry such as the film industry could be considered as art.

For some reason, TDK popped into my head & I suggested we watch it since it's considered to be a blockbuster but with a bit of an edge, a good director at the helm & a stellar cast. I was as also curious to see what i'd think of it now vs when i've seen, tbh.

Well, I am sorry to say that it's flawed beyond belief : bad script, horrible pacing, risible special effects/stunt scenes, even the performances are terrible(smh), Ledger's is the only solid one in an otherwise weak ensemble. It is obnoxiously manichean & just another blockbuster with nothing to offer but (poor) form & zero substance. Lots of floopholes. I lost all interest halfway through. I now honestly don't get the hype about it & am kind of horrified at all the reviews that call this a masterpiece of a film, i mean did we watch the same movie?

Conclusion : if you liked/loved this, good for you but for heaven's sake, don't go around throwing around words like best movie ever/masterpiece/work of art. Because it simply isn't. It's average at best & The Joker is more nuanced & profound take on the good vs evil conflict.",1
The Dark Knight,"I wonder, why, why people - in all over the world - like this? Appreciate all the psychopathic things?! This movie HASN'T GOT ANY MEANING useful for humanity. It includes only crime scene, maniac monologues, actions that are completely nonsense! It makes people more psychic, help them to reveal their maniac soul. It feeds people's sadism. How one can get pleasure of watching burnt face, people dying tragically? How can you enjoy the movie which is basically consist of noisy uninteresting, anti-human, completely cliché death scenes, dreadful faces, psycho monologues and nonsense! You watched it, so what? What did this movie give to you? What have you earned? People's psychology are weak, why we need to injure it more? Our world is already full of maniac people and this is the reason why this movie has got 9/10! Shame on people! Shame on the humanity!",1
The Dark Knight,This movie was so hyped for no reason and so boring everyone I talk to told me that it was OK but kind of boring this is the same answer I get from people I don't even know now that I think about it know it's kind of like breaking bad someone said it was great so everyone else saids it two beuase they heard the talk from one source it was interesting but don't watch it if your kind of tired it will put you right to sleep just like breaking bad if you have sleeping problems Breaking bad and this movie are the cure and I still think even though the 90 batmans are stuipd they are close to the comic books that we all read unlike this movie which is the exact thing and who ever said dark is realistic I live in arizona it's bright all the time maybe in Alaska that would be realistic in my lifetime there are nothing but colors that surround me so who ever said that is a idiot .,1
The Dark Knight,"I have enjoyed every outing of Batman till I watched 'The Dark Knight' and 'Batman Begins.' The basic story, from a comic book, is a comic story. As soon as it is put into a semblance of real life it fails. The main character is a man who dresses up as a bat. This is funny. The Dark Knight trilogy is made by people with no sense of humor. Who cares about lunatics that wear weird costumes and commit crimes? In the real world these pathetic folks would be locked up. The original Batman TV show and Tim Burton's outings maintain the humor inherent in the story. Subtract the humor and you have long dull scenes in between action sequences. Get rid of the long talky scenes and the Dark Knight films would be fair action films. If you are like me and prefer light and humor, these films are not for you. Even 'Breaking Bad' had some humor in it. I maintain that Batman is inherently humorous and thus the Dark Knight series fails to capture or honor the original.",1
The Dark Knight,"The Action scenes are without style. beat = cut, beat = cut, beat = cut. you understand what i mean? the boring action scenes i have ever seen. And Heath Ledger as Joker is overrated, and also Christopher Nolan as Director.

My Favorite Action and Movie Director/Producer of all Time is Steven Spielberg. He created action scenes with style in many of his movies!

Compare Action-Scenes from Steven Spielberg and Christopher Nolan. And as you can see, Steven is the Master of Action!",1
The Dark Knight,"Well if you think this movie was better than ""Se7en, Fight club, Matrix,Psycho, etc. then you must have cinema.This movie is a good action movie but has literally nothint in it worth paying attention. The clown is none spookier than a spider your little sister (thats right pssy) already squashed and most of the characters don't know what they talk about. Joker wants to create havoc using paranoiac scyzophrenics, which would be the equivalent of trying to chop a sequoia with a rotten salmon, since paranoiac schyzophrencs don't know the difference between reality, guns, banks, etc. Two-face is just useless and the movie has no message whatsoever. Even the joker doesn't know the difference between chaos and anarchy. I could go on and on about the stupidity manifested in this film, but if you don't care about your own why would you not vote an unworthy film to be the 6th best film (wont know where it will be when you read it, but hope that it descends to at least 500th place) like this. shame on you. but if you hate cinema, you just have to follown the work of adam sandler. Ps.: Go back to playing lego, kid",1
The Dark Knight,"Upon watching the film I did not enjoy it whatsoever. It lacked a decent plot, it went far below the standards for superhero movies, and I can't understand why it's regarded as being the best superhero movie of all time. Sure, the action was mildly good, but the costumes? Oh, the costumes. They looked like they came from the $5 and below Halloween costume store down the street. This movie is awful, AWFUL, and I cannot stand it. Even Man of Steel and Batman v Superman: Dawn of Justice are better than this, and that's saying something. Hell, Iron Man 2 is better than this! I'm done, this is a horrible movie. Do not recommend watching.",1
The Dark Knight,"I'll start off by saying if this film wasn't currently sitting pretty in the top ten films of all time, I would have given this somewhere between six and eight out of ten. It's a good film. Decent superhero flick with some cool action sequences. About what you'd expect.

However, how this film is in the best ten films of ALL TIME is absolutely beyond me. This film is saved by the action sequences and effects alone. There is nothing whatsoever in the average acting, or quite frankly boring directing, that saves this film from being any more than the likes of iron-man or spider-man.

To quote Jonathan Ross... ""This film would have got nowhere near the hype that it has done, if Heath Ledger was still alive"". Just my personal opinion, but that's the only reason this film has done so well. Oscar-nominated, don't make me laugh.",2
The Dark Knight,"I am in love with this. It is well directed , written and packed with impressive action sequences and complex story. The dark knight deserves more appreciation.",2
The Dark Knight,"This is a good movie if you like that genre, probably around 6 stars. However, overrated in my view, therefore I deliberately only give it two stars.

How can 'sane' people enjoy a freaky psycho cutting people? How can one enjoy watching someone with half a face? I guess one needs to be quite disconnected from real life.

With less violence and under 2 hours, it would be more my piece of cake. Can more 'normal' people, rather fans only, please vote? Can't be that Dark Knight is rated higher than Avatar, one of the greatest movies ever which has actually real meaning.",2
The Dark Knight,"I had watch this film around 15 years ago with my brother on tv while I was going to high school and I was got irritated by it and I always hated batman and I always was. And I dont really remember the plot or something like that. And frankly I was even forget or forgot about this movie. One thing i dont get it about batman how is this he even considered superhero of all the time??! Just like the spiderman, superman and the others??! The only antihero I can rely on too is Blade he is the only one who isn't so irritating like the batman and he does his own job without the problem and he doesn't care about anyone who is standing in his own way. For me the anti heroes was fascinating me because of their past background nothing else and the only the most hated anti hero was Deadpool I always hated the guy and always will. So I was giving the 1 out of 10 stars (the most powerfull superhero movie of the decade).",2
The Dark Knight,This is the nice movie of this world.. and i request every person should watch this special film..,2
The Dark Knight,"I was never a fan of Batman in the first place. I always saw him as James Bond 007 in a bat costume. He has no super power, so.... The movie is so looong so Dark, the Bat cave ? What batcave ? Oh you mean the low ceiling warehouse all in white. The love interest, Rachel, between Dent and Wayne is not pretty, not even cute. She's even below average. I could go on as Nothing was good. Yes Ledger was good. Tragically I think the movie benefitted from his tragic death. I put off watching this sub standard piece of crap for 16 years because as I said I am not a fan of Batman, and I never will. The only Batman I like a little bit was Batman Begins.",2
The Dark Knight,"you know this was good but I'm not gonna get m-ICE-self too ex-ICE-ted over it. Batman man should go to the doctor because he sounds like he vo-COLD- chords are going to freeze over soon. Ice-till think that Arnie was the coolest Batman villain around. There's snow-way that Heath Ledger did it better. The villain wasn't even compelling, he was a total Joker. I found his character to be cold and un-burrr-able. Batman doesn't have a sidekick in this movie, and without his acompl-ice it really is much less interesting. The chase scene is a blizzard of confusion at best, it doesn't follow any coh-ice-I've storyline. This movie is naïve and juvenile at best, it really is a movie for chill-dren. I mean, when Heath Ledger is robbing the bank, wouldn't someone have cold the police? There's snow way that the school bus wouldn't be noticed leaving the bank. Ice still don't know why people like the movie, the disorganization of the police force is something I would never tolerate during my time as Governor of California.",2
The Dark Knight,"The second part of the dark Knight trilogy disappointed me even more than the first. In particular, because of Nolan's negligent attitude to the Batman universe. In the first part, we were fed Ra's al Ghul, who was Bruce's coach before he became Batman. Okay, let's say. But it is a crime to make a simple psychopathic maniac out of a clown prince of the criminal world. If instead of the Joker there was, say, Victor Zsasz, then there would be no complaints at all. The rest of the characters also came out very Nolan. The scarecrow began to scare with a canvas bag, and the two-faced one was practically not revealed (maybe that's why I liked him the most).

But all this is entirely the director's fault. The actors played a five-plus, especially Heath Ledger and Christian Bale.

In general, if Nolan had taken a little Joker from Jack Nicholson, then the villain could have turned out to be a reference, but alas, alas.",2
The Dark Knight,I thought this movie was trash and bad acting......,2
The Dark Knight,"When are they going to stop making this garbage in Hollywood. It's pathetic that this type of movie is what has become top box-office attraction for the past twenty years.

Aside from good cinematography, 'The Dark Knight' is little more than an episode of 'Law and Order' with goofy costumes. I never cared about Heath Ledger, and Joaquin Phoenix did a way better, more believable job as The Joker. Heath Ledger did nothing but lick his lips every five seconds and overact the rest of the time. The only reason I watched 'Joker' was because of all the crazy press it got about how it was going to cause anarchy across the country.

People actually put 'The Dark Knight' on a pedestal up there with actual real cinema like 'The Shawshank Redemption' and 'Dances with Wolves.' Years from now people will look back at how lame all these superhero movies actually are and wish they never wasted their time and money.",2
The Dark Knight,"And that comment is just the start of what is wrong with this movie. Given the incredible amount of hype that surrounded this movie because of Heath Ledger's death, it was inevitable that it would disappoint to some extent. But I was unprepared for just how badly it would disappoint me.

Don't get me wrong, I love the franchise, and Batman Begins was a fantastic revitalisation of it. But TDK fails to live up to its predecessor for a number of reasons.

Firstly, what the hell happened to Gotham City? Was there no budget for set design? Where is the Gothic architecture that was artfully blended into the modern in BB? All gone in favour of shiny modern buildings.

Next, just how many subplots does a film need? TDK has loads. And each one is not fully realised, leaving you, as my summary suggests, both wishing for a longer, more rounded movie and at the same time wondering when it will end.

The acting is pretty good, but it's not Oscar materiel. Heath Ledger makes a good Joker, but I'd hardly call it his best performance. Likewise, Bale seems content to just do his Batman thing and not give us any surprises. In short, nothing special.

The effects are good, and there is action enough to keep you watching, but the subplots tend to break up the flow of it all and get in the way.

The mobile phone ""sonar"" network was ridiculously over the top in a movie franchise that was trying to be more ""realistic"" and to be honest, that was the final nail in the coffin of this film.

Likewise, when I look at the ratings this film has received, I guess I'm in the minority in not liking TDK. But that's alright. I guess not everyone has the ability to see past the hype and tabloid build-up and it is easy to get seduced by what they have been told is ""a great film"".

To see this at number three on IMDb's list of top movies is just nerve-gratingly wrong. Let's just hope the next one will be better (and actually deserve to be labelled as such) SUMMARY: Too long and yet not long enough. A tedious plethora of subplots most of which are not necessary. Overall rather dull and tiresome.",2
The Dark Knight,"Bad acting and abysmal writing; I honestly can't believe this is the same film I've heard so many people rave about over the years. The actor playing Batman is genuinely horrible, and it's difficult to stifle laughter whenever he attempts to growl/whisper/croak out his dialogue. Ledger's turn as the Joker would have probably been forgotten if not for the boost given by said actor's untimely demise. The writing is typical Hollywood garbage, and the action is unimpressive at best, and boring at its worst. If you're one of those lucky film viewers who can essentially shut off their brain in order to endure this type of cinematic catastrophe, you may somehow enjoy it... but otherwise, avoid this festering crap-bomb at all costs.",2
The Dark Knight,"very good movie, Heath ledger is superb and Christian Bale is very good although I don't understand why they have to twist his voice so badly!. The movie is an improvement compared to the first Batman and Heath Ledger is actually a better Joker than Jack Nicholson - he is indeed terrifying. BUT..... once again an American movie cannot end without a an pathetic pathos-emotional ending. in under 15 minutes the movie is reduced form a masterpiece to a typical American mainstream movie. I would have given the movie a clear 10, but I have to settle for a 7 - I know the Director is Englishand so should the ending have been. It is embarrassing!!",2
The Dark Knight,"This movie is really overrated. I mean, it was okay, but the casting choice was poorly made and the characters were horrible. I expected much more from Christopher Nolan. Batman sounded like he had throat cancer. Bale looked nothing like Bruce. The Joker's origins were messed up and he was weird. He was something like ""Hey Bats I know I have just met you, but what would I do without you? I can't live without you."" So overrated. Batman V Superman may not have included those many characters, but it was better. I was really expecting much more because Nolan is a great director and also lots of people were really praising the movie. This is my opinion.",2
The Dark Knight,"Heath Ledger played a brilliant Joker, and Christian Bale was a good Batman. Batman is supposed to be for little kids. It should not be dark and scary. This was by far the worst Batman Movie. I would still hope that they will continue the adventure. It just completely veered away from how Batman should be. The actors were good. The plot was horrible. Harvey Dent is not a good guy. I don't care how many criminals he put away. Batman put away many more. You cant let a horrible and psychologically unstable man be remembered as a good guy. The Joker was EXCELLENT. It was Heath's best role ever. I am just sad to see him go. This is just my opinion of the movie. I encourage everyone to see it and create their own opinions.",2
The Dark Knight,"The dark knight is a overrated film that is so stupid,nothing in this movie makes sense. How does Batman get shot by the twofaces revolver and somehow go down for a minute, How does the joker not get killed at the end of this movie and that all he does is go to jail for the crimes he committed!???! Honestly this has got to be one of the worst films I have ever seen so bland,stupid,disturbing a movie made for emo kids that wanna feel like the joker and this movie is responsible for mass shootings. I wouldn't watch this horrifying movie for a million dollars 2/10 COMPLETE GARBAGE!!!!!!!!!!!!!!!!",2
The Dark Knight,"I was expecting some kind of psychological thriller. I was mistaken, and highly disappointed in finding out this was just another action movie, based on a comic book, and not buttressed by very much, except by an estimable performance by Phoenix. The gritty insouciance of The Joker could not have been more painstakingly executed.

There isn't a whole lot of explanation about the joker. We are supposed to derive our explanation for this complicated psychopathy from Alfred's (now with a cockney accent, instead of the patrician, high brow, RP sort of butler, I had seen in previous iterations) flimsy juxtaposition.

There are some surprising reverses in this movie, but they are not at all satisfying, nor are they disappointing. I just haven't been drawn in enough to care about the characters.

Well, turned, easily evacuated and satisfying for the American masses, but still a piece of excrement, and not without odor.",2
The Dark Knight,"One of the worst superhero movies I've ever seen. WAY too long; an absurd, confusing, unnecessarily complicated ""story;"" annoying characters, & boring action sequences.

You know it's bad when it gets to a point where you aren't sure what's going on but you don't even care enough to try and figure it out! And what is with the ridiculous voice Bruce Wayne adopts when he becomes Batman?!

Almost makes me yearn for the days of Michael Keaton. And that's saying a lot.",2
The Dark Knight,Heath Ledger is good but it's just another boring entry into the Batman franchise. And recasting Katie Holmes with Maggie Gyllenhaal is blasphemy.,2
The Dark Knight,"People who like this movie have no taste in movies, I have seen some bad movies in my life, but I can honestly say this is the worst movie I have seen. I can not see how people think this movie is any good, honestly the only thing that made people like this is the fact that it was one of the last movies Heath Ledger was in before he died. Christian Bale's voice throughout the movie gave me a headache, the story line was horrible, and this is just a movie for batman fans who have no hope left in another good movie. To tell the complete truth Batman & Robin with Arnold Schwarzenegger was a better movie, and that was atrocious.",2
The Dark Knight,"I saw this movie a while back, and was underwhelmed at the time. After watching 'Joker' yesterday, I decided to compare the two Joker performances (Heath Ledger vs Joaquin Phoenix) and gave it another go. The joker performance is good, but it's not enough to make up for the rest of this train wreck (Actually, I think a train was the only thing NOT wrecked in this movie).

I had forgotten how vacuous and mainstream The Dark Knight actually is. The usual explosions and special effects extravaganza to divert attention from a lack of any depth whatsoever. This movie left me completely unmoved, in contrast to the Joker. Well, I will admit I was increasingly angry, but not at the villains, rather at the people who made this pile of bat guano. The trivialization of violence and complete lack of plausibility that is so common in American movies is at the forefront again here.

Nothing special, other than the effects. And after 10 years, even those are lame.",2
The Dark Knight,"I'm just gonna say it. I know it's the popular opinion but it's the truth to me. This Joker is gross and emo and is one of the worst depictions of him, right next to Leto's for me. I'm not sorry. The Joker is dapper in suits with ties. He doesn't skip showers and dress like a hobo or lick his lips constantly like a lizard, he's not Killer Croc. The whole time I kept wanting to ask this wannabe emo Joker why he was so serious? This may be beloved for all time and that's fine, but for me, I'll just go back and watch the animated series or the Burton movies when I want some Joker acting.",2
The Dark Knight,"I hate to buck popular opinion, (not really), but I thought this movie was too long, too boring, too confusing and two out of ten. Perhaps I had unreasonable expectations. But I walked away from the movie thinking that this was probably the biggest ""four-wall"" in cinema history. If Heath Ledger wins an Academy Award for this turkey, the Academy should apologize to Harold and Kumar for being overlooked twice. This poor guy mumbles through this unrecognizable part like an amateur. And, how may plot lines does any movie need? I intensely dislike movies that have to set up the sequel. This is the most blatant sequel set-up since ""The Empire Strikes Back."" And what's with Maggie Gyllenhaal in the female, romantic, lead? Were all the attractive, talented, females busy? Maybe she'd be better suited for a remake of ""Tugboat Annie,"" but I wouldn't say for sure whether she should play Marie Dressler's or Wallace Beery's role. Christian Bale? Bale of what? Certainly not delivering dialogue. Aaron Eckhart? Better suited for a small screen sit-com. Gary Oldman? Actually a bright spot, delivering his usual flawless performance that so rarely gets noticed. The caped crusader should become the crepe draped crusader. Try again fellas.",2
The Dark Knight,"After seeing this movie...I thought of a more appropriate title...instead of ""Dark Knight"", I would have called it...

""The Butchers of Gotham City"" ...to honor of the director, writers and actors... of course...

This movie is a waste of time...a whole lot of time...at least on a DVD you can fast forward and protect what little is left of your brain.

Question...aren't movies supposed to make at least some small attempt to resemble an ""art form""...??? The director of this movie apparently doesn't think so... or much of the concept that ""less is more""...nope...not Nolan.

Sometimes by trying to do too much you can end up with nothing...like trying to jump a crevasse that is 5 feet too wide...

You know you have problems when you start to cringe inside when it's imminent that a particular character will re-appear on screen... and you realize that you will have to sit through another minute of a one-dimensional performance that you have already seen a few hundred times already...

Yep...I'm talking about Keith Ledger's joker...his career really ended up there on Brokeback Mountain...or should have.

Where was Jack Nicholson when we really needed him? And what happened to the plot... where was that darned infernal plot?...

I guess if you hide the plot you keep people from leaving the theater in droves, because they will wait for it all to make sense in the end...but that never happened.

Well...maybe I am indeed being too harsh...after all, this movie was apparently written during the writer's strike...they should have just paid them what they wanted...

Maybe different editing would have saved this one...some attempt at editing might have helped, it certainly couldn't have hurt ...they really should have spent a few more $$$ and edited the thing, but they needed to go back and take a class in Plot 101 first.

On a scale of 1-10, I give it a 2...and my generosity is only for the ""...watch me make a pencil disappear..."" line...

Do yourselves a favor...catch that scene on you tube...it's the only scene in the film worth watching.

TC",2
The Dark Knight,"I know this is considered the end all and be all of comic book movies. Let's face it this movie fails on so many levels. I am all in for changing characters for the better but this is terrible. We'll start off with Christian Bale and his voice he sounds like he overworked his throat. This movie would of been perfect to add Robin and bring the dynamic duo to the big screen. I mean what is Batman without Robin? Let's move on to the villains shall we? Ledger Joker was well a.... Joke he took all the fun out of the role. Two Face was okay I guess I myself prefer Tommy Lee Jones(I might be a little bias being a Texan myself) He was truly the only thing that made this movie watchable and made me begrudgingly give it two stars instead on the one star it deserves. I think we can all agree that this far from the masterpiece of comic book movies that was Adam West's Batman movie,",2
The Dark Knight,"Thith movie thuck. Bale's performance thuck. He is like the cardboard - dry. Ledger's Joker is there for eye candy, nothing ingenious, because who of us doesn't have an inner arse-hole to unleash? Thith movie thuck. Michael Caine flies through thith movie because he knows it thuck. As does Morbid Freeman. Maggie Gylenhorse thuck. I don't like that. Gary Oldman does. Hot fudge on a cool Saturday sells for less than 185 million dollars that this movie was made for. Thith movie made over 1 billion dollars worldwide. How many rabid dogs can that cure? Ledger's Joker is there for eye-candy, nothing invaluable, because who among us doesn't have an inner arse-hole to be unleashed?",2
The Dark Knight,"I know by reviewing this movie with and honest opinion, I'll upset a TON of batwagon nerds but I don't care. This movie was so boring I literally fell asleep half way through for a few minutes. I've never been a big ""batman"" or comic book super hero fan but I went to see this one when it came out because of all the hype. I wasn't into Batman begins either but I figured this one would be better because of all the hype and Heath Ledgers Performanc etc.. god I was wrong. I can definitely admit that it's a very well made movie but god it was so damn boring and dull to me and NO I don't have to have tons of action like stupid transformers. I don't know, I'm not a huge Nolan fan which is weird because I know he's a good director but I usually don't like his movies. Didn't like Inception (I know right? What a weirdo) only one of his I liked was Memento and kind of liked interstellar but that one was sorta boring too. Anyway I am well aware I'm n the minority on this one but I don't care. Being honest!!",2
The Dark Knight,"As a fan of Batman, this is undoubtedly the most unpopular opinion of my entire life. But I cannot stand this movie. For me this is the most pretentious and overrated movie in the history of cinema. Heath Ledger's Joker was charismatic, but taking it away ... What do we have? We have a movie that makes Batman a mere supporting character in his own film. A Batman with no balls and no detective soul. Confused, messy, uninspired fights. Boring, lifeless, uninspired scenarios. A Gotham turned into some another generic and commom American city. An overly dramatic, heavy, humorless and violent tone. Batman is usually dark, yes, but one thing is to be dark, another is to want to sound like a play by Shakespeare. TDK takes itself very seriously and this sucks. Oh for God's sake, at the end we are talking just about a guy who dresses in bat and walks around town for fighting crime. It doesn't have to be complicated, it doesn't have to be too complex, it doesn't have to be very philosophical. I just want to look at the movie and think, ""This is a Super-Hero movie!"" Exactly the same feeling that Spiderman 1, 2 and Burton movies always makes me feel every time I watch. The Dark Knight is not a genuine Super-Hero movie. It's simply a police story that happens in a generic city by chance called Gotham where by chance Batman and the Joker are inserted, with Batman being only a supporting character.",2
The Dark Knight,"Batman begins was great this movie however is the most overly praised Batman movie ever! The movie had way too much hype behind it because of Heath Ledger's death and while his performance was good the film was long and tedious, recasting Katie Holmes was a mistake and it didn't have the flow that begins had.

All this movie is is a piss of dribble p***.",2
The Dark Knight,"I was really expecting a lot more for this movie and it looks like some company is paying for good comments around and I can't understand the good comments here either, it doesn't make any sense to me.

The movie is too long, full of fragile dialogs such as the one where Bruce Wayne attempts to give up from Batman in order to save people from the Joker. Not to mention one of the last scenes where the joker is captured by Batman after Bruce Wayne and Lucius Fox have traced the communication of all cell phones in Gothan city. Really terrible.

I would say that DC comics and Warner Bros did not learn how to produce good Batman movies yet, which is really sad since Marvel does good movies quite often. It's also really sad because people like me (and several other people around) who really like Batman, are often wasting their money with poor movies like The Dark Knight.

BTW, not sure why they chose this name for the movie, I was hoping that one day we could have a film with the original story written by Frank Miller but now that WB has used (burned) this name with such a bad movie I have no more hopes.",2
The Dark Knight,"I loved the first film, but i just could escape the feeling that this was a lot more of a popcorn movie. The only bright spot in the movie for me was the joker brilliant insane agent of chaos.Played to the hilt by heath ledger. The were too many things that made no sense in the film and could only be explained by corporate interference,The man responsible for the first great film simply couldn't have made this mess(or so i thought)

The heavily armoured ""tank like"" batmobile built for the army is taken out by a rocket?Thus batsy must eject in the bat pod and a new ""must buy"" toy vehicle for the kids. The military must have asked for a bridging vehicle that can eject a motor bike from wayne industries?? (an example of the military-industrial complex gone mad or completely non-sensical idea that the writer didn't think through?)

Batman goes to hong kong for about 5 minutes to catch a man we barely see again.

The bullet ""resistant"" armour is penetrated by a DOG?With kevlar Dentures perhaps?So now batsy has to have a completely different suit made and thus a completely new action figure for the kids.Ker ching

The gotham city of the first film looks completely different,even the brass looking monorail of batman begins(a major feature and plot point of the film) .It is replaced by the very dark industrial looking chicago elevated train system.And did they really think we wouldn't notice that the sandstone pointed-roof tower of wayne tower was suddenly morphed into Black flattop of completely different design.

Several signs bellow ""welcome to chicago"" in the background.

The new Rachel dawes is completely different and the new actress doesn't even try to emulate the character seen in the first film.

An utterly pointless cameo from the scarecrow ,captured in 30 seconds flat .

over all a wasted opportunity kind of like comparing x men to the dire sequels

avoid",2
The Dark Knight,"When a write this, this farce of a movie is ranked 10 in the top 250. Has anyone who rates this movie so highly actually seen it? The timing in almost every action is so unbelievable wrong. Anything happening a split second earlier or later would not have lead to the outcome portrait in the movie. I love comics and the don't have to be logical. But if you a make an illogical movie please make is obvious that you are making a farce. There is no logic in a house that just has been raided by the thugs to be proclaimed as ""the safest place in Gotham"". just a few scenes later. Don't make everything as realistic as possible, make a comic-movie. The badman-series where lovely to watch because they understood this to be true. OK, the acting is not to bad but almost all the action is horrible predictable.",2
The Dark Knight,"The Dark Knight is hailed as one of the best comicbook movies or a great movie in general. First of all, this movie takes away the comicbook atmosphere that the first one had. Gotham ain't gotham no more. Just chicago, yuck! Batman doesn't feel intimidating enough in this movie due to Bale's slimmer physique and the new ""Gimp"" suit. Should have stuck with the first suit. The plot of this movie is absolutely ridiculous and Complex if you think about it. Terrorists, mobs, corruption, Ethics blah blah blah. We are here to watch a Superhero movie Nolan. Why indulge in pretentious writing? Why so Serious? Harvey Dent is such an Overconfident dumb District Attorney. I wonder how he passed high school. The hospital blows, he doesn't die. He shoots the driver in the car at such a high speed. Like really? That's so suicidal. He kidnaps Gordon's Son and Wife for no particular reason other than to Get his butt kicked by batman. Heath Ledger's acting is the only good thing about this flick.",2
The Dark Knight,"The good:

This movie was an improvement over the juvenile and cartoon like depiction of batman from the prior series.

The action was good. Heath Ledger did a great job as the joker. There was some decent character development on him.

I liked the cameo in the movie to the original TV comic TV series.

The bad:

Batman is not a comic (as in funny) figure, however that doesn't mean the movie has to be devoid of comedy to give peaks and valleys to the violence and disturbing trip down the dark shaft of the criminally insane that Batman journeys to.

The movie was as dry as a martini with humor. You wont find it.

Batman's voice when he has his cowl on is extremely annoying. It sounds like someone trying to talk tough who isn't.

No further character development of Bruce Wayne. The original Batman actually did a better job with this.

The whole fake death of commissioner Gordon seem forced into the plot like a square peg in a round whole.

Again, the movie makers depart from the Comic strip and kill off the Joker. Batman and the Joker are linked and in the comic book he goes through a deal of effort to make sure he lives.

Out of the three comic book to screen adaptations this summer: Batman, Iron Man, and the Hulk. The Hulk is best.",2
The Dark Knight,"Wow, saw the movie yesterday and must say I was completely disappointed in the whole thing. I enjoy action movies - Transformers, Superman, Spiderman - basically every comic known to the world and the common theme that good does indeed win over evil. Not in this movie- The DA Dent - the hero figure was bent into an evil monster. The heroine - blown to bits. Batman at the end a criminal hunted by the police ............. the notion - either you die a hero or stick around long enough to be the villain........ yup that is pretty much this whole movie. Batman was one dimensional. I did enjoy MC's Alfred but for me that was the bright spot as well as Morgan being the one that had morals. The scene where the boat captives had to choose - totally unbelievable - crazy convict would do the right thing ........ right. It is a twisted version .... a once great comic hero that now is a - should I do this or not type of guy. As in Jerry Maguire .... that is NOT what inspires people. It was a disturbing movie that I wished I had skipped.",2
The Dark Knight,"I gave it 4. Its not as good as Batman with Jack Nicholson. This one is too much action and FX. I don't understand what was so good in acting of Heath Ledger, Christian Bale and Aaron Eckhart, Their acting is very stiff, rather boring and truly nothing worth mentioning. As usual Michale Cane and Morgan Freeman are playing well, but all in all its just another action packed, special effects movie without anything that would stay in your mind and heart after you exit the theatre. In my opinion, this got so high notes only because of tragic death of Heath Ledger and the media attention that the role of Joker was suppose to be the cause of his death. I don't buy it and I don't buy opinions of PR guys and film critics. Giving it at least some objectivity, this movie deserves max 7 points. I m not that big fan of comics so I m not much into Batman, thats why my personal opinion is just 4/10",2
The Dark Knight,"This movie was good for a ""Comic book movie"" at best and thats it! sure the acting was good, but as far as the rest of the movie goes same ole same ole, yes, thats about it! nothing new with the plot or theme! I don't see how people can even begin to rate this movie as the best move ever!? I think most people who rate this movie the best movie ever haven't been exposed to much movies outside the usual summer Hollywood blockbuster bore! In fact if we stick to the proper genre of this film (Comic Book movie) I think Sin City was a better movie then Dark Knight, again, as far as comic book movies go! I gave this movie a rating of 2 simple because of all the ridiculous ratings people have been given it, which is not justified. I would have given it more if not for all the unjustified high ratings by the summer movie blockbuster fans! Therefore, I hope people with the same opinion as me will rate this movie low enough to bring it down a couple of notches where it belongs.

Oh yes, and whats with the ridiculous voice Bale puts on while he's got the outfit on?! I mean hello?! This is a comic book movie so at this point one would think that the audience have suspended their disbelief, right? One would think so with the ratings people have given this film!? so we can all assume that his identity is pretty much hidden without trying to sound like Howlin' Wolf with a nasty cold!",2
The Dark Knight,"Really, a very unpleasant film. There's nothing but climax after climax ... no down time, no comic relief, per se. It's not that Heath Ledger didn't do a swell job; he did. But a movie that's nearly three hours long, which forces the viewer to spend most of his or her time squirming in their seat, is not, in my opinion, a very good movie. To give one example: it's said that Christian Bale studied a martial arts discipline in order to portray his fight scenes accurately. And yet, when those scenes are unspooled, they are shot in such close quarters, so fast and in such darkness, that it's difficult to determine what, exactly, is happening. Who cares? It's hyper-kinetics for its own sake. There are swell action scenes, but what about the relationship between the characters? Their development? Who cares? There's no time in this non-stop hyper-noir potboiler for any such softer sentiments. No time ... in a three-hour film? Nerts.",2
The Dark Knight,"Being one of about three people who didn't like Nolan's ""Memento"" I know I will be in the minority on not liking ""The Dark Knight"". But here goes. I thought this movie was awful. It was boring. And when it wasn't boring it was pretentious. And when it wasn't pretentious it didn't make any sense. It has to be one of the most poorly edited films I've seen. There always seemed to be three things happening at once and every time one event became involving, the movie would cut away (on an action no less)to a second or third event until you weren't sure which event was happening where and when. Not only was this completely confusing, it undercut the tension in any one of the single events. The action sequences, where Batman is actually involved in a fight or a car chase are so mangled they are drained of all excitement. The fistfights are too close-up and choppy and the motorcycle/truck chase is all over the screen with no continuity or point of view. It's a total mess. So is the overall plot. It tries so hard to be ""complex"" it defeats itself on a dramatic level. It's trying to thwart audience expectations, but you know, sometimes audience expectations should be honored. Aren't super-hero movies supposed to be fun? This is about as much fun as walking barefoot through an open landfill. When I think about it, the answer to that question is ""no"". Arguably, The Terminator is a super-hero and he isn't much fun. But the first two Terminators were fun;and they were as dark as could be. The rest of these comments are just random thoughts I had, watching the movie. They are disjointed and perhaps non-sensical, but then, so was the movie. The Dark Knight completely lacks a sense of humor, unless you count the Joker's insanity. Heath Ledger was great at first, but his ""Crazy"" act became repetitive and started to grate after ten minutes. There's not a single likable character, or actor to play them. And the Gotham Police Department seems to have recruited it's staff from a local home for the mentally challenged. Why are Morgan Freeman, Gary Oldman, and Alfie in this? Couldn't they throw a bone to some struggling unknown actors and let them play these disposable roles? Maggie Gyllenhaal has all the appeal of a bruised cantaloupe. I was routing for her to die. When did Batman start disguising his voice by talking like Astro from the Jetson's. Like people really aren't going to recognize the bottom half of his face anyway? Wouldn't Harvey Dent's facial burns require at least a little Solarcaine to keep from getting infected and killing him? How did the Joker manage to pay for all that gasoline before he robbed the bank? The only scene I thought was good was when the Joker pushed Maggie off of the Wayne building and Batman swooped down to save her. Maybe because it reminded me of the same scene from Superman? What I hated most was all the holier than thou (Batman!) moral posturing by the filmmakers when they are marketing this disturbingly violent picture to kids. And then they have a little boy on screen being threatened with a gun to the head. It's pretty sick. People in this movie are brutally murdered and physically threatened usually by gun, or by knife, and even by a pencil. The theater where I saw this was packed with little kids. THIS IS NOT A MOVIE FOR CHILDREN.",2
The Dark Knight,"I had long heard about ""The Dark Knight"" but had waited 15 years until now to see it, and that long wait just makes the disappointment that much worse once you find out how mediocre this film really is. I thought the sound editing was terrible, with too many harsh pointless tones so common in Nolan movies. The film editing was atrocious, with scenes jumping quickly from one situation to the next while not showing the crucial action. The action direction was thus likewise poor making action scenes difficult to follow. The plot was also surprisingly abstruse for a comic book film, in a bad way. The script was not developed well enough to care about any of the characters. Bale mumbled all his lines so I could barely understand him. I thought Aaron Eckhert did best but I knew his role would be so depressing. Really the entire Batman universe has become much too bleak and depressing, and Nolan piles on top of that fact with the most bleak ending possible -- stating our hero must become the villain to save everyone. More inverted morality nonsense. Really wouldn't recommend this film to anyone, poor production, poor script, poor morals, basically zero to recommend it, almost no women in the film as well. Avoid, 2/10 rating.",2
The Dark Knight,"This movie was much too long and much too boring for me to enjoy. The action scenes were very sloppy, almost like a bad sci fi channel movie. Two face seemed like a throw away character and was really useless. The movies theme seemed to be ""Batman can't stop crime and is the reason Gotham is in misery"" which seemed odd to me. Hard to believe that so many plot holes made it into the movie. Lazy screenplay and lazy directing.

Christopher Nolan's style of film making seems to be slap one scene after another together without making a coherent story.

Honestly had to check the end credits to see if Michael Bay directed this movie.

Heath Ledger was amazing.",2
The Dark Knight,"I really did enjoy this movie, I think it was a great sequel to the original which I feel a lot of people are overlooking due to the fact that Heather Ledger passed away before the release which helped the movie get a lot of buzz. Apparently I am one of few people to feel that the original was better if not equal, it gave the viewers so much background and answered so many questions, it really was a great re-boot for the franchise and I feel many people forget that fact, I understand that usually most sequels are very poor and nothing compared to the original, and this movie was not one of those at all, it was a very good movie but is it better than the original?? I really don't think it is, I think that Heath really did a great job, and should be acknowledged for it, I think so many people are caught up in Heath's passing that they are blowing this movie up so much. I think after a while people will settle down and really view the movie as it should be. Its sad that he passed away, but judge the movie as a whole not on one characters performance.",2
The Dark Knight,I don't like it hahahhahah ya soon to discuss get the u crazy busy but if good for me you were can be do not you will are in in error and or privileged attached is my a few of my them in and I see the attachment and response that to me the link details and for your all of is a the same sender and by telephone that you are can make the best thing is I to be in able and the I will send it out of my friends in town that you can get it is not intended a good day for you and I am going on in your life in a couple weeks and then I will be in the morning and I will be in the morning and I will be in the morning and I will be in the the perfect perfect perfect perfect for me to to send you a call from the newsletter click the the perfect fit for me to do it is a good time to get the chance to look at the end of the individual or entity to which it is a good time to get the chance to look at the,2
The Dark Knight,"After watching all three movies I must come to the conclusion that this is the weakest part of the three and that my initial thoughts of this movie were right this movie tries too hard!

My first problem the main villain(who has more to do with The Crow than The Joker)besides a gag or two isn't funny(for all the over the top and campy acting of Nicholson his performance is much more true to the character and maybe even more menacing than Ledgers interpretation)and though it's a solid performance by Ledger(it's one of the good points in this movie)it isn't that impressive.

The city has nothing to do with Gotham City whereas in part one you got the distinctive feel of a Gothic City in the second and third movie they seem to forget why Gotham City is called that way(it's more Techno-punk or Tech-noir than Gothic IMO)

It takes itself way too serious and here lies the problem if you want us to take it seriously than there has to be something as logical plots and story-line.And you have to give us more than one dimensional characters if you want us to give a damn about them(and it's not that the talent is not there with a cast like this,but it's rarely used( example Gyllenhaal)

IMHO Watchmen does a far better job and maybe because it has that seriousness in it's source-material whereas Batman has not(not in it's original form that is)which explains idiotic clues,like the scene with investigation of the bullet(It's The Joker NOT The Riddler),and inconsistencies in the characters e.g. The jokers says that he's like a mad dog chasing cars and acts psychotic while everything he does is very carefully planned far in advance that you have be rocket-scientist to plan like he does(if The Joker stands for chaos then it takes an awful lot meticulous planning and order to create chaos).And the transition from Harvey Dent into Two-face is plain silly.

The score; somebody put Zimmer in a straight-jacket please has that man ever heard of the expression ""less is more"" important parts of the movie are totally spoiled by the far to present score.And then the giving of musical c(l)ues when something is going to happen,as if we are idiots(when you hear the beehive-like sound)becomes quite annoying.

Maybe Two-face is actually the right comparison for this movie it's neither fish nor flesh it wants to be a great action-adventure comic - based movie on one side and a serious study into justice,power,chaos, terror and control on the other and that gives the whole movie a an artificial feel and it becomes frustrating when scenes for the sake of making a point interrupt the flow of the movie.

all in all it tries to be two things at once and fails at both.

2/10",2
The Dark Knight,"Shot well but with a plot so full of holes it was hard to enjoy it and not get annoyed. How exactly DID the joker manage to fill buildings and passenger ferries up with drums of diesel and explosives without anyone knowing?? AND why did Bruce Wayne's voice change every time he put on the Bat Suit?? etc etc Very annoying. (Although it seems as if I'm the only one who didn;t enjoy it!!) When they smashed the Batman search light with an axe WHY did they have it plugged in and switched on???) Joker escapes from custody too many times and after a while it just gets irritating. The movie is also too long and each time you think the story is coming to a conclusion it goes off on another tack... you've guessed, the Joker escapes and starts on another mission of pointless mayhem.",2
The Dark Knight,"This movie was so so. The Joker was played by Heath Ledger who died in real life afterwords. But what most movie buffs wonder is why was the joker so powerful? He was beaten in the face by The Batman repeatedly but never really was hurt. I would think that so many punches in the face would result in a major injury. That was very strange. Also, what happened to the joker to make him that way? Jack Nicholson's Joker was made that way when he went to a plastic surgeon or something like that and had botched dental procedure. This joker gargled with razor blades and everything was somehow related to how he was beat by his Mom. I can't understand why The Batman hated the Joker so much.",2
The Dark Knight,"Okay. Heath Ledger was worth it. He has created a classic screen villain with his Joker and he deserved his (posthumous) Oscar. The rest of it? Whaaaa... Batman seems to be another classic film franchise that now takes itself seriously. James Bond has become a serious guy and the movies no longer are fun. Same here. Remember both the old Batman TV series and the early movies with their WHAM POW graphics and their delightfully camp dialogue? (Holy hockey pucks, Batman....) (Come to think of it, where was Robin in this Batman outing? Probably auditioning for Hamlet.) Chicago just doesn't make it as Gotham City which used to have such a dark, surrealistic quality. And I had trouble sorting out the good guys and the bad guys. There are no white hats and black hats here. They're all varying shades of grey. Even Batman is a bad guy. Or is he? The effects are good but no better than what the computer now has made routine. Really. They have to do better than blowing up everything in sight and rolling police cars like yo-yo's. Been there, done that! I won a voucher for a free movie in a scratch and win promotion. It was due to expire yesterday so I thought I'd pick up a movie I wanted to see. I had read all the rave reviews about this one and about its various awards. Even the IMDb rating is a rare 9. Gotta be a great evening. Uh uh. At least it didn't cost me anything other than a couple of confused hours.",2
The Dark Knight,"Should have been titled The Joker as his character is the only interesting thing in the movie.Hokey fight scenes,Batman talking under his breath in every scene.Plot was typical crap.Joker was good for the most part.The district attorney was a joke,his g/f was sleeping with him and Batman at the same time(this is good ideas to put in our kids minds eh?)

This movie got a whole bunch of PR but did not deliver,luckily for the movie creators there are a lot of ignorant people out there willing to pay for this garbage.Christian Bale lowered his integrity as an actor with this one.Ironman and Spiderman 3 are so much better than this its pathetic.If Heath Ledger didn't die during the filming i wonder how many sales it would have made.",2
The Dark Knight,"2 and a half hours!!!!! are you kidding? that time is reserved for great movies, not crap like this. oh yeah, movies must have a lot of ""action"", flashing lights and special effects along with gadgets. Of course batman always had the gadgets, but the fight scenes were pathetic, and the special effects made for 14 year old. ""dude did you see that.....! no sense of where batman comes from, and the joker, why not show some of his childhood instead of him just telling it. noisy and juvenile. lousy effects and stunts. 2 and a half hours!!!!! are you kidding? that time is reserved for great movies, not crap like this. oh yeah, movies must have a lot of ""action"", flashing lights and special effects along with gadgets. Of course batman always had the gadgets, but the fight scenes were pathetic, and the special effects made for 14 year old. ""dude did you see that.....! no sense of where batman comes from, and the joker, why not show some of his childhood instead of him just telling it. noisy and juvenile. lousy effects and stunts.",2
The Dark Knight,"No scene in this film lasts for long enough to be able to appreciate the content, whether that be an action sequence, or the potentially-thoughtful dialogue. The end result is jerky, so much so that at times I even had trouble following the plot.

This is a key example of how average scene lengths have shortened in contemporary popular cinema.

Even if it just an action flick; and this film had the potential to be so much more, neatly balancing action with moral dilemma and questions of human nature; then it work far better if the audience could be able to see what was actually happening, to revel in all the special effects. And perhaps even the dialogue.

It is designed to increase the pace of a film, to make it exciting, but there is no time to be excited or interested.",2
The Dark Knight,"Ledger is very good as a twisted Joker, but beyond that there is not much good going on here. I do not like whispery Batman. I guess he is altering his voice so people won't know who he is? But why try to be realistic considering how fake the rest of the movie is? Especially when it just does not come off well? As for fake moments. There were several in just the first 15 minutes, then I just stopped paying attention. Is Batman really super strong? That is fine if he is, but the way he bent the gun barrel in half was extremely unrealistic, as it would have pulled out of the fake Batman's hands before the barrel bent (in other words, the other half the gun would have to be leveraged against something to be able to be bent). Then when he jumps on the white van that is racing around the parking garage below. I can suspend disbelief that he could calculate when the van would come out, but why did the van stop on a dime as soon as Batman landed on it? Even if the driver slammed on the brakes the van would still skid at least 10 to 15 feet. I could go on and on with the implausibilities. I am one person that is just not going to go along with the herd and call this a good movie. It just isn't.",3
The Dark Knight,Completely overrated in every way. I guess Ledger was ok though.,3
The Dark Knight,"The Dark Knight is one of the most well-made, modern movies. Christopher Nolan shows restraint when it comes to CGI, there are no unnecessary slow motion scenes, ""cool"" fight scenes or naked people to be found here. It's refreshing to see a movie made in the old-fashioned way. Artistically, it's great. Morally...not so much.

One of the biggest problems with The Dark Knight is Heath Ledger's Joker. Unlike ""Batman Begins"", there's just too much focus on the villain and his cruel and disturbing acts. Much like Jack Nicholson's version, he almost becomes the main character, the ""hero"" of the show. People think he's funny, and laugh when he performs his pencil trick. He's also nearly omnipotent...heck, Ledger's Joker could probably kill Superman.

When villains are portrayed in this manner, many people will start to root for them. People think that they're ""cool"" and start to sympathize with them. Just look at fictional serial killers like Hannibal Lecter. When more and more kids want to dress up as the Joker or Harley Quinn instead of Batman or Batgirl, you're doing something wrong (Black Panther suffers from this as well).

Filmmakers should be very careful in how they portray villains. I don't believe everyone who watches violent movies will wake up one day and find out that they want to study at Charles Manson's serial killer college...but we should keep in mind that some people are more impressionable than others. There were plenty of disturbing, Joker-inspired crimes being committed after the movie came out. Someone even mutilated themselves to look like The Joker. To say that stuff in movies (good or bad) never inspire people is a lie. A good example someone else used is ""Birth of a Nation"", which revived the Ku Klux Klan. Again, I'm not saying that the movie alone killed anyone, only that filmmakers should be more careful.

Not that Batman is a saint in this movie either. Lying, mass surveillance, cruelty towards prisoners etc. ""I see now what I have to become to fight men like him"". For Batman, the end justifies the means. The whole movie is about Batman failing to be a hero. People often ignore this just because the movie is (artistically) good.

Batman Begins was far from perfect, but still a better movie than the previous attempts by Burton and Schumacher. The Dark Knight is a step back into the nightmarish and anti-heroic world of Batman Returns, only without the mutated ""pervguins"" or zombie catwomen. Very sad.

It's fashionable to ridicule the old Batman serials these days. The silly costumes, outdated special effects, the racism in the first one...but at least those movies portrayed Batman and Robin as a heroes. And I really doubt that kids wanted to dress up as Dr. Daka/The Wizard when the end credits rolled!",3
The Dark Knight,"In this movie you have several men with anger and self-worth issues. Two of the most powerful good guys, Harvey and Batman are in ""good guy"" love with Rachel.

Batmen is the most powerful man in the world and Harvey is very successful. Both of them are awaiting to be selected for a partner from a Rachel, some woman. The whole movie is driven by Rachel and her death. Batmen wanted to give up being a batman, which is strong male figure, to receive her appreciation and approval.

I think that name ""Rachel"" was mentioned at least twenty times.

This is wrong on so many levels.

In reality, almost any woman would fall in love for any of these two men, because of their status and power. This one woman has so many power over these figures, and she even rejects batman, who risked his life to save hers.

Men can be broken by other ways, not just by loosing a girl who is indecisive about both of them.

Privacy issue with using sonar to track Joker. If we need to invade privacy of peoples lives to protect their lives, what is more important? Saving your mom and dad or your phone calls? Morgan resigning because of this is not grown up thing to do. The same issue British had during WW2 when they captured enigma machine.

I was watching this movie with my wife. Too much needless drama happens. Even for her. Every man is either raging, or making a scene. Not one stable man, containing his composure and not giving into emotion.

The only bright spot in this movie is Joker.",3
The Dark Knight,"Well I finally watched The Dark Knight. And I'm left in total disbelief that this movie could be rated so highly. It was a standard action flick. No cleverness, no 'wow' moments, no twists, no plot. Nothing. Every scene was standard. A typical scene is the Joker confronting a group of bad guys, giving them a speech about how he's a better criminal than them, killing a couple of them, and then leaving by-way of a trick device. And Batman's scenes were all like this too. 2 1/2 hours of this. It got very boring.

That pretty-much sums up my review. There's really not much else to talk about. Everything was standard, and it got boring. The only reason I even gave it a '3' was because it's a comic-book movie, so I gave it a free-pass on not making sense. For instance, Batman and the Joker can both pull the perfect device out of their pants at any given time, and they can both get anywhere (through security) at any time, without any logical explanation for it. If it wasn't a comic-book movie, I'd have rated it a '2'.

Lastly, I'll just speculate as to why this movie is rated so highly. Don't discount my review because of this, as I'm not saying this last part of speculation is the truth. It's just guessing. I'm guessing because I can't fathom why this movie is rated so highly. There has to be some other factors involved. Perhaps it's:

An pre-existing overwhelming love of Batman.

A pre-existing love of Heath Ledger because of Brokeback Mountain (which endeared him to movie critics)....and sentimentality following his death.

The 'all-star' cast. There's bound to be someone you like in this movie. Everyone loves Morgan Freeman, for instance. He's tossed-in this movie for no apparent reason.

The 'message' that there's a blurry line between good and evil. Movie critics love that message. Me....I found the Joker's constant speeches about this to get very tiring after a while. And his voice was annoying.",3
The Dark Knight,"It's become an action criminal drama. Like hundreds of others. Only here there is some dude dressed like a jerk using all manner of gadgets a-la Fantomas and getting lots of attention and tons of help from some nerdy military-complex guy.

How stupid is that? Actors with serious faces and theatrical play, super effects, vast universe (includes real cities), crowd scenes to boot... And you know what? It's outstandingly boring. It all looks like a run-of-the-mill blockbuster with a pop-corn bucket at your side. Eek!

If you want a good comics on screen to experience, look no further than ""The Crow"" (Brandon Lee's), ""Batman"" / ""Batman Returns"" (Tim Burton's), and ""Gongofer"" (Russia's).

The only thing they could have made to somehow improve this production for me is to make Joker win in the end. And blow the whole town to pieces, together with that sad-ass Batman, his tiresome butler, the perfect family-man police chief, the dramatic and miserable double-face politician, and himself.

Don't get me wrong, the movie is not professionally bad. It follows the ABC of how an action is to be done. But it's dead on arrival. The matter is that it's late and cannot exceed the Batman my generation remembers and enjoys immensely: the one by Tim Burton. You simply cannot outdo that one. The perfect comics adaptation for the screen. And yes, Joker there was much more impressive and zany, if you ask me. And Batman himself was cooler. And villains with clowns were freakier and badder. And the whole atmosphere was out of this world.

You can say: ""Get lost and don't watch if you don't like it that bad!"" Correct. Would have never watched it. But there had been rumours for some time about Heath Ledger's performance. Well, it's definitely above average. But it's not enough. All that Batman paraphernalia sucks big time already. Come on, how long can you chew this old bubble gum again and again? If we have the best Batman story adaptation on screen already (by Tim Burton), why should anybody invent a bicycle?

Another proof that modern cinema goes down the drain, tries hard to be something impressive but fails again and again. No matter how many points you give this or that modern flick on IMDb, or how much dough you stick into the production. It stinks.

Morgan Freeman, Gary Oldman, Christian Bale, Michael Caine, etc. - they all look phoney and miserable in this one. Only Heath Ledger saves the day a bit. A little bit - and this tiny bit is something that makes it all watchable.

That's it. A poor high-tech bombastic over-the-top pop-corn production which lasts more than 2 boring hours. A 3 out of 10 only - and all 3 points go to Mr Heath Ledger, RIP. Thanks for attention.",3
The Dark Knight,It's a mixture of James Bond with Mission Impossible.....Where is the dark gothic knight? What's the deal with Batmans voice? Very disappointing,3
The Dark Knight,"I don't understand of how my 17 year old boy love this movie, maybe cause he is just a dumb teen like his papa... overall I don't understand this movie. Just too much explosions...",3
The Dark Knight,"This movie is a climax of nihilism. In its construction it's incomprehensible, chaotic and sloppy; the tone is negative, the acting uninspired; and yet it is, paradoxically, unbelievably overrated. If this is what people esteem nowadays, then I pity for them - what is their perspective of life?

How distant this production is from the original version of Batman I have seen, in the sixties; or, for that matter, the comics themselves! An overkill of sound and images must cover up the lack of story. And how 'skillfully' the sphere of the Batman original has been murdered. No courage, no honor, no romance left. Do people really believe in this vision of darkness? Or is it a perverted sense of heroism, in respect to the deceased Joker Heath Ledger? Increases the death of youth icons the validation of their productions? Should that be so, then how poor and unstable a basis that is!

Seldom my time was wasted like this. For its technical efforts, I reward 3 out of 10; reluctant, however, in giving any appraisal whatsoever.",3
The Dark Knight,"This movie is the holy grail for edgy 13-year old edge-lords all over the world. Heath Ledgers Joker is irritating and shows signs of herpes, Rachel is the worst character ever and Batman is played by a lunch-lady who have smoked cigarettes for 40 years. Nolan can not direct a action scene even if his life was depending on it. The dialogue in the movie is cringe-worthy and is written to appeal to middle-class anarchists. ""The Dark Knight"" (1994) is the definition of Anti-intellectualism. The only good things with the movie is that The Batman suit is kind of cool and that it has a fetching title.

""I can sooo relate to the joooker""",3
The Dark Knight,"While this film hardly needs another review, I feel compelled to express my astonishment at the high praise lavished upon this boring, predictable, and mundane movie. It starts strong enough to earn a couple extra points, but quickly derails into a tangle of subplots and an endless parade of characters, none of which make much sense - even in the chaotic realm of Gotham. The movie tries too hard to be a dark, serious comic adaptation with cardboard cutout characters, yet it never quite achieves the gravitas of a proper drama or the lighthearted fun of a mindless romp. It's hard to believe this is a Nolan film, save for the labyrinthine plots going nowhere and the slick, grim settings.

As for Heath Ledger's performance, while his premature death was undeniably tragic, his portrayal struck me as more annoying than impressive, marred by slurred dialogue. The abrupt transformation of Harvey Dent into a deranged criminal was just another absurd moment in an overlong, uninvolving, and frankly boring film.",3
The Dark Knight,"Of course this film sadly had extra weight attached to it as it features one of the last performances (and what a performance it is) from Heath Ledger.

Other than that this is an above average superhero film, that again adds new depth to the Batman mythology.

It's very, very dark at times, and it made me somehow miss the lighter Batman films of the 90's, but its quality as a film can't be denied.",3
The Dark Knight,"You know why everyone loves this movie its because of the serious close to early Batman(minus the pink gloves)and its refusal to make a funny character funny. Yes the actual Batman comics are dark and Heath Ledger and Morgan Freeman are the only two good actors in the movie but they screwed up the BIGGEST aspect of the Joker.While yes he is crazy and terrifying, he also needs to be funny!!! When Bat mans stale and has a stupid voice Two face is shoved in and is generic and the Joker is boring generic crazy guy who makes jokes that don't have a good punch line. But hey Im the kind of guy the would must rather listen to Mark Hammel instead.",3
The Dark Knight,"The only reason I give this movie a three is because the portrayal of the joker was interesting. Even then, it wasn't a faithful portrayal. A fresh take, yes. The other installments to the series, I gave a 1.

As a fan of the 80's cartoon, I am dismayed by the success of these movies. Batman's voice is stupid and laughable. It isn't cool. He isn't cool. This franchise tries way too hard and fails. The cell phone eyes? that was retarded. The fact that he has some other guy make most of his gadgets is insulting to the source material. He in no way comes across a great detective or even that smart. In fact, he's pretty stupid in these movies.

All the characters other than the joker are bland. This is terrible, as Batman is one of the most interesting super heroes.

I did not like their version of Alfred at all. It isn't Alfred. It's just Michael Caine playing himself. And in the later installment, they even managed to make Robin boring. He's suppose to be the lighthearted element!

There is little to no humor, which I think is one of the main factors contributing to the why these movies and it's characters seem so bland and contrived. The action...? Bland and forgettable as well.

If I wasn't familiar with the cartoon series, I would have already forgotten about this movie and who everyone is.

I think the only reason this rates higher than Thor the Dark World is because Batman is a better known, more popular character originally. They came so deceivingly close to making a suitable Batman, that they clearly fooled millions.

Well I am here to speak to those less desperate ones with clearer heads. These movies are an over-hyped disappointment. By trying to make Batman ""more realistic"" they took away the fantastic film noir theme that the world's greatest detective deserves. They turned an intelligent and intimidating character into a unintelligible dimwit with some lackluster fighting skills and a cowl. Any other super hero could outwit and overpower this interpretation of the caped crusader.

Dc should just stick to TV and stop messing up their own characters on the big screen.

The end.",3
The Dark Knight,"The dark knight. Many people say that the dark knight is a great movie. But honestly we don't see how, as the first scene is in the middle of the day. What movie called the dark knight involves the day time. It doesn't end there the movie also involves a joker and a 'Knight' and is not set in medieval times. It just doesn't make sense how a movie involving two of the most recognisable medieval characters has 0 medieval scenes, in fact it is has nothing medieval about it at all as even the characters with medieval titles are not dressed accordingly. Not only this there are also many plot holes such as how does burning 809349301600.00 Jamaican Dollar achieve anything other than deflation. The character two-face is also misleading as he only has one face, granted half of his face is burnt but so is his whole body, so why not call him half burn or something. It is a stupid name.

Overall another misleading title leading to a disappointing movie",3
The Dark Knight,Boring and predictable. This movie sucks. No deep plot and a sleeper of a story.,3
The Dark Knight,"Well I had great hopes for this movie and it didn't disappoint. Heath Ledgers role was the best I've seen from him. Its a pity that he is no longer with us to see the popularity of this movie, however people are clearly feeling more for this then they should be because of Heaths death. Great supporting actors, not to much over acting but a bit notable towards the end. It was great to see the process of catching the joker was played out pretty much like its suppose to go, the cops catch the bad guy and the DA prosecutes with the help of Batman. That's where I thought it would have been a great time to finish the movie, the next 45 minutes after that I lost all interest. Unfortunately like so many movies today too many special effects and non believable circumstances make it a real let down. I would have loved this movie more if it didn't go for so long. Would recommend seeing it, but not a favourite in my books.",3
The Dark Knight,"Heath Ledger's performance was amazing and memorable, but beyond that I didn't get it at all. Lots of flashing light and fast movement and jumping from tall buildings, if you like that kind of thing. But it came at the expense of any plot coherence.

Why were the townspeople so upset with Batman? Why were they blaming him for all the bad stuff that was happening in their city? What was with Batman quitting and coming back and quitting and coming back over and over again? And the accountant that put together a feeble speculation about Batman's identity, and then tried to blackmail him, then apparently backed off, then maybe went public with it or maybe didn't - what purpose did he even serve in the film?

Also, prepare for a lot of pointless moralizing and philosophizing by almost all the major characters at the end. What was the bottom line - that there's a little bit of evil in all of us? We knew that two-and-a-half hours ago.

And when did Batman start flying through the air? I thought the whole unique attraction of Batman was that he didn't have any super powers.

And don't even get me started on that guy's stupid obsession with his two-headed coin.

I like movies that motivate me to suspend disbelief, not ones that force me to do it.",3
The Dark Knight,"I think the dudes who gives a good rate to this movie have an IQ under 75. Is the most ridiculous movie of the year. Bale is one of my favorites actors, but his character is so stupid , his voice when he wear the mask is ridiculous, his monologues are silly, that you almost not see him. The Joker character is the only think in this crap that is somehow watchable. They choose the leading female in movie the most ugly actress possible (I remember the delicious cat lady in Batman Returns - Michelle Pfeiffer), how can two hansom guys fall in love with her ? The story is twisted without any logic , in a forced need to surprise you (but it just becomes irrational). There are so many bad things about this movie that i could write a novel about them. The Gotham city is now a ordinary American city ! Why ? Gotham has to be Gothic !

Conclusion : wait to see this movie only on a cheap DVD , it not worths more then 1 dollar !",3
The Dark Knight,"All these batman stuff has been done before, there is nothing special about this movie. Batman Begins is better.

The portrayal of Joker is inaccurate, it doesn't even look like him. Special effects are too ridiculous. Don't know what all the hype is about, but on the other hand i hate superhero movies. The movies sucked major Arab penis 00000 0000 000000 00 00000. 0000 0 0000000.00000 0000000 0000. 0000000.000. 0000 000 000 00000 . 0000000 00. 0 000000 000.00 00000000000 000. 0 0000000000000. 000000000000 . 000000000000000. 000000000000. 0000000000. 00000000. 000000. 0000000000. 0000000000. 000000. 000000. 00",3
The Dark Knight,"I liked it initially, but then the stories derails completely, going from one unbelievable scene onto the next. I liked the scenes with Batman using his Bat toys, but a good film should also have a believable script.",3
The Dark Knight,"Batman Begins was pretty good. Boring and not fun compared to Burton's films, but WAY better than Batman And Robin 1997. But The Dark Knight is SO overrated. Is Heath's acting good? Yeah. Is it enough to save the movie? No. He died before it came out and that's why it gets the hype/praise it does. Bale's costume is terrible, his vehicles are ugly, his voice terrible. Heath looks like a goth/grunger psycho and is not fun at all. Eckhart is good as Dent/Two Face but I like Billy Dee Williams a lot more. The only one who's great in this is Oldman as Gordon. Nolan got that right. I gotta give him credit for that. Oldman is PERFECT as Gordon. Too bad the rest of the movie sucks. Its not gothic either like Burton's masterpiece. Many scenes just look like Chicago with a blue sky. Very disappointed. This movie is painful to watch and I looked at my watch several times.",3
The Dark Knight,"Ask anyone on the street what the greatest comic book/superhero movie of all time is and they'll say ""The Dark Knight"". Ask me the same question and you won't get the same answer. If you want the same answer then ask me what the most overrated comic book/superhero movie of all time is and that's what you'll get. There's no denying comic book movies are the most popular type of movie in the last decade or two with Marvel and their cinematic universe dominating both the genre and the box office and they get a large amount of attention. But then there are movies within the genre that get too much attention. ""The Dark Knight"" is that movie. Now I've never been a fan of batman and dislike has grown because of the countless fanboys on social media making out that he is the greatest fictional character ever created and they always cite TDK as the greatest batman movie and greatest comic book movie ever made. So after talking with a friend, I decided to give it a watch and I was left confused, wondering how people bang on about how wonderful it is and rather underwhelmed by it. Christian Bale's batman was so difficult to understand without subtitles, the action was no different from any other superhero movie and the plot was nothing special. That being said, Two-Face was a good looking villain (better than Tommy Lee Jones' version) and as expected Heath Ledger's Joker was actually quite good, Joker is the only thing to do with batman I like and I've always loved Mark Hamill's Joker and Ledger's was a good 2nd place. As nasty as it sounds I feel a lot of the movie's success comes from the fact that Ledger died before the movie was released (I felt the same about the last ""fast and furious"" movie with Paul Walker), it's a good movie but better than other classic movies like the original ""Superman"" ""Jurassic Park"" ""E.T."" or ""Back to the Future"" as a lot of these fanboys suggest? No way whatsoever. Is it the best movie ever made of it's genre? Absolutely not. Should future movies be more like TDK? There are elements that can be adapted yes but no not every movie should be like TDK. Should the fanboys shut up entirely about the movie? Definitely.",3
The Dark Knight,"The caliber of actors in this film was of the highest. Individual scenes were crafted to a fine artisan's level. The overall story meandered murkily and didn't pull together well. I was so disappointed. I reveled in the moments of scenes. And the ""Camp"" has started to slide in. Dent's character wasn't developed enough. The Joker needed more scenes for a total connection.(Ledger was damn good. Not just saying that to spare myself a bullet.) Not A lot of Batman development. A more gimmicky Batman than the one in Begins. Gordon was classic and Brilliant. Fox was good. Alfred classic. Rachel Dawes, strangely I think I would have enjoyed Holmes more in this movie and Gylenthal in the first.

I almost feel like this movie could be re-cut to be a great film. Save parts that were weakly developed to be the seeds of a third movie rather than too quickly tied together here.

I know I'm not stopping anyone from watching this film. I wouldn't dream of it. Maybe an ounce of warning is enough to spare pains and allow one to enjoy what is great about the film.",3
The Dark Knight,"The production design? Boring. It's just a city. Where's the gothic architecture and personality Anton Furst showed us? Acting? Mediocre. Christian bale is laughable, you can't get past the stupid voice. Ledger is okay but nowhere near as fun to watch as Nicholson. Cinematography? Not memorable. Music? Barely there. It takes a ridiculous concept and tries to make it serious, which ends up laughable. Burton got it right. Setting a dark tone but still in a fantasy world. It doesn't take itself too seriously because it isn't silly. Two guys parading around in Halloween costumes.

The only decent thing in this film is the practical effects, and the half decent directing from an otherwise competent director.",3
The Dark Knight,"Ut before the film began--I DIDN'T need them! For many, this will make the film a must-see, though I admit that it was was a bit tiring after a while--for an old fogy like myself, maybe there was a bit too much action--though teens and action fans will adore it.",3
The Dark Knight,"This movie will cure you. When it comes out on DVD, buy a copy, and keep it at bedside... Writer, why did you throw away the very dark, mysterious presence of The Batman? He should have continued as an almost demonic wraith, mentioned only in trembling whispers among the crime elite of troubled Gotham City. The Batman I remember from ""Batman Begins"" was a black, gorgoyle-like spirit perched high atop a building, overlooking his beloved Gotham. Awe...mystery...foreboding. Sadly, you snuffed out this hard-won characterization immediately with the confusing (very) first scene of, ""The Dark Knight"". Oh, and having The Great Batman bend the rifle barrel was textbook, ""Super-manish"", and only further illustrated just how impotent you had made him in this second installment.

To bring out the darkness in this character, Bruce Wayne/Batman must go through some personal crisis...a defining moment. This never seemed to fully materialize. I wasn't saddened by the death of Rachel Dawes, the sacrificial lamb.

Writer, if you must kill off the love-interest, wouldn't it have been a good idea to introduce us to a replacement for featuring in the third installment of the Batman saga? And Maggie Gyllenhaal was a replacement, herself! Hopefully she was only intended as a place-holder, all along. If there were any heterosexual couples who turned out to see Ledger's last performance, it was likely the female who decided that she and her boyfriend/husband visit ""The Dark Knight"", drawn by the promise of a romantic element (...later, when some of these marry, she'll also choose the wallpaper). I know that for some time, readership of the comic was likely male-domninated. But hey, we have ""talkies"" now...haven't you heard? Wave bye-bye to any chances of a return visit from these couples, as the female has a firm grip on certain things, including her man's wallet. Movie-going is still accepted as a cheap date. However, cheap + movie with no romance= tuh-RU-bul! Didn't ""Mary Jane"" make an awesome contribution to the tangled web of a certain nerdy, lovable arachni-boy? Are we learning anything at all from the ""Marvel""-ous competition?

Though I, among many others, love Morgan Freeman, and can appreciate any effort to draw the Afro-American dollar, ""Lucius Fox"" does leech away one of what little ""powers"" Batman possesses...his ingenuity. He once made his own crime-fighting toys. Now even this has been stripped from him. Batman hangs by the toes perilously close to ""average Joe-ness"". He has no real super-powers...and what he did have, you, writer, stripped this from him. There once was a looming, midnight monster threatening the evil of Gotham. Now the Bat has been skinned down to a pathetic, fluttering, squeaking thing...your aim with the stake was unerring, writer...dang, Christopher! Haven't you been told to never work with family??!!!

The Joker: cuddling a puppy one minute, splashing in a puddle of his victim's gore the next, and back again in the wink of an eye. But Ledger's Joker? Plain vanilla. He seemed to have played this madman with some timidity, as if he feared being perceived as goofy...giddy...both aspects of who we know to be the Joker. He should exhaust us with his homicidal mood swings; keep us off-balance all the time. Ledger's characterization of him was ""flat-line"". Not even a blip. And writer, you missed a golden opportunity to characterize him, as he walked out of the hospital he was preparing to demolish. He was already dressed as a nurse, and with his makeup all askew, the picture would have been complete with the addition of some big, fuzzy pink bath slippers on his feet. Then, boom! I must confess that although it would be just like the Joker to blow up a hospital, this choice is a bit unsettling in this day and time. Reality suspended my disbelief at that point.

Christian Bale himself attested to just how uncomfortable it is...running his voice through the gravel so as to sound more like a butt-kicking good guy...and it shows. Very contrived. Bruce Wayne requested, and, of course, received, a suit built for greater flexibility. However, I don't recall the advantages of this new suit having ever been revealed to us. Why even mention it in this overly-long movie? I do realize that this, combined with Two-Face shooting the Batman in the end might have been meant to horrify us that, in addition to a dead girlfriend, we now have a dead hero, but we are too confident in ""star-power"" (the one power of The Bat you haven't yet negated...). This ploy, if intentional, just didn't work out.

The soundtrack drowned out what might have been some memorable lines uttered by Commissioner Gordon, as Batman roared away on his totally merchandiseable ""Bat-Cycle"". This seemed to have been an omnipresent problem.

Okay, okay. ""The Dark Knight"" had a big, big weekend. Figures. Ledger, hero of the gay community, dies before the official debut in theatres. The gay and lesbian dollar makes a resounding ""ching"", but it doesn't make this movie any better. It stank, regardless. The reactions, or lack thereof, of the audience in the packed theate confirmed that it was just a big, sprawling, boring mess. I almost dozed off three times. And here lies yet another cherished comic book icon...mangled.",3
The Dark Knight,"The most overrated Batman movie ever. It's OK, but it gets the Highway guess because he's ledger died. Is joker is not Adam Jack Nicholson. Christian Bale is not a better Batman than Michael Keaton. I didn't really like these movies, eight phallic action movies as opposed to superhero movies. Bale's growl is hilarious.",3
The Dark Knight,"Some of the effects were good and some of the acting (The Joker in drag was great), but god was it long and at times just boring to watch. If you ignore all the hype and just watch it as a film you could have either had 3 films or condensed this into a couple of hours rather than nearly 3! The editing on the DVD was crap too it seemed at times that bits of the film were missing, especially when the Joker is confronting the guy by the pool table. The scene ends rather suddenly and if he had cut the guy as we are lead to believe why no screams? 2 face was a little flat as a character too in my opinion. No a top 10 film of all time by a long shot.",3
The Dark Knight,"I've seen this movie more than twice but I felt like I needed to in order to prove that I wasn't just in a horrible mood the second time I watched it. So I did see it a 3rd and even a 4th. Same opinion, but more solidified.

Let me back up. I saw this movie, opening night, out at the IMAX near Dulles Airport, and I was absolutely BLOWN away. The effects! Heath Ledger's psychotic Joker! The IMAX! WOW!! I walked out saying ""that was freaking awesome!! I can't wait to come back and finish it!!"" Yes, you read correctly. Finish it. This girl I took, decided to tell me in line that she doesn't like ""Dark"" movies and asked if it was ""Dark"". She walked out mortified 30 min into the movie.

I went back, same theater, a couple days later, as about as excited (even more so now) as a movie fan could ever be, and I watched intently. The longer the movie went on, the more frustrated I became. I didn't want to be disappointed but how could I?? It is just simply a bad movie! This is one of the greatest examples of Hollywood putting a TON of money into a film (Actors, Special Effects, Marketing, etc.), without ever making sure the whole thing made sense! How does a director as experienced as Nolan, not shake his head and go ""wait guys, hold up, we can't have Batman jump out of a 4 story window and land on the concrete without opening his cape or firing off one of his 'wonderful little toys', or something. I mean c'mon do we think these movie go'ers are dumb?!"". I dunno Chris do you? Few things that really got to me. Firstly, Maggie Gyllenhaal, is a great actress, and this is no shot at her or her ability, but she was horrifically casted in this movie. I feel like her current up and coming status in Hollywood is what landed her this role, not if she was the right fit for the part. And by the way, where is Katie Holmes? Did you think we weren't going to notice? I mean, this isn't a minor, couple line role here. Nor do Maggie and Katie look at all alike really. I mean this is about as noticeable as Ashton Kutcher replacing Charlie Sheen on 2 1/2 Men! No attempt at saying it's her sister, or cousin, or maybe just write her out of the script? ""Oh, so sad Master Bruce what happened to young Rachel Dawes in that trip to Breckenridge last spring. Just awful. I'm so sorry."" BOOM. Done. No mystery. Let's move on with the story! It was hard to look beyond really, and just shows what lack of thought went into the whole movie in my opinion. Either negotiate KH's contract or don't include her character. No thought is for the viewer, just ""Ohhhhh theyy won't even notice"". BAD.

Secondly, Heath Ledger. The man did an awesome job and deserved that Oscar, here or hereafter. He brought an element to that role that didn't exist with Jack, and Jack was phenomenal. He made the character sadistic almost. Like grown men were afraid of him like Javier Bardom in No Country For Old Men. Just a frightening S.O.B. Jack was a bad dude and you knew he was bad but he was also a little humorous, and you kinda liked him. You didn't like Heath's Joker. You were mesmerized but couldn't love him. He did this all while having a bad script, no character development, and, what seemed like, 45 min in the middle of the movie where he's MIA. Also, he's got the most ""makes no sense what so ever"" scenes, where he's doing things that if you stopped for 2 seconds to be like ""where'd he get that?!"" or ""how'd he do that?!"" or ""wait, where'd he come from?!"", your frustration factor would have been increased ten fold. But, you didn't, and why? Because he performed above it, and as much to his credit for that, is to the discredit of the makers, for short siding him on an amazing final performance. Imagine how much better it could have been if he actually had something to work with! Lastly, yet.......I saved this one for last because it is by far the most irritating aspect of any movie I've maybe ever seen.....Christian Bale's voice when dressed as Batman. He clearly liked it so much that he carried it over into Terminator Salvation (which was appalling too). But what in the heck? He was taking multiple breaths in the same sentence because of how much effort he was putting into that low growl of a voice/accent/whatever. ""I........ONNNNLLLYYYY HAVVVEEE.........ONNNNEEE RUUULLLLEEE"". So dumb. Which is why his line's were all 3 words long.

Overall, extremely disappointing and I point out my two experiences for a reason. All that was wanted from the movie go'er here was to be mesmerized by the costumes, effects, and their excitement for its release (relentless marketing), would blind them from the slop job they paid to see. And what's so frustrating is that the slop job was done before anyone ever showed up on set, before ""Action"" was ever yelled, before one growl of Bale's voice was ever moaned. It was lost in the planning, the writing, the brainstorming, the overall thought process behind a story. There was none, and thank god for Heath Ledger because without him, this movie wouldn't have been so blinding.

Not excited for the next one. Gotta say. But Nolan did do Inception, which is one of the best movies of all time, so maybe I'll give him another shot.",3
The Dark Knight,"It has got nothing special. It is like any other boring superhero movie. I slept while watching it, though, Heath ledger's performance was quite impressive but the screentime is so boring.",3
The Dark Knight,"I wonder why the movie is rated so high , although I think the acting is perfect but the storyline is alot a annoying , joker doesn't have any combat skills or military background but he managed to escape a secure police station, batman has more than a hundred chance to kill him but he let him go even though the joker killed so much cops and innocent citizens seriously I see no point to this movie this is one of the reasons I hate the batman franchise.",3
The Dark Knight,"The acting was superlative but I believe the story line very obnoxious in the way violence was portrayed and to treat the Aaron Eckhardt Character the way that happened was against all the natural instincts of the film and story, The plot line got confusing in many ways, but I suppose it ended up the only way it could, I was pleased with all the characters, especially Gary Oldman and of course Heath Ledger, how he performed that role will always amaze me.

The many harrowing experiences need parents to monitor what their children watch and counsel them on such savagery.

My 3 was not for the acting which would have earned a 10 but the violence that was allowed to pursue 80 Percent of the movie cause a right down to 3",3
The Dark Knight,"A bad guy while fighting batman says 'impressive, most impressive' and then does a swirly cloak thing, did no-one else notice? Why is he quoting Darth? This movie was more disappointing than the second Tim Burton batman movie and a waste of talent. Batman is now little better if not worse than the bad guys, he needs therapy, he's a rich, narcissistic, deluded boy with way too much power. Off to Arkham with you bats in a straitjacket. I used to love Batman but this is rubbish. And since when does a review have to be more than ten lines long? Or not allowed slang words, so annoying. At least Adam West was fun as Batman, OK Keaton was short but I found him believable and then after him there was awfulness. Christian Bale's gravelly voice thing is annoying, nevermind the reasoning behind it. Never thought I'd say it but Ironman maybe the better super hero, at least he's honest about his flaws.",3
The Dark Knight,"I tried to get through this. Really I did. And I could appreciate the effort that went into the performances and the wads of dough that must have been spent on special effects. The atmosphere too is lucidly rendered -- night time in the big city.

But my enjoyment was hampered by the fact that I'd outgrown most of this stuff about the time I entered High School, and that was when the comic-book Batman still looked like a human being, not a bemuscled behemoth.

The experience, the viewing of this, as much of it as I could stand, was exhausting. You have never seen so many vehicles, large and small, racing through the gloomy and deserted urban streets. And every one of them seems to crash and turn into an exploding fireball emitting shards of glass and flaps of unidentifiable metal.

The business is taken seriously too. The blows rained upon the victims seem to hurt. The occasional wisecracks from The Joker don't begin to make up for the realistic pain.

It all makes me wonder if our peculiar civilization hasn't entered the decadent period that precedes its fall from dominance. At least in the comic books you had to READ the dialog bubbles. Here, no challenge at all. Just sit back and let the despondency overwhelm you.

I know, I know. I missed the point. It's just a fantasy. Right enough, but it's somebody else's fantasy, not mine.",3
The Dark Knight,"While the central performance from Heath Ledger is a superb portrayal of madness the muddled plot and centre sound channel for the vocals makes this piece of storytelling very difficult to follow. In fact, I had to watch the Blu-ray of this film in three sittings because I got so frustrated with it until the last 30 minutes or so when it did actually introduce a fairly original idea (the two ships primed to explode). There are too many poorly developed characters in this film which meant I didn't really care about any of them. I seem to remember that the first film in this relaunched series ('Batman Begins') was also muddled but at least that was was a bit more comprehensible than this follow-up due to the first segment explaining Batman's origin. A couple of points - why does Batman talk in that ridiculous husky voice while as Bruce Wayne he does not? Presumably, so that he is not recognised as his alter-ego but I just found it laughable. Why does the aspect ratio change from standard widescreen to the IMAX format for the action sequences? This is either an unnecessary gimmick - (films should be kept in one aspect ratio or the other) or they couldn't afford to shoot the whole film in IMAX.",3
The Dark Knight,"I fell asleep for a solid hour of this over hyped epic summer bore fest, keep in mind that i was sitting front row in the Imax theater (not the easiest sleeping conditions) 1 star for Heath Ledger, 1 star for Morgan Freeman, 1/2 star for Christian Fail..er..Bale for his performance of Bruce Wayne he loses the other half for his portrayal of the foppish and robotic vigilante with the mulishly craggy voice clad in a rubber condom . With a 185 million dollar budget you would think they would have gotten someone easier on the eyes than Maggie Gyllenhaal...*SPOILER ALERT*her fiery death was as predictable as it was enjoyable.

Q: But Sardanapalus..you didn't watch the whole movie, shouldn't you watch it again to formulate a proper opinion? A: I just don't have it in me to sit through this unoriginal pastiche of colorless tripe again.",3
The Dark Knight,"well, it looks to me like the industry people got on IMDb and wrote glowing reviews of this film. Some problems with this movie:

everyone in it is miserable. Is it too much for a story based on a comic book to have a little lightness in it?


The Joker isn't funny, he's just sick. Why bother to have the Joker if he isn't funny? You may as well have some regular psycho. Ledger does a great job with the character, but it's not written well. - like the last Batman movie, the action sequences are long and things whiz by when you can't really see or tell what's happening. Also like the last movie, there are a huge number of explosions and big special effects, yawn. - There really isn't much to root for here. Bale is dour and boring as Bruce Wayne/Batman and the only halfway likable character in the film is the character played by Maggie Gyllenhal.",3
The Dark Knight,"I liked it at first it kept with the dark tone from the previous film and it felt like I was going to really enjoy it almost as much as I did the previous film but then in came Joker and ruined it...

Heath Ledger's performance was absolutely brilliant especially after seeing his earlier works but what Christopher Nolan and the rest of the Dark Knight Trilogy crew did with the Joker was ironically enough a complete and utter joke, the Joker doesn't wear makeup he has had his skin bleached and his hair turned green from falling into a vat of chemicals I did not like what they did with the Joker.

two-Faces rise to insanity was awesome however I didn't like the fact they killed him off after all he could have returned for a cameo or something in the third film but they killed off such an iconic character.

The triumphs in the movie were spectacular don't get me wrong I can enjoy this film now and again however it was the spectacular master piece Batman Beginning was and the failures of the film were more than the triumphs and they are so bad which is why I'm only giving this movie a 3/10 stars",3
The Dark Knight,"The tragedy about most movies in the last 20 years is that the scripts and acting mean nothing. It is all about CGI....and that is SO sad. This crap is just another example. If you like ""Super-heroes"" you may enjoy this. I dislike Super-heroes (perhaps ..because I have a brain) However--lots of people LOVE this kind of trash..Heath Ledger won an Oscar for his ridiculous performance...He was actually an above average actor, but this whole pile of nonsense was just...very bad. Batman or Superman ? Both are better in the magazines...The young folks who spend half their lives looking at their Smart-Phones (trying to work out how to use them !!) Will love a movie where you don't need to use your brain.",3
The Dark Knight,"The bank manager uses his shotgun to fight a bunch of bankrobbers. Sure. Then he tries to convince their leader that what he is doing is evil (""criminals used to believe in something! What do you believe in?""). Is this some kind of joke? Anyone can see why this is stupid.

Harvey Dent nearly gets shot in court but he doesn't even get nervous because he is Mr. Perfect. He grabs the gun and says: ""Made in China. Next time buy american!"" Sounds like some dumb Chuck Norris movie? No! It's the best movie of all time for some reason!

Mr. Perfect then suffers a tragedy and turns into another psycho killer. He just turns into a completely different person within a couple of minutes. He is now ""pure evil"". Because that sort of thing happens, right?

The Joker does things. He keeps changing his plans, which means there's no real storyline. Does he just wanna rob the mob? Does he wanna kill batman? Does he not wanna kill batman? Who knows. And it's ok because he's crazy, right? Well it also means that there is no real plot.

But the worst thing about this movie is that it's trying way too hard to be as ""serious"" and ""realistic"" as possible, all while it's telling a story about a guy in a bat suit who is fighting crime with his fists. Why doesn't anyone just shoot him? Seriously, why? There's not even an attempt to get around that problem, he just doesn't get shot.

Oh, the Joker almost shoots him, but of course he ""doesn't want to kill him"" because that would be the end of the movie. Also he can't because of plot armor.

In two scenes, while threatening someone with a knife, the Joker all of a sudden starts telling a story about his scars. It is so misplaced and forced as to be embarrassing. Who gives a damn about his scars? Why does he talk about his marriage all of a sudden? The music suggests that this is somehow supposed to be REALLY scary, but it isn't, it's just a drag.

There's also a lot of ""philosophizing"" going on about the world being black and white. There are good guys and there are bad guys. Sometimes good guys become bad guys. Also: some bad guys just wanna do bad things. Wow! This is some deep stuff!

Why would anyone ""lose hope"" because of what Dent did? We're talking about adults here, why should this make any difference whatsoever in the grand scheme of things? Doesn't Batman also give the people ""hope""? Wasn't he able to make Gotham safer? So why would you make it so much harder for him to continue his work, just so that people don't get disappointed in a District Attorney? WHY blame it on Batman and not on someone else, maybe some criminal? Batman even has an alibi for most of the crimes! If it's so easy to fool the public and the police, why not just make them believe this (are you ready?): We don't know who did it. This is one of the dumbest ways to end a movie I have ever seen. A ten year old can see why this is stupid.

I could go on and on. Don't believe the hype. This is a stupid movie. It's also boring and way too long.",3
The Dark Knight,"Advance said it was darker than ""Begins"". I'd say bleak was more the tone. Certainly the Joker was much more psychotic than Nicholsons', which was the clearly the intent of the producers, so I guess if you see that as reality, it works; this is a comic book, so how real can it be? But the psychological monologues by Ledger got to be rather tedious. Not that he didn't deliver them well, sort of a modern day Hamlet musings, but without the clever word play. But after one or two, we got the point, he was a murderous psycho, I don't think we needed it drummed into us. Compared to Hopkins Lecter, or Perkins Psycho it was pale. If Ledger had not unfortunately died, I don't think you'd have had the adulation that's been bestowed on his performance.

And Dent this ""white knight"", this hero that Gotham so desperately needs, suddenly becomes a psychopathic murderer because the Joker spends 5 minutes with him and one of his psycho monologues; a bit hard to swallow. And rather than take the memory of this beacon of hope from Gotham, Batman takes the rap for Dents killings. Please, why? Easily explained by his own terrible lose, why would that shatter Gothams hopes? And Dents Two-Face was like a T1 in flesh. Amazing how muscles can still work with no blood supply.

But the real killer for me was the explosives on the ferries. After the Joker threatens to bomb the bridges/tunnels out of Gotham, no one on the police force thinks to check the ferries for bombs? A blind man would have noticed the dozens of 55 gallon drums of fuel oil and fertilizer aboard each ferry. To get all these on board, the Joker would have had to have an army of helpers and no one noticed? This was as dumb a storyline as you'd find in an Ed Wood film.

On the plus side the action was good. Fight scenes were hard to follow as it seem like they mounted the camera on an actors arm, but the special effects were good.",3
The Dark Knight,"...but I got through it over three sessions. I almost gave up and deleted the recording after the second session but I stuck with it.

The movie started out OK then gradually got bogged down in an increasingly non-entertaining and implausible plot. The special effects were good, I'll give it that. Then it ended and I could cross that off my ""will watch again"" list.

Like many modern movies the dialogue was hard to understand so I had to use subtitles to follow what was being said.",3
The Dark Knight,"Can someone tell me a movie from top 250 who is not a masterpiece comparing with this nonsense ?

Why Gotham city is not Gothic, it is just an ordinary American city ?

Why all cops from a city (not a single one stay outside) enter in a tunnel trap ?

Can someone tell me a movie from top 250 who is not a masterpiece comparing with this nonsense ?

Why Gotham city is not Gothic, it is just an ordinary American city ?

Why all cops from a city (not a single one stay outside) enter in a tunnel trap ?

Can someone tell me a movie from top 250 who is not a masterpiece comparing with this nonsense ?

Why Gotham city is not Gothic, it is just an ordinary American city ?

Why all cops from a city (not a single one stay outside) enter in a tunnel trap ?",3
The Dark Knight,"Last night I went to see what I thought was going to be a Superhero movie. I left the theater feeling betrayed. Warner Brothers and D.C. comics tricked me into going to see a shitty, 3 hour cop movie/crime drama.

I was prepared for a movie with a darker tone even than 2005's Batman Begins. I really enjoyed Batman Begins. It had the splendor and wonder one expects from a superhero movie, while introducing a deeper, more adult atmosphere. The Dark Knight keeps the adult, but loses the splendor.

My issues with this film are numerous, so we'll begin with what I knew about it going in. They shot this film on location in Chicago. Gotham City is more than just a city. It carries with it a certain imagery of over the top Gothic architecture. It is shiny on the top, and seedy on the bottom. This imagery was present in Tim Burton's films, as well as Batman Begins. The Dark Knight's Gotham City just looks like....Chicago. As a frequent visitor to the windy city I even found myself, during the film, calling out tourist locations.

Director Christopher Nolan made this creative choice to ground his audience in a certain reality, but guess what? I didn't go to see Batman for reality. I went to see a fantasy film. That it took place in a city I've been to took me out of the fantasy.

Secondly, this movie is too long. At nearly three hours, I found myself staring at the ceiling and making ""get on with it already"" hand motions. From a story telling perspective, this movie has six acts. Count them SIX! There's a first act, and a second, but then the story devolves with four third acts. First they catch the Joker, then he gets away then they have to save Harvey and what's her name, then The Joker blows up a hospital then The Joker is going to blow up some boats. Choose one! Choose one of those third acts and you have a winner. But Four?

Prolonging the film even more, is the Harvey Dent B-story that doesn't even start until after the second third act. This plot really needed to be the next film in the series. Dent is a complex character, and Two-Face could have been a great main villain. But, stuck away in a movie about The Joker, the character was wasted. He only had one scene (as Two Face) with Batman, and by the time Two-Face was introduced, I was already ready to leave the theater already.

The aspect of The Dark Knight that made me truly realize how much I hated it is the violence. Two scenes in particular stand out. Once, Batman has to stop some S.W.A.T. team members from shooting some innocent people dressed as The Joker's henchmen. Instead of saying ""Hey guys don't shoot the clowns!"" He beats them up and strings them from a rope over the 30th story of a skyscraper. Are you kidding me? This Batman always takes the more violent way out (short of guns and killing of course).

The scene that almost made me walk out had Two-Face jamming a revolver in the earlobe of Commissioner Gordon's kid. Come on! I hate censorship but are we really a society that has fantasy movies where we threaten to kill kids? I want to see superhero movies with my kids, but my step-son will be 21 before he's able to watch this. Gimme a break! While I've been typing this I've seen 3 Batman related commercials on Nickelodeon. So are you making a movie for kids? You're advertising to them, and pointing guns at their brains.

The worst part about this film, and the thing that I keep harping on, is that it is not fantasy. It is not a superhero movie. It is a cop drama. The Joker is kind out of control, and Batman wears a suit, but otherwise its just an action movie starring Vin Diesel. ""But Pirate Ninja, this is more like the comic books."" Well, those comic books suck.

Okay, they may not suck, but if the writers at D.C. have decided to change Batman from a superhero then they have made a grave mistake. The ""the comic books"" you're talking about started in 1986, but the Batman character dates back to 1939. So you tell me which is a better representation of the character.

I like superhero movies. I do not like cop dramas. I do not like shoot-em-up, blow-em-up action flicks. I feel like I have been duped into spending money on a film that I would not have gone to had it not had a character named Batman.

Through all this panning I do have to say I did enjoy the acting in this film. Christian Bale is alright, Heath Ledger was phenomenal (as all accounts indicate) Aaron Eckhart was great, Maggie Gyllenhaal brought more to her performance as what's her name than Katie Cruise did, and even Morgan Freeman had more to do this time, including a moral choice.",3
The Dark Knight,"oh, what a travesty! i was pretty jacked up to see this, but it failed on a number of fronts. definitely, Ledger's work was admirable, as was all the work of the estimable cast, but nothing could save the poor, poor directorship/editing of this abysmal cookie-cutter, video-game, i-don't-know-what of a movie... what a disappointment! i can't blv what an appalling lack of understanding of story-telling the director (C. Nolan) showed, after such brilliant work as ""Memento"", etc.; i can't blv it's the same guy! honestly, i fwd'd through the last 1/3 of the movie... was it really just 2 1/2 hours? and i LOVE long movies, as long as they use the time to develop character/plot/etc... but this was just such a mish-mash of images, effects, bla-bla-bla, that i couldn't care less, as much as i wanted to respect Ledger's last work. what a shame. 9 out of 10 stars, on average?!? ugh. i think we've got a generation raised on video-games, unable to distinguish between flashy scenes of fire and throatily-delivered dialogue and true, developed story. sigh..... :(",3
The Dark Knight,"My partner and I were very surprised by how boring this was! I started checking email on my PDA just to pass the time - something I have never done at a movie I paid for! Lots of chase scenes, (which I find dull anyway) but sort of average ones-- nothing special. Obvious plot - I realize this originates from a comic, and so is painted with a broad brush, good versus evil, mad versus sane, blah-blah, but thought from reviews that this somehow reached beyond that. It didn't. Not-spectacular special effects. Atmosphere-- Gloomy Gotham, etc, Yawn. I did not see that the acting redeemed it it any way. Some cute lines, but not enough to make it worth seeing. Not awful, just not very interesting.",3
The Dark Knight,"Much surprised this movie is so popular. It has some top level acting performances performances, but...

They used CGI for Harvey Dent's mangled face instead of makeup. The result is that he looks like a zombie from a computer game and not like a real person. I don't understand that choice. Especially when they obviously have a good make up guy on board.

The action scenes are lacklustre at best. There is simply no interesting fights. Some of the action are really run-of-the mill over the top stuff. Compare this to the fight scenes in a movie like The Matrix. That is a big drawback to me, because fighting is really a big part of what Batman does.

It's boring the Joker uses bombs, bombs and more bombs. Normally he used gas a lot. Heath Ledger does a great job. His character is interesting, but just not not really written like the Joker. He lacks the flamboyance and humour. There's not enough comedy themed gadgets using poison and gas. Maybe they just wanted to do something different, but this take in Joker didn't work for me.

I find the script messy. The overall problem is that it intriduces characters a lot, and then doesn't do much with them. The Batman-copycats just disappear from the plotline. They are just there in the beginning. There's way too many mafia people. Cut the mafia people down to a few guys and have them share all the mafia lines; this way you can better make them become real characters. The Lau character is another character that gets ""finished with"" too fast. We're never even told what happens to him?

Alfred also almost disappears from the end of the movie. The Russian ballerina also needs to have a presence during the entire movie; just 2 small scenes more with her makes it feel more like she is a part of something, and not just a character that is part of a machine like plot, so she is just dumped like an unnneded cogwheel. She reacted strongly to Harvey Dent and Batman, it would make sense to say say show a soundbite interview with her on TV letting us know how she felt about the stuff that happened.

Then there was a small story loop with Batman getting attacked by dogs. And the big machine they used to spy on all the phones in the city. Those two things were just boring tbh. Would much prefer Batman found the Joker in some interesting creative smart way, where you can go OO THAT WAS SO CLEVER OF BATMAN! instead of just introducing a wonder machine outta nowhere.

The point with Batman beating up some SWAT-teams was really dumb. They could just call them and tell them who not to kill; they are supposed to have radios and headsets lol. Or Batman could just tell them ""hey guys, there people are not bad guys but hostages dressed up to be bad guys"", seems sort of more simply that beating the bejeesus our of them all. Especially at a point where he needs help, seems to me better to cooperate with SWATs to get the bad guys, instead of beating them up :)

So yes, it's well made and directed and has good actors, but the script has too many weaknesses.",3
The Dark Knight,"I went into this film expecting it to be amazing. I read most of the reviews on IMDb and people are wowed and amazed at the excellence of the film. I fail to share this amazement. And to suggest this is the best film ever made beating greats like the Godfather and the shawshank redemption.

First of all batman plays a minor role in the whole film. He Occasionally appears. And when he does a stupid voice that sounds like he needs some cough medicine just gets more irritating every time you hear it. Bruce Wayne Played batman with no enthusiasm, just a boring, bland character. On the other hand Heath Ledger did play the Joker very well which is some constellation to the film.

Second of all when they rob the bank at the beginning the school bus pinpoints the robber to hit and still manages to drive away after smashing thought a 10 inch thick wall. Then the police which are about 100m away fail to see the school bus drive out ? And the scene where Batman's suit can be penetrated by dogs but not by bullets ? This is ridiculous.

Near the end rocket launchers are fired at the police van batman is being contained in. After Numerous shots there isn't even a dent in the side of it. In Iraq armed tanks can be blow up with a simple rocket launcher but an armoured police van cannot ? And a plane manages to attach itself to a thin piece of wire without ripping it to shreds ? The joker blows up a hospital but gave warning for some reason, did it in broad daylight ? The police are two miles away for safety but it would all make too much sense to have a helicopter or a bomb disposal unit on site ? The Final thing that actually made me laugh was the way he invented sonar to access phones. How could you possibly invent something like that in a couple of days !!! This Film was just a joke and I really cant see how people can suggest its going to threaten titanic as the biggest box office film ever.

A Stupid Unbelievable Film that uses no common sense at all .",3
The Dark Knight,"OK--this review will be FULL OF SPOILERS so please read it at your own risk.

Batman (Christian Bale) is trying to clean up Gotham City with Police Chief Gordon (an unrecognizable Gary Oldman) and crusading D.A. Harvey Dent (Aaron Eckhart). However a psychotic madman named the Joker (Heath Ledger) wants to take over Gotham (for no discernible reason) and kill the Batman. His plans get increasingly more diabolical, many people die and Batman starts to wonder if he can stop the Joker...and if he's responsible for him.

OK--I realize the Batman movies are supposed to be dark--but THIS dark??? This movie is chock full of violence--people are casually shot to death left and right(but there's no blood so I guess that makes it OK). There are some spectacular stunts here but all the violence and dark tone rob them of any of the wonder they might have had. There's next to no light moments and the movie gets increasingly depressing as it goes on. And the Joker casually hurts or kills people with no warning. There's also a thoroughly despicable scene where a little child is threatened with a gun. This deserved an R--NOT a PG-13.

The needlessly convoluted story doesn't help. The movie goes on far too long (lots of people in my theatre were checking the time during the last hour) and gets confusing. Characters appear and disappear with alarming infrequency and one character (the guy who was going to reveal Batman's secret identity) disappears completely with no resolution to his story! The Joker here is rightly played as a psychotic madman but Ledger is NOT good in the role. His speeches sound stilted and he's not really acting at all. His character isn't frightening--just incredibly annoying. I found it hard to believe that all these characters were stupid enough to buy his ""explanations"". Also he plans some explosions and plots that are just impossible--even in a comic book movie.

Acting does help. Bale is just excellent--he's not getting enough praise for his acting. He manages to show Batman's anger and pain even in that padded suit and mask! Eckhart is just superb as Harvey Dent--and Two-Face later on. Maggie Gyllenhaal (taking over for Katie Holmes) and Michael Caine (as Alfred) were also good. Surprisingly Morgan Freeman and Gary Oldman aren't that good. They seem to be phoning in their performances. Ledger--what can I say? He's WAY over praised. He was OK but all this talk of an Academy Award is just ridiculous! He wasn't that good. His death was tragic and I can't imagine what his family is going through--but a tragic death does not automatically make you a great actor.

I basically found this movie too dark, too violent and even dull! Some of the acting and fantastic special effects can only work a little. This gets a 3 from me.",3
The Dark Knight,"In 2008 this movie was fantastic. Now, 14 years later it can't help but feel dated. I love the script, sets, audio, and (most of the) acting. But the editing and slow zoom camera shots are overdone. Do we have to zoom into everyone?

Heath Ledger is an honorable mention. His performance is captivating. Almost hard to pay attention if he wasn't on screen though.

I could never get past the casting of Maggie Gyllenhaal. Her performance gives the same energy as a teenager in her high-school drama club. I personally took off one star vecause they forced me to sit through her performance. Then, I gave one back because the script itself is a 10/10 lol.",4
The Dark Knight,"Just like that, it's a good movie but the batman custome. I cant goo ahead with it...",4
The Dark Knight,This is an amazing movie..I did not expected it to be sooo good,4
The Dark Knight,"There are some major differences between The Dark Knight and Begins. Firstly, the music is extremely disconcerted compared with the 'majestic but unfinished' tones of Begins - but it suits the film's tone: Anarchy in every sense. There was a more solid singular villain (compared with the many in Begins) - but there was also a lot more henchmen in TDK. The martial art direction was faster and more efficient - as mentioned in the film, learning through experience.

I was disappointed at the role of Scarecrow in this film, it just felt like a loose thread and wasn't quite closed up or explained, and the ending, while it wasn't what I expected (others have said that it was predictable, but for me it wasn't) was solid and suited the film well.

All in all, this is a film that is quite close, if it isn't already, a masterpiece. Nolan has a great thing going and unlike previous 'Superhero' adaptations (Spiderman and Fantastic Four for example), there isn't campiness creeping in. In face, if Batman Begins was 10/10, The Dark Knight deserves a 12. Quite simply, the best possible sequel that could've been given.",4
The Dark Knight,"THE DARK KNIGHT The Dark Knight,is the second film in the revitalised Batman franchise, based upon one of the most famous comic book characters of all time. Having been one of the most aggressively marketed films of the decade, this movie is near impossible to avoid. And with the death of one it's stars, Heath Ledger, just recently, his performance is inevitably going to be overrated. After a string of disappointing movies so far this year, The Dark Knight promised to be the exception, but never managed to deliver.

Christian Bale is Bruce Wayne, billionaire by day, caped crusader Batman by night. Having been clearing up the streets for a while, District Attorney Harvey Dent(Aaron Eckhart) has begun to prosecute the mobs, but the appearance of a new villain, the bizarrely strange and psychotic Joker(Heath Ledger), leads to anarchy and destruction on a large scale.

First off, Christian Bale gives an all time worst performance, constantly vague as Bruce Wayne, leaving no impact, and hinging his entire performance as Batman on making his voice overly gruff and nothing more, the result is the main protagonist being possibly the worst part of the entire movie. Heath Ledger's performance on the other hand is the highlight, whilst not as fantastic as the hype would have you believe, his body language an expression gives an edge to the character, whilst the script completely fails to give life to him.

From a perspective of writing, The Dark Knight is a poor specimen indeed. Batman Begins was notorious for it's lack of dialogue in favour of speeches and quips, and the recursion of the same few lines a ridiculous number of times, however the Nolan Brothers seem to have learnt nothing since, and we are left with the exact same sloppy writing again. Every line is either a quick smart remark like joke, or a monologue pointed in another characters general direction, leaving no real interaction between protagonists. Instead, we are left with lots of quotable lines, but a lack of substance, the typical third rate Hollywood script, drenched in cliché.

Christopher Nolan direction is marginally more interesting that Batman Begins, as he decides to use a bit more camera movement instead of relying entirely on filters to create atmosphere. Whilst it doesn't add anything to the meaning of any sequences of frames, the movement does make scenes that would otherwise be boring, due to the terrible screenplay, a little more interesting. However this is not enough at all, and several times we find ourselves tracking around the subject of a scene in circles for far too long without good cause. Sloppy directing, offering little if anything, highly indistinct and pretty much your basic action film which could have been directed by one of hundreds of third rate directors.

The feel of this movie is very empty, substance and rich content has been replaced by references and cheap laughs, rather than the actual building and construction of the characters and environments, being far too eager to move on to the next action sequence, leaves the movie completely hollow and void of any real emotion as we never get a chance to engage with any of the characters. Rather than a dark brooding comic book film, the whole movie feels more like a poor 'Bond' film, with the focus on gadgets and action, without any integrity, with Batman even travelling to the far East in pure Bond like fashion. The main character could easily be replaced by any generic action hero, and the result would be pretty much the same.

As for the key selling point of the film, the Joker, his handling is the cause of the vague nature of the film. The Joker's 'random craziness' and lack of playing by the rules makes the whole movie fail to have a point, whilst I suspect this was intended, the choice to make it such was a big mistake, as you never can get into the film or any of the characters, the first fifteen minutes being the best. The Dark Knight happens in front of you, with lots of events, but there never seems to be a point or substance, making the experience dull at best.

In conclusion, The Dark Knight fails to be anything special whatsoever, consigning itself to being a cliché Hollywood action film, without any edge. Of course, the film will make money, as with most marketing campaigns, and of course, there will be many people who claim this film is of a high quality, of course, if you're into stereotype, pointless action and cliché, then sure, this film is for you, but if you expect something with depth and purpose, that fulfils you as a viewer, look elsewhere. Another hugely disappointing movie, one to miss.",4
The Dark Knight,"Gotham creates one villain and attracts another. For one reason or another, all citizens feel like they need to stay in that hell. Batman keeps running his inherited skyriser board business. Nobody move. Perfect. The Joker robs a bank, and is going to burn a 10 foot high pile of banknotes. Which doesn't make sense because the remaining banknotes would just deflate. The Joker would have to target the gold reserves. The Bank can just print new bank notes once the Joker is done. Still, the banknote burning nonsense is dwarved by the nonsensical citizens of Gotham - Who actually choose to live there.",4
The Dark Knight,"This film is an overrated piece of jumbled mess. The Nolan brothers jammed as many characters into the script and tried to tell many stories in one canvas, by making it so ludicrous they failed to create a coherent storytellling and a narrative connection. Unlike the first film, this one doesn't have a satisfying conclusion or a payoff for sitting through two and a half hours. Overall an overwhelming and dreary experience.

Rest in peace Heath Ledger. You'll always be my Joker.",4
The Dark Knight,"I found this movie quite tiresome and boring. The acting was good in the most part but was overshadowed by a convoluted, confusing and overly long plot line that gave none of the actors the screen time they deserved. I remember thinking to myself 'when will this film end' at one point, and surely that's not a good sign. They should have made two movies: one featuring the Joker and one featuring Two-Face. By the end of the showing my bum was sore and I just wanted to go home. It could have been really good but, sorry, it just wasn't that enjoyable. If they'd have taken more time with the script and ironed out the plot a little, it would have been a much better film. Surely when you have $100million to spend on a project, you'd at least think they'd get the basics right? Sadly, in this case, they have not.",4
The Dark Knight,"I think this is movie about so-called batman. I expected to see batman word in title. Basically there is too much action and lack of science and story. Everything happened too fast, too many twists, and like a game only. Weaker emotions than in Spiderman. No explanation. Too random. No details how some things and why they happened. Unfinished, meaning there will be more sequels obviously. Overally I am disappointed, even tough I heard for word batman long time ago. Not worth rewatching or watching newer sequels. Except if you are kid, like only action, and do not care about explanation and details.",4
The Dark Knight,This was neither clever nor interesting. Gotham was more interesting and far better done. We had to give up with one hour left -- just could not stand it anymore.,4
The Dark Knight,"for a movie of this caliber, there should be a vote meter of 6 and above only. I don't know how you can vote below 6, and for those who vote a 1, wth? I predict heath ledger will win the Oscar and the Oscars needs to stop messing around and give Oscars to good movies not just dramas. They can't categorically expel other genres year in and year out from getting an Oscar, and especially not after a movie of this caliber. this IS serious movie making. this movie makes me feel that there are still people who cares about the movie making craft and that those people who keep making trashy movies need to stop and put some genuine effort into their craft.",4
The Dark Knight,"One Of Heath Ledger's Final Complete Finshed And Best Movie Roles That He Will Always Be Remembered For And That Won Him An Academy Award Winner For Best Surporting Actor To Which He Played One Of Batman's Greatest Villians Of All Time That Happens To Be The Joker. Christian Bale is Terrific Batman Bruce Wayne As He Goes Up Against The Joker Who's is About To Bring Chaos, Mayhem And Destruction To Gotham City And Only Batman Can Save The Day. Christopher Nolan's Second in The Batman Film Franchise Called The Dark Knight Which Co Stars Maggie Gyllenhaal As Bruce Wayne's Ex-Love intrest Rachel Dawson Who's is Dating The New Gotham City District Attorney And a Close Friend To Bruce Wayne Harvey Dent Who Will Later Go On To Be Called ""Two Face"" While Two Great Legendary Actors Michael Caine And Morgan Freeman As Alfred Bruce Wayne's Trusty And Loyal Butler And Lucius Fox Are Two Only People That Knows Bruce Wayne's Secret As Batman And Gary Oldman As Lt. Jim Gordon Another Trusty Friend Of Bruce Wayne The Movie Also Stars Michael Jai White, Eric Roberts And Anthony Michael Hall in Supporting Roles. This is Truly One Of The Most Best Darker And Edgy intense Batman Films And One Of My Favorite Heath Ledger's Character Roles Who Had Died After Fishing This Movie Rest in Peace Heath Ledger.",4
The Dark Knight,"This film was absolutely and indisputable the weakest film of the Nolan trilogy, All Nolan works have been impecable, except this one, there's nothing about this one that comes out, its a good film in general, but man, so many many many foozles, the first one is never gonna be superpassed, in this one, there are a lot of mistakes in the script, HUGE hole plots, not gothic as the other two, no no no, 9/10??? who are the people ranking in this site? kids??? how could anyone not see OBVIOUS failures in this film??? even my little son noticed them... Im kind of mad that most people come to rank a movie in this site and don't even know a sigle thing of what cinema means... I'm done... 4/10, that's my rank for this movie and the average rank this movie should, no more, no less.",4
The Dark Knight,Dark Knight was dark but was able to focus on a theme to show how much he hates guns and how heroes must sometimes play the villain because they are the hero and that is how things get done and I love Freeman and the many weapons and I love how the Joker did and does all he did. This is probably the better one of the three in that trilogy.,4
The Dark Knight,"I have to be brutally honest here... Maggie Gyllenhaal and her ugly, ""hang dog"" face completely wrecked this movie. I thought Katie Holmes was bad in the first one (who coincidentally ALSO has a ""hang dog,"" unattractive face... which the producers of the newer Batman films seem to like for some reason), but she is a regular beauty queen next to Maggie! Compare them both to Kim Basinger in the original Batman movie, for example, and you'll see what I mean! The only reason this matters is because the whole premise of her being in this film is based on a LIE... that she is this beautiful, desirable woman that these rich, good looking men all want. It's just not believable and proves it's ALL who you know in Hollywood (because she isn't even a good actress either!). Christian Bale, while not unattractive, is a very wooden actor and his ridiculously low voice as Batman is silly. Heath Ledger clearly made this film what I was, but I still prefer Jack Nicholson's Joker to his. The problem with the newer Batman films is that they are too dark. Tim Burton's Batman movies were more light-hearted... even the villains were FUN! I think back to Batman Forever and how beautiful and well cast Val Kilmer and Nicole Kidman were. Jim Carrey was excellent as the Riddler too. But no one took themselves so seriously, and Tim Burton's films looked like the comic books had come to life. Yes, The Dark Knight and the other newer Batman films have lots of special effects/action sequences, but they lack something special... at least to me.",4
The Dark Knight,"As I was driving north to Chicago to visit my sons, I heard rave comments on talk radio about this movie. On opening night people were lined up at theaters to see the show.

So, I decided to treat my son and grandson to this event. We went to the 11:45 p.m. show and had to wait in a line for 1 hour after buying our tickets.

Now, almost right away, I became bored with the movie storyline and the layout of the presentation of the scenes. Why?

#1. The scenes were choppy. Not enough time was spend focused on the actor's faces to develop good audience rapport with the characters.

#2. The actor's dialogue was limited. I felt that there were too many one-liners which do not lend themselves to stretching the talent of the actors.

#3. While I recognize that the storyline was about a dark side of Batman and unlike the more campy versions before it with Michael Keaton, Jack Nicholson, and Kim Basinger, I felt that I was wishing that the movie story could be more like the prior Batman films. At least the director of the previous Batman story treated us to good images of the characters and allowed adequate face time of the stars so that you could identify with them. The Dark Knight was much lacking in this regard.

#4. For waiting in line for 1 hour until permitted to enter the auditorium and being subjected to at least 30 minutes of movie previews and advertising, I felt that this also tended to tire out the audience in addition to the 2 hour and 45 minute movie on top of the waiting!

#5. And, the romance angle was lacking to say the least!

So, if you liked this movie, fine. My 11 year old grandson liked it because there was lots of noise and explosions. And, seeing the streets of Chicago allowed me to identify with places that I have been to in that city. I, however, would have preferred a much better acted movie. I found myself dozing off in the auditorium seat. I do hope you liked the film. I did not enjoy it all that much. Any Academy Awards for this film would be ill advised.

Larry from Illinois",4
The Dark Knight,"Saw clips of this when it came out, so avoided it til now because I knew it was gonna be kinda bad Now decided to watch it as part of a movie marathon to get through all three

While ledger himself was a good actor and took his roles seriously, this incarnation of joker is second to worst, just above phoenix joker This take brought in all the negative dark parts of the joker character without the lighter side to balance it out, ledgers joker lacked the vibrance the canonical character posseses, and comes across more like a political anarchist, just out to push a narrative without the punchlines to it.",4
The Dark Knight,"Saw the movie 7/20, not very good at all, quite disappointed given all the hype, but the theater was packed.

Plot was a mess, hard to follow- I couldn't tell what was going on much of the time, some of the characters such as joker and most criminals were nasty, but I kept getting confused with DA if he was good or bad guy, as well as others, and it really got muddled at end with who was insider etc. Frankly, I didn't care.

Can you believe I caught myself dozing a couple of times? It's that kind of movie- lots of action and things happening, but you could drift off and just more action would be happening, so what did I miss?

Too many things that defy logic- I mean, come on, so many criminals ""afraid"" of the Joker, they wouldn't dare touch him? When he blows up hospital, which police just evacuated, wouldn't some police be on scene and then they could shoot him?

I too didn't like the lead actress, Maggie Glyndehaal (spelling?)- she was very tepid, nothing that would excite me, no passion just boredom. Most of the characters were not very compelling- even Batman wasn't anyone that made me sympathetic or like him. Who the hell was Morgan Freeman- what function did he have? Did they just add his name to attract viewers as he's usually a good draw?

Not very good- I should have asked for my money back.",4
The Dark Knight,"What makes comic book movies so appealing was sorely lacking in this edition. It wasn't' so much the acting that disappointed, but the overall ""feel"" of the film. In ""Batman Begins"", Gotham City had a surreal, dark and mysterious quality that this film abandoned. In this segment, Gotham was portrayed as any ordinary big city (like Chicago, hint, hint). It's as if they wanted to ""normalize"" the story, and bring this other world into ours. I go to movies to escape, and go to a place for a few hours where these super heroes can exist. By taking away the dark element, it's just a guy running around town in a bat suit. Christian Bale, who is a good actor, was under utilized in this movie. The two characteristics of Batman that make him a super hero are his fighting ability, and the gadgets he uses. The fight scenes are sub par, and the gadgetry was all but non-existent. Heath Ledger's performance, though very well done, was wasted, and I blame this on the writing/directing. What makes villains appealing in this genre is that you usually have a point of reference to identify with. They were good people that are betrayed or exploited, for instance. So even though you dislike what they do as villains, you can kind of understand. I know they were going for a darker, more sinister Joker this time, but I think they missed the point. Maggie Gyllenhaal was completely miscast. She offered nothing by way of talent or glamour. Aaron Eckhart did a fine job, as did Morgan Freeman, Michael Caine, and Gary Oldman. They should have been used more. All in all, this movie was a miss. There is no way that this is the best movie ever made, according to the IMDb ratings. It's not even worthy of the top 250.",4
The Dark Knight,"Finally started to watch Nolan's Batman trilogy and i'm really dissapointed. I thought it was head over Avengerslike movies,but actually Avengers just better in everything. Like, clowny Homecoming two heads over this movie. Dark Knight is just empty, stupid and boring. Nothing really interesting with Joker, no single scene. It looks like a dull 18+parody on Dawn of Justice, it's not even comparable. Stupid movie for stupid people, liked by ""critics"" who as much stupid as the audience itself. This is popcorn film for kids, Dawn of Justice is cinematography. You know, to tell the truth there more notable moments in Batman and Robin 1997, and this is disgusting, that such a movie gets the attention.",4
The Dark Knight,"This movie works well for the under 30 crowd and over 8 crowd. It is a highly dramatic movie. I loved the dramatic colors, music and scenery. The acting was so-so. None of the characters are believable, but after all, it is Batman. The characters have to be bigger than life and the music has to be overdone. It is a great 'guy' flick or teenage 'girl night' flick as it involves little thinking -- just go with the flow. Michael Caine and Morgan Freeman always provide good supporting role acting. The movie is sheer entertainment and acting should not be taken seriously. There is lots of action, the the vivid color makes the movie. Enjoy the tale of Batman and his crime fighting spree.",4
The Dark Knight,"I just want to say that I liked all the Batman movies (yes even the Kilmer/Clooney ones) and didn't think it was possible to not get entertained while watching Batman on screen. Well, the day has come my friends.

This movie was awful. Entirely too long. It could've ended 8 times before it actually ended. This caused ""stop and go"" viewing which was really aggravating.

Another big complaint was the amount of explosions. Granted, one of my favorite movies of all time is Terminator 2, which had the same number of gratuitous explosions, but I never felt like I was watching a movie, I felt like I was part of the story. This, on the other hand, was excruciating.

Also, we all know that Batman is the world's greatest detective. So why did we only see one scene where he did detective work (the bullet in the wall scene). Outside of that, he was just fighting using the same hackneyed ""back of the fist to the face"" style or on the uber-crappy bat cycle.

Just one more then I'll shutup. Is it just me, or did anyone else just want to buy the Joker some chapstick? Seriously, he licked his lips entirely too much which took focus away from the scene. Honestly, if he did it one more time, I was gonna rip the screen down.

However, despite all these minuses, there were some very awesome effects. Two face was done brilliantly and to watch batman coast on air was truly amazing. Everything else just didn't add up.

In conclusion, this movie is worth the rent, that's all. If you like superhero movies, save your $9.50 and see Hellboy 2. If not, just save your money, because this movie sullied the good name of Batman and makes a mockery of what the past movies have established.",4
The Dark Knight,"As a connoisseur of great cinema, it is with great reluctance that I must share my thoughts on the overrated and underwhelming film, ""The Dark Knight."" While it may be seen as a masterpiece by some, I found it to be a tedious and trite experience that failed to deliver on its promised spectacle.

The film's opening scene, while visually impressive, sets the tone for the rest of the movie: long-winded and overly serious. Christian Bale's portrayal of Batman is one-dimensional and lacks the charisma and charm of his predecessors. The only notable quality of his performance is that it redeems Katie Holmes' wooden and lifeless performance in the previous installment by taking bad acting to a new level.

The film's pacing is also a major issue, with the second act feeling like it drags on forever. The action sequences are lackluster, and the film's attempts at social commentary are heavy-handed and uninspired. The Joker's constant ramblings about society's descent into chaos feel more like a college philosophy lecture than an actual critique of modern society.

The film's climax is also a letdown, with the final confrontation between Batman and the Joker feeling anti-climactic and predictable. The film's attempts at a twist ending fall flat, and the resolution is unsatisfying.

In conclusion, ""The Dark Knight"" may have been hailed as a masterpiece, but in reality, it is a bloated and overhyped mess of a film. While it may have been praised for its attempt at a darker and more realistic take on the Batman mythos, it ultimately fails to deliver on its promises. Save yourself the time and watch something more deserving of your attention, like ""The Emoji Movie.""",4
The Dark Knight,"didn't like it. no spoilers here, I won't ruin it for you, you might like it, I nearly walked out, but didn't out of respect for the late Heath Ledger (who apparently did one more film after this which I heard really stank), and also in hopes it would pick up towards the end. personally I was disappointed, particularly in the end, where one character, decided to take the heat for something which I thought was a pointless and unnecessary plot device.

I thought all the actors did a fine job, since when is Gotham in Illinois? in the DC Comics it's a stand-in for NYC,like Metropolis, but has been established as a separate city, in NY or NJ now I think. that area anyway. I was not freaked out watching Ledger, was not thinking about the fact that he was now dead as I watched his performance. I know it was Ledger's swan-song, but come on, it's not that great. Bat's voice was a little too cookie-monster/death-metal, Keaton found the right level of gritty for it. I liked him better.

it was too long, too dark and intense, and had too many holes, which I won't mention so as not to ruin it for anyone who hasn't seen it. I'm losing faith in the film industry. if I'm going to spend upwards of $9 for a film, I want spaceships, or dragons, anything else I can wait for video on frankly, if it isn't a spectacle, I can wait. but genre films have been letting me down lately. still plan on seeing Iron Man, but actually, now I'm starting to feel like I can wait on that one, even though I suspect I will enjoy it more than I did the last three films I saw in the theatre. (Hancock :| the Hulk :\ ) oh wait I saw Hellboy, that was much more fun. very enjoyable.

I liked the last bat-film, so I had high hopes for this one. I started to wonder what was wrong about 3/4 of the way through, I felt the urge to leave, I haven't had that happen to me in some time. action sequences, yes very impressive, it's all been done, I'm not that easily impressed by your flawless special effects anymore, if they don't serve a story, it's just eye candy, I guess I'm getting tired of lowering my expectations of genre films all the way. I don't understand why so many people are ga-ga for this film. It took me 50 pages of clicking to find a non favourable review, and once I found them, I found more reasons why I didn't like it, which I hadn't had time to think about, but I plan on not thinking about this movie any more. the next Bat film, I will wait for video on if there is a next one.

I didn't like the Joker's make up like much of the film, it was all too realistic, comic book superhero movies have become afraid of being too ""comic-booky"" to their detriment. I'm not advocating yellow spandex for Wolverine, but I remember when the Batmobile looked like a cross between a Corvette Stingray and a Caddy, now it looks like a Hummer/tank. apt analogy, this movie is like an SUV, too big and consuming, frankly depressing by the end.",4
The Dark Knight,"This movie does not deliver on any level. What a boring, long, agonizing film this is. This movie will do well due to the unfortunate circumstance with Ledger and the DC Batman following. But to be honest this movie is dull and falls very short of the hopes I had for it. Sorry fans but I call them like I see them. The dialog was terrible and scene after scene it seemed that the film makers just repeated the same things over and over again. Was there ever any suspense? Were you ever really worried about the outcome? No to both. The movie was well made to be fair. Visually it held up. Ledger did a fine job with his role. Had he not died would we really be building this into what it has become? No again. Save your money and wait for HBO to see this.",4
The Dark Knight,"I had the luxury of seeing Dark Knight when it first hit theaters this week and let me tell you, I was quite disappointed.

I do not understand what the rave reviews are about but I found the plot line very complicated and confusing most times. Jumping from here to there, pushing far too much for a nearly 3 hour movie. Heath Ledger is an excellent actor of course but I found Nolan's version of Joker very demented and nothing like the comic book Joker or cartoons. He seemed like a mental patient then the Joker I grew up reading. Where were the jokes and the twisted sense of humor? The only thing they left was the menacing laugh which Ledger did fantastically.

While I love watching Superheros, there just wasn't enough Batman. The whole movie focused a lot on the Harvey Dent character, who in my opinion should have been left for the third installment. It was already enough to have Joker as the villain, but Two-Face too? The development of Two-Face was quick as it ended. And his agenda was too poor to be believable as to why he was the classic Two-Face Batman fans know of.

Batman himself was ho-hum. Christian Bale is good as Bruce Wayne, but as batman? No. That voice he puts on which supposedly was to be menacing came up more constipated and very forced. You could barely hear his dialog along with his spit fly out of his mouth occasionally. However, I did enjoy his fighting, which was downright how I see Batman fight the big baddies.

But the main thing that bothered me most on whole that was missing was the Batmobile. I have no idea what Nolan was thinking to not include it in the movie. It was the main reasons I wanted to see it in the first place. Not to mention his classic domain, the Batcave, which was replaced with an underground high-tech warehouse. Not impressive.

Overall, the movie was just too long, too complicated and forgettable. I favor Tim Burton's Batman over Nolan's version by a long shot. But then, everyone has their own opinion.

4/10.",4
The Dark Knight,"This Review Contains Spoilers

The Dark Knight contains so many plot holes it was a joke. If there is one thing that I cant stand and thats poor writing. I know it is a comic book film but Batman Begins was so tightly written that I found it unbelievable that this one was written so poorly.

1: The story with the Asian banker was so pointless. It added nothing to the plot. Just a cool looking extraction scene

2: During the Bruce Wayne party, when The Joker enters with his goons and Bruce hides Dent, why wouldn't The Joker kill all the innocent people he now has. Think about it. Batman flys out the window to catch Rachel and leaves The Joker with all the guests at the party completely unprotected. The next scene just cuts to the next day, with no mention of the party. If the Joker was such a crazy, he would of killed everyone of the guests at the party. Or better still, would have used the hostages to negotiate the hand over of Dent.

3: Why does Gordon fake his death. Just so he can drive a truck. What the hell. There's much easier ways to go into hiding.

4: Why did Batman have so much faith in the fact the the people on the boat wouldn't blow each other up. If I was on that boat the criminals would have been a million little bits in about 3 seconds.

5: How the hell did Bruce build the sonar machine.

6: If Dent was so angry about the death of Rachel, he would have killed the Joker in the hospital. I mean, come on.

7: Why didn't Batman tell Dent at the end when he had Dents son that he was trying to save Rachel and not him. Tell him that the joker tricked him.

8: And the best. Why did they blame Batman for the dead cops and civilians. Gordon is the commissioner he could have said the Joker did it and people would have believed it. The Joker held the city hostage so he certainly could have killed a few cops. It was such a ridiculous ending.

Poor writing is not acceptable. They have years to write it and all of the above could have been fixed easily.",4
The Dark Knight,"I really don't get the gist with Batman films. If I'm honest I think all are a let down. This one is OK, pretty standard Hollywood superhero film. Some good actors doing an alright job but nothing spectacular. This movies is always in the top 5 films of all time which I just don't get?

If you want to be entertained for a few hours this will do the job but it isn't anything special.

Maybe I'm missing something ?????

The best batman was the first and that at best was average.

Light entertainment I guess??",4
The Dark Knight,"At that time in 2008 when ""The Dark Knight"" came out, it may have topped expectations after the 2005 prequel ""Batman Begins"". Undoubtably TDK was a major success at the box office. The opening weekend in the USA alone grossed $158,411,483 on 20 July 2008. But in retrospect I find it lacks of a good storyline. If you watch both films subsquently like I did you should look for the differences.

In TDK there is no reference whatsoever about Batman's past and his father issues or his pain about the loss of his parents. The second Batman film of director Christopher Nolan is set only one year after the first one and completely oversees the complicated ties of the fabulous origin. In fact actor Christian Bale doesn't get to present himself at all. He is pushed in the background while everyone else takes over. All that is left is a shadow of his original character with a deeper and raspier voice.

While Michael Caine still has a major role it is Heath Ledger and Aaron Eckhart who take the lead and both bring very interesting characters to the board. Ledger's performance is one of the greatest moments in DC cinema history and that is the result of his immersive preparation for the role. Aaron Eckhart is to play the ""White Knight"", as the Joker calls him, and is yet destined to become someone else...

The way the Joker assembles his team of professional terrorists is unexplained. The audience is only blinded by the sound & light of many explosions and before you wonder how all this could happen there is the next action scene to keep you from second-guessing. The story gets insanely ridiculous and can only be described as a paraody of the first film. A comic book in that fashion would have been entertaining but it didn't convince me on film.

Another disappointing sequence of events are the new gimmicks of Batman. While he doesn't hesitate to crash most of his vehicles we get introduced to a futuristic spyware that even Mr. Fox denies to use. Christian Bale moves slowly in fight scenes and obviously they shot it in the dark to cover bad choreography. It's like they saved all the budget for big scale explosions instead of a good story!

There is one mentionable dilemma worth discussing. The Joker brings a new element of randomness into the game. Also he likes to question integrity and thus cleverly plays a game to fool everyone. Other than that this movie feels like watching Matrix II after the first one. It just doesn't catch up. Not even in two and a half hours.",4
The Dark Knight,"Let me preface this by saying that I did not enter the cinema wanting or expecting to dislike this film. I had heard nothing but praise for it as a film, and despite my usual preference for less mainstream fare, I decided to take a chance in the hope that it might indeed be a great work of cinema.

Furthermore, I should add that this may well be one of the best superhero movies ever made, and indeed, may even be one of the best action films ever made.

So perhaps it is unfair for me to criticise this movie too heavily, inextricably bound by its genre as it is. That is to say, perhaps it would be unfair, if it were not so seemingly unanimously lauded by critics and fans alike. Of course, we all know that the Internet Movie Database top 250 is not necessarily a great reflection of quality, but even so, you would think that the film that now heads this list should at least be in the ballpark of the greatest movies of all time.

In my humble opinion, it is far from it. Indeed, even for what it was, and what it was trying to be, I don't believe it was entirely successful. Sure, 146,000-odd IMDb users might disagree with me, but you've got to factor in the massive hype surrounding this film when viewing the critical reaction. It is worth asking, how will this film be viewed in 12 months? 20 years, even?

Either way, let me address what, in my opinion, are the major flaws of the movie.

It might seem unfair to criticise it for the genre to which it belongs, but I believe that the cinematic art has far, far more potential than the action movie genre allows it. For example, however well ""Road Trip"" compares to other films of its kind, it is still justly recognised as a poor film. Returning to this movie, I don't think you would find much argument in defining the action genre as depending upon explosions, cheap suspense, cheesy dialogue and formulaic/contrived plot lines. Can one fault such a successful and popular mix? I believe so, because popularity does not necessarily amount to artistic merit, and film is, after all, an art form.

One of the cornerstones of a great film is acting. Heath Ledger's admittedly excellent performance aside, the acting in this film is not that great. Maggie Gyllenhaal is wasted in a poorly written role that does not allow her much to do, while Aaron Eckhart is never convincing, and even approaches hamminess once the big plot twist has been revealed (Which, while a good idea in concept, is made to look silly due to poor dialogue). Christian Bale, in the title role, is utterly uninspiring, Michael Caine (himself a great actor) is given a clichéd and predictable role, and Morgan Freeman's character seems to be there for little reason whatsoever.

The plot, meanwhile, often appears contrived. There were several confusing moments (""Why is he here now? When did that happen?""). Sure, further viewings might serve to explain these apparent shortcomings, but my first impression was that of an average script. As for the ending, I'm torn between commending it for its idea, and condemning it for its silliness and blatant preparation for another sequel.

Of course, the film is not completely flawed. As stated above, Heath Ledger is an unusually convincing movie villain, and I commend the film for avoiding gratuitous violence. The dialogue and acting, while at times poor, are probably at a far higher standard than most movies of this kind, and the story itself has some interesting concepts, and unfolds nicely at times.

Therefore, in the realm of action films, it deserves praise. Even in the realm of Hollywood film, perhaps, it deserves praise. However, as a representative of the cinematic art form, it does not - and that, in the end, is a true measure of a film's overall quality.",4
The Dark Knight,"Just for the record I'm not the biggest batman fan, even though I liked the tim burton version and watched the cartoon shows doesn't mean squat. I hated that awful batman beyond, the other batman sequels. So I'm 50/50 on batman. To me when I saw batman begins I was only anticipating a bad movie considering the fact that I did not enjoy any of Joel Schulmacher versions. When I finally saw batman begins I couldn't help but vomit. Why was this s**t a hit? I went to go see the sequel only cause I was on a date and she loved the Joker character, so thats how I ended up seeing the Dark knight film.

When I watched the dark knight I was still expecting a bad flick with that awful music score and the cheesy deadpan acting with its dialogue that can put an 8 year old to sleep. Well I knew it wasn't that great from the get go.

I'm aware of Heath ledgers tragic death. But a movie is still a movie and I hate the fact that they are overhyping it cause of his death and that makes me sick.

The movie was downright disappointing to me. I apologize to all the comic book aficionados but I wasn't impressed.

1. The plot of the movie seems kind of out there: Manipulating a campaign to cause havoc? Like people give a crap about politics.

2. The Joker is overrated. Heath ledger didn't give a bad performance but the character of the joker is a far departure from all the other jokers. To me all I saw was ""the Crow"" with green hair. Whats with that thing he does with his tongue? As for his scars, they just remind me of the character ""Kakihara"" from ichi the killer. So I didn't get any kind of entertainment from the joker.

3. Batmans voice: Come on!! Thats the most laughable voice I ever heard on batman!! It sounds like he should be in a death metal band. I couldn't help but cringe. It sounded like fingers scratching against the chalk board.

4. Its boring music score. Your gonna tell me that it overshadows Danny elfman batman score? It was used in the damn cartoon!! The Danny elfman score is a work of music art. I don't even remember how the music went in this new batman film.

I can go on even further into why I didn't like this batman film but it'll be longer so I'll just end it in the ups I thought should be mentioned.

Twoface: Aaron Eckhart gave a great performance in a great re-introduction of the villain. Wheres his Oscar nom? Gary oldman: The man rules as commissioner gordan.

As far as I see it, even if it beats out titanic or new york city gets re-named Gotham city. I wouldn't buy this film on DVD or blu-ray even if the Joker has a gun to my head.

PS: Jack Nicholson still kicks Heaths ass!!",4
The Dark Knight,"What an anti-climax! There we go, I said right it off the bat.

If Nolan wanted a character driven movie... he failed. Maggie Gyllenhall was like a wooden version of Katy Holmes, which I thought wasn't possible. Also playing a two timing hussy wasn't exactly an endearing quality.

I'm tired of listening to Bale over-act Batman, someone fix his speech impediment please so he doesn't look & sound like he's trying to lay a Guiness World Record pineapple. How anyone can get an Oscar is beyond me, Ledger doesn't actually get enough screen time in my view & making slurping noises with your mouth doesn't sell crazy. Heath said that he wanted audiences to forget Jack Nicholson as the Joker but I was often thrust down memory lane, all the way back to the original Batman. Nicholson had been playing crazy long before Batman, One Flew Over the Cockoo's Nest, The Shining etc, so Ledger really had a tough task... in which he did OK but not Oscar nommie stuff.

Also, what happened to the dark 'gothic' Gotham City Burton created? You can't have CGI Two Face in a normal looking US city, I wanted the full dark comic style of old!

It felt like the movie dragged a little & had some weird head shaking anomalies, eg: When Batman drops Mafia Boss, seemingly breaking his ankles but later he seems fine with his ornamental walking stick. I couldn't help laughing at Batman's motorbike & the great wall stunt.

Not at all what I had hoped for in this semi-entertaining film... the Box Office is happy tapping into the female ticket sale as they finally go & see a Batman movie for their lost heart throb Heath but I heard snoredom from the rows of girls behind me.

Bring Burton back to Batman!!!",4
The Dark Knight,"I've never been much of a batman fan, but I watched this movie because of the good reviews. What can I say? I really didn't like it.

Action scenes - no idea if they are meant to look retro or if they are just badly filmed. They didn't bring up any tension at all. I didn't feel in the movie but just left out.

Story - as lame and predictable as a superhero movie story can be.

I could just go on and on: superficial dialogs, bad costume and make-up (Joker), mediocre sound-track ... and - oh my god - the voices of both Batman and the Joker. I just waited for Batman to say ""Luc, I am your father ..."" with his voice modulator ...

After half of the 153 minutes I fell asleep (I really did), and that had never happened to me in an action movie. I continued the next day and hoped that at least the second half would get a little better. But no. No good story, no climax, bad action scenes if any; repeating scenes in different locations with slightly different dialogs ...

Sorry, but what are the good ratings for? It isn't a completely bad movie and I might have given 5 stars if not for the expectations after reading through other reviews. But it is far away from 9 stars.",4
The Dark Knight,"Very fast past action, lots of explosions, fight scenes, very batman. Watch if you want.",4
The Dark Knight,"Firstly, Harvey Dent is underwritten. At his core, he believes that he needs to make Gotham a better place, to cure it of its corruption, but by the end of the movie, he's become a villain.

However, this is an extreme alteration, and I feel the logical basis behind it isn't particularly compelling.

The primary justification for his alteration seems to be Rachel's death, not his ideology being proven wrong. But here's the problem: I don't understand how much Rachel means to Harvey. They make it clear that he loves her, but the movie doesn't flesh out their relationship to where his alteration is believable.

If there was some compelling context to their relationship, say Harvey Dent struggles to find people he can trust and feel comfortable around. And Rachel is the first person he feels secure around. I think his transition would be more believable, but in its current state, it's underwhelming.

This isn't as important, but one thing the movie goes for is presenting that great struggles and sacrifices are being made to catch the Joker. There are two in particular that I want to focus on.

Firstly, why did Commissioner Gordon have to fake his death? I think Commissioner Gordon faking his death was purposeless, and only done so he would be making a sacrifice too. That and so the audience assumes he's dead for a brief moment.

Secondly, Lucius Fox. Bruce builds a machine for Lucius to use, which is incredibly invasive of personal privacy. I want to discuss how the movie presents this machine. I think you could argue that the movie having this machine is propaganda in favor of utilizing these types of devices. And with the machine playing a significant part in helping Batman defeat the Joker, the movie is relatively optimistic about the benefits this type of machine could provide. However, while I think the film's didacticism relating to the subject is rather uninsightful, I think the film is neither blindly in favor nor entirely against machines like this.

While the device plays a big part in catching the Joker, Lucius Fox condemns the use of the device and quits despite it working. Lucius Fox is generally characterized as morally good; earlier in the movie, refusing to engage with a business he believes may be corrupt. And when Lucius confronts Bruce on the company, Bruce listens to him without question and halts their business relations. On top of that, Bruce states that Lucius is the only one capable of using the machine, and he does this because Bruce doesn't trust himself to use it.

Concerning this machine, the movie conveys that while an invasion of privacy has benefits, it has the potential to be immoral. I don't think the film is propaganda in favor of using this type of machine; the machine is introduced to make the audience think about what kind of actions should be taken against people like the Joker, what countermeasures people can justify under the premise that it's needed to combat people like the Joker.

And Batman, who proposes this idea, isn't strictly the hero in this movie. In the dinner scene between Harvey and Bruce, Harvey discusses Batman. And I think this is what the film is trying to get at: often, those revered as heroes aren't. The winner writes history and all that. In trying to justify the actions of Batman, Harvey talks about how the Romans would suspend democracy, putting one man in power. It is then pointed out that the man they put into power was named Caesar, and he never gave up his power. This is where Bruce differs, he fights for the city, defeating the Joker, but he takes immoral measures to accomplish such. Unlike Caesar, Bruce knows that some of his actions are immoral. Rather than becoming Caesar, Bruce paints Harvey as the hero and himself as the villain because he did things he knows were wrong.

At its core, the movie is trying to represent the vague concept that those fighting evil aren't inherently moral and that immoral actions can be justified in fighting evil you.

This is a solid concept to implement.

However, this concept has already been extensively explored in the Batman mythos, and even though I like this concept, the film entire doesn't resonate with me because I have no emotional investment in the unfolding drama. Because similarly to the other characters in this movie, I don't find Bruce particularly compelling. I struggle to get into the head of his character. And while he's put in some interesting dilemmas, I fail to empathize with his struggles and feelings toward Rachel.

And lastly, the Joker, who is the weakest and strongest aspect of the movie. The strongest because Heath Ledger provides the best performance in this movie; that's nothing new. The weakest because I don't care for how his character is handled. The opening scene is fantastic; I think it's one of the best opening scenes of any movie. It provides an extensive characterization of the Joker while engaging on its own. And the rest of the film doesn't come close. His taking down of the mob is decent, and there are some solid aspects, such as him switching the addresses for the buildings Rachel and Harvey are in, but that's about it, and I mainly took issue with the third act. I wouldn't say I liked the boat scene. The stakes are significantly increased, and the Joker's confidence causes him to leave himself vulnerable.

The movie introduces a trolly problem. With the boats, the dilemma is apparent, either the citizens blow up the criminals or vice versa. Alright, solid start.

My problem is that the way it plays out isn't involving. The debate regarding the morality of the situation is brought up; however, it's not elaborated on. And I think the way the whole situation plays out is rather dull.

On the prisoners' boat, one prisoner takes the detonator and throws it out the window. This follows his stating: ""Give it to me, and I'll do what you should've did 10 minutes ago."" It's just a random prisoner who by being portrayed intimidatingly, you're made to believe will blow up the other boat, but instead throws away the detonator.

And on the citizens' boat, one citizen has the detonator and is about to blow them up but stops at the last second. And all we get is the statement: ""Those men on that boat? They made their choices. They chose to murder and steal."" But again, it's not elaborated on further.

So, here's the problem. Everyone on these boats is just random people. I don't have an intimate understanding of any of them. Therefore, I can't get into their heads.

This scene could be significantly improved if, for example, there was a character on these boats we have been given an intimate understanding of. In this case, we would be engaged with their desire for self-preservation and have an investment in whether or not they died. Because in its current state, I don't have an emotional investment in any of these people.

You could also flesh out one of the characters on the boat with this scene in mind. Having a fleshed-out character deal with this dilemma would allow me to understand their thought process in choosing whether or not to activate the detonator.

Because in its current state, I think the people on the boats not blowing each other up comes across as insincerely optimistic. And the people on these ships not blowing each other up defeats the Joker. The Joker was so confident they would blow each other up that he left himself vulnerable.

You may respond that the Joker doesn't care about his own life, and I would agree. However, while Joker is nihilistic, he does have a goal, and he's consistently characterized as smart.

One of my favorite moments in The Killing Joke comic is when Joker has genuine self-doubt. In this comic, the core of Joker's character is a desire to validate his trauma. He experienced a day that was so traumatic that it turned him into this disfigured villain. Joker desires to prove that other people are just like him, that other people would become him if subjected to equivalent trauma. In The Killing Joke, the Joker's self-doubt in his beliefs is moving, and considering the situation the Joker is put in with the boat dilemma; this is the moment I would expect the Joker to experience self-doubt. He left himself vulnerable because of his certainty one of the boats would destroy the other, and the boats not destroying each other could instill self-doubt in the Joker's certainty.

But Joker's characterization here is enigmatic. In this movie, the Joker is unsympathetic. He's just an ""agent of chaos."" So instead, when his plan with the boats fails, Joker states Harvey Dent is his ""ace in the hole.""

It's a missed potential not to provide a more compelling portrayal of the Joker, but I also have issues with the Joker using Harvey as his ""ace in the hole."" Harvey's transition was already forced, but now I'm supposed to believe the Joker would leave himself vulnerable and rely on Harvey changing. I find this behavior illogical that he would do this, making the Joker's defeat incredibly anticlimactic. Again, his portrayal here is unsympathetic, but I think the characterization he gets conflicts with his choices here.

The Joker doesn't have a coherent arc in this movie and feels like a plot device that serves as a vague manifestation of evil rather than a compelling character.

Anyway, I think this movie's passable. I relate to neither those who hate it nor those who love it.",4
The Dark Knight,"I thought this was the least satisfying of the series (with Batman Begins as the best). Certainly the high point was Heath Ledger's performance, which was even more impressive since the character was written without any depth. He did have some good lines though. The down sides: the plot was extremely weak, much of the dialog was drowned out by an oppressive soundtrack and the overlong movie was dragged down by the lack of meaningful story direction with too much of the action in low light. There were also too many questions left at the end. All in all, not very believable. In contrast Iron Man was a masterpiece and a far superior movie.",4
The Dark Knight,"I don't understand the love for this film. There are better Batman films in existence. The cartoon from the 90's was better than this film. (then again, how do you top that masterpiece?) 1. Christian Bale was hilarious.

When you make you voice as deep as possible, it's pretty hard to take you seriously. Kevin Conroy (Batman from the cartoon) had found a perfect balance between intimidating and realistic for his voice for Batman. But Christian Bale? He's completely laughable when he's yelling at the Joker during the interrogation scene. He also did this weird thing with his lips where he forced them to stick out as much as possible. My point is, Batman is supposed o be intimidating ad awesome, but Bale tried to so hard to do just that he failed on a massive level.

2. Heath Ledger was not that good. At least in person.

The only points in the film where Ledger as the Joker was intimidating was in the scenes where he was film something on a camcorder. Those scenes were great. In every other scene, though, he's cheesy and stupid. That thing he does where he runs his fingers through hair and likes his lips? How can I look at that and say that was scary? Mark Hamill (Joker in the cartoon) was the perfect joker. All of his mannerisms and his speech patterns were what you'd expect form a psychopathic clown. In this film, he's just a psychopath.

3. Stupid decisions.

Why did nobody on the police department go to save Rachael while Batman was going after Harvey Dent? Why did the police let the Joker out of his cell ""to make a phone call?"" You'd think they'd have reason to keep him in the cell, maybe even in a straitjacket. Why did that police officer get in a fight with the Joker? The movie would have ended right if the Police Department wasn't full of morons. Why did Batman never kill the Joker? I'm pretty sure if you asked anyone else, they would say they'd be willing to if it would save hundreds of people. Batman just has this stupid moral code that keeps him from seeing the broader picture (I have the same issue with the comics and the cartoon) All-in-all, a lot of idiots making stupid decisions.

4. Everything else was okay.

The soundtrack was decent. The action scenes were decent. Everything else was just fine. But laughable acting, stupid plot conveniences, and so-so everything else is good enough to get #4 on the best films ever made? No. This movie is overwhelmingly under-average.

4/10",4
The Dark Knight,"Like many others I've always been so confused as to why this movie is praised so highly. I believe Batman Begins is superior and I don't even hold that film as one of the best Batman films. It seems like it was due to Heath Ledger. Listen I loved Heath Ledger too but I'm not going to go give all his movies a 10 just because he passed on. Everyone dies eventually people, get that through your thick skulls... Ok moving on to review..

I'm one of the biggest Batman fans out there. He is my second favorite superhero behind Superman. With that being said I like to think I have a wealth of knowledge on this stuff. My issue with the Nolan Batman films was they were trying to be too real! This is supposed to be fantasy. But you can still bring realism into fantasy without losing the fantasy. To me it went too far away from why I love Batman to begin with. They were in a city that was called Gotham but it still looked like regular ol Chicago! No amazing Gotham statues, building structures just boring.

Christian Bale was not intimidating as Batman, as a matter of fact he was actually quite comical on most scenes. Even people who claim to love the movie stated that Bale's Batman voice was comical. So again how is this the best Batman?! Batman is not supposed to be comical in the least. This is a man who seen his parents killed in front of him and that trauma stayed with him his entire life which made him become Batman. Imo the trauma aspect of Bruce was done much better in the 1989 Batman film. It really showed the extent of how it messed him up. When Michael Keaton put on that suit it was no smiles, no games. Just a man in a batsuit filled with trauma and vengeance.

Which brings us to the costume. Many consider it the best Batman costume. How? From most angles it looked ridiculous on Bale because the mask was too big for Bales head. I think it would have looked better if they shrunk it down to fit his head more. It ended up looking like a Halloween costume to me. Nothing innovative about it imo. We didn't get the cool grappling hooks, no cool gadgets, and Batman did not feel like a detective. He actually came off kinda cocky and pompous on most scenes. Batman can be an A-hole but overall he has a big heart. I did like the Bat tumbler because that makes more sense for batman to have a tank and not just a regular car.

The story was not well paced. I found many parts boring and i never understood if it was trying to be a superhero movie or a cop film. Overall it felt more like a cop, mob film with batman thrown in here and there. Plot holes... Oh im joker and im going to throw Rachel off a building. Im batman im going to dive after her and chill with rachel on top of this car not caring that Joker still up there potentially about to kill all these people. Again how is that good story telling?

Heath Ledgers performance was superb. Great, believable Joker. Don't really need to say anything about that except I wish Heaths Joker had been funnier. But again a great Joker performance does not make a great Batman movie. There needs to be all elements that make a batman film good not just one performance and praise because of the mans death. Overall I think Batman Begins is superior and I also have issues with that film. I personally do not hold up the Nolan trilogy up and I don't believe it will age well. I think in the future most people will consider the trilogy lackluster at best.

Here are my top 3 Batman films that I believe are superior to the dark knight. These will remain my favorite Batman films until a superior Batman film come along. Seeing how they just cast Robert Pattinson as Batman we may be waiting awhile. Nothing against Robert I just don't see him as batman. But of course he may surprise us and I will give him a chance.

1. Batman 1989 2. Batman Forever 3. Batman Mask of the Phatasm",4
The Dark Knight,"If you're a casual movie-goer who's not a fan of reading comics, then sure, this one will hit all your sweet spots. As an enthusiast of comics and its history, it's a hard watch. It's very clear that the writers and producers wanted a movie that features all of Batman's cool moments throughout comics without truly capturing what makes Batman a superhero vs the hyper vigilante we have in this movie and its sequel. Why did no one stop his cringy Bat-voice?",4
The Dark Knight,"In Hollywood, most of our movies have plots, in independent movies and those from overseas, more often than not movies have stories. A story is far superior to a plot. Plots fill in gaps with special effects and gimmicks and have awkward moments where the elements or story don't fit. It's like the difference between events related by a man who is telling the truth vs. a man making up a lie. The one man is focused like a beam of light, while the other is pulling rabbits out of his backside. Stories flow with smooth logic from event to event and have layers of meaning to be explored with additional viewings whereas a plot tends to be two dimensional. ""Batman Begins"" has a story and in my opinion is a masterpiece. ""The Dark Knight"" has a disjointed plot(with incredibly cool effects and gimmicks). All three Spiderman movies and The Fantastic Four movies have plots. ""V For Vendetta"" has a story to tell. ""Ironman"" has an improved plot.

Batman is a twist on perhaps the oldest religious theme in human history, the battle between the light and darkness. The twist is that he is of darkness, but battles for the light. He is an alter ego that conforms neither to a constitution nor the laws of any land, but instead walks a very fine line which he must often step over into the realm of lawbreaker. This comic book character is a hijack waiting to happen for a pro-torture political argument.

However, applying ""The Dark Knight"" movie as a metaphor to the real world is really problematic and is in fact a horribly flawed argument. In the context of the times, George W. Bush would be Bruce Wayne (ok when you're done laughing or throwing up) with a heroic but dark alter ego (Dick Cheney) that allows him to skirt the law and do what must be done for the good of the people.

But seriously, the common theme of all Batman shows is that the ordinary police, courts, and judges are hopelessly incompetent, corrupt, and incapable of administering order and justice on behalf of the people. Therein lays the rationale for the existence of the Batman. The problem in the real world argument is that in this country, the justice system is none of these things, but does on occasion display such failings as they are after all human institutions. Our justice system with some fine tuning, such as removing the two tier system where the rich are favored over the poor (ie. O.J. murder trial), may in fact be the best justice system anyone's ever going to develop. To my knowledge, no one has topped it yet. So first and foremost, no such vigilante is required (particularly not a power drunk redneck who couldn't karate chop a ham sandwich). But I will say, Dick Cheney was ordained by God to play the character Penguin.

Second, laws and particularly a constitution as a framework for government and to govern our ordinary lives, CANNOT be compromised without grave harm that inevitably destroys the foundation of the system in which they comprise. Commissioner Gordon ""looks the other way"" and ""abets"" Batman by supplying him with information, so that he may then do whatever he deems necessary to achieve the end result that they both wish for. In the case of ""The Dark Knight"", Batman drops a man from a building subsequently breaking one of his legs to get information that will save the lives of innocent people. This is a new turn in the chronicles of the comic book character. Previously he would do what was necessary to capture criminals, which sometimes resulted in inadvertent harm, but never intentionally inflicted harm upon the criminal beyond what was necessary to subdue them (Batman Begins he drops a guy but catches him). Batman would have pulled some ""truth serum"" off his belt and injected the bad guy with it, not throw him off a building. In the real world, if authorities look the other way or abet criminality, the system is not enhanced or enforced but instead crumbles on a slippery slope. Only in the fantasy world of comics does breaking the law make the system of law healthier and stronger.

So why at this juncture in time does Batman begin to torture a bad man in a perfectly arranged scenario where torture seems justified and correct? The bomb is ticking and the innocent people will die if only Batman will put some serious hurt on a scummy guy who probably deserves it anyway. If he does this he can save two people (one of whom he loves). The director/writer Christopher Nolan is a Republican (donation records online). On ""The Dark Knights"" behalf perhaps it's not as far fetched at all to see Bruce Wayne as a Republican (rich and entitled). If Nolan does the next Batman, will the superhero do something to an abortion clinic doctor or deregulate a financial institution? Perhaps Batman will beat the excrement out of and torture the director/writer who hijacked this iconic superhero of my youth and turned him into a politically expedient whore with smeared lipstick.

""They who can give up essential liberty to obtain a little temporary safety, deserve neither liberty nor safety."" Benjamin Franklin, 1775",4
The Dark Knight,"I watched this film because it has a rating of 9 here on IMDB, thinking so many people can't be wrong. Well how wrong I was I thought it was a stupid film, far too long and never felt connected to the story. It went on and on and my toilet breaks were the most memorable during this long sitting.",4
The Dark Knight,"Good film but lacked depth. Sad performance from the Joker who never really lived to be the psycho the character deserved. Lack of blood and gore made this a family movie which a attempted dark tinge.

The jokers character never really developed well enough, this was my primary disappointment, and seemed to just disappear in the end without a fight. Awful end scene in which a sonar device is developed that can track cellphone owners.

Possibly the worst special effects/makeup was that of two-face, he looked like some sort of robot from the terminator movies and never really seemed a threat. Just a bit desperate.

Sad sad sad sequel that promised so much.

On a positive Batman was played well as was the butler",4
The Dark Knight,"The Dark Knight felt like a gritty, realistic crime film set in Chicago, but with a man in a batsuit and a killer clown thrown in. I'm sorry, but this film's realistic realistic atmosphere and setting did not complement a guy in a batsuit. The film took itself very seriously and it had a very depressing and realistic atmosphere with rather annoying, poorly acted extras and mediocre action sequences, on top of so many other unpleasant and aggravating flaws that I will go through. Batman and the Joker prancing around in this film's realistic environment was as bitter and dissonant as chocolate mixed with pizza. And everyone's has said this; This was not Batman's film. It was more about The Joker.

Let me start with the lousy, ridiculous editing. During the action scenes and other rousing scenes when the characters are being physical each other, there are always the dreaded ""quick-cut"" edits where, if you blink, you'll miss what just happened. I got quite furious with this editing habit. Because half of the time I had no idea what was going on. In the theaters I was left confused with this and I went ""um, what just happened?"". Only in my second and third watching, I finally knew what was going on, thanks to a few rewinds and repeats. What was Nolan thinking here? And he knew what he did was silly here -- That's why in TDKR his editing was vastly improved.

Now to the laughable opening scene. Again, full of quick cuts and you have no idea what is going on. Several men in clown masks are robbing a bank and are gibbering amongst each other, and they begin to shoot each other? Um okay, but why? I had no idea what has happening, and the quick-cuts weren't helping either! Then the sinister Joker appears, played by the late Heath Ledger. Sorry, as much as I like Ledger, I just didn't quite enjoy him as the Joker. I find it ironic that his catchphrase is ""why so serious?"" when his Joker is the most serious, ominous Joker there is. And I don't mean that as a compliment. The Joker is supposed to be comical and amusing. That's why he's The Joker. And is it just me, or did Ledger base his character on Depp's Jack Sparrow from POTC? He was merely a villainous, dark version of him!

Joker's henchmen were also risibly realistic in appearance, like something out of a mafia film. Guys like that would kick the Joker's ass for being a flamboyant freak. In the comics, his henchmen were zany wackos in quirky costumes, much like the Joker. They did not look like something out of Goodfellas. What was with the scenes of Batman in Hong Kong? The movie tried to squeeze in unnecessary subplots. I mean, this movie had such a boring, bleak and dull and uninviting atmosphere that even Christian Bale was bored, particularly as his Bruce Wayne character. Speaking of dull and bland, Hans Zimmer's music was a lackluster - The Joker's theme has to be one of the worst theme music ever written for film.

Now let's move on to Harvey Dent. What a rushed character. One minute he's the perfect hero of Gotham and the other he is a serial killer. He should have had his own movie, really. What I found really pathetic is the motive. So he became evil here only because the love of his life Rachel wasn't saved? That was just juvenile to me. So this gritty crime film also wanted to be a romantic tragedy? Sheesh. But setting that aside, I just could not take Dent as Two-Face seriously. No one can turn evil this quickly. And I thought this film was going for realism? Yeah, didn't work. Oh, Joker tells Harvey that he is a man without plans. And yet the Joker is the most scheming and conniving character there is. He's full of plans, alright.

In the film's climax, the Joker expects that one of the ferries will blow up the other, because he complacently thinks that most people are like him, selfish and evil. Well, sorry Nolan, because most humans are actually like that. We fight to survive, one way or the other. Realistically, I don't think a ferry filled with nasty criminals would ""sacrifice"" themselves. A very naïve way of storytelling here. This movie is basically saying that only Joker is the completely bad person, and the rest are all equally good. No nuance, no middle ground. So if you rightfully wanted a boat filled with felons to blow up to protect your innocent family, you're as evil as the Joker, according to Nolan. Utterly pathetic.

To the last annoying gripe with the film - I still can't ponder why the blame was put on Batman for Two-Face's rampage. That was the cheapest, most absurd gimmick put in film. Why not the Joker? Hell, why not just Harvey himself? Call out the mass murderer and let the world know about the heinous things he did. Again, a gritty crime drama that verges on the unrealistic and the ridiculous. Of course, to romanticize this absurdity they had to write a fancy statement, uttered gallantly by Gordon and backed up with uplifting music, about Batman being the culprit and why they should chase him off. This foolish contrivance did not work for me.

And this is coming from someone who enjoyed Batman Begins - A movie that actually felt like a superhero flick and had a followable, straightforward plot.",4
The Dark Knight,"The Dark Knight has been grotesquely over-praised. It is a passably competent superhero movie, albeit one with few virtues and a great many flaws. It certainly is not one of the greatest films of all time - it shouldn't even be in the top fifty.

The virtues first. Heath Ledger's performance is quite good. Not brilliant - quite good. He has little to work with, but he does do his best with it. Although his Joker is more a mass of tics and mannerisms than anything deeper, they are memorable - and he brings a bit of gusto and a sense of a personality.

The other actors, all of them very good in other films, have even less to do than Heath - they work bravely to round out dull, simplistic lines and resoundingly empty characters. Nobody here, except Commissioner Gordon, has any suggestion of a home life. Nobody has any personality. These people are plot functions, pawns in moving things from A to B. Of the good guys, Maggie Gyllenhaal perhaps goes the furthest in investing her character with some spark.

The flaws? Numerous. For a start, the film shows bad editing and direction for the fight and chase sequences. Half the time, it isn't clear who is near to who or what they are in danger from. Meanwhile, the overall visual style is bland and unimaginative and suspense is generally minimal because every twist is thuddingly obvious.

The dialogue is functional but clumsy - for example, we are told twice, just in case we didn't get it, that Harvey Dent may be prepared to take on the criminals of Gotham but he feels scared at a fund-raising dinner. Nobody, in the entire movie, not once, reacts like a real human being, to anything that happens - everything is stagey, simplistic, artificial.

And the philosophy? The depth that is supposed to make this ""more than a comic book movie""? Not there. For a start, it is impossible to take seriously pronouncements on the human condition from a movie whose view of crime is that criminals are all either members of a Dick Tracy style mob underworld who sit around in suits, embodying racial and cultural stereotypes and talking about how the Batman is cutting in on their action, on the one hand, or pure, unexplainable EEEEEVIL freaks on the other. As a representation of evil, sin, temptation, crime or madness, this is so pathetically empty and stupid and clichéd it would be unimpressive in a children's cartoon. To anyone who has seen The Wire, read the news or even just been outside and talked to actual adults, it seems laughable. It's hard to take a movie seriously at all when its sense of crime comes down to something so callow and so naive.

But apart from that, the movie does not seem to have the courage of its convictions. It flirts with an authoritarian message about needing a superman to protect us from chaos, someone who has to be empowered with the right to pry into our privacy and lie to us - a daddy who always knows best. And it toys with the idea that humans are fundamentally bad - but then decides that, no, people aren't after all (when neither group on the ships chooses to blow the other up). Except when they are (as Harvey Dent turns to the dark side). This is not searing complexity. This is trying not to offend anyone whilst flirting with relevance to contemporary political debates. This is saying nothing, very loudly and a bit pompously.",4
The Dark Knight,"This might be a useful review for other folks like me who saw the movie, but are not typical action/comic book movie fans. I went in not expecting this to be my kind of film; for fans of this genre, it will admittedly rate higher.

Firstly, Chicago looked great in this film. Gotham, and its look and feel, is as important as any character in the film. Chicago's architecture was wonderfully suited to this film.

Heath Ledger was brilliant. The rotting stench of human decay poured over his putrid yellow teeth and through the screen right into my seat. He brought an energy and interest to every scene he was in, and the other characters were made more interesting wherever they interacted with him. Watching his performance, I felt the tragedy of Heath's death all over again.

The movie is too long - I found that its extraordinary length ultimately diluted the impact of the story. And I was frustrated that with such a long movie, there wasn't more good storytelling, so much as there was a lot of complicated and over-wrought action scenes. The fight between good and evil is the oldest story, and I needed more to make it one I could really care about.

Here are my thoughts:

1. Heath Ledger's Joker was brilliant. The character, the costume, the atmosphere he created - he was completely engaging and completely repulsive at the same time. But who was he really? There is no back story, other than the Joker's various versions of his past. Did he truly spring into Gotham having never before made an appearance? I wanted to understand him as more than a plot device to forward the Batman story.

2. Christian Bale's Batman/Bruce Wayne feels wooden and heavy. We 'know' how he feels, but don't actually feel any of it. He seems overwhelmed with the burden of being the last defense against evil, and his character and the story are both suffused with this heaviness. I wanted to see more of his own spirit and conviction at work, instead of his inevitable resignation at being 'the Batman.'

3. So many philosophical/moral/spiritual issues were raised. Can you overcome evil without becoming evil? Can ordinary human goodness be heroic enough to combat evil? Is the ordinariness of people evil in its ordinariness? What is the impact of one agent of chaos on organized society? What do you lose by not destroying evil for the sake of goodness? Can society survive when the scales between good and evil are tipped in favor of evil? Lots of good questions, but questions that were overwhelmed with too many plot tricks and complications.

4. I was frustrated that the ""truth teller"" in the movie was so completely evil. The Joker speaks a wise and unfiltered truth without fear and is willing to lose everything (much like Hannibal Lechter in Silence of the Lambs). While Alred the butler, and Morgan Freemen are clearly the conscience of Batman, they speak openly only to him, and then they say very little. The Joker is the only character of complete originality and creativity, crafting a world of his own design. I wanted Batman to offer us the same depth and insight. I wanted him to be energized and excited by the fight for good, just as the Joker is by chaos.

5. Aaron Eckhardt/Harvey Dent was initially a warm and three-dimensional character, ready to take the helm from Batman, so his decent into evil felt contrived, too quick and too predictable. Clearly he was broken hearted at Rachel's death, but it's not clear why his integrity, which stood strong against every other opposition, suddenly collapsed. I wanted to see his struggle, not just the evil that followed.

6. The acting by all was generally solid, but mostly uninteresting. I wasn't really pulled into the story and the only character that felt 'real' was the Joker.

7. The directing was generally solid, but action sequences and story line got muddled and overdone. I got lost again and again in over-long action sequences and in the incredible plot twists...suddenly the police commissioner has come back from the dead! But how? No explanation of this miraculous occurrence, and so I just felt shut-out of the story development.

The Matrix proves you can mix action and philosophy, stories and special effects. I wanted to see a closer marriage of that here, but never felt the divergent elements of the film working together to truly support the underlying message.",4
The Dark Knight,"First of all, the joker died in the first movie. You can't bring someone back from the dead. The only reason why this movie was such a big deal is because Heath Ledger died. After watching the movie, I don't see how playing the part of the Joker would have drove him to die. Don't get me wrong. If he was the first Joker, then yea. He did a really good job. He wasn't the first and looked nothing like the first. I have nothing against the man. He was a great actor. But he had problems of his own and to say that he died because of the movie is a bunch of sh**t. Anyone could have played that part. I just feel that the media and the film makers, if they had a part in it, used the movie to cover up Heath's problems which in return made this movie out to be something so crazy when really it wasn't. I bought the movie and now I wish I wouldn't have. The true fans of the original Batman and Joker I think would have to agree that the movie was OK but that's all it was. Just OK.",4
The Dark Knight,Dark Knight surpasses any cliche or limitation of its genre thanks to Nolan masterful direction.,4
The Dark Knight,"There is no way that this movie should be the number one on IMDb's list it is in no way just to this site. Although it was an enjoyable film that did keep me entertained i could not get over the way people were talking about this movie.

The number one thing that bothered me about this movie is editing there was no need for many little scenes in this movie which is why the movie ran a bit long for my taste.

The other issue that bothered me was TWO FACE???? He looked so ridiculous that i could not take him seriously. They should have made his other half looked like it had been burned (which is not what they did in my opinion). People cant just walk around without skin on, this was a big distraction for me and could have easily been dealt with if someone had the balls to talk to Nolan he is only human and therefore can make mistakes.

All in all a good movie but please take it off the number one movie on the list.",4
The Dark Knight,"Are you people smoking crack? This was just another lame guy flick at best. It has no business being in the top 100 films of all time. No pity party for Heath Ledger....seriously. Wake up America.

Are you people smoking crack? This was just another lame guy flick at best. It has no business being in the top 100 films of all time. No pity party for Heath Ledger....seriously. Wake up America.

Are you people smoking crack? This was just another lame guy flick at best. It has no business being in the top 100 films of all time. No pity party for Heath Ledger....seriously. Wake up America.

Are you people smoking crack? This was just another lame guy flick at best. It has no business being in the top 100 films of all time. No pity party for Heath Ledger....seriously. Wake up America.",4
The Dark Knight,"This movie in my opinion was kinda all over the place, and quite hard to follow. the way its directed makes the movie more boring than exciting, however the scenes that are action packed are amazing. the movie was too long for me and i lost my attention for it. I'm not the biggest fan of ""superhero"" movies, i feel that they could have done way more things with the budget of the film. The part that's good is Christian bale is a good batman and heath ledger made a killer joker. if you're a die hard batman fan, this is a must watch. Maggie Gyenhall is quite annoying, i feel like her character was irrelevant and did not contribute to the movie plot as much as she could have.",4
