title,comment,rating
The Green Mile,"The movie starts in a very slow pace and takes a good lot of time in building and defining characters. Performances are great. But its the plot that fails to deliver. Movie ends in a void and leaves you unsatisfied. You wont be able to derive any conclusion or a point when it ends.

Few questions that i feel shall be answered were:

1. Percy introducing John as ""Dead man Walking!"" 2. What was point of light bursting every time John took someone's pain.

3. Everybody in movie suffered their Karma. Then why did John got executed if he didn't commit any crime and only helped everyone throughout his life.

4. If Paul got John's power passed on to him, why wasn't he shown healing people afterwards and use his power for people's good.

5. What did the writer wanted to emphasize on by making the mice and Paul immortal.

There's no solid plot in the movie. It feels like being inspired from some sort of fairy tale. After investing 3 hours into this film. When I reached the end, I felt cheated.",1
The Green Mile,"This is the worst thing I've ever seen. Tom Hanks looks like he is a prison guard, Michael Clarke Duncan is taller than me, the plot is dumb, Stephen King looks like a skeleton right now, the set design was terrible, the acting was the worst I've ever seen, and the quality is not 4K ultra HD. In fact, this thing was such terrible quality that my eyes literally got lit on fire and melted in their sockets before regrowing and getting stabbed with pens. This could have been a classic movie if they decided to cast Shaq instead of Mr. Duncan. If you've seen Kazam you know that Shaq is easily one of the best actors ever. Anyways, I don't need to explain anymore, the character minimum has been reached, and remember that you told me to do this darling. Sent with love, this idiot.",1
The Green Mile,"6'8 guy could easily beat up all of those guys at the start and why didn't he just take his own pain away when he died, just a dead film innit. Maybe if it was more realistic then I reckon it would be better.",1
The Green Mile,"The film was too long, dark, depressing, uninspiring, & overrated. The only thing that I liked was Tom Hanks. Coffey dieing is sad but I was not pouring down tears. I think that too much of the film was about the mouse, it felt like the whole first part of the film is about the mouse. I would have preferred the story being a friendship between Paul & Coffey, & when Paul found out that Coffey was innocent he should have done something about it. I would, even if I lost everything my job, my friends, my reputation, you have a duty to save that man's life. I think they should have not done the supernatural thing it's just unbelievable. It should have had a happy ending.",1
The Green Mile,I think I'd rather walk the green mile than watch it again. Terrible.,1
The Green Mile,"Pretty sure I lost some brain cells.Pathetic first hour with the main charecter making weird faces,predictable. btw why does michael keep on sweating the whole film?",1
The Green Mile,"The film did not live up to expectations. The plot is absurd, it does not touch because of its implausibility, and tons of sentimental moments (the same severe male tears every minute) do not save in any way - there is too much with them.

It immediately catches the eye: the characters are either 'Good' or 'Bad'. Tom Hanks plays a typical Good Guy, his antagonist in the story, Percy, - well, just a Notorious Bastard, a real evil who was not even given a chance to improve, but simply - in a very Christian way - 'punished'. And who is the perpetrator? If you close your eyes to the impressive color and size of the character, this is just an imbecile, a creature that did not show its personality in any way (does it have one?), except for the use of a 'gift', it is not clear why it was given.

What justifies such a fantastic insert - the healing of some random prisoner? What is the MEANING of the plot revolving around the imbecile? It's like Emelya caught a talking pike, and a superpower fell on a black man? But the pathos of history claims higher, universal human values. And what then are they expressed here? Where is the heroism here? The Negro was killed (well, they cried). Here again is the 'Emelya effect': the hero Tom Hanks is lucky to meet the 'magic Negro', lucky to get 'life' from him. So what? Where at least some inner work of the character?

And this is not to mention, for example, the strangest scene of the healing of a woman who immediately throws herself on the neck of a black man, who she allegedly dreamed of. Her hubby also somehow resigned himself to the fact that his colleagues decided to visit his bread house at night with guns and a prisoner - and almost silently watched.

In general, a somewhat delusional plot, sugary characters and school, strained arguments about good and evil.",1
The Green Mile,Satanic Voodoo is presented as good miracles. I find it offensive that what is obviously black magic is presented in a positive light. This is obviously demonic healing and obviously not a gift from God - it is a gift from the devil. It was sickening to watch.,1
The Green Mile,"I read the book-I love Shawshank when I saw it in the Theater (yes, I'm one of the 10 people who saw it.) This movie had promise.

I walked out-of the room where it was playing. A third of the way through I was really getting tired of them going over every point twice (in case I missed it). By the time the (unneeded) execution scene appeared I had enough. This scene was simply too graphic and tasteless, was not needed for any plot or character development and reinforced every idea that had been covered in the prior 'practice' scene.

Before you think I'm a prude -I've also seen Henry and Natural Born Killers without any problems.",1
The Green Mile,"Over the top in every way imaginable. The whole movie seems to be filmed in someone's basement made to look like a prison. The scenery is dark and dreary. The villain is a diminutive sweaty little clansman-like guy who's behavior is frowned upon yet strangely tolerated by his superiors and peers. The black guy on death row possesses supernatural abilities transcending this horrible film into the sci-fi genre. Yet don't look for cleverness, technology, or fantasy because it lacks all three. For some reason, this movie is highly acclaimed both critically and publicly. For the life of me I can't figure out why. I guess perhaps for the same reasons people went crazy over such stupidity such as Forrest Gump, Armageddon, and Independence Day. I also can't explain why the masses think dogs like Jenna Jamison and Nicole Richie are good looking. I guess I'm just weird like that. Perhaps it's because when something is marketed aggressively, the sheeple respond positively to it.",1
The Green Mile,"A short time before seeing this film, I had seen ""La Vita È Bella"". Naturally I compared these two films. I can't say that they are similar, but I found terms to compare them. I need to state that I loved ""La Vita È Bella"" and hated ""The Green Mile"". The first film teaches us to enjoy all the little pleasures of life, to try to always find the positive part of ones life (even if we are locked in a concentration camp). It is a difficult idea to accomplish but if we have that in mind we will probably have a much happier life. The second film ""alerts"" us to the awfulness of life, all it's tortures and injustices... It makes us really feel sick about ourselves and, for instances, you can only wish to die and be freed of this terrible life. If life is so painful and hard, the only thing you can do to make it better is to try to live it the best way possible, loving every moment of its short duration! We can't spoil life by feeling miserable every instant, that would be a waist of time and nothing would ever change. The negative message I found on this film made me dislike it and be thankful for other films which still make us view life the best way there is!",1
The Green Mile,"This movie is so pompous and cheesy, that i can't believe it's in the top 250. Although i'm only 30 years old, i'm wondering a lot about the general filmtaste nowadays. There was a time in cinema, i'd say from circa 1945 to 1975 when movies from all over the world had a chance to be seen in the main cinemas. But when the Blockbuster thing started at the end of the 70's and since then the only purpose of Hollywood is to promote a 200 or 300 Mio. movie so intensive that everybody believes this must be the peak of inventive cinema today, since then it is really hard for true filmmakers to get only a little space on the market. I'm not saying that all the Blockbusters are crap, but mostly it's just overblown action nonsense. Hollywood today is not a place for creative film-making, because the producers must be sure to get at least the amount of money back they are investing on it. But how can there be art, when money plays the central role???? And is it necessary that a film costs 200 or 300 Mio. dollars although there is definitely no need for that for making a brilliant and innovative film. For example ""one flew over the cuckoo's nest 1975"" = 4.4 mio. There are loads of movies the costs were uner 100000 dollars, but even then many of these films are uknownn masterpieces!",1
The Green Mile,i m a great lover of film ..but this time a just want to say u i don't like this movie at all.it is very slow.acting is good but story having no content .. why this movie come in 100 of IMDb.?some movies make u nuts..some time i think why matrix comes in top 100 of IMDb ?it is bore.it is weak.it is lengthy.no acting.it is awful movie.i have seen many movies in my life but never see such kind of ..i m really getting fart in my head right now.how can a director make a .. like this .no contain.it is weak don't try to see it.i m writing this review because i wanna save everyone to watch this movie.bed acting .bed story .how can a person like this kind of movie n how can a movie come so popular.it is a movie of bad direction .,1
The Green Mile,"This movie is like honey, if you mix it with something it tastes good, but alone it's too sweet and sticky. This movie is in every way too much. It may not be the worst acted, directed shot or written movie, but somehow it doesn't make any difference. Don't watch this movie it is unmixed.",1
The Green Mile,"Shawshank redemption is my the favorite movie so far and i have watched it over and over several times. But you can only do that so much. So when i found out that another Stephen King novel about prison has a movie made by the same director you can imagine how keen i must have been to watch it. So, i lie down to watch it. And boy the moment those things came out of Coffey's mouth this movie was set to either surpass everything or just suck. And it sucked.

For one thing, just look how not bewildered everyone is by what JC is doing. That one time when he is resurrecting the mouse Brutus doesn't even bother to show any amazement. I mean, come on supernatural stuff is happening, show some acknowledgment of it, at all.

I don't easily hate movies. And i wouldn't have hated it this much had it come from not a King novel and from not shawshank's director. I was terribly disappointed and i am furious with that.

Also, Sam Rockwell's performance is quite underrated here and as an actor too he is often underrated. Other than Tom Hanks he was the only thing that made me able to sit through the movie.",1
The Green Mile,"a) this is a spoiler b) read it also if you liked the movie and ask yourself if its transporting the right human image and the right political image c) sorry for my bad english, my words probably won´t be able to transport the things i want to say in the way i want them to be understood

this movie transports the worst political opinion and the most disgusting cynical picture of human that I´ve ever seen in cinema.

This is not a movie, this is brainless pro-death-penalty-propaganda for sentimental ex-ku-klux-klan members, although it´s made veryveryvery (very) good, the story is told in a brillant way. this movie is definetly dangerous for people who do not have brains (anyone who voted more than 3 points), because it manipulates in a very sentimental way.

when you watch this movie, you can say afterwards: ""oh man, i´ve been so sad when they´ve toasted the negroe"" and you can feel as if you are a very good-minded person.

you have to see that tom hanks plays a friendly but cowardly ""angel of death"", who only does what the law tells him to do. he´s the ideal brainless executioner, he could also play a nazi who´s poisoning some jews in a concentration camp, just because adolf told him to do it. also the very very silly played negroe says: ""hey man, toast me, i do not want to live forever! it´s okay when i´m getting barbequed also if i´m not guilty at all and you know it and although i´m a gift from heaven"". and: the negroe himself says, that it´s good to kill someone who´s ""really bad"" and then the ""stupid nigger"" (sorry, but that´s the way blacks are discribed in this ""movie"") cries, because the world is so bad...this is so brainless simpleminded and stupid!

once more: this movie is made really really good. if you like good ""handcraft"" and are interested how it comes, that so many people did rate this ""movie from naziheaven"" with a 8, 9 or 10 (!!!!! what kind of freaks are you ????), then watch it and think about propaganda and leni riefenstahls ""triumph des willens"" (that´s doing the same thing in a completely different way) and maybe ""pearl harbour"" and that this film and tom hanks really suck! and that propaganda really sucks and that it sucks that it´s allowed in america to grill another human.

if i could give less than 1 point, i´d give this movie a -10",1
The Green Mile,"Steven King's recent novel The Green Mile left me spellbound. It seems that he has been stuck in a penitentiary theme ever since the popularity of the motion picture adaption of his award winning novel The Shawshank Redemption, but The Green Mile is another great novel from Steven King. I had the (neither good nor bad) fortune of seeing the screen adaption of The Green Mile this past weekend, and it was the worst movie I have seen in a long while. Just when I thought Hollywood was beginning to produce more and more immaculate movies, something like this comes along. The screenwriter/director and his entire extended family should hand their heads in shame. Almost a mystical and angelic action in the book, John Coffey's expelling of foreign disease from his own body was nothing more than a random person blowing out what looked like bugs.",1
The Green Mile,I can't believe how many people actually like this film. It is super long and boring. I really like Michael Clark Duncan in this but I can't really say too much about his character in the movie because otherwise I would have to click off the spoiler button. But let us just say that he is a very special person with a very good heart. Other than that I did not like any of the characters and did not really care what happened to them. I don't see why so many people go gaga for Tom Hanks. It's not like he was bad in this movie but he is nothing special. The other actors I mostly did not like at all. The cruel guard was just an idiot and I did not believe for one minute the other people around him would not have seen him for the psycho he was. How could he have ever gotten this job in the first place? I kind of predicted what would happen in the movie and was pretty much just bored after.,1
The Green Mile,"The ""Shawshank Redemption"" was a great movie and I rated that movie a ""10"".

I would rate this movie a zero if that were listed on the scale here.

The actor who played ""John Coffey"" gave a riveting performance.

I've always admired Tom Hanks in every role; but, this part should have been declined by him.

The whole movie made no sense to me and was just rated by me as somewhere ""out in the wild blue yonder"" or simply ""too far-fetched"".

I've never liked almost all of ""Stephen King's books such as the ""Shining"" and ""Children of the Corn"" and so many others including the ""Buick"" automobile that came to life.

The ""Shawshank Redemption"" was simply based on a short story by King and I am certain that if the story had been a novel; Stephen King would have ruined the whole thing.

After watching this movie, I was reminded of the ""Creature from the Black Lagoon"" with the 3-D glasses of the 1950s genre.

Much talent of gifted actors was wasted with this movie.",1
The Green Mile,A stupid film about some big guy - good as Christ himself - who in spite of all his power can not and will not be saved from the electric chair. Is this movie about the necessity of the death penalty?! May we reach forgiveness through executing people?,1
The Green Mile,"I usually post reviews of films that I happen to be completely mesmerised by or those which I think could have been worthy of 10 out 10 stars if not for this or that flaw (and for the latter ones the sole purpose of the review itself is to point out the flaws), but this one has compelled me to write out a review just for how bad it is! 'Django Unchained' (2012) was a film that almost made me compose a review for the same reason but that at least had the charm of Dr. Schultz's role and the unique concept of bounty-hunting.

This film however is so bad that I didn't even want to give it one single star but I had to in order to register my protest on the IMDb. Still, if I have had to justify that one star I would it split into halves for the performance by Tom Hanks and for that brilliant joke by by one of the guards of carrying a mouse in his wallet.

It might have made sense as a novel, so no disrespect to that, but as a film it did not. What really was the purpose of the film? To show an innocent being punished? A miracle man? Ill-treatment of blacks? Or worse, the tricks a mouse can perform, or the suffering caused by a bladder infection? Any or all of it doesn't mean that you should end up making such an amazingly boring film. John Coffey 's tears and show of innocence made me feel like punching the screen. He was annoying!

The worst being, they make a three-hour long film, bore you to death, and yet still leave so many questions unanswered: how exactly was John trapped into being accused of raping and murdering those girls? It hasn't been shown, not even when he makes Paul 'feel' his pain by holding his hand - the only thing shown in that scene is how Wild Bill rapes and kills them. So it is left as a John's claim. And, for exactly what was Bill in for? What was his offence?

Another strange scene being, Melinda welcomes John in her room by hurling abuses and asking him not to even come close to her, and yet after she is cured she suddenly relates a dream to John in which she saw both of them!

The first half hour gathers your interest and then you wait on and on for that thing to arrive which makes it earn 8.5 stars over here, but it never does! Arrrgghhhhh, a bad film all around!",1
The Green Mile,"why not tell the story in 90 minutes ? HUH!!!!! well????!!!!

movies should only last long if they can entertain............this film is one of the most boring films i have ever seen in my live !!!

a 1 for this one",1
The Green Mile,"I think that three hours is too much for EVERY movie. If you add that The Green Mile is trivial, bad played and worse directed, with a teenage plot... Did criticians really have seen the same film that I saw yesterday? Maybe not! Maybe the production made a reserved projection for newspapers with a good movie and another one for public. I can't imagine another explication of this mistery: why do papers say well of this bad movie?",1
The Green Mile,"This was a lazy movie and overly-long for the sake of keeping Hanks' Oscar streak alive (which thankfully did not happen it). To submit it in time they skipped editing, and it shows. It is really sad when movies portray the simple act of not being a bigot as heroic. I guess for the period perhaps that was true, but it just adds to the lazy stereotypes in the movie. Percy is particularly laughable, over-reaching to be the arch-villain of the movie. Sad filmmaking lauded due to the cash, director, and its ambitions, but it is undeserving.",1
The Green Mile,"It wasn't that good, I give it a C+. It was just your average lets try and get an Oscar quick movie. If it didn't have Tom Hanks most people wouldn't like it either. Much to ordinary, way to long, and way way way to boring. Even though I love Stephen King this movie is among his worse movie adaptions.",1
The Green Mile,"The movie's acting was great, yet the film unfolded very very slow to such a simple script. Not was I was expecting. The Shawshank Redemption has more plot development than The Green Mile. Surely an OVERRATED film! My grade~( B )",1
The Green Mile,"Dull, corny, sappy, predictable .... Where have you ever seen such lovely death row inmates before! Don't kill him - he's just a mass murderer and he has a pet mouse! Hah! And what's with all the urine in this film ... some kind of weird fixation going on.",1
The Green Mile,"I loved Shawshank Redemption and liked The Green Mile, the book. My expectations for this movie were very high and unfortunately, Frank Darabont and his ensemble cast did not deliver. The movie was boring, without suspense and left me emotionally cold. There was no point in the movie where I could forget that I was watching actors act a role. Tom Hanks is the biggest disappointment in an altogether forgettable movie.",1
The Green Mile,"When I would like to watch a film it must contain logic and coherence as well as good direction and acting. A good story would help as well.

The problem I have with the green mile is what is it about? I dont know at all. Whats the deal with the mouse and the bad characters as well, and the three hours? Why?

This film lacks in a million ways and I find a lot of user views quite laughable when there are many other great films available out there, the green mile is a very bad film which barely spreads any emotion at all unless you enjoy watching people on death row and extremely vile and horrible bad guys that are throughly unbelievable. In ending I wouldn't recommend this film to anyone at all. It is way too long and I feel if it was two hours long it would have been watchable and enjoyable. The film has no real story either ( is it about a mouse, an inmate, a prison officer, death row - can you really relate to such a film that has no cohesion). I feel people got carried away by the mouse really - other than that rent out something worth watching instead. Comparing this to the shawshank redemption is ludicrous as well.",1
The Green Mile,"if you like filmmaking then dont see this ""movie."" this movie has created an entirely new category in the movie world, aptly named: ""porno sympathy."" it is like a dirty old man on the street who opens his coat to show you what he's made of. this movie hides nothing, showing you how very sympathetic a movie can be.

there is no challenge to it. the ending is inevitable from the start. at this point one could at least hope for good characterization, seeing that the movie is 3 hrs long. but i felt as if i knew the motivations of no one character any better at the end. if you are questioning your faith then this movie wont help you. if you have no faith then this movie wont help you. if you are blissfully excited by your faith then you dont need a movie to help you.

but alas, no movie is all bad. kudos to michael duncan clark but the rest of the cast are playing worn characters, esp tom hanks, with a very worn southern accent to boot.",1
The Green Mile,"Green Mile is just plain awful, one of the worst movies I´ve ever seen. Clichè, shallow, boring, pointless, overlong. If you got 2 or 3 working braincells left, do not watch this movie.

If you want a movie about people on death row, watch the documentary The Thin Blue Line, Dead Man Walking or Dancer in the Dark. If you want a Steven King Movie, watch Shawshank Redemtion. But do yourself a favour and avoid Green Mile.

1/10. No, this is not to lower the overall score, it`s really that bad.",1
The Green Mile,"oh my God..the worst piece of infantile garbage I ever sat through...considering the expectations I had, I was just so let down...there are so many prison movies better than this (and NO, Shawshank, while a great movie, is not even the best)...the emotions manipulated by this film left me cold, a little nauseated, and I would have shut the movie off about 2/3 of the way through had I not been asked to watch this film by a few friends...I think Tom Hanks is one of the most overused actors (next to Harrison Ford) ever...I am probably one of the very few viewers out there who has despised anything associated with Stephen King....NEVER overestimate the intelligence of the American public....",1
The Green Mile,"awful, nonsense and stupid, for God sake ! I don't care if Tom Hanks is in the cast. He's a great actor....

but this movie is terrible. Evil guards and Heroic criminals... Yeah ! We're the bad people. Arrest us and set them free ! Look dear director, take a ride in a holiday in some south American jail to know something about executions and criminal people. Okay, Michael Clark has a good role and Hanks, too. They're excellent actors. But all in all the history lacks the credibility by using criminals taking a pee on one of the guards and spiting in the guard's face after...while the guard stay talking to him and choose to punishing him using water !!!...Come'on it's just one of the stupid chapters of this movie !",1
The Green Mile,"Painfully long and drawn-out movie which comes across like an ""after-school special"" for grown-ups. I was irritated by its transparent heavy-handedness and attempts at audience manipulation. The acting is quite good at all levels, but not good enough to make up for a story which carries on for three dreadful hours of ugliness. No redeeming (or entertainment) value here at all. A MUCH better movie set in the same time period is the Coen's ""Brother, Where Art Thou?""",1
The Green Mile,"Think the movie was far too long for something so predictable. And please, that mouse! I think there was, however some good acting, but that was only Cromwell. He has real emotion dealing with his wife's illness. He deserves more notice than he's been getting, basically all the notice that Hanks is getting for a performance that was a little too flat and trite. There were times I swear he looked like he thought he had made a mistake taking on the role.",1
The Green Mile,"Contrary to what most people seem to think, I think this is one of the worst films ever. This is the worse kind of Hollywood trash (posing as a ""serious"" and ""deep"" movie), portraying only stereotypical images of good and evil. In this film the good people are GOOD and the bad people are so bad they deserve to be punished (preferably by death). I would go as far as to proclaim this as the ultimate pro-death penalty propaganda.",1
The Green Mile,"This movie takes the cake for 1999. The Phantom Menace was highly overrated... but not as much as this stale movie that is only average at best. With little surpises, a bland story, and pointless tacked-on fillers at the beginning and the end, it would surprise me if anyone would want to see this movie twice. Not nearly as good as Shawshank. Almost all of the jokes fall flat, which becomes embarrasing to watch... Darabont didn't spend a lot of time on this script, by his own admission even. From Shawshank, I was expecting some stirring music and cinematography in The Green Mile. Neither were present. In fact, the cinematography was so bad it almost gave me a headache. I felt like I was watching a B movie, with all the non-stop close-ups, occuring at a methodic static pace. Would you watch this movie again? If not, how can you say it is the best movie of 1999? It hasn't made any top ten lists of critics, from what I've seen... I really hope this doesn't win the Best Picture Oscar, but it is gauranteed to get nominated, simply because it has been marketed so well.",1
The Green Mile,"If you go to see ""The Green Mile,"" be prepared to laugh. A lot. And not because the film's intention is for the audience to laugh--it's just that bad. It has all the outward appearances of a very moving, emotionally charged film that will make you leave the theater saying ""Wow."" (The subject concerns Death Row inmates, Tom Hanks stars, and the director is of ""The Shawshank Redemption"" fame). But I just left the theater laughing, because the movie had become so predictable in its plot and dialogue that the woman behind me had begun to recite the lines along with the characters. (And the sad thing about THAT is that I saw it on opening night).

But its predictability is not even remotely one of ""The Green Mile""'s major problems, and those are an overly corny, hokey story and script that are nearly impossible to buy (especially those particles that fly out of John Cofee's mouth whenever he performs a miracle--what is THAT?), acting ranging from mediocre to downright bad (no wonder John Cofee was given so few lines), and a complete inconsistency in tone. A movie about Death Row inmates should NOT cut from a scene of a man being executed (of which this movie shows about three) to a scene of the guards cooing over a cute little mouse (which appeared in the movie so much that the damn thing should've been named after the mouse). The execution scenes are of such a brutal nature that directly juxtaposing them with light-hearted prison follies completely degrades the seriousness of execution and is outright jolting for the audience.

""The Green Mile"" left a bad taste in my mouth from its opening moments which never really left. Once I began to get a feel for how limited it was in hitting the real issue of the film, however, I was able to view it as one of those happy ""drama-turned-comedy"" accidents. I can only say that any recognition for ""The Green Mile"" for any more than it actually is--a piece of cheese that never deserved to see cinematic daylight--is a not-so-happy accident indeed.",1
The Green Mile,"I hate this over-hyped movie. It tries to make you believe it's a heartfelt, honest, gritty tale about a case of a poor old wrong place, wrong time man who is wrongly sent to death row. In the end, he is okay with dying a death he doesn't have to because that's what will make the audience cry. This is a great movie if you like watching Tom Hanks trying to urinate with a tract infection, Stereotyping black people as being dumb, and male to male crotch grabbing. I can't stand the content in this film. I find nothing redeeming about it. This movie is trash. I also can't stand that IMDb forces you to write ten sentences about a movie. I have nothing left to say about this piece of sh**. You'll really enjoy it if you are into sappy, nonsense garbage, that solves nothing in the end and only exists to try to make you feel sorry for some stupid character who won't help himself. Yes, that and the aforementioned. Garbage.",1
The Green Mile,"I just can believe this movie is a Best Film Nominee! How? A way too long story that actually supports death penalty and racism, in which the best actor is a mouse and the whole story is sustained on a ridiculous chain of miracles, failing to depict any of the sordid ambience of what the death row probably is in real life. Tom Hanks as himself (again), a mouse-induced 3 hours long flashback that serves no purpose within the film... All in all, the movie seemed to me like a 6 hour torture session. I was told later that the duration was just over 3 hours. My recommendation: avoid it.",1
The Green Mile,"Made with little subtlety, grace, or wit, suffers from the same disease as Shawshank in seeking profundity in every vignette. Whereas I could overlook some of the preposterous and contrived situations in Shawshank and just enjoy the movie, the Green Mile just seemed contrived except for a few scenes and characters. Of course it has redeeming qualities about it, namely Duncan's performance and the gripping execution scenes.

I like Shawshank alot despite its flaws, however The Green Mile is just plain mediocre, not one I would ever want to sit through again. It could have been a decent 90 minute movie. The far too long and frequent mouse vignettes detracted and cost the movie momentum, there is no need to show a guy pee 10 times in the movie, we understand that it hurts when he pees, enough already!. The evil prison guard was just far too simple and one-dimensional a character to the point of absurdity which eliminates the impact of his comeupance at the end, contrast this with the very satisfying end to Shawshank's prison warden (a far more interesting, faceted, and believable character). The end was diluted as well, I think the movie went a scene too far at the end into some fuzzy preaching, as a viewer it really wasn't necessary, the impact of Duncan's end on the Hanks character and the viewer is strong and moving and the movie should have ended there instead of having a scene to explain to the audience (as if to a slow fifth-grader) the truth of the moment.",1
The Green Mile,"I can't believe that an actor with the credentials Tom Hanks would star in this film. It was so slow, my family & I were praying for it to end. The plot didn't go anywhere, and the ending was so weak I threw my hands in the air and just asked, ""why?"" How could they drag the movie out that long for such a stock plot and predictable ending? And the execution scenes seemed to be there for shock value only, and were quite gruesome and gratuitous.

I like Tom Hanks, but I refuse to like a movie he stars in simply for reason that he is in it. There has to be a plot, and The Green Mile came up short. I do not recommend this movie to anyone, in fact I rate it as one of the worst (and overrated) big budget films of 1999 (and probably this decade).",1
The Green Mile,"This movie very subtly hides it's ideology: sadism is not okay, but death penalty and the system that supports it are okay. Criminals are criminals, the death penalty is shown as the most natural consequence on earth. Like fate. Eye for an eye. The criminals are shown as kids. It's a perverted sitcom situation in a death row, with Tom Hanks as the father figure. Disgusting. And there's racism, too: John Coffee is Uncle Tom, has the mind of a 3 years old. A white man must reflect what's happening with Coffee, a white must command him.

The ""spiritual"" events are only superficial. They distract from the basic questions this movie cowardly avoids. About crime, punishment, remorse, duty. And why a Christian society thinks that it is okay to kill criminals.

Highly overrated and self-important movie",1
The Green Mile,"I believe I am alone in my dislike of this movie. In fairness, the acting and cinematography are excellent. That said, the story and directing of the characters was extremely problematic for me.

Here we have this man who has an incredible gift to heal others and the audience looks on in amazement as he performs miracles but at no time do the characters on screen seem freaked out, excited, or exhibit any emotion other than ""Hey lookey what he can do. Let's get him to cure my wife."" That ruins the whole picture for me because it was no longer believable. If I witnessed such visually stunning miracles(stuff coming from the mouth etc.) I would be telling everyone I knew, calling scientists, papers, etc.

The other characters also didn't seem too hurt that they were going to execute an innocent man. Unbelievable! Especially an innocent man with extraordinary powers. In the real world many fight to keep real killers on death row alive and spare their lives but nobody fights for this man. Hogwash!",1
The Green Mile,"Hard to believe that so many people seem to believe that this cheesy movie is a masterpiece or even the best film they've ever seen. I borrowed the DVD recently and I seriously can't remember having seen a worse picture from beginning to end in quite some time. Everything about it is phony, predictable, stereotyped and contrived.A corny pseudo-moral tale that can be embraced by everyone who enjoys being manipulated in the crudest way. To go into details about all the flaws this movie has to offer is not worth the time, I already wasted more than three hours watching it. If you like to entertain yourself with a film worth watching, pick up something else.",1
The Green Mile,"This is the worst film i've seen all year, in fact I thought it was aimed at children. How anyone can call this a piece of uplifting cinema is beyond me. Okay, Tom Hanks gives a pretty good performance for a one-dimensional do-gooder, but the rest of the film is pantomime of the cheesiest kind, Puss-in-Boots at my local theatre was less predictable. The characters are cliched stereotypes bar none. We have good kindly guy, comedy good guy, insane bad guy, nice but dim black guy (particularly offensive for this millennium) which leads us to a tedious sermon on good v evil of the most simplistic sort . The director is clearly living off his reputation, having directed the excellent 'SHAWSHANK REDEMPTION' and poor old Stephen King must be turning in his bed (hopefully he's recovered now). The best thing about the film is Mr Jangles the comedy reincarnating mouse who makes a glorious reappearance in the final reel with slightly longer fur. The death of Mr Jangles earlier on in the proceedings probably arouses more sympathy from sentimental American audiences than the sight of nasty prisoners frying in 'Old Sparky'. Please go and watch 'Midnight Express' instead for a slightly more realistic representation of prison life. Risible.",1
The Green Mile,"I went into this movie expecting a gritty drama or something about conflict of morals in a prison guard on death row. And this was reaffirmed by the fact that the director also directed Shawshank Redemption. What I got was a Stephen King-esq novel movie overflowing with lame symbolism and un-explained superpowers. In fact I know the exact point the movie turned for the worse. The first time John Coffey used his ""magic healing"" powers, I realized how lame this movie could be. Although I should have realized the clishe trip i was going to take when the movie opened with a flashback. This movie included most every dramatic clishe it could, including: old guy flashback, good natured guy (tom hanks) in a horrible place (the prison), and finally a christ story. But then what did you expect from Stephen King, an original story? This movie was a far cry quality wise from the excelent Shawshank Redemption, and shows that while Stephen King CAN write well a lot of times he DOES NOT. This movie was by far the worst of the christmas 99 releases. Save your money folks.",1
The Green Mile,"I really wanted to like this film, I really tried to. But in the end I heavily regretted having seen it and personally I think of ""The Green Mile"" as the first appalling film of this year. This saddens me the more as the director of that film is Frank Darabont who brought us the wonderful ""Shawshank Redemption"". The parallels to his debut from 1994 are obvious: a prison story full of optimism(a friendship between the two main protagonists (one black, one white)) written by the same author (King) and again overlength (this time you've even got a running time of 3 hours+).I would argue that already the story itself is problematic in its conception: the characterisation is implausible. The prisoners (with the exception of one) are all portrayed as good natured men who obviously could do no harm to other people. It makes the fact that they've been sentenced to death for heinous crimes the more unlikely. For a grim and dark place like a prison the green mile is a unusual harmonistic place.This depiction of a prison and the characters is not just naive and almost laughable, it also reminded me of how more realistic and appropriate in such terms ""Shawshank Redemption"" was. People could say that the film generally is not very realistic since John Coffey has supernatural powers but I honestly think that capital punishment is a too serious subject to treat it as an element of a fairy tale. Moreover the film never questions the death penalty, the message rather seems to be that death row is a necessity. Again I was reminded of an another film, Tim Robbins' ""Dead Man Walking"", arguably one of the best and most important american films of the last decade(if you want to see an appropriate and artistic convincing account of the death row, then you're in for a treat).There's basically nothing to say against an optimistic approach when you're talking about such a sad, disturbing and important issue, but what made me really upset about ""The Green Mile"" is the unbearable extent of sentimentality and naivety in the film. Sure, ""Shawshank Redemption"" was emotional, too; but there it felt right, there Darabont managed to find the right tone - here it is just pure kitsch. When Coffey says towards the end something along the lines that people shouldn't treat each other badly and that he wants a peaceful world, I almost started to giggle. Moreover the contrast between the harmonistic, light- hearted scenes with the mouse and the execution scenes doesn't work at all, it destroys the film. Moreover these three scenes (particularly Percys revenge on Delacroix) are not just

disgusting(and believe me, I can really bear a lot),they perfectly fit into this unpleasant mixture of feel good- mentality and pathos. There were good performances in the film (Doug Hutchinson, the ""Polaroid Man"" from Chris Carters ""Millennium"", Michael Duncan Clarke, who made the best out of his cliche role), but in the end I didn't care about the one or two good things I could say about this film. And Tom Hanks? Well, Hanks should really try something new-he's played the clean, good-natured guy so often, that it starts to get on my nerves and not just on mine.I just can't put into words, how much better, how superior ""Shawshank"" was than ""The Green Mile"". The difference is not just striking, it really hurts. When I was watching ""The Green Mile"" I heard people in the audience crying - I was tempted too, but not because I was moved, no, in my case it would have been out of sheer disgust. What a missed opportunity...",1
The Green Mile,"This must have been the worst movie I have seen in a long time! As I sat in the movie theater watching the people around me starting to sob I really wondered if everybody had gone insane. First of all, I really didn't like how this movie dealt with the topic capital punishment. I hardly doubt the atmosphere in a death tract depicted in ""The Green Mile"" is anything like that in real life. Guards and inmates are buddies? (Except for the one BAD guard and the one BAD inmate, of course!) They're cracking jokes and having fun with a little mouse? Oh please! I had a feeling this movie was bad when it started in that nursing home with that sentimental looking old guy but when John started to cough up that what-ever-it-was-horrible-computer-animation-stuff I knew it was just terrible. The movie is overly sentimental, has a horrible constructed plot (sure, the real killer just happens to be in the cell across to Johns) and lacks any creativity and imagination. I read somewhere that Michael Duncan did a great job in this movie. But frankly all he did was cry and sweat and supporting the horrible stereo type of infantile, good, maybe innocently wise but not very clever blacks.",1
The Green Mile,"Nice packaging, but too much of it. Typical Stephen King story, well-told but not much weight. Full of stereotypes and predictable good guy/bad guy stuff. I loved Tom Hanks in ""Philadelphia"" -- that was a challenging role and he performed it magnificently, with depth of character, pathos but no sentimentality. Ever since, though, he's taken on one interchangeable role after another. Enough, already. The sad thing is that I truly CAN believe that almost 50% of the IMDB voters so far rate this very average and over-long film as a ""10"". Excellence apparently is a function of the volume of tears they make you shed. I say, ""make you"", because I think this film fully intends to manipulate emotions -- the emotions of white, comfortable, middle class Americans who enjoy cheering for the oppressed, simple but pure of heart big black man who is abused by Southern crackers. Aren't we glad we're not like that? Yet again, a black man gets to be a parody, not a person. We white folks don't have to be afraid just because he's big and black, see, 'cause he's really a Jesus figure (""J. C."", his initials). What a relief. Still wouldn't want him living next door, though, would we? All in all, good actors playing two dimensional roles. In the real world, as Kosovo and Northern Ireland and Rwanda show, we're all just a hair-trigger away from being cruel. Let's have more films that recognize that there are few good guys and bad guys, just a whole lot of us doing the best we can and trying to do it right. That's too complicated for most Hollywood types, and doesn't usually make much money. ""Dead Man Walking"" was ten times the film that this one was, and even it wasn't a ""10"".

""Besieged"" and ""The Informer"" were so much better than ""The Green Mile"" that to mention Oscars without naming those films is ridiculous.

And that's all this middle-aged long-time and ardent lover of films has to say.",1
The Green Mile,"This is a cheesy, very long, and extremely boring movie based on a Stephen King book. Everything about this movie is predictable, dragged out and contrived beyond reason. Even the acting, which many seem to praise, is not close to anything resembling greatness.

They could have made this movie 20min long. That is all this story need. We did not need to have dragged out scenes, highly predictable events, and boring dialogue for over 3 hours...

This extremely overrated movie which is generally praised by pundits, can be used as a torturing device. Show this to terrorists on a loop and they will crack within a day.

There are some redeeming traits but not many, so I think my 2/10 score is pretty accurate. Stay far, far away from this unless you want to be bored out of your mind.",2
The Green Mile,A Movie you watch it for tom Hanks I am a fan of Tom Hanks but this movie is dumb dwelling 3 hours for no reason . I don't except the book will be this much dumb buy every movies which made based on Stephen king are always overrated that make you doubt are all those ratings and reviews are real or buyed by someone.,2
The Green Mile,Love this watch this over and over.it sad but good and it look how he can take whatever they have and make them better and how the rat did what did. I couldn't till u hale Mimi Times I have see it movie since I was a little girl.,2
The Green Mile,"To be honest, in my opinion this is one of the best films that have been made in many years. A film that has no time and will be relevant at all times. This is a very complex and dramatic movie, from which tears will well up completely regardless of you.

But even though the film is very heavy, I have reviewed it many times and I understand that I will watch it again and again.

A wonderful game of actors who fully revealed their heroes, while the film is on, you are completely immersed in the world that the director opened for you, and you empathize and do not like the heroes of this film. In itself, the theme of the picture is not new, the struggle between good and evil, but the presentation is very interesting.",2
The Green Mile,"I'm sorry, but I have to say that this is one of the most dissapointing Stephen King movies next to the original Shining. I believe myself to be one of Stephen King's best fans, and Mr. Darabont did not do as well a job on The Green Mile as he did on The Shawshank Redemption. He cut out the most important scene of the book - the last scene. The bus scene is one of the most heart-wrenching, just plain sad scenes I have ever read in a book, and if you don't cry after reading it, you have no heart. It gets the point of the entire story across to you and makes you feel as if there is no hope in the world. That's not the best feeling to have, but it was the path the book was taking all along. With the movie, I felt like I sat through it for 3 hours and went home with a Hollywood happy/sad ending. They didn't even kill Mr. Jingles!!! Don't watch this movie - read the book instead. There is no difference between salvation and damnation.",2
The Green Mile,Not at alll worth 8.6 rating. Nothing make sense and it is too long of a movie,2
The Green Mile,"I've gave it a 10/10 because tho I have seen the film many times, it still hits you hard when you watch it. It's stood the test of time, the casting was perfectly picked. My only slight disappointment is that we didn't get to see more of John. His life before, where he came from and why he was like he was but I understand why they did this. I don't think Hollywood has it anymore, the ability to wow an audience on a story rather than special effects. This film is and always will be a treasure. I can think of few films that can rival this in emotion and plot. If only we'd had a chance to see more.",2
The Green Mile,"After the Shawshank Redemption, I was eagerly looking forward to this collaboration between Frank Darabont and Stephen King. The Shawshank Redemption truly was a beautiful film, but I'm afraid this is a sentimental, corny mess. The characters are so 1-dimensional, the dialogue is woeful and the relationship between the guards and the prisoners is highly unbelievable. I can't believe any audience would allow their emotions to be manipulated in such a blatant, unsubtle manner. Horrible stuff.",2
The Green Mile,"A truly useless film, without any meaning. A great disappointment. I do not understand how it could have been so successful",2
The Green Mile,"THis film was so boring. I have nothing againt 3-hour movies ... as long as they're interesting. There was nothing the least bit interesting about this film.

Like most people, I absolutely loved ""The Shawshank Redemption,"" and I'm a big fan of Hanks, as well as David Morse (""St. Elsewhere"") and even Bonnie Hunt so I had high hopes for ""TGM.""

Unfortunately, it could not have been more boring and frankly, it boggles my mind that no major critic or imdb reviewer) seemed to agree w/me. See for yourself. If you are suffering from insomnia, this would be the perfect movie to rent.",2
The Green Mile,"Those who have seen 'The Shawshank Redemption' and liked it should remember director Darabont by that one. Because everything that worked for that movie, 'The Green Mile' is lacking. In this overlong and oversentimental story Darabont starts to think the world is devided in good guys and bad guys and once he has begun making his point, you don't want to listen anymore. This one didn't deserve all the nominations it got and you simply can't believe Darabont waited so long with his next movie and came up with this.",2
The Green Mile,"Doesn't anyone else remember the episode of Amazing Stories called ""Healer"" which starred Patrick Swayze? Stephen King must certainly have had this story of a death-row prisoner who can heal with his touch. It was a great half-hour, and there was a memorable shot of Swayze touching the hands of other inmates on his march to death row in order to ""heal"" them. That was a half-hour in 1986. Why does Stephen King take 6 novellas and Frank Darabont over three hours to tell the same story with less impact. Suckers who bought into the shameless ""Shawshank Redemption"" will no doubt place this film high on the top 250. Well kids, one thing it sure is not--original.",2
The Green Mile,"For anyone interested in seeing The Green Mile, I have a recommendation: stay home and watch The Shawshank Redemption for the umpteenth time.

Frank Darabont had simply amazed me with The Shawshank Redemption, and so I had high expectations from this film, which came from the same author, same director, same screenwriter, and an impressive cast. In fact, it left me nowhere near tears, except possibly those shed for spending three hours wading through excessive (and missed) sentiment.

Let me stress something. If you happened to like The Green Mile, I can understand...to an extent. In fact, if this film had been an hour and a half long, I would have left throwing Academy Awards at it. If such a film had been accomplished within a humane amount of film, I'd have been impressed. But accomplishing this little dramatically when dealing with such a difficult issue as the death penalty over such an immense amount of time is simply inexcusable.

There are some individual performances that stand out, particularly Michael Clarke Duncan and David Morse's. However, they are overshadowed by Tom Hanks playing Forrest Gump a second time (although a little brighter this time) and two altogether too evil to be believable villains (played by Doug Hutchison and Sam Rockwell).

I think this film had great potential after seeing it. Nonetheless, in its overzealous chase for Academy Awards, it ruined its own legitimacy and pounded the viewer with more and more attempts to suspend disbelief.

I, for one, am like a certain character in the movie. I'm more than willing to walk ""the green mile"" to end all the pain.

2 1/2 (out of 10)",2
The Green Mile,"When you become one of the most famous novelist alive in America today, somehow the people around you should be bold enough to tell you;

One: you wrote the best prison story of all time, Rita Hayworth and Shawshank Redemption, so why go back to the same arena to write of prisons again?

Two : the movie is not beliveable because of what happens in the first few minutes of the film, and where the film is set. In the South in the 1930's, a black man is seen holding two dead young white girls. He is found by a group of gun totting redneck yahoos. Duh boom boom boom boom boom end of movie.

Black men were lynched in the South up to the 1950's and maybe even the 60's for just looking at a white woman.

Someone should have told Stephen to write about lobstering or write a cookbook.",2
The Green Mile,"First of all, this movie fails like most Stephen King conversions to the big screen. Stephen King is a horrible writer, one of the worst of the 20th Century. His base characterizations are like poorly sketched comic book characters. The only thing that saves this movie are the actors supporting Tom Hanks (Sam Rockwell and Harry Dean Stanton to name two). Tom Hanks has a great money making face but his acting is pretty bland and sub-standard in most movies. The writing, however, is just stupid as most King ventures. Grown men get scared and pee their pants and the ironies that he is able to present are so obvious they are like being hit in the face with a building (very BIG black man is a sweet and harmless innocent). This movie was like going to an fine Italian restaurant and ordering a nice Farfalle with Creme Sauce and getting cockroaches in white paint. Yuk. 2 out of 10.",2
The Green Mile,"***SPOILERS*** ***SPOILERS*** I really don't understand how anyone with a critical sense can like such a film. I mean, I'm not a cynical person, but I truly can't stand 100%-righteous characters such as Coffey, Hedgecomb and all the other nice death row wardens. I'm not a 5-year-old kid and I can't watch The Green Mile without being sarcastic. How can any spectator accept the way this tall black guy is playing? And what did Frank Darabont expect spectators to react watching his so unfair and unhappy fate? Did he want us to burst into tears? Come on! The Shawshank Redemption was shot a few years ago by the same director. It was a prison movie like this one but it was a good one for it avoided too many melodramatic effects and because the characters played by Tim Robbins and Morgan Freeman were above all human characters. Those played by Tom Hanks and every other cast member aren't humans. They are nothing but all-American icons and I hate that. Besides the death penalty issue is the heart of the film. Does Darabont seriously tackle it? Never! In The Green Mile, being legally executed appears to be something which has to be taken for granted by every citizen, no matter if people die in some awful way (i.e. Eugène Delacroix, the guy with the lovely mouse), and no matter if an innocent guy sometimes gets toasted. At the end of the film, old Hedgecomb confesses that he couldn't stand executions anymore after Coffey died. So what did he decide to do? Did he organize public protests and demonstrations against this punishment? No! He just left the penitentiary and found another job. What a hero! What an activist! Sorry, everyone, but all this really sucks.",2
The Green Mile,"I don't understand why this movie is so highly rated. I suspect it's partly a christian-thing given the theme and all. Not being raised christian it doesn't connect with me. But regardless, the movie has several problems:

First, every scene is twice as long as it needs to be. Also include many formulaic scenes when I the moviegoer was supposed to go ""ooh ahh"" in wonderment, but instead I was so bored. This film could have been 1.5 hours long with no loss of content. Tom Hank's closing line is even something like ""the green mile can seem awfully long."" Oh the irony.

Second, the writers give the characters a handicap of being incapable of communicating -- JC rambles about ""helping people"" when he could simply say ""hey look I have special powers allow me to demonstrate."" If I were in charge of sentencing, I could see myself putting him on death row too -- it is so frustrating. The same frustration comes from the buildup to the scene with the warden's wife -- if Tom Hanks only lucidly told the warden what's up, they could've done the job in 5 minutes without any fuss. Instead, they were cryptic and turned it into a 45 minute production. What a waste of time.

Third, the philosophy of the movie just doesn't seem right. The prison guards all have super-cushy jobs. Compare to the characters in Saving Private Ryan. Which extreme commands more respect? I don't see building heroes out of prison guards. Similarly, the main character JC is wallows in self-pity. Rather than be so depressed about the evil in the world, he needs to swallow it and go out and do something with his life. Take valium if you have to. If you're in trouble with the US government, flee to Yemen.

These problems were on my mind every minute of the film. Most likely you won't be bothered by them, given the ratings. But to be safe, in case you watch The Green Mile and after 1/2 an hour you don't like it, turn it off you won't like the next 2 1/2 hours either.",2
The Green Mile,"Comparisons of The Green Mile and Shawshank Redemption will be inevitable: same author, same director, similar settings. But where Shawshank was an inspiring story of one man's believable struggle to keep hope and follow his dreams, Green Mile resorts to magic and sentimentalism to make a vague, sappy point.

Believe it or not, the ""point"" of this overlong artificiality is, simply put, some folk good and some folk bad. It tries to be a stirring parable of accepting people for who they are, not what they're supposed to be, but several factors water it down. The most glaring flaw is that the entire story hinges on a supernatural element. How are we supposed to draw insight into our own lives from a movie that so heavily relies on fantasy?

The characters themselves are two dimensional stereotypes. You've got your good and fair cop here, your bratty and abusive cop there, both watching over a weepy gentle giant and a mischievous hell-raiser. But there's never anything revealed about these characters' pasts, nor insight into their motivations. Throw in a subservient and acquiescent wife, a put-upon yet diplomatic warden, a hard-nosed trial lawyer and a lovable, feisty trusty for nice scenery and you've got the entire scope of this film. There is very little character development, either. The only evidence we have of any characters' development is the maudlin lines they say the same way they say them throughout the entire movie.

All of these glossy, plastic elements in a film with a subject as controversial and sobering as capital punishment borders on the appalling. The film as a whole feels detached from the real world, and when the explicit violence that occurs is perpetuated upon cartoons, the film itself becomes a cartoon, too. It rings hollow.",2
The Green Mile,"Never have I been this angry with a movie. Never, and except for 'The 51st State' this is by far the worst I've ever seen. Of course, you can't question or criticize the standard of this production - it's definitely an a-movie if you were to look at the amount of money put into it, but that's really not the point. It wouldn't be the first time a studio put a couple of millions too many into an easily sold, and too easily chewed, heart breaking story.

And yeah, the story is so hilarious, I'm not going to comment on it much further, but it contains ""the narrator"", ""the hero"", ""the one that brings the story forward"", ""the good"", ""the bad"", ""the funny"" and ""the unbeliever that becomes a believer"". Nothing new beneath the sun, only poorly executed re-runs of ideals belonging in the 19th century. When it finally reaches the not very surprising end, we are supposed to be crying our guts out. If we are, we have been had by the studio, falling for all the oldest tricks in the book.

'The Green Mile' is in short one of those films that are glowing in their very contempt and low thoughts of the viewer. Every clishé, and no artistic thought, has been put into it. It really is as if Darabont is mocking us with it. Doesn't he think more of us than an ignorant, easily entertained, and easily moved, mob? Is he kidding?

The only thing I can say that is at least a bit positive about 'The Green Mile' is Graham Greene. Had it not been for him, my 2 would have been a 1.",2
The Green Mile,"This movie was offensive to me. I felt (and I am sure people will be happy to disagree with me) that the black character in this film was trivialized and ultimately only served to further the white characters lives.

Just to illustrate, the character is not intelligent. He is overtly meant to symbolize Jesus Christ, but he is not smart. The white characters, with very few exceptions are not racist (in the South, in the 1930's!? and before you say anything, I live in CO now, but grew up in Mississippi). So you have this group of death row guards, who care about the prisoners, except one mean guard. You have this eight-foot-tall black man who is dumb and scared. However he can raise the dead. I realize this is supposed to be magical realism, but switch this to Germany in the 40's, make the black guy jewish, and the guards nazis, and nobody would buy it. Death row guards in the South were as racist then as they are today. Working on Death Row does not make you sympathetic to prisoners, it makes you cold and angry.

***SPOILERS****(although if you haven't seen this, don't. Go rent Dead Man Walking)

Forget the obvious historically inaccurate premise. Let's just look at the fact that this is an uplifting movie when the most sympathetic person is killed, and Tom Hanks lives to be 300. It is obvious that this is yet another movie where black people are meant to be only helpers to the white main characters (Legend of Bagger Vance, Ghost, Song of the South). Even though this character is physically, morally, and supernaturally superior to everyone else, he uses his powers only to help the white guards, not to escape, or survive, but to die that Tom Hanks might live. If that is it, then this movie is a tragedy.

This movie is pure crap. I gave it a 2 for the cinematography. Tom Hanks plays a fatter version of his normal part, likeable white guy (when will this guy play a villain?). Stephen King provides the story (thanks for writing about the South, Stephen. You're from Maine right?). Together they manage to trivialize everything from the Civil Rights struggle to the Bible. Nice work, guys. Hope you enjoy the money.",2
The Green Mile,"The tagline should read ""From the director of the overly-long shawshank redemption, the incredibly long green mile. When the old man character says ""Sometimes the green mile seems so long"" he got a huge laugh from our audience. 190 minutes!!! OVER THREE HOURS to tell a ninety minute story- even revealing that the big black guy is big took what seemed to to be two minutes. Thank the Lord it didn't get a nom for best editing, it needed well over an hour cut right out of it. Does Frank Darabont own eastman kodak? Or do people just give him far too much film stock for free? Frank writing, directing and producing, allowed him to commit cinematic diarroehea yet again. There are some laughs, a great ensemble of the guards, but not a FILMIC moment in the whole thing. It is a play!!!! Not a movie, but it's framed for television, not one attempt at using the cinematic canvas was attempted or even considered. The Green Mile is not a film. It is a two part mini-series stealing good theatrical release money from real movies. Avoid.",3
The Green Mile,"The Green Mile is NOT Sliders. There is no inter-dimensional travel at all. No ""Q-Ball"" Jerry O'Connell, no Professor Arturo, no Wade, not even a Quinn. There's definitely no Crying Man at all in this movie.

I give it a 3 because at least there is some magic on display in this movie, which gives me reason to hope that the sequel may have some Sliding, but there's no Sliding yet so this movie is a failure.",3
The Green Mile,"The reason why this world is suffering from a pandemic is that billions of people have been fed with similar anti-scientific theocratic concepts, thinking this is the reality/",3
The Green Mile,"Mid mid mid

predictable story that only few can sympathize with. Manipulates the audience with classic tropes. Tom Hanks has a terrible performance. David Morse. Michael Clarke Duncan has few good scenes but other times he is just forcing sympathy. Reading the reviews, it becomes obvious that people didn't watch the movie and instead read a synopsis. The leaps and bounds that the audience takes to justify the actions of the characters is just humiliating and I would be assamed to give this more than a second thought in my life again. Please do not see this movie as there are better Tom Hanks movies out there. DO NOT BE FOOLED BY THE SKEWED REVIEWS.",3
The Green Mile,"""The Green Mile"" would have been a lovely little indie movie if it had been done small scale.

Did it need the full Hollywood treatment of Tom Hanks and ILM special effects? No. It would have made a nice 2 -part Mystery episode on PBS.

It also did not need to be 3+ hrs of v-e-r-y leisurely story-telling. Not having read the Stephen King book I don't know what got left out that made the auteur think this was an abbreviated version.

David Morse, who is unsung too often, was quite fine. Michael Clarke Duncan added much needed humanity to the film.

Interesting that like ""Saving Private Ryan,"" an older actor is used for 50 years hence, not make-up laden as in the days of ""Little Big Man.""

No reason to see this on a big screen; you can wait for commercial-free cable or video tape, what with lots and lots of close-ups.

(originally seen 1/2/2000)",3
The Green Mile,"This movie was one of the most terribly formulaic movies I've seen in years. It's basically Saving Private Ryan or Titanic's beginning and ending with a different plot thrown in the middle. While that's always been a typical formula, due to the abundance in recent years of similar films it's just not excusable anymore. Add to that the trademark, Hollywood cliche mix of cute, out of place humor and overly sentimental drama thrown in throughout the film and you've got one of the most overrated movies of the year. True, most of 1999's best movies (Magnolia, Cider House Rules, American Beauty, Boys Don't Cry) were also overly sentimental, but at least they had worthwhile messages. The best The Green Mile can muster is something like a trite ""don't judge a book by its cover"" or the even more annoying ""don't be mean to convicted killers, it hurts their feelings."" Don't get me wrong, it's not that I wasn't disgusted by the treatment these men received (I'm not even an advocate of capital punishment), it's just the way the film handled these situations that made me gag.

I really did want to like this film as the acting is superb and the technical elements are all in place, but the contrived plot constantly detracted from the film's overall quality. If you want to see one of 1999's truly good films, I recommend seeing one or all of the movies I mentioned above. This certainly isn't anywhere near the quality of Frank Darabont's true masterpiece, The Shawshank Redemption.",3
The Green Mile,"There are a lot of loose ends that a big emotional finale fail to obscure, as well as borrowed major plot elements from other BIG IMPORTANT FILMS of the past 5 years. Over-long, silly and manipulative. The acting is good, though.",3
The Green Mile,"Well, this is (accessing Sarcasm Mode) one of those upbeat movies that makes you feel all warm and fuzzy inside! Seriously, though, I know people who cried at the end and I know people (like myself) who though it was good but also thought it was a LITTLE much, and I know people who hated it and walked out in the first half hour!

My opinion was this: it was well done, but a more subtle approach would have been better (and I don't know if we needed that cheerful meditation or mortality at the finale). On the other hand, by the middle, I said to myself ""If John Coffey saves a deer (think ""Starman"" or ""Powder"" and cringe) this movie is OVER!!!""",3
The Green Mile,"Let's be honest. Stephen King writes kid books. He has always written kid books, and movies have more often than not translated into rather childish movies. This one goes way beyond any of the others. Other than a few good jokes and a few tender moments of genuine emotion, it's just a silly going through the motions check all the boxes type of effort. I found myself rolling my eyes and checking my email and being rather shocked at the sheer absurdity of it all. Supernatureal elements in cinema almost always fail to impress, and the way it was handled here was clumsy at best. The overacting and drawn out scenes to heighten impact fell flat repeatedly, and the general impression I had was trying to breathe life into a long dead drowning victim just pulled from a river. I liked the Coffey character and the inmates all gave really good performances. Especially the Buffalo Bill guy. He was played perfectly-a funny, crude, vulgar and selfish nobody. He had some scene stealing moments. But the guards, the little girls' family, and all associated side plots were all ineffective and bland. The way they acted when the mouse appeared was particularly inane, like they were seeing some mythical creature. Um, it's just a mouse! Big whoopy doo.....silly. Plot holes were rampant and logic defying actions as well as redundant dialonge made it seem like an eternal punishment to be endured rather than enjoyed. Even with some of the violence and crudeness at times it still seemed like a movie geared to children. Their suspension of disbelief would allow them to forgive the numerous mistakes and somehow enjoy it. For me, it rang completely false and ridiculous. Another Tom Hanks movie that should have flopped but became a huge success. Most of his movies are like that unfortunately. His early career comedies are about the only thing I can stand. So yes, there's a few things to enjoy but not enough to keep this marathon of lunacy bearable.",3
The Green Mile,"I can't say that the ""Green Mile"" was a bad movie but it was far from the year's best. Maybe it's just the Anti-Hanks feelings I have but this movie was somewhat lack luster. I didn't care too much for Hanks' performance but then again I don't care for any of his movies. ""Saving Private Ryan"" was no ""Fighting Sullivans"" despite trying to be one, ""Forrest Gump"" had it's moment but I don't think a retard should be given the Best Actor award. This was the guy who played a manchild and played opposite a slobbering dog. But I digress. There wasn't anything that really grabbed my attention, I take that back. The mouse was the only entertaining character in the whole thing. Maybe it would've been better without the King-esque parts, then it would've gained some respect in my opinion. Honestly there's a better movie out there about a black man being thrown in jail for a crime they didn't commit, ""The Hurricane"". Denzel Washington's drama was more gripping and heart warming and Washington's performance was far better than Hanks' hick characters in ""Green Mile"" and ""Forrest Gump"". If Hanks beats out Washington for Best Actor and ""The Green Mile"" beats ""The Hurricane"" then I'm giving up on the Academy all together and sticking to Hong Kong action movies.",3
The Green Mile,"Lengthy, distressful, naive... I really wish I did not waste 3 hours on this, and did I mention way overrated! I gave it a 3 only for Tom Hank's acting, yet in my opinion this is the worst movie I've seen for him.",3
The Green Mile,"I was really amazed at all the positive feedback about this movie, since I walked out of it thoroughly unsatisfied. Most of the way through the movie I was listening to someone behind me snoring, and I was sympathetic. Like most Stephen King books this movie is WAY longer than it should have been. It was also corny in an unjustified manner. Though the idea behind it was interesting, the script was boring, predictable, and felt it had to explain every little thing, and right every wrong. I was happy when the movie was finally over. The acting was decent, nothing incredible, and I thought most the characters were too generic and uninteresting. I really can't see much that that there is to like about this movie.",3
The Green Mile,"I'm not sure what the worst part of this movie was.

A.) It never seemed to end. B.) It was a children's movie with extreme graphic violence. C.) I ran out of pop-corn half-way through and had to go get more, and ended up with a stomach ache. D.) There was this very very annoying guy behind me who laughed out loud constantly.

I think I'll choose B.",3
The Green Mile,"Well, despite the first half of this movie, this was just a holy miraculous crap. However, The acting was the only thing that could hold me setting in front of my screen for that three hours, more precisely Sam Rockwell, his performance was astonishing, not to mention Tom Hanks as he did great as well. The beginning of the story made me think, well this is going to be fun at some point, I mean prison.. murder.. big guys... what else can this lead to?! However, I was TERRIBLY wrong.",3
The Green Mile,"Excellent movie for those who relish suffering; both when watching it and from feeling empathetic pain themselves. Very suitable for either sadists or masochists, and all people who feel a strong need to cry. Brought to you by the same team that created The Shawshank Redemption, of which it is the obverse. Something like the Passion of the Christ. Shawshank described how one man beat the U.S. system, all on his own, and escaped injustice to freedom. It was almost plausible, and positively upbeat. The Green Mile describes how the U.S. system crushes innocence and saintliness, as well as how (some of) the guilty are made to pay for their sins. To be perfectly honest, it is messy. It doesn't make you feel good, and it's a sort of a snuff movie, apparently designed to make you a little sick. If you're normal.

It is also completely implausible, and contains any amount of utterly ridiculous miracle-working, some involving the healing of peculiarly repulsive ailments, as well as a gaggle of exceptionally talented circus mice. Presumably this is in homage to Steinbeck's ""Mice and Men"". The leading character, Hanks, is inexplicably condemned to immortality, although, at 108, and not looking much like his earlier self, the impression is that he's only got about another 5 years to go, at most. Perhaps because the subject-matter was so dippy and off-putting, I kept getting distracted. How did they manage to make an actor, who is in fact a mere 6 ft 5 inches tall, unconvincingly look as though he were eight foot? I spent a lot of time trying to figure out the photographic trickery, and noting how and when it didn't quite work, just like I did with Malkovich, in ""Of Mice and Men"". I also found myself frequently looking at the time, and wondering how much longer there was to go.

There may be an anti-capital punishment message involved, but the only miracle in connection with this movie is how it gets to #71 in the top 250. Watch Top Hat, instead.",3
The Green Mile,"I went to see this at the cinema, half-heartedly, with my brother and a few friends. Half an hour into the film I walked out, paid another nine bucks and went to see American Beauty instead - a film I would have paid another ninety dollars to see. But, I digress...

I rented it out a few months ago to see what I'd been missing and, well, I can relate to the lead character. He winds up wishing for death - by the end of the film, I was doing the same.

Sorry, but it just didn't grab my heart strings and give them a good old-fashioned tug. More than anything, it bored me. Maybe I'm desensitized, but while I do think there's too much misery and death in what comes out of Hollywood these days, you can go too far the other way. The Green Mile did just that.

A story like this could have been told in half the time (my God, it was long), and without the melodrama that was oozing from every pore. I don't have a lot of faith in the supernatural, so the only miracle associated with this film would be getting me to see it again.",3
The Green Mile,"While it was a good story and a well written script and memorable performances, the whole movie was extremely predictable from beginning to end. It left very little to the imagination how the characters would interact or develop through the story or how it would even end. Emotionally it was riveting as you could feel nothing but sympathy and appreciation for all but one character in the film. Even with that, it left me feeling very empty afterwords and was almost as depressing as ""The Pledge"" starring Jack Nicholson. It was overly hyped and not worthy in my own collection although others may feel differently. I appreciate much of Tom Hanks works but this movie and ""Saving Private Ryan"" are not believable characters for this actor. Who didn't know the character Percy would disappear?",3
The Green Mile,"A lot of people have told me that ""The Green Mile"" is a fantastic film, and that I should see it. So I did. Usually, I like all movie's where Tom Hanks is a part of the cast, since he's such a brilliant actor, and no matter how bad a script or plot is, he's making the film good just by being on the screen.

I'm not going to tell you about how the film ends, and what made me give it a 3 out of 10, but for those of you who have seen it, I can tell that it was the ending of the film that made me turn it off, before it was even finished. To be honest, I was very disappointed. Still, there's always something good to say about o movie, no matter how bad it is, and in The Green Mile Tom Hanks does a very good job, and the other guards in the prison are pretty good too. Also, Michael Clarke Duncan as John Coffey and Thomas Newman's music saves the honor of the film, because in my opinion, this film is really bad.",3
The Green Mile,"Yesterday, I saw 'The Green Mile'. I actually expected quite a bit from it, based on comments and its rating on IMDB. But disappointment hit me early, and it was a direct blow that knocked me down and out.

Prisons are fun, aren't they? Well, in this film they sure are. Chasing a mouse and stuff. And, oh yeah, most inmates waiting for the electrical chair are actually kind, nice, sometimes even philosophical people. THEY are the victims. Not the relatives of the people they murdered. Those inmates are in there for murder for crying out loud. But they act as if they can't even put their own pants on. And this Percy character, he is really 'bad'. But he's the most 'real' person in the entire film---a film which is basically as ridiculous as Tom Hanks playing a SERIOUS role. Tom Hanks IS Forrest Gump, or the main character in ""Big"", both essentially being large kids. Picturing Hanks as a warden is as silly as claiming that James Bond is a monogamist.

After having fast-forwarded the second half of the movie, I'm trying to figure out whether it was intended to be a comedy or a drama. Essentially, it's neither.

""I'm tired boss"", well, I'm tired of this film, which I give a green light. A green light to take the 3-lane highway, right into the trash-bin.

And, please, let someone please get rid of that stupid mouse!

Rating from the Dutch judge: 3 (out of 10).",3
The Green Mile,"This movie directed by Frank Darabont has to be the most overrated movie of the last two decades. The plot is shallow, unrealistic and above all absurd. Not just that the pretentious and so called emotional moments in the film aren't moving and touching, but they are also laughable and ridiculous. The scenes featuring the mouse (Mr. Jingles),Percy Wetmore and 'Wild Bill' Wharton reminded me of the cartoons I used to watch in my childhood. To put it simply, its a bad combination of mawkish sentimentalism and make beliefs. I don't care if the film is predictable but the pathetic attempts of audience manipulation and superficial treatment should keep this movie out of the top 250 movies in IMDb.

Some of the scenes were too dragging, meaningless and hollow. Some others were too chaotic and deranged. Overall the film is a classic example of bad filmmaking. We cant really rate the actors as there is no scope of performance in such a poorly directed film.",3
The Green Mile,"I'll admit there's some good to be found in The Green Mile, but not nearly as much as people seem to think. The characters are mostly one-dimensional, the plot developments seem to get progressively worse as the movie progresses, cumulating in an ultra-pretentious ending, and the whole film is way too long. All this is supposedly justified by the touching nature of the picture and its themes of humanity and kindness. Had these been driven home with a slightly lighter sledgehammer, perhaps the movie would have been redeemed. As it is, one would do well to skip back to The Shawshank Redemption.",3
The Green Mile,"The first 40 minutes of this film promised so much; great acting, great sets fantastically shot and lit. An execution scene full of drama and pathos; all pointed to a tense anti-capital punishment death-row drama of high quality. Then the first of the miracles occurs as John Coffey performs a ""laying on of hands"" cure on Paul Edgecomb. Later he brings a mouse to life with the ""evil"" spewing from his mouth! It is almost comic.

The comedy ""miracles"" get sillier and the film drags on and on until it finally reaches its nadir with the shot of John Coffey in the cinema with the projector light behind him like the aura in a medieval depiction of Christ  oh please - treat me as a grown up. What a waste of a great opportunity. Could it be re-edited with the daftness taken out? It should have been brilliant.",3
The Green Mile,"Even though everybody I know think that this movie is one of the best ever made I disagree with them. Wile watching this movie I sat in a chair for 3 hours waiting for it to really start but...........it didn't.

In my opinion this movie is a very boring 3 hour sit and I don't understand all the people who are saying that this movie is great!",3
The Green Mile,"How far will elastic stretch? They managed to stretch this elastic band right the way round the moon. I believe the story could have been told in about an hour without losing any of the story at all, and that's being generous. I am one of those believers in the 90 minute film, but I appreciate that if the story merits it, more time may be necessary. In this case, there is absolutely no excuse. The story barely qualifies as enough for a film at all, let alone an event-less epic-length film.

The overall story was weak and the film makers desperation to put in emotion was done in an over-dramatic way with little content and had no effect on me at all, except to genuinely annoy me. I found it to be insulting to watch, to be honest, and was the most boring, most frustrating film I have ever seen.

I also felt the ending was obvious for the whole of the last hour. It won't ruin the story to know that there was a piece following a mouse around for about 20 minutes which added little or nothing to the story. I kept watching and watching and watching hoping for something exciting to happen but it never did. I was preying for the film to end for the last 30-45 minutes. I was elated when I finally saw the credits.

If I was told I had to watch either this awful film of 3 hours plus, or the worst film I have ever seen, Going Overboard, if my life depended on it, I would chose the latter. At least the suffering would be over so much sooner! I have seen plenty of films where the acting was worse and where so many other aspects of film were worse, but never have I seen a film so unnecessarily long and, with it, boring.

Probably the most overrated film of all time...",3
The Green Mile,"Let me start off by telling the positive: the movie didn't bore me like some other people said. Some scenes were funny and the acting was decent. Overall the movie was entertaining.

But that being said, I really do not understand this movie being in the IMDb top 50. I found this movie disappointing because of the almost random magical aspect they added. Though this is symbolism or whatever you wanna call it, I didn't buy it. And neither did my friend. When the first ""magical moment"" happened we were like ""hmm okay, that's kinda lame/weird, but okay i guess we'll get it at the end of the movie"". Unfortunately that didn't happen and after the first magical moment, this movie just downgrades to a simple childish story of a person having some kind of superpower and the prison guards being amazed by it. To me it lacks meaning, feels way too random and the magical elements are childish. If I were still a kid though i'd probably be amazed too by the magic, just like the main characters. So maybe the target audience they had in mind were kids.

This movie did entertain me but nothing about it was touching or shocking. I personally couldn't identify with John Coffey, because to me he's not human but some kind of superpower. This movie was supposed to be meaningful and touching, but it failed miserably hard at it for me, would not recommend unless you're kid or you don't mind the random magic they added. This movie could have been much better if John Coffey was portrayed as an actual human and they kept out the childish magic. But surprisingly a lot of people really like this movie and i'm the minority, so watch it and go figure it out for yourself!",3
The Green Mile,"I've seen this movie several times, and while I'm a Stephen King fan, it does rely a little too heavily on the ""large hulking slow-witted man as Christ"" motif. I'm reminded of Faulkner's ""Light in August"" and the Joe Christmas (John Coffey) (Jesus Christ) character, who meets a fate similar to Coffey.

Once the Coffey/Christ analogy is even hinted at, the end of the movie is inevitable. Weird ending, too. Individual performances are solid if undistinguished. Brutal, played by one of my favorite actors, David Morse, has that slightly sinister vibe going on. Tom Hanks, as much as I like him, doesn't convince me as a deep-Southern prison guard.

All in all, a movie to see once, maybe twice, but not worthy of a night on AMC.",4
The Green Mile,"I haven't read the book, can only comment on the movie. It was interesting, but horror should be included in the genre - in particular demonic. I also feel like this storyline was all over the place and too long. It was also pretty depressing. Tbh somewhere in the blurb it should say that it's horror / hard-hitting as I would have made a better decision regarding whether or not to watch it.",4
The Green Mile,Slow and a bit dull. Also new age and pagan. Suitable for people who believe in 'spirituality' (whatever that means).,4
The Green Mile,Mysticism; praise for helplessness; murdering people in the name of words written out by politicians on paper and in the face of corrupt state courts;,4
The Green Mile,"While The Green Mile is often praised for its emotional depth and strong performances, I found it lacking in key areas. The story revolves around John Coffey, a man falsely accused of a heinous crime, who possesses miraculous healing powers. While the premise is intriguing, the movie fails to provide a meaningful backstory for Coffey, which makes it hard to connect with him on a deeper level.

The film heavily leans on sentimentality, focusing more on emotional manipulation than genuine storytelling. Coffey's childlike behavior and supernatural abilities are left unexplained, making him feel more like a plot device than a fully realized character. The pacing is also slow, and the runtime feels unnecessarily stretched.

Overall, The Green Mile has its moments, especially with strong performances from Tom Hanks and Michael Clarke Duncan, but it doesn't live up to the hype. Without a compelling backstory for Coffey or significant exploration of his powers, the movie feels incomplete.",4
The Green Mile,"I am going out on a limb here. Probably will be slamed for this BUT ... Yes I think the acting is good. Yes I think the timing is good. Yes I think the scene and costumes are good.

What irritates me with modern cinema, is nothing is left to the imagination. It's all piled high on a plate, ready to consume without thought. If you want to exercise your imagination ... READ A BOOK.

I'm not a grouch, I did enjoy it.",4
The Green Mile,"Could it be that The Green Mile is really three hours long? It only feels like five or six. But seriously, folks. . . I could take cheap shots all day at this film, but I won't. There's plenty of more substantial things to dislike about it.

In The Green Mile, the normal routines of a death row cell block in Depression-era Louisiana are upset when John Coffey, a gigantic, yet meek child-murder convict arrives, bringing supernatural healing and empathic abilities. Coffey is a thinly-veiled religious figure (his initials are J.C., get it?), whose powers cause him to suffer on behalf of humanity. Paul Edgecomb, the morally-centered head guard of the block, is forced to consider issues of guilt, responsibility, and duty.

When asked for a last request, Coffey expresses his desire to see a ""flicker movie,"" something he has only heard about. In the empty prison theater, he gets to see Fred Estaire and Ginger Rogers dance cheek-to-cheek in their 1935 film Top Hat. (Interestingly, it was the same scenes that Mia Farrow gazed at longingly at the close of Purple Rose of Cairo to distract her from the train wreck of her life.) To him, the dancers are ""angels,"" and as he's strapped into the electric chair he intones, ""I'm in heaven. . . ,"" the same line that Estaire sings. The movies, director Frank Darabount suggests somewhat self-importantly, are a spiritual media that can transport us into an afterlife.

In a film willing to shoulder the responsibility of a believable context, these ideas might bear fruit, but The Green Mile willfully avoids the complexities of its main topic, capital punishment. Darabount, acting like the Oscar-crazed filmmaker his critics accuse him of being, uses almost every scene in a mad attempt to jerk at the audience's heartstrings. Such a strategy leaves precious little room for the ambiguity that justifiably clings to the topic. Darabount has no choice but to portray the convicts (and the other characters, for that matter) as either noble or evil. With the exception of Coffey, we are not told what their crimes are; their only indication is the anonymous faces in the crowd observing the execution. These yawning gaps in context, in addition to the George Lucas morality, give the film something of the aura of a fairy tale, a distasteful precedent considering the importance of addressing the issues surrounding capital punishment with a firm grounding in reality.

Did I mention that this movie is long? Not only are we taken through every excruciating detail of each of the three executions, we also get to go through two dry runs. In lieu of subtlety, Darabount figures the way to our hearts is redundancy. Does anyone doubt it will work?",4
The Green Mile,"What is The Green Mile? It's an extended flashback wherein a man in a rest home relates his youth as a death row prison guard in 30s Louisiana, and in particular his experience at the hands of John Coffey. Coffey is a colossal black simpleton who's in for the rape and murder of two white girls, but this is Hollywood circa 1999 so obviously he never done it. On the other hand he has a third eye, can project third-person footage of past events directly onto your mind by grabbing your pods, and can cure anything from the clap to inoperable brain tumours to a malfunctioning moral conscience by inhaling the bad from out of your body, then expelling it as a large swarm of insects (?) He can also bring pulverised mice back from the dead. But not two murdered girls, mind you, because they had been dead for 'too long' and that would just be silly.

I know Stephen King novels are notoriously hard to adapt, but...

With two exceptions, all the major figures in TGM, including, for all we are shown, the condemned men, are Good. They attempt to do the right thing without fail regardless of consequences, or they are endearingly simple, or, as in Black Jesus' case, both. The two exceptions are such laughable caricatures of evil they might as well have the word of curse tattooed across their foreheads; such manichaean nonsense is not the stuff of great films. All the considerable acting talent on display in this film can't quite bring these cardboard characters to life.

The good guys may be Good but they're not particularly effective. They react to the grossest provocations (such as being urinated over by a lag, which I expect would earn you a good kicking in most jurisdictions even today) with stoical good humour such that at times the film succeeds in making a Depression era execution block look like a Butlins run by the Keystone Kops.

I took leave of the film at the point when Hanks' character, concerned about his boss' wife's cancer, invites his work buddies to breakfast on the lawn, where he outlines his plan to a) remove what as far as everyone in the world is concerned is a double child rapist / murderer from his cell and take him out on the road b) dope another prisoner to cover their tracks and c) lock one of their own colleagues, who is out of the loop, in solitary for the duration, there to produce realistic bangs and moans in order to lead the other prisoners to think (b) is in there instead. All on the off-chance that a man who resurrected a squashed mouse and fixed Hanks' genito-urinary system might be able to cure cancer into the bargain.

Needless to say, they agree to this gargantuan lapse of professionalism and sanity almost without hesitation. The obvious question is raised and dismissed in a single sentence. Why not ask the boss to bring her into the prison instead? Because he's cautious and sceptical and therefore wouldn't go for it (who could blame him, really?) But even smashing his door in while he was out, force-feeding his wife sedatives and dragging her to the jail bound and gagged would make more practical sense.

What they do instead, then, is to doorstep him, with Coffey, completely unannounced in the wee hours of the morning. Because obviously he is far more likely to react favourably to a home invasion than a polite suggestion over the water cooler. Mr Cautious emerges with a shotgun in a state of some alarm, as one would in the circumstances. But for all his front he still lets them into the house and up the stairs. Now call me wacky but if several men tipped up in uniform at stupid o'clock with a giant murderer in tow who I didn't have a prayer of stopping by physical means, hell bent on entering my terminally ill wife's bedroom with God knows what in mind, but I had a gun to hand I'd have shot every one of the bastards half a dozen times before they got within arm's length.

But anyway. Incidentally, the way that Wetmore is set up as a cartoonish prick so that we are almost forced to applaud when his colleagues turn on him is more than ironic for a film that's supposed to warn us against kneejerk reactions.

Watching this film, in fact, reminded me how far we have come since the late 90s. TGM with its crude mixture of political correctness and dewy- eyed sentimentality wouldn't pass muster in this age of withering cynicism. I'm not Spike Lee's biggest fan but his criticism of Coffey's character as the archetypal Magickal Negro was on point.

Finally, if anyone actually changed their mind about the death penalty on the strength of a film with about as much grounding in reality as Who Framed Roger Rabbit they need to have their right to vote revoked.

Two stars for some very solid performances, one more because my wife liked it, plus 'tilt' because the main man died recently and seemed like the kind of fellow you could set your watch by.",4
The Green Mile,"I've got to say, typically I place a great trust in the reviews found on IMDb, so I felt surprised after having watched what I found to be a perfectly average movie. There is little girth in the plot as provided in the movie version. Character development is needlessly snailissh and, again, the plot barely supports that weak development. I was pretty disappointed with the movie overall. On the other hand, I did come away from this three-hour cinematic knowing one thing... which is that I will never waste another three hours of my life rewatching The Green Mile.",4
The Green Mile,"My first question upon beginning to view this film was how faithful was the screen adaptation of the Stephen King novel? After reading the summary of the plot on Wikipedia it appears that it was very faithful. So the main responsibility for this pablum rests squarely on Mr. King's shoulders. Of course the decision to make this into a film was also ill-advised given the ludicrousness of the novel.

The film actually is more than just ludicrous. It sanitizes history and substitutes a pseudo-religious miracle tale to whet the appetite of those with a thirst for supernatural thrillers. The sanitization is apparent in the opening sequence where a posse of white men in 1935 Louisiana find a black man John Coffey (the late Michael Clarke Duncan) next to the bodies of two young girls who have been just been raped and murdered and he's promptly arrested by the town sheriff.

Now can you imagine such a thing happening? A black man in such a position would probably have been first tortured and then lynched without trial immediately. Instead he's eventually convicted and brought to Death Row at the Cold Mountain Penitentiary where most of the action takes place.

The story however begins in a nursing home in 1999 where former prison guard John Edgecomb (Dabbs Greer) relates an extraordinary tale about working as a prison guard back in 1935. Tom Hanks takes the role of the younger Edgecomb and his saintly depiction immediately compromises the verisimilitude of the entire film. Edgecomb, along with his three prison guard subordinates, who are also highly ethical, are unbelievable as denizens of the deep South at that time.

There is a nary a racial epithet from any of them and they believe in treating their charges fairly (if you can believe that). Hanks as the younger Edgecomb is fleshed out a bit when he's presented as a man suffering from a bad urinary infection which interferes with his sex life (Edgecomb's wife Jan played by Bonnie Hunt is merely a supportive presence throughout the film).

The arrival of John Coffey solidifies and confirms the sentimental, sanitized treatment of most of the principals here. But the depiction of the simple-minded Coffey is even more reprehensible as he fits the bill as what Spike Lee has referred to as the ""The Magical Negro""-a stereotyped character designed to come to the aid of white protagonists in a film and also possessing ""special insight or mystical powers"" (as per Wikipedia).

Fortunately all is not completely lost here as we're soon introduced to the primary villain of the piece, prison guard Percy Wetmore (Doug Hutchison) who really has the most interesting role in the film. His sadism is severely frowned upon by John but his job is protected since he's the nephew of the governor's wife.

A good part of the first half of Act II concerns condemned prisoner Eduard Delacroix (Michael Jeter) who adopts a pet mouse and trains it to do tricks. When Wetmore kills the mouse by stomping on it, Coffey brings it back to life utilizing some unexplained supernatural powers (earlier Coffey cured Edgecomb's urinary infection by placing his hands on his private parts).

Instead of initially telling the prison warden Hal Moores (James Cromwell) about Coffey's extraordinary powers, Edgecomb and the rest of his crew oddly agree to a code of silence. Meanwhile Wetmore agrees to a transfer if Edgecomb allows him to be in charge of Delacroix's execution. Wetmore conveniently ""forgets"" to wet down Delacroix's head during the execution and as a result he's set on fire and dies an agonizing death.

One wonders where Coffey gets his powers but that's never explained. It's simply a ""given"" and we're expected to accept it without question. John gets the idea to smuggle Coffey out of the prison so he can help Warden Moores's wife Melinda (Patricia Clarkson) overcome a debilitating brain tumor. Even more ludicrous is when they arrive at the Warden's home in the middle of the night, Warden Moores allows them into the house with the convicted murderer Coffey, whom he initially was about to blow away with his shotgun. Sure enough Coffey cures Melinda in his third (and best) miracle.

While performing this absurd maneuver, they punish Wetmore by locking him up in a straight jacket in solitary confinement. When Coffey is returned to his cell, he grabs Wetmore who's just been released by Edgecomb from solitary and sprays all the evil spirits he sucked out of Melinda into Wetmore. The now deranged prison guard shoots the secondary villain of the piece, William ""Wild Bill"" Wharton (Sam Rockwell) to death and is committed to a mental hospital.

""Wild Bill"" is the foul-mouthed prisoner who spends most of his time being tossed into solitary after either spitting on or tossing feces on prison guards. He's basically depicted as a mental case but none of the other prisoners are depicted as truly dangerous or cunning-quite the contrary Edgecomb and the rest of the staff quite unrealistically regard them with great sympathy.

Before his execution, Coffey grabs Edgecomb's arm and allows him a glimpse into what really happened with the murder of the two girls. Coffey was actually innocent and trying to help them, with ""Wild Bill"" as the true perpetrator.

Coffey is the Jesus figure here who sacrifices himself for the greater good. Of course it might have been more interesting if Coffey had also been possessed by the devil and was actually guilty of the murders-but that I'm afraid would be politically incorrect.

The acting, music and cinematography is actually pretty good but three hours of pablum is a bit hard to take.",4
The Green Mile,What was this film about? It was *far* too long. One and a half hours would stretch the storyline let alone 3 hours. The first hour basically did nothing. And there were some preposterous moments in it - like the whole mouse business. It felt like the movie was based on an old fable that took 5 minutes to tell - but was stretched to 3 hours in this film. American Beauty will walk away with the Oscars if this movie got a nomination for Best Film.,4
The Green Mile,"I've got to say that I'd hoped to like this movie. And, to be honest, the acting and look of the film is top-notch. The huge weak link in the entire production is the story. And for me that's the entire movie.

After all, I bear a strong resemblance to Stephen King (Really! Pity me). I'd like to be able to be mistakenly associated with someone I could be proud of. Sadly, I do not admire King's character development. I have a problem with his ""good vs. evil"" running commentary. I appreciate more depth in literary figures than Stephen King is capable of delivering.

I could give several examples of flaws throughout this film. Why did no one expose Mr. Coffey's ability? Why did the evil ""Wild Bill"" remain quite in key scenes like the pre-execution turned awry? How could a prison official in the 1930's let a black convicted murderer enter his wife's room and watch as the killer placed his lips on that of the warden's ailing spouse?

Too bad the project wasn't handled by Touchstone Pictures. Maybe then we'd see more parallels being drawn between Mister Jingles and Mickey Mouse. Mouseville in Florida? Puts me in the mind of Goofy.

While having pure characters with contrasts as obvious as ""black and white"" (no play on words intended) make easy paint-by-numbers storytelling, it doesn't satify completely. Hell, I thought old Del (the Cajun convict) was friggin' innocent!!! And who except Satan-worshipping parents would name their child ""Percy Wetmore""?! Christ, did they WANT kids to constantly kick the crap out of him as he grew up?! By the end, I couldn't believe a word of this story.

Stephen King needs to learn to start mixing his paints. His storytelling reeks of a child's ability to use crayons and a coloring book. He always uses solid colors and stays within the lines. Black mixed with white makes gray, Stephen! People in the real world are gray! There are no absolutes!!! Start writing for a sophisticated audience and not like a two-bit hack cranking out Depression-era movie serial westerns! The Fred Astaire movie ""Top Hat"" had more basis in the real world than this shell of a story.",4
The Green Mile,"i did like the film, y'know, it was okay but that's about it. It's obviously aimed at the ladies and i have no problem with that, but it is (in my humble opinion) extremely overrated. Tom Hanks was probably hoping for his 3rd oscar, yet his performance is not great. I read the books and thought they were great, but this is a weak, tired effort to translate novella to the screen. Plus it's far too long, and only Michael Clarke Duncan should be pleased with this poor effort.",4
The Green Mile,"For some reason in 25 years I've never watched this movie. It never interested me. I know it's beloved with many many people. So randomly I decided to watch it this afternoon. I have to say, I'm not impressed, I'm not exactly sure why people love this movie so much? Shawshank redemption is 1 million times better, and that's one of my favorites. I actually struggled to get through this, and almost turned it off a couple times. I don't find anything profound or deeply touching about this movie. It's boring, the acting is good I suppose, long and tedious, and very repetitious. Funny how your gut tells you things. I knew I wouldn't like this movie for some reason and waited 25 years to watch it. And, I don't like it.",4
The Green Mile,"Not nearly as good as its hype. Hokey, predictable and slow.

You really think Louisiana prison guards (on death row watch, no less) were this politically correct during the 1930s?

The best scene (and by far one of the most gruesome scenes in recent movie memory, including the opening sequence in Saving Private Ryan) was when the little nazi prison guard (yes, there was one token bad guy guard) was in `charge' of an execution. A scene you won't soon forget.

The director also tries to get you to sympathize with a French prisoner who trains a little mouse, but they left out why he was on the row. A white guy (and this row was made up mostly of white guys. In Louisiana. In the 1930s. Right!) who must have done one nasty killing to be on death row, but what?

Any awards in this show go to the mouse  and even he wore out his welcome. What a stupid ending!",4
The Green Mile,"This is an amazing waste of everyone's talent...you know the movie is going to be awful when it begins with an old man remembering something which changed his life, and you know it's really really awful, when the character he's remembering at says at the end of the tale, ""...but there's something I don't understand..."" You know the old man is going to, with a twinkle in his eye, reveal the mystery that puts the twist on the whole story.....and it'll turn your stomach with it's preposterousness... Tom Hanks does a good job: he usually does (good ol' Tom) and the supporting cast is all equally good, but the story is so melodramatic and so emotionally contrived that the final effect is that I'm sure I won't remember a thing about this movie 5 minutes after I finish typing this...in fact I can't think of much about it now...what a blessing!!! Long story short, an innocent man is going to die and there's not enough tragedy in that; he needs to be a miracle worker, also. But I don't care, and I'm pretty sure you won't, but it'll earn a heap of award nominations and as long as it doesn't win for writing, then I won't complain...much.",4
The Green Mile,"I don't really like the religion symbolism in this movie. I also think that it's a bit too long. But it's a far superior work from most of the American movies of the 1990's (where there was a lot of remakes, adaptations of old TV programs, or adaptations of cartoons, very bad versions of French films and a lot of Hollywood crap, like these horribles catastrophe movies). What I really like about this film? The acting! Absolutely superb from A to Z !",4
The Green Mile,"WARNING: SPOILERS

What a disappointment! The Green Mile is nothing but a predictable movie. The characters are too shallow. The four guards, John Coffey and Delacroix represent Good, Wild Bill and Percy represent Evil. The film gives us no reason why Percy acts the way he does, nor does it say why John Coffey has its power. Someone might think those powers were given to him by God, but it's nonsense. Why would God give someone the power to cure others, if he allows everyone to die? And why does he need a human to do it, when he can do it himself? And things like that. The film tries to make some critics, (""What the hell was that?"" ""A successful execution"" ""You call that successful?"" ""He's dead, isn't he?"") but the point is lost in the melodramatic atmosphere the director (unsuccessfully) tries to create. That scene when John Coffey is executed was simply ridiculous. I almost laughed. The Green Mile is just plain stupid. And that thing at the end? ""He infected us with life"". What was the purpose of that? Nothing, but to add more melodrama.",4
The Green Mile,"What a disappointment! I was expecting a deep, introspective analysis of human emotions related to the death penalty, but instead I got a boring fairy tale! The only reason this motion picture is getting even four stars is because of the professional production, and exceptional acting. Otherwise I would have rated it even lower! I dozed off 3 times during the 3-hour screening of this overly extended doughnut of a movie! I cannot understand what so many people see in this... Maybe I just don't get it...",4
The Green Mile,"An overproduced, overlong sentimental fairy tale about prison executions, filled with (with one exception) the cuddliest, most tender-hearted Death Row prisoners this side of Christ, and featuring a sickeningly horrific botched execution. A pointless present-day frame story doesn't help this manipulative, heavy-handed narrative. Move on, Mr. Darabont.",4
The Green Mile,"This film (a numbing 3 hours and 10 minutes) has got to be one of the WORST film of 1999. Yeah, it looks beautiful, the acting is very good, interesting special effects...BUT the movie is thuddingly obvious, subtlety goes out the window early on, and the film stretches out EVERY SINGLE SCENE for no point! SPOILERS AHEAD!!! WE get that the black prisoner is a savior (or something) early on--does it have to be proven FOUR times? What's the point of Mr. Jingles being in the movie--other than being killed and brought back to life? And really the initials of the guy (John Coffey--JC--get it?) was SO obvious it got annoying. It's also mentioned at least 5 times. Ending was pointless and stupid and the movie was just plain DULL!! This movie needs severe editing. A big waste of time and talent.",4
The Green Mile,"I still don't know if I really liked the movie or just loved the actors and Tom Hanks surprisingly is not the strongest of these. The prisoners are such incredibly interesting people, especially the chilly ""Wild Bill"" and the crazy De La Croix. I didn't even recognize Patricia Clarkson who was so good as the heroin addict girl friend to Ally Sheedy's photographer in High Art, here is the sweet (too?) wife of the warden. It is a small role but she did the most with what she was given. Then there is that incredible center piece , the guy that plays John Coffey, the original gentle giant wrongly accused, incompetently represented, predictably convicted and oh so beatific.

The real problem is that this movie is: A. too long.

B Too predictable (Wild Bill was the real killer to me almost as soon as the warden told Hanks that they had a real hard case coming in.)

C. too hackneyed in production (The storm the night De la Croix is executed.

D. Too silly Does Hanks really have to pee that much (Maybe it is just me, but as career signatures go, I much prefer Nicholas Cage's fondness for Volvo's to Hanks peeing). and

E. Too gooey sweet, Brutal may be how a real death row guard operates, but this Brutal was the sweetest guy you will ever meet as were all of his cronies except of course for Percy.

Which brings us to Percy who epitomizes the movie as a whole, well acted but poorly scripted, after the botched job he did in front of witnesses even the governor is going to say to him ""son you {blew it} this time and there isn't anything we are going to do about it"" this if he is still there after failing to help another guard in an emergency. How can we believe this guy? As much fun as he is too watch strutting around getting us ready for his just reward (Is there ever any doubt that justice will be done?) he is like everyone else in the film written out of someone's fantasy book.",4
The Green Mile,"I didn't like the supernatural elements. They are used for all major plot twists, and there's not really any explanation offered, as to why things happen. Not even in the end. It kept my interest until the end, only to disappoint.

Yeah I get it, one of the prisoners is a God's Angel or whatever. But sent for what purpose? Why as this muscular black man? What's the purpose of that? Who sent him, God apparently? Why? Are the other angels like him? If not, why not? If yes, how people are selected to be angels. How their appearance is selected? Are they all muscular? Why does he exhale something that looks like insects, after healing someone? Why he acts like he is a bit slow, are all angels a bit slow?

Yes it's well acted, had some good characters and desperately trying to make you cry (No luck with me) with continuous tear-jerk attempts towards the end.

I suffered until the 3+ hour movie ended, all because of two things

A) Frank Darabont, director of The Shawhank Redemption B) High rating in IMDb

Afterwards I wanted my 3 hours back. Such a letdown

Just go watch The Shawhank Redemption instead, way better prison movie that actually manages to be touching (with no tear-jerk moments), and is tied to reality, not ""Here comes the plot twist, wait for it... it's called... a supernatural, unexplained phenomena"".",4
