title,comment,rating
Up,".......so that's what this movie was about? And all this time, one of my friends told me it was an old man flying to South America to pay tribute to his deceased wife! Turns out the movie is about Oldie McFart refusing to stay in a probably comfortable nursing home. I'm glad he got trapped up in the sky with that boy and that dog. Giving this one star and blaming my friend.",1
Up,"Awful film about a sad old man who waits until his wife is dead to fulfil all their dreams and a sad little boy who just wants his dad back.

*I'd definitely advise giving this a miss if you have children... Unless you are looking for a way to bring up some difficult subjects such as loss, and miscarriage. And that's just the start of the film. But if you are, by all means crack on, just make sure you have your talking points well prepared... You'll need them!

Why not have the boy (e.g. as an orphan) come into their lives after the sadness of not being able to have their own children? Then realising that life was too short and setting off on their grand adventure, all 3 of them together. That could have been an inspirational story about not giving up on your dreams and finding that whilst the path might not be the one you imagined, that you can still get there in the end.",1
Up,"Just here to cast a vote for those hating this film. I would not have liked this as a kid either. The whole beginning was so maudlin and ... weirdly seemed drawn out even as it went through 60 years. Maybe it's an insult to my intelligence such as it is that a boy and a girl who are pals would end up married. How fake is that. All that sentiment and sediment blech... at just before when he gets kicked out of his house I decided to come and read the crappy reviews cause I knew I was not one of the people who thought highly of this movie. I fast forwarded through a bit more of it then mercifully put it to rest. I'm not big on animation anyway, and I hate this style of animation particularly. But the movie was so applauded I gave it a chance. Just awful!",1
Up,"For the most part, Pixar films seem almost totally immune to criticism. I'm not really sure what it is, but Liam Colle might have given us a hint when he said of the studio's repertoire: ""These are not kids movies that parents can sit through. Pixar makes grown-up movies that parents don't feel guilty about letting their kids watch."" I think people think they're SUPPOSED to like them because of the ""cute"" factor, and I also think that the 3-D animation ties into this.

Because, let's face it: Disney animated classics such as ""Sleeping Beauty"" would not have worked so well or at all with live actors. Neither would Pixar's. But Disney of old (and I insist well on this point!) could get away with the flashy, fantastical, imaginative storyboards precisely because the animation was beautiful and fluid. Pixar's is flat, sterile and robotic. The elements all look plastic. This is just part of the limitation of 3-D rendering. Sure, this worked for Toy Story, because all the characters WERE plastic toys.

But stories about actual characters fall flat, because we simply can't relate to the characters. That leaves the cuteness and threadbare humor (if you are the sort who finds this stuff funny, and I am not) to sustain the film, and I have to opine that it is a really sad state of affairs when the adults of our society consider cuteness sufficient power for sustaining a dramatic narrative.

Now for ""Up"" itself. The beginning part is dreadfully depressing, and might work for a live-action art house film, but I can't imagine a child (again, this is NOT a kids' film, but it is marketed as such) sitting through it without crying. The second half of the movie leaves us with a grumpy old man and an incredibly annoying kid stuck in a tangle on an extraordinary adventure, trying to extricate themselves from a problem that the kid caused. There is no meaning, no feeling: just cuteness, if you aren't sufficiently annoyed by this point.

""Up"" really should have been two movies: one picturesque live-action film about the old man, with no extra-possible situations, and one plasticky CGI film about a random lonely old man and a kid. The latter would have been utterly ignorable but still would have garnered the praise of critics. And such a cleavage would have avoided the film we actually got, which was the latter with connotations of pretension toward the former, adding insult to injury.

Pixar... just go away, please?",1
Up,"I'm assuming everyone who has rated this movie with such adoration must relate to the boring story of this tale, which is a sign that a lot of people are not living up to their potential and making the most out of their life.

My biggest critique is that the story was meant to inspire a life without regret and started off with realistic circumstances but half way through the movie they weakened their purpose by taking the plot in a whole new direction and making everything suddenly unrealistic. Instead of demonstrating that life has unforeseen incidences that can get in the way of your dreams and show how to overcome those hurdles, Pixar and Disney decided to crush those dreams AND any hope for the future. First of all the couple gets married, than tries to go on a dream trip in quest of meeting their adventure hero but house repairs consumes their savings making it difficult to leave. The point of this is obvious, don't wait for tomorrow for tomorrow may never come. But then the wife has a miscarriage! Granted this has happened to many woman but what's the point of showing that? It's not like it's something that can be controlled. What's the lesson of this and what is it doing in a children's film? I know tragedy is a big part of storytelling history but usually death is the main motivator not miscarriage, that is one step away from a still born. Then the couple gets old and the woman dies and the man is left to survive on his own.Surely this happens too again reminding us that we may die before we reach our dreams but she was old and so basically at this point the message seems to be ""if your lazy your whole life and stay in the same house and same neighborhood, you're gonna waste your life"". Well okay but then the second half of the story is completely unrealistic. An annoying young boy decides to suddenly hang out with the old man and no one cares about the missing child. The house can fly miraculously and off they go to the place he always wanted to go with his wife only to find out that his lifelong hero is a phony and a poacher. Some fake colorful bird shows up displaying pixars latest modeling and texturing skills but it's more ridiculous than meaningful. Sure this movie was ""different"" and bold but in my opinion the worst film they've ever made. I just hope my negative review will help to deflate this overinflated idea of a good movie.",1
Up,"I can define ""Up"" as the stolen 90 minutes of my life. Actually,I had really high expectations about Up, before watching it. However, it was so bad, i barely finished the movie.

I can say that the main characters are well created and written. On the other hand, there was no story in the movie. Except the little clip that tells the Carl's life in the beginning, there was nothing good and original thing in the movie. It was full of the cliché dialogues and cheesy jokes. Also the side characters were weak and poor. they had nothing to add to the story. However, i have to give it that clip i mentioned earlier was really awesome. I wish that the movie would be about Ellie and Carl trying make their dreams come true together.",1
Up,"I watched this new flick of pixar and Disney in the sneak preview of my cinema.

The thing is the plot is actually mature, but the rest is just silly and childish crap.

How can a movie like this get 9 points for gods sake. are u all drunk? Don't SHOW THIS MOVIE TO YOUR KIDS.

Onl positive things i want to point out is the voice of Mr.F and the very good computer animations though i watched it in 2D.

Normally i agree with people on movies, but in this case i felt like im the only one who didn't like it. The whole cinema ) only adults caus eof sneak) were laughing and laughing. I didn't do so a single time. I have to admit that I left the cinema after wasting one hour there.

Regards",1
Up,"I, like many others have heard marvelous reviews on the movie Up. But I was extremely let down so much that I was unable to even finish the film. I stopped it when Carl trashed Ellie's memory completely.

The movie was meant to portray their relationship as something strong and special. Throughout the first half of the movie Carl has been fiercely trying to protect their home which he refers to as his wife. But, that all changes when Russell, the very annoying, spoiled, obnoxious child takes off. Carl decides in a split second to take everything inside his house (which hold ALL of his memories of his wife and their time together) and toss them out of his house via the front door and windows resulting in everything being broken.

That scene destroyed the whole meaning of the movie for me. I couldn't connect at all with Carl or care for him in any way. There were many ways that Carl could have followed Russell without ruining the only thing he had left of Ellie.

What message are we honestly teaching our children these days? If you have something special that was given to you by a deceased loved one that it's okay to completely and utterly destroy it?

There was a great deal of other things that I didn't like either. Like the relationship between Ellie and Carl in the beginning. I dislike the impression given to me on that first day. Ellie is very loud and obnoxious and really has no regard for Carl. She forces him into a dangerous situation that results in him breaking his arm. She then sneaks into his room that same day, but not to see if he's all right. Instead she shows him her adventure book and then forces him to promise to fulfill her dream of going to Paradise Falls. Then afterwards we watch them grow through wordless scenes that are difficult to connect with due to the fast pace and lack of detail.

Another scene that was meant to be emotional but fell short was when Carl was prosecuted as a 'menace' for cutting a guy's forehead. It wasn't explained very well at all and why would he be forced into an old people's home? The worker DESTROYED his property and when Carl was trying to retrieve it the worker FOUGHT him for it. So the worker was in the wrong much more than Carl. It was just such a bizarre scene that left me going... wait... what?

I also dislike how Carl left for his adventure. The movie portrays the couple constantly trying to get to Paradise Falls. Then she dies and Carl doesn't get inspired by Ellie. The ONLY reason he left was to run away from the authority. He was forced into that situation and then decided to leave. There was no special meaning to it or heartwarming connection.

Personally, I believe they didn't even need the scene of him smacking that worker on the head. Why couldn't Carl decide on his own to complete their adventure? Why did he have to be backed into a corner in order to finally leave?

I also disliked the scene when Carl meets the man he has idolized his whole life, Charles. But he doesn't bother telling him about the bird even though Charles was humiliated and had spent his whole life trying to find the bird in order to return his pride.

Carl chose to hide the bird instead of revealing it to Charles who, at this point, hadn't shown any sinister qualities. How does that make ANY sense? They could have played that scene completely different and ended with the same result. Carl could have tried to help his 'hero' (which would have made a ton more sense) and tell him about the bird. But explain that it has babies, and that Charles should take them all together. Charles could have demanded to know where the bird is, and Carl could explain that the bird trusts them and so it'd be easier if they go alone to get it. And then Charles could go crazy and believe that Carl is trying to steal his glory. You get the exact same result, but it makes much more sense.

Yes, this is a kids movie. I do understand that, but I have a limit and other parents should too. There is no lesson to be learned in this movie. It's just another story poorly portrayed and bunched together. It's something to waste time and distract your kids with pretty colors and funny scenes, but nothing more.",1
Up,"After everyone ranting and raving about how wonderful and moving and poignant this film was, I put down my snobbery and, on the recommendation of a respected co-worker (I'm in advertising - We're supposed to be creative and discerning, right?), sat down to watch it.

I was horrified. A trite, treacly story, irritating and ugly characters, and an utterly predictable plot. Nothing good to say about this film at all except that it shows of the advances of 3D animation nicely.

Don't get me wrong - I;m not anti-sentimentality. I LOVE ""It's a Wonderful Life"", cried in ""Old Yeller""... I even liked ""Forrest Gump"". But THIS... I hardly know what else to say. I only hope that my lonely negative review will help weight down the balloon of this ghastly offering.",1
Up,"First I would like to say that I was never sad in this movie. I felt nothing for these characters. The old man was a grumpy and mean character. The little fat kid was annoying. I wanted to punt that kid whenever I saw him. The villain was boring and stupid. The animation is good . The main character was boring and not funny. Ill give it one thing: the plot line was mature, but is that good for a kids movie? Do you want kids to see a pack of snarling red-eyed dogs coming at them in 3D? I expected a good movie like Toy Story. Toy Story had good characters, a good villain, and a good plot line. This movie (I thought) was bad, with boring characters, an adult plot line and annoying at times.",1
Up,"For God's sake this was pure misery. I am still crying my eyes out. The funny parts were very few while the miserable, depressing parts were everywhere. It took me days to get the poor old man's face out of my mind. It was like a ghost haunting me. The final message it was trying to convey was good but with what cost? If you are sensitive and have grandparents you love or had grandparents you loved don't see it!!! If you are over thirty and don't want to see your life flash before your eyes don't watch it!!! If you don't want your children to spend days thinking how they will lose you and everything they love some day don't let them watch it!!",1
Up,"I don't think I've ever been so mad at a Disney/Pixar film before! ""Up"" was beyond terrible!! I don't want to give away any spoilers, but there's really nothing to spoil. The basic plot of the movie is this: After the death of his wife, an elderly man (Mr. Fredricksen) decides to fly his house to South America using thousands of helium balloons as a tribute to his wife's life-long dream to live at the top of Paradise Falls.

That doesn't sounds so bad, right? WRONG! My daughter is very sensitive to topics like death, and loss, and loneliness, and depression BUT THOSE ARE THE MAIN THEMES OF THE MOVIE! *headdesk* We should have left the theater after the hospital death scene and funeral home scene, but I thought ""hey, it can't get any worse!"" WRONG.

Just when Mr. Fredricksen takes off to the sky, he learns that a little boy (Russell) has become a stowaway on the trip - he was on the porch just as the house broke free of it's foundation.

Russell is there to provide comic relief, but at the same time we learn that his father has abandoned him, he may or may not have a mother at home, and all his good memories are boring ones.

*headdesk* Oh, they make it to South America just fine and that's when the real ""adventure"" begins. Not. Mr. Fredricksen and Russell become the protectors of a giant endangered bird who is trying to escape from a hunter who has spent nearly all his life in search of the bird. Oh, yeah, the hunter has also been breeding an army of dogs who can talk via a collar translator that he developed.

Please read that last paragraph again. An old man and young boy in a flying house have to protect a giant bird from a man who has an army of talking dogs.

*headdesk* It is that level of ridiculousness that makes you feel like a rube for being taken in by the sentimentality of the first 15 minutes of the movie - when Mr. Fredricksen and his wife meet as children and we see their long, happy life together in a beautifully done montage.

It is that level of ridiculousness that makes me question why Disney/Pixar would have such a heavy hand on the ""death"" aspect of the movie. Oh, it doesn't stop once Mrs. Fredricksen passes away. Throughout the movie, Mr. Fredricksen talks to his wife, gazes lovingly at her old pictures, invokes her name in times of trouble, and makes it his mission to fulfill her final wish at any cost.

Sure, he eventually has an epiphany about what's important to him now, and how he needs to live in the present, not the past, but it is too little too late. My daughter was already scarred.

When the lights came up in the theater, she didn't want to stick around for the credits. She bolted up the aisle, out the door, and went to the car without saying a word. I know that she was trying to hide that she had been crying, which broke my heart (especially since she had been looking forward to this movie for a long time).

I guess I should have done a thorough search for ""Up"" reviews before we went. I know that from here on out I will. I guess it is my fault for assuming we would have a good time at this heavily promoted Disney film. I know that from here on out, I won't.

Shame on you, Disney/Pixar, for being so out of touch with your audience.

Two thumbs down.",1
Up,"Any movie that begins with a 10 minute sob story is dumb, dumb, dumb. We went because we had heard UP was a great movie. I will admit the technology was pretty good, but the story ranged from unbelievable to awful. It was disjointed, more like a series of vignettes written by a whole bunch of different people and strung together for 90 minutes. It didn't flow and wasn't the least bit believable. At least Toy Story had a semi-credible story line and Finding Nemo made sense from beginning to end. We wasted $9 apiece for this piece of dreck! That said, the characters Kevin and Dug were humorous, but provided too little humor to carry the rest of the film. Ed Asner is the human voice of a dirge.",1
Up,"I (a 16 YO female)was personally really disappointed with ""Up"", as was my mom who saw it with me. We went to see it one of those summer days that was too hot to do anything else, and since we'd heard so many people say it was ""The Best Disney/Pixar Movie Ever Made"", or the ""Best Film of the Year"" we figured it would probably be good.

About 45 minutes into the film when it had yet to get interesting or funny we talked about leaving, but kept hoping it would get better. Well, turns out our time would have been better spent elsewhere.

I thought it was cute, but all the jokes were the ones where I would turn to my mom and tell her the punchline before the joke was halfway said, and about 40 minutes from the end told her what would happen, and she agreed.

In terms of ""Best Disney/Pixar Movie Ever Made"", I'm still waiting for something to top ""Finding Nemo.""",1
Up,"I came into the movie with an open mind to the story and movie in general. I expected great things because Pixar has made some of the best animated movies ever. The only thing I actually enjoyed about this movie was the plot setup, as the first five minutes of the movie were very sentimental. However, this great setup was quickly turned over by countless ideas that were not appealing at all. I may have laughed only once in the entire movie as the humor could only be funny to small children. It saddens me that this movie could have been great but I was clearly the wrong target audience.

I do not recommend this movie to anyone over 10 years old, anyone with a good taste of humor, or anyone who wants to keep their opinion of Pixar in tact. Up is nowhere near as good a movie as anything else Pixar has created because those other movies captured the eyes of a variety of audiences.

I have no doubts that all the other fantastic reviews of this movie have been written by family oriented people or Pixar employees.",1
Up,"I finally got around to watching this film after last year it being released. Since its arrival, it had many great things said from critics about it; saying how it was so good and all. Many promos had tags such as ""funniest movie of the summer"" and ""best Pixar film. These both lines are outrageously wrong. Up is nowhere near funny, it is actually quite depressing. They simply showed the funny scenes in the trailer but the actual movie was not funny. Right from the beginning, we see the old man as a kid being forced by his future wife (as a kid) to like him, and eventually it starts from there. They eventually get married, live a happily nice life then a few short scenes of pictures with background music, they show the wife dying in a hospital then there, she is dead. That's not funny.

The characters weren't great. The old man was grumpy, and cruel. The kid was fat (a little under obese), bratty and annoying. He had privacy problems which was well showed in the film. The villain was boring and far too aggressive for a kids movie. Also there were talking dogs and a large bird. There were so many things confusing and not right about the film, such as some scenes that showed blood, and a scene with dogs attacking them. Also a scene where the villain captures and ties the kid (Russell) on a chair trying to kill him by sending him down a ramp (though the old man eventually saves him). I seriously don't see why this film was so praised, it is completely misleading and not great. Bland storyline, and uninteresting plot. It is vastly overrated, and shouldn't be in the top 250.",1
Up,"This movie is billed as ""the funniest movie of the summer"", with a PG rating for ""some peril and action"". It should be billed as ""the scariest movie of the summer for kids"", with a PG rating for ""a heck of a lot of peril and a thoroughly frightening and upsetting storyline and message"". It's the sort of animated movie I'd expect from Tim Burton, not Walt Disney and Pixar.

Here's what the promos show you:

* bright cheerful balloons lifting a house out of the gray yucky city

* a funny, crotchety old man

* a cute kid along for the ride

* a cute talking dog

* a cute goofy bird

* a standard comical cartoon villain

Here's what's actually in this movie:

* an absolutely charming couple having their dreams shattered. Not to mention the wife being stricken ill and dying just as they have a shot at unshattering the dream (my 7-year-old son was in tears at this point, 15 minutes into the movie)

* an elderly man sent to a retirement home against his will after being deemed a threat to the community because he conked someone on the head with his cane after they broke the mailbox he built with his beloved (now-deceased) wife

* a kid whose stepmother tells him he is an annoyance to his father

* a pack of snarling growling dogs realistically-rendered with glowing red eyes/collars chasing an unknown creature through a misty jungle (somewhat common in older Disney movies, but the scenes last much longer and are more intense than in the older movies)

* a mean, nasty, paranoid, completely uncomical villain

* the same dogs chasing people through a 3-D immersive landscape of cliffs and falling rocks

* the cute lovable dog hero (who, btw, is cartoony) cowering in absolute terror before the pack of dogs (who are, as I said above, realistically rendered)

* the elderly man's house being burned

* the kid being abandoned by the elderly man

* the kid tied to a chair on the open loading ramp of an airborne dirigible, slowly sliding down it toward his death (yes, there is a last-minute save)

* the cute funny mother bird hero being forced away from her babies by the pack of dogs

* and, finally, instead of the happy ending that we've come to expect from Disney/Pixar, when our heroes have saved the day and returned to normal life, there's the ultimate disappointment of all. The kid, you see, has been doing all of this to get his ""Assisting the Elderly"" badge and become a Senior Wilderness explorer so that his Dad will come to the ceremony. Kid gets badge, kid gets ceremony, and Dad doesn't show up. Yes, that's right the final message of the movie is ""your Dad hates you""

Watching the promos, would you expect any of this? Do ""funniest movie of the summer"" and ""some peril and action"" even hint at any of this? Do any of the reviews mention any of the stuff I just listed? No, they warn you that ""one character hits another one and draws some blood"" (a tiny little spot of blood on the mailbox-breaker's head), and ""a girl admits to tearing a page out of a library book"" (ooo, the rebel!) and ""a bird gets bitten in the leg"" (yup, a big garishly-colored, completely non-realistic-looking bird). You read that, and you see the Disney/Pixar logo, and you think ""OK, I don't mind that, and my kids can deal it.""

Instead, I had one child clinging to my wife for most of the movie, and another crying and begging to leave halfway through. We stayed because we felt they needed to see the standard Disney/Pixar happy ending. See my last bullet point above to see what we got instead.

Yes, there were funny moments. The talking collars that show exactly what the dogs are thinking are hilarious and extremely well done, and there was a subtle homage to the classic ""Dogs Playing Poker"" paintings that had me in stitches.

But unlike other Disney and Pixar stuff, the scary and sad scenes were more frequent and much more compelling and overwhelming than the funny bits.

I don't usually go on the warpath like this - I figure, if you like a movie, see it, and if you don't, don't. But I am so incensed at how wildly Disney, Pixar, and the media have completely and utterly misrepresented this movie as a light, airy jaunt in a floating house instead of a terror-filled action/adventure movie that happens to be animated that I just have to speak out.",1
Up,"Being sparked by an idea is not enough. Not enough when you dream to make a full length motion picture and want your audience to relish and reminisce every frame conceived. I did have very high expectations of the movie ever since i read rave reviews from the Cannes fest, also counting the exciting preview screened before Terminator Salvation began. The balloons, the lift, the adventure appealed to me instantly, the lover that i am of 21 balloons. it's with this heightened expectation that i approached the movie and was disappointed by every attempt of Pixar's in creating a story out of an idea. That would be the most frustrating part of any writer's work when a grand idea has to be developed to reach it's end. Sadly this is where the writers lost it. They had a planned and riveting story until the old man (Carl Fredricksen) realizes it's never too late to get started on anything. The plaintive note of Carl's early life all played very well with the setting to escape on a long wished for adventure. Yes the story held me in it's sway UP until this point. This point was stretched so far as to include the 70 year old Carl confronting his childhood idol, Muntz ( who should be about 95+) and is seen walking with ease and in perfect health ( did the writers in their right mind think this made sense at all,), a senseless plot about capturing a bird that loves chocolates, which is by the way the central plot( not the balloon adventure that you thought the movie was about. Oh did i mention the plot also includes dogs that can communicate their thoughts in human language with the aid of a collar.

Writers what were you thinking? You just robbed me off my precious two hours and another half in writing out this painful review. Why painful? I carried home a souvenir. A splitting headache",1
Up,"Are people just brainwashed or stupid? This is the worst movie I have seen in a long, long time. If there isn't an entirely new generation of children afraid of dogs permanently I'll be very surprised. The lack of imagination is overwhelming. A grumpy old man - my, my, that's never been thought of before. A fat scout, how adorable. Absent father, what a surprise. The entire movie is about loss, that is all. First part is loss of innocence, then loss of a baby, loss of the hope of a baby, loss of wife, loss of will, loss of home, loss of father, loss of dreams. Then when by use of the balloons he does get to his dream place, no one, no one points out that he has to lose faith in the hero of his childhood, he is the explorer who had inspired him and Ellie to want to go to Paradise Falls in the first place! Now he is evil! He also has to be at least 100 years old!! Since Carl is supposed to be 78 and Muntz was his hero when he was 10. The time line is just all messed up, but the whole movie is so messed up. What a pile of junk! Evidently Pixar can put out anything and the clones will line up to praise it and see it, but I won't, never again. I felt robbed since it cost me $11 to see the 3-D version. It was no better. The problem was the plot.",1
Up,"yes, this review contains tons of spoilers, so if you read it - you probably won't want to see the movie.. UP has been peddled to us by Pixar studio and many critics as Pixar's ""funniest cartoon ever"", well, some add ""arguably"" to this sentence, which did not make it any less misleading.. don't get me wrong, i love Pixar and all the masterpieces they gave us over the years, which only adds to my surprise and disappointment over UP - such a professional and famous studio either consciously joined other dishonest movie factories in an effort to advertise their product falsely, or for some unknown reason no one at Pixar understands what they created..

and now - this is the movie in a nutshell (and a million spoilers, so you may want stop reading right here):

1. boy meets girl, they both are mad about famous explorer and dream of traveling to some south American land ""lost in time"" discovered by this guy, who actually disappears from public view being ridiculed by scientists who do not believe the skeleton of an unknown bird he found is real.. well, boy marries girl..

2. in 5 silent minutes narrated by the music Pixar geniuses show us the life of this cute couple, from happy marriage to the moment they discover she can't have kids (or was it a miscarriage you tried to show us in this happy funny movie, Pixar guys ?) to two of them getting old to her dying from cancer (or what was it that killed her, Pixar friends ?) and him being stuck in the same house, which is now surrounded on all sides by new high-rises, while some developers looking like men in black try to squeeze the poor old guy out of his house and his piece of land.. i'll be honest, the short story of their life ending with wife's' death brought me to tears.. and i was going to see a funny cartoon..

also, as we're shown this couple spent all their life in the same house, and husband never achieved anything beyond the position of balloon vendor in a local park.. what the hell ?

3. old dude is visited by an overweight inapt boy scout who wants to help him in any way to earn ""help elderly"" badge..

4. old man is fed up, he attacks one of the construction workers, court rules he has to vacate the house, and right when two indifferent dudes from assisted living place come to pick him up he fills up thousands of balloons he has from his job with gas and launches his whole house into aerial adventure.. let me also say that throughout the whole movie he constantly looks at the pictures of his deceased wife and talks to her, which is very painful to watch..

5. Fat boy scout somehow jumps aboard the house, and is stuck there with old man...

6. they arrive to south America by means of huge storm..

7. miraculously they find themselves almost at the very spot old man dreamed reaching all his life.. they meet a weird talking dog (she uses

special translating electronic collar) and a huge weird bird..

8. they travel together trying to land the house at the designated water fall, while we find out that this dog is one of many ""talking dogs"" raised and put in servitude by the famous explorer, who is still, for like 60 years hiding with his huge blimp in a cave in the vicinity somewhere, trying to catch this rare bird, yes the very bird that old man and fat boy scout befriended.. old man meets explorer (who is apparently 150 years old at this point, but looks as ""young"" as old man), soon they figure out that Mr. explorer is cold-blooded killer who is ready to dispatch of anyone standing between him and the bird, and an ""indiana jones"" type sequence of events transpires before our eyes, during which the meanest talking dogs and Mr. evil explorer plunge to their deaths, old man looses the house, but comes in possession of the blimp and everything on it, as well as the army of remaining talking dogs..

good adventure, terrific graphics, but...could this cartoon be any more sad ? and did i mention that poor fat boy scout lives with stepmother and abandoned by his real dad ? i don't know about you, but i wish there was a law that would let me sue a movie studio for false and misleading advertising..

if i knew how depressing UP is - i'd never gone to see it..

yes, there is ton of ""funny"" stuff in this movie, the interaction of old man and boy scout and talking dog and huge bird, and every character's graphics is funny and cartoonish, but none of this joyful ha-ha stuff manages to even remotely disguise the extremely sad plot lines..

old man is heartbroken about his wife the entire movie, the whole balloon journey is about fulfilling her dream of getting to this south American place (why they never tried to get there in their 60 years together is beyond understanding, particularly given that they did not have any kids to look after (we were explained that all too well)), the boy scout is heartbroken about his dad leaving him, the bird gets injured by evil dogs (though recovers later), the famous explorer reveals himself as a homicidal maniac, and so forth...

yes, as a story about the unlikely friendship, helping friends, fulfilling dreams and other crap like this - this cartoon is great..

but as an ""arguably"" the funniest Pixar work it fails so miserably, so breathtakingly and profoundly that i am nothing but sorry i saw it..

in no way it is for kids, and adults should know how heartbreaking the whole thing is..

Pixar, why ?",1
Up,"Up is often praised for its emotional opening sequence, but beyond that, I found it to be a rather dull and unremarkable film. The plot feels thin, and the characters, while cute, don't have much depth. The movie relies heavily on sentimentality, and while it starts strong, it quickly loses its momentum.

The adventure aspect of the film feels forced, and the storyline doesn't seem to know whether it wants to be a serious drama or a lighthearted comedy. Overall, it's a film that has a few good moments but doesn't live up to the hype. I give it a 2/10 - not something I'd watch again. I wouldn't recommend.",2
Up,"-- NON SPOILER REVIEW -- I know, people praise the ""Married Life"" montage a lot, and i do really think it was a great start, but then the movie introduces some uninteresting conflicts and deviates from the main premise, no character gets an interesting conflict that adds to the story, i think Up's villain being the weakest part of the story, so that leaves a film with very little investment on the characters, consequently a movie that feels shallow and unisteresting.

--SPOILERS AHEAD--

My biggest problem with this movie would be the lack of attention to the plot, the movie opens with the main character, an old grumpy man named Carl and her wife on their biggest dream to travel the world, the movie already had some handsome investment put into it, we got that awesome montage of Carl and her wive growing up, marrying. Then she dies, leaving only Carl to fullfill her wife's dream of traveling. Then we are introduced to the comic relief, a young optimistic kid named Russel, his goals being, to get a scout badge, this is already a good dynamic. A bit later on to the movie they ended up crashing the baloon's house they were piloting, fortunately they crashed right into were Carl and her wife wished to travel for so long. this is a dang good setup for the second act, and get some nice character exchange. Unfortunately, this is where the problem becomes apparent, the plot immediately throws all of that out of the window to introduce the animal compaion, a rare bird species, Then another animal companion, a talking dog, talking to a gadget of course, is introduced for no reason, both of the animals don't really contribute to the plot or character dynamics, they're just there to kill some time i guess... By this point the movie has gotten very, very boring. We get to the worst offender of this movie, we learn that those animals actually belong to a guy named Charles, also an old man, who revealed later the antagonist, don't worry, he's the most forgetable part of the movie, Charles is in a mission to get his hands on that rare bird species that conveniently Carl is taking care of. I should also point out how much the movie already is off track on it's original premise, back to the snoozefest. Charles invites the group to his ship, on the actual intention on getting that bird. Carl for some reason accepts the invite, not because he was stranded, because he admires Charles, which is revealed ealier with absolutely no build-up to that moment, that exposition is just shoved into our faces. Later the group learns that, surprise, surprise, Charles was evil all along, that was supposedly to be treated as an emotional moment but that was so poorly executed i can't tell if it was. The writers thought, hey, you know what kids love? explosions, fight scenes, chase scenes! why don't we put that into the movie? And the other writer replies, shouldn't we spent some time for the emotional scenes.. you know, for the plot? Which the writer replies, what plot? So that's what we got into the third act, explosions, fight scenes, chase scenes, Charles dies but no one remembers him being in the movie anyways. We are getting to the end of the movie, so for the last attempt of a cheap emotional scene the group gets into the baloon house and is ready to pilot, but oh no, it's too heavy? Carl needs to think fast on how to get the house ligther to fly off so he doesn't dies or something, so he ends up getting rid of everything inside his house, you know, sofas, fridges, and even the most precious objects for Carl, that reminds of his wife, look, that scene alone wasn't bad, if you were to show me literally the beggining montage and that scene i would probably think, hey i bet this movie is a real tearjerker! It isn't, they spent the whole movie wandering around focusing on anything but stuff that would build up to a satisfying finale. Proof that this movie is really that bad is that i really can't remember some plot events on this movie so i had to look it up on the internet.

So to finish this off, what did we learn? Focus on what's important. Ironic how Carl learns that at the end of the movie, but clearly the writers didn't

You could say that the plot crashed harder than the baloon house eh?

anyways... i would give this movie 1/10 for the complete lack of effort but i added a star solely for the beggining montage. 2/10 Don't watch it",2
Up,"This movie is undoubtedly the most overrated movie made by Pixar.

Pixar usually makes good movies but this movie is just so boring and so trash and not emotional at all.

This is Pixar's Most Overrated Movie.",2
Up,"I watched this movie and having 8.2 on IMDb was looking forward to a good Pixar film. Oh how disappointed was I. What a load of rubbish. I get that it's a cartoon and I get that it's an old man following the dream he and his soulmate once had blah blah blah. But seriously, if an old 70+ man needs a walking stick to just walk and has a bad back how the hell is he pulling a house (and at several point even carrying a kid as well)?!

The best part of the movie was the opening scene up to where his wife dies. Powerful and emotional with little to no words spoken. Everything after this is just wasting your time.",2
Up,"I feel like people who are saying this movie was amazing just feel obligated to give it good reviews because it's Pixar. My gosh, this was one of the dullest mind numbing stories I've ever seen. Everything was SLOW, and the ""emotional"" moments were forced. Even the famous first 15 mins led to me yawning. SKIP THIS unless you want to be bored out of your mind for 2 hours.",2
Up,"I rented this movie a week ago after hearing and reading all the hype around it.I really like animated movies be it by Pixar or Dreamworks or Disney or otherwise.

Boy was I beat.And no it was not the ""sad"" opening scene that disappointed me (the only thing sad about this movie is how bad it was), but the entire silly story and characters.

The movie starts about some explorer/adventurer named Charles Muntz who went to south America in search of some mythical creature but is accused of forgery. Carl Fredericksen, the main character, idolizes him and dreams of a journey to south America on his own.He meets Elli, a young girl with similar taste. They marry, but Elli later dies and Carl lives on his own and discovers that the area surrounding his house is becoming urbanized with skyscrapers.He refuses to move but when they come to bring him away to an retirement home he moves away by thousand of balloons attached to his house.Underway he discovers some fat annoying boy-scout named Russel who bothered him earlier is traveling along.

*warning spoilers*

They land in South-America where they come across some big endangered bird who is chased by vicious dogs who are able to talk thanks to some collar around their necks. The dogs turn out to belong to Charles Muntz the explorer who somehow has managed to become over 110 years old and has settled in that place and his chasing that strange bird.Russel and Carl refuse to hand over the bird so the 110 y/o man starts a wild chase after the other old fart while both are still capable of doing things nobody of that age is able to.Of course Carl wins and they all lived happily ever after.

Did you read it all ? Now I know you should take animated movies not too serious,but this ???? The story was so ridiculous, even for an animated movie.

Not to mention the horrible characters; I hated that grumpy old man,I hated that fat little kid ,I hated how they turned a once respected adventurer into a bad guy and I especially hated that stupid idea of talking dogs. You can almost see the producers thinking ""wait a second, an animated movie with no talking animals in it ? Let's put in some silly concept like dogs talking through collars or else the audience might not like it"". Well, it turned out awful.

Go watch Finding Nemo or Monsters,Inc. and avoid this over-hyped crap.",2
Up,"Remarkable first 20 minutes or so.

Very interesting characters.

But then, as other reviewers put it, the makers didn't know how to advance the story.

So they threw in blood-thirsty dogs and such, turning a movie for children (and adults with hearts) into a horror show, or whatever.

Keep away. Most importantly, keep your children away.

Post-modern (read: post-any-values) world indeed. Compare the beauty of the Disney animated movies of 1930s, 40s, 50s (Bambi, Snow White, Jungle Book, and so on) with what today's children have to put up with.

Indeed, a sick mind sickens others. And in turn, they would sicken others. How protected are you?",2
Up,"I can't believe how much this movie disappointed me. When I saw the first trailers I was already looking forward to it. It looked like a funny movie and the idea felt fresh and unique. After last years ""Wall-E"", which was one my favorite movies and Pixars best in my opinion, I had to see ""Up"" too. I consider myself a big Pixar fan and I had the feeling that I would love this one as much as I loved Wall-E.

After seeing it on big screen I still can't believe how much I was wrong. The trailers, the hype, everything feels so wrong afterwards. But were did it all go wrong?

You see, the first act of the film is interesting and promising. We get to know the dreams and the hopes of our protagonist and I really started to feel for the old man. The problem arises in the second half of the film, which is, in my humble opinion, weak and surprisingly not entertaining at all. That's why the biggest beef I have with this film is the logic in the story. There were many times when I had to ask myself ""How is that possible?"" while watching it. Being 21 years old, I still can appreciate a story with fantasy, talking animals and lots of other stuff not existing in our real world. The only important rule is: It has to make sense in the universe in which the story is playing. Carl Fredricksen is an old man. The first half of the movie we see him having problems walking around. He even needs help to get up the stairs. This is the same man who can drag a house on his back while climbing trough a rocky dessert the other half of the film. I don't care if he had balloons tied on the house, it still must be heavy. Some of the balloons even get destroyed over the course of the film. That alone would make the house heavier as time progresses. Even the bird was able to escape the pack of dogs while dragging Carl, Russell AND the house tied on its back, jumping around like it was just carrying papier mâché instead of real persons (and a freaking house!). Mind you, Carl was even strong enough to climb up a ladder outside a zeppelin. Why? I guess because the plot needed him to.

My second problem with this film was the lack of promised jokes. Interviews led me to believe that this was going to be ""Pixars funniest film"". Yet, all the jokes were seen in the trailers and at the time I saw them on big screen I couldn't laugh because of them anymore. This film is the exact opposite of ""funny"". The first 15 minutes are depressing and heart-wrenching. Russells family story wasn't uplifting either and even in the end I felt more depressed when his father never showed up. Kevin gets bitten, separated from her children and captured, Dug gets humiliated and also physically abused by the other dogs, the house nearly gets destroyed over-dramatically and the main villain, who was actually interesting at first, was just an old, crazy man, shunned by society. This film was Pixars funniest? I highly doubt that. I still think that title belongs to Monster Inc. which is also better in every aspect possible.

The villain Muntz, as I said before, was interesting at first. How old is this guy anyway? He was already an adult when Carl was still a young boy not older than 8. And he still lived when Carl was 80 years old. No explanation on that mystery? The talking dogs were a nice idea but it ended being that when they were able to fly on mini airplanes shooting at our protagonists. The dogs were all menacing (except Dug who was drawn round and friendly) and stereotypical. Making the Doberman the most evil of them all was just the icing on the cake.

Was there anything I actually liked? Yes and I can name it. Kevin. Watching this bird movie and interact with all the other characters was entertaining. She was by far the best character and my favorite. Too bad she gets hurt and shoved aside at the middle of the film.

A final few words to the animation: I saw it in 3D and I was impressed. Yet I still think that the animation and the backgrounds in Wall-E were more breath taking. They draw me into the story whenever I watch it and I have the feeling that I'm a part of the film. I kind of missed that while watching ""Up"".

The traditional short film at the beginning was way better and more entertaining than the main film. And that's quite sad if you ask me.

I had to get this rant of my chest. After hearing that it won at the Academy Awards I was disappointed again. My favorite animated movie 2009 was the underdog ""Coraline"". It had everything I missed in this mess. I prefer watching ""Coraline"" over ""Up"" any day.",2
Up,"I give one star for the fantastic animation and voice-acting. This movie is indeed very beautiful to look at and the voices fit the characters.

Unfortunately, there's an overwhelmingly bad about this movie, hence the low score.

Bad Advertising - This movie-poster and trailers give the impression that this is a lighthearted and fun movie. Colorful balloons, funny looking bird, bright lit sky. The back of the DVD even says it's a fun-filled adventure full of laughter. What we get is a very depressing, sad, boring, frightening and mean-spirited movie with the occasional attempt at a funny scene that lasts a second or two. The only thing that had me giggle was the bird and the scene where the old man imagines dropping the kid from the house.


Lack of plot - I agree with other reviewers, it seems that they had a great idea and once they get to their destination this movie hits the drain. Instead of the goofy bird, we get dogs that can talk with collars (I thought they were creepy) and a maniac who wants to kill the main characters to capture the goofy bird. Was this at all in the advertisement or back of the DVD? Nope. And what's up with the adventurer and his age? He looks younger than Carl, but should be about 30 years older. And why wouldn't a collar that makes dogs talk and able to understand humans not be more interesting to show than that goofy bird? Heck, even a collar that makes dogs understand human emotions as well? Nope, only goofy birds are good enough for scientists.


Depressing - The characters aren't likable (except the bird) and there's a lot of violence, sad moments, scary moments... I also thought it was very unneeded with the aggressive dogs. The moment where Kevin is caught in the net and taken away from her babies was also depressing. This whole movie is a huge downer. I don't mind depressing animated movies if they are done well. ""The Land Before Time"" is an excellent movie which faced many difficult things, but had enough humor and charm to balance it. This movie also started with killing off the funniest character, Ellie, by having her grow up into an old lady and die of cancer. Now that set me up in a bad mood from the very start.


This isn't a movie I would want to watch again. I could barely make it through the last 30 minutes of the movie. The ending was disappointing and predictable.",2
Up,"I watched this film a lot later than it came out on DVD. Im glad i didn't go to the cinema to watch this.

the first few minutes of the film were very well done. they didn't seem emotional at all in my view, but they made me root for the character and i wanted him to succeed. Possibly the scene that made me want to shout at the screen was the bit where the contractors came to take his house.

the storm scene was again very well done. but as soon as they landed in south America, i was met with a wall of one-sided character development, weak storyline, and irrational behavior. maybe if there were more scenes that the old man (i forget his name) had to bond with the two incredibly annoying creatures, i wouldn't be so harsh with this review. but i cant understand at all why he would suddenly risk his life to save a stupid bird that, less than 10 minutes ago, he told to sod off. the dog got on my nerves too. by the end i found no reason why anyone would want to rescue that bloody thing, and i wished it had fallen onto some rocks or something.

the villain was irrational. he seems to undergo an impossible change of character - either he was a schizo, or the script wasn't written very well. one minute he wants to find the bird alongside the old man, next he sees the bird and wants to kill them both instead of asking nicely for it. this sort of insane colour bambardment continues throughout the film, and we get loads of threads in the story which are left untied.

a good script is one where every move made by the characters is one that you know fits the character well, or one that you would be able to transpose onto a real person. in UP, the only rational decsion made is the marriage of that woman to that man.(i forget their names, you see.) everything else said or done is so implausible that the rest of the film dies. I'm sorry, but here are some examples.

the bird is an annoyance to everyone - the dog, the old man, the boy - but everybody loves it. its another example of the annoying thing that everyone likes in Disney films. the old man spends less than a day with that boy and suddenly they are like father and son. the villain guy has no reason to chase the people with dogs. he could simply ask for the bird. but he instead embarks on this needless token battle which ends in his death.

nobody sees the stupidity of the decisions made in the film, and i really hope that this film does not make it into the top 250 - or top 100000 for that matter. this was probably the only pixar film which sunk to the depths of chaep Disney drivel. i despair.",2
Up,"I don't remember it. The only thing I remember is that I didn't like the characters, the story was boring, and the animation was generally done at a very high level, but that's what I can say good about the movie.

Maybe if I give it a chance now I'll appreciate it more and up the rating, but I don't want to take the chance.

I don't know what more to write about this cinematic production, because again I say - I remember almost nothing, but I want to leave a review about it, because I want to leave a review about everything I've seen and sometime when I think about something why I liked it or why I didn't - to have some justification for the whole thing and know whether to watch the movie again or not.

Final Score: 3/10.",3
Up,"The Bad= I'm Sorry to say but I Personally don't find that Infamous Montage, to be all that emotional. However I did find the 'Once Upon A Time's' Version of that very same Montage Incredibly Heart Breakingly Sad to the Point of Hard Tears. The Defence? With The 'Once Upon A Time' version I've got to know the Characters through out the course of the series, their Trials and Growth from those trials Etc both as Individuals and as a Couple. And that's why I always feel like I was Beat Up whenever I rewatch that Scene. I'll even goes as far as to say it even gets to the point where I'm basically doing the Darth Vader 'No' Scream but with tears again every time I rewatch that scene.

But back to the film of 'UP' oh sure I get UP is not a movie and not a Show. See the thing is by having the Montage at the beginning instead of near the end of the film, perhaps serving as Carl's main motivator in the Climax. At the very only then I would feel something, or at the very least saving the end of that montage for the said Motivator all the while keeping the rest of the Montage the same. At least that way I probably would have felt something.

Anyways moving on I personally didn't feel anything for Russell I found him on the tads bit in the Annoying side. And as for Dug the Dog I really how incredibly dumb he is, and I don't find that Squirrel Gag all that Amusing. And speaking of I felt the same way with the whole adventuring of the film. And the logic or lack there of. Of a house even of that size could be lifted up by a bunch of Balloons is ridiculous even for a kids film. Oh sure it's kind of iconic and all of that but I just believe that. Oh sure imagining Toys coming To Life when no human is around is nice. Imaging our Emotions having Avatar Bodies while in our heads contorting us in a way is not only fun but at least we could pretend that it is possible. But not a floating house tied to a bunch of balloons that's way too big of a stretch.

And speaking of I just feel that the villain of the film to be on the unrealistic side. As he is clearly a lot older than Carl himself whom is an old man himself. And when he himself was a kid his Adventurer Idol who happens to be the Big Bad of the film is already in his adult years, but by the Carl accidentally runs in to his idol, on his adventure he is in his 70's or 80's. While his idol is still in his late 90's. But at the same time he walks and even fights like a 60 may 70 year old. I could suspend my imagination for many things but for those as I have already said way out there. Now I realize I'm not the Targeted Audience but at the same time I feel that some of the themes and content are a little too mature for the targeted audience. Sure I'm not saying use Guns or anything but still I feel that the targeted audience would either not care or understand or both of what this film is trying to say. And unless I'm missing anything else that should do it for the Negatives for now.

The Good= Despite all that I have said I admit I do like the ""Why Wait For Tomorrow When You Could Do Today"". And I also like the Message of ""Never Let Your Dreams Go No Matter What Obstacles Comes Your Way"". The next Positive that I could give it is, yes I may hate Russell the kid but do like the Sudo Grandpa Grandson relationship between the two. Even thou they are not related in anyway. In fact so much so I wished that was what film about both Carl and his wife Ellie Adopting Russell raising him as their own, instead of this big adventuring. I'm not saying they should take the adventuring out of it completely Just make it secondary. But if must keep the adventuring in the forefront I would prefer what I've already said in the above. And the last Positive that I could think of giving it is that I gotta Applaud them for, trying to make Russell into any but a One Dimensional Character by giving him sort of Background. In away of explaining why he is the way he is. And that should do it unless I'm missing anything else.",3
Up,"I didn't hate the movie, but I don't get why everyone thinks it's so good. There wasn't any part of it where I was emotionally touched, and I think it's because the kid was too annoying for me to like it, as a person who doesn't like children. The old guy is sympathetic, but I can't relate to him much as a young person, and those are all the characters that there are...",3
Up,"Up is definitely a title worth watching, but as a family movie there was a lot lacking that could've spiced it up to a meaningful one. Up is about a grouch that goes on an adventure with a scout that happened upon Carl that particular day. Carl is a widow and tries to realize the last agreed upon adventure he and his wife had planned before she passed away. Especially to Westerners, the issue of elderly loneliness is well-known, but rarely respectfully adressed, especially in the case of male elders experiencing said loneliness. The movie made an attempt at justifying and explaining Carl's background, but fell short of treating elderly loneliness respectfully by playing the issue down by Russel, who tries to help him with this adventure because Carl is old, rather than because Carl has asked for help or because Carl has no other way of realizing this adventure without the survival skills of a scout. I wish there was a movie about lonley male elders that addressed, validated and justified the place and role of male elders in a society that treats them like molding old fruit rather than a family comedy about crazy old people.",3
Up,"Usually I do like Pixar movies,Toy Story,Monsters Inc,Bugs Life and The Incredibles.Even Cars is not that bad as a film,if seen a second time its actually quite a decent good movie.And yes,many people has said that Pixar's downfall did start with a particular sequel named ,Cars 2.Yes I agree it is really bad, and so as Brave.However,there is a movie from Pixar that has actually been a strong reason for Pixar's own downfall,and ironically,the title of the movie is ""UP""

So we started with a scene with the first montage that chronicled the main protagonist of the movie,Carl,and his own time line.And then later,Ellie comes in.Yes,this is what I have to agree,it was very touching and was hardly anything seen in any animated movie.Then we have the funeral scene and the first half of the movie was pretty good,except,until the house on balloon scene,everything turns awry bad.

Look,I've seen the movie twice,but this is the first time I don't really enjoyed a Pixar movie that badly since Wall-e or Brave or worst Cars 2.Okay,the first time I watch this movie,luckily I was watching it in Fox Premium Movies not in the cinemas,I switched of the channel after that balloon scene and the scene where they went to Paradise Falls.I mean that was two years ago.Then again,two years later,hoping that I'll appreciate this movie again,I watched it in my laptop,and thank God I did not rent or purchase it, again the same thing again.As how pretentious the story tries to be,or how hard it is pushing to be one,it will always be very misguided.

Even the character portrayal is pretty bad also.The voice acting is not good and the goals of what the characters were were also very bad.Also the animation is pretty that bad by Pixar standards too.Compared to the awe inspiring ones from Toy Story and The Incredibles,no less they are created in the years where CGI animation was not as advance as today,they still managed to hold up time compared to this movie that shows Pixar's own laziness in character design.And yes,contrasting to what many people say about the portrayal of Russell,I am deeply offended by the portrayal of him,and being a Chinese born Malaysian,I am offended by how stereotypical he was portrayed,because his annoyance reflects on how many of us were portrayed,as annoying and loud Asian people.

So if possible try avoiding this movie.Luckily,the day after watching this pretentious crap,I do watch Big Hero 6,which is another movie that features Asian characters and which has a way better animation and storyline than this one without trying to feel pretentious at all,and yes I am really satisfied with it,giving that it has a way better representation of Asians than Up really has.So try perhaps to avoid this movie,or maybe watch if you are okay with this one.Storywise,it is not pretty bad,but it was mediocre at Pixar's standards.

Overall,it is just a over-hyped overrated movie that was hyped for the wrong reasons.And it is also very offensive too.Also on its side,it was the cause of why Pixar falls so badly.",3
Up,"Though it's an interesting concept, in my opinion it didn't work very well. The idea of an old mans house traveling by balloons to where he wants to go is not a bad idea, but in my opinion, it's not a very good story.

The thing that it made it especially unpleasant to me is the fact that the main character starts out as a happy adventurous kid, but then jumps way ahead to the point where he's a weak old man who needs a cane and who has just lost his wife. This made the whole movie seem rather sad and unpleasant to me. It's also sad how things often don't go very well for him.",3
Up,"I had such high expectations before watching this movie because of all the hype created around it. With all honesty I think it kept trying too hard making it feel pretentious, and it bored the hell out of me. The pacing is so off and everything seems so stretched. Even though it's an hour and a half long it feels like three. The plot doesn't lead anywhere and humour is missing. No seriously, when I say humour is missing I mean this is the only Disney movie that didn't make me laugh even once. Infact I did not feel any emotions flow through my body at all except annoyance, because whenever it tried to make me feel something I just couldn't stop wishing it would just end already (the movie). There's a lot of great Disney movies out there, but this is not it.",3
Up,"I will only give this movie 3/10 for the brilliant (sic!) engineering behind it, that is the tech department.

As for the story, well it puzzles and annoys me: 1. Is there a need EVERY time for a conflict? Maybe so, but let's face it: what is the real target speaking of the public??? 2. I recognize the need for the ecological theme, but I really resent the advertisement for chocolate...

3. I'm really annoyed because of the child's obesity: for the old man to be obese is quite easy to understand, but the recurrent obese child theme must not be neglected...",3
Up,"The opening twenty minutes were quite touching (the famous sequence of boy growing through life and losing his true love/wife), but after that it just went downhill. How far Pixar have plummeted since 'Toy Story?'!!!!! The story is just a bit of fantasy of young and old trying to live out a dream in exotic setting, where danger lurks in form of batty old explorer and his many dogs! Gosh, what originality and what a plodding plot, characters, and empty subsidiary characters!! Yes, you just sit there while old Walt works the sentimentality line he did in the forties and fifties, only with modern animation, eg fat Americans who eat chocolate! Sorry I could not enjoy it more, but you suckered me into the cinema (only £3 each admittedly) and gave me a tired rerun of a lot of other Disney rubbish with superficial modernisms. And please can we really not have that cliché of how the real American Dream of family, apple pie and redemption is just around the block? Does every US film have to make Americans love themselves with no criticism - after all the villain is voiced by a Canadian!",3
Up,"Wow! The programmers at Pixar should be proud that they have fully mastered the creation of hair, clouds and realistic facial expressions. Up is a fine movie. It makes you laugh and cry. Wait. Why is there a cute dog with a collar that can make him talk? Where did that bird come from? Why is she so naturally friendly to humans? Why, all of a sudden, does he do tricks and look cute? Oh, I forgot. This movie, like all other Pixar movies, is for kids.

Come on, Pixar, the Toy Story generation is all grown up. We know you have finally mastered making realistic looking computer animation. Looks great! Now, challenge yourselves to make something with some depth and complexity. Try making ""Maus"" into a movie. Or even something like ""Sin City."" Imagine that. Or are you afraid it won't make money. I know you make double or triple the money off your movies because kids bug their parents and adults have to pay full price! Plus, the kids want all the toys and they are not satisfied until they buy the DVD or Blu-Ray and watch it again and again.

As far as Up is concerned, it is what I call ""generically"" good. It has a smooth beginning, middle and end. However, this is not the most realistic Disney movie (we are referring to Cars here...a movie about TALKING CARS!). Why is that old adventurer so nuts...just because they didn't believe he stumbled upon an amazing creature? If they hadn't of briefly mentioned that crazy guy in the opening of the movie, the third act would have made absolutely NO sense whatsoever.

So, challenge us, Pixar. We can take it. Making movies for kids is great but when will you finally cross over to great art?",3
Up,"I have loved every single other Pixar movie and look forward to their release. While I found the animation to be as amazing as always, the plot was depressing and downright boring for much of it. I didn't care about the characters at all (except maybe Dug) and the talking dogs were about the only decent laugh I found in the whole thing. I am completely baffled at this high of a rating (it was 8.5 at the time of this post with over 50,000 votes). Maybe I'm in a off mood but I don't think so. Anyway, maybe I have gotten to the point that i expect much more from Pixar. Doing a little looking into it this has a higher rating than Toy Story (8.1), Incredibles (8.2), and Finding Nemo (8.3). WTF?!?!?!?!? Those are all much better films by far. I have seen them all numerous times and never got bored once. I couldn't barely make it through UP hardly once!",3
Up,"I was extremely disappointed in this movie. There is so much adult content, this movie should never have been marketed to children. From the miscarriage of a child and message of not being able to have children, to the death of his wife, to the burning of his house and being shot at by the explorer trying to kill him and his friend, this movie has so many inappropriate things for children. Lucklly some children will not be able to figure this all out for themselves. But if they are like my son, they will be asking you questions all the way home. The only good thing I can say about it is that the animation is good and there aren't any four letter words. Shame on you Pixar and Disney!!!!",3
Up,"I never wanted to watch this movie; I confess. But since so many people tries to shove it in my face to watch it, I decided to give it a try...

Even though I was sceptical as I began to watch it, I thought the beginning was pretty good... until they made a montage about their life. That was just stupid. I thought it would be so much more interesting to have a story about the love between those two, how it developed (but I know it wouldn't be about that, but still). The more I saw of the movie, the more I did not like it. It felt cheesy, and used a lot of annoying movie clichés. Kid follows old man even though he tries to get rid of him, the main person's child icon turns out to be evil, the characters manages to get out of unbelievably difficult situations out of pure luck, old man hates his followers and wants them to leave him but he gets attached to them near the end... there's just tons and tons of stupid clichés I can't stand. The movie doesn't even try to be original. But the worst thing of all, was the dumb, dumb ending before we see what happens to the old man and the boy. I am talking about after the house disappears, we see it has landed RIGHT EXACTLY IN THE PERFECT SPOT from the painting, and the camera zooms out to calm dramatic ending music... this moment was so cheesy, so utterly stupid, I felt like I was going to puke. No, really; I felt it coming down my throat. I found it THAT stupid. I admit, it WAS sort of entertaining. But it's way too serious for kids, and way too cheesy for adults. This movie is like Ratatouille, proving Pixar movies are popular just because it's Pixar. Only REALLY good Pixar movies are Toy Story, The Incredibles and Monsters Inc. in my opinion; period.",3
Up,"Up is not a very good comedy, There is barely any laughs at all, maybe 1 or 2. Up is not a good action movie simply because there is very little action, its starts out slow remains slow until the last 10 minutes where i was utterly bored of it. Up is not a good drama, the villains motives are questionable and so is the protagonists objections to the villain. The movie seems to be set in real life yet there is talking dogs. Also they would need about 100,000 times more balloons to launch the house into the air, but the animaters were too lazy to do that.

So basically this movie is about a guy who lives an extremely dull life then gets kicked out of his house. His wife dies before him and he doesn't have anything to do when she dies. Anyway ill try not to waste anymore of my time thinking about this horrible movie",3
Up,"""Up"" is technically perfect. The animation is tremendous; the soundtrack is moving (and compliments the content). For these reasons alone, I reluctantly give 3 out of 10 stars.

That said, the story is SAD, depressing, and too frequently vicious. The story is also SLOW to evolve. Another review I read here hit on the most frustrating aspect – this movie was misrepresented in its advertisements.

This movie is about a man who feels like he has done nothing with his life and as consequence becomes a shut in when his wife dies. We see a montage of their life with lots of sad moments about not having children and the wife's final days in the hospital. Then we meet the boy and find out he is motherless and that his father left him. He hopes getting a scout badge will bring back his father. Uplifting so far huh?! Finally we arrive in South America, where the curmudgeonly old man and whining boy drag a house through the jungle until they meet the old man's boyhood hero. Turns out the boyhood hero is now a murderous evil psychopath who wants to kill the old man and the boy. Mixed in is a playful bird and happy go lucky dog. Oh yeah, the boyhood hero is trying to capture the bird. The boyhood hero's dogs are trying to destroy the happy go lucky dog.

In the end all is well. The boyhood hero plummets to his death and the whining boy's father doesn't come back. However, the old man becomes a new father figure.

I am sure the folks who made this thought they were making a serious film about life meanings, opportunity lost, the dangers of obsessions, etc - they probably succeeded. I took my children to see a movie about a floating house, funny kid, and a goofy bird. They got what they were after, I did not.",3
Up,"I am now convinced that all these people who loved this movie must be trolls. This film DOES NOT deserve the high rating. I repeat, it DOES NOT deserve the high rating.

Before you watch the film, you are presented with a short film called Partly Cloudy. At first it starts off pretty innocent, but then delves into some garbage about how storks bring these awfully cute babies to their parents. And then it goes on to show you that the clouds went on to create these babies.

Absolute garbage! Some of us prefer to be upfront, responsible and honest with our children. We would never teach them this! Granted you have to have a suspension of disbelief to reality when watching films, this kind of theological idea is forced on the audience. Worst of all, it was Unnecessary.

Now onto the film. The best thing I can say about this film is the graphics were spectacular! It's east to see how much money was invested in the technologies to make this product. Next I'll say that my favorite characters were the talking dogs and the bird! They were INCREDIBLE! In fact, they could have made a stand alone film and it would have done very well. Bob Peterson is an excellent voice talent choice.

Now onto the bad. For starters, the content is inappropriate for this film. The first 5 minutes are drama laden, saddening and very, very depressing! Right off the bat, the audience falls in love with Mrs. Fredrickson as a child and onward. For some reason, the script writers don't let this couple achieve their dream of traveling together; every time they save up, they have to spend it on something else. Then they also show Mrs. Fredrickson have a miscarriage. And then later, she dies.

Let me remind you that this all happens in the first FIVE minutes of the film! I kept thinking as I watched this film, ""gosh, this is depressing! I feel terrible!"" Disney films are supposed to leave you feeling like a million bucks! Good things happen to good people and bad things happen to bad people - this is how it should be in the Disney world.

Second, unless you are an annoying, chubby eight year old or a rigid old man, you'll have a hard time relating to these characters. By the time something actually happens to either of them, it's hard to care about them. Countless times, I found myself rooting for the other, no human, good characters or the bad guys.

You can't get me to like you by feeling sorry for you. And that's what this film does to the main character.

I was expecting something like the pixar film, ""Meet the Robinsons,"" but this was NOTHING like that.",3
Up,"I guess, there will not be too many people who'd agree with me. But that is what I really think. In general, I was really upset. I'll even say that I waisted my money and time, because I payed to get sad, while there is enough of terrible things in this world. I was going to see an adventure and comedy but I saw a blue story about unfulfilled dreams. If you remember a movie 'What dreams may come?', I have the same feelings after this one: this world is unfair. I'd say that this movie is good for kids - it will teach them some generally good characteristics. And movie wasn't funny...it was cute and nice...and heartbreaking . Someone can say, that it is a sign of a good quality movie, when it touches your heart. I agree with that, and sometimes it can be too much of touching. If it had less sad parts but with the same story it would be better.",3
Up,"Do not take young children to see UP. The movie starts with a depressing montage of an young boy meeting, marrying, and then burying the love of his life. They grow old together, childless, after finding out that she is barren, and then the wife dies. That is how UP opens and it only gets worse from there. There is physical assault, the endangerment of a child, savage dogs, fire, more physical assault and death (again). There is nothing uplifting or redeeming about UP and most of the young children in the theatre had to be carried out crying, because sections of it are dark, menacing and terrifying. The parents I was with agreed that this had to be the product of a disturbed mind and castigated Disney for ever releasing such violent dark content. Nobody had any idea how UP got its rating, with all the violence and darkness. This movie can and probably will damage the Disney brand in terms of how much parents trust it in future. Not suitable for children and by no means is it an uplifting, funny or enjoyable film.",3
Up,"The kid screamed, cried a river, feared, worried, wanted to get out of there, wanted to quit the whole thing and go home.

I am not talking about Russell, the kid character in the movie, I am talking about my 6 year old kid. It was his worst time ever in a movie theater. Certainly I regret taking him to see this film.

SPOILERS START HERE

Sadness (excesive in my opinion), dogs with ridiculous talking gadgets to save film time, an exaggerated villain (who being a hero world explorer becomes a raving-mad animal slaughterer in a split second), a cartoonesque rare bird taken from a Porky Pig episode that is neither funny nor tender and scared the hell out of my kid, a miraculously resistant hose, inconsistent time tables (if Muntz was a grown up when Carl was a kid, how old is he when Carl is 78 years old?), graphic violence and a common place kid of divorced parents to fix the tearful ending.

I certainly do not agree with all these ""best Pixar film ever"" reviews. The story is not solid, everything is excessively explained for an adult film and extremely violent for a children's.

It seems that some executive had the idea of a flying house and nobody knew what to do with that.

Yes, the graphics are great, but then again, Pixar used to do more than that.",3
Up,"I own every Pixar film on DVD but I have to say that UP may be the first one I pass on. I was very excited about seeing the film today after reading several good reviews. I think now that perhaps some reviewers out there are letting the Pixar reputation get to them. I can't believe ANYONE would say this is one of the best films of the year. Films like MONSTERS, INC, FINDING NEMO, WALL-E and TOY STORY deserved accolades like that but UP doesn't have the heart those classics did. The film is at its best early on when the characters aren't talking much. We see a montage of the lead character's life as a young Carl meets an exuberant girl named Ellie. We see them marry, live a life together, experience the highs and lows of life and finally, we see Carl loose his beloved Ellie and become a widower living alone in the house that always was their home. This sequence is moving and made me think that Pixar was about to strike another home run. However, at this point the characters start talking more and the story starts to get a bit...much. Carl decides to tie a bunch of helium balloons to his house in order to fly the house off to South America on the adventure he and Ellie were never able to complete together. He unwillingly takes along a young boy scout stand-in (Russell) who ends up on Carl's porch when the house takes off. Russell is determined to earn the patch for helping the elderly required by his troop in order to graduate to senior status. The balloon premise is a bit far-fetched but since it's an animated film, you go with it. However, once in South America, things get progressively weirder. Carl and Russell end up walking through the jungle and mountains with the house strapped to them, floating above. I think I knew the film was NOT going to be the usual classic I was used to from Pixar when they come across a bunch of talking dogs. It seems Pixar, whose done films about animals who can talk and done films just about humans, wanted to mix the two so they write into the story these dogs with collars that allow us to hear their thoughts. The dogs belong to an old adventurer living in the area who is determined to capture a big, ostrich-like bird to prove he's not the fake the world judge him to be decades ago when he claimed the bird existed. The adventurer has hundreds of dogs and not only do they search the jungles for the elusive bird, they also cook for their master, serve meals AND fly planes. Very weird. I think if you're going to make a film about smart, talking animals - make a film about smart talking animals (FINDING NEMO) and if you're going to do a film about humans, do one like THE INCREDIBLES about humans. In UP Pixar tries to mix the two and it just doesn't work. The ONE character who I thought had the most heart and was most interesting, was Kevin, the big bird who doesn't talk, seems devoted to her young and takes an instant liking to the human boy who probably reminds her of her babies. I heard kids in the audience more than once asking what was going on because they couldn't quite understand the story. I suspect UP will not be one of those films kids will watch over and over again like they do with the other Pixar classics. Pixar has some incredibly talented people but in UP I think they spent too much time on ""cool"" ideas and not as much time on developing the story and characters into something we could care about and believe in.",3
Up,"Have you seen ""Shrek""?

You have? Oh good, that saves me a lot of time. ""Up"" is basically that.

No? Well, fine. Alright, I guess I'll review it for real then.

""Up"" is about a grumpy old widower who rigs his house up with a million billion helium balloons so he can fly it to South America and live in Paradise Falls, which is what he and his dead wife always wanted. On the way of his adventures he teams up with a goofy boy scout, a goofy talking dog, and a goofy tropical bird. He also meets up with his idol and fellow adventurer, who then sets out to try to kill him for ""stealing his bird"". Then the good guys win, the bad guys don't, and everyone has a happy ever after.

Doesn't sound like Shrek? Allow me...

Entire plot of movie = grumpy people + foils get put through some adventure the grumpy people don't want to do, but through doing it become generally happier people with metaphorically and physically more than what they started out with. In Shrek's case it was a princess. In Grumpy old man's case it was a big blimp and a team of talking dogsand the opportunity to see South America.

""Up"" is by no means a bad movie...overall, it's a good movie in its own right, but a disappointment for me personally.

This review was edited for length and content. To read more the whole thing, and more reviews, check out my blog! http://moviessuck.tumblr.com/",4
Up,"They've really got the animation 'down', they are seasoned pros at it, and can do almost whatever they want. However, they've never seemed to work on getting skin and faces to look at all realistic. After all the work to make fur, feathers, water, clouds, fire, food, and almost everything else look like the real thing, it seems high time to make the human characters look like something other than play-dough. If they can get that down, there's a whole new world of human features and expression opened up. Just getting tired of looking at plasticine characters, it's time to move on from the ""Toy Story"" look. Even in 1988 Jessica Rabbit looked at least 2-D human, and 20+ years later Pixar could probably do something good if they tried.

This movie -- started very slowly and boring, even as an adult I was asking, ""What is this? What's this about?"" well into it, and it didn't hold the kids' attention. The story is weird, and also simple.",4
Up,"Technology is a wonderful thing. However, maybe we need to spend a little more time contemplating the subject matter of our ""cartoons"" rather than how cool we can make them look. To begin a child's movie with the revelation that death and heartbreak are inevitable is just plain stupid. This movie is a depressing look at real life that is, in my opinion, completely inappropriate for a child. I thought that, given time, the movie would accelerate to a more upbeat theme. No such luck. Throughout, you're reminded that this poor old man is alone. Old and alone are just not entertaining subjects, even if they're wrapped in bright colors.",4
Up,This movie starts really strong. The back story is amazing and I wish it would have stopped there.,4
Up,It was kinda good. I know it is cartoon so it doesn't make any sense but still it was that good and it is so overrated,4
Up,Damn its very emotional and sad. I prefer more happy movies,4
Up,"I remember the early years of Pixar movies. Time after time, they gave us more than any other studio, with fantastic stories, animation, acting and heart. Something for everyone, regardless of their age.

Then came Cars. This was not so good. Not bad, but not up to Pixar's standard.

Then there were Ratatouille and Wall-E. Both had great concepts and started their movies so strongly, only to slide into a boring mess.

And that brings us to Up.

The movie started so beautifully. The story of Carl and Ellie was like magic. It was incredible story telling, with so few words actually spoken. Could Pixar keep this up for the whole movie?

Sadly, the answer for me was NO. Everything collapsed as soon as the house went UP. All the other characters were annoying. The story was weak. The humour was juvenile. I felt like I was watching an episode of a Saturday morning Disney cartoon from the 80s.

So Up concludes the trilogy of good concepts badly executed. Another great start that peters out far too quickly.",4
Up,"Carl (Asner) and Ellie meet, get married, can't have kids, she gets ill and dies. Carl blows up balloons to lift the house to Paradise Falls in South America, a place he and Ellie always wanted to go.

This is a tear jerker, and really not for kids. The first 25 minutes will tear your heart out. This is a love story and you are reminded of that every step of the way all the way to the very end. Yes, Ellie dies, but the love lives on. Now, this is okay, but keep a box of Kleenex around. Maybe two. You like to see kids cry? What about seeing adults cry? Hmmmm.. The promos have you believing this is a wonderful kids story. It's not. This is quasi adult story told via a cartoon. Cartoons appeal to kids. I rest my case.

Okay, to be fair, maybe most kids won't notice the love story, the illness, the dying and that's fine, but this is not the Disney I came to know through the years. Not at all.

The story continues and things happen and you forget about Ellie for about 2-minutes; then Carl, who always has Ellie on his mind, remembers something about her and there you are again reaching for the Kleenix. I must say it is astounding how fast we latch onto the deep love emotion and at every reminder of Ellie we are reaching for those pop-ups. We just don't like to see good people sad, even if they are cartoon characters.

Later on in the story we meet Charles Muntz (Plummer) an Explorer type who is on the search for a bird no one believes exists. And, we have talking dogs. When Muntz mentions out loud that meeting Mr. Fredrickson (Carl) is a real treat the dogs go wild. This was a funny scene with Muntz saying he has to be careful about using that word. I'd say it was the funniest scene in the movie. The dogs do provide some humor at times.

The voice of the dog, Alpha, was also supposed to provide some humor, but at times Alpha sounded like one of the Chipmunks and at other times, when Muntz adjusts the electronics in the collar, he sounded like.well, I really don't know. With either voice he was very difficult to understand. So much for humor there.

Oh, when Carl lifts the house UP into the air Russell (Nagai), a Cub Scout, looking to win a merit badge for helping elderly people, comes along too. I suppose he was supposed to be comic relief, (Carl is depicted as a grumpy old man), but the dogs win this hands down. Russell is used to move the story to places Carl doesn't want to go at times. Russell hopes his father, who he rarely sees, will finally make one of the Scout presentations. The father never shows. Where's that box? See?

Why would I watch an animated cartoon again? Wall-e was a disaster, so why? I had to see what others saw in here that prompted it to be nominated for Best Picture. I now know these people are useless and crazy, and I will never watch another animated cartoon movie even if, by law, it is the one movie I must watch before I die. I'll go along with Animated Feature category, but not Best Picture. Best Picture? No, let's leave Best Picture to the humans, not animations. Give me a break.

Violence: Yes. Sex: No. Nudity: No. Language: No.",4
Up,"This little cartoon here settles for superficial caricature frames that it collects along the whole picture, like every theme and major point are a thick idea barely developed at all just hastily thrown in. It's incredibly formulaic.

They establish how he's got this idol at the start of the film, and how his wife dies too soon and he loved her so dearly, and the little inside jokes they had between them (which is cheaply used as a recurring thing throughout the cartoon, like the obligatory repetition/emotional thing), and then there's the bad guy who's the irrational caricatured token bad guy, then the kid without parents just looking for love and companionship, then they threw in dogs because everybody loves dogs but they're not even all that funny (although some of it is okay-funny).

It's way too rushed, and it's not touching at all and isn't very funny. It's mostly boring and just a little story to follow, nothing more.

The two best things are the visuals and the sad main theme. Past that, it's mediocre-level.

Failed cartoon, just a shell of what it means to be. Wayyyyy, way overrated.",4
Up,I think this movie is not logical in many parts and just suitable for little kids!! The sotryline is very simple but the only good thing about it is that you can't find any other movie like this...!!,4
Up,"****THIS COMMENT MAY CONTAIN SPOILERS***

OK, so I know it was supposed to be a ""kid's"" movie, which is how most Disney/Pixar titles are advertised, I can't help but feel, after having taken my 3 1/2 y.o. to see it, that it had some pretty 'adult' themes that could have been better left out. And, before I'm besieged by folks saying ""IT WAS RATED PG!"", (of which I was totally aware), the film to me just seemed to have too many downers that supposed kid-friendly movies can do better or just without altogether.

First, the death of the main character's spouse-complete with hospital stay? Just a little morbid to me. Fortunately, my little guy was enjoying movie snacks through most of that, so he didn't focus on it then, but he asked about her later when we got home. And I had to pull out my best explanation of it for a preschooler.

Then, did anybody else think the 'talking' dogs were just weird? I found them creepy, and my son had a kind of 'head cocked to the side' look along with an ever-present hand on my arm whenever they showed up. Dogs in movies are supposed to be fun, so this one went way on the other side to me.

And, to have them chasing the main characters, along with a very strange bird, and a formerly, high-spirited, but ultimately insane and homicidal adventurer/poacher, just kind of gave it all a bit of a pall to me.

In Pixar's defense, they did add lots of colorful balloons, the requisite cute kid, a hopeful premise (letting go to truly connect), and a smiley ending.

And, my little guy was ecstatic to tell his Grandma about the 'old Daddy' (Fredrickson), the little boy, and how the 'storm made the pictures fall off the wall'.

So, I guess that's all that really matters!",4
Up,"what has happened to Disney and Pixar cartoons nowadays.

think back to some of not only the best cartoons but some amazing films such As THE LION KING and TOY STORY

this film hardly compares to these films.

the only cartoons really that should be in the top 250 are those Disney classics that were made before the millennium and maybe finding Nemo. i cannot understand how this film was so high,

the only good part was the middle part. what was the abortion at the beginning this is meant to be a kids film, someone dying is okay but an abortion is far too deep.",4
Up,"Blockbuster animated films need to walk a line between being eye-catching and silly enough to be fun for kids, while being smart and deep enough to be rewarding for adults. Any violence should be, well, cartoonish. This film didn't balance between being a kid movie and an adult movie well at all.

The animation was flawless. Ed Asner was perfectly cast and depicted. The silly stuff (Squirrel!) was there in painful overabundance. The film was eye-catching beyond description, especially in 3D. The story of the main character's loss of his dear wife, though, was gut-wrenchingly sad, and must have been utterly confusing to children. The fight scene where the too-evil explorer was shooting real bullets at a child with intent to kill him was far too violent and real for children. The villain's death was unnecessary.

Since I won't be showing the film to a child, I looked at it from a purely adult perspective, and found too much childishly silly content to make it a good film for my tastes.",4
Up,"Pixar, used to creating $200m hits were sure to slip one day and this is for sure it. I'm sure there will be a lot of investigations and soul- searching going on after this mess.

The film's basic idea is pretty lame, and then the execution is even worse. There were certainly some promising moments in the film. The couple's cute life in silent mode, the almost cute dog with his squirrel distractions. But they were more than overshadowed by the distractions like the Bird ???, the super-explorer turned villain and the little kid.

All in all quite a disaster, its like it was done by the Pixar trainees without one touch of supervision from the people who made the studio's mega blockbusters.

As an aside, I'm not sure IMDb can do much, but the fake high ratings and fake great reviews for this movie are unprecedented. But when your a studio with x million dollars to invest in marketing, hiring 50 interns for 4 months to write comments for you makes a lot of sense. But of course, as with any useless movie on IMDb. Go to the first entered 4 pages of comments to see the *real* opinions.

Don't be fooled, this movie is a disaster, and not your Finding Nemo or Wall-E.",4
Up,"My wife and I saw Up in 3D last night. Just us 2 adults, no kids. We have seen most of the animated features in recent years and liked most of them. I thought Up was decent, not great, but OK. My wife HATED it!

I agree with pretty much everything *negative* that has been said on this board about the movie, but I haven't seen mentioned the thing that bothered my wife the most: there are NO female characters past the first few minutes! The only female (human) even in the movie is Elie, very briefly as a tomboyish child in the very beginning, then as an adult in a short, silent montage. So by 5 minutes in, it's all guys. I guess the bird was female, but that fact is so far from obvious that she gets named ""Kevin"" by the little boy. (Maybe some of the dogs were female too, but you couldn't tell.) I didn't even notice the lack of female energy until my wife pointed it out but it's true, and I think it contributes an overall imbalanced feel of the movie.

As for the 3D, I thought the scenery was very nicely done, but the overall use of 3D was more subtle than many other 3D movies. I don't remember any ""coming out at you"" shots at all; most of the 3D images were at or behind the screen rather than in front of it. I think this may be why many have commented that they didn't even notice the 3D. Also there were too many ""flat"" scenes that might as well have not been in 3D, such as long closeups of items in a scrapbook and long segments of black and white old newsreel style footage on a TV screen.

So I'll average my 7 opinion with my wife's 1 and say 4 out of 10.",4
Up,"I finally watched the whole thing after many tries ended abruptly in absolute boredom somewhat the halfpoint before.

And I just can't see it. It happens. We all agree on those marvelous first 15', a mini movie in on itself, with enough quality that required almost no dialogue and comunicated everything that even entire movies often can't.

But... after that, is so boring. The jokes do not land at all, the fantastic nonsense is not as imaginative as in other Pixar movies, and the plot, and particularly the antagonist/villain for sure do not work for me, therefore the very good (in a vacum) ending (last 15') just doesn't work for me at that point. So... I don't tink so.",4
Up,"I am so disappointed with this movie!! I was so excited to see it and I left the theater disappointed and sad. I know that most movies like this have obstacles characters need to overcome, but practically the entire movie was one negative and sad/bad situation after another. Way more trials and tribulations than funny moments. I went with the expectation the movie would have an overall positive and fun theme but it did not at all. It was a big downer. I can't imagine kids would leave this movie feeling all happy and cheerful as with most animated films. I will say that the animation/technical aspect was superb. Too bad the story wasn't as well.",4
Up,"Maybe I came in with too high of expectations, but I know I'm not the only one who thinks that this movie wasn't so great. It was just OK. It had funny lines, -all of which were already shown in the previews-, and a pretty good plot, and great animation. But I just don't see why so many people think this is such an ""awesome"" movie. There was no adult humor at all, so maybe all the ratings are from parents or children, I don't know. I think the 3d version must be a whole different movie than the one I saw, because I walked out thinking it was just mediocre. Heres some advise, do Not watch it if it's not in 3D, you'll probably be disappointed as well.",4
Up,"In the past couple months I've seen Coraline, Aliens vs Monster and now UP. UP is the weakest of the 3. Balloons are beautiful and the scenery is great. And that about sums up the 3 D. The story? Yes Bambi and Lion King have the sad beginnings from which our ""hero"" emerges. Carl, however, is an old man who at the end defeats a guy who has to be 90+ years old. Dogs flying airplanes? Please. The talking collars are maybe believable but come on. The hero of Carl's youth kills people who come to ""steal"" his elusive quarry Kevin? Just one more ""loss"" for Carl and the much missed Ellie. Why does Russell remind me of Dash, check his mouth. Why does the black father at the end look like Ice or whatever his name was in The Incredibles? What happened to Russel's father? Why is Carl there at the end and ""mom"" is sitting in the audience? They needed Russel to be an orphan and they couldn't come up with a story line for it. The whole no child section is just too much at the beginning. If you are looking for a good cry about lost lives, lost loves, lost dreams and some ridiculous resolution when you throw away your cane and become an adventurer, here is your movie. Maybe they'll make a 3 D animate version of Sleepless in Seattle next?",4
Up,"I'm writing this primarily because of all of the reviews and comments that are playing down what is REALLY in this film with remarks like ""the beginning is a little sad"" or ""it's PG because of some slightly intense chase scenes but it's nothing"" - it's not fair to people who are doing their homework and trying to figure out if it's suitable for their young children. I've never before left anything close to a negative review about a Pixar movie. And even now this is not exactly negative, but it's truthful. I think they went a little too far with adult themes in this film, to the point that I will hesitate before rushing out to see another rated PG Pixar movie with my youngest child.

*****SPOILERS BEGIN HERE*****

The movie starts with the old man as a young boy. He meets a girl, they grow up, they get married. They aim to have children, they put a nursery together, and then - you see the wife sitting in a gynecologist office, and she is receiving news that she is infertile (some argue she had a miscarriage). She's crushed, and he promises her to fulfill their dream of going to South America, and they start a savings for this trip. Over the years, bad things happen, and each time they raid the trip fund. Carl finally realizes they are running out of time and buys the tickets in their old age. But Ellie ends up in the hospital and dies, never living her dream. Cut to now - Carl lives alone, and his home has become an island in a huge construction site. His view every day is dust and dirt, and construction workers and their vehicles. One day a vehicle bumps his mailbox and Carl bashes the worker who came to set it right in the head with his walker. Yes there is blood. He ends up in court, is declared a threat to society, and it is determined he will lose his home and be placed in a nursing home instead. By now I am thinking this isn't my idea of a good time, or a light afternoon with the kids. But I stayed, having faith it would turn around from there. The kid who ended up stowing away as Carl tried to escape his fate turns out to be a child of divorce who has been abandoned by his father. The two of them run into Carl and Ellie's childhood hero, and the hero turns out to be sadistic and deranged and the rest of the movie is spent with them being chased by this ""hero"" as he is trying to kill them. The one good dog Doug, spends the entire movie trying to get Carl to take to him. In spite of his harmless good nature, Doug is also targeted for abuse from Carl (much like the construction worker that was only trying to help). Carl growls at him to go away calling him a ""bad dog"" in a most cruel way, and kids cried as the dog slunk off with his tail between his legs. One little girl wailed But he's NOT a bad dog! He's a GOOD dog!! for ten minutes. The bird Carl and the boy were saving from the demented adventure guy is badly injured as she helps them escape, and she's a momma bird, and there are babies left (more abandonment) if Carl can't get them reunited. She ends up limping in a leg splint. The house itself is beat up, gutted, and almost burned down at one point, before it finally has to be sacrificed for the sake of saving everyone in the film. During the ""happy"" ending, you see the kid getting his promotion to senior scout, all the kids are standing there with dad, and he is there on stage alone. Granted Carl shows up to stand by the kid during this moment, but how many kids of divorced and absent parents do you think need this kick in the head to remind them of what they also don't have? Basically very little is left ""safe"" here - growing old, death, infertility, abandonment, broken promises, losing your home, court sentences, nursing homes, bad news from doctors, unfulfilled dreams, inability to get ahead, missing fathers, disillusionment, kids tied to chairs, birds with broken legs, babies left with no mother, mothers left without children. There are funny moments, and touching moments, but for me it wasn't enough to lift the heavy blanket of everything else that transpired. Of course, I had my little girl with me. I would look at her at times to see how she was taking the movie, and I'd see the bottom lip poking out, and she'd look up at me with those big soulful eyes, and suddenly I would want to wring the necks of the people who wrote certain plots of this film. But I never dreamed I would need to prescreen a movie from Pixar, and so I didn't, and this was where I went wrong. So in closing - how so many people are glossing over this stuff is beyond me. I've seen a few comments from people who feel like I do, so I know I'm not alone in my feelings that Pixar really went for the grown ups with this one. And plenty of adults are screaming about how much they like it, and I say of course they do, the film was written for them. But I think it came at too much of a cost in regards to the kids who have been cheated out of a movie that should have been geared more towards them. Someone speculated that maybe Pixar did it because wanted to be taken seriously- but as a result, I think they valued themselves more than they did the audience. And that's a sad thing to see.",4
Up,"After watching the movie, after hearing all the critical hosannas it received, I was quite a bit disappointed by the movie itself. The animation was gorgeous as usual and the images of the floating house were really memorable. What struck me was that none of the beauty of the film had gone into the creation of the story. It was frankly lazy and uninspired. WALL-E was an example of a film in which the plot and the characters were every bit as absorbing as the animation. The best part of this movie was the small, dialogue-free montage of Carl and Ellie's marriage. Very touching. But those few minutes could not compensate for an entire film that chose the easiest story options at every single opportunity. You could see every plot development coming from a mile away. Previous Pixar films did a great job in making even the most sappy, sentimental moments feel special. This movie failed to do that for me.",4
Up,"My feelings on this film seem to go against the vast majority of those on IMDb, but I really did not enjoy this movie. I thought the scenery was beautiful, sure, and that the story was at times touching, but none of the characters were strong or even all that appealing, and storyline tried way too hard to milk a childhood idea and lost steam quickly.

From the beginning it is extremely sad, which would be okay had they not advertised it as a comedy. The comedic relief was lacking, with only one real funny character (Doug) who got annoying quickly. He redeems himself by becoming calmer and more loving, but his counterparts only wear out their welcome more.

I'm having trouble wondering what Pixar was thinking in making the main characters a stubborn, old, depressed man and a dumb, fat child. Perhaps with the latter they were trying to make up for their social criticisms in Wall-E, but it was still a poor choice. I know that Mr. Frederickson had to be old and shows more emotion if he is stubborn and sad for over half the film, but it doesn't make him any more appealing. And if his wife meant so much to him and the story, why was she only in it for 5 minutes? Finally, to briefly touch on the antagonist, his motives were stupid and he should be way older than he was. He has a huge collection of beautiful things, yet is going after a multicolored ostrich. Look at his collection! Everything in there was way more spectacular than that bird that eludes him for so long! Moreover, considering his inventions its baffling to me that he couldn't take a picture or even do things that other characters do easily to find it.

I was not at all satisfied with this film. The animation is great, and the story shows glimpses of true beauty, but it's target audience seems to be those well passed retirement. I think it was easily Pixar's weakest undertaking yet.",4
Up,"The first 10 minutes are great and heartfelt, but the rest of the movie is just standard kiddie-animated-action-movie fare, but without any really funny gags or interesting or quirky characters. It seems for a lot of people the central premise/moral of the story touches a nerve, but that one idea alone isn't enough to lift the movie above an average rating.

The animation is very good, as one has come to expect from Pixar, but sorry, the bar has been raised - in 2009 this level of quality has become the norm, i.e. average.

The character development is good for Carl Fredricksen, but lacks depth for Russell and also for Charles Munts. Carl is really the only person in the movie who you kind of get attached to, but again, mainly due to the first 10 minutes montage of his life.

The movie doesn't contain a lot of humour - the one it does have seems forced and silly (dog voice collars, the bird swallowing Carl's walking stick, etc. - yawn). This movie is nowhere near the league of Pixar greats ranging from Toy Story to Wall-E. For other studios this might be considered good, but for Pixar I would consider it average at best.",4
Up,"This, at least for me, was one of those movies where it gets really hyped up, but winds up not living up to the high standard I was told to expect. that being said: it is a cute movie, one that kids will enjoy, and has some excellent animation.

The plot could have been better developed, and really, with the exception of Carl, all the characters are extremely static, the worst of all being the villain who gets all his development within the first five minutes of the movie. The time line of the movie is not even remotely realistic (yes, I know it's a cartoon, but a day to get to South America then three to walk 2 miles?)

As of this writing: this movie is rated as being within the top 20 of all time, a honor it doesn't even come close to deserving. Yes it's got it's moments, yes your kids will like it, but don't go in expecting the next movie that people will be talking about for generations.",4
Up,"It's gotten to the point that most people assume that whatever Pixar does, it's going to hit a home run. But in the case of their latest 3-D animated story, ""Up"", I'm sad to report that this new Pixar concoction does not live up to the all the hype. For those who are watching a Pixar animated film for the first time, of course 'Up' will seem quite impressive. After all, no other studio comes close to Pixar when it comes to the technical aspects of animation. But ultimately, whether a film is animated or not, it's the story and the characters that make a film great.

It was a bold move to choose an octogenarian as the film's protagonist—on the surface the crotchety curmudgeon, Carl Fredrickson, the elderly Spencer Tracy look-a-like, is the type of character we haven't seen before especially in an animated film. And 'Up' starts off with two very neat scenes: 1) a take-off on the old Movietone newsreels a la Citizen Kane and 2) a lovely montage sequence which chronicles the graceful aging of Carl and Ellie, the girl he's known since childhood, who becomes his wife.

The montage sequence is notably silent and doesn't allow for much character development as to what makes Carl tick. It seems he was always introverted but seemingly happy until Ellie's death. It's perhaps suggested that loneliness has turned Carl into a curmudgeon but with all those happy memories of Ellie, I wonder why he turned into such a sour puss. And that essentially is the problem for most of the film: Carl is simply not very likable. He spends most of his time not acting very nice to Russell, the Explorer Scout stowaway, until the film's climax. But it's quite predictable when Carl finally learns the all-important life lesson that it's much better to be empathetic than uncaring.

'Up' is similar to Pixar's prior effort, ""Wall-e', in that it takes too long to introduce the film's antagonist. In Wall-e, we spend a little too much time observing Wall-e as earth's last operable trash compactor. But even those activities prove to be far more interesting than the flying house in 'Up'. After about five minutes, the house with the balloons becomes tiresome; it's not a very clever idea to begin with and all the smashups as it makes it way to South America, prove to be more repetitious than Wall-e's penchant for turning mounds of junk into perfect cubes.

When we finally meet up with the long lost ""Man of Adventure', Charles Muntz, and we saw that Muntz was already probably 30 years old in the newsreel at the beginning of the film, then we must conclude Muntz would be at least 110 years old when he meets up with Carl. But he doesn't look a day older than 90! Muntz at least has a little more personality than Carl but he's much too mean a character for such a light-hearted story. For all parents who plan to take their young children to see 'Up', be forewarned: Muntz and his talking dogs are vicious and wholly inappropriate for your young children who will probably leave the movie theater quite scared and some even crying! The giant dodo-like bird, Kevin, is much more appropriate for the kids but when Muntz's pit bulls start attacking him in old-fashioned bi-planes (straight out of King Kong), the charm flies out the door.

The film's denouement wouldn't have been so bad had the adventure in South America been a little more engaging. There were just too many scenes of Carl and Russell tethered to the house, huffing and puffing as they try to reach the illusory waterfalls along with the talking dogs. The rest of it was perfectly acceptable: Carl becomes the good guy, realizes that the reaching his goal was an illusion and bonds with Russell back home. The best part of the film are the closing credits which give us a sneak peak into Carl and Russell's life after their return to the 'ordinary world'.

In the end, 'Up' is a tale of political correctness. Two outsiders, the elderly Carl and the obesity challenged Wilderness Explorer Russell, are able to not only defeat pure evil but overcome both the forces of nature and their own limitations. For Carl it's his self-pity and for Russell it's his lack of self-confidence. Ultimately 'Up' falls 'down' since it's all rather predictable stuff. Pixar has become complacent, simply resting on its laurels. There is only one direction Pixar can go from now onand that is up!",4
