title,comment,rating
Whiplash,"Silly, I know a lot of drummers and this boy was close to a metronome. AMAZINGLY un realistic. If the instructor is THAT good, why isn't he gigging?",1
Whiplash,"That...was...really bad. I have no words. I literally thought maybe I was watching the wrong movie after hearing all the good reviews.

I love JK Simmons too...great actor! And Paul Reiser...another great actor!

But...wow. Had to vent after watching that. Nothing made sense or had any tie to reality or music...which would be fine for the sake of a movie...we kept hoping it would have some really creative twist that would make it all make sense...but it never came. We were left dumb-founded and confused and amazed at how this got such great accolades. I think that's why I wanted to write this review. I admire the writer / director for making a movie...that takes a lot of effort and stuff. But how it was hailed as being such a great movie is truly confusing. I never leave bad reviews...for anything! I just had to share my thoughts here...I feel like the world is trying to play a trick on my or something. Haha.

Good gracious. Terrible!",1
Whiplash,A story of abuse but lessons learned too late. Athlete A nails the story with much more craft.,1
Whiplash,"This low budget film has no business being in the top 100 user rated movies. Seriously? It is such a very predictable movie. And extremely shallow. Holy cow. I watched this movie from beginning to end and was left at the end just simply angry. This movie takes you to edge of greatness only to be left falling off into the cliff of complete abysmal disappointment. The actors are actually great, but it just doesn't take you to the next level of a very compelling and intriguing movie. It's a complete letdown movie greatness. It HAD so much potential. Don't waste two hours of your life expecting to feel empathy for the characters, or impacted by the characters, because you will only to be set up for some real movie disappointment.",1
Whiplash,"It is a rightful way to be so horrific kind of figure that is means death for a milisecond mistake in the most prestige music school whatsoever yet some way to achieve perfection, in the name of unreal Hollywood fantasy again...even if i give a head with those deadly perfectionism...there will only a cold music monster machine than a human. Just imagine every player kill each other for just a milisecond whatever, surely this unreal fantasy of Hollywood should be stoped before it gets real and be a disaster...",1
Whiplash,"Cinematography looks like urine stain. Lots of shaky hand-held camera work, lazy. The acting is atrocious. Miles Teller sucks like always. JK Simmons plays a cartoon character. The dialogue sounds like it was written by a pretentious Harvard student. This film is a rip off of Full Metal Jacket. They have the drill instructor that is loud and over the top, except the dialogue is trash. The music is boy band crap, not real Jazz. The film rips off Black Swan's plot. The drive of ambition and obsession of art forcing the individual to sacrifice everything and embrace his artistic values to the next level. Oh yeah, there was a movie called Black Swan. Nice try Chazelle, but you've been caught 2/2 ripping off other people's work. I hope Chazelle gets sued. He is no artist, he is a copycat like Tarantino.

0/10.",1
Whiplash,"My wife (a professional pedal harp player) and I watched this highly praised movie together. At the end of it with we couldn't agree more: ""what a pile of garbage!""

In short, the script wants the viewer to fall for two main assumptions. First, that the end justifies the means, which is already a very objectable idea. Second, that playing good music is 100% about how fast and precise the player can perform. Now, if you've EVER played an instrument in your life, even just as an amateur, you may realize how wrong the latter idea is.

The fact that some of the actors (i.e., Simmons) are very good and that the overall visuals are well crafted, is not enough to make the whole script look credible. Maybe if the story was not about music, but rather about, I don't know, some sport maybe, it might have worked better. As it stands, the whole movie looks cringey, unrealistic, anti-musical and a waste of the viewers' time. It is perhaps a sign of these times that so many people here on IMDB rated it highly, while the music industry sinks more and more into commercial, soulless music-making...",1
Whiplash,"This movie was okay, until the end. Throughout the movie it was mildly engaging but not overall a good movie. The ending was completely unsatisfactory as there was no real resolution, so the conflict was left undisputed. Instead of there being retribution from the character who was attacked, ridiculed and threatened throughout the entire movie, the two teamed up. Nobody wants to see a movie where everyone is happy in the end; we don't live in a fairytale. Overall, if I could rate this movie less I would, but sadly I cannot. Would not recommend to anyone and I can see how it got it's 3 academy awards.",1
Whiplash,"The poor story ruined the excellent music and cinematography. I do not understand the high ratings.

Either Fletcher needed to change or repent, or be wiped aside as a man without character and depth. His ""mission"" was self-righteous, shallow, and damaging. It was idolatry of success, not the real enjoyment of the gift of music that drove the two main characters.

Any other movie centered on art would centerpiece the enjoyment of the art. Yes, hard work and a singular focus are essential, but the movie lacked soul-would any real jazz musician enjoy it?

""Just paint harder, play harder, sing louder"" results in cacophonous effort, and nothing is communicated therein but the effort to communicate it.",1
Whiplash,"What an absolute non sense film. What a pretentious load of baloney. I would rather take a horned cactus up my arse and jump on it repeatedly rather than watching this stupid movie.

0/5 star AVOID AT ALL COST !!",1
Whiplash,"""Belief in a future heaven creates a present hell."" -Eckhart Tolle",1
Whiplash,"I hated this movie. There's nearly no plot and zero character development.

Regarding the music, if you're super into fast drum solos, sure you may find this appealing. But for me, I don't find this tasteful at all. I like jazz, but the jazz in this movie was just too noisy. I hated it.

On top of all these, this movie manages to send all the wrong messages of revenge, of bullying and of pettiness.

This was a waste of time and money.",1
Whiplash,"I highly unrecommend ,it's such a stupid,boring ,disappointed movie.",1
Whiplash,Way over done. Didn't care for it at all. Being a music in one form or an other most of my life it felt so fake as my learning process was a joy not a boot camp experience. Simmons mannerisms as the professional left me cold.,1
Whiplash,No os dejeis guiar por las criticas. Una basura de pelicula,1
Whiplash,"During the first fifty minutes of this movie, you will be subjected to so much ridiculous garbage it'll make your head spin. Unfortunately, the lead role is played by a very unconvincing and bland young actor with not much talent. It's very difficult to enjoy a movie when the lead is such an idiot and loser. He's a goofy looking schlep who somehow gets this gorgeous young girl to go out with him, then he dumps all over her to pursue his career (which he doesn't even have yet). The relationship with his family is typical Hollywood over dramatized nonsense. Plot contrivances rule the day here, and they're done so poorly and obviously that I just didn't care either way. Which brings us to the biggest flaw of all is this movie, the casting of the band director. His over the top and completely unrealistic portrayal of a driven man pushing his students is absurdly stupid. Constant swearing. I don't mind swearing, but this was just unnecessary. Then he contradicts his character by giving in to the bratty kid, who is clearly in no condition to play even though he ran to the hall after being t boned by a truck. Gimme a break. Eye rolling doo doo just continues unabated. The only person in the movie worth watching was the young and vivacious Melissa Benoist, who later found fame with Supergirl. Nothing rings true here, and not any character is remotely convincing in their role. Pure shite for those who don't understand music or movies. The uninformed who will lap up any drivel thrown their way will adore this slop. There's some good music here, even though it's clear that the people on screen aren't playing it at all. Not even close, actually.",1
Whiplash,"This was the craziest movie I've ever seen! My initial thought was that Fletcher would coach Andrew to greatest but rather he humiliated him, cursed at him, slapped him, made him bleed several times, belittled him, talked horribly about his mom, caused car accident, and I could go on and on. As someone who teaches college students and the younger generation, committing suicide is a real thing...so for that to be carelessly pointed on with the man lying about his former student getting into a car accident is crazy!!! Coaching someone to greatest doesn't take all of that. And sure, Andrew got up there and played his behind off but it became embarrassing, he sweating about to pass out from pass trauma with Fletcher and those drums...that's a horrible mindset situation. The dad saw it. I don't know how this movie got so many positive reviews but it was horrible to me and a waste of my 2 hours of time.",1
Whiplash,"It was one of the worst film that I ever seen.Why?Cause in this haul movie,there was nothing that I didn't expect.It was a film with million clichés.His mum died early,a dad who don't care about his career and love more his bigger child,a girlfriend that he see all the time,a psychopath music teacher,a boy who get insane because of the others,a car accident.Those things,you can see in every movie.And it is really similar with the film ""Shine"" who came out in the cinema in 1996.But whiplash is not even a real story so they can change the subject,the contains,the events...They had the power for change this.But they prefer to make a film who everybody will love,don't take risks.I am not just mad at the film but the people who gave awards to.Okay the music is good I love that to and I liked the way that film was filming but best writing,3 Oscars.There is so many film that is better than this.I just don't get it.Sorr,maybe there is so many people who liked it but it doesn't mean that this film was actually good.",1
Whiplash,"I can't remember the last time I saw a movie I disliked as much as ""Whiplash"". I was told it is about music, but I was misinformed. It's about sadomasochism. That any high school band director who abused students as is depicted in this awful movie would maintain his position is beyond reality.

The formal study of music requires dedication, cooperation, and respect. If the geniuses behind this production were trying to create a disincentive to study music at any level, they achieved that objective. I can't believe it won any awards. I wanted to rate it a ""zero"".

The trailer should be enough to turn anyone off.",1
Whiplash,Not sure how this film won 3 academy awards. It's only saving grace is the music.,1
Whiplash,"As a professional musician of 40 years who has worked in many facets of the industry including as an educator for primary, secondary and tertiary students I found this movie an absolute abomination, which could not be further from the truth! I have never in my lifetime encountered, or even heard of someone who would treat their students in such a way as portrayed in this film. In the real world someone who would conduct themselves in such a manner would have been arrested and charged for emotional and physical abuse. In the real world of musical education students are certainly encouraged to find their full potential but with all the care, love and concern for both the student and their craft. Certainly not as portrayed by the heartless character in this film. For this film to be nominated for so many awards is also a joke, and is indicative of the pulp fiction that Hollywood is only capable of producing.",1
Whiplash,This is truly one of the worst movies that I've ever seen. Don't be misguided by the fake reviews.,1
Whiplash,Rubbish totally wasted time on this utter garbage.Find something better to pass the time like watching vegan paint drying.,1
Whiplash,"Its a bad example of a musician. This is not how people do art and how peope teaching. It shows music only as bussines. Far away from reality. I am a musician and a teacher, i wouldnt show this movie to my students.",1
Whiplash,"Opening shot is very well done from a cinematography standpoint as it narrowly captures a claustrophobic glance into how contrived this film is going to be. Nothing redemptive about the character arcs, in fact, it sends a message that ""greatness"" can only come when an individual is willing to endure abuses, torture, humiliation and obsession. The hero of the story is the kid who eventually drops out as a drummer and becomes a medical student because he at least has the sense to know the world needs the sacrifice of doctors. Truly there are great, exceptional people who have dedicated themselves to excelling at their particular talent, but this film glorifies two demented, hollow characters that in the end share a pretentious, masturbatory edging (figuratively), that is spoon fed to us, the viewers, as if we are idiots and we couldn't possibly understand what it takes to be great. Hating this movie is going to be my new obsession and I will take it to a level of greatness.",1
Whiplash,"I've been avoiding this movie for years because its synopsis sounded like a warning. I could imagine almost from scene to scene a really terrible film that I would hate. But the tons of raving reviews always bugged me. It can't be that bad, can it?

So finally I watched it. And it was exactly the load of rubbish I expected it to be. I have not hated a movie this much since Into the Wild. It's gratuitous, predictable, dragging on, just horrible. Horrible as a movie, horrible as a message. It was not about pushing someone to their boundaries, just simply about torture. A disgusting person without any humility or compassion who loves to humiliate and hurt those who look up to him for no legitimate excuse, and for some reason is allowed to do so without consequences for who knows how long. What he's doing has nothing to do with developing talent, it's purely evil sadism.

All in all, this is a vile movie, with zero redeeming qualities. It was a waste of time. Whatever you want to teach, this is not how it's done. A real teacher does not have to resort to demeaning their pupils.

I just can't stress enough who much I do not recommend this so called movie.",1
Whiplash,"This is a perfect example of Echart Tolle speaking of the Ego spreading destructive energy for years on end to justify the means and calling it at the end success.

As though spreading this kind of energy for extended periods of time were necessary to obtain the end result.

As though Jimi Hendrix needed anyone's help.

We have millions of people who have never astral projected out of their bodies like Dr. Strange thinking they know how the world works because they're good at something.",1
Whiplash,"The film is probably best enjoyed by musicians or jazz enthusiasts. This is an acquired taste. There is no denying JK Simmons gave an Oscar-winning performance, and yes, the editing was Oscar-worthy as well. But for most parts of the film I can't say it was a pleasure watching this. I can still enjoy a bad horror B-movie, but certainly not this. I did not agree with Fletcher's teaching methods, as it was total abuse. This movie should be used as educational material for methods teachers should NOT use. It was disgusting - to say the least - how he treated and spoke to the youngsters. In fact, so much so it should be considered a crime. There was not a single moment of the film I enjoyed. On the contrary, this horrible movie is one of the most hated films I've ever seen. Why has it been voted one of the best films ever??? Note: I rated the film 1/10 not because it is a badly made movie. It's a very well made movie, but I just did not enjoy it at all, hence the low rating.",1
Whiplash,"I knew that Damien Chazelle was overrated after witnessing the immense hype over La La Land. It was good but not 8.3 good. This movie certainly is not 8.5 good. It's utterly disgusting to me that this movie received such high praise. I can see what it aimed to do but it failed so miserably in my eyes.

I can't fault the cinematography. The performances, I admit were also spot on, both Teller and Simmons are clearly good actors (even though I've never seen Simmons play anything but a barking dog).

The entire movie I was waiting for a moment where the tyrant would crack or be punished or change, but it never came and by the end, I hoped to see him get hit by a truck too. When that lawyer showed up I thought 'finally! That kid's gonna stop that bastard from abusing him or anyone else' but he was like 'whatever, do what ya want'. Queue truck number two.

I don't understand how a movie that condones and encourages the absolute disregard for human rights can be rated so highly; I don't understand how the misogyny and homophobia are brushed over. Someone killed themselves because of that jerk and he still doesn't regret any of his actions.

Chazelle is obsessed with ambition (and with jazz) and he prioritizes it over humanity and love which I can't stand. He makes his characters self-centered and selfish in the name of ambition and art. He sure has a way of making me not care for the protagonists. I mean, what does it matter if you are a household name and made really great music -or any other type of art- if you were a bad person? What the hell is the meaning of a nice-sounding jazz song if there is no beautiful feeling behind it? This movie's ultimate message is that to be an artist you must abandon your humanity and loved ones and that is something I cannot accept.

This movie has given me a headache and it's not just because of the loud drums.",1
Whiplash,A battle of egos. Not our type of show!! 4 of us watched and if 0 stars were available that's what it would get. Also note possible triggering for people with ptsd.,1
Whiplash,"How did this film get 3 oscar ... I still wonder. Without a story, if not that of a guy who thinks he's becoming a drummer with speed sessions, (which does not express a true drummer) just to please a psycho-sadist what it's actually playing. Not the technique but the transport that can give during the execution of a piece. Plotty and barren in history. A film that I discourage everyone, unless you want to stop playing definitely. I do not say this out of anger towards a bad ""master"" (Hartman), on the contrary, that was the most interesting part (not to fall asleep). Appointing a Rich Buddy without mentioning a Gene Krupa ... another serious mistake. in short, a flop!",1
Whiplash,After spending nearly 20 years in the jazz world at very high level what can I say...did the great read music....some some not because everything is coming from the soul not just technique and certainly not from bullying.. I found also this film very homophobic..is not how the real jazz world is..it make me really sad to see muosi get bullied by a bold schizophrenic homophobic guy..make me so sad because people watch this and think is real ..if Sheila Jordan friend of Charlie Parker see this.she will be horrified sad sad sad. Why people think this is jazz..I think is really disgusting a guy play with bloody hands..did people like goore Aldo in jazz music? Again sadness is blowing all over me .and all the musi who try to keep this art alive ...,1
Whiplash,"I'm halfway through this film and don't think I've ever seen such a load of utter nonsense. As a professional musician myself, it couldn't be less realistic in my experience. Whilst some of the themes ring true, it's otherwise a totally false picture of life at a music conservatoire and the music business, and I don't think I can bring myself to even bother watching the rest of it! AVOID!",1
Whiplash,"I'm gob smacked at the praise this terrible film has received. Within the first few minutes I realised it was phony nonsense. The writing strikes me as very weak. It is not based on reality at all. I teach artists and I am well aware that psychotic, cruel bullying will destroy any talent a developing artist has, not foster it. I'm amazed anyone thinks otherwise.

How fascinating that so many people enjoyed this sado-masochistic film. Is it the cruelty people enjoy, I wonder? I just found it silly. When I saw that the actor playing the teacher had won an Oscar for it I felt as though I had entered some surreal altered reality. I do not wish to be negative about anyone's work but this is not a strong piece of acting; he seemed to be playing a screaming drill sergeant in a second-rate war film. Mind you, who can blame the poor guy? The script didn't make sense so he did not have much to work with. I'm sorry to say there was not much musicianship in evidence in this film either. There's a lot more to drumming than speed and force.

I have never written an online review before - I have never felt the need. But the strange success of this misguided piece of unpleasantness compels me.

It's not the film that shocks me; lots of bad, unbelievable films are made. It's its popularity. Bizarre!",1
Whiplash,"This can only be understood in the light of Rocky winning best picture at the 1976 Academy Awards.

This is your standard inspirational movie. You can almost time to the minute that the 'girlfriend' appears.

It's a movie aimed at people who are inspired by motivational speeches, where every aspect of the speech is predictable. But many people like predictability, that's the attraction. This movie is the predictable inspirational movie with a few alterations. The teacher is the enemy and there's some shades of grey sadism. And it's about jazz, not boxing.

In many ways it could be a parable of our times. Gone is the brawler from the working class, instead we have a middle-class white person wanting to play jazz - a nearly dead art form, kept alive by music schools for middle-class white people. The middle-class white person is now achieving heroism. Overcoming your background is now an existential experience, not a reality.

In terms of jazz, it's a million miles away from the black people who dominated this art form: Billie and Ella, Charlie Parker, Miles Davis, Mingus and Monk. It's closer to modern classical music: gone are the days of Rossini and Puccini writing brilliant music to earn a living, instead we have piano competitions. Of course, if the student was black, it wouldn't have a market. Well, actually the student probably wouldn't be black to begin with.

Black jazz is dead. Long live middle-class white people 'fighting' for a shot at 'perfection'. Can you imagine Thelonious Monk and Bud Powell in some kind of 'duel' to see who could out-do each other on a piano? This is the 45th best film of all time, according to voters. What times we live in. This film makes Eddie Murphy in Beverley Hills Cop look like hard realism based on a Pulitzer Prize winning piece of journalism",1
Whiplash,"Awful waste of time. The same end result (the amazing drum performance by the kid) could have been accomplished a lot faster and effectively with positive reinforcement. They way the bald bastard teacher physically and verbally abuses his students is plain disgusting. A clear example of exaggeration to give the story line a greater climax. A F#$%ING TRUCK crashes right into his car as he puts his phone down in the car. He shakes of the injuries (bloody arm, head, and face) and runs to his class to join Fletcher's performance.

The acting can't be taken seriously, instead of being pulled into the movie, the Fletcher's bad acting and ""over exaggerated"" teaching style made me close the movie 30 minutes in.

Please don't waste your time watching this over sensationalized rendition of ""true"" events.",1
Whiplash,"Whiplash the movie is a perfect example of the artistic idea its story seems to be espousing for its entire length: that technique counts for everything, and heart and soul count for nothing.

Any professional musician (and I am one) will tell you that, as far as the study of music goes, this is wrongheaded and inaccurate in almost every way. Yes, hard work is necessary, and technical skill is important, but that's a given in almost any field. However the story depicts almost none of the other most important realities of studying and playing music, least of all the JOY of doing it. But then this film is really not about the desire to be a musician, or an artist of any kind. It's about wanting to be perceived as being THE GREATEST. In other words it's all about ego - how one wishes oneself to be described.

True artists work at their art because it's what they want to do and they get fulfillment from doing it. Whether they are ""great"" or simply ""good"" can be left to others to decide - their focus is on following their passion and developing their voices. Good teachers can help them find their path. But Fletcher, the teacher in this movie, is - well, psychotic, really. There's no other way to describe his delusional artistic ""philosophy"". And there's certainly no way to defend his destructive methods. His ludicrous tantrums are supposed to have the effect of ""inspiring"" growth, but never is he shown actually *teaching* his students anything. All he does is inflict emotional, psychological and even physical abuse on them. The idea that this guy would last more than a week in any educational institution is absurd. Yet it feels like the filmmaker is asking the audience to seriously consider that there may be value in this method.

But then the writing overall is ultra-problematic, because it is not rooted in any reality - the two principal characters may as well be living on another planet. Some of the principal plot points don't make any logical sense at all: in the final jazz festival sequence, why on earth would Fletcher, for his big ""comeback"" moment on the NY music scene, invite a drummer to come play who has not been practicing with the band, and then deliberately set him up to crash and burn? To get revenge, clearly - but all it would really do is make Fletcher and the rest of the band (whom Fletcher clearly cares not a whit about) look bad. J. K. Simmons is a very accomplished actor, but there is nothing to his character beyond his psychosis - Simmons gives a performance I felt he could have done in his sleep (basically his character from ""The Closer"", with a humorectomy). Miles Teller is OK as the student, but his character is not sympathetic because he never seems to be doing music for the right reason (i.e. A love or passion for it). He's doing it to ""prove himself"". Most people do not become musicians for that reason.

And just as Fletcher completely negates the heart and soul of playing music in favor of emphasizing pure technique, so does Damien Chazelle avoid exploring the heart and soul of his subject, concentrating instead on flashy filmmaking technique. Admittedly, the technical aspects of Whiplash ARE superb: the photography, editing, and film scoring are all done so well that they almost succeed in distracting from the basic hollowness and dishonesty of the story they are servicing.

Normally I would give more points for such filmmaking finesse, but I feel incredibly offended by such a false portrayal of a life work that I have intimate knowledge of. I will grant that all the technical fireworks give the story a degree of drama and excitement, but so much of it feels artificially earned. A massive demonstration of style over substance, Whiplash is, at its core, meaningless, and I can't give it any more than 1 point.",1
Whiplash,As a professional drummer all my working life I had high hopes for this film. I am sorry as I could only stomach 15 minutes of this totally unrealistic load of rubbish! Music can't be created in some sort of boot camp fear school. Other people are saying this is a great film? Maybe if you are not a musician you might think it is realistic but really within five minutes I wanted to puke.,1
Whiplash,The abuser is vindicated when the next Charlie Parker emerges. This is not a good message about how to teach.,1
Whiplash,"This movie is high on my Top 10 Most Over-rated Movies in recent years list.

Posh school authority can act like mafia lord and cause great psychological/ physical/ property damage - and students of the free-est nation on earth had no guts to give him a third finger, or laugh out loud, or throw it back at the abuser, change school, make police report...etc etc? Instead the ""good guy"" bleed on to get....approval? Or pay high price to get...tiny little revenge victory? Seriously?

The moral(s) of this story: there WILL NOT BE justice - and that is why good people (like poor little me) resign to cowering and performing tedious soul-destroying grunt work to get breadcrumb of approval.

But the actors are good and emotionally convincing despite the absurdity of it all, and the production value is high quality. So I'm not going to mock the general audience for buying into ""OMG getting a music degree is even harder than qualifying to be a dental surgeon!"".

I do fault Hollywood for scaring off potential big dollar music school customers especially from overseas. Even the most militant tiger moms would think twice now sending their children to American music college now! Oh no. lol.

Musicians - music school or self-taught, classical or pop, will find the two leads sado-masochistic professor-student interaction utterly ridiculous at first, and then resigned to just laughing at the writer/director's desperate attempts at ""creating conflict and dramatic tension"" where there is, well, little. Musical craft is just boring, sustained repetition. The rest, talent/ greatness, is individual.

What shocks me the most are not even pro critics high praise - these are cynics by nature. Why shocks me is how people seem to be okay with being abused and shamed and scapegoated in the open, in supposedly civilized places, work or academia. In more conservative modern Asia, yes I can understand high rating for this movie, people resonate with a ""good guy"" who ""endure"" absurd level of undeserved abuse. But the West? Really?

Integrity is not just a nice virtue on paper. It is a survival necessity. Financial survival, and artistic survival. I need a lead I can respect, and root for. I can't root for this one. Not even at the end when he attempted to fix the situation. Some may find that heroic. To me it was too little, and too late - for him.

The favorable rating of this movie is probably saying...

1. Unreported criminal abuses by authorities in USA academic institutions are under-reported

2. There are more Stockholm Syndrome sufferers among educated adults of the world than I thought.

Watch it for the good acting performance, mediocre musical craft. Brace yourself for unnecessary cartoon brutality.",1
Whiplash,"This film is completely overrated. Having seen the other wonderful films from Damien Chazelle, La La Land and First Man, I thought Wiplash would be also a good one. What a mistake, what a waste of time and money! Is this film trying to ""prove"" that without the most absurd pushing, abuse and bullying no great artist is possible? Absolutely grotesque, distasteful, disturbing, perverse, sickening.",1
Whiplash,"Mediocre through and through, with a really morbid narrative. all the characters are to say the least obnoxious. DO NOT WATCH",1
Whiplash,"Filmmakers have paid for positive reviews for decades before IMDb, and I can't think of a way for IMDb to protect against false or paid input.

Consider with WHIPLASH, this film proved nothing but limp at the box office, not to be found anywhere in the top 100 for 2014, yet there are 176,500 votes for it on IMDb and most are for 10, 9, or 8.

Then consider this is unoriginal, badly acted, boring film.

The hero wants to be the World's #1 musician. Fine! So he gets J V Simmons to scream obscene language in his face and plays his drums until his hands bleed (Ridiculous!) Let me tell you about course language. Any idiot can excel at it. King size fools like the J V Simmons character have nothing else to offer; else-wise they could communicate without it.

The boy still goes to the movies with his Dad. Sweet! At the movies they distinguish themselves by adding Milk Duds to the large tub of popcorn and blabbing through the show, making other people move away.

Later, he masters the courage to date the pop corn girl and takes her for pizza. Wow! This adds substance to the later scene when he dumps her because he needs the time for his music.

There is just nothing original or interesting going on here.

Whiplash is one of the very worst films of 2014. IMDb would be so much better if it was kept honest and clean. I hope the producers enjoyed the $1.60 we paid to rent the DVD, but next time I'll think twice before choosing anything from Sundance.",1
Whiplash,"I've never reviewed a film before but feel strongly enough to air my views. The only good thing about this film is the quality of the musicians for which there seems to be no credit. Having been a professional classical musician for over 50 years and an instrumental teacher throughout that time I can claim unequivocally that not only would any teacher never behave as Fletcher does, as many reviewers say he wouldn't be allowed to. Many classical conductors tried to intimidate musicians in orchestras with the idea that if they could break them in rehearsals they would be no good for them in performance. Thankfully most of the time conductors see performances as a collaboration; they get the best out of the players by nurturing and supporting. In my experience of teaching, if you bully a pupil you lose him or her. Without making this overlong by breaking down individual scenes I will only say that the final scene does its best to endorse bullying. As others have said, this film merely tranposes a sport or military bullying ethos to music. Cheap sensitisation.",1
Whiplash,"This is a shallow and perverse movie. The characters are paper thin, lacking both humanity and spirit, which of itself would guarantee their being useless musicians, let alone jazz musicians, one of the most spontaneous, warm and free spirited of all musical genres (contrary to how the film portrays it as being all about razor sharp precision).

This film must appeal to non musicians who think that corporate fascism and bullying techniques of fear based mind control apply to making good music, not just turning people into corporate slave workers. Well they're wrong. What's disturbing is that the film pulls no punches as to the abuse of the Nazi in all but name played by J.K. Simmons (in what has to be a vastly overrated performance, not helped by a very weak script) yet the moral seems to be that bullying and instilling fear in people brings out the best in them.

Well that is a false message if ever there was one.

Moreover, the characters, both 'teacher' and 'student' as well as the side musicians are totally cold and uninspiring and New York feels like a depressed ghetto. Andrew's family dinner scene is very revealing of the sad, conformist, death-like mindset of some people ensconced in the social control system without an iota of imagination, creativity or spirit.

This movie is depressing. It shows very well what is wrong with the world (namely, power abuse) without any attempt at critiquing it artistically. Instead, the film justifies and promotes it, all in the name of 'art' (what cheek!). That pathetic critics and movie goers rate this film so highly just pinpoints how tasteless and morally challenged the vast majority of the population actually are.

And I agree with another reviewer that it is sad to see all these music students start to hate on each other just to be on Fletcher's good cards - just how power works in real life. Stand up for yourselves you cowardly losers!

As I said, this film is shallow and perverse. People who like this movie must have no experience of suffering at the hands of people in positions of power. Nor can they possibly have the slightest understanding of what learning to play an instrument well entails. Their primitive minds are probably still trapped in the cliché that military 'discipline' (or rather psychological rape) is the way to treat people and 'get the most out of them'.

Pathetic.

One star.",1
Whiplash,"I laughed my head off at every scene in this movie! It was hilarious! The whole thing reminded me of an SCTV skit. I expected John Candy or Martin Short to come out at any second throughout the entire movie. Now I know why musicians and music students are making fun of this movie all over the US. I was a HS music teacher for more than 15 years, and a professional musician my entire life, and I've never seen a funnier movie about music in my entire life. The only one that came close to this was Ken Russell's version of ""Tommy"", but Whiplash took itself much more seriously than Tommy did. People are getting more and more brainless about music every day (especially jazz), so it didn't surprise me that many people thought this was a good movie. I guess I'm not as angry about how bad this piece of garbage was compared to the other people that gave it a bad review, because I waited for it to come out on DVD, and didn't waste a lot of money seeing it in a theater. This would make a great feature on Mystery Science Theater 3000 it's so bad!",1
Whiplash,"""A promising young drummer enrolls at a cut-throat music conservatory where his dreams of greatness are mentored by an instructor who will stop at nothing to realize a student's potential..."" or so the description goes.

In reality, though, the only thing Fletcher - the ""band leader"" - wants to do is destroy anyone with more talent than he, which includes about everyone else after hearing his attempt to ""play jazz""near the end of the film. (Truly awful, mediocre and banal. And, NOT jazz!)

Fletcher is a one-dimensional combination of Mo'Nique's character in Precious and Salieri (F. Murray Abraham) from Amadeus. His intent is to destroy talent, not nurture it, especially when he runs across what he considers real talent. His motivation is pure envy. His character is not only a complete fraud and liar - Charlie Parker's nickname ""Bird"" came from his childhood, long before he picked up his first sax and had nothing to do with a ""cut session"" later in life - he's a psycho-sadist who has no business ""teaching"" anyone anything.

Those of us who truly love jazz gag at every reference to Buddy Rich. Rich, while a remarkably talented drummer technique-wise, was no jazz drummer. He simply didn't have the soul and he knew it, which goes a long way in explaining his recording studio antics. He, too, was a jealous, egotistical jazz wannabe, much like Fletcher.

The editing of this film reminds me of ""film school 101"" where the first assignment in editing class is to cut a piece of film to music. It's amateur at best. End of story.

But rarely have I seen a film where one scene was so completely out of place that, in retrospect, it completely undermines any positive intention the film may be attempting. I'm talking about the dinner table scene, where Andrew's father humiliates him in front of family and friends gathered for a meal. The dad's later declaration that he ""would do anything"" to protect his son from abuse rings as hollow as the film itself. That entire scene should have been left of the cutting room floor. It did nothing for the film except destroy the narrative, the characters truthfulness, and the overall ""theme"" of the film itself, although I'm not quite sure the director, writers, actors, etc, were actually aware of what they were attempting to achieve.

One glaring ""oops:"" Fletcher is hired to conduct a JVC gig at Carnage Hall - probably by bullying someone. He invites Andrew to play the drums (seems he needs a drummer on short notice). But honestly, would someone in this position actually organize such a prestigious event without having a back-up drummer just in case Andrew fails to show? I think not. But, that's what happens. And, it's a mess.

Thankfully, this ""film"" has an antidote in The Theory of Everything, a great film about a true genius and what it takes to nurture one to fruition. Whiplash cannot fall into the abyss of obscurity soon enough as far as I'm concerned. Oh, and the soundtrack sucks, big time. Jazz? Not even close.",1
Whiplash,"If you think that bullying, shouting and verbally abusing people who look up to you, hang on your every word and depend on you for their career is the best way to motivate them, you will love this film.

Whiplash comprises scenes of Fletcher yelling incessantly at students, sometimes causing them to cry. But he doesn't just raise his voice at people who have committed atrocities (unless you think that playing 2bpm too slow or too fast is tantamount to a war crime). His abuse knows no bounds, including homophobic slurs, familial insults and long strings of pathetic adjectives. And he just does not stop.

Why does he do this? Apparently it's to get young impressionable and desperate musicians to be the very best that they could be, and without which the world would be deprived of another genius. He claims the same motivation that spurred Charlie Parker to greatness would work for anyone. Of course, the story he quoted was largely false and grossly exaggerated to make his own point. (Parker had a cymbal thrown at his feet, NOT at his head ""nearly decapitating him"").

At no point in the film is Fletcher reprimanded for his behaviour, despite it being cited as an underlying cause of a student's suicide. Even at the very end, Andrew's smile is seen as condoning the treatment because the end justified the means. This is a very dangerous message.

Since the verbal abuse is the main point of the film, you have to accept it to enjoy the film at any level.

The very idea that abuse is encouraging in any way or brings out the best of anyone at any time and in any profession, let alone in the arts, is absolutely ludicrous. As a musician for many years, I have yet to come across anyone who has been thankful for being abused by their mentor or teacher.

If this film was made sixty years ago, when people were less sensitive to these issues, I could understand the flawed plot. But in 2014, the idea that the abuser could get away with his crimes at such length is ludicrous.

The message this film contains is abhorrent and the handling of it in poor taste. If you want to watch a film about up and coming artists and the creative spirit, look elsewhere. Anywhere but at Whiplash.

By the way, I bought the DVD to watch this, which will go straight in the bin. (1 out of 10? That's far too generous).",1
Whiplash,"When the poor little ambitious drummer bloodied his precious hands - practicing JAZZ drum!! Hahahaha.....

People buy into that? Seriously??? Hahahahahaha.... And I'm not even a drummer, just love all kind of music like most people.

JAZZ....causes bleeding callous fingers, and reading music notes to improvise...LOL... This student has serious issue....

There is not excuse to give this film anything more than 5 for research laziness and technical fails alone!

But brutality sells! The moral of the story is, criminal level of abuse is justified, as long as the victim (sort of) survived it.

I read a few ""Loved it"" reviews out of curiosity. Found 2 schools of people who praise this nonsense to high heaven:

1. FUTURE BULLIES ---- this school believes in the power of hate and brutality. In the name of whipping the hidden greatness out of young geniuses, they damage the children soul so the child will grow up perfect like a murderous sadist with hidden explosive piles who would in turn mental-torture and bleed future children to suicidal edge.

2. The Devil's Minions ---- this class does not see abuses even if it happens to their own baby infant. Their (narcissistic) narrative is people are always doing it for MY benefit, even if it hurts real bad. It is my fault or my children fault, to not transcend the pain or swallow the excrement of hate wrapped in a politically correct 'toughen up you wimp', which is what this film is apparently about, in all seriousness too.

I'm trying, I am, to find redeeming value. Like, maybe, ""talented kids"" these days have become too coddled and soft and cry and whine at little insults? Opposite is true. Kids these days endure unprecedented amount of verbal abuses in school AND online. Skins have become too thick if anything.

Okay, maybe... Kids have become too disrespectful of the craft side of art and need to be reminded HOW HARD IT USED TO BE to be qualified as a real music genius? Maybe, if jazz or drumming is supposed to define musical greatness. LOL, seriously.

Keep your children away from any teachers or coaches who ""love"" this film with all seriousness.

Watch it for good laugh. Very funny the more seriously brutal it gets.",1
Whiplash,"This film reminded me of my high school band instructor who brutalized a number of students. Some had to be hospitalized and developed symptoms that debilitated them for life. One of the trombone players lost his front teeth when the instructor threw a metal chair at him, complaining that he wasn't in tune. Later, he told us he was only kidding, and that if the trombonist didn't know he wasn't in tune then he deserved it. Nobody ever thought they were out of tune again because they didn't want their teeth knocked out. One day he threw a cymbal at one of the alto sax players and cut into his thigh, severing an artery. He was later hospitalized and still has a limp. The instructor said he did it because he heard Charlie Parker was named ""Bird"" because he had a cymbal thrown at him, which makes no sense to me but what do you expect from a psychotic band instructor? He swore like a sailor too. I later found out he was in rehab for methamphetamine abuse. I'm so glad I gave up the trumpet. The heck with a music career, those people are crazy.",1
Whiplash,"Impressive Teller and Simmons but I just could not watch past the corny ripped band-aids and the oh-so-long and dragging cheesy pizza date (anyways, should not THAT level of abuse be an absolute no-no?)",2
Whiplash,"I'm one of the few who found this movie captivating, but terribly WRONG in terms of concept, approach and, let's say, philosophy...and, by the way, I am a drummer myself. In Whiplash, it's all about success, about ambition, about manic ambition, and very little about feel and art. I hate the fact that music is stripped down to the almighty American cliché of ""working hard in order to succeed"", the ""no pain no gain thing"", in a excessive and inappropriate hardcore manner, I would say. My friends, music is art and art is about feel! When I see Whiplash, I tend to see no difference between succeeding as a lawyer, as an economist or whatever, and succeeding as a musician, namely a drummer. I fear that young drummers who see Whiplash will understand that if your hands are not full of blood after you exercise, then you're not doing it right... The terrible drive to succeed creates a young drummer who is not an artist, but a maniac and near-monster. He rarely speaks with other musicians, he rarely improvises, he rarely ""lets loose"" of his feel, he just has to play ""faster, faster, faster"" and identically like in famous jazz numbers like ""Caravan"". When his pathway to success is cut down by his violent conflict with his teacher, a conflict that turns physical, he even denies his passion for drumming and takes his Buddy Rich poster down...something I would describe as a ""sacrilege"", as a treason to art and a slavery to success. He doesn't find peace and pleasure in just drumming on his own, in developing his own ""thing"", whether it be slower or clumsier than Buddy Rich's...he exercises to bleed, to be faster, to correspond to other people's criteria and value systems, so TO SUCCEED, which is a thing that has to do with the outside world, with some artificial things, with ego, with stardom. The boy has little feel, he is so small as an artist and so big as a fighter, and he has a very weak artistic conscience: he has to be pushed by his teacher in order to get better, he has to be motivated in a hardcore way...The teacher himself dismisses the self-motivating artistic ego, because his philosophy is to force the boy to do better, even if the ways are brutal. And we are talking about JAZZ, a musical genre where people find grace, elegance, generosity, improvisation and pure love of music (in terms of sound). There is no grace in Whiplash, just manic drive for becoming a better ""drumming robot"", and a successful drummer, of course...The boy becomes ""motivation beast"" when, at the end of the movie, he finds out that a guy from Lincoln Center will be in the crowd, giving him exposure for a possible job in Wynton Marsalis' Big Band Orchestra. He unleashes a terrific drum solo but destroys the band's performance, so he can be noticed...it's all about him and his drive to succeed...music is always in the background. This approach would be better suited for, I don't know, more visceral genres of music such as punk or heavy metal but, in my humble opinion, is not suitable to jazz. In fact, I see it as a disgrace to the values of jazz music. On the other hand, I am not a jazz musician but just a music enthusiast and free-time drummer, and I fear that the reality may actually be close to what can be seen in Whiplash...and that would be very sad for music. I myself value more personal, artistically- driven and feel-based music, a display of the artist's sensibility and ability to improvise...ahead of the showoff in terms of pure technical skill, and the endless chase for more beats and actions per minute. Steve Gadd is a great example (in drumming) for what I'm saying here. Whereas in guitar, I think that Whiplash would create another Steve Vai, whereas David Gilmour, Eric Clapton or Mark Knopfler would have probably quit teacher Flether's ""military service"".",2
Whiplash,"I have never seen a film that you can go to the toilet at any point and not actually miss anything notable. He just plays the drums. Which i guess is kind of a spoiler because it's literally all that happens. If you have a weak bladder this is the film for you. If you want to watch Miles Teller play the drums for 2 hours, this is also the film for you. I'm trying to think of a notable part of the film to mention to reach the character limit but it's literally just him playing the drums. Beginning =Drums. Middle = Drums. End = drums. I might rewatch to see if at any part i missed the point of this film.",2
Whiplash,"The crux of Whiplash's story is obsession; whether that be obsession with the form of something (Fletcher), or your own legacy (Neiman), or acceptance (Nicole) or status (everyone in Neiman's family), and this film explores the dark depth's of this obsessive nature, and creates realistic characters in doing so. However, that doesn't make Whiplash a ""great movie"".

It is a case where realism undermines escapism, as well as emotional attachment. In 106 minutes of film time I felt no empathy for any of the characters, in the real the world these are the type of people I would avoid and ""b*tch"" about to other friends; ""Did you hear how Neiman got into his band? What a Richard?! And isn't it ran by that See you next Tuesday of a conductor as well? And here comes Nicole, oh god she is just such a downer... NICOLE! HEY!"" I had to force myself through this film to what I felt was an unsatisfying conclusion, unfortunately since the film builds so much to this conclusion I will have to spoil it in the next paragraph.

Neiman spends the entire film trying to impress Fletcher; Fletcher constantly undermines Neiman and downright abuses him. Neiman, like some kicked puppy, runs back to Fletcher for another bit of abuse. Some of his band mates call Neiman a ""f**cking retard"" and I spent most of the film vehemently agreeing with them by the way Neiman acts. When Fletcher finally breaks Neiman at the end of the film after he switches out his music sheet and embarrasses him in front of the New York public, instead of giving up he realises he should be playing music for himself not for the approval of others.

This ending was projected through-out the film, and when the ending finally came it felt like a patronising school teacher's hand on your shoulder speaking around to the class ""you shouldn't need the approval of others"". *sigh* How many films feel like they need to tell me this moral/words of wisdom? I could list a 100 sports movies, Jesus even Happy Gilmore manages to have this idea in its film.

Then we move to artistic intent; ""You weren't meant to like the characters?"" I have watched whole TV shows about characters I don't like; ""The Sopranos"", ""Breaking Bad"", but they have to some redeemable qualities. Tony was funny, Walt was pathetic and an everyman. Neiman is a spoilt little rich kid and Fletcher is an elitist know it all hipster, they have no self-awareness and no sense of humour, they are always serious and always stuck in their character.

Of course there are a few things I liked about this film. JK Simmons and Miles Teller were so on point with their acting that I could have went out watched the two people I know like them, and I wouldn't have notice the difference. Damien Chazelle also seems to have a great deal of affection for the genre of Jazz, and sprinkles the film with some great choices for music.

I did however have a lot of problems with the cinematography. People raved about how alive the film felt, but to me it felt stale. Constant close ups of music performances felt like beatniks describing jazz musicians, rather than fluid pictures, also lighting felt so similar to the college environment in ""The Social Network"", that I just couldn't see what all the fuss was about.",2
Whiplash,"I hated almost every second of it.

I am completely sensory overtouched now by all the sounds.

I did like the acting afterall, but will never watch this again.",2
Whiplash,"Ok, so I'm a professional musician, 8 years studying formally at the national conservatory in Chile, also I have a PhD in education (so the extreme training is double lol), and I can say with complete property, that this movie is utter rubbish. Come on people! What's with the hype....this is made for non-musicians just to exploit a ludicrous vision of how study music at high levels is...Russian ballet dancers or Olympic gymnasts might have been like this...although in the 80's and earlier!!!, but this movie is actually just plain idiotic. Don't waste your time, I actually just watched it because my girlfriend wouldn't watch The Princess Bride (1987) hahaha.",2
Whiplash,Clearly I watched a different film to everyone else. I came away with only one feeling: boredom. Hardly anything happened. I felt no emotional connection to any of the characters. I didn't care that the teacher was an arse and I didn't care about the kid. Almost the entire film was kids drumming in a room. I must've missed the point entirely because I finished it and just thought what a pointless waste of time.,2
Whiplash,"For a movie centered around music, Whiplash gets almost nothing right about it. While the core idea behind the film is clear-pushing oneself to the absolute limit in pursuit of greatness-it completely fails to translate that concept authentically through the lens of a music-driven story. Instead, what we get is, at its heart, a sports movie disguised as a film about jazz. The intense training, the cutthroat competition, and the almost absurd levels of physical and emotional torment feel more in line with a boxing or football film than with the nuanced, deeply personal nature of musical artistry.

If you want to make a movie that truly captures music, then commit to it. Involve musicians, let them shape the story, and ensure that the portrayal of the craft is as authentic as possible. This film, however, feels like the result of someone who ""played drums in high school"" rather than a deep, intimate understanding of the world of professional musicians. The film's approach to jazz-one of the most expressive and soulful art forms-is rigid, aggressive, and almost militaristic, stripping away the very essence of what makes the genre special. The obsession with technical perfection overshadows any appreciation for creativity, emotion, or the collaborative spirit that defines jazz.

This is the same fundamental problem that La La Land carries. Both films attempt to tell stories rooted in music but fail to understand what makes music truly meaningful beyond surface-level dramatization. They prioritize spectacle over substance, intensity over authenticity, and in doing so, alienate anyone who actually understands or appreciates music as more than just a vehicle for high-stakes drama.

A sports movie in disguise, missing the soul of the music it claims to represent.

Final Verdict: 2.4/10.",2
Whiplash,"The only thing I can find to recommend this is the acting of both principles and possibly the drumming skills of Teller.

Firstly, the idea that drumming can be made into the fine art Fletcher is pretending it can is ludicrous. While the director is to be commended on avoiding the usual Hollywood happy ending, the way it does culminate just leaves the viewer feeling entirely nonplussed.

Even some of Andrew's reactions to Fletcher's behaviour are not realistic. It is similarly hard to credit that such an individual could be allowed keep his job in today's ultra-litigious world.

A complete waste of time. Avoid.",2
Whiplash,"Finally watched this movie, and it is one of the worst I've seen in years. Great acting, but seriously flawed message. The message is that if you are a horribly abusive a-hole, you will win in the end. Abusive a-holes create great musicians. That is the message. While I will agree that many abusive people are never held accountable, I can say from experience as a psychologist that children and adults who are emotionally abused do not win!",2
Whiplash,"if you have seen black swan then you are going to watch it again but this time the main actor is male and instead of bale this time it is jazz or should say only drums !!! The acting is on the top that is for sure, but the plot is sometimes very unrealistic so it is difficult to believe what is going on !!! After time the music becomes annoying (I mean really annoying) The movie is a musical yes but that does not mean it has to have music all the time sometimes it is too long and drums are not to instrument that you want to listen all the time !!! Anyways for me it was another black swan movie which was a pointless boring movie, this movie was way better that black swan but still not a good movie !!! I gave it 2 out of 10 just because of the acting nothing else !!!",2
Whiplash,"This is a deeply problematic film, based on the premise that growth is the result of suffering and abuse. It also depicts the magic of drumming as a blood sport, with not artistic qualities whatsoever. It's truly sad.

It's also boring and repetitive.

The lead actors are convincing awful in their roles, which I guess is a testament to their craft. All other play emotionally and narratively empty characters - generic zombies that happen to pass in front of a camera. Weird.

Whiplash and Caravan are good songs. Buy them on your favorite platform instead of hearing some in this movie, interrupted by pointless yelling.",2
Whiplash,Totally unrealistic. Since when has jazz been bound by having to stick to a strict tempo? It's not music for ballroom dancing for goodness sake. The whole point of jazz is that it is supposed to allow the player freedom. A good jazz drummer will know when to push the beat and when to hold back. The last few minutes are truly awful where Andrew unilaterally decides to build a shed(derogatory term for a drum solo) which ultimately gets Fletcher on his side. As a jazz fan I hated it.,2
Whiplash,"I didn't ""enjoy"" this movie though I don't fault the fine acting. Movies successfully pitch an alternate reality when internal consistencies makes the unbelievable believable. In the movie The Matrix, as in many Sci-Fi flicks, the director establishes environmental rules and all the characters operate within that framework. My objections to Whiplash focus on its extreme examples of behavior which are so extreme as to make them conspicuously inconsistent with the movie's time and place. Those extremes strain the credulity of nearly every key player.

I couldn't take the movie seriously despite its fervent desire to make a case about over-the-top efforts / sacrifices and what some people think it takes to win. There was little / no back story to convince me any of the characters would either act like that, be allowed to act like that, or be the recipient of those same actions. It's caricature upon caricature.

The movie's conclusion provided some semblance of redemptive believable cohesion but by then it really was too late and I found the whole setup very contrived.",2
Whiplash,"Predictable Kirate Kid remake at the drum set. Besides some cool drum-lines and jazz performances here and there the storyline is infantile. Can't Hollywood think of an original storyline. I could have predicted the ending in the first 10 minutes.

At various points it just descends into comical farce, but not in a good way.

It also sends the damaging message to everyone that abuse between teacher and student ends up being beneficial, so in the end the film defends and supports that abuse.

How this film can ever be considered to be in the top 100 movies ever made is beyond me.",2
Whiplash,"I never realized Mr Clean has an alter ego or maybe it's an evil twin found in Fletcher. And poor Little drummer boy Andrew - what a glutton for punishment or was it just his need for approval? Either way the black shirted Nazi drill Sargent Fletcher got his jollies dehumanizing pitiful little Andrew in class with some of the most low-brow inflamed language of hate.

The plot is simple. Little drummer boy Andrew wants to be a famous drummer in jazz (a music style nobody really listens to in the 21st Century) so off to a fancy music school he goes. The Nazi black shirted drill Sargent Fletcher pegs Andrew quickly as 'easy pick-ins' for his bubbling wrathful personality. This is most of the movie - Andrew covered in blood, sweat, and tears while Fletcher barks at him like a angry rottweiler. Finally Andrew has enough and has Nazi drill Sargent Fletcher ejected from the school. Little drummer boy gives up drumming.

Then little drummer boy Andrew hooks up with angry Nazi drill Sargent to play at Carnegie Hall. (At this point I was just laughing) The barking Fletcher uses this moment to humiliate Andrew again only this time in front of an audience! Little drummer boy wins Fletcher's affection by playing his drums so ferociously he's once again (for about the tenth time) covered in blood, sweat & tears. Fletcher smiles! The end.

This is a hopelessly boring movie - I felt sorry for Teller as he through himself into this no dimensional role of Andrew. As for Simmons - please stop with the cranial closeup shots - yuk!",2
Whiplash,"This movie is, as every one of the actual musicians here has noted, completely devoid of the reality, and, more importantly, of the JOY, of being a musician. The teacher's ludicrous verbal abuse, which fluctuates between politically incorrect and downright cruel, is so unrealistic and anachronistic in a portrayal of 21st-century educational life that I found it unwatchable. Simmons' character slaps a student repeatedly across the face, with no one gasping or saying a word about it, which had me rolling my eyes, it was like they were saying 1950s movie dialogue about how ""dames"" are dumb and can't drive, or something. I was offended, but I also kind of felt sorry for all involved, it was so... dumb.

Beyond insulting my sensibilities as a human, it also insulted me as a musician, an artist. No credible teacher of art or music would think such negative extremes produce genius or even fine musicians. Discipline is crucial to becoming great, but so is flow, listening, and the creativity the truly exceptional experience when ""in the zone"" playing music with other people. This film gives zero sense of why anyone would actually want to become ""Charlie Parker"", I mean, does that mean famous? Parker was an innovator, a physicist of sound, not just some automaton who could play a million notes as fast as possible. It's like this movie was made by people who absolutely don't get why Coltrane makes you feel like you're inside the moon and why a Duke Ellington tune can float you away on the river of your own blood flowing in your veins. Miles Davis was famous for being able to encourage his bands to elevate their playing, I heard Herbie Hancock say that one time when he was blocked on a part Davis just listened and calmly said, ""put a B in the bass"". And everything flowed. No screaming, throwing, åsshølery, but something more masterful: a finely-tuned artist committed to creating greatness, communicating via his mastery of the mysterious, infinite language of music and a deep respect for the people helping him create it.

A wasted opportunity to speak to the madness of wanting to be great, to achieve, and also a waste of the dynamic and always fun to watch J.K. Simmons, Watch him in his series Counterpart instead, in a part that displays all his swagger but also the sweetness and humour he mixes in so well.",2
Whiplash,"I MUST have watched the wrong movie. The reviews for this film could in no way apply to the contrived claptrap I've just seen. Perhaps the positive reviews here were intended for that 1974 masterpiece House of Whipcord.

The movie called Whiplash that I saw stars J.K. Simmons as Terence, a music teacher who can slap a face with such force as to make General Patton wince. The film also stars Miles Teller as Andrew, a student of Terence's who yearns to learn from him how to properly play the drums. Andrew accomplishes this by volunteering to let his teacher play the bongos on his face.

I won't say that Damien Chazelle's direction is heavy-handed, but I would probably prefer to stick my head in Andrew's bass drum during the climactic scene than to endure watching said scene again.

A word of advice to anyone considering seeing this film; go to YouTube instead and do a search for Buddy Rich. You will see the greatest drummer ever, and spare yourself the agony of viewing this over-the-top, trite, clichéd, eye-roll inducing effort. Your eyes and your ears will thank you for it.",3
Whiplash,Solid flick but not an 8.5. Currently outranking films such as Lion King and Gladiator.,3
Whiplash,"A bald, psychotic ""teacher"" verbally, emotionally, and physically abuses drummers, sometimes to the point of suicide. It's almost hard to watch. The main character is a masochist who crosses paths with the teacher and it's a match made in heaven. They don't explain why other than the drummer, all the band players are mute, or why the ""teacher"" doesn't abuse them too. Very hard to buy someone getting hit by a giant truck and walking away. Are they hinting at super powers?",3
Whiplash,"Coming from a non-musician.

This movie was bad. Not terrible just plain ol bad.

Although (as I stated) I am not a musician in any way, so I don't know how accurate the drumming was. I did not feel any sense of presence when the drums got played.

The Two lead characters (that being the main drummer and J. K Simmons character) where pretty good in terms of acting. But in terms of care I had for these characters developed in the story and the scenes that where meant to be intense that where ultimately left on a sour note, I say this movie is a mess.

Without spoilers I would even like to point out that the ending is terrible. It builds up a cool scene that lasts a good amount of run time, just to instantly cut it with no conclusion. But unlike Inception, this movie didn't benefit from such a gimmick.

Story - 5/10

Characters - 5/10

Music - 2-3/10

Acting - 7/10

This is a movie that would've benefited from having a longer run time, but even then it would have had to have been a lot better to have had a chance to hit the 5/10 range.

In terms of musical films (yet again coming from a non-musician), this one is pretty poor compared to it's challengers in the same category.

3/10 wouldn't recommend but isn't necessarily a waste of time.",3
Whiplash,"Really, that's all this is. With jazz. J. K. Simmons is great, as usual. There is no reason for this film to exist.

Love of music should not be about shouting and belittling a musician. I was in a band as a teenager, and I loved our conductor. We played as good as we could to please him. I would have been one of those who quit a program where you were humiliated and abused, with the idea it would make you a better musician. I suppose there are people out there who would benefit from a teaching experience like the one shown in this film, and they would stick with it. It's just too cruel of a film.",3
Whiplash,"As a drummer, this movie is total BS. Music is an art form, and supposed to be fun. Speed doesn't have everything to do with drumming.",3
Whiplash,"I'm not even one of those people who think bullying is categorically wrong or useless. I even think it's important in some areas. But it makes absolutely no sense when artistic creation and music is involved. The fact that the movie is about jazz, which is urban meltingpot garbage, makes the entire drill instructor routine even more ridiculous. If you see it as a satire/comedy, it's quite funny though.",3
Whiplash,"That is the worst representation of drumming I've ever seen on film. That kid is terrible. AND...nobody that's obsessed with Buddy Rich would set his toms up or choose sizes like that. It's hard to take the kid seriously when he's so bad at it. I realize that most people don't know enough about drumming to really notice...but this is supposed to be a film about a drummer so good, he got accepted to a conservatory. If you'd picked a melodic instrument, you couldn't have gotten away with this AT ALL...but it's just drums right? The drumming in Across the Spider-verse was more accurate than the playing in this film.",3
Whiplash,"A pointless story really. Boy wants a career as a professional drummer. It's tough, but he makes it in the end. Although in an alternative way.

Lots of lengthy scenes with endless drumming and a guy who is constantly yelling at the bandmembers.

The acting is good and all, but it's such a thin story so I don't get excited anyway.

Perhaps I'm a bit unfair. Perhaps this is a really nice movie if you are into jazz or something. But I'm not. I see it got some rewards for the music, but that's even more strange to me because there are not that many songs if you think about it. They play this ""Whiplash"" song over and over but you mostly hear the drum part..and the same drum part.

I dont understand jazz music, and I don't understand what is so great about this movie.",3
Whiplash,"Maybe I'm missing something here, but this movie seems to be promoting abuse as a method to achieve perfection. It is incredibly painful to watch...",3
Whiplash,"I really don't get why people are raving about this movie. I watched it because of its high ratings. Seems like an unoriginal story line. I did like the Jazz, but nothing really happens in the story other than contrived drama. The acting was good, and it has some great actors who I have loved in other movies, but there isn't a story, or at least the story seems a bit silly, especially the grand face off at the end. Really no idea why this is getting so highly rated, maybe music students relate to this story better? I dunno, but given other people really like it, I guess it's a movie you need to watch and make your own mind up. For me, this was Meh.",3
Whiplash,"Listen

the movie is terrible,

it tries to be all sophisticated and deep, but at the end of the day its about jazz.

The abuse makes no sense, as all the abuse will only lead to a better jazz player... and who gives a sh** about a better jazz player.

Honestly a waste of 120 mins of my life.",3
Whiplash,"Two things make this movie worth watching: the great acting by J.K. Simmons, and the nice visuals and editing. These, not surprisingly, received Oscar awards.

But I believe the movie fails entirely at its core: music. The story mixes Full Metal Jacket with Shine to represent a bullying music teacher mistreating young students in some supposedly reputable jazz music academy. The whole focus is on the brilliant leading character who becomes obsessed with perfection, and on his lunatic teacher pushing him harder and harder.

The big problem for me is the total lack of credibility. Music, as it is represented in this movie, works like gymnastics where there exists some ideal perfect execution to be obtained by exercising more and more. I think, on the contrary, that (good) music is more like dance, where there is no ""perfect execution"" but rather it involves taste, sensibility, and different points of view.

An example of this is the song Caravan that is played multiple times throughout the movie. As a fan of good ol' jazz, I have to say I never listened to a worse execution! If you do not know what I am talking about please just search ""Duke Ellington Caravan"" on Youtube and then compare with this movie: Caravan is NOT about super-speed and perfect timing, it is about mood, swing and atmosphere, all things that seem totally unknown to whoever run the music department for Whiplash.

If you are looking for a good movie about obsession for music I would definitely suggest Shine. If you look for a movie about music as a way to obtain freedom and elevation of spirit (and also some good laugh) there's The Concert. Or try Kieslowski's Trois couleurs Bleu, Mo' Better Blues, or maybe the TV series Mozart in the Jungle. Whiplash does not add anything interesting to the long list of films about music.",3
Whiplash,"Can't fathom the hype. No suspense, no crescendo, no heart. Could have been a stunning film but there is simply not heart warming sense of someone overcoming hardship and hurdle. The protagonist is so overdone and silly, it gets irritating very quickly.",3
Whiplash,"Although he was no the star of the film, he dominated every moment he was on the screen. Was he a likable guy? No way..but he was mesmerizing. Kudos also for the young actor in the lead and everyone else with this film. It's among the best films of the year and one that impressed me so much because it did not have a complicated script of mega-million.",3
Whiplash,"Do not get me wrong, I watched the movie till the very end because was intrigued what will happen next till the very end. The thing is despite the good acting the movie is a pure kind of ""overly dramatized to feed the thirst of the audience taste"" fiction that made the majority of viewers take it for serious. The way the story being, leaves an absolutely wrong impression on the world of making music and the musicians at all, depicting them as a kind of ambitious, ruthless professionals whose brutality knows no limits thus making an offence to the ones dedicated their whole life to the art. Just give me a big, fat brake, people.",3
Whiplash,"Another example of where I must have watched a completely different film from everyone else. The character development isn't just lacking, it's practically non-existent; the ""great cinematography"" is undoubtedly impressive but only comprises of comedy drummers' faces. The message of the film is dishonest and trite. Nothing good I can say about this.",3
Whiplash,"Music school, competition, teacher-student relation : it's coming out that we are going to watch something strong and emotional (maybe something like the Dead Poets Society- a teacher- mentor and a student who seeks his appreciation and gets inspired by him).

I was really waiting for something to happen. When the movie reached its 100th min, I realized that nothing was going to happen. Vapid; the word that accurately describes this movie.

Seiously, don't waste 2 hours of your life watching a drum kit. Perhaps, only the jazz fans may find something remarkable, so if you're not one, do something else instead!",3
Whiplash,"This is a film about abuse. All reviewers here who prefer to see it as a story about resilience and achievement, implicitly admitting abuse is OK under those goals need to understand the kind of repellent, ever elusive, revolving door they are opening.",3
Whiplash,"This movie delivers a truly disturbing and sick message to impressionable young people. The carrot that it dangles is ""excellence:"" and ""immortality"", but the ugly reality is that this movie is about a sadist, sociopath music teacher who enjoys mentally, verbally and to a lesser extent, physically, torturing his students. The supposed drive for excellence is only the rationalization that the douche bag uses to get away with it. Excellence can and has been achieved without resorting to this sort of mental violence.

Even more disturbing than Fletcher is Andrew, his student. Only someone with extreme low self esteem would subject themselves to the level of abuse he accepts. Andrew obviously has some serious psychological issues because he sabotages himself at critical moments so that Fletcher can have more reasons to insult and demean him. He seems unable to set an alarm clock, pay attention when he is driving and even more preposterously for a person supposedly obsessed with becoming the greatest drummer the world has ever seen, he forgets his drumsticks at a critical moment. The only conclusion you can draw is that he is a masochist.

This movie is really about homoerotic sadomasochism, complete with jealousy fits. It's not about music or the drive for excellence. Make no mistake about it.",3
Whiplash,"I could really appreciate the artistic passion and musicality of this film although just watching what Neiman goes through made me pretty tense. The idea of the film is great, sort of like a very extreme 'Glee' or 'Fame', but I think that it is actually a bit too extreme. Their are times where I feel that Fletcher should have seen what he was doing and laid off a bit. His behaviour was so abhorrent, even without these moments, that his teaching practices should have been called in to question anyway. It would have worked better then, because that is where it became unbelievable in my eyes. I'm sure that there are many teachers of a similar ilk out there, but I'm not convinced that they would ever get away with that abuse for so long.

A tamer version could work really well and might actually resemble an episode of 'Glee' or 'Fame', but I don't think it would need to be dumber down too much and could really get the point across without giving the audience anxiety on Neiman's behalf.

The actors all do a very good job. J.K. Simmons is the obvious stand out performer, but Miles Teller puts in a lot of hard work too.

I like the lighting of the film, I think the darkness references the hard times for Neiman and the Jazz music is just superb.

It's an odd one, because in some weird way I did enjoy it, but it was hard to digest at the same time.",3
Whiplash,"After the hype all around, I went in to watch this movie with a lot of expectations. Especially because I haven't seen a movie on drumming, at least not a drummer as the protagonist. I have to admit, I am a little disappointed.

Drumming is an art. One needs finesse to be a drummer. Here, in the movie, it seems all about 'speed': playing fast tempos. Double time and triple time. To the extent blood oozes out of your body. Is that the definition of good music? Haven't the makers of the film heard of 'rests' in music charts. What not to play and when not to play is more powerful than what you indeed play.

And why is it that the Conductor Mr.Fletcher has his eyes set only on the drummer. Not once did we see him interact with the other musicians of the ensemble.

With all that filth and anger from the Conductor, one really wonders if any good music would ever flow out from that band? It reminded me of the great movie 'An officer and a gentleman'. The Commanding Trainer in the movie was arrogant and ruthless for a good reason. But not so in 'Whiplash'.",3
Whiplash,"In some ways this was quite a strange film as it has virtually no build-up; we start with Andrew (Miles Teiler) playing the drums for a few minutes before his eventual mentor Terrence Fletcher (J.K Simmons) walks in and observes Andrew playing the drums. After liking what he hears, Terrence offers Andrew a place in his band....

Not only do the problems start for Andrew at this point, but it's at the point where the band first assemble that I started to have problems with this film...

For the next 80 minutes all we have here is Terrence Fletcher - man of mystery; so what do we know about him? Well he's a man that seems to be sponsored by Accurist, he's a combination of the drill sergeant from Full Metal Jacket and Simon Cowell or Nasty Nigel Lythgoe. The majority of the film shows the band playing music (admittedly I initially liked this aspect of the film, but it was repetitive and wore thin after a while) then we have Fletcher shouting at his students, putting them down etc. The only thing that was moderately entertaining about the first 80 minutes was hearing Fletcher's put downs, but after 80 minutes of it I was losing the will to live. Think about hearing some of Simon Cowell's put downs on the X Factor; it's fun for about 5 minutes, but hearing an 80 minute omnibus edition on You Tube would drive me insane.

The film even fails for me at a very basic level; it isn't entertaining enough to make it fun to watch, it isn't fleshed out enough to make it a good character study or social commentary and for the most part it isn't interesting enough to keep you involved in the story.

There are some other things that had me puzzled such as; what was the point of Fletcher asking Andrew to be there at 6am only for Andrew to turn up late and then Fletcher not be there? This thread was opened up without purpose. I also loved the fact that Fletcher claimed he knew that Andrew made him lose his job at the Schaeffer conservatory of music, but given the fact that he mistreated almost every student he taught how could he possibly know that it was Andrew that dropped him in it?

This isn't a total shambles and it is, at least, fairly well made and Simmons is very good in his respective role and did at least not render the film totally unwatchable. Where Whiplash really comes good is in the final 15 minutes and in these 15 minutes we get more revelations here than we did throughout the 90 minutes or so that proceeded it. It was rather unexpected to watch Fletcher be prepared to sabotage his own big night just to show Andrew as being incompetent. To then see Andrew come back and show us some of his best drumming was absolutely fantastic. It's a pity that the earlier parts of this film did not have the same passion and intensity as the last 15 minutes.

Ultimately, this is meant to show the pressure of show business and it's also about how being too self-absorbed can affect not only your own life, but the lives of others around you. It's just a shame that for the majority of its running time Whiplash tackles this in a repetitive and dull manner that offers little insight, commentary or entertainment. It does all three aspects to an extent in the last 15-20 minutes, but for me it was a case of too little too late.",3
Whiplash,"Much loved movie by IMDB users, but I am baffled as to why. Much of the dialogue felt like improvisation. There are no characters remotely likeable. The underlying concept that musicians play better under duress is ridiculous... and that the best musicians became that way as a result of being traumatised is absurd. I don't think Jimi Hendrix rolled out those licks in a state of mind of high tension.",3
Whiplash,"Not just in the music, but the characters as well. There's no soul in the main character's musical drive--he doesn't do it for his love of music, but more for his desire for fame. When he gets rejected, he goes home and takes down all the posters of his drumming idols and disassembles his drum kit. Now, I might just be a novice drummer, but if I got let go from this asshole teacher's band, I would be much happier for it and continue drumming for fun, on my own accord. The kid doesn't seem to listen to much except the technical side of drumming (Buddy Rich), and focuses more on how fast he can hit the drum rather than how to incorporate the drums into the rest of the music. This movie makes it seem like the drummer is supposed to hog the show, or at least it celebrates it at the end. Sure, the kid was ""pushing his boundaries"", but it doesn't necessarily make for good music or make a good musician.

This is without mentioning the parts that detract from the realism, such as his constantly bleeding hands (I don't think Charlie Parker or Buddy Rich lost a gallon of blood each session) or his incredible one-hit KO through the snare (I've tried this before, and am slightly less scrawny than this kid--no dice). There are only two characters in this movie. The rest are so flat I can hardly notice them. His love interest might as well have been left out because there isn't enough of her to make you care about their relationship, and what we do see is that he's kind of an arrogant douche boyfriend. Hard to relate to this type. There are good performances by the two characters, but that's the only thing carrying this movie. The writing is packed full with homophobic slurs that quickly tire out, and unconvincing dialogue abounds.

I like drumming, I like jazz, and I respect musicians who work their asses off. But I couldn't sympathize with any of the characters. I found only superficial lessons (if ""'Good job' kills artists"" is even a lesson), and couldn't feel any heart in the music. I think most people were impressed with the well-acted shouting and fast drumming and ""artistic insight"". This is not how creative music is made, and, despite my hopes and wishes, this is not a creative movie.",3
Whiplash,"OK I think this is a very mediocre movie. After hearing great things on the radio and TV and mentions of nominations, we watched this with great expectations. Sadly, i cant understand how its rated so well. It just didn't click with me at all. Thought it was pretty predictable and so it lacked depth. I even found myself tuning out. Most of the acting was fine to good just didn't think the story was good enough. The young lad was fine at acting but the character was just not great. I didn't connect with the character or acting. It was just a wishy washy insipid type of experience. Maybe its because it came along with some other good films and I thought how is it even being mentioned! Just one of those I don't see what others see! Husband thought it was poor too. Surely were not the only ones!! lol",4
Whiplash,"The performances and direction (which earned all my 4 stars) could have made this a great film, but the message conveyed by the storyline was repellent. I watched right to the end, waiting for the dark consequences of the conductor's behaviour, but instead the film validated the abuse.",4
Whiplash,"As a musician I was really looking forward to watch this movie. Sadly I was deeply disappointed, and upset watching how they represent musicians. I've been a musician since 28 years, and never seen any teacher or band leader acting like this. Music is not (!) sport! No place to yelling and terrorising people in the band. Under this insane pressure nobody could do good music. I know about some guys who are great musicians but very hard to work with. Of course, it happens. But the musicians I know would never work together with an obviously insane person, who use this kind of methods to make the musicians play better. It wont work. This movie has nothing to do with reality. I am angry and frustrated that people now think music bands works this way, because they dont.",4
Whiplash,"Why would I call this movie incoherent? Because there is little consistency. The characters emotions are scattered and tumultuous, cast in a surrealist setting where among a school of promising musicians, a tenured instructor ritualistically destroys the dreams of the most promising students, in the hope one will reach the brink of despair and rise above where those have fallen. So he ruins peoples' lives for years in the psychotic belief that he'll create a master somehow.

Through the dinner scene with the two main characters (I did not take the time to remember their names, this movie is forgettable), the music instructor attempts to provide some reason behind his madness, but again, the epitaph is incoherent. So you're a music instructor . . . who is jealous of the world, and believes he has the answer for everything he observes is wrong with the world. So he's a psychopath. And yet he is gratified in the final moments of the movie? And finally, this is just a rip off of Drumline. This movie had little to nothing original to add to the story, just extra character development, that once again is incoherent. So the instructor lets one of the trombone players go because he doesn't know whether or not he's out of tune, but the player next to him that was out of tune . . . is allowed to stay. So yeah, the instructor is trying to set an example to the others, I get that, and perhaps he's trying to flush out the few who aren't actually passionate about music, but then he physically assaults the main character in front of the other students, until he cries, then mocks his suffering?

I would have walked out of this movie if I saw it in theaters. What a pile of crap. They did get me interested with the teacher's gruff, hard attitude, but he never lets up, stays a jerk until the end of the movie, and yet gets to create the 'master' he's always been looking for. I withdrew only enough frustration from this film to write a negative review. I can see why some people like this film, but it is a superficial pile of garbage if you look at it with any deeper scrutiny than a mindless, berating comedy that showcases the humiliation of people with true talent and dreams. What a soulless film, and a general waste of my time. I feel ashamed of writing a bad review on a critically a acclaimed film only because I wasted the time to acknowledge the movie at all.",4
Whiplash,"I am not a musician, just like to listen to good music. I understand that being a good musician takes talent and lots and lots of practice. We watched this film because of good rating. But after watching it, I do not get it. Why is this supposedly a masterpiece? Nothing really happens in this film, but a young man practicing drums and a old man using ridicule, insult, yelling, lies and deliberate manipulation to create great musicians as he states himself. While this all sounds romantic at first sight, the whole plot is ridiculous at second sight: It is not clear why the main character and especially other musicians allow the teacher to yell and insult them, just because he is supposed to be the best. While he is supposed to be the best, he HIMSELF admits (while being an old man, who supposedly has had lots of time already) that he still did not find or create the next great musician. In addition to that we learn that one of his fellow students committed suicide. Because he considered he was not good enough? It is not clear what story the main characters have that makes them what they are. Except for the teacher, there is not much acting from other protagonists. There is not much drama to show, except for the blood in the hands. And that has been shown a lot, I got an impression that drumming is a very bloody music.

I also felt that the film was low budget. There is only one good actor, the teacher. The set is simply a room or two in some university. Even the audience in the epic final performance looked fake.

In this sense, well done: No budget, no story, no acting. An ineffective and dangerous teaching strategy sold like the path for a great musician, gets lots of positive critics and awards.",4
Whiplash,"I like J.K. Simmons, especially for during his Spider-man years - I think he's all the more deserving of that Oscar for being underrated for so long (still hope Edward Norton gets his pretty soon.)

And I love jazz, and I love all sorts of genres of music; as long as I hear a good talented song, whatever it is, I i like it. Though I draw the line at heavy metal.

I just watched this film just to see what all the hype was about - saw on people's review videos, from film critics, from Best Movies of 2014 lists, etc. But I'm a Christian, and I prefer more the wholesome, family-esc, morally strong, uplifting, and feel-good movies that are just enjoyable to the general audience. and I'm not a fan of violence or profanity, nore do I find them the least bit entertaining.

Overall, I just think this film is quite unrealistic; a teacher bullying his students, especially in music classes, in New York. I just honestly don't think that would happen - I don't think I have any friends who practice any of the drums have a teacher even remotely close to that of Flecther.

(Though it's almost ironic how Simmons - the actor I like - played the antagonist, while Miles Teller - an actor I almost don't like - played the protagonist.

In the end, I give this film a a solid ""6"" simply for Simmons keeping me on the edge of my seat.

PS: Want to watch a good, wholesome underrated film? Then watch ""The Encounter"" here: https://www.youtube.com/watch?v=VdTMhMGy5rk",4
Whiplash,"I went into this movie with little hope, and I wasn't surprised. It's unfortunate that it's just another movie about pushing a man beyond his limits because that's how all the greats are made. It had all the classic tropes and ""he'll mess up but prove himself in the end"" which I don't mind...if it's done well.

Seeing a teacher abuse his own students, even ones he claims he respects, will never look good. No matter where he's coming from it's hard to watch and impossible to justify. The teacher just wanted a more pretentious person than him and he did get that, it's just not enjoyable to watch two angry men believe one is actually supporting the other.

Putting the teachers wrongdoings aside, the kid is hard to relate to. We see a single moment at the table where Andrew isn't supported by his family and that is it, other than his mother leaving we just have to assume his home life isn't great.

On top of this he was a complete dummy about the girl he was dating. Andrew didn't value her. He (thankfully) drops her in quite a cold and borderline arrogant way. With his reasoning being that she wouldn't be worth spending time with if it meant she's getting in the way of Andrew's career. But don't worry he keeps her number so months later he can phone her up and ask if she'd like to see him play! And then it's revealed that she got a boyfriend during that time and obviously can't come. The whole ""relationship"" with the girl felt forced into the plot as well, nothing really came of it or affected him playing. And you're just kinda pissed at him for how he treated her.

This movie felt like what Fight Club is misinterpreted to be, toxic masculinity at its peak. However Fight Club dissects the topics it brings up, here we just take it at face value. We need to tear our brothers down so they can stand up stronger i suppose is the message.

I think we maybe we should just hug it out and see a therapist on the weekends tho.",4
Whiplash,"I wanted to like this movie, I really did. I tried but I found every main character sort of loathsome with no redeemable traits. Though I don't need to like characters in a movie to be able to be absorbed by a film, I found myself rooting against most of these characters.

I love J. K. Simmons but he felt very wooden and I had the impression that I could see his acting and nothing felt real or organic in his play. Plus his sociopathic behavior had rolling my eyes at the idea this was enabled by the school.

Miles Teller's character was just as unsympathetic and I was hoping he failed at every turn.

Plus this movie is a total sausage fest with women only serving as plot points and not counting as real people.",4
Whiplash,"Not here to say people who like this film are wrong, I just personally have never understood why people rave on about it. It feels like one of them films people on a tiktok say is a 10/10 and everyone just agrees,

I found the story incredibly boring nothing really happens and I feel like there was no memorable moments from the film besides the off bit of dialogue, the actors, miles teller and jk Simmons were great and hence the 4 as I believe they are both incredibly talented but that's it.

Definitely not a rewatchable film like there's nothing to return to, maybe one day it will click but for now I believe this is an average film with above average acting and that's it.",4
Whiplash,"This movie is way overrated, It is a normal movie.",4
Whiplash,"This movie to be has major contradiction at the heart of it: the direction which is realistic and and the character of Terrence Fletcher who is about the most unlikely and unbelievable persona I have ever seen on film. As a academic who has worked in three universities I have seen aggressive and bullying teachers who bully and Terrence fletcher, who lies, screeches and physically assaults his students repeatedly within the first 30 minutes of the movie, would have been fired within a few months of his first contract.

This movie is a child of our times where in American (and British) television and Cinema, antihero adoration has become the established norm (see ""House"" and ""breaking bad""), yet presentation of role models or sympathetic lead roles is considered cliché. Movies are considered art as long as they make the audience feel something ANYTHING even if it's profound discomfort. When I watched this movie I felt like turning it off. So does this make it art? If it is then I would rather be low brow.",4
Whiplash,"The good: The outstanding performances of Miles Teller as Andrew and J.K Simmons as Fletcher. They both were incredible in their parts and it seemed as if they gave their best in portraying the two male leading roles. The film surely wouldn't be the same if it wasn't for these two to lift it off. I also liked the fact that this film pays tribute to jazz music which is so overlooked in this age and time.

The bad: Pretty much everything else. It seems like the initial goal of this film is for us to sympathize with the protagonist and share his ambition. We are supposed to like him, admire him for his persistence and cheer for him as he is trying hard to succeed in what he wants the most. But soon, we discover that Andrew's character is a self- centered, self-righteous, arrogant guy who thinks he is the best musician that has ever existed just because it is his ambition to become one. He hurts everyone else's feelings and diminishes them because he seems to believe he is more talented than them (as if it's him who decides that). For example, when he tells the girl he was supposed to be dating, that he does not want to date her anymore because she will slow him down, she asks him if that is because she said she doesn't know what she wants and he is positive. Which means that in his mind, just because he has found a thing he is passionate about, he is superior to the girl, who hasn't found a hobby or career path. Before that, when he is at the dinner table, he seems agitated because his family is not always talking about him and his drumming thing. He tries to change the subject back to his drumming and proceeds to diminish their talent because he really does think they will never amount to him. Which means that although he doesn't like the emotional abuse he is receiving from his teacher, he likes mentally abusing other people.

Furthermore, I do not clearly understand what this film is trying to prove or make us believe. That it is okay to be emotionally scarred for life if some teacher says it's for your sake? Are we supposed to be relieved when the teacher reveals he is being cruel only to motivate the students to be the best and say ''Okay, he wasn't that bad of a person'' because I don't think that's a sane thing to do. The way to motivation should not (and is illegal to) include battering the students, calling them names, using their family background to verbally abuse them and insulting them in numerous ways. So, even if the teacher thought that was the way to make them better, it does not make him a better person. It makes him a monster.

What's even worse is that Andrew seems to like his teacher in a weird way. He knows he is a good teacher and an even better musician so he is trying to look up to him and be the next Charlie Parker. Which means, he has to be as mean and as selfish as his teacher already is so that the teacher finally gives him his blessing. Is that what we want our kids and fellow men to do? Can't someone be the greatest musician ever without being an arrogant guy that puts other people down and admires the wrong kind of people? Couldn't Andrew just be humble and a nice person with the same persistence and drive?

Another thing that really angered me off is how Andrew is indecisive. He swings from wanting to kill his teacher to cooperating with him to get him to like him. He confesses that his teacher is verbally abusing everyone in his class, he knows that the teacher's ways have led to someone's suicide so it looks as if he understands how bad of a person Fletcher actually is. Then he talks to Fletcher, plays with him at the festival as if there is nothing wrong whilst still admiring him as a teacher and musician. And after he finds out his former teacher has betrayed him by ordering a new song he didn't know, he leaves enraged, only to return to his drum set and give everything he's got....Is he suffering from bipolar personality disorder or is he just not sure of what he wants in life?

Overall, I did not like much in this film. Sure the performances of Teller and Simmons were something else and the cinematography is brilliant but in the end, this film should not be anyone's favorite.",4
Whiplash,"I'm going to strictly avoid using expressions with musical terms, or that's what I would say if I knew several. Whiplash left me puzzled. It was maybe a labor of love, being a pet project of writer-director Damien Chazelle, of whom I've never heard of before. The movie seems to be an indie film with a staple of an action movie thrown in for good measure. A car accident, viscerally shown. Lately since the noughties it has been easier to show car crashes. So I'm assuming this one was thrown in to appeal to a wider range of fans.

There are a few things I don't understand about the movie. Like the drum kit is one of the loudest and least quiet instruments of all. So how can the father (Paul Reiser), be so surprised about Andrew's virtuosity? Also The kid, the trumpet player, who 'supposedly' was playing false, really WAS playing false! All these little surprises didn't gel with me, because a) They were stupid b) They would work only if the hero was less smart than a comatose monkey, which in the movie, he was c) they shouldn't have mentioned Casey hanged himself because it's a distraction and you think he should have been the subject of the film d) the twists prevented us from knowing more about Andrew.

The regrettable thing about Whiplash is that there is only one person who got the perfect amount of limelight, treatment, and attention, and that was J.K Simmons. The others got the same level of detail, which was wrong. Andrew is shown as a boy playing drums, and before that at a family dinner. He also dates a girl briefly. He is a very quiet lad with his band and with his girlfriend but surprisingly smart-Aleck and runs his mouth like a machine gun when the story asks for it. Not my tempo. That's all I had to say, hope you found the review helpful.",4
Whiplash,"Watched this film with great eagerness as heard rave reviews and although it shows fantastic work from the cast in general, the storyline is extremely poor and overreaching. Think anyone with any sense can tell being a successful musician is one of the hardest things to achieve in this lifetime let alone one of the most talented. But the approach from the teacher Fletcher (J.K. Simmons) would make Drill Sergeants wince, to push people to their limit is one thing, but to constantly do it over and over and over again would drive the most determined to fall short. The shots where Andrew (Miles Teller) is pushing himself constantly were over the top but somewhat realistic, but it all turns when he dumps his girlfriend (Mellisa Benoist) to concentrate on his career was as odd move in the film as she was barely in it in the first place. The part that tips this into the abyss is when Andrew is late and comes under fire from Fletcher and has to retrieve his drumming sticks only to be hit by a Truck. Not only does he walk miraculously but manages to get to the gig albeit to his demise. It just got worse from there really and the ending predictable. However, the performances were top class especially Miles Teller as he really through himself into the role. Sadly I just did not find enough for the dreadful and unrealistic storyline.",4
Whiplash,"I saw this movie in a theater when it was released with high expectatives... and was very disappointed. Recently I've watched again, and I've been able to appreciate few things, bearing in mind that I wasn't watching a music movie but just a simple psyco melodrama.

I think is a lost opportunity to put some good music and references into cinema, and show a minimal realistic world of how to get through a superior studies of music. The plot is too much simplistic and exagerated, and the director strategies of high contrast of volume, and many frightening scenes. It seems more The Sixth Sense than another kind of film.",4
Whiplash,"Before I start, I'd like to say I am a musician and I do appreciate jazz. That being said, I do like the music in this film. But that's about the only thing I did like.

The story is very original, but ridiculously unrealistic and far-fetched. Honestly, if a college professor verbally, and even more importantly, PHYSICALLY abused students, they would be fired at the snap of a finger. Tenured or not, their career would be over.

The acting is extremely good. J.K. Simmons did a very good job. But the energy was badly misplaced. Terrence Fletcher (J.K. Simmons) is a JAZZ TEACHER AND CONDUCTOR! NOT A MARINE DRILL SERGEANT! There is no need for that amount of intensity, no matter how prestigious the school may be.

And honestly, who would break up with a great, beautiful girl to focus on trying to impress an abusive teacher? I wouldn't. It's just dumb.

My biggest problem with this film is the car crash scene. He got t-boned by an 18 wheeler and overturned. He should have been concussed and bones should have been broken. Instead, he's fine and decides to go perform. Stupid.

At the end, Neimann is kicked out of school and Fletcher is out of a job, but for some reason, even with all that bad blood, they decided to get together and perform, which was just a setup by Fletcher to humiliate and embarrass Neimann. Highly unlikely. But then he kicks ass on drums and impresses Fletcher? That's stupid, too! IT VALIDATES ALL OF THE ABUSE FLETCHER PERPETRATED IN THE FIRST PLACE! It just ends with such a horrible message.

It's a good film, just not my taste. Well acted, but everything about it's intensity is badly misplaced.",4
Whiplash,JK Simmons does a great job of being an asshole. In my opinion that was the only thing I liked about the film. Most people are raving about this but I must have missed the mark.,4
Whiplash,"I give a 4/10 because J.K. Simmons performance and good music.

Otherwise, it's a film that is neither realistic nor credible.

It is obvious that that has been written and directed by a young director, as consistency conspicuous by its absence: since the dramatic and exaggerated concept has been put ahead to good sense and tact.

All the drumming-bleeding scenes are misplaced (nobody bleeds as a result of playing drums), as well as the attitude of students to a teacher who is totally unbearable: chairs crashing against the wall, insulting and disrespecting them constantly .... which students replies with an incredible: ""yes, sir!"" as if they were in the Army ... Today, i think anyone can't put up with that kind of attitude unless you have a very low self esteem.

4/10",4
Whiplash,"There's undeniably a great performance by J. K. Simmons here and this is a film that had me riveted from beginning to end, but I shudder at its message. The fact is, you don't need to be an abusive, homophobic, racist a$$hole and drive those you're teaching to the edge of the abyss to elicit greatness. There are plenty of examples in the world of sports that bear that out, e.g. John Wooden, Bill Walsh, Joe Torre, and Steve Kerr. That's been my experience in other realms as well, like teaching and the workplace, and I'm sure that in the world of music, it's the same. The damage caused to kids by this kind of person, a hard-a$$ wannabe who is really nothing more than a bully, is incalculable, and the film doesn't do justice to that aspect. The fact that this kid (Miles Teller) gets redemption is wonderful; that Simmons's character does is not, in fact, it's more than a little disturbing. The abuser gets to explain himself, show that he's really not such a bad guy, and in the end triumph. How much better would this have been had the kid found a genuine connection to music or his path in life after getting out of that abusive relationship, and we had seen the teacher living in ignominy? Also, since when is jazz about ratcheting up speed to the point of bleeding all over the instrument? Great performances here, but a seriously flawed script, especially in its second half when it could have done something meaningful.",4
Whiplash,"""Whiplash"" on the surface is a tense, complex study of artistic struggle, obsession, and megalomania. I hated it. Not because it wasn't well constructed; not because it wasn't well acted; not because it wasn't well directed, it was all these things and more. No, I hated it for it's heart, its misguided insight into what art and beauty are truly about. It is not lost on me that any discussion or criticism about art could be argued to be completely subjective; I would argue that this movie does not reflect the Truth of art or do credit to the struggle of the artist. Thats not just my opinion either, to me that is a fact. I am not trying to argue an opinion here, I am actually commenting on something that I truly believe. It has been said that ""Beauty is Truth and Truth Beauty"". I believe in Truth and Truth can not be an opinion. ""Whiplash"" takes a swing at what it believes is necessary to reach that truth and fails completely at capturing what it means to be an artist. This movie would have one believe that suffering, obsession, sacrifice and ugliness are the building blocks that great art/artist are founded on. I couldn't disagree more. As an artist myself I understand how all these ""negative"" motivators can drive an artist to produce art, even to produce great art, yet I feel this movie celebrates them as a necessary right of passage. That in order to be great one has to work harder no matter the cost; it implies that those who are successful are those who have suffered and sacrificed the most, and those who aren't just didn't try hard enough or suffer enough. (How many of histories great artist were ignored only later to to be appreciated?) Perhaps most disturbingly It implies that one's self worth or the ""value"" of art is dependent upon its reception by an audience or external factors. Enter the ""evil"" music/art instructor who's job it is (by this movies logic) to push someone past what they think is possible to open up new untapped potentials hidden away by psychological blocks of complacency and self-pity by employing the tools of cruelty, manipulation and terror. All this hidden behind some BS ideal that their is a great nobility inherent in ""not depriving the world of a great artist"" no matter what the cost. GAG!! What grandiose melodramatic tripe. I don't argue that we all couldn't use a swift kick in the pants occasionally in order to rise to our potential, or that honest criticism can be crucial to progressing as an artist but to ruthlessly and manipulatively bully and torture someone in the hopes of achieving said effect is where i take offense. Who the hell gave him that cross to bare anyway!? There is a line. This movie even mentions this ""line"" at one point and comes really close to reaching a redemptive conclusion....then misses the mark entirely and descends into the abyss. At this point the movie could have had some valid commentary on the consequence of tyranny and obsession and lifted itself to having a message worth sitting through. I had a glimmer of hope that the movie""s heart was true and had been enact all along. Unfortunately this was not to be. The scene that twists the knife comes when; after being set up and sabotaged by Fletcher, Andrew rises to the occasion against all odds and puts on the performance of a lifetime. Had he done this despite the villainy of Fletcher and the movie just ended, then one could have left the movie with a certain ambiguity, open to contemplating the various themes and questions the movie raises about art and the artistic process. However the damning evidence of the movie's actual message comes during Andrew's fevered solo when despite everything Fletcher has done to Andrew (including trying to completely ruin him) there is a nod of acknowledgment from Fletcher that conveys the approval that Andrew has been so desperately seeking and the movie ends as if something triumphant and beautiful has been brought into the world, as if the ""Master"" has finally found a worthy pupil. Uunnghhh! Never mind that Andrew is an obsessive with no sense of self (or self worth), never mind that Fletcher is a maniacal, narcissistic power drunk bigot (who may have even played a hand in pushing a young mind to suicide), never mind that there seems to be no consequences for any of these characters in their pursuit of greatness. Never mind that neither character have hardly any redeeming qualities. No at this point the movie decided to celebrate this twisted moment as if it were a triumph of art and truth. As if tormenting a person is how great art is born. No I don't think it is cool to celebrate this message nor do i think it is healthy to celebrate Fletcher's and Andrew's relationship as justified and productive. As an artist it offends me with its clichés, it lacks insight, responsibility and any awareness as to the very purpose of art. Art doesn't have to be beautiful, art can be ugly. It is both and it is neither. The only thing that is required of art is that it reflects Truth. ""Whiplash"" explored beauty and it explored ugliness and I am fine with that, but in the final act when it tried to explore the impetus of what makes great art in rang FALSE. Instead of enlightenment we got pandering, melodrama and a self indulgent study in cruelty that pretentiously masquerades as if it knows what it means to be an artist. -Sizer",4
Whiplash,"The acting was good, it had potential...but it was TOO much. The teacher pushed the boundaries beyond normality. The teacher was abusive, manipulative, narcissistic and incredibly unhealthy. The teacher was toxic, position of power to control and scare young students into complete submission and fear through violence and verbal abuse.

The epitome of toxic.

I was hoping it would become better towards the end, but the ending was not resolute in any way. I would not watch this movie again. It portrays a toxic and unhealthy version of success and hard work that is violent. No one should aim for this or put this kind of behaviour on a pedestal. Other reviewers commenting that this is the type of hard work ethic and motivation that people from the millennial generation are lacking/or in need of, need a serious reality check.",4
Whiplash,"On 13 November Whiplash – directed by Damien Chazelle starring Miles Teller and J.K. Simmons – will premier at the Netherlands cinema. This movie about an ambitious and talented drum player and his dominant, relentless teacher, is expected to do well, based on the positive reception it had in many countries and at several festivals. Even before its release the movie opened the Leiden International Film Festival, and won the LIFF Indie Competition. General appreciation is also shown at IMDb, where the film scores 87/100 with about 4400 votes.

The story that the movie brings forward is not new. Andrew, a young drum player, enrolls at the high-class, well-reputed Shaffer Conservatory, where he meets Fletcher, an infamous teacher working with high standards and non-compromising methods. Andrew attracts his attention and a struggle between the two characters begins when Andrew secures the position of first drum in the school band practicing for the national school competition. The movie focuses on the two main characters, and the way in which they interrelate with the aim to realize the best drum performance for the school's honor, but more so for their own prestige and ego.

Although the movie excels in cinematography, acting and music – provided you at least like some level of jazz music – the story doesn't seem to convince. The strict focus on the two men and their sole purpose leads to repetition in the narrative, following the cycle of insult and pressure from the teacher, hard work and pain by the student, and short-term victory for both when a performance succeeds. Even at the end of the movie, when things seem to turn around, the teacher again tries to push the student into a great performance, which he indeed delivers.

Additional characters, such as the student's father, girl friend or other musicians at the school, are just there to support the main story. They never get any depth or backgrounds, and their role is minimal; they are there to underline how determined and ambitious Andrew really is. The school functions as decor, with musicians as extra's and no sign of a board, other teachers or school infrastructure.

Focusing on one aspect of a human relationship can produce interesting and compelling movies, but Whiplash is not a good example. Besides the elimination of all surrounding factors, there is another possible reason why the story doesn't convince me. The general idea underlying the story is that real talent blossoms with hardship and pain. Consequently, the message is delivered that it is good to bully and mistreat a student with talent, so that he or she gets to full development. To my mind this message is not true, at least not always, and needs more justification than a flat, straight story about two egocentric men struggling for power and recognition.",4
Whiplash,"'Whiplash' makes for uneasy and disturbing viewing: We have a film about a young and talented musician ( Miles Teller ) whose desire to reach the top of his potential, will be exploited by a sadistic teacher and leader of a college jazz orchestra, ( played by JK Simmons ).

There is no fun in this film at all, and I am alarmed by its popularity. The film Whiplash cuts its mark from the very expressive title of its namesake, but it should really be about the beautiful assembly of an orchestra that will struggle and strive to make great music: The film is not like this at all: It is solely about exploitation in the hands of a diabolical monster in which he pursues his own egoistical fantasy in a devils desire to achieve perfection. In his own way, there seems to be no limit of what can be achieved - in my mind, it is madness?

It is very sad to have a wonderful story of music to be exploited in this way. It is a corrosive abuse to exploit the audience in this style of punk filming: The film breaks all channels of continuity without good reason.

With regard to the films reference to Charlie Parker -he was great musician - but his life was tragically fused and driven by drugs: he died relatively young from his abuse of drug taking - and the doctor at the coroner's inquest remarked that he mistakenly thought he was an old man on examining him initially?

Although there is sharp and brilliant exchange of dialogue coming from the orchestral leader - and we might think he is a brilliant teacher of genius mind -but the level of exploitation and abuse exceeds to bad taste. It is also insulting to expect the audience to believe that a young student would sacrifice a darling romance to lose his girlfriend for the sake of dedicating his music practice to the point of oblivion?

Hash words for those who loved the film -but this is my point of view of an intolerable teacher who belittles the value and benefits of music. The film may invigorate for some, but not for me if you don't mind?

Yes, although the film electrifies intensity in this manner of fear and highbrow bulling -and I do applaud great acting all round....it never stops, and then seems to end on an easy, high notation from a lazy script as if everything was alright in the first place. The film would have benefited so much better if the story were treated as a spoof with light humour, with the teacher as a crank: It is totally unnecessary in its portrayal of exploitation of viciousness.

I was not having a bad day - just experiencing a nightmare from the film that I will never watch again!

Directed by Damien Chazelle.... ( 'La La Land' )",4
Whiplash,"What a wooden film. As a viewer, you cannot really get to know any of these characters. Nothing great comes from an abusive teacher. Hitting student in the face, really? No. It was unclear what JK Simmons' character really was after. Was it perfection? Is the only way to achieve perfection by humiliating students with verbal and physical abuse? The drumming was excellent. I'm a musician and I've never heard of students bleeding all over their drums. It's ridiculous. The only thing JK Simmons' character cared about was tempo. Talk about unidimensional. He crucified students only if they couldn't determine his tempo after a few beats. What about dynamics? What about interacting with the band? The script was superficial and lacking. People probably like this film because Simmons was an interesting character and the drumming was interesting. You'd think such a brilliant teacher would be a more impressive jazz pianist - another boring scene.",4
Whiplash,"""Whiplash"" on the surface is a tense, complex study of artistic struggle, obsession, and megalomania. I hated it. Not because it wasn't well constructed; not because it wasn't well acted; not because it wasn't well directed, it was all these things and more. No, I hated it for it's heart, its misguided insight into what art and beauty are truly about. It is not lost on me that any discussion or criticism about art could be argued to be completely subjective; I would still say that this movie does not reflect the beauty of art or do credit to the struggle of the artist. Thats not just my opinion either, to me that is a fact. I am not trying to argue an opinion here, I am actually commenting on something that I truly believe. It has been said that ""Beauty is Truth and Truth Beauty"". I believe in Truth and truth can not be an opinion. ""Whiplash"" takes a swing at what it believes is necessary to reach that truth and fails completely at capturing what it means to be an artist. This movie would have one believe that suffering, obsession, sacrifice and ugliness are the building blocks that ""great art/artist"" are founded on. I couldn't disagree more. As an artist myself I understand how all these ""negative"" motivators can drive an artist to produce art, even to produce great art, yet I feel this movie celebrates them as a necessary right of passage. That in order to be great one has to work harder; it implies that those who are successful are those who have suffered and sacrificed the most, and those who aren't just didn't try hard enough.(How many great artist has history ignored only later to discover their beauty?) Perhaps most disturbingly It implies that one's self worth is dependent upon the reception of their art by an audience or someone outside themselves. Enter the ""evil"" music/art instructor who's job it is (by this movies logic) to push someone past what they think is possible to open up new untapped potentials hidden away by psychological blocks of complacency and self-pity by employing the tools of cruelty, manipulation and terror. All this hidden behind some BS ideal that their is some great nobility inherent in not depriving the world of a great artist no matter what the cost. GAG!! What overblown melodramatic tripe. I don't argue that we all couldn't use a swift kick in the pants occasionally in order to rise to our potential,or that honest criticism can be crucial to progressing as an artist but to ruthlessly and doggedly bully and torture someone in the hopes of achieving said effect is where i take offense. Who the hell gave him that cross to bare anyway!? There is a line. This movie even mentions this ""line"" at one point and comes really close to reaching a redemptive conclusion....then misses the mark entirely and descends into the abyss. At this point the movie could have had some valid commentary on the consequence of tyranny and obsession and lifted itself to having a message worth sitting through. I had a glimmer of hope that the movie""s heart was true and had been enact all along. Unfortunately this was not to be. The scene that twists the knife comes when; after being set up and sabotaged by Fletcher, Andrew rises to the occasion against all odds and puts on the performance of a lifetime. Had he done this despite the villainy of Fletcher and the movie just ended, then one could have left the movie with a certain ambiguity, open to contemplating the various themes and questions the movie raises about art and the artistic process. However the damning evidence of the movie's actual message comes during Andrew's fevered solo when despite everything Fletcher has done to Andrew there is a nod of acknowledgment from Fletcher that conveys the approval that Andrew has been so desperately seeking and the movie ends as if something triumphant and beautiful has been brought into the world. Uunnghhh! Never mind that Andrew is an obsessive with no sense of self (or self worth), never mind that Fletcher is a maniacal, narcissistic power drunk bigot (who may have even played a hand in pushing a young mind to suicide), never mind that there seems to be no consequences for any of these characters in their pursuit of greatness. No at this point the movie decided to celebrate this twisted moment as a triumph of art and truth. As if tormenting a person is how great art is born. No I don't think it is cool to celebrate this message nor do i think it is healthy to celebrate Fletcher's and Andrew's relationship as justified and productive. As an artist it offends me with its clichés, I feel it lacks insight, responsibility and any awareness as to the very purpose of art. Art doesn't have to be beautiful, art can be dark. It is both and it is neither. Art is truth and that is all I would ever ask of any form of expression. In ""Whiplash"" I got pandering, ""Top Gun""-esque melodrama and a self indulgent study in cruelty that pretentiously masquerades as if it knows what it means to be an artist. (2 stars for the undeniably fine craftsmanship and performances, but on those alone does not a good movie make.) -Sizer",4
