title,comment,rating
Avatar,"Having seen the trailers when this film came out in 2009, I decided that it would probably be all CGI & little else, so I didn't bother watching it. Everyone said it was good, so recently I bought the DVD. The film came down to my expectations!

The plot is thin & weak and basically that of European settlers colonising America in the 18th & 19th centuries & ignoring the rights of the Native American Indians.

The character of Grace was largely insignificant and I can only assume that casting Sigourney Weaver in the part was to ensure it had at least 1 well known name.

Colonel Quaritch was ridiculously and excessively gung ho.

Parker Selfridge was ludicrously 'the company man' who doesn't give a monkeys about the natives.

The transfer of Jake Sully's 'brain' into that of a native was somewhat pathetic, but predicable as how else would he be able to live happily ever after with Neytiri if they were different species?

Given a choice of watching Avatar 2 and having a hedgehog inserted backwards, it's going to be 'Hello Spiny Norman' every time.",1
Avatar,"Way too long and way, way toooooooo boring. Slow moving, unbeatable characters, and just way, way too long. Go outside and watch the grass grow or paint dry and both of those are mire interesting than this crapfest. Yawn.",1
Avatar,"What is wrong with you guys? I left out the story. But what are people really attracted to? I can't fathom what joy they find in the blue-eyed men and women and the leaping dragons and robots. Unfortunately, I have to see part 2 in the theater tomorrow. In order not to lose money, I watched the first episode at four times the speed while drinking alcohol. Watching a three-hour-long stupid movie in 45 minutes is a little less regretful, I must say!

Where is the director's credit for making such a movie? Filled with clichés. Nothing new. No artistic excellence. Just bare technology. Yeah, it is okay for kids. But grown people going to the theatre and enjoying this is totally beyond my understanding.",1
Avatar,"You will enjoy the movie if you have lower than average intelligence. Mind you, I wasn't expecting anything intellectually stimulating walking to the cinema; it's a James-Cameron movie - who does? The only thing going for this movie was the visuals, but even that was offset by everything else. Obnoxiously bad. The dialogues were laughably terrible & there is virtually no character development. I didn't feel a hint of emotion when the eldest son died. By the end of the movie, I desperately wanted the movie to end. The only thing gave me some relief is the fact that Cameron is 68 years of age this year; hopefully he won't be alive to make the next sequels.",1
Avatar,"James Cameron made good a movie, it's called Titanic. Those others not good, but this one is really bad. At least the Terminator series is exploring the possibility of AI to get out of control and for this he deserves credit since he was one of the firsts who has foreseen this even before AI was nothing more than a project.

Avatar is CGI applied to a very thin story. I hoped there will be no sequel but since there are a lot of people who like this kind and studios need money...

I guess when humanity will be over this CGI phase and directors and actors will go back to making real movies we will have the chance to watch good ones again, but I don't put too much stock on that.

Big companies are making a lot of money from movies heavily based on CGI, games, VR and AR. They will always push products which brings a lot of profit.

One must ask himself/herself if immersing into a fake reality is a good thing and if that is not addictive or even worse.

Artists have explored tat territory even before the existence of TVs or computers but they had a good reason. Nowadays we are in this frenzy.",1
Avatar,"Synopsis-An Alien planet is under attack by a human corporation who want some resource (no specifics as to why), located in the alien's home land and who are reluctant to move from their natural and mystical habitat so the corporation send a marine in alien form (avatar mode), to reason with the aliens only for the marine to conform with their way of life and join the resistance. You probably know what happens as it's a predictable plot with a ton of cliché's.

Visuals- Complete and utter pain for your eyes. The 3d glasses makes the screen seem darker and so loses the sharpness of picture and what's worse, gives you a headache because your eyes just can't take the strain, anyway the 3d effects aren't all that impressive. Without the glasses, the graphics are astonishing but because it's intended to be 3d, there is a noticeable blur that is very noticeable.

Plot- This is where even a multi million pound budget cannot save a film. The film seems to be split into 2: Avatar mode and Human form. The film switches between the 2 and this is bad because human form is boring and drags the film. Every time there is a high in Avatar mode such as riding dragons; it is killed by the exiting of Avatar form to the tedious human form.

The film just doesn't have any substance. If you took away the graphics, then you are left with a very predictable plot (Wall-E?). You know it's inevitable that their will be romance, that the undercover marine will turn sides, that there will be some cheesy deaths to add motive etc. The dialogue would make the pope weep (line from American Movie) the worse easily being ""you're not the only one with guns bitch""...(shudders). There are also parts of the films where only average movies or poor movies would get away with such disbelief i.e. being able to escape from an army base so ridiculously easily.

Overall the film is eye candy if your eyes can take the strain but the plot is an equal let down that offers nothing new and is another piece of clutter in the top 250 along with Requiem For A Dream.",1
Avatar,"I can sit through movies I don't enjoy for the sake of family, friends, and significant others but this movie is hands down one of the worst films I've ever seen. The storyline and plot is so unimaginative and uneventful, much to my disappointment as so many people had talked it up to me, that I got my phone out and played on it for the rest of the movie (it was a living room viewing, before anyone comes for me about being on my phone). 30 minutes in and I thought ""oh, it's Pocahontas with blue aliens."" I saw once when it came out and no one could pay me enough movie to watch it again, let alone one of its sequels. How it's getting 4 more movies is inconceivable to me; I just pray that the second one flops and Sony cancels the last 3.",1
Avatar,"I saw AVATAR today. It was a boiling 40 degrees Celsius in Australia. I caught a bus and train to get there. I spent months on a forum before that. Incremental stops included a scriptment, stills, a teaser, a foot, AVATAR day and a full trailer. Now released I have had many reviews to read which have been mostly very positive.

It is a marvel to watch. The opening scenes are very sci-fi with a glimpse of low gravity aboard a space-craft. Sam Worthington fills us in with a short narration. He is taking over his diseased brother's role in the AVATAR program. These opening scenes are actually among the most effective 3D in the film, pulling you into this story, tracking shots putting you into the steps of the characters.

I jump ahead, like the film, to The world of Pandora which is lush with earthly life as seen through pulp fantasies. The rendering of this world is terrific. The life and activity is in the plants as much as it is the animals. Wonder is generated with this ambitious creation. Cameron has lifted the bar. The CG is the best I have ever seen. Everything you have heard is true. The 3D enhances this with leaves falling and swaying branches life-like in the foreground.

The realisation of the Navii is also ambitious. They are CG but there are many moments that make you think they are real and in terms of the story they are more than good enough to propel the narrative with strong emotional content.

I went into this film knowing mostly everything within it. Hours of reading, some from the treatment and pages of the recent reviews. It is very much a family film like ""Nealz"" said in his IMDb review. There is a moment where one of the ferocious animal species that earlier were attacking Jake are seen with a litter, the children in the audience loved the cute pups! The spiritual side of this film is much better than expected. It is in fact a beautiful story. The structure is classical film-making but with amazingly new scope in CGI to express grand images. An epic

The journey that Jake takes through Pandora is lovely. He is taken in by the Navii and explores their culture, language and habitat. Natirii, the female Navii he meets while lost, helps him through this journey. This is a love story of both soul mates and with a wider picture. Existential connections with the natural world. Personal destiny.

I had tears in this film. I tried to hold them back but by the roll of credits they came. This is a movie that I have anticipated for so long. I think the ingredients of its story and my connection to this films production gave me a very emotional response. I cant imagine this disappointing any of the fans on the board. Keeping in mind that it is a family film but delivered everything I wanted.

Expect a special edition. After AVATAR is a hit, a special edition will make its way to the cinema. I can understand why they would cut the earth scenes and it works. The actual film seems pretty brisk and it could also have more padding out. You want more of it and that is a triumph for this type of film running two and a half hours. It is a good balance because at two and a half hours AVATAR is aimed directly at the cinema going audience. Broadly appealing with elements for everyone. My earlier prediction of a billion or more world-wide seems safe.

I don't want to go on about visuals too much but the lovely shots of the natural wonderland of glowing life in still 3D shots is magical. Something to take kids to see. Floating tiny neon li

fe jellyfish their way through the air with grace. The monkey-like extra-limbed creatures with the peeping eyes flock through the forrest quickly. The creature design is done in a clever way with the motion of a living thing. The action is over the top, epic, frenetic and a new take on the battle sequence.

James Cameron didn't stuff this up. He probably pressed the studio way beyond their comfort zone with the time, money and effort that has gone into this. Sam Worthington is excellent casting choice. Sigourney Weaver ads frank reason. Stephen Lang chews the scenery as the ultimate you know what. Zoe Saldana is beautiful as Jakes guide into this world and.

I went to the cinema and it was a very hot day. By the time I left the cinema, the streets were wet with rain. A warm humidity was thick in the air. Lightning splashed my walk to the train station with white light. I honestly wondered if It was my time to be struck down with a bolt of electricity from the sky.

Watch this film. It is destined to become a childhood classic to many little-ones too young to be on this forum. It will be talked about at high school by male and females as spectacular. It will be watched multiple times by fans. I loved it but beyond my appreciation for the film itself, is the the message of love permeating from this movie that I hope enters the zeitgeist like elements of Cameron's other stories have. At its heart is a soul. AVATAR is an achievement in many technical departments but I wouldn't say the story is deficient. It is a beautiful experience and the story is surprisingly what I loved most.",1
Avatar,"I will say that I have never been a fan of 3D movies. Whether the ones from the 70s with cardboard glasses out of a comic book or the new wave that James Cameron started with Avatar. So for me, I am reviewing the story more than the visuals. Watching it in 2D, the visuals are ok but he leans too much into them and the story suffers.

The story is reminiscent of better stories like District 9 (which I know came out the same year hut did the trope of not understanding a people until you walk a mile in their shoes) or Dances With Wolves. It is not original and comes across very heavy handed about environmentalism. So bad that the this the antagonists are trying to get from Pandora is ""Unobtainium"". Seriously. That's his MacGuffin.

I know there are people who love this film and I am happy for them but for me, it was unoriginal, derivative, visually overwhelming, and WAY too long. Jimmy Cameron please learn to edit like you did on T2.",1
Avatar,"With the sequel coming out, I was curious to see what the most recent reviews had to say. I noticed most of the poor reviews, all but one, start with the general theme of ""visually stunning, but..."" This primer added to the reviews compelled me to add my own review.

It is not visually stunning, or to be fair, it is as visually stunning as a windows 97 screen saver which was mesmerizing for short periods of time. This movie is the epitome of a computerized world. Any time a computer can do what humans use to it is deemed brilliant. Anime is more ""visually stunning"" than Avatar and the movie doesn't even compare to a Studio Ghibli quality of animation.

There are plenty of live action films that are more stunning than this. I feel like the wes anderson's film color palette is more stunning than the Avatar CGI. And recently, the lighthouse, directed by Robert Eggers, was far more stunning and that was a black and white film.",1
Avatar,"No, the film itself is not disgusting. It can't even generate negative emotions. It generates no strong emotions at all. What it does for the most part is bore you to death and make you wonder what kind of mentally challenged person made the film.

What IS disgusting is that the mentally challenged person in question is rich based on this pathetic pile of garbage that would have resulted in him being kicked out of film school had he ever submitted that script. This film deserves ridicule and Cameron deserves to be treated with contempt and disgust. This is even below George Lucas level, in his Star Wars 'prequels'. Let that sink in.

What do you say about this film? Morph a smurf, a kitten, and a puppy into one, refer to them as naive (I mean, 'navi'), make them frolic in ridiculous CGI video game universe and then send super-evil bad guys who are somehow even less than one-dimensional and who run around in somewhat larger versions of robot loaders from 'Aliens'. This is 'Dances With Wolves' made by a retard. And I am choosing my words carefully. I honestly, without a hint of hyperbole think that the level of this film equals that of a mentally challenged person.

So now we know what Cameron is - in addition to being a cynical money-grabbing destroyer of genuine art.

It was all about money: how much it cost to produce and how much it made. He cleaned out our wallets faster than his bad guys cleaned out his fake CGI forest.

Zero stars for this, and once again: utter contempt for the 'filmmaker' behind it.",1
Avatar,"From the moment I saw previews for this, I didn't think I would like it. Just for background I am a movie LOVER!!! I enjoy all types but horror is my least favorite. For one thing, I HATE when a trailer doesn't tell you anything about the plot. I will not go see a movie based solely on who stars in it, who made it or how popular it is. I want to know what I'm spending my time and money on. I never did see this in the theater. I waited until it was on HBO. I'm so glad I didn't waste my precious time going to the theater for this!!! ( I have a special needs child so I cannot hire just anybody to babysit.) I HATED THIS FILM!!!! It literally took me 3 sittings to get through it because I hated it so much. The CGI was good but the storyline was awful. I didn't care about any of these characters, which is the hook that makes you stay. I am the person that cheers and cries during movies too. I still can't believe this out earned Titanic!!! That was a fantastic movie.",1
Avatar,this movie was terrible woeful bad and horrible in fact it was so bad i left after 30 minutes have not seen the complete movie and never will it sucked and that's the truth i can name a thousand better movies than this rubbish and that is the truth i would sooner watch grass grow than watch this movie in all it was woeful i have seen a thousand better movies than this one and their will be thousands more if i had to choose between this movie and a john Wayne movie john Wayne would win hands down and any other movie would beat this dribble worst movie of all time any movie would rate better than this one i rate this as 1 out of 10 and will never see it ever 30 minutes was enough well that.s my comments regarding this film,1
Avatar,"Yes, the special effects in this film were fantastic but the story was very unoriginal. If you've ever seen the movie ""Dances with Wolves,"" then just imagine that movie in outer space and you'll have Avatar:

An American goes to another culture and falls in love with one of the girls from the other culture. The American realizes that the other culture is better than his own and he joins the other culture.

I'm tired of seeing movies like this. I wish I hadn't seen this one. I never saw ""The Last Samurai"" but I heard that it had a similar storyline. James Cameron movies aren't very original. The main reason that James Cameron movies are successful is because he has lots of money to pay for great special effects and/or good looking actors.",1
Avatar,"I just now finally got around to watching this movie. I had heard all about Pandora syndrome (not a real diagnosis, just what I call the people who, after seeing this, wanted to live on Pandora). Even before it came out, I thought that calling the element being mined Unobtanium was pretty stupid. How is it unobtainable when you now are mining it?

Basically an eyegasm is all this has going for it. Even then the effects are all the same. Everything glows in the dark. Their footsteps light up the ground and apparently the Na'vi have skin that glows in the dark also.

I just hope Avatar 2 never happens. If so, I can't wait to miss that one completely.",1
Avatar,"My TV has a feature where it can display a fake, crackling fireplace. It doesn't have a great plot. It's not well directed, or well acted. It just looks pretty for a few hours. Which is exactly my feelings about Avatar. James Cameron spent so long salivating over the special effects that he forgot to make a movie. The scant plot that does exist, is just a rehash of Dances with Wolves and Little Mermaid, with a few set pieces from Aliens thrown in. And any script including ""unobtainium"" as a MacGuffin is the worst script ever. I'm constantly astounded that some people think this movie is good. I can only assume these people point at planes.",1
Avatar,To me it was the worst movie ever made everybody made a big deal about this movie The Plot suck the only thing was good about it was a special effects other than that acting and everything else suck.,1
Avatar,"... fun the first time, fun the second time and maybe the third but then it wears out and becomes boring. To consider a movie a great movie I ask myself one essential thing – Will I enjoy this movie in the future without getting bored of it? I can watch Fight Club, The Big Lebowski or Die Hard a hundred times and still think it is good. With Avatar I'm Afraid it is just like a nice new couch... you love it the first days but then you don't recognize it anymore and eventually one day you'll replace it. All in all I can say this movie is for easily impressed people who haven't seen a lot of movies in their lives yet. But trust me, once you grow up and seen some pictures that are out there – and some stories are as impressive as the visuals in Avatar – you will find Avatar a nice popcorn movie to be taken out of reality for 2 hours and 35 minutes. But that's about it.",1
Avatar,"Like everybody else I eagerly awaited James Cameron's return. And this looked like such an ambitious return at that. Then the movie started. Between the crappy narration, stupid story, terrible dialogue, awful writing and unoriginal everything I don't know where to start. Of course Sam Worthington can't act.

Really the worst part about this is the writing. Everything that's said is dumb and the good actors try their best. The story is of course ripped off of Dances with Wolves. It would be one thing to take the basic idea, but this goes far beyond that. The main guy falls in love with the chiefs daughter, they fall in love while she's teaching him the language, he narrates the movie through writing his journal... I'm sure there's more.

This story isn't worth telling, it's been done so many times: evil corporation, money, invading native culture... Yada yada yada.... We need something new not the same message. and it's really hard to believe that with how PC everything is these days that in 200 years all of that would be completely gone.

Looking back on it the seeds of this started with Titanic. When Cameron used generic storytelling devices to get to his worlds. Titanic is original enough to work but this isn't. Also I'm sure after making the biggest movie ever that you're not going to hear a single criticism from anyone reading you script.

The world is really cool looking. But since it's all fake I wonder why they didn't go for it and make something completely fantasy? The Avatars look like humans with makeup basically. If I was going to CG everything I would take advantage and really utilize the CG and make something that couldn't be a guy in a suit.

But the worst part of all: Colonel badass. No subtly, over the top and borderline cartoonish. I don't know why he has a big duel with the main character at the end when they have absolutely no connection whatsoever.

I guess everything in this is heavy handed. It feels like Cameron hasn't watched a movie since 1997 so he's taking the next step in 97 terms. Now we know why he wrote this so long ago, it was right after watching Dances with Wolves.

I hope that Cameron just got lost in his love for the world and returns to the original film maker that he was.",1
Avatar,"Maybe because I had very different expectations??? I thought the word ""avatar"" implied more a world of online gaming! I was very disappointed in the cinema when I found out it wasn't about that! OK, it was about a planet in space named Pandora... please!!! That's the most original name he could come up with?!? Sorry, but after seeing completely new and interesting outer-space civilizations in righteously world famous movies like the Star Wars saga and Star Trek (complete with original NEW names for everything)! I found it unbelievable from the beginning.

After all the problems about their blue colour, I wanted more magic in their appearance and world. I didn't think they looked beautiful, not their white washed colour blue in the movie (NOT the beautiful dark blue from the poster!) and the fact that they where scaringly tall and very sluggish. They moved slow. After all that money that's gone into it... I soon thought it would have been better to had just spray or bodypainted real people/actors blue, they would at least have moved more realistic. Their ""billie jean"" steps in the forest wasn't enchanting to me. I just kept on thinking about MJ, very distracting!

I waited that entire movie long to see or understand why that woman would fall in love with him, but I never saw why! I would/could never fall for a guy in her shoes that destroyes my 1000 year old sacred three and abuses the legend of my forefathers!!! Very ""here comes the white man to save the day"" message in this movie = didn't like that! Also thought I was going to see a strong woman also in personality. Like JC created before in Titanic and Terminator. Which makes those 2 movies an extra fun viewing experience!!! But nowhere did she have actual lines to say! That woman REALLY disappointed me!!! All she did was went ""aaaghhh"" or 'fssppppttaaa"" in every scene you saw here in!!! Annoying!!! That's how I remember her! How could I else?! Is that what makes her ""native""?!??? So one sighted!

Talking about that, the moment we saw them, the association with ""avatars"" went completely out the window for me = more disbelieve on my part! I just saw blue versions of indians & africans!!! Very old fashioned, nothing electronical about that!

All those LONG video imputs/blogs where BORING!!!!!! I almost dozed off! Then the ending... we have to have their ""ubtanium""... so OBVIOUS! It's something we have to obtain....BLEH! Yes, I liked to have had a more believable name for it, like kryptonite for example. I repeat everything I said about the planet's name!!! Why was it suddenly so military like at the end?! That end fight is nearly 40min long = TO LONG!!!

Last but not least this entire script was stolen from Pocahontas her story!!! Many times even the lines straight from that script! OMG! He comes on a spaceship to a planet just as foresty with high mountains as Virginia... the sacred tree?!???!!! All I kept thinking when I knew this in the movie was ""please, if you want to have at least 1 difference from that storyline! At least DON'T let Kocoum die in this one!!!"" I opened my eyes... coincidence or not, he dies!!! That's where I drew the line! I love titanic it changed my life forever and Terminator rocked my world. This movie did neither!",1
Avatar,"recently, i've discovered that i hate overrated films..well everybody does but in my case i can't be objective anymore, if a movie is overrated even though i think its a 6 i want to give it a 1. here it took me an effort to leave it a 6. a good movie, fun, very nice visuals, acting by most of the cast. however it is by far the most overrated movie in history. the story has been done a thousand times, cliché, nothing special about it. a lot of scenes are really useless, no point of them, a bit long can be shorter. in some parts a bit illogical, and few examples (no spoilers i promise) but how those weapons were fired at full power in a place where there's no oxygen!! isn't O2 a combustible and helps fire..and many others (i won't say coz there spoilers). movies like the avengers, the hurt locker.. are also very overrated. is this movie really worth being the highest grossing movie of all time?!! i doubt so. 6/10.",1
Avatar,"I waited awhile to see this movie, and i wish i had not, watch it that is. this movie was so long and boring, it had no point to it, if they really wanted that rock so bad they could have just started mining and enclosed the area, its that simple. i hope that fox does not waist the money on any sequels. how this movie made a billion dollars is beyond be (how ever since movie tickets are so expensive/ or James Cameron bought millions of dollars in tickets).

anyway this movie is horrible, the only reason i watched the whole this is because of two reasons. one i had hopes it might turn around and get better on the second disk, it did not. and two because i did not want to be that person who watches half the movie and have people say ""well you need to see the whole thing"".

this movie is horrible and should have never been made... for a comparison this movie ""avatar"" makes ""piranha 2 the spawning"" look like the best thing James Cameron has ever done. this movie is that bad. if you are thinking about watching this movie for the first time i would recommend watch that Kim kardashin music video for 3 hours instead of this.

what even worse is cameron just copied and pasted the sounds form Jurassic park, what were you too lazy to think of a new sound?

also why is it that james cameron is the only person that can find the people that can not act... in terminator 1 and 2 it was linda hamilton (altough he was married to her so maybe that had something to do with it?) and in this it was zoe saldana, a horrible actress, usually voice acting does not seem that hard but she makes it seem like it is equal to doing open heart surgury",1
Avatar,"Avatar is absolutely amazing movie in the world.Because it's directed, written, produced, and edited by James Cameron. So many people watched it and will continue to be considered. It was expressed that people should love and protect nature. A amazing movie that could to the hearts of people. We don't know what will happen in the future. So we need to love and protect everything. This movie inspired me how to love and protect nature. It has a lot of interesting parts, which make you want to watch again.",1
Avatar,"its a Blue Remake of Disneys Pocahontas. I think i say enougth Paradicma has changed.

its only a silly Capitalism Movie Adaption. really really really Bad Adaption I wanna Back my money and buy Pocahontas its the better version of Pandora.",1
Avatar,"Avatar 2 has nothing new to show you. Same (stunning) visuals and sadly, it begins and ends there. The first episode at least offered some new perspective in cinematography. Yes, the plot was it's weakest link, but it was still enjoyable. This one, I could not wait for it to finish. The only ""new"" thing was they rode some animals on and in the water. Oh, and Cameron left a door open to make as many episodes as he wants to. I predict they will be all the same, though. The best thing about this movie is contained in one phrase ""Wherever we go, this family is our fortress"". My overall rating is 1 star, because IMBD won't let me rate it at 0.

Plot: 0 Soul: 0 Visuals:10.",1
Avatar,"Ecology, Evolution, Enslavement, and an old world order vs a new one; the new one lost in this one.",1
Avatar,"Mr. Cameron is fantastic director. That being said, he spent way to much time on this for how poor it turned out. It's as if he spend 99.99% of the time with the CGI and other visuals and the rest on the story because it's the most unoriginal story I've ever seen. Lazy writing is to blame for this movie being poor. Unobtainium? Really? That's what you could come up with? That's it?

Nothing about this movie is at all original with the one exception being the visuals. That being said, it still doesn't deserve more than a 1 out of 10. We need to hold future films to a higher standard or we will keep getting movies that are visually appealing but contain no real story worth watching. Mr. Cameron, I beg you to rethink making sequels to this because I can't even imagine how terrible they are going to be since the first one was garbage. When an almost three hour movie can be predicted within the first 10 minutes, it cannot be counted as a good movie. Instead of wasting your almost three hours watching this movie, you should go outside where the visuals are just as good and go on a bike ride or a hike because it would probably be more entertaining and less predictable than the plot of this movie.",1
Avatar,"This movie is just dances with wolves but shot on green screens instead. James Cameron used to be one of the best filmmakers to grace this planet, now he's just like all the others.... Just another money hungry grub who cares more about the massive paycheck than care about making a quality film. The quality of writing we got from him during the 80's and 90's was parallel to none, With Titanic the love story was perfectly written and perfectly integrated into the tragedy of the sinking ship, the first two terminators were superbly written and still are impressive to view even today and The Abyss is one of the best written Sci-Fi movies I've ever seen, but then comes Avatar which is just an animated remake of dances with wolves. And somehow this franchise has another FOUR MOVIES on the way. The film industry now is just one giant cash grab after another....",1
Avatar,"Never understood why this film has made so much money, Never been so bored, trash from start to finish, 2 plus hours of my life I won't be getting back...",1
Avatar,"Zero plot, story, character development and the pace is like bein in a public bathroom and someone is pending in the door for you to ""finish it up already!"".

If any of the story or plot was even interesting they DID have enough to make 2 or 3 different movies 🎥..... the only problem is before they are even done speedily trying to explain the next story point to you....

You already do not care and are bored by the even idea of trying to understand their over grown smurfs and military story.",1
Avatar,"These characters just look completely awful. The entire thing is cringe and I can't believe James Cameron is actually making a sequel. The whole think just looks so unbearably bad I can't get over it. Just the cringiest looking CGI I have ever seen, and this comes from the director of Terminator 2: Jusgement day? What kind of stuff was James Cameron on to produce something like this? It is unbelievable to me that billions of people were pulled into this world and these absolutely horrible looking CGI characters, that there were actually headlines about how people were depressed because the world of Pandora isn't real.",1
Avatar,"Worst movie ever. no plot to it what so ever, and the stunning visual effects? I can get those turning on my PC and playing computer games. Even with the extra cost of seeing it in 3D it was not that stunning. I am still trying to figure out what is so cutting edge about the flick. What little story line there is in this movie was totally ripped off from Pocahontas and Dances with wolves. Save your money, rent one of those instead. Frankly it is unamerican drivel and I am insulted that any studio would green light such utter trash. I really don't want to be this harsh but I need 10 lines in order to post about this horrible movie. In summary, Avatar Sucks, and if you insist on seeing it, wait till its a buck in the redbox.",1
Avatar,"Avatar is, visually, quite the most magnificent film I have ever seen, without a doubt.

The 3D is fantastic, with hardly anything that jumps out at you, more just adding a depth to the action that draws you in.

Intertwining of CGI and 'real' elements is seamless and once again beautifully done.

But.....

The premise is ridiculous.

The plot is ludicrous.

The script is laughable (e.g. ""why didn't you kill my ass?"") and did indeed bring forth much laughter from the audience.

The character development is hackneyed and unsatisfying.

Having said all that, I would heartily recommend you see this movie, as it is visually a real work of art.

The rest is hype.",1
Avatar,"The highly touted and long anticipated ""Avatar"" from ""Titanic"" writer & director James Cameron qualifies as a predictable but entertaining, sci-fi culture clash between aggressive, technology-driven, corporate-minded humans and a primitive, agrarian-fueled alien society. Mankind has shipped in mind-boggling machinery to plunder a planet of a mineral called Unobtanium which is worth an astronomical fortune. The complication is an entire race of Smurf-colored, Zulu-tall, humanoid aliens called the Na'vi worship a gigantic tree rooted in the same soil as the priceless minerals.

Basically, ""Avatar"" pits tree huggers against tree haters. Indeed, the story is as venerable as any cavalry western about the white hero who joins a clueless Indian tribe living atop a hopelessly rich gold strike. Although he serves as a go-between, our hero Jake Scully betrays his own kind and sides with the Indians to preserve the land rather than let his own people plunder it. Unfortunately, Cameron generates minimal emotion from this ""Dances with Wolves"" melodrama. More problematic from the standpoint of credibility is the hybrid storyline. ""Avatar"" alternates, albeit it smoothly, between a feature-length cartoon like ""FernGully: The Last Rainforest"" and a bombastic ""Matrix"" action movie teeming with stereotypes. Historically, ""Avatar"" pays tribute to the legendary Pocahontas and Captain John Smith romance.

""Avatar"" takes place in the year 2145, on the distant planet of Pandora, after mankind has depleted all its natural resources on Earth. No, this has nothing to do with the terrible sci-fi thriller ""Pandorum"" that starred Dennis Quaid. ""Avatar"" and ""Pandorum"" are two entirely separate sci-fi sagas. After his intellectually-gifted twin-brother is shot and killed by a mugger, Jack Scully--who is paralyzed from the waist down--is selected to replace him for a top-secret mission. A former Marine, Jake (Sam Worthington of ""Terminator: Salvation"") is shipped off to distant Pandora to resolve tensions with the native Na'vi people so his fellow earthlings can excavate the Unobtanium. Jake sprawls out in a cylindral chamber and projects his consciousness into his flesh & blood avatar to control it. The avatar is a genetically bred replica of Pandora's indigenous Na'vi tribe. This avatar includes both human and Na'vi genetic material. Colonel Miles Quaritch (Stephen Lang of ""Tombstone"") commands the Earth project to extract the Unobtanium and he amounts to a one-dimensional ""Rambo"" villain. Meaning, he won't be easy to kill. Stephen Lang makes a terrific villain who wants to see this peaceful but noble people destroyed.

Colonel Quaritch considers biologist Grace Augustine (Sigourney Weaver of ""Aliens"") a complete nuisance, but corporate representative Parker Selfridge (Giovanni Ribisi of ""The Mod Squad"") lets Grace perform her diplomatic initiative to gain the trust and cooperation of the Na'vi. Secretly, Quaritch has cut a deal with Jake. If Jake can deliver the intelligence about the Na'vi that Quaritch needs, then he will have the medical gurus restore the use of Jake's legs. Meanwhile, Grace treats Jake with nothing but contempt. She refers to him as a ""Jarhead dropout."" Jake is separated from Grace and company during a helicopter ride into the jungle and he has to fend for himself in the wild. Neytiri nearly kills Jake when she encounters him first, but something happens that she has rarely seen in nature and she spares Jake his life.

Meanwhile, the wise head of the Na'vi clan, Neytiri's father (Wesley Studi of ""Last of the Mohicans"") orders her to train Jake, in his avatar form about their ways so they can better study him. Naturally, Jake falls in love with a maiden warrior princess Neytiri (Zoe Saldana of ""Star Trek"") and she introduces Jake to the jungle and its dangers. Neytiri seems more like an Environmentalist version of ""Mulan"" and she is no slouch when she has to shoot arrows. Inevitably, as the conventions dictate, the heroine falls for the hero and they become inseparable. Along the way, Jake learns how to use his tail to ride a giant sky lizard and later an even bigger sky lizard.

According to Hindu mythology, an avatar is a deity who takes human form and descended to earth. An avatar in computer parlance is an icon that a person adopts for use in virtual reality or cyberspace. In ""Avatar,"" the avatar is a prefabricated body controlled by brain waves emitted by a human who functions as the body's driver. Cameron spends most of the first half-hour shoving exposition down our throats because he has to bring us up to speed on a brave new universe and its colorful but mysterious people. Of course, the special effects are awesome, but you need not see ""Avatar"" in 3-D because it refrains from exploiting the technology the way most 3-D movies do. In other words, rarely does anything come flying out at you. The planet of Pandora with its floating mountains and luminous fauna is a treat for the eye. Pandora looks like an underwater planet without water, and the beasts that lurk in its lush jungle vaguely resemble our prehistoric dinosaurs.

Nevertheless, despite its imposing 160-minute running time, Cameron maintains sufficient momentum to see things through to the kick-butt finale between good and evil. Some of the technology the avaricious earthlings import to the Pandora may remind you of the second ""Alien"" movie, ""Aliens,"" which was helmed by Cameron. Of course, ""Gamer"" and ""Surrogates"" beat Cameron to the punch with their stories about an avatar-oriented society. The visual spectacle and splendor of ""Avatar"" with its floating mountains and its ""Black Hawk Down"" aerial sequences will hold your attention. Again, the Zulu Smurfs with Submariner ears and ""Lion King"" snouts never conjure up a tenth of the emotional charisma of a live-action character. In this respect, Cameron has embraced the performance capture technology espoused by Robert Zemeckis in his last three films. In other words, the sentiment is not sticky enough because they lack depth as characters.",1
Avatar,"This plot of this movie is an absolute Ferngully ripoff. Even down to the trees that have feelings. The most disturbing part is the love story aspect...he may be wearing an Avatar but he is still a human and she is a blue dog creature with a tail. Ick. Not to mention the atrocious ""acting"". Everything about this movie is terrible. One of the worst movies ever made.",1
Avatar,I see this movie as an overhyped and disgusting movie,1
Avatar,"....the dumbest movie I've ever had the misfortune of being persuaded to watch. The dialogue, the characters (especially the main ones!! Who casted this waste of time??!) are all forgettable, boring, and incredibly annoying.

The dickhead colonel is wearing his gun like someone that would not want to draw their weapon quickly. (toward beginning, when he is giving his i-am-a-dickhead speech). It is on his left hip with the grip facing front. He would have to reach across his body with his right hand, or draw with his left in the most awkward way possible - wtf?.

The Sam Worthington character is super boring. Sigourney Weaver - why? (I love her, but, why?) Zoe Saldana gets to was her supreme acting talent, and hotness, as a cartoon.

And they have 5 sequels already planned?!?! Hollywood, and everyone in it, has too much time and money on their hands: you are churning out such garbage. yuckhkkhhch",1
Avatar,"The way Jake didn't listen to people who kept telling him to stop right after the transition rubbed me the wrong way at first and this was just a start. Why is he acting reckless and stupid throughout the movie? He's old not teenage kid. He's so annoying. If this stupid couldget easily accepted by the clan, why hadn't other people done thsi before? Lol

Most humans, navy astronauts scientists etc. Are male beings. Disgusting. A navy guy said ''ladies'' to the fresh members like he implied ladies are weak untrained and useless. He even said ''you're man'' to a middle age woman in Avatar body who's in charge. How gender biased. So disgusting.

Even the one who's in charge among Navi is male being. The successor and the past ones too. And what? Women are just there to get chosen and be a belonging of male beings? Male beings are the ones who get to choose and women can't? Also why they keep calling the creatures whose gender they're NOT sure? Assuming basis of any creatures are male or something? Really no difference from the people's society.

The way they destroyed the other species, this just reminded me again of stupidity of male beings in the real history.",1
Avatar,"I waited several years after this movies release before watching it for the first time. Around year 2015. The hype was over by then and I'm glad I waited that long. The movie showed to be garbage. Everything about it feels like someone mentioned in their review, as a ""Pocahontas ripoff"". The emotional sides of the movie felt ridicolous, the CGI was horrible and yes, just garbage",1
Avatar,"I had given 2 star to this movie a decade ago. Today, I came back accidentally on my page to see this and changed my rating to 1 star. Although I admire Mr. Cameroons other work, this movie by far the worst. If you take away the graphics and alien parts there is nothing in it. Very slow predictive story telling. If 3D graphics were not there people and Cameroon brand wasnt there, I dont think this movie would have run so much. For example if you create this story in say some remote village in Indian (Asia) and some educated people from city go and start deceiving the village people not even those villagers go and watch. You get the point, a mediocore movie that got lucky. Hope Avatar 2 is better than 1.",1
Avatar,"Bad acting, poor editing and boring, overly serious characters.",1
Avatar,It's just no wear near the hype I figgered out the story withing 30 minutes Sorry just not for me,1
Avatar,"This is a glorified video game and not a good one. My question is: at what point in this film did you not know what about to happen in the next 15 minutes? If you can answer that, you're probably simple minded. If you can't then why would you like it.",1
Avatar,"The bad guys missed a trick here. They spent the whole time killing the Smurfs using rotating wing aircraft with powered propellers and never looked into why the mountains float. I'm sure that their leaders would've paid more for the science of those floating mountains than any amount of fuel as it would alleviate the need for said fuel in the first place.

The Smurfs could've pointed this out also, but they never even thought of it.

Anyway the Canadian/American nations making films about the Canadian/American people wiping out the locals all seems a little ironic. Especially the ending they choose.",1
Avatar,"First, the obvious---this is a special effects driven movie. If you remove the special effects and had the story take place with even slightly lower budget special effects, the movie would have never seen the light of day. When characters died in the movie, whether good or bad, I felt nothing because we didn't get to know the characters. Who are they? Why are they behaving the way they're behaving? These were never answered and I doubt that there would be any good answer because the characters were too thin. They are paper thin---either all bad or all good. There is no depth to any of the characters.

Many pieces of the film do not have any explanation. Unobtanium: what is it? Why do people want it so badly? There are no answers because the name says all that is important---it's unobtainable---so people must want it and the characters (and the entire movie) is driven by something we know nothing about and do not care about.

The ending of any movie should leave you with a sense of awe, disbelief or a tear. Unfortunately, Avatar did none of these for me. The only thing I could see is that it was left open for a sequel. What is worse is that as I am editing this review I had written a year ago, I am disappointed to find out that it is going to be a trilogy. Three feature length films for what current amounts to the depth of a typical 30 minute cartoon (other than Bugs Bunny---which has more depth than this).

I had high expectations for Avatar. Avatar was nominated for Best Picture and I was expecting shock and awe but I was only impressed by the special effects. This should not have been nominated for best picture. In reality I would have given this film a 5 or a 6 of 10. However, as it is currently rated at an 8.2 I believe it warrants a 1 to balance out the other reviews that are awed by the special effects. The film will be forgotten quickly---but the coming sequels will keep it in people's minds. Watch it again, you'll be disappointed.

Was the movie entertaining? Yes, but not overly entertaining. Was it visually stunning? Yes. But the story was weak and had far too many holes in it.

I hope and pray that this isn't the future of the film industry.",1
Avatar,"This is the most derivative movie I have EVER seen. In a nutshell, it's a western where the white man is taking away the Indians land for their own purposes. Cameron just made the Indians blue and put them on a different planet. They even ride ""horses"" and shoot bows and arrows. Their weapons are no match for the white man's guns, by the way. This movie is crap! Why do people like it so much? Total waste of $6. I'm glad I only paid that much for it. I have said all I want to about this awful awful movie. The 3D wasn't even that great. I only remember one grenade flying at me. What happened to the 3D where the audience was always ducking and laughing? Those were good times.",1
Avatar,Visual Effects are great no doubt but too corny and cliched,1
Avatar,"Ok great CGI nothing to say about that for sure it is a milestone in that field.

Wow they found out what saturation is ? Probably they wonder what was that slider about and makes you feel in a LSD trip

But is a movie just based on CGI?

What about plot and dialogues!?

After ten minutes you can already see foresee what will be going on and how...

Plus the models are mainly the same of alien just updated.

That's so sad to view so high scores for this complete nothing",1
Avatar,"Avatar (Syfy Zulu Wars)? The Na'vi, who strongly mimic Swahili African culture (including dance and language), are overrun by colonial imperialism. Is that original or past history???

Great special effects and visuals are out of this world! Ingenuity or Swahili lore displayed between the Na'vi and nature?

Technological HUD displays and Hovering Mountains can be found and interacted with personally if you play the Massively Multi-Player Online Role Playing Game (MMORPG), CITY OF HEROES. That's right, looks like they were directly ripped from the game itself.

Why does Mr. Cameron have to portray the Marines this way? The Marines have enough idiotic stereotypes to handle in life. Why add to the dog-pile?

One thing is for sure, this film helps establish Sophia Stewart's claims (and many other actors/writers/industry professionals) about Mr. Cameron and his behavior.",1
Avatar,Genuinely couldn't get beyond the first twenty minutes. I suppose I understand that the visuals make it appealing but it didn't connect with me,1
Avatar,"In brief this movie deserves 10+ for the efforts in putting together unbelievable movie full of visual effects... The best effects ever... Yet they were not that natural in some parts (Especially l hated that Sigourney's smile, while she was a Na'vi... very disappointing!...)

On the other hand due to some clichés and lack of originality in the story (which makes the movie totally predictable which is somewhat disappointing too) it is like watching 3D documentary on IMAX... I suggest you to watch Luc Besson's ''Home''... visually unbelievable too except all of it is real!...

So the story deserves less than 8 in my opinion... If you put the facts together this could be the best movie produced in recent years yet it's definitely not comparable to Lord of The Rings though... They should've worked one the story more... I just don't believe that in whole 3 hours I watched a story which I could tell my friends in 5 minutes...

If you ask me if I liked the movie, Yes I did indeed... (if not complaining of tired eyes due to my first real 3D experience)... still there were many reasons to cut some points...

You'll definitely watch it in the end... You'll like Toruk Macto!... But I had to share my opinion and tell the truth...

Wish you a nice time at cinema...",2
Avatar,"This was a complete waste of money. With the pastoral versus industrial storyline, 'rousing' speech (although not on a horse for once), you expect to see ewoks partying in the last scene. It could be dances with wolves, return of the Jedi, braveheart or any other little guy vs the machine. Nothing stands out about it, nothing makes you want to pause if you have to go to the loo or make a cuppa. The CGI may be pretty but is hardly the basis for a good film and you get the feeling that the storyline is just there to justify the computer time. There is no humour, no insight, little characterisation and a formulaic plot. And inoffensive way to pass a couple of hours when you don't having anything else to do and thats about the best you can say for it. If you're impressed by CGI with no content, this film is for you.",2
Avatar,"All I can say is after watching Avatar a few times is that there was a lot of hype over very little. It doesn't live up to any of the hype with the exception that the visual effects were rather impressive but the story line and acting didn't do any justice to something so raved about. I found it beyond boring especially given its very predictable dull story line. You would think after 15 years in the planning and making that the out come would be better than ""A badly filmed version of Pocahontas in space that looks pretty"".

Highly disappointing. The 2 rating I have given is simply because of the high quality of visual effects in the film.",2
Avatar,"It just came on TV here in the UK where I live. I watched it in 2D on a largish screen in my house. I do have very good sound quality but it is stereo, not surround sound. It probably would have been better if I'd watched it in a cinema. I think a film like this is probably at its best in 3D in a cinema as it is a big FX type of a thing.

Avatar borrows from many other stories I have either seen in film or read. It is a reasonably well constructed story but the biggest problem was that once the environment and basic ideas had been established, from then on in it was utterly predictable with only one smallish unexpected development.

I thought that the vegetation on the planet had the colour scheme of 1980s discotheque interior. The humanoid-ish inhabitants looked a bit computer generated, and then there was ""unobtainium"", I mean really.

So, after the first hour or so the rest of it is rather boring.",2
Avatar,"This movie took 10-11 years to make. And it shows with the illustrious CGI and backgrounds. It's a shame they didn't spend as much time on this boring, cookie cutter story. The colonial story's themes are extremely basic to the point where I understood them at 8 and it was quite predictable. And Sam Worthington sucks. He's so wooden. You think for a film that you'd invest a decade of your time in you'd cast a competent lead and write a better script that didn't make me so bored I wanted to gauge out my eyes. But this gets a 2 for a the beautiful visuals and world building but everything else pales in comparison that it ruins the film. But still just my opinion.",2
Avatar,"This movie is so horrible that i cant even start making a list about them.

It has all the movie clichés you'd expect.

If you want a visual masterpiece there are documentaries with way better scenes!

Oh btw.... The Last Rainforest odd that it has the exact same storyline!",2
Avatar,"Who else went in there because of 3D? It was a hype back then, nothing else.",2
Avatar,"The values in this movie suck. There is so much tribalism, violence, focus on vengeance, unending platitudes and lousy acting. For the money spent making this movie I hoped there would be more natural beauty as there was in the first movie; to my mind, there was very little. The acting was poor, and there were far too many stereotypes. The movie was way too long; what little plot could have been accomplished in much less time. The director said he cut 10 minutes of graphic violence that he thought was excessive; what he left in was excessive. Whoever financed this movie deserves to lose money, in my opinion. Yes, there were novel special effects, but to what end? Leaving the villain alive at the end serves the hope that a sequel can be made. I certainly won't be wasting my money on it if it is made. This movie sucks!",2
Avatar,"Bland, bland bland. No real story. Nothing here but special effects. Entertainment for numbskulls. Completely boring. I couldn't care less what happened to the characters. I don't understand what anyone sees in this movie. It's worthless waste of time. I was totally bored. Saw this in the theater when it first came out and wanted to leave after about 1/2 hour but my sister wanted to stay. I tried to take a nap but wasn't tired. I'm not sure what more I can say to make this longer but the website insists the review is longer than I've written above.

Can't remember how it ended; I must have dozed off, so don't worry bout spoilers. The movie itself is a spoiler. Don't waste your time with this complete waste of time and the producer's money. The money used to make this movie should have been given to charity. Shows how low we've fallen when people like horrible stuff like this mind;ESS drivel.",2
Avatar,"This is a story that has been told multiple times before and better. This movie seems like a big experiment in ""look what we can do with computers"". I did see it in theaters and watched it again at home and it still didn't click with me. Seems like a bold move to commit to so many sequels.",2
Avatar,"This movie is cliched junk. Is there ANYONE who didn't KNOW that crippled whatsisname was NEVER going to return to his crippled body as soon as he got into his new uncrippled alien body? Was that really a surprise to anyone? And this plot was done before, by Rich Corben in Slow Death #3 (an underground comic) in 1971, and that was better than Cameron's version anyway. This movie is incredibly overrated.",2
Avatar,"It is difficult to not borrow or even coincidentally borrow plots and perhaps lines from other movies. Intended or not, there is no way James Cameron knew not of Dancing with the Wolves, or Pocahontas. (he probably doesn't know about Ferngully and I'd argue with The last Samurai)No movie should constantly remind you of a different movie unless it is a remake. And Avatar, reminded me of 4 movies off the top of my head continuously while watching the film.

The movie is not even cinematically great, not once was I amazed by the cinematic nor the high quality technology that went into creating the movie. The plot had too many blatant holes and actors were mediocre at best.

If you have never seen the four movies I listed above, go see it, I'm sure you'll like it, but if you've seen couple of these movies, the story plots are essentially the same.",2
Avatar,"I've avoided this movie until now, however when a neighbour invited us to visit and watch it while being amazed by his 3D video system, diplomacy meant that saying ""no"" was a little difficult.

It was every bit as bad as I'd heard. The story was clichéd, simplistic and quite cynically aimed at all those ""liberals"" who recognise the evils of colonialism and greed. The characters were, at best, cardboard cut-outs. So why did I give it two points? Well, I do have to admit that the colour and CGI scenery were impressive, as was the 3D effect - though by the end my eyes were beginning to complain.

Had it come on the TV at home, I'd have promptly changed channels and I'm very glad I did not pay to see it as, apart from the special effects of various kinds, this is a load of arrant tripe.",2
Avatar,"It's Pocahontas slightly altered and implementing transportation from Terminator 2. Thumbs down, overrated",2
Avatar,"Pros - The acting, by some of the cast, was good.

Cons - In 2D, the graphics and real-life/CGI integration were not done well (for example real life stuff, like clothes, did not get dirty in the CGI jungle). I realize that the Navi are supposed to be gangly; but I do not think that their movements were supposed to be THAT disjointed. The overlays are rather obvious.

The plot was not done in original way. The story elements seemed like copy+paste from several other stories. The names of things were facepalm-worthy.

Most of the acting was over-the top and cliche'.

Most of the characters (including the main villain) had no character arc.

Several things seemed unrealistic (for this movie universe's rules).

I found it to be INCREDIBLY boring.

A plot device overlapped in a creepy way.

The hippie/tree hugger message was extremely heavy-handed. Just watch Fern Gully (at least you will get some comedy relief, and it is half as long).",2
Avatar,"Unless endless CGI vistas are your thing, you've seen this movie before and you've seen it done better. I couldn't wait for it to end and really didn't care who won out in the end.

Basically, an evil corporation arrives to mine a moon or planet or whatever it was. The native populations simple but utopian existence is threatened. One of the miners falls in love with one of the natives and fight his employer to save the natives.

It's well shot but it took way too long to tell what is a very basic story. If it's ever released again in theater maybe they could sell adult diapers along the popcorn and drinks.",2
Avatar,"It's the Jetsons Movie from 1990 except with a $237M budget. Which seems excessive because I enjoyed the Jetsons Movie more.

That's about all I have to say about this.",2
Avatar,"Avatar is a disappointment and highly overrated. If you love it.......brilliant!! But for me, the story was so confusing which lead me to get bored very quickly. The plot is just ... well ... too much. The VFX are good but I just didn't get any of it. Even the cinematography is not as good as I had expected.

Overall, a disappointment for me....",2
Avatar,"This was nothing more than a Western with Blue Indians and the Marines were the Cowboys, The usual plot of Stealing from the Indians and naturally trying to Justify the theft as being necessary. The special effects or cgi was great, But again the plot was Nothing not seen in any other Western to date . The fact of NOT seeing it as a Western is completely narrow minded at short sighted. I thought I was going to see something different and it wasn't. I did not or will NOT see any of the Sequels period. The subject matter of continuing the making of movies where Indigenous People are the Villians is BULL.",2
Avatar,"Two stars is for the CGI effects. There really is very little story here and it is not original. The effects are very good just like in anything state-of-the-art at the time like Star Wars, Titanic, etc. The movie is 30 to 45 minutes too long and without a story, the experience begins to border on tiresome. Suspension of disbelief is fine so long as a story abides by its own internal logic. Avatar does not. No doubt, the hype is out there and driving ticket sales but I just don't see the big deal. I was thinking during the movie that whoever green-lit this enormously expensive project had to have been worried upon seeing the final product. The public is buying into the hype, but I could easily understand how this movie could have been received by the public as absurd and resulted in a huge financial turkey. The gamble paid off as the box office is huge and I can see many sequels totaling a 10+ billion franchise. As for me, I'll cut my losses and stop after seeing this first movie.",2
Avatar,"It may look cool, but underneath is an absolutely terrible movie. Avatar may be one of the worst I've ever seen. I would like to hear what a deaf person has to say about this piece of garbage. Did a child write it? I would like to write a nice, eloquent review but I'm at a loss. There's a possibility I've suffered brain damage from watching Avatar. The characters and the dialogue feel like a joke. As if someone went out of their way to see how bad they can make it and still sell. Every character is a caricature of a caricature. Like they took every trope they could find and then rammped it up to absurd. Just truly, unbelievably awful.",2
Avatar,"The world and story of Avatar are fantastic in the usual sense of that word - the setting is an created one with unusual peoples, beautiful settings, dangerous creatures, etc.

Here's the other type of fantasy - a wish fulfillment fantasy. The wish in this case is that people could learn to live in harmony with nature. In our world, people must contend with predators, disease, food shortages, etc. These things are very natural and the more in touch with nature a people is, the closer to these things they are. The fantasy is that we as a species can so dominate nature that we don't have to fight it anymore - we can tend it like Adam and Eve before the fall. We are smarter and quieter than the most dangerous predators. Disease and starvation apparently aren't issues for the Navi, nor the other problems more common in tribal peoples living off the land.

The second type of wish fulfillment fantasy is the American Indian fantasy. The Navi clearly embody some aspects of American Indian peoples - the horses they ride, their attire and warpaint, the bows and arrows, their whooping calls, their joy in battle, their shamanistic heritage, their harmony with nature. They are a collection of American Indian's most appealing (and cinematic) characteristics, while excising the unappealing things about some American Indian cultures. A lifestyle maintained by raiding, brutal tribal warfare, slavery, etc. On top of this fantasy (an idealized indigenous people), the idea that the Native/Navi could band together to repel the abusive and exploitative invaders from their lands is another type of wish fulfillment. With only primitive weapons, their harmony with nature, and righteous indignation on their side, the Navi can repel the technologically superior invaders. I don't know what exactly America and Canada would be like if the native Americans had done just that, but I doubt there would be any Hollywood for James Cameron to make his movies in.

The third type of wish fulfillment fantasy is the Mother Earth fantasy. I'm all about conserving our natural resources and protecting our environment against unnecessary changes, but I take the Mother Earth idea as a metaphor. Being in touch with nature does have meaning to me - the beauty of the earth is wonderful and sometimes restorative. But I don't believe that my ancestors are somewhere on this earth in spirit form, ready to pass their knowledge on or watching over me. I'm not knocking that belief to make a point - I'm just saying that this is a fantasy where there is a scientific basis for that belief. Pandora has a planet-wide floral neural net that (apparently) allows the plants to have some communication with each other, and where memories of Navi ancestors can be stored. So destroying plants on Pandora is literally a form of genocide.

These three fantasies are fairly harmless on their own, although their obviousness doesn't do the story any favors. If they had been background, world-building material that would be one thing, but the story dwells on them for so long and they are so central to the plot that it becomes tiresome. It felt like a long anti-invasion, pro-nature infomercial at times. And for what? If I feel persuaded that destroying trees on Pandora is a crime, how does that impact my feelings about trees on Earth, where there is no neural network and my ancestors aren't at risk? I have to make that decision based on the facts on this planet. And if I feel that the Navi are unjustly being forced from their homes, how can I transfer that feeling to Palestinians or Iraqis responsibly? Palestinians and Iraqis aren't giant blue cats - they are human beings with their own story that requires examination on its own merits.

So those types of wish fulfillment fantasies seem too obvious, and they drag the storytelling down.

There are also some points in the plot that actively harm even the weird messages that the movie is trying to send. Unfortunately it's typical Hollywood material.

The ""going native"" story for Jake Sully is OK, but the bit where the white guy has to become the leader to help the natives get anything done really irritated me. Of course he manages to learn the ways of the natives enough to be adopted into their clan, while falling in love with the chief's daughter, in three months. Yawn.

On top of that, the natives are pretty dumb, shooting at high-powered aircraft with bow and arrow until they get the crap kicked out of them by rockets. And why the humans wouldn't just retreat into space and bomb the Navi off the face of the planet is beyond me.

I'm not saying I wanted the Navi to lose - I just wanted them to win in a way that didn't make them look like a bunch of backwater idiots who needed a Marine (statistically not likely to be the brightest human around) to show them the way.

The ""unobtainium"" is central to the plot, but as soon as the big tree gets knocked down, that's the last we hear about it. Why weren't the humans in there like gangbusters trying to mine it and get the hell out of dodge? How valuable can a resource possibly be that it's economically feasible to harvest it intergalatically? Why was the unobtainium directly under the tree, and why didn't the Navi know anything about it or use it? There were too many things that could have been used to spice the story up left out in the cold.

All in all, the story is average, which is disappointing from Cameron. Of course, I don't need to reiterate that the visuals are stunning, as everyone everywhere has pointed that out.",2
Avatar,"Can someone tell me who goes to the movies to watch domestic arguments?

Why would a film maker spend time, money, effort and special effects to put fictional characters on the screen just to argue with each other all the time about nothing?

Aren't women sick and tired of going to the movies and seeing, and paying to see, lead female characters whose only point of existence seems to be to get annoyed about something, and in this case a mere 10seconds after appearing on screen, and spend the rest of the near 3 hours moaning and crying and bitching?

It looks like the plot, characters and art direction were worked out in about 1 hour down the pub. Dreadful waste of time and money.

Oh and its racist into the bargain.

Thank goodness they didn't make any overtly gay characters or Cameron would've screwed that up too.",2
Avatar,"I'm not trying to make a scene! But Avatar is REALLY, but REALLY boring! It's all about that same boxed action-drama movie that you can figure out every event before it happens, it's like watching a 80's action film about marines and living things that the human guy falls in love with the living thing lady and he ends up helping her to free the world from the bad men.

The movie worths indeed it's rich scenario and effects, but when you pay attention at the story behind it, it's very lame. So, if you got a big screen TV and nothing else to do, just rent it and prepare to(probably) sleep at the couch of your living room, cause all the action comes at the end, and if you manage to stay awake until the end of the movie, you'll want to throw yourself out of the window.",2
Avatar,"When ""Avatar"" first hit the theaters back in early December of 2009, I really didn't have an overwhelming urge to see it, as I'm usually very skeptical of films that base their hype on CGI- based graphics (as they usually overshadow such important elements as plot and character development). However, with the film surpassing Titanic as #1 all-time in box office revenues, I figured I would give it a shot, thinking maybe I really was missing out on something special. Unfortunately, the film did much, much worse, as I left the theater wondering how such a shallow movie could now be on top of the heap.

The number one flaw in the film is one that it truly cannot recover from in any other aspect: a terribly shallow plot. If you have seen Pocahontas (white man must learn the ways of the natives) or Dances With Wolves (disgruntled military officer sympathizes with former enemy), you have seen Avatar. There really is nothing else.

Adding to that fatal flaw is the high-handed directing of James Cameron. While some great directors (Clint Eastwood immediately comes to mind here) will present an interesting palette of characters and let the viewers decide what they may about them, Cameron instead chooses to be rigid in his character definition. For example, the military is evil, scientists are greedy, and all natives are perfect in their commune with nature. If you have your head in the clouds, then perhaps those kinds of moralist viewpoints will appeal to you. For the rest of us, it is quite sickening. Basically, it turns into 162 minutes of Cameron slapping you across the face with his environmental/naturalist themes.

Thus, as far as character development is concerned, it practically does not exist. Besides the utterly predictable transformation of the ""one good white man"" and his assimilation into the native culture, no other background is explored on any character. I am fully confident that any decent writer could sit down and, within a day, put together a much more interesting backstory on certain aspects of the film (military, scientists, etc.) that would actually make the conflicts of the film compelling, other than the bleeding-heart sap it turned out to be.

Plus, and this is truly the coupe-de-grace of failure, the CGI produces some great images, but unless you are a complete tech-head, it isn't really anything to fawn over. For example, the sinking of the Titanic in Cameron's other big film was just as eye-popping as anything that Avatar put up on the screen.

To be honest, it really makes me shake my head that a movie like this can not only succeed in this country, but do so in record capacity. Have we really become so thoughtless and simple to reduce humanity to such black-and-white constructs? I'm sure that the Academy Award voters will have a field day with such themes and turn the ceremony into Cameron's own private ego- massaging, but I for one do not see it that way. If you are looking for a great director who will really make you think about humanity, try the later films of Clint Eastwood.",2
Avatar,"Avatar had the potential of being transcendent, but falls well short of it. It had the opportunity of really getting inside the mind that is not just in harmony with nature, but co-creative with it. --Of getting an up-close-and-personal sense of a Gaia in all its magnificence. --Of contrasting all that with our relatively impoverished, modern consciousness. What we got instead was the tired old good guys against bad guys drama, dressed up with a lot of effects, special as they were. Even the indigenous culture, supposedly the nature people, partook of the same fight-against-the-other-guy mentality that our culture is trying to outgrow. There were no redeeming solutions offered. Most characters, colorful as they may have been, were just black and white caricatures. I really wish I could praise this one, but I just can't. Such a magnificent effort, and such a pity.",2
Avatar,"I had hoped with all the hype, this flick would be something other than a rip off for light minded teens and kids.

I saw almost immediately plagiarism from Aliens Two. The dark glasses, the Marines, ah, sucks.. how did this guy get paid for copying this film script.

Yes, the special video effects are enticing and actually charming, but a movie this alone does not make.

One contributor of like minded view said the film writer took all of three weeks to write this copy cat work.

Only a two from me.",2
Avatar,"Horrible movie, the plot is predictable at every turn, overflowing with cheesy one-liners (none of which seem original), the dialogue is cardboard (not strong enough to be wooden) .Terrible acting when the actors are on screen, and terrible voice acting when they are computer generated. I did not see the movie in theaters and there is no doubt in my mind that seeing it on the big screen would not have saved this movie. Special effects does not a good movie make.",2
Avatar,I still to this day don't understand why Kevin Costner didn't sue because this was the exact movie of dances with wolves just set in another situation what a rip off 10 minutes in I I knew exactly what was going to happen so unbelievably boring because it was the exact same movie but not anywhere close as good as dances with wolves,2
Avatar,"Please google 'avatar is bad', or your choice of a more pejorative adjective, to save me re-hashing that here.

Don't believe all the love it's got on here!",2
Avatar,"I'm frankly baffled why people went crazy for this film.

The characters are too flat to be emotionally engaging, and the Naavi (sp?) are clearly designed to make us feel sympathetic to them. E. T. Was a far more evocative alien despite being an ugly potato man.

The plot... At no point in the film did anything unexpected happen. It's like James Cameron, while looking for an idea for his next film, found a notebook with a story that he wrote when he was 10 years old about humans fighting on an alien planet; everything is signposted a mile away, so not only do we have uninteresting characters, but they move from one predictable scene to the next.

Admittedly the visuals are impressive, but it reminded me of running 3DMark around 1999/2000: looks great but with no content.

James Cameron has made some absolutely great films, but this is not one of them.",2
Avatar,"I just saw James Cameron's new film Avatar tonight (opening night) and decided to whip together a quick review of it. Cause it's late, and I'm in that state of ""tired-but-don't-want-to-go-to-sleep-yet.""

Plot: Dances With Wolves...in Vietnam...IN THE FUTURE! IN 3D! Also, The Matrix (biological network cables) and Star Wars (biological The Force).

Characters: I liked the fact that the main guy was crippled. It added some depth to it. But come on. You're supposed to be the guy who saves the planet, and yet from the start you can't follow a simple order from a trained professional doctor like ""Please sit down on the table after your brain has jumped to a completely new body. We would really appreciate it."" ""NO WAY! I GOTZ ME SOME LEGS NOW! GOTTA GO PLAY BASKETBALL! OUTTA MY WAY!"" I would ship that guy back home in a heartbeat. And Sigourney Weaver. What the hell? I thought she'd be really good, but her whole role felt phoned in. ""Where's my cigarettes? I got me some more Aliens to kill. Or save. Whatever. Where's my paycheck?""

Colors: Like, all of 'em, man. They were, like...everywhere and a part of us, man. Actually, there were some really well done transitions when they switched from the beautiful landscapes (they truly were beautiful) to the dull-looking human areas.

Summary: As cliché as the movie itself may have been, I was still drawn to Pandora's box...I mean world. It was beautiful, clever, and fun to look at. Unfortunately, it suffered from Transformers 2 Syndrome: it was too long for a movie that focused all of its attention on effects over anything else. Sure, you may love riding The Amazing Adventures of Spiderman ride at Universal Studios, but would you really want to ride it for 2.5 hours? The effects also don't exclude James Cameron from making a decent plot. Look at Titanic. That had pretty-to-look-at special effects with the ship and the water, AND it had a pretty good story to boot, all within a 2.5 hour time frame. Now here's where I get to make my spiel about movies in 3D. First off, I think it's a total fad. It's not going to last forever, let alone another decade. Second, I don't know if anyone else is experiencing this, but I hate when they make certain objects pop out at you that end up being blurry because the camera is too busy focusing on something else that ISN'T in 3D. It was starting to give me a headache. All in all, though, Avatar was exactly what I thought it would be: a theme park ride. You don't ride them and mock the poor scripts or sub-par acting. You ride them to be entertained. And I was entertained.",2
Avatar,"Seriously, people, admit it. You were captured by the film's amazing special effects, not the movie itself!! Avatar was NOT groundbreaking, it WASN'T amazing, and it definitely did NOT deserve eight out of ten stars.

I'll start with the one and only good thing about Avatar. I'll admit, the special effects were very realistic, and I hate to say it, beautiful. That does NOT mean that it is a good movie. And here are the reasons why:

1) The story- I have seen the Disney movie, Pocahontas, a couple of times and I absolutely love it. When I saw Avatar, all I saw was the same exact thing, minus the songs and plus the blue aliens. Seriously! The main character goes to an alien planet, just as John Smith went to the New World. He is at first, is like the other military people: brainless, trigger-happy, and no respect for nature and people that are different from them, just as John Smith, along with the other Jamestown settlers, enjoy the talk of shooting Indians (gasp) I mean, Native Americans. He falls in love with the daughter of the blue alien tribe, just as John Smith falls in love with the daughter of the Native American tribe. So, John Smith, I mean, the main character of Avatar, begins to fight for THEIR side, much to the military people's displeasure. Is anyone getting this? The story is an EXACT COPY of the story of Pocahontas, with a few minor (and I mean MINOR) tweaks. I was actually expecting the alien lady to start singing ""Colors of the Wind"". Obviously whoever had to write this story got extremely lazy, and decided to steal another movie's storyline, and change it a little, hoping it would cover up the whole thing, which didn't work.

2) The feeling of the movie- I cringed and winced and groaned in pain as this movie dragged ON and ON and ON and ON. I left the theater, tired, dizzy, and totally irritated that my poor dad spent good money on seeing this piece of trash. Anyway, this movie was not all uplifting. Every time there was an emotional (if I can even call it that) moment, I wanted to throw a rotten tomato at the screen. The acting was terrible. Want examples? Okay: The main character, with his inability to listen to people and his very flat personality. The blue alien lady he falls in love with, with her weird facial expressions, and her odd wailing when she was sad that made me cringe in disgust. Just about everyone else's performances were not memorable; it was like watching a bunch of wooden puppets walking across the screen. The pace of the movie was also terrible. It was FAR too long. Pocahontas told the story in an hour and a half. Avatar managed to drag the story out for almost THREE HOURS. Did they really think that we would sit through all that and not have any complaints?

3) The situations- One thing I have to say about this is that some of the scenes in this movie were questionable. Number one, when the main character and alien lady are kissing under the Spiritual Tree thing or whatever the heck it's called. It was really weird to me. For the first few seconds, it was like, ""oh, okay. They're kissing. Whatever."" And then they dive into a full- blown make-out session that looked so awkward, I actually laughed. Number Two (SPOILER), when the main character is dying because he doesn't have one of those oxygen mask things, and the alien lady comes in at the last minute and puts it on his face and saves him. For one, he then reaches his hand up to touch her face, and for another, since he's a human and she's an alien, she's so much bigger than him, and the whole situation looks really awkward. Another thing, I saw this in several moments in this movie. One dude in the beginning said that the planet's air could kill humans in four minutes or less. At one point in the movie, the main bad guy, an army general or something, doesn't have a mask on, and he's outside! He comes back indoors, like ten minutes later, shaken, but not in bad health. He was out in the open for ten minutes on that planet! He should have been dead! And speaking of which (SPOILER), in the ""final confrontation"" between the main character, his alien love, and the bad guy, the alien lady shoots the bad guy IN THE HEART. He stumbles around for five minutes, and keeps fighting! She shoots him AGAIN, in the same spot, and he chokes and gasps for five more minutes before he FINALLY drops dead. Um... I don't know if the rules of science and human anatomy have changed, but I have always been taught that if you are shot in the heart, you die in that instant. Obviously the people who made this movie forgot that widely-known rule. Absolutely ridiculous.

4) The characters- All I have to say is that the characters were shallow, stereotypical, and absolutely boring and depressing. I didn't feel anything for them, other than the despair that after two hours, the movie STILL WASN'T OVER.

Hopefully by now you get my point. Special effects are not the movie. It needs MORE: a good, original story, lovable characters, believable situations, and a moderate length that tells the story, and keeps the viewers thinking and entertained. No more of this Michael Bay Syndrome that EVERYONE seems to have today. People, start getting some idea of what entertainment is. Please stop giving these people money for their laziness.",2
Avatar,"In the future a planet is found that has valuable rock on it and the US gov. makes look-a-like versions of the people on that planet. The bodies are shallow and can only be controlled by human minds, so the people who control these avatars get put to sleep while their body gets sent out on this planet. One of the guys get lost on the planet, he mingles with them and even though the US soldiers think he is going in undercover to help them, in reality he is falling in love with the people there, especially the girl (who we'll call smurfette). Evetually the soldiers decide to go to war to get this rock thing they want and if you have watched more than 3 movies in your life you can pretty much figure what happens.

BORING AS HELL! This movie was so slow and so god awful that I barely made it through. Its so full of C.G.I. that it's pathetic, I might've liked it had it been animated. I found the story very predictable and boring. There was nothing unique or new here. Movie fans are like the biggest idiots for rushing out and making films like this so big.Big Budget SUCKS. You see the guy in the wheelchair and you know he's gonna be the hero of the film. The stupid avatars looked horrible, I hated the way they looked. The music was so bad and this movie was so produced and full of gimmicks that it had absolutely no heart.

I did like the symbolism of how if Americans want something they will get it and don't care who they have to kill to get it either. I hate those soldiers and this movie showed just how brainwashed and born to follow they are, nicely represented.

James Cameron is a horrible director, does he even direct? I mean with all the C.G.I. and fake backgrounds and studio shots, what was there to direct. Beautiful colors and scenery but it wasn't real so I hated it. Acting wise I did think Sam Worthington did a good job, but little else. I have liked Sigourney Weaver at times, but here she is just basically being Ripley again. I like Giovani Ribisi but here he was like Jeremy Piven which is as bad as it gets. I also like Michele Rodriquez, but I am beginning to not like her..From Fast and Furious to Lost to Blue Crush she is EXACTLY the same in every movie.

So if you are one of those people that love Hollywood hyped movies, love talentless directors and love movies because they have big budgets and no heart or nothing original then this is your film..I gave it 2/10 stars and not really sure why it got that high of a rating.",2
Avatar,"I gave it a 3 for the special effects and some what good 3D, you know what make that 2. I have never in my life been so disaponted with a movie and I saw Hunger Games, The Human Centepede, Saw, Hostel, and Symon Says. When I started the film I thought I was gonna be amazed with this so-called masterpiece. Some one here go to MarkMusic.Webs.Com then go to MarkMusicOfficial profile then tell me what the hell is so magnificent about this film. Nothing here was anywhere close to original. DaltonO Jun 14, 20103 Eh, yeah its all 3D, yeah its got allot of special effects and costs allot, yeah its got blue alien boobs, but other than that there is nothing here. Terrible cliché, hole-filled plot leaves you bored. Its kind of amazing how you can have such a crappy plot and waste 4 hours on it. After you watch it you think its good at first, but that is just an effect from the CGI and 3D. Soon you will realize how lame it is. ""the Eywa sees you!"" ugg soooo cheesy. I legitimately have no idea how this film has been getting so many positive reviews. Someone once said great films were a combination of technical innovation and artistic achievement. While Avatar certainly nails the technical side, it's artistic half leaves a lot to be desired. A by-the-numbers cookie-cutter plot with poor writing and awful dialogue. While a beautiful movie to look at, the intense CGI cannot hide the hopelessly derivative story and generally poor acting. While the world of Pandora is nice to look at, it is poorly thought out. All the characters are caricatures of the worst movie stereotypes. We have the badass soldier chick, the angry army commander, the hero who just wants to do the right thing, and the industry crazed maniac. It took James Cameron 2h 40m to tell a story that Disney managed to tell in half the time. A typical piece of American shoot up em senseless piece of trash. Cameron has stolen ideas from a range of films and merged them into a silly unbelievably juvenile plot. Lots of violence and a story with nothing to say. Writing and dialogue are amateurish with characters that seem to be taken from comic books. The only thing that makes this film remotely watchable are the special effects. Movie making at it's worst. Shame on the critics who didn't have the courage to pan this gross waste of money. Cameron was reminiscent of Michael Bay's dedication to special effects in this incredibly clichéd and (with regards to plot and characters) lackluster film. The characters all filled positions of clichés, leaving nothing unexpected through the entire plot. I found myself predicting lines and events before they occurred, a feat which never leads to a good feeling about a movie. The special effects were phenomenal, but everything else seemed less important. This movie was straight up god awful. The story was consistently boring throughout the movie and it had a totally unoriginal plot line. The characters got on my nerves to no end (especially Sigourney Weaver's character) and we're supposed to believe that this far in the future, they are still using crappy wheelchairs that look the same from the ones in the 70's? Being a person who is not at all impressed by just special effects, I was extremely disappointed in this film and James Cameron. I literally took about 10 bad reviews and put them together thats how much I have to make up for, but maximum of 1000 words so let me go edit it down. Nevermind Im good, but how does someone go from the masterpiece Titanic to Avatar. Even his film Sanctum was better then this crap.",2
Avatar,"I may have been the only person up until now to never have seen Avatar, not because I haven't had time but simply because, I just didn't feel it was necessary. I had loved James Cameron's earlier films (Terminator, Aliens and T2) and whilst True Lies was a good fun film, it was overlong. The same can be said about Titanic and it was by this point that I came to realize that James Cameron was one of the most overrated directors in the business. I can now say that Avatar joins his list of overrated films giving us nothing but visuals to drool at.

A group of marines are sent down to a planet called Pandora in search for some precious material and paraplegic Jake Sully is one of them since he becomes a replacement for his dead brother. Here, Jake begins to bond with the native Na'vis as he learns about their lifestyle and falls in love with Neytiri whilst failing to obey orders given to him.

Here is a premise that has been done before but the issue to Avatar arises with James Cameron and his overuse of CGI to dazzle his audiences. Since 2009, it has become absurd to think how people have truly fallen in love with this film hailing it as one of the greatest ever! This has always annoyed me but having seen the movie, this is absurd. If the visual effects to Avatar weren't as dazzling and there was no 3D to marvel at, then you have a movie that is absolutely nothing special. Whilst I am not criticizing the visuals, the story is so poorly told and the characters are stereotypical, with none of the characters coming off as interesting in the slightest. Even Neytiri, who we as an audience should be able to connect to, comes off as rather irritating. Whilst Cameron's earlier films, mainly the first two Terminator films and Aliens were able to convey emotion effortlessly making it very subtle and natural, Avatar truly overdoes it making many of the sequences involving the natives mourning rather laughable.

Though audiences have drooled about the visuals and the 3D effects, I myself saw no true brilliance about each whether it was due to the fact that I knew the overuse of CGI or whether it was the fact that I was able to concentrate on the story and characters. The film itself is paced quite poorly and inconsistently. The first hour drags along as Jake attempts to get in with the natives and the last hour and a half suddenly becomes a much livelier and more action packed feast than it was before. The problem with this is that the first half of the film doesn't provide much about Jake Sully to truly care for him and too much is given about Neytiri and her people that it comes to the point where it becomes rather difficult to take in anymore. This is overkill! Even with the poor story and attempt to overly humanize the Na'vi by providing possibly too much story, the action sequences towards the end of this film are truly engaging even if the characters in them aren't. It is mindless eye candy thrown onto the screen simply because Cameron knew that there was no way that the film would be received the same without a huge 'Helm's Deep' of his own. Whilst 'The Lord of the Rings: The Two Towers' had an engaging story, relatable characters, great character development, great performances, strong writing and directing that eventually deserves to be payed off with a huge action feast, Avatar rarely accomplishes any of the following I listed and so the huge action feast at the end is Cameron's way of attempting to erase his audience's mind of all the poor things about this film.

I am rather surprised to say this but most of the performances in the film come off as extremely poor when compared to Cameron's other films such as Aliens which had some of his better performances by actors. Sam Worthington isn't anything special as Jake Sully. I am still unsure on who to blame for not being able to like Jake. Sigourney Weaver, surprisingly, gives an extremely poor performance when compared with her performances in the Alien franchise. Most of the performances were extremely weird making the characters they played hard for me to take in seriously.

Those who simply praise the brilliant visuals and simply forget about the poor story and poor character development are those who do not truly think about this film and give it a simple pass for its revolutionary visuals. I just ask of them to view the film had the visuals not being at the standard that they were. As a young George Lucas once said, ""Visual effects are used to tell a story. Special effects without a story is a pretty boring thing!"" We all know what became of this man later in his life but this is a principle that James Cameron himself followed, until Avatar came along.",2
Avatar,"When my date and I first saw this in the theater we held out a good 20 minutes before falling into MST3K mode and poking fun at it.

The art and sound are absolutely stunning and completely immersive. I find no fault at all with these, and if what you enjoy is stunning fantasy locations and well imagined creatures, this is a great movie for you.

I, however, enjoy good science fiction, which this is decidedly not.

The MacGuffin's name is what a script writer would use as a placeholder until they came up with a good name for the unobtainable element that drives the plot. When Chekhov's gun shows up and the love interest says ""nobody has ... in ..."" and the script is this poorly written, you know the hero is going to do that, soon. And when the love interest is written as this deep intense character it is jarring when, after spurning the hero for his misdeeds, he makes an impressive entrance and with a ""nice ride..."" look, she forgives him his trespasses.

So by all means, watch it, it is absolutely beautiful. But don't take it seriously, enjoy making fun of it.",2
Avatar,Great graphics. Poor story. Poor character development. Poor plot. No consistency. First time in my life that I got up and walked out of a movie! Characters just assume a significant role in movie without ever mentioning the character before or after their significant role. Why an old fashioned wheel chair two-hundred years from now? Why does he need new legs? Don't they have advanced prosthetics in the future? Did they learn English by osmosis? They did not speak English in the beginning. A love story with the protagonist who somehow tames the wild beast from the sky that terrorizes only the protagonist during the move. How about slant drilling or tunneling underground - we can do that with oil and other minerals today? Why was the army guy there? Why not a geologist or a lawyer or a real estate agent.,2
Avatar,"Boring. Amazing amounts of money spent to make this movie. Even more amazing amounts of money spent to see it. For the vast fortune spent on C.G.I. nothing shown is real. It's all fake cartoon visuals meant to distract the viewer from the lack of original plot. Twenty five minutes of viewing is all that is required to know the movie's entire story arc. I know this movie isn't about being great, its meant to showcase the technology of film-watching and the justification to someday charge $20 for a movie ticket. I understand that in our sh*tty economy we will someday have to pay $20 for a movie ticket all I ask is for my money's worth.",2
Avatar,"Going in I really wanted to like this movie. But it comes down to the fact that all the CGI, movie making art and effort exist to tell a story and this one stinks. Avatar waists a gigantic collection of modern cinema resources on an unbelievably corny story densely packed with Hollywood/comic book stereotypes. Anyone with a mental age over 12 will be disappointed ( I have a suspicion, call it a conspiracy theory if you will, that the IMDb ratings have been manipulated by the films marketers).

The only memorable character is the muscled up old Colonel Quaritch a 100% over the top militarist bad guy.

An hour and a half of gee-whiz CGI and the same old cinema industry cut-paste character and story would have been tolerable -- 2hr40min too much!

If the story had been less irredeemably bad the my science issues would be chalked up to necessary suspension of disbelief and product design. However: Exactly humanoid aliens in a world with all the other vertebrates hexapod? Lower gravity but falling motions look earthlike?

I know you'll go see the film anyway but I can't recommend it. The trailer shows off the fantastic cinema technical effects. You see that you've seen all the good stuff of the film.",2
Avatar,"What a MISERABLE experience! I think the last time I went to the dentist, I had less pain and discomfort!

My boyfriend recently took me on a date to see Avator at an IMAX 3-D theater. He thoroughly enjoyed it. I, on the other hand suffered through 3 hours of human torture. The management decided I guess that to compensate for the summer heat, they needed the theater to be 30 degrees below room temperature. Several people brought BLANKETS into the theater in order to keep warm! They must have been tipped off about needing extra thermal protection. I still became a human pop-sickle even with a light sweater on. Okay, enough about indoor climatology. I have several limitations, one being visual, which I was not warned would affect my enjoyment of a 3-D picture. I wear special contact lenses to correct a corneal defect and astigmatism. When I put the 3-d glasses on to see the screen, I developed a nagging headache and became nauseous. I kept taking them off to try and ease the nausea. I even removed my contact lenses in an effort to correct the problem but to no avail. I finally resigned to viewing the movie without the glasses which gave me two choices: either watch a blurry screen seeing double-vision or close my eyes. Toward the last 3rd of it, I just closed my eyes. As if the freezing room temperature and my inability to see the movie wasn't enough, 3 hours of sitting without an intermission is a LONG time. Even Gone with The Wind had a 15 minute intermission! I wonder how all those young people in that movie theater sat so long without getting up? Are they that steeped in this virtual reality game world stuff that they are sedated into watching into a passive, catatonic state without getting up and stretching or a bathroom break? Is there some kind of secret brainwashing going on? Even the character Jake had to be cajoled into eating and showering because he was too into his virtual reality world. There's a hint! So my torture continued as my boyfriend, along with other Avatar fans, immersed themselves and enjoyed the movie, oblivious to those of us suffering through the agony of sensory over-stimulation and virtual captivity. I have an arthritic hip and the cold, coupled with the pain of sitting for a prolonged period caused my pain to become excruciating. The volume set for the movie was another hindrance. Is James Cameron trying to compensate for size or something??? WHY does the volume have to be increased to 10,000 decibels to get your attention? I didn't find it entertaining, I found it annoying and brain-jarring. My ears were ringing when we exited the theater. The increased volume just added to my already THROBBING headache. Toward the last 30 minutes of the movie, I was in such pain and discomfort that I could only do two things: either get up and leave the theater or, sit through it and cry. I chose the later, not wanting to be a rude to my boyfriend who had spent $24 for us to see this movie together. I put the glasses back on and closed my eyes, shivering from the cold, my hip and head aching, nauseous, tears streaming down my face as the loud explosion noises drowned out the sounds of my sobs. Finally, it was over. As we left the theater, my boyfriend commented it was the best movie he had ever seen. To say the least, I couldn't disagree more.",2
Avatar,"Some of the conservatives seem to think that Avatar is some kind of ""extreme liberal, Anti American propaganda movie"". It's not. Avatar is simply too stupid. For an Anti American propaganda movie it's incredibly tame. I could think of 100 different ways to turn this into a real Anti American propaganda movie. But what would be the point? Avatar tries to criticize Western Imperialism, but it's critique is incredibly dull and childish. It's like Disney trying to criticize consumer culture with Donald Duck.

But more than that, Avatar is not a movie. It is a mass consumer event. Spectacle. You don't watch avatar, because there is nothing to watch. There is nothing to think or discover here. Everything is easily accessible and require nothing from the audience. Once again people have to turn their brains off (maybe sometimes the masses should turn their brains on) to consume this mindless spectacle. Movies like Avatar are consumed. For the mass consumers Avatar is a special event to be consumed and then discarded like Michael Jacksons death.

The plot is mindbogglingly boring and clichéd. Everything in this movie is a derivative or lifted from thousand other movies. You have seen this movie before a hundred times. Except in Avatar everything is completely overblown. From the digital forests to the cgi characters, everything is too much. There is no room to breathe, to take in the scenery or to get properly orientated. Then again practically everything is CGI. It's ironic that the supposedly environmentalist movie has only digital forests and digital animals.

The final hour of the movie goes from silly and clichéd to downright insulting. The slap in the face happens when, once again the natives have to be rescued by a white man. Avatar becomes yet another childish fantasy. In movies we always correct our mistakes, side with the natives and exorcise the evil in us. It's completely self defeating and any message Avatar may have had implodes in the end. It's just another silly fantasy, just like the idea that we can save the environment by buying new ""environmentally friendly"" cars. We need to stop buying and driving cars. We can't consume our way out of this.

And of course Avatar itself took hundreds of millions to make. Lot's of energy has been consumed in producing this movie. Much of that energy comes from coal that adds to environmental problems. Everything in our culture turns into a mass consumer event. Avatar is simply another expression of this. What ever message it has is simply consumed.

In my mind they should have ended the movie with the Na-vi defeat. Na-vis should have been tortured, humiliated and forced to live in small reservations, depraved of their culture and land. The small number of survivors should have then been forced to accept and adapt to the invaders culture. -The End.

But of course Hollywood can't show us the true face of Imperialism, instead they give us silly fantasies.",2
Avatar,"James Cameron's Avatar is the embodiment of what makes Hollywood bad. While the movie captivates its audience with some stunningly realistic-looking visuals, it lacks in almost everything else. Do not listen to the people who say it was one of the greatest movies ever made. They have very limited intelligence and no sense.

The one good thing I will say about this movie is the special effects. They were very good. But that's really about it. The story and characters that were supposed to fill these stunning landscapes fall short of acceptable.

The story is a painful, recycled, lazy, piece of writing that has ever appeared on the screen. The story follows the exact format of movies like Disney's Pocahontas and Dances with Wolves. A man fighting for one side befriends and falls in love with his enemies and ends up fighting for them. Completely unoriginal and unbearably lazy. Cameron, the man who brought us The Terminator, Aliens, and The Abyss obviously didn't try to come up with something new.

I found the characters to be entirely unlikable. The main character must be mentally challenged, as he is told to sit still when he first goes into his Avatar, and he gets up. They tell him not to walk, and he walks. They tell him not to run, that its dangerous, and he runs. The blue alien lady he falls in love with was not very charming or likable either. She spends most of her time yelling at him in a fake-sounding, broken accent. Everyone else in the movie was so bland that watching a puppet show would have been more engaging.

The emotionally-charged scenes were rather laughable. When the blue couple began to make out in that one scene, I and several people in the audience could not help but laugh at how ridiculous it looked. Whenever a person died, or when the blue aliens were being attacked, I felt no sympathy for them, and no thrill at the action. Which leads me to my next complaint: The ending action sequence was unbearably long. I actually drifted off in the middle of it, because I do longer cared who was fighting who, and I couldn't help but wonder, ""When is this stupid movie going to be over?!"" SPOILER: And why did the main antagonist take so long to die? According to the rational laws of science, he should have died from the FIRST arrow in his heart. Instead, he gets shot in the heart twice, and yet manages to stumble around for about ten minutes more before finally collapsing. END OF SPOILER.

One more thing, the whole thing about the blue aliens being able to ""connect"" with nature using the tentacles in their hair? Did anyone else find that a bit disturbing? The only aspect of this movie that had real effort put into it were the special effects. Hollywood needs to learn a lesson here: that special effects alone don't make a movie. They make a very elaborate slide show. All the key components for a good movie were missing from Avatar: an original, well-written story, meaningful emotional connection with the characters, and an overall engaging, and satisfying experience. Avatar fails to deliver in many ways. I am only glad that this atrocious film didn't win the Best Picture Academy Award. The future of movies looks bleak, if films like this are praised as being something of an artistic achievement.",2
Avatar,"WHAT! An 8 is way out of hand. The technological hype has been enough to wow people but if people go into a film for the innovation and overlook the whole then I think its rather juvenile.

Whatever ground breaking effects were praiseworthy are lost on an audience that recognize the ideological inputs that ruin the rest of the picture.

On this occasion it was in the form of ecological fascism that went in the form of humans=evil/greedy & nature=pure/holy.

Without a thorough critique of the rest of the production I would simply ask Hollywood to get back to entertaining and stay out of politics, reputations are developed fast.

There were further no standout individual performances which is what serious critics really thrive on when good cinematography is a given with such enormous budgets.",2
Avatar,"Don't. Believe. The. Hype.

How many time do we repeat that , only to be caught off guard by the next assault by the modern PR/marketing apparatus ?

At the time of its release this movie was the very definition of organized buzz (to sell the 3D experience?) : and, sure enough, people went in drove to watch it.

They went because, otherwise, how lame would they look (at school, at work, on a date, etc) if they ""missed on"" Avatar ? *shudder*

Fear of social inadequacy is a potent motivator these days.

And worse, people then just HAD to say they loved it on social media, because otherwise how uncool would they look, right ? Get real, dude, one can actually lose ""friends"" and ""followers"" over that kind of stuff !

The elevator pitch for Avatar is : Pocahontas set on an alien planet, only with the twist that the natives somehow repel the settlers back into the Mayflower..

Yaeah right, because to get a surefire blockbuster in the early XXIst century, you have to check EVERY SINGLE PC boxes, so that the thought police watchdogs can give it their moral blessing. And for the ""wow"" factor, just pump up the GCI volume. Et voilà !!!

This covered the main need : ensure that the product was going to be the ""movie event"" of its release window, which nowadays is not half but ALL of the battle ; the one studios need to win so they get butts in theater seats, sell mountains of junk food ,and deliver on the promises made for all themerchandising contracts ect.

The movie itself ? an afterthought and it shows... Bland, unimaginative, clichéd to the hilt. Carboard characters, laughable plotline, ludicrous (but oh so politically correct) denouement.

I did not even find the artwork and design exceptional (but esthetics are fundamentally subjective, so..) . Still, as ""eerie/alien/luminescent forest"" go , I seem to recall a zone in World of Warcraft that was much more stunning visually than what you can see in Avatar..

I know that, at the time it rolled out, I was in the minority in finding this movie a signal turd. And maybe I am still in the minority. but I noticed that the trend for Avatar here at ImDB is solidly negative.

I believe Avatar will eventually join the vast cohort of movies which were smash hits at the box office but, twenty years later, leave people scratching their heads wondering ""what did they/we ever see in this movie"" ?

We are halfway there .

So trust me guys, steal a march on the consensus and don't waste your time watching this movie.

It is, quite simply, NOT - WORTH - YOUR -TIME.",2
Avatar,"It's my first review in IMDb and I felt necessary to do it as the movie has an unbelievable high rating and positive reviews!

Yes I call it physical and mental torture as I was forcing myself to stay in cinema and watch it till the end. I was telling myself ""you've paid for it, you have to watch it. Come on, it's not a crap, it's a wonderful amazing movie by James Cameron which everybody loves it. You should be more patient, there must be something extraordinary waiting for you"" and how wrong I was. I just got headache from this 3D effect and uncomfortable plastic glasses. Even changing seat was no help to a better focused picture.

From the very first appearance of that female native of Pandora the story was 100% predictable. They were going to fell in love and he was going to be the hero and save Pandora so everybody can live happily ever after in harmony with nature. You just have to watch how they are going to create scenes and story to end it up like this. I was not surprised that not only the plot and ending was predictable but also I have to say it was predictable scene by scene! Nothing new from what you have seen in many other movies before.

Although it has great computer graphics and 3D effects but everything was just interesting for a short while in the beginning, not in a boring 160 minuets crappy story! I was trying to amuse myself by thinking about back stage and all those hard worker digital designer and animators! I would never ever suggest anyone to go for a nearly three hour 3D movie. If you like to enjoy 3D, a very short pleasant cinema 4D (Like what they have in London Eye) will make your day and it is far enough for most people.

For me computer graphic is where it creates Wall-E. It helps the story, it's not the main part. It makes you to fall in love with a garbage collector robot! CGI shouldn't be the main part, it can't make a movie. First you should have a good story, good plot and then spend time and money for it! Where the hell is cinema going?!!",2
Avatar,"Collectively the media write the world of Pandora is beautiful. I ask 'to whom'.

Its a bit like being in a bad floral nightclub - quite ugly colour & lighting clashing together. The utopian animals are violent, exaggerated ie lets give them 6 legs and four eyes etc long way to go re special effects. This movie lessens the naturally exceptional world we live in right now.

Big big guns, really bad cartoon acting (I suppose this was directed), script to match.

Why did I go.........got the short straw! Best I say no more.",2
Avatar,"I don't know why the special effects everyone raved about don't work for me?? This movie had zero visual appeal for me. It felt like watching a mashup of the simpsons with the faces cut from Roseanne. And it was so childish, the script, the characters, the emotional temperature, the plot were all far more suited to Walt Disney. My 6 year old nephew kind of liked it, but even he struggled to believe it was real, it comes off all so fake its like watching a really really long cartoon. Hats off to Cameron for successfully squandering so much time, talent and money to a film pitched at the lowest common denominator. I hope future generations don't judge us by the popularity of this trashy film",2
Avatar,"Yes, everyone went all ga-ga when this film came out, and the visual effects are the reason why. Film makers created a magnificently beautiful, imaginative, and well thought out alien world. In that regard, it was the ""Star Wars"" of the 21st century; special effects were truly ground-breaking.

That said, I must also point out that this film ""fell off the radar"" fairly rapidly, and there is one reason for that: an incredibly awful plot.

The ""plot"" boils down to this: Evil, greedy Whites oppress lovely indigenous noble savages. They're out to steal their natural resources for the sake of cash and send in a spy, with the intention of lying, cheating, stealing, and if necessary, killing the natives.

I am SOOOOO sick of that tired old song.

If you're Jewish, you may be tired of hearing about hook-nosed Hebes all being greedy, money-lending cheats. If you're Black, you may be tired of hearing about how you're all dope-pushing, welfare-sucking rappers that don't know who their fathers were. Well, I find this film just as offensive to me, as a White man -- a member of the most discriminated-against minority on Earth -- for pretty much the same reasons.

If you can manage to ignore all that, then by all means, enjoy Avatar. Otherwise: ignore it.",2
Avatar,"Be advised, Abrahamic themes discussed here.

Technicals aside, Avatar is Cameron's take on how the biblical Book of Joshua might play out allegorically, but reversed and depicted in SF terms. Imagine a fantasy where the alien enemies of some fantastical, space-faring ""Israel"" nation have the righteousness and might of the true deity on their side. In his cinematic brilliance, Cameron shows just how that futuristic ""Israel"" is brought to its knees by its pagan targets. The humans are snarkily depicted as claiming the superior means and values, but in this fantasy they are THE god-forsaken, rapacious foreigners - in the eyes of the aliens.

The Na'vi represent a fantastic, figurative version of the Anakite giants (Anakite: long-neck) of the biblical land of Canaan, metaphorically represented here by Pandora. Since the movie is from the traitor's and aliens' POV (Sully: ""Excuse me, this is my video log here!""), there is no attribution to a divine hand behind this metaphorical Israelite army. OTOH, it is a force which does possess a thematic proxy for the Hebrew deity, in the form of unimaginable - to the aliens - advantages in armaments, high technology, and organization. Not coincidentally, the human army is depicted transiting the wilderness of space from a blighted Earth (Egypt) while subsisting on in-flight rations (manna), bent on an overarching mission to seek their race's survival and future prosperity by winning the rights to the promised rock (land) of Pandora (Canaan). The idea of ""Israel"" as the divinely favored people is allegorized as an unobtainable ""Rock"" aka ""UnObtainium"". Which is precisely Cameron's point, and likely motivation.

Jake Sully is an ex-Marine (figurative Israelite warrior) with crippled legs and is figurative of OT unbelievers ""undercut"" by the Israelis. His role as traitor-to-be is strongly predicted by this. After being forced to take a swim (biblical Jordan) by the nasty wildlife (biblical ""land swallows up people and things""), he meets Na'vi princess Neytiri, a figurative stand-in for the ravishingly beautiful biblical Rahab. In this tale, Neytiri's/Rahab's character is uplifted into a stalwart and loyal Na'vi (biblical Canaanite) princess in a reversal of the historical role the fearful prostitute played in hiding the two Israelite spies sent to scout Jericho by Joshua. Cameron's version of Rahab also plays a secondary role as the infamous Moabite sex-princess but in reverse, one who instead carries out the orders of a pagan king (paralleling the biblical advice of Balaam to the Canaanite King Balak to confront Israel indirectly) to seduce an Israeli warrior into betraying his own nation. Instead of getting speared in the act with said enemy (biblical Zimri incident) as in the original story, this Rahab-cum-sex-princess gets to turn the tables by spearing the enemy commander (biblical Joshua). Her character ends as stand-in for the ancient pagan war-goddess Neith/Anat - she of nakedly aggressive beauty and skill with bow and arrow.

Among other things, Pandora/Canaan's magical floating mountains stand for the biblical mountaintops from where biblical King Balak and Balaam attempted to hex their Israelite enemies. Not to mention the high places where biblical Israelis would not only practice worship but more importantly seal holy covenants, or marriages between entities. The off-site Avatar link couch assigned by Dr. Augustine to Sully is tellingly named ""Beulah"", which means ""Israel"" or ""married"" in Hebrew. The elder chief scientist's age and expertise in botany marks her character as figurative of the first spy team tasked by Moses to scout Canaan's agriculture. Sully is buddied in a paired spy team, just as in the original story. We are not even touching on details about the ancient Canaanite mother goddess Asherah, associated with the living tree and fertility and child-sacrifice rites, the inexplicable RDA attempt to burn the alien columns unless they were heeding the advice of certain OT Hebrew prophets.

Other reverses/parallels abound. The treasonous RDA science team almost directly parallels the biblical ten faithless spies of Moses's 12-man spy team, of whom only Joshua (figured by Colonel Quaritch here) and Caleb proved strong and faithful (Colonel to initially-zealous Sully: ""I wish I had ten more like you""). Then there are the 12 human sectors corresponding to the biblical distribution of land among ancient Israel's nominal twelve tribes. Jake Sully as a traitorous refiguring of the biblical Caleb who in this revision meets Princess Neytiri (biblical Rahab) at Hometree (Jericho) which eventually falls to the circling human army (Walls and trumpets).

Then there's the alien wildlife communicating with the indigenes (Balaam's biblically hilarious donkey). Oh, and up there is a naked and feathered Jake with a crown of thorns sailing the sky on the back of a serpent-tailed red dragon-beast, holding at times a serpentine twist of hair-fiber and looking for all the world like your typical reincarnation of the ancient Canaanite gods Astaroth/Ashtoreth. Pagans rejoice! As for the biblical Ark which brought down Jericho's walls on the seventh run after circling the city 6 times, figuratively substitute Shuttle 1-6 and its humongous daisycutter bomb as proxy for the presence and power of the Hebrew deity. Watch as Cameron delightfully orchestrates the on screen failure of the daisycutter/Ark to deliver the final providential blow, while the supposedly unaligned Eywa-cum-mother-earth (Neytiri/Rahab/Neith: ""Our Great Mother does not take sides Jake"") finally does the Abrahamic God divine intervention routine. It's pagan catnip, I tell you.

BTW, check out the humorous Cheesus reference when Parker (figurative Eleazar) searches the holotank for Sector 12 (figurative of the 12th tribe of Benjamin, from whence Jesus and 11 of the apostles came) and exclaims, ""Where .. Stop. Jesus... ...I mean, look at all that cheddar."" Marvelously mocking word-play.

If today's neopagans could somehow revise the original OT story into a fantastical triumph for the Canaanites in place of their historical defeat and conquest by Israelites, this movie would be their gift. It seems Cameron speaks for all vanquished pagans, voicing ghostly wishes from beyond the grave for what could have been but never was.

Excellent movie-making, though.",3
Avatar,"Amassing more than two billion dollars through worldwide box office collections, Avatar easily qualifies as the most ambitious and successful sci-fi movies to emerge out of Hollywood in the last ten years. The movie, undoubtedly, offers groundbreaking visual effects tailor made for a 3-D spectacle. But does the movie, preoccupied with technology, unwittingly sacrifice cinematic quality? In my opinion it partly does, thus compelling one to question whether the success it enjoyed globally, unwarranted? It is, often observed that movie producers adversely manipulate the storyline and screenplay to accommodate visual effects. Avatar is a case in point. The fusion of special effects and the basic screenplay in the movie doesn't reflect a work par excellence. The movie's storyline in turn, is not very original either . There are aliens and humans involved in battle, albeit occupying different roles without actually doing anything different. It is merely a case of ad verbatim role swapping in an all too familiar thematic setting. In this sense the rave reviews which the movie attracted, allegedly on account of a groundbreaking shift in storyline, seem to be misplaced. The dialogue is not catchy, the characterization a tad stereotypical and the message all too familiar. In my opinion, Avatar is a high quality exhibition of special effects and needs to appreciated as such , but as a movie, it does not score very high and though moderately entertaining , is a run of the mill proponent of 21st century's sci-fi cinema.",3
Avatar,"This movie was horrible. Graphics of movie might be great. I have completely lost all hope in Hollywood and James Cameron. Everyone told me that movie was great. But don't agree with them. Have people here lost their minds? Or I lost my mind? I don't know.

I watched ""Avatar"" on my computer 4 years ago. I almost fall asleep. Maybe must see this movie on cinema. Avatar impresses only on a technical level. Story is very predictable and boring. I felt sort of same as when I was 'Star Wars'. Maybe it might be next ""Star Wars"" episode. If I watched ""Avatar"" on cinema I will say ""GIVE ME MY MONEY"".",3
Avatar,"An anti-war film would hardly restrict its range of viewpoints to ""good"" versus ""bad"" soldiers because intelligent filmmakers understand that the purpose of being a soldier is morally tainted to begin with. There are notable exceptions to this, e.g. revisionist westerns such as ""Soldier Blue"" (1970) but generally speaking, in the 21st century, a film that wants to be labelled antibellicist would feature victims' and civilians' viewpoints at least as much as those of the actual military. Or at least (and I should say most importantly) it would clarify that there can hardly be such thing as a good soldier in modern warfare.

And the reader needs to ask themselves an honest question: does the villain die like a true villain would nine times out of ten in real life, i.e. like a psychopath or a sleazy coward, or does he die like a hero, fighting until the end? Obviously the latter. Watching Stephen Lang's character engaging the main characters in such epic single-handed fight, neither fleeing nor surrendering, made me think that the people behind this film don't dislike the character at all--they just regret the choices he happens to make. Almost as though he ended up in the wrong side of morality by chance or mistake. And that's why this is not an anti-war film.

Other than that, there's some funny blue people living in trees and some utterly implausible and obviously computer-animated imagery. Overall, I have to call this silly. No better adjective comes to mind.",3
Avatar,Do you like dragons? do you love alien movies? do you like Sigourney Weaver? Do you fall for classic gutter to hero story arc? well we got 3 hours of the most processed and basic trash you can wish for! Avatar. A movie made for the average gullible viewer. Movie you will forget the moment you will stop watching it. Yawn fest for anyone with an active brain. Or 8 stars for a dumb ass like it was aimed at. Script so primitive a 20 min episode of Rick and Morty is more complex then this 3 hour movie,3
Avatar,"Visually absolutely stunning, breathtaking and technically perfect. As far as story goes is nothing more than a ripoff of 1957 ""Call Me Joe"" science fiction novel by Poul Anderson with added elements from Pocahontas and Dancing with the Wolves. Cameron added nothing new to above stories unfortunately, making the entire spectacle mindbogglingly unoriginal. Undoubtedly an achievement in CGI film making but nothing more.",3
Avatar,"I watched this movie several years ago because it was so popular. The entire time I was constantly asking myself, should I turn this off and forget about it? I stuck with the whole movie and still don't understand why it made so much money. I remember almost nothing of significance about the movie and would never watch it again. At least I didn't pay to see it in the theater, so that's something I guess.",3
Avatar,"If you take the plot, it is quite banal - people against ""aliens"", the friendship of one of the people with the enemy, etc. More than a dozen movies with such a plot have been made. I did not see any highly professional acting, and the graphics at times just make me laugh. I cannot say, of course, that this movie is terrible, but there was no ""wow"" effect from watching it. Of course, it also leaves questions about the story of the handicapped man's transformation into a blue forest creature, as well as the strange love story between him and one of the bluebirds. In addition, the movie is very long and boring in places. You can watch it once, but you won't want to watch it again.",3
Avatar,"This is another one of those movies that was massively hyped up both prior to and subsequently after release. And with the long awaited sequel coming soon, I tried for not the second but THIRD time to make it through Avatar.

This time, I finally completed it. And completed is the right word. Because this movie has the same exhausting feeling from finishing a game - but without any sense of accomplishment.

Even now, the visual effects are incredible. And when you consider that it's what, 15 years old? Wow.

And that's it. That's all I've got.

The story was so thin on the ground that this movie could (and possible should) have lasted about an hour and a half - and even then it's stretching it.

And whereas Lucas was adept at creating multiple worlds, Cameron struggles with just 1. It's just too CGI. It looks like cutaways from a video game. Even the mix of live action and CGI just feels forced.

I genuinely don't know how I got through it. It's taken me 15 years to make it all the way through and even now I regret my decision.",3
Avatar,"Story 9/10 Directing 8/10 Editing 8/10 Design 9/10 Costume 5/10 Lead actor 7/10 Second actor 9/10 Support cast 6/10 Lead adversary 7/10 Sound 8/10 Choreography 3/10 Action 4/10 Romance 5/10 Sex 2/10 Dialogue 7/10 Make up 3/10 Music 7/10 Theme tune 5/10 Trailer 9/10 F/X 5/10 CGI 9/10 Worth watching on cinema? Yes Worth watching on stream? No Worth a sequel? No Overall feel? Original but not must buy on DVD Worst bit? OTT CGI Best bit? Concept Reminds me of? A video game Original? Kind of Boredom 5/10 Excitement 5/10

Overall one word comment - Good

Worth mentioning - Dances with wolves goes cosmic.",3
Avatar,"I hesitated, almost a full month, before seeing Avatar, a movie that apparently the world saw first. And when I saw world, I mean everyone, even people who have never see a movie, or even have the technology or places to go to see movies, saw it. I delayed my viewing as it was not a movie I was interested in seeing in the first place and the trailer made me snicker at the tall, skinny Smurf people.

But, I broke down and saw it, as I knew I was going to see it anyways and the small screen, or even a 60"" would probably not do the large scale/action flick justice. Even further, I needed to see it in IMAX-3-D just to get the whole effect. Was I disappointed? Yes and no.

The special effects were amazing as was the cinematography. That was breathtaking. But the FX and scenery was only good whenthe blue people (or the Na'vi) weren't on the screen. Yes, I realize they're on practically the whole time you enjoy the rest of the CGI-world of Pandora, and I think the technology has thoroughly advanced through the years, but I just didn't buy it. I just didn't think they're there just yet. I almost laughed each time I saw them, but I never truly believed them to be anything but computer generated images. Everything else, aside from one of the dog-like creatures looked absolutely fabulous.

Unfortunately, looks can be deceiving. For example, as stunning as the 90% of the graphics were, in addition to the flights, the story looked as old and stale as most of the moments in human history it mimicked. I guess it was no secret the plot is without any teeth or any bit of originality, so stating it's a VERY A-B-C movie is just irrelevant. My guess is they (or just King Cameron) knew this, he's not stupid, and just said let's just throw in as many tricks/CGI/gadgets as they could possibly think of as distractions to deter from the central plot. It is very well known to people I associate with, that story comes first, always. I could be thrown a million things (even in 3-D) but that doesn't stop me from looking deeper for anything resembling not only originality, but heart.

Was the movie bad? No, I wouldn't go that far, but the race to cover up the lack-of-story with a billion FX kinda got old and made me look at the time more than once. Not only was I kinda bored with the attempts to impress me, but I was still waiting for the basic ""C"" elements of the A-B-C plot-formula (which, mercifully, finally arrived.) The basic storyline (a Dances with Wolves with the Titanic theme – dang, I got really frustrated with hearing Titanic all throughout this film, because Titanic was 12x better a movie) involves a last minute death of a man who was supposed to inhabit a Na'vi body in the long-distant future in order to infiltrate an alien species on another planet. His mission was to bring back information or (ha-ha, like I believed this) negotiate a ""relocation"" of the Na'vi so that Earthmen can harvest a rare substance in order to reboot Planet Earth after humans did a fine job of destroying it.

Well, thank goodness, the dead spy had a twin brother, but unfortunately, he's also paralyzed from the waist down. That doesn't really matter when your mind is transferred to a 12' Na'vi body. I'm spending way too much time on this 15-minute-plot, so I'll fast forward (and it's no shocker when it's all spoiled in the previews, anyways.) He joins scientists, gets separated and meets up with a Na'vi (or make that naïve) woman, Naytiri (Saldana,) who spiritually think he's the chosen one.

She trains him while he remains loyal to a very bad man (or high ranking military cliché who works for someone so incredibly cartoonish – Parker (Ribisi) – that I had to laugh at every unbelievable moment he was on screen.) But lo! He starts to see life in the blue, becomes one of the blue and its: Red, White and Blue vs. the other Blue.

The handicapped character-turned-spy, Jake (Worthington, or, again, I should say Worthless,) is so brain-dead that whenever Naytiri hits him in the forehead and calls him a child, I wanted to join her, but instead just punch him. Yes, I get the fact they wanted to show a transformation, but this extremely-dumb-as-a-box-of-rocks was so hard to watch, it should've been played by Keanu Reeves who might have given him more depth as a surfer-dude.

Would I recommend it? For special effects and fantastic scenery/scope, alone and the inevitable ""Ewoks"" finale made up for a lot of the movie's downfalls. Obviously, the general movie public (or in this case the entire Earth) likes familiarity. I, on the other hand, like to be amazed by screenplays that took more than a few hours to construct.

Either way, I would recommend, if you would ever see it, you need to see it on the big screen. I did, and I am thankful, now that I did and saw little to no depth, I can safely save money on foreseeable future Avatar sequels.",3
Avatar,"After I watched the movie, I had a terrible headache. Later I found out it was because I focused on the blur parts of the screen. When I see a 3d movie, I want to see everything in 3d so I watch every part of the screen. But that's not allowed, because you're only allowed to see just the sharp part of the scene. And in Avatar that's just a small part of the screen. So there you have a planet what should be mind blowing, but it's only head blowing. I still don't know how Pandora looks like. After 1,5 hour I got used to the 3d a bit so I could see the last 1,5 hour better, but then the overviews of the planet where already done. What was left was a very one dimensional story. But I already expected that.

Conclusion: Before you're going to see a 3d-movie first learn how to watch a 3d movie. Otherwise it's going to be a painful evening.",3
Avatar,"Over-simplistic plot, over-cliched soundtrack, over-biased character traits, over-copied storyline. Enjoyable first 45 minutes, ruined by the last 45. A blockbuster that tried to tackle the subject of respect and patrimony, without respecting the patrimony of cinematography. What an irony.",3
Avatar,"It's basically Fern Gully the live action remake, starring giant smurf native Americans.

I saw it in 3D when it came out, which would have been more impressive if I hadn't already seen Monsters vs Aliens in 3D.

Novelty 3D in the cinema release aside, there's nothing to recommend this (seeming) 9 hour movie.

Also it has about 3 different points where I went, 'oh that's the end of the film... No, wait, it's still going.' After l thought the movie had reached a conclusion or climax, I thought it again after another 15 or 20 minutes, and then again, and then I think again, for an hour after I first thought the movie was about to end.",3
Avatar,I'll never understand how this became the highest grossing film ever. There is nothing exciting about it. The only thing I'll give it is good CGI.,3
Avatar,"I've seen this movie twice now, since everyone is so crazy about it.

Well, I'm not impressed, and I wasn't very impressed the first time either. I mean honestly what does this movie give apart from a powerful advertisement campaign and some bland 3d effects?

The story is good, but horribly unoriginal, I checked this post for spoilers, since anything you can say about this movie will spoil the plot. The plot is basic and predictable and it thus we receive nothing good in that department, granted, the setting does have a cool ambiance. The feeling of being in a lush jungle world gripped me a few times, however, never as thoroughly as other better movies.

The characters are boring and unimaginative, all of them are a single facet, making this into an odd fairy tale world of nothing but yet another struggle of good VS. evil. There's no tale to tell but the old tale of evil man wanting gold from the natives.

Mr. Cameron tries to create a complete world with all manners of odd creatures, flying dragons and what give, but it seems there is no room for just letting this world live, all the things are things we've seen before with a few modifications, the idea of a people connected to the forest is good, but old, nothing innovative there. And worst of all, the setting adds nothing to the story, the exact same plot could easily be played in any other setting, meaning there's no reason for having an otherwise cool setting.

The actors? Well, none of really do anything particularly mention-worthy, their role is pretty much set in stone, and all of them act out a single emotion, till it gets too extreme and the characters seem unbelievable, so we can easily conclude there is no noteworthy acting here, the love-scene is sweet, but bland, unimaginative and boring.

The effects (and I usually love effects) are rather cool, but all animated, I fail to see why I should like animated effects so much. At all times in the movie, it's pretty clear we have a blue screen somewhere or other, or it's simply just a blue screen.

So what makes this movie any good? I fail to see it, there is nothing good, innovative, thrilling or otherwise interesting about this movie, it's not even good in the action movie genre, where the effects gets dwarfed by the lethal weapon masterpieces (or the terminator series).

And it's not because of in-adequacy on the part of the director, James Cameron has a few good movies, the terminator series are an iconic action movie with a better story line. And Titanic still boast one of the sweetest romance plots I've seen. Titanic in comparison had a real deal of better acting (even though I personally despise Di Caprio, I must admit he's good in these roles), a lot of sob-scenes that worked wonders, and generally the themes of the movie where implemented better into a story we liked.

If you take into account the money ($280 million without incorporating marketing, which would probably double this price) it took to shoot this movie. It'll be pretty clear that better movies could be made for less of the price. Or perhaps a writer could be assigned to write the plot line, making this movie original. I don't know why this is a terrible movie, I just know it's got nothing good, so I suppose that makes it terrible in my eyes. Sure, everyone will have to see it, but given the choice of this movie and almost any other, I'd go with another movie. 1492, for example brings out a much better version of this story, and incorporates more layers and themes.

A bad movie for the price, and an average movie disregarding the price.",3
Avatar,"What else to say, hmmmmmm lots of CGI, stolen plot, waaaaaaay to long.

Pretty sure this paved the way for the modern lazy film writer. Why bother when you can rip off another film and do world class special effects. Might as well look at a computer screensaver for three hours.

World class special effects. Nothing else going on.",3
Avatar,"Read this paragraph and tell me whether I'm describing Avatar (2009) or Dances With Wolves (1990):

A young military man suffers an injury and is sent to an outpost being managed by military officers intent on colonizing the new land. The natives are viewed as hostile savages because they are not understood by the colonizing force. The main character befriends the natives, gains their trust, falls in love with one of their females, and ultimately cuts all bonds with his previous life so that he can spend the rest of his life with the native population. Also, that young native warrior who distrusts our the main character at first? He grows to trust our guy and (surprise!) they become best buddies....

Look, if you like starting at bright shiny objects for 2+ hours, then Avatar is the film for you. It's got great visual effects. The sound effects are awesome. And the hype around this film when it first came out was second to none. But if you saw Dances With Wolves, then you've already seen Avatar.",3
Avatar,"I heard so much about this movie before I watched it I couldn't wait. As advertised the special effects were spectacular. However, the movie itself was so cliche and predictable I have to assume it was written by a washed-up old hippie. Here's the plot in a nutshell. The Evil and that's EVIL with a capital E military and corporate complexes want to destroy the pure-as-driven-snow and Angelic and that's ANGELIC with a capital A non-humans who live in the trees and flowers. The Angels are perfect and just want to live their lives in peace smelling flowers and flying dragons. The military guys are all evil (well, except for the one female troop who is innocent and wonderful and the star of the flick who is paralyzed so he is physically unable to perform evil acts any more). The rest of the troops/contractors ... evil and horrible. They'll kill anyone and anything just because. There is no nuance to this movie at all. There are two distinct groups and one is all good and one is all bad. As a 30 year military veteran I was seething when it was over. I wanted to rate it 1 out of 10 stars but that would not be fair to the fantastic special effects. With a little effort this movie could have been outstanding. It wasn't. In my opinion it wasn't even average.",3
Avatar,"""Avatar"" is a stunning 3D cinematographic achievement, but it's pantheistic, neo-Marxist message weighs it down. While James Cameron's story is not expressly a commentary on the United States as an evil imperialist power, that message is pretty thinly veiled and is scripted with shallow, obvious characters. There's nothing wrong with a bankable storyline being repeated, and we all enjoy watching a noble underdog defeat a powerful oppressor, but Avatar's power-to-the-people stridency recalls Billy Jack in all its naive glory. Watch ""Avatar"" for the 3D effects, but turn your brain off to the tired message it conveys.",3
Avatar,"OK, other than nice cgi this film lacks... everything. Unoriginal story (dances with wolves in space) set to a background stolen from a few video games (the floating mountains look like world of warcraft's nagrand area). Not a classic and not a masterpiece, just more mindless fluff intended to generate a profit.

Wow, i actually have to write ten lines about this piece of trash to review it. Amazing. OK, if you just have to see this film for yourself do it at home. Save yourself the money, unless cgi is really your thing by all means go to the theater and see it. It's not the worst thing ever put on film, but it is no masterpiece by any means.",3
Avatar,"I mostly liked - but did not adore - most James Cameron's movies I had seen before, and I really loved Aliens. I had high expectations regarding the visual concept of the film, and they were quite fulfilled, even though I didn't see it in 3D. The visuals are quite strong, while sitting in the theater you sometimes really feel like you live on this paradise- like planet light years away. But then, many animated animals and plants appear somehow tacky, some even are pure Kitsch. I hadn't thought much about the movie's content before entering the cinema. So I was hit hard by the foolishness and superficiality of the story, the characters and the plot. The intellectual level of the story was barely grammar school. Every little fairy tale I know demands more of your mind than this. The coarse- cut human characters and presumed lack of intellectual and spiritual development our human race will undergo in the next 150 years was just ridiculous - as well as the concept of the Noble Natives living on this far away planet, in perfect harmony with nature. And then the boring love story and the cheap militarism. What a waist of mind-power, material and money.",3
Avatar,"It made me feel like I was some kind of unknown entity, disconnected from humanity, as I couldn't fathom as to why these blue smurfs were so popular with the general audience, or perhaps they were just easily entertained with the visual spectre and 3D effect - like a baby being dangled a toy in front of their face.

The movie is very cookie cutter, following a predictable formula James Cameron perfected with Titanic. It is almost hilarious how Avatar follows it pretty much beat for beat. Outsiders of lower standing by chance becomes selected to join on exploring a new place, meeting new kinds of people who's different than him, and he is being shunned for his differences at start, while he falls for the girl. Mostly adventure and a bit of drama for the first 2/3, and then tragedy strikes, making the last third act more action oriented. This is summarising it, but even looking in further detail it doesn't miss.

It isn't the worst movie made or anything like that. There clearly is a lot of effort put into it. However it just comes across as such a commercial product, with bland characters. Also have to mention how hilarious it is Cameron announced Avatar 2, 3, 4, etc back in the day. Seems the first sequel is actually coming out later this year. Personally I strongly prefer his earlier movies as Terminator and Aliens.",3
Avatar,"First let me say I went to the theaters and saw this movie not once but twice!...I loved it! Then came news of the DVD release which I could NOT wait for. Unfortunately it turned out to be one of the biggest disappointments I have seen on DVD. I am fully aware that the 3-D effects would not be in play on DVD. It would be in 2-D, which I had no problem with what so ever. What I DID have an issue with was its transfer. The ""main menu"" (if you want to call it that)..had ""Play"" - ""Set Up"" - ""Scenes"". I knew this was no special edition or anything but come on! Then after I hit play, the Fox logo comes on and I (for an instant), thought I had bought a ""Full Screen"" version. The aspect ratio for this was ridiculous! 1:85 is fine, 2:35 is even better...but this was in 1:75!. That is mid between full screen and 1:85! It was a joke! You call that ""Wide Screen""? I had a feeling that this would happen as with Peter Jackson's ""King Kong"" which I bought. First they release the movie and ONLY the movie on DVD...wait a month or so then release a ""Special Edition""..ya go out and buy that then guess what...here come Peter with yet another release, this time an ""Extended Special Edition"". At one point I had 3 versions of this movie and had spent a total of $90.00 (theater tickets plus the prices of all 3 DVD's) and it disgusts me that they (the movie companies) do this to milk you of every penny they can get from you..including the money ya spent going to the theater to see it to begin with! Cameron is going to do the same thing with ""Avatar"" and this time I am not biting. All this release was was a taste of what is to come and at $40.00 so far:(20 for both times at the theater then the 20 for the DVD), that is it. The picture quality was a let down, the sound was sub par and the aspect ratio really irked me. I am tempted to take it back and get my money back. Very Very disappointed in this treatment of the so called ""#1 movie of all time!""...and THIS is what you came up with? Terrible! Save your money and just say to yourself, ""I saw it at the movie and that will be enough for me"".

Major Thumbs down!!!!!!!!!!",3
Avatar,"I've never been to a movie, where i wanted to go home during the intermission. But hey, the best action scenes should be in the 2nd part so i stayed. Visuals are OK, but the movie feels like you're watching a game, with a very bad story. Why create a new world, when there's no decent story to back it up? There are people referring to dances with wolves, well Avatar glued all the bad directed cliché's you can find in movies together. Just for your hyped entertainment fun. There's nothing good i can tell about the story, since you already know it before you've seen it. And those ""revolutionary"" graphics just start to get boring because nowadays games with those gfx surpass this crap movie because of the suspense en care put in the story..

this movie is just another sheep with bad fur.. and",3
Avatar,"I've been hesitating to se this particular flick for quite a long time. Unfortunately, but not unexpectedly, most of my fears became true.

Avatar is a bland, predictable and boring movie that relied almost completely on it's groundbreaking 3D technology that started a new era that lasted about six months. I personally hadn't had the fortune, or misfortune, to see it in 3D but no special effects can change the fact this movie is so lazy.

The movie follows a white American male who is sent to a frontier so he could meet a mysterious new culture. After learning about their beliefs and way of life, the man understands that his people, the colonizers, are intruders and should leave the natives alone. Sounds familiar? Of course it does. If it weren't for special effect this film would be looked at as just another ""Dances with wolves"" ripoff. Painting Native Americans blue and calling the new precious resource ""Unobtainium"" does not make your film deep Cameron!

The acting was sufficient, but I'm really disappointed to see so many fine actors wasting their talent on such second-rate garbage.

If you haven't seen the movie, I encourage you not to.",3
Avatar,"Thought it would be cool to rewatch this the way I originally saw it back in 2009... on the jumbo iMax for the full experience. While visually stunning to some degree in today's modern world, it is no longer nearly as impressive as it used to seem to me. I own it on blueray as well but have never watched it given the lack of interest in the story and characters, but it was just ""the movie to own"" along with the Transformers and Star Wars collections. Ended up overhyping myself as I literally haven't seen it in probably a decade.

The story feels a lot like Pocahontas meets (insert sci-fi movie here) and doesn't leave me really open for the idea of a sequel. The story wraps up ok, villain is gone, invading forces are pushed back etc. Just been done before and done after and it left me pretty bored throughout. I was hoping for that little kid wow factor I used to have but this movie seems to be a rose tinted glasses memory. I'm glad some people like it, but yeah... I'm not paying another $30 to see it again, and will likely wait for the sequel to release on streaming services to watch that.",3
Avatar,"If you like heavy-handed metaphors, laughable dialogue, and predictable plots, you'll love ""Avatar,"" auteur James Cameron's latest creation.

Technically, ""Avatar"" is a blend of Cameron's past efforts. Like ""The Abyss,"" it taps into the supernatural qualities of nature. Like ""T2,"" it captures humanoids visually using innovative special effects. Like ""Titanic,"" it juxtaposes a Romeo/Juliet-type romance with chaos and destruction. Unfortunately, while those three films are great, ""Avatar"" is not.

James Cameron has never shied away from foreshadowing. Every one of his films builds suspense through eerie happenings, musical cues, and suspicious dialogue early on. ""Avatar"" takes foreshadowing to a new level. Early on, characters literally say what is going to happen for the rest of the film. You could easily outline the entire plot about twenty minutes into the movie. Obvious parallels are drawn early on between the Na'vi (the blue humanoids) and the Native Americans, with the greedy white invaders standing in for....well....greedy white invaders. Then you get the obligatory environmentalists, as well as the morally conflicted protagonist. The plot proceeds as you would imagine. I won't spoil it, but as I said, it basically spoils itself. In fact, it bears a lot in common with Disney's ""Atlantis,"" a much better film.

Even with a hackneyed plot, one would expect that the great James Cameron could weave a great film through effects, actors, and plot tweaking. The plot rarely wavers from that which is expected. While plot twists are obnoxious in most cases nowadays, one or two would've been welcome here- so long as they weren't outlandish.

As for the acting, it's not bad. Sam Worthington's Australian accent seems out of place, but he puts in solid work as the subdued paraplegic protagonist. He struggles with the daily video diary entry scenes, but these are simply plot devices on Cameron's part to inject narration. Some of the supporting players are real stand-outs. Giovanni Ribisi provides comic relief as the mostly apathetic corporate representative on board. His character serves no purpose other than to provide laughs, but he manages to steal a few scenes with his dead-pan delivery. Sigourney Weaver is very good as the ship's leading scientist. She molds a complex-seeming character out of one that was surely flat on paper. The cast's best performance comes from Stephen Lang as the grisled colonel. The character is a cliché, but Lang allows the audience to relate to his perspective.

Visually, the film is very pretty. The world certainly looks real, the blue people move about smoothly, and the battle scenes look convincing. What's lacking is visual flourish. The Na'vi look off-putting and somewhat stupid, and their strange screaming does nothing to dispel this. The creatures on which they fly look like something straight out of ""Star Wars Episode III,"" and the same could be said of the lush tree-centered environment. The choreography of the battle scenes is also mostly weak. It doesn't raise adrenaline so much as it numbs the viewer.

On the whole, ""Avatar"" is derivative plot-wise and lacking in style and novelty visually. However, some solid performances and a few visual master-strokes make it an average movie, rather than a bad one.",3
Avatar,"To say that I found Avatar to be a waste of money, talent and time, would be an understatement. Don't get me wrong, I think they did a fantastic job in creating a believable digital planet, that all the artists and special effects people should be prized and respected for the mind blowing cgi. I just wish they had a better story to work with.

First complaint: there's a massive difference between ScienceFiction and ScienceFantasy. The first is based on possibility, the latter on nothing whatsoever. If you're going to tell some important story based on the future of humanity and what we, as a people, will be one day capable of doing, you should get your science straightened out so as not to make it totally ridiculous. When I see rocks that defy the laws of gravity, the link between us and this as our possible future is destroyed. And don't get me started on the biological inconsistencies. Was anyone else bothered by the fact that the Na'vi were biologically designed to mindrape all other fauna of the land?

Then there's the enviromentalistic and liberal attack against present administrations, which is so blatant and unforgiving that it's almost childish and superficially one-dimensional. People say that this film is a revolution, I strongly disagree. Apart from the great visuals, it's a huge leap backwards in the art of storytelling and character development. One of the major reasons film has evolved over the years, apart from the obvious technical advances, is that today we are free to express whatever ideals we wish without as much censorship as there was in the past. This means that we are no longer obligated to turn our movies into propaganda. We are allowed to be objective. Our bad guys may not always be bad and our good guys may not always act so well. Not only does this movie place you in some not too distant future, give you no political or social background of what's going on, and take away all scientific credibility within the first 20 minutes, but we're also supposed to believe that the situation on Pandora is as simple as good vs evil? Nope, I'm not giving in. I think we, as a public, deserve a little better. I don't like being treated like an imbecile by films and I don't care too much for political propaganda.

Let's forget a second about the political and environmental message that lays on the surface of the story. What else does Avatar have to say? It's about a young man, Jake Sully, who has everything against him. He was injured, and despite the fact that he could recover with the proper treatment, social health care is not a human right yet. So he is stuck in a wheelchair. He's a really easy person to empathize with. When he is given the chance to replace his deceased brother on a mission on Pandora, he will be able to walk again, so to speak, while controlling his avatar. What are the humans doing on Pandora? They want unobtainium, of course. And since this mineral is located in the Na'vi village, they need to evacuate them first. Jake is sent to Pandora to guard the science team while they take samples. But he's curious and stupid, and manages to get stuck on the island alone for the night. The Na'vi save him from a pack of hungry beasts. When the humans find about this, they decide to give Jake a few months to get close to these people and convince them to move away. Sounds like a pretty good plan to me. Jake lives with the tall blue aliens, learns about their culture and beliefs, falls in love, has sex and has a grand old time with his new blue family. But wait! He's had plenty of time to tell them about the plan his people have! Why does he wait till the very last moment to warn the Na'vi about their future attack? There are very few possible reasons for this: He forgot, he thought the humans would maybe just forget about their multi billion dollar plan, or he's really not a reliable person. I'm voting for :Jake is a bad hero. Maybe he's likable and just got too into his role as the blue cat girl's blue boyfriend, but this is not a forgivable act. Jake Sully could have prevented countless Na'vi deaths and the whole human population in the area, but he didn't because he was having too much fun. Am I supposed to feel sorry for him now? So at the last moment he decides that he is going to fight with his new alien friends in their war against humanity. You would think that they could maybe resolve their differences without bloodshed, but I guess the Na'vi are no more peaceful than the humans. Is there ever a time when Genocide is justifiable? Why is the ideal outcome of this film the murder of humanity as a whole? I'm not defending the humans, for their behavior is absolutely reprehensible. But without a back story, I really don't know what to think of this confrontation. What I do know is that if Jake had been more responsible, nobody would have died. Don't you think that maybe there was some other possible solution before starting to kill each other? Jake sure doesn't think so. Not only that, but he is willing to kill every last human being in the vicinity for the sake of his new-found friends. Or maybe he's just doing it for the legs.

Conclusion: This is a film about a sad and lonely invalid who is given a chance to prove his worth by becoming the intermediary in a human/alien conflict, ignores his responsibilities and provokes the death of millions and is rewarded with legs, love and happiness. This is what we call correct and just?",3
Avatar,"Avatar is just okay but not that great with both good and bad points. Why do so many people keep praising this movie so unreservedly? I don't want to watch it again for sure.

The storyline is weak. Not that much really happens and there aren't any surprises. There is a little excitement at the end but it just doesn't have the genuine thrill and likable characters of Terminator or the romance and sweep of Titanic. The environmental / anti war message is noble but too rammed down your throat. The dialog lacked humor or wit.

The characters are unsympathetic. The blue creatures are mostly ugly and mildly annoying especially Zoe Saldana's high pitched squeals and strange movements. You don't really feel for any of the humans either.

The much lauded effects are beautiful at first but after about 20 minutes its just the same thing and the same colors over and over again. Quite monotonous. I watched the 3d version and I had a headache for hours after. Its actually quite hard to see whats going on with the blurry backgrounds. Make sure you see it in a bigger 3d screen because I saw it in a smallish one and that could have made things worse.

Casting is alright though Sam Worthington is a bit stony. Sigourney is a welcome presence.

In the end it not an Oscar or golden globe worthy movie. Just a nomination will do. Just because Cameron takes a long time over a movie doesn't make it a great one. Of course it is still worth seeing. Just don't expect that much.",3
Avatar,"I give this 3 stars because I loved looking at this movie. There were moments during the movie where my jaw dropped and I couldn't believe what I was looking at. This movie was an absolute visual stunner.

Otherwise, I was offended by how low brow the ""plot"" and dialogue was. UNOBTANIUM? Really? That's the best James Cameron could come up with? And I merely scratch the lameness surface with that little ""plot"" point. Every other line in the movie made me cringe. I couldn't help but think if a capable writer had contributed to this film it could have been an all time classic. Instead it will be remembered as the movie that could have been.",3
Avatar,"I went to see this with no expectations, I hadn't read anything about it and although I hadn't heard much word of mouth, what little I did hear was positive.

The 3D effect was impressive, but it wasn't THAT impressive. In another type of movie(something like Gladiator springs to mind), it might have been mind blowing - but to me, the 3D trickery was effectively neutered by utilizing it on Pandora, a brash children's colouring book of a world.

As for the story and the characters; Hackneyed Lead Scientist using the evil Corporation to try do some good Hackneyed Corporate Executive with no morals or compunctions, complete with military Goon who wants to ride on a helicopter and listen to Ride of The Valkyries while strafing some Charlie. Hackneyed Marine who learns his true self and ultimately redeems himself. And oh look, angry primitive native tribe who are angry and distrustful except for one lone female, the chiefs daughter, who becomes the hackneyed marines love interest.

It would take an amazing writer to make something from these stereotypes of characters, but sadly, Avatar didn't have an amazing writer. The plot was trivial and downright cringeworthy at parts, no surprises anywhere in it, nothing particularly noteworthy or exciting. This was a 152minute long movie that South Park adequately summed up in a 30 seconds sequence.

Go to see it though. It's relatively enjoyable, and it's worth seeing for the 3D just once.",3
Avatar,"Well, I saw Avatar when it first came out in late 2009. At the time I was blown away by the special effects -- the inside of the space ship, the environment on the beleaguered planet etc. I did like Sam Worthington as the protagonist, but he didn't have enough to do. The story always left me dissatisfied. It seemed so simplistic and silly -- bad guy military type trying to ""conquer"" the noble savages on some planet. Noble savages with too many resemblances to old-timey American Indians. How overdone and how unimaginative. In fact, this was in a lot of ways so much like James Cameron's other ""epic"" film, Titanic, which had one of the stupidest plots of the last 50 years. Leonardo di Caprio and Kate Winslet, 1990's ""teens"" disguised as 1912 look-alikes who slogged through freezing water for about 100 hours (and then he dies). Arrggh. Avatar was too much like this and and in the end, I just hated this movie. I even read how the people who made this movie were sitting around struggling to cobble together the plot. It shows in how lame it turned out to be.",3
Avatar,"I went in with zero expectations, also to let you know where I am coming from I saw this just today (2019) on BluRay, so not exactly what I'm sure is the intended ""big screen"" way to see this, and not ideal sound either.

That said, from word of mouth and reviews I knew that the visuals and stunning CGI were the main selling point of this movie but technology moves so fast that I think my expectations were too high on this point and the effects here have already been surpassed. I've seen better recently, including in the Star Wars movies (for better or worse), so the effects in Avatar I found good (particularly the more background stuff, like the ""world"" the characters walked through), but not STUNNING. This is mostly true of the characters which I didn't think looked awesome at all.

As for the acting, I have no problems with it. Worthington wasn't awesome but certainly was good. I like Weaver in whatever work she does. The supporting cast were all good. And Stephen Lang stole every scene he was in. It's great to see actually because I see him pop up now and then but until now I've never seen him in a really big, successful blockbuster. He may seem like an overnight success to many but he's been around forever (as a kid I remember him doing a great job in a show called Crime Story along with a similarly gifted and surprisingly versatile actor named Ted Levine) doing all kinds of roles and always doing a good job with it.

So visuals were passable (obviously they were stunning at the time and are still impressive a decade later which is good). And the acting was good. Which brings us to the real failing here, the story.

As other reviewers have said this story is very, very unoriginal. Seen-it-before plot points and tropes are piled on top of each other and nothing comes as a surprise. It's slapdash thrown together pieces of Ferngully, etc, etc... natives and nature vs. progress and development. ""Oh my gosh we are the bad guys!""

And it is ponderously overlong given the basic story, and how predictable it all is. I don't think this story surprised us once even in 3 hours (oh also the version I watched was the extended collector's edition - maybe that is not as good as the theatrical?)...

Actually it is a testament to the quality of the visuals, the cinematography, the actors (working in CGI world), and James Cameron's direction that this overlong heard-it-all-before story never actually gets unbearably boring. It wasn't good but was never boring.

I would give the sequels a chance, and will definitely be seeing the next one in the theater. Still the story will need to be much more original, much better, and frankly to be considered an all time great I think a movie should have more staying power than just a few years. It already feels old to me, and it isn't sticking with me (I'm not thinking about it at all really) the way I feel ""good movies"" do.

Just my two cents.",3
Avatar,I really disliked this film. The plot is terrible and seems like a weird mix of pocahontas and the smurfs. This film is supposed to be a technological achievement of CGI. I believe the people who thinks that are unaware of what was done in videogaming at the same time. The only thing Cameron did put these technology to film with a budget 10 times as big as a video game company would have needed to do the same thing.,3
Avatar,All the characters are so basic and boring. The movie looks nice but that's all it has going for it.,3
Avatar,"Avatar has:

A derivative story that's been told better a million times before (shocking, given that the films/stories it rips off - like Pocahontas and Gone With The Wind - weren't good to begin with)
A script with stale dialogue that's worse than most fan fiction and uses stereotypes in lieu of character development
A juvenile plotline that's bereft of originality and feels like it was written in the 1950s
Possibly the least likeable protagonist in a decade


Avatar targeted dim-witted popcorn-eaters and scored big with that disturbing large demographic. After being forced - for nearly 3 hours - to watch an idiot bumble his way through a video game environment that should have killed him in a matter of minutes, anyone with a better than room temperature IQ will find themselves frustrated beyond belief. This is especially true for people who have an elementary understanding of writing or filmmaking.

James Cameron targeted the bottom of the bell curve and hit his mark with the finesse, subtlety, and intellectual verve of a Michael Bay film. If you thought 300 was a masterpiece, Avatar is for you. Everyone else should steer clear.",3
Avatar,"I saw Avatar in 3-D years ago. Now in preparation for watching the new Avatar: The Way of Water I re-watched the original Avatar..There are so many plot holes and inconsistencies that I can't rate it higher than 3/10. Most characters are one-dimensional, and the action sequences are unbelievable. The environmental theme is muddled. The Grace character smokes cigarettes. Does this even make sense hundreds of years in the future? Humans are warned that without masks they will die on Pandora. But when it is convenient, humans can live and fight without masks. And what is the purpose of a mask that only covers your face, but not your ears?",3
Avatar,"I think one of the most disappointing pieces of news I've ever heard in my life was that James Cameron was just going to make 'Avatar' sequels from here on out. He's unbelievably talented as we know from everything he did before 'Avatar'. This film though was a massive let down.

I feel like all that he cared about in making this film was the visual effects. He just wanted to blow people away with what he could show them, and decided just any old plot would do. It's about as cookie-cutter as scripts ever get, just checking each tick mark along the way.

The film is long and it feels long. Nothing of interest happens for lengthy periods and even when something of interest does happen you don't care because there are no characters to give a hoot about.

This film was not for me in case you can't tell. It represents everything I hate in cinema. Safe, unoriginal, by the book nonsense. A generous 3/10.",3
Avatar,"OK I just saw this movie yesterday in 3d cinema. I had to comment it, cause every ticket was pre-sold and everyone seemed to really enjoyed this film. I never saw any movie in 3d before, so naturally in first hour or so I was blown away by the effects and colors of the film. They are just amazing, even more with those awesome 3d effects. Also the story in the first hour was quite good and quite original (well not completely i must say). But after that is just cliché after cliché after cliché. i mean come on? !? How many times we saw a outcast good guy becoming a leader of a group, and a girl who finds him khm lets say less attractive, and then off course falls in love with him, and movie does not miss all those good guy-bad guy (off course portrayed black and white; good guy is just all good, and bad guy has only bad qualities). I became so bored trough the film that i thought that i will fall a sleep. It's very obvious that Cameron did not want to experiment with anything, he made this movie for money, so nothing new did he want to show us, just so that he doesn't lose any audience. He made a film trough formula for massive gain.

The story without those clichés and non existing character development has a great potential, however it was totally unused due to all the money they invested in this, so they were sure they will not lose any.

Well all being said i enjoyed those 2 and a half hours, in the middle i was bored like i said, but then i just stopped thinking to much and just enjoyed the visuals. All those wannabe heart warming clichés didn't touch me a little bit. And trust me I am a guy who easily cries with movies :).

I believe however, if i had 15 or mostly 16 years I would very much enjoy this title. I give it 6 out of ten for the thrilling effects.",3
Avatar,"Watched this movie under protest when I was feeling unwell with flu and have to say it really helped me sleep.

Long movie, I will stress it is a long movie and not very exciting and hard to stay interested throughout. I watched it in 2009 and still have not had the urge to watch again 13 years later.

I am sure that the 3D craze at the time of release was the only reason why this was popular, but 3D movies just hurt my eyes.

The 3D craze has practically died off now, so the sequel will show how popular this franchise is and I will put money on that it sinks and has poor ratings.

On a positive, I felt much better after resting and watching the movie.",3
Avatar,"I just watched the movie about 30 Min's ago. First of all everybody must know! This screenplay is stolen from Frank HERBERT's ""PANDORA trilogy"" and there are small parts stolen from Ursula K. LEguin's ""The Word for World is Forest"" the whole movie is a bad copy of that PANDORA trilogy.. And Colonel character is stolen from ""The Word for World is Forest""... Even the name of the movie ""Avatar"" is coming from ""Avata""...

And I made a re-search about these issues, I found nothing. They were not mentioned!

Anyway the movie is a mess, put aside 3d mambo-jambo there is nothing left. Whole plot is ""stolen"" and builded one big mess... How can he succeed that much cliché with these wonderful books. I am really surprised, I got angry... 4 point is for the work has been done, Thats all..",3
Avatar,"So predictable yet so beautiful. Avatar does not belong in the top 250 list at all. Not even in the top 2.500 if you ask me. It's unoriginal, transparent and every character is a cliché of itself. I will not give any spoilers, thou the very idea of ""spoiling"" anything, is a joke. You will accurately predict the full storyline of the movie, within the first 15 minutes. There are no twists or turns in the story, and you can easily recognize the bad guy, by the scars in his face. Having said that, I enjoyed this movie, in its full 2h, 45 min length, and yes they seemed to pass fairly quickly.

Before I get to the good parts about this film, I will just finish of the negatives. I watched this in Denmark (where I live) and we don't have any IMAX theaters. So that sucks, however I cannot blame the film for that. The 3D glasses we got, was really bad, and perhaps made for children? I could CLEARLY see the frame of the spectacles, and it ruined the 3D effect some. The other thing that ruined the 3D was the subtitles. All the debts in the picture are put in to a really shitty perspective from the yellow subtitles, which is impossible to ignore. Yes the subtitles are in 3D as well, but it's hard to get lost the picture, as I can easily imagine doing, if there were no subtitles, and I had a pair of decent 3D glasses.

Having said all the above, this film deserves a big thumb up, for its STUNNING visuals. The CGI is beyond anything I have ever seen, and the 3D knocks it up another notch. The world James Cameron created is realistic, imaginative and attractive. I would describe it as the most exotic place imaginable, without any spiders, scorpions, snakes or bugs. All the animals are big and colorful, and always just 1 inch short of eating our hero. The native people are a parody on Native Americans, and there some scenes with chanting and summoning spirits, I could have done without. However they are fairly short and surrounded by impressive CGI to grab your attention.

Other films (like Transformers) have no or bad content, and totally depend on CGI to have any entertainment value. However, this is a class beyond that. Despite the cliché characters and the predictable plot, I would not compare this to other films like that. Not just because the CGI is better, but because the story is not insanely ridicules, or completely missing. (like in the Transformers movies).

Go watch this film (don't rent it), and go for IMAX if you can. Watch it in 3D and try to get some decent 3D specs. Avoid subtitles. Try to get seeded in the center of the cinema, slightly closer to the screen, than to the back wall. (In a cinema with 20 rows of seats, go for row 7 near the middle, where row 1 in is near the screen and row 20 is near the back). Where you sit, makes a world of difference when it comes to the 3D effect. If you get all that right, you will enjoy this movie, no matter what kind of movies you like. (I did not like this movie one bit, but I did enjoy it).

7 out of 10 for decent acting, amazing CGI, impressive world and great action.",3
Avatar,"it was very boring for my teats'. the only reason i went to it is because my sister dragged me there. i though it was very boring in the sense that they looked like grown up smurfs on another planet. it was long and the scrip was very boring, rather see star wars a billion time. Very boring not timeless one of those movies that was very over rated. The only reason it broke the records is because of the ticket prices the were 18!!!! Dollars were I went, that god I didn't pay for it. A very over rated movie that sucked very bad. I also though the plot was the only thing that was good, i thought that it was going to be good from the people that watched it and told me about it. i thought that the graphic were OK yet to smurfy type. the characters were uglier than hell i bet i could have drawn better that them. stupid in the since that the weapons were in that time period. they should have been more futuristic.",3
Avatar,"The rendering, of the arrival, base and mining operation is stupendous. Well conceived and executed. However, we are already in a world of cliché. The whole kaboodle is not a stones-throw from Starship Troopers thought bigger and better. And the entire Viet-Nam analogy is utterly so obvious that only the pace gets one beyond it.

After the clichés of briefing by a card-board stereotype of a movie colonel we are introduced to the technological conceit at the heart of the plot. There's a basic problem of logic with it. How is it that if some kind of spinning hardware like an MRI scanner is necessary at the ""driver"" end of each exchange of consciousness no such thing is required at the ""Avatar"" end? I mean, to send a radio message, or any other kind of exchange requiring a piece of hardware at the ""sending"" end its usually necessary to have a receiver at the other end?

Well there's really no answer to that, we just have to overlook it.To anyone watching this for the first time I recommend you just skip the middle hour and a half entirely.

Its worth seeing the end of the movie just to witness the shameless lie-merchandising mode into which Cameron et-als puerile mind-set defaults when their mask finally slips. As I say, nobody should be surprised, but what is surprising is that these ""sky-people"" from Planet Hollywood think they can colonise our minds with their air-headed ignorance. First up the Eco-lie stated quite clearly by the guy who describes Earth as a dead planet on which there is no foliage. Well, however far in the future its set, on present trends that's just simply a lie. Earth is experiencing, partly due to rising CO2 levels, an extraordinary greening. Desertification which had been threatening much of the world for decades is now very palpably reversing. The eco preach is not simply a cliché, it's a cliché stated in contradiction of simple facts. it's a lie.

The second lie is the stereotyped Imperialist Horror!. Yes there was and in some places still is an Imperialist Horror. Apocalypse Now (""The Horror"") was based on Heart of Darkness and that story was based on fact. BUT, and that's a big but, whilst Imperialists have desecrated the sites and communities of cultures they have oppressed, for example the destruction of the Buddhas of Bamelan, or burning down of churches that has become an epidemic in much of the Conflicted World, the scale of destruction envisaged here is quit literally exorbitant. You do have to watch it, I'm afraid, to grasp that the Humans in this movie wreak a destruction on the indigenous people that is, one hundred or on thousand times as grievous as anything that ever happened in Western Imperialist history. To find anything similar we would need to look at the actions of the Inca Empire or, indeed, the Third Reich. What Belgium did in the Congo chills the heart, but it pales into insignificance compared to the destruction of the arboreal heart of the Navi. This isn't about numbers killed (millions on Earth compared to hundreds in the movie) but the profundity of the assault. Again, unfortunately, you have to sit through this movie to appreciate the way the analogy with Western Imperialism has been blown out of any Earthly comparison.

Finally we come to why I think the movie is ultimately disgusting. It comes when the renegade pilot says that she had hoped that there would b a tactical plan that did not involve ""martyrdom"".

Now who talks of ""martyrdom"" as a tactic? And how many times have ""martyrdom missions"" been conducted? Where and against whom? In the decade after 2001 there were in excess of 20,000 such ""martyrdom"" missions and the overwhelming body of victims were civilians, non-combatant men, women, children, across the Middle East, Africa, South East Asia, South-West Asia, China, Eastern Europe and yes, western Europe and the USA. However, the overwhelming abundance of targets were not even arguably Western Imperialists as Cameron et al undoubtedly want us to think, they were not even ""Westerners"", but people of many cultures who happened to be of the wrong tribe, sect, religion, in conflicts that for the most part date back long before the USA even existed. This movie, by cueing us with the word ""martyrdom"" in that specific context, attempts to justify such acts, romanticising them as the self-sacrificing actions of underdogs against oppressors. Sometimes they have been. Overwhelmingly they are not. Cameron must really have good yoga skills to insert his head where it must be for him not to have noticed this.

We must not forget the sheer arrogance of Cameron et al in ripping off without credit the source artists for this ""vision"", particularly the Russian Noon Universe novels of the Strugatsky brothers (about the Nave people of arboreal planet Pandorakind of similar eh) and Ursula Leguins ""The Word for World is Forest"". Most blatantly of all, the floating mountains from the work of Roger Deana favourite of my teen yearsalthough here they tend ultimately to remind one more of the Flash Gordon movie. The scene with thousands of Navi riding winged creatures to battle almost absurdly reminiscent of Brian Blessed and his winged sky-warriors in that earlier (vastly superior) movie.

Cameron et al attempt to beguile us, weave a web of fairy-tale fancies and pass off upon us two howling lies and an ethical equivocation that is utterly disgusting. The bottom line is the irony that the shallow, morally simplistic dufus character at the heart of the movie pretty neatly sums up the kind of air-heads these Hollyood sky People themselves are. No doubt this commentary will antagonise many who read it: people who cannot process long sentences with multiple sub-clauses and people with the same superficial mind-set as Cameron and his mates.",3
Avatar,Race traitor Jake Sully betrys humanity for what. Oh for nothing. Biring overrated cgi .i think now people realize this movie is so overrated hoolywood tripe.,3
Avatar,"This movie has one major flaw in my opinion - no back story - it assumes that the audience is already familiar with the history of the plot - it just starts off with humans on the planet pandora (obviously weve been there for years) according to the very brief narration and that weve been trying to work things out with the creatures known as the N'avi. Now ,i know nothing about anything going into this movie . so i have no idea who anyone is ,who the navi are or why we are on pandora - its like jumping into the middle of a book that you have never read. I for one don't like movies that have no backstory and just make things up along the way. We find out that avatars are some type of hybrid alien/human bodies that humans can transfer their consciousness into and inhabit, OK now im really lost ? there is never any story behind it all. such as what happened to earth , when did we discover pandora and why are we there to begin with , its all just assumed that we the audience are ignorant. eventually we find out that the greedy humans along with a military wack job want to plunder pandora for a material that is worth millions. so we have the hero become an avatar and ends up falling in love with a native catlike girl alien and then it becomes a clichéd battle with unbelievable bad dialog and too much visual effects that are designed to make you forget that the movie is another 2 hours long..

Like I said in the title of my review. Nice visual effects but otherwise -a confusing disjointed borefest. 3/10.",3
Avatar,"I went into Avatar with low expectations, and even those weren't met. Once you get used to the pretty cool 3D and the (still kind of cartoony looking)CGI, you are left with an overlong, uninspired movie that we've all seen countless times before.

The Script was bad even by James Cameron standards. Some of the dialog had me literally rolling my eyes. The politically correct talking points were pounded through the whole movie by a sledgehammer.

Here's what I took away:

White men are evil. America is evil. Corporations are evil. The military is evil. Native people are good, wise, and in tune with nature. It's wrong to displace people for something underneath them. Cutting down a tree will be someone's 9/11. Humans are destroying earth. War is wrong (except apparently when evil Americans are getting beaten). All that, plus a headache from the glasses.

After watching Avatar, I saw Up on Blu-Ray. It was touching, entertaining, and had an environmentally friendly message delivered with subtlety. Imagine that!",3
Avatar,"OK, a lot of my friends said this was a great movie, however I think they and many others are wrong. The big disappoints of the movie were the demonetization of the U.S. military. Why are they, the military becoming the bad guys in so many movies. I just don't like movies that do that. When will the military of our great United States be characterized as what they truly are...heroes. Secondly, as a Christian I objected to the pagan rituals of the movie. The plot was unbelievable and the motives behind the actions of the characters did not carry weight. I believe the rave from everyone is only concerning the graphics and nothing else.",3
Avatar,"Cameron's special effect driven epic paints a pretty picture that falls short in every other category.

Welcome to the world of Pandora, a well crafted, lush environment that is dramatically presented, the 3-d only enhancing the experience.  The detail of the natural landscape is simply amazing,  But a bad story and poor clichés disrupt these eye-popping effects, creating an emotionless story where every stereo-typical flat character for these type of epics makes an appearance.

Our re-hashing of Pocohantas, begins by establishing that 99% of humans are evil and greedy (Im looking at you Corporate and Military guys) and that the indigenous Blue Cats are the good guys – un-willing to share an abundance of natural resources because they were here first! We are at the point both sides have drawn lines. Life on Middle Earth...I mean Pandora will be forever be changed because the evil humans are using the awesome Avatar technology to build bridges of peace (its never really explained why they just don't go in the masks) but the natives will believe our remote controlled puppets instead OK, I can accept that.

Avatar revisits the over done Technology vs Nature themes, sticks in a 911 reference for good measure, takes a run at the Advanced vs Primitive argument and teaches us a lesson in morality (not a good one, mind you). We are to embrace this anti-hero. the one directly responsible for escalating tensions because it takes him 3 months to bring up the touchy subject while using his puppet to enjoy Pandora's tourist spots, court the hot princess and make a little human currency on the side – its a paid gig! A hero who causes both humans and Blue Cat People to be mass murdered because he likes his new form better than his old one.  Way to go, double-genocide!  

   But the natives are wise (we are reminded repeatedly) , they are one with nature!  Military humans are merciless and need to blow things up!  Both sides are ruthless, peaceful settlement cannot be reached. Its impossible! Thus let the slaughtering begin.  I was not sympathetic with neither,  none sought compromise,  no olive branches.  Only arrows and bullets.  But the Cat people are better then humans, they  will forgive you if you can wrangle a bigger dragon In the end, the humans are banished, forever cutting off a natural resource that is established to be crucial to human existence. Nice going! Our hero dooms us all to extinction, except allow a few humans to remain to serve his own greedy purposes.",3
Avatar,"why do people enjoy the movie that much?? Went to see it some days ago (yes, on a 3D Cinema. wo-hoo!! Big deal had more fun with 3D movies on Universal Studios, and it was 1995) Avatar is a mix-up between The Smurfs and Pocahontas. 40 minutes of spectaular visual effects, another 30 minutes of ""just good"" effects. And the rest, nothing. Just a boring, predictable plot. I give this movie 4 stars out of 10 because granted the effects are amazing, but I don't go to watch a movie just for the special effects. No matter how good they are (and they ARE), is still a bad movie if it doesn't have a good plot to back it up. Not a ""terrible"" movie, but highly overrated.",4
Avatar,"Just saw Avatar and overall, I liked it. There were some logic errors and plot holes, but they weren't too bad. The main plot was far from original and somewhat depressing; Good Natives get forced to relocate by Bad White Men. The subplot about the connection the natives had with nature and their animals was very interesting.

Pros: 1) CGI - Absolutely beautiful and imaginative. 2) Technology - Very cool and imaginative. 3) Sub Plot - Nature is Cool, lets not destroy it. 4) Acting - Sigourney Weaver (Good) / Stephen Lang (Very Good). 5) Action sequences quite good. Not too ADD. 6) Relationships and Chemistry were well developed. 7) Excellent Creature and Character designs. 8) Inspires the imagination and a desire to explore. 9) Good running time. 10) ""Good Guys"" win.

Cons: 1) CGI - Way over animated and too Walt Disney. 2) Technology - Borrowed from movies like Aliens and NOT advanced enough. 3) Main Plot - Dances with Wolves meet the Smurfs, only more depressing. 4) Acting - Sam Worthington (Wooden) / Zoe Saldana (Over Acted). 5) Unobtainium - Wanted a better explanation of it's value, that would better justify a war with an alien race. Also, dumbest name ever for a rare mineral, even if James Cameron was making a joke. 6) Individual Character development was limited. 7) Smoking in a future Science Lab. 8) Questionable military ground tactics. 9) Feelings of hopelessness for the Human Race. 10) Humans are the ""Bad Guys"".",4
Avatar,"1.Good beginning,not really unique. It was to easy to predict what was going to happen. But Sigourney was the best from the start. 2.O.K. animation but Forrest still wins.I really like Zoe from the Terminal and stuff,but the voice sounded cheesy. Lang always plays a weirdo or a stick person and gets defeated at the end when playing a bad guy. Training goes so fast when flirting like a moron.3.A stranger who comes to a far away place ,and helps these things and becomes the king or whatever has already been taken CAMERON. 4. If you have a dollar for REDBOX and ever thing else is taken get it. You can see why Sarah Palin hated it.",4
Avatar,"James Cameron has prove on thing for me: he is not a film maker, he is an engineer, a technician. Why? Because there is no film to make.

He is a guy that hires artists from everywhere in the planet and, smartly, takes advantage of it. He can afford it. He can make up any world in his mind and then tell everyone that is he new ""project of my life"" - he said exactly the same thing with Titanic.

He hires not only the best visual artists but the VFX people to put his idea on screen. Genius. Who need a good script when you have so much to worry about? Me. I need a good script because I grew up watching films like Vertigo, Jaws, Star Wars, Aliens (!!), Inception, etc. Films that are visually ""outstading"" just for one reason: tell a story. But where is it in Avatar? They forgot, they were too busy.

Want one more argument: who need to make more propaganda about ""how"" the movie was made than ""what"" this movie is about? Answer: James Cameron.",4
Avatar,"Like the title says this movie is kinda a one time thing. Don't get me wrong it's a good movie and all, it's just not the sort of movie I would watch again and again.

Because it is so long I found myself getting a bit bored towards the end and it wouldn't be something I would recommend.

The graphics and CGI are amazing in this movie and is the sort of thing to watch if your into mystical lands and alien things. It was very detailed and mesmerising, the way they created the movie was extremely good.

But overall this isn't the best movie but it does have a lot of good quality's and is a unique film.

Fans of this film might want to know that Disney land is making a sort of ride/theme park sort of thing called Avatar land I believe.",4
Avatar,"I've tried watching this film three times before and it has never held my attention until the end. After finally watching it, I have three things to say:

1. Spectacular scenery. The special effects are amazing, the camera work deserves an A+ however, that's the only thing I liked about the film.

2. I could predict the outcome of every single scene in the film, the ending was obvious after the first hour and as I expected, character development is close to zero.

3. I counted the clichés in Avatar. A total of 30. Thirty clichés in 2 and a half hours - that's one hell of a record.",4
Avatar,"This film is beautifully shot, with some of the best CGI effects(which can be done very badly). however, this film does use almost every cliché in the book, culminating in some very annoying, unlikeable characters, and a very cheesy villain who does not fit in with the film. quite frankly, this movie takes itself far to seriously for anyone to gain any enjoyment out of a 3 hour runtime. the plot is derivative to say the least, and I predicted the ending literally the first time I saw the Na'vi, who are basically offensive native American stereotypes. however, there is still some fun to be had with the amazing cinematography and decent action. this is by no means the worst movie ever made, but the clichés and 3hr runtime are very hard to stomach",4
Avatar,"I actually really like this movie, but what do i mean by the word like? Is it visuals, or something else? Sometimes of course you want to escape from the reality and this is really good for that. But maybe it's not a good idea to look for the ways to escape from the reality? May be when i think that i like this movie i might be fooling myself? Indeed there is no direct answer to this question, and the answer to this question is a complex function, which might depend on, for example, to whom do i speak to, or when do i do it and so on.

So my point is that this is stupid to escape from your society and in fact to trait your race to become a cave man?? The movie does not show the inner world of the main character and the reasons why does he make a certain decisions. We just, as an audience doesn't provided with that information.

All of the things in this movie are incredible, very deep and make a lot of sense, in fact, the most sense for a sci fi movie, than any other, But except of course for the very very general one.

So may this be a some kind of the balance to not make a movie just too perfect??",4
Avatar,"I actually liked it at first. The CGI effects and graphics were beautiful In my opinion. After watching it for the second time I started to find it ""cliche"". The storyline was bad. But I also don't agree with people who rate it 1. Because this film is clearly not a movie which should be rated 1. Also, this is a ""must watch"" film in my opinion because of the major changes in graphics and acting in that time that the movie was published in.",4
Avatar,Is was an interesting movie. My kids enjoied. They like it,4
Avatar,"It looks pretty, just suffers from poor pacing, style over substance, average acting, lack of emotive characters. Looks pretty though.",4
Avatar,"I loved the movie, in particular the setting and the theme. I then saw Dark crystals. The plot is entirely same and I was disappointed avatar borrowed almost everything.",4
Avatar,Really bad movie. Too much PG-13 nudity. And made way too much money.,4
Avatar,"The special effects in this movie are good, and this film is sort of enjoyable. Generally it is enjoyable but not so much. The storyline of it is okay but it is often boring at certain points and it has a storyline which is too hard to follow. This film is a bit too long considering that it isn't all enjoyable anyway. I don't hate this movie but it seemed like it might be as good as Titanic, which I have given 9 out of 10 and was made by the same director as Titanic. But it isn't as good as Titanic though. Also this film is slightly unnerving to watch because of the way in which it is weird. I am giving this film 4 out of 10.",4
Avatar,"""Avatar"" (2009), wow, it's about time a different movie overthrew this one as the highest grossing film in cinematic history. How does this boring ""film"" deserve such an honor? All right, to be fair, James Cameron is a very talented film maker in the industry. He has written and directed much better movies than this one. But, this ""movie"" is a very close second just below ""Titanic"" (1997) as his worst film, in my opinion. ""Avatar"" has a lackluster and dull storyline, standard to mediocre acting, and a mostly boring soundtrack. The plot line behind this ""film"" is a very unique and creative one. When I watched the trailers, I thought: ""now this looks interesting, it looks like it's going to be great!"" Plus, I got really excited when I first saw that James Cameron wrote and directed it. Then, I saw the ""movie"" and, well..... I was overall just disappointed with it! I just thought to myself: ""what in the world happened, James Cameron? You had a great storyline idea, how could you possibly screw it up?!"" That's one of the top ten things I hate when it comes to movies and TV shows; wasted potential. Don't get me wrong, there are in fact some redeeming parts of the story. Particularly the scenes on the habitable moon of Pandora. Those scenes were very well-done and most of the action scenes were actually pretty good. Other than that, the story is very boring, cliched and it just drags on way too long. At 162 minutes, it is quite a lengthy ""film"". A movie like this one should warrant a running time in the range of 100-130 minutes. After 130 minutes, it just starts to drag on a little bit. Maybe if it was 30 minutes shorter it would have had more of an impact. Film Making 101: if you're planning on making a long movie, then you better know what you're doing. You want your audience to be invested all the way through from beginning to end. Sometimes, less is more! I don't mind a long movie well executed, but most of the time, long films are just too dull for me. As for the acting, it's overall just terrible from the whole cast. The only ones that seem to be trying are: Sam Worthington, Zoe Saldana, Stephen Lang and Michelle Rodriguez. Those four actors and actresses give the strongest performances of the whole cast. All of the other actors and actresses are just a joke. Which is a shame, they've acted well in other movies and shows! What's their excuse here? The soundtrack, composed by James Horner, does have a few decent moments. But overall, it's just a cliched and predictable soundtrack. That's pretty bad, because James Horner has written so much better film scores. Now for the positives, yes, there are indeed a couple positives for this ""movie"", the sets/locations and the special effects. All of the sets/locations are nice and give the ""film"" a great atmosphere. I especially love the sets on the fictional moon of Pandora, they are absolutely beautiful! Finally, the special effects are stellar, especially the motion capture of the characters on Pandora. That was very well done! At the end of the day, ""Avatar"" is just a disappointing cinematic failure. But, it isn't James Cameron's worst film though. I give it 2 out of 5 stars on my personal scale, which equates to 4 out of 10 IMDB stars. Unless you're only interested in sets/locations and special effects, I recommend staying away from this ""movie"". You'll just be ripped off!",4
Avatar,"It sounds harsh to give 4/10 to a movie that was the best and most impressive visual work of its time. I had never seen anything as astonishing at the time and this movie was a CGI landmark way ahead of its time. Why Cameron choose a flat lazy story arch with zero character building and no stakes to deliver it I will never know. The visuals were amazing, everything else was mediocre or worse. You can have a good story and characters in visually stunning films. Nolan did so in Interstellar f.x.",4
Avatar,"The film is a technical marvel, best special effects @ the time of release. It is the quintessential theater experience. Avatar as a film ultimately tries and fails on repeat viewing. It can not meet the same entertainment value on home release that's the true failure. The film is lazily written; full of tired tropes and cliche moments. A film that while a wonderful theatrical experience can't be duplicated otherwise. All Avatars entertainment value is truly diminished it can not be stressed enough in other media it tries. See this film in its original intended 3D it's very much a Disney theme park spectacle long before the pandora attractions were released. It's utterly forgettable and practically unwatchable though if not seen how the filmmaker intended it to be. A true popcorn theater experience!",4
Avatar,"Usual white saviour tropes. Story line is a cross between pocahontas and ferngully the last rainforest.

It's financial success is built purely on social hype and visual effects.

White male has to save native people and does everything better than native people even though rhe natives have been living their forever.

He's so superior, the female natives fall for him.

It's so cringe worthy it's painful to watch.

The only good thing about the movie is the visual effects.

But i don't this series will last the test of time.

A film purely built on visual effects and nothing else, becomes worthless as visual effects improve. This movie is nothing more than overhyped social marketing trick.",4
Avatar,"Pros: 1. effects are very nice, groundbreaking stuff. 2. think of 3D as multiplying the above point by 100. 3. setting seems very real, maybe more so than the reality we live in.

Cons: 1. how many times have you seen this plot being made into a movie? 2. stereotypes are everywhere. 3. ditto with clichés. 4. ending was too predictable. 5. script could have been tossed together by anyone that has watched a few movies. 6. pure entertainment & eye candy, no brain required.

if you still don't get what i'm getting at, think of it this way:

think of a poker movie. poor dude with little or no experience playing live. casino 'war' happens. he trains. a tournament pops up with the antagonist playing in it. they both get to final table. last hand. he is behind in chips, but ends up winning anyways.

bottom line: you owe it to yourself to watch it in imax or blu-ray. here's an idea, watch district 9 right after this.",4
Avatar,"I find myself agreeing with iamthegreenfairy (earlier review)about some aspects of the film, even more so. Certainly wouldn't pay money to see this one (didn't seen Titanic until it came on TV, and still didn't watch it all). However, a friend had the DVD and we watched it.

Some intro aspects were good (as a disabled Vet, I could identify with the beginning scene and VA hospital flash-backs), but there was a lack of completeness - especially for $500M (you have to be kidding?).

I could not bring myself to watch even clips of the movie after it was over. It simply wasn't worth it. So I'm ""hardcore"" and don't see the 3D version, fine.

I like many kinds of films and have a library of over 500 DVD's, but this one I would not buy. It simply didn't captivate me. The last Star Trek movie was wonderful, although wrong in many aspects (I know, new time-line), but still I watched the whole film at least 5-6 times and have the DVD.

Maybe this is one for the masses and I lead a sheltered life, but more than 5 stars it simply isn't worth.

Star Wars (1977) was outstanding and I remember seeing it for the first time (I have this DVD too). Yet the only comparison is outer space, aside from that there's nothing.

Ciao,",4
Avatar,"First of all I really wanted to dislike this movie, when i sat down to watch it. I thought it will be only about the effects, because all i heard in these weeks, was: ""OMG Avatar is so mind-blowing, all those effects wow, it was awesome."" I thought this will be a dandy little eye-candy nothing more. And i was wrong, i give it that much. It managed to entertain me, and made me realize it has soul and brain too. But it also made me realize that Mr Cameron wants to be an UFO, more exactly a Navi too. Because he neglected everything human in this movie. All the scenes with REAL, flesh and bone actors were rushed, you could almost hear ""get over with this quickly, so we can add another CGI bush or somethin to the next scene"", and almost see how unconfortable he probably was when it came to REAL things... All the shiny effects... It sure was mind-blowing. It sure was fun. Once. But if this is the future of movie-making, i am not interested, i am still a HUMAN not a Navi or alien or anything, i would like to see REAL things in a movie. At least once in a hour..... But i really liked how slowlike and smooth the movie went. It took its time to discover the fauna and flora of the planet, even a National Geographic or Discovery Chanel movie couldn't do that better. But the conflict was too simple. I mean all the navis, even the one who looked aggressive at first, turned out to be nice, and all the leaders of the humans (corporate-guy, marine chief-guy, etc) seemed completely heartless. Well all things said and done, this is a good movie, but i still prefer human emotions, actors, real, flesh and bone things over aliens any day. And i am an avid sci-fi fan....Nuff said.",4
Avatar,"Does no-one realise this movie is just Fern Gully reincarnated? I mean, Fern Gully - A human who was sent to destroy the fairies' homes transforms to their size, meets the fairies and learns that the forest should not be destroyed. The fairies then find out about how he was meant to destroy the forest, they are mad until he redeems himself by saving them all.

Sound familiar?

Now let me introduce you to Avatar.

A man, who is part of the human race trying to take down the natives' mother tree, is ""transformed"" (has an avatar) into one of them. He falls in love with one of them. He then realises that they shouldn't cut down the mother tree, because he learns about their culture etc. The natives find out he was one of the people trying to destroy their mother tree and get angry, but he redeems himself by saving them.

The only thing different between these two movies is Avatar has more explosions and no humorous bats voiced by Robin Williams.",4
Avatar,"There's a lot of clumsy plot details, and it's hard to get over how stupid some of these people look. If it was one hour shorter, it would get a 5 from me, I don't get why people like this film so much, this one was just meh, it was beautiful to look at but the story was pretty ill-conceived, and I don't think they accomplished what they were trying to do. And it was super bloated, it could shave off an easy 60 minutes, while not everything about this movie is bad, it's definitely a weaker endeavor, and it doesn't help that James Cameron is super petty and rereleased it in China so it would make more money, it's 12 years old. But at least I don't have to watch it again",4
Avatar,"OK to be short Effects: 8 -really nice effects and vivid colors, but nothing more than animation Story: 1 - very shallow movie and mix of Dancing with the wolves, Rambo, Jurassic Park and some more Behind: 0 - A really flat US history of violence, revolt and nothing more, full of military jargon and some terror links. Performance: 2- Hey a cartoon movie, where all cartoons make really ""native"" and ""naive"" faces. Sci-fi: 0 - nothing original, actually horrible lack of fantasy and the fantasy self is abused

Result: The problem is that the movie will be not watchable at DVD at all, but I really do not think that the money to spend pays.",4
Avatar,"Seen it at the time, almost completely forgot it. The main thing I remember is the blue avatars and the trees thing. If it were better, should have remembered more than that (comparing it with other movies). Also, don't feel the urge to rewatch it.

Take out the marketing hype and the special effects, and the story is just a B type Sci Fi, with some sentimental elements included. It really does not feel like ""wow, what if this were true... the possibilities..."". The mind is resting with this one, and it is not a compliment.",4
Avatar,"Interesting that the reactions of how many people consider this film an ""instant classic"" and a groundbreaking film. And how there is a completely different camp of viewers that sees Avatar as merely a film with good special effects but a weak plot/storyline and a film that borrow ideas from other great films (such as ""dances with wolves"" and ""the matrix"").

I'm also in the ""I can't believe people are so gaga about this movie."" camp. To be fair, i have to say i enjoyed the special effects. But in no way would I consider this a film that will stand the test of time (Like Star Wars, or Aliens, or The Matrix) I consider this a decent film that would seem awful plain (and not very good) without all the CGI.

I rate Avatar a 7 because of its special effects but it only gets 2.5 for the story.",4
Avatar,"This movie could have been really good. The make up and effects were quite good. The acting was OK. The plot was easy to follow. The science was believable.

The reason I didn't like the film is that it was filmed a good part in Gibberish and subtitles were provided. I hate reading subtitles and I loathe any movie that makes me read when they don't need to. Instead of being a really good movie I'd say it kinda sucked, but looked good. People who write movies need to look at what they are doing to people with bad eyes, people with dyslexia etc. and people who are just plain illiterate. Get with the program folks.",4
Avatar,"With close to 3,000 reviews, we hardly need another one (and nobody will read the negative ones for Avatar anyway) so I'll keep this brief. The bottom line is, I don't think this film really deserved quite as much praise as it got. There, I said it. It's not that it wasn't good - it certainly was. I went to see it with my best friend (who I don't see often enough as it is, so I was really looking forward to it), and neither of us thought it lived up to expectations. My friend described it as 'depressing', and I can explain my feelings in one point: At least twice during the movie, my mind wandered. I actually found myself thinking of other things, then thinking, ""I should be riveted to this Oscar-award winning masterpiece. But I'm not."" Not to sound selfish here, but if a film can't hold my interest indefinitely, surely there were others in the cinema who agreed. And a movie as good as this one is said to be shouldn't fail to keep us all on the edges of our seats. The thing is, I think it was because I'd seen the same sort of plot devices in other movies. Much less glorified, of course, but the same thing. Other people have said they see similarities to Pocahontas, and I agree - but what it reminded me most of was Ferngully, an old animated movie about fairies protecting a rainforest. So no, I do not think this is as good as they say. That's just my opinion, but I really am curious to know why everybody else seems to worship it. If it's for the CGI, then I'm sorry - but that's pathetic. A good movie has developed characters, a substantial plot and a satisfying ending. This didn't completely fulfil any of those requirements.",4
Avatar,"So glad The Hurt Locker won Best Picture this year, much more deserving. I couldn't wait to see James Cameron back in action, like a lot of people, but I was really disappointed.

No originality, AT ALL. NONE. Kevin Costner should've gone for a lawsuit, I mean 'Dances with Wolves' was basically the guideline Cameron made while making the movie! The plot was the most ridiculous, so many other stories recycled into this film it was like Frankenstein. Also, 'Unobtanium', or whatever it was called, was the mineral the big bad bad guys were destroying the land for. Cliché, ANYONE? I mean come on, that had to be some kind of joke. Plus, why were the 'evil' humans even after Unobtanium? If it's saving lives back on earth, I'll be honest and say 'Mine Away, Stephen Lang'.

As for the acting, Sam Worthington isn't quite as bad as he was in Terminator Salvation, but he's still stiff as a board and uninteresting as a character. Thank God he was in his CGI Avatar most of the film. Sigourney Weaver is her usual tough broad, not minding lighting up a cigarette in the middle of a presumably gasoline filled complex. The only character that I thought was compelling was Stephen Lang's, and what a Dude he was! Ripped and scarred up, he's a perfect bad guy.

CGI was good, and that was the only reason I gave this a 4 out of 10, Cameron's million's were well spent on creating Pandora.

If you have to see this, go for the visuals and don't mind the giant plot holes.",4
Avatar,"OK, this is the big one. The highest grossing film of all time yadda- yadda-yadda. People call it the next Star Wars and it has 3 squeals lined up for release. So what did I think of it?

BORING.

I love sci fi. I love James Camron. This is the man who made Aliens, Terminator, T2-I know Camron can make good sci fi movies. This is a snooze fest.

So how are the actors? Bland. I can't remember anyone in this film except Stephen Lang as the Colonel guy (I can't remember any characters name). He is OTT as the stereotypical gung-ho military commander and is so enjoyable to watch. In any other film he would be silly but against everyone else he's OK. The other actors through comes across as they could not be arsed.

The effects are impressive but the designs bland. The humans look like the colonial marines from Aliens, and the mechs look like the ones from aliens but painted black. The base to looks like your normal sci-fi base and the vehicles look like they are from HALO. Pandora looks like the jungle from Disneys Tarzan. I know it's realistic but this is sci-fi you can be imaginative! The star wars prequels for all it's CGI flaws has great location (Mutasfar, the Gungun city and kamino instantly come to mind). The beasts look nice but the limited colour palette on them makes them hard to tell apart. The Nav'i are cartoony. I think it's the eyes. However there is to much CGI and I think the bland designs mean the CGI isn't the best. I don't get why people bash the Star Wars prequels heavy use of CGI when this CGI while solid has bland designs and just as much in the films.

The story is lovingly ripped from Disneys Pocahontas. The names and settings are changed but that's about it. I know the concepts are good, I know the morals are good, but it's executed so bloody poorly it's unsalvageable. The characters are boring with the broken soldier, the gung ho military guy, the greedy American....yeah, this is just Pocahontas all over again. In fact, this film is just like Pocahontas- looks really good visually but is boring with bland characters and having a moral everyone has done before and is shoved done your throat.

Overall, on your first viewing you will be wowed by the effects but then you realise on re watching it that the boring plot and laborious pacing hurts the message and concepts this film is trying to get across.",4
Avatar,"Yes, obviously a movie people either love or hate as the reviews here show. I can only add, I can't do either. Obviously incredible SOTA CGI but as others have said, very cliched. Point I want to add is it's rather insulting to adults since it's so obviously written much to appeal to 10 year olds - and down! Sheesh, write stuff on an adult level, let the kids either grow up watching it, or they have their own movies and cartoon shows.

Hey, were the tails really necessary? Hmmm. could be interesting if instead of CGI Navi', how about actors in makeup? Be a challenge building real set versions of Pandora. Oh well...",4
Avatar,"I've come to the consensus that as beautiful the world looks, there is no story that's in any way original.

It was hard to ignore the hype but this movie is all style and no substance, with weird and obtuse being mistaken for creativity and weird blue native American ceremonies and bonding rituals in place of character development. In the end we end up with characters we don't care much for and a generic ""humans are evil"" plot.

I promise I really really wanted to like it, more than anything. But sadly underneath all of the pretty CGI fx it's just like a McDonald's happy meal, cheap and bland. Highly disappointing.",4
Avatar,"I have no doubt that the current high score is reflective of people being blown away by the special effects. I have to agree that the special effects are mind blowing however, strip those away and you have a very clichéd story which doesn't have a lot to say.

This film will be forgotten over time. Technically it's very good but it has no soul. It's like listening to a Yngwie Malmsteen song. Sure some people will only listen to that but most people would prefer The Beatles, they would prefer something that moved them. Avatar is Malmsteen and there are so many other films out there that are The Beatles.",4
Avatar,"It was beautiful to look at I admit and was entertaining at times but I would say this movie is very much over rated. It's permeated with a lot of plot holes , shallow characters , safe and uncreative humor , unoriginal and tired story and unimaginative world building.

My first complaint is the fact that all the Navis look exactly like humans when they are actually aliens. And almost all animals on Pandora resemble organisms from earth. If it's an alien planet shouldn't evolution lead to a different kind of change , not exactly like our planet's ? This shows the laziness of the design team in charge of coming up with unique sketches of the other worldly beings.

The human and the Navi characters were pretty much one sided and not deep enough to be interesting. A couple of adjectives are enough to describe almost all of the main characters. Jake as the cocky , handicapped US marine stereotype , Neytiri as a conservative action heroine , her dad as a chieftain , her mom as a witch doctor , Sigourney Weaver as Ripley but with less energy and colonel Quaritech as a plain evil , hick soldier who's out for blood. Since the characters were very dull and void of intricate personality and emotions , they didn't feel authentic and relatable.

The story is also cliched and filled with a lot of unconvincing scenarios. Jake intentionally helps in the planning of the destruction of the Navis homeland knowing full well that they aren't ' blue monkeys ' as he was told. And halfway through , he suddenly changes his mind and admits he was wrong for no sufficient reason. And eventually he ends up organizing the Navi when everyone knows he's a traitor , an imposter , a thief and an instrument for the greedy corporation out to get the Navis. Him leading the Navi side when he's a known renegade seems implausible to me. The plot had a lot of gaps and errors in it and thus made the story uninteresting.

All in all , Avatar is good as a pop corn flick but in no way is it a sensation worth the hype it's always being given.",4
Avatar,"The visual effects were amazing, the movie was beautiful, and yes, Ms. Weaver was doing well for her age. But, ""flux vortex?"" Come on James Cameron. It was the most formulaic plot I've ever seen, and the dialog and acting were horrible. And none of the characters were interesting in any way. It was basically a bad version of Princess Mononoke with blue cats in space. Or as many people have said, a combination of Fern Gully and X (Pocahontas or Dances with Wolves or the Smurfs or Thundercats or even just the bad parts of Return of the Jedi).

All in all, I would place it about equal with Revenge of the Sith, just because the effects were so awesome. Though with time it will probably sink to below Phantom Menace as none of the fight scenes were as cool as light saber duels and none of the characters were as memorable as Qui-Gon Jinn or Darth Maul. Though none of the characters were quite as annoying as little Anakin Skywalker or Jar-Jar, so maybe it'll stay above it. And the movie was never really boring even though it was so long, so that's a plus.",4
Avatar,"This 'story' is laughably transparent. I think within 10-15 minutes of watching the movie, I could have mapped out the rest of the plot and that was after missing the first 20 minutes. My dad is a frequent movie-goer and his review of the movie was ""It was essentially a live action Ferngully."" The movie takes a very safe a predictable path from start to finish without the slightest hint of a plot twist. There really is no point to click ""Contains Spoiler"" when writing a review for this movie because there aren't any.

The obvious point that pulls this rating up from a 1-2 in my mind was seeing it in 3D Imax. You really feel like you are part of this world if you have a decent seat in the theater and don't suffer from motion sickness. If you let visual spectacle draw you in, the three hours will fly by and you'll remember at the end that you should probably go use the bathroom before your kidneys explode.

What frustrates me is that this movie will probably clean up at the Oscars despite having an unoriginal story. Best Picture, not even close, Best Visual Effects, no brainer.",4
Avatar,"The good :- Wonderful special effects.

The bad (mild spoilers) :- This was a thinly veiled version of American's colonising Western USA. Anyone who doesn't see the indigenous population of Pandora (and this name in itself demonstrates a terrible lack of imagination) as being representative of the indigenous tribes of north America must be blind. They live in tribes, they wear the same style of clothing, similar hairstyles, they ride around on horses, they have an elderly male leader of each tribe, they believe in a connection to the Earth and animal spirit world and the biggest give-away of all : bows and arrows!!! And what is all the fighting over? A substance called ""Unobtainium"". Cameron, simply hang your head in shame.

The Plot (major spoilers ... clearly) :- A technologically superior race (Cowboys) come along and drive the indigenous population (Indians) off the most precious piece of land. A thicko of a marine (yet more stereo-typing) lives and falls in love with the indigenous population for three months knowing that they're going to be driven off their land and never gets around to letting them know. Actually, the more I write, the more I realise how annoyed the laziness of the plot writing made me. Are the movies only for morons now? Are those of us with a memory or education not allowed to watch films with action in them? There are many books out there with better plots that could have had the Avatar CGI, 3D and hype treatment. Also, can someone explain to me why anyone would name such a planet ""Pandora""? It's like someone naming a new cruise-liner ""Titanic""!",4
Avatar,"As a result of the circumstances under which I saw this movie, it was pretty forgettable. I mean, the visuals still looked pretty good, but I wasn't able to get the full experience. So, I was left to rely on the story, and so many people have ripped the story for being derivative or an outright rip-off of FernGully, Pocahontas, and various other movies that I don't need to go into detail about why I didn't like the story. To keep it simple, it's unoriginal and preachy; the colonel is so obvious as a villain that you can tell it just by looking at him. To be honest, I'm tired of being guilt-tripped because my ancestors (whom I've never met) did something bad to someone else's ancestors (whom they have never met). My other big complaint about this movie is that it's just way too long. I got tired of the movie in the middle of it and kept looking at my watch. It didn't make me want to pay attention to it. However, I'm caught between a four and a five rather than a 3 or 4 because there are some really breath-taking visuals, and Pandora looked really nice.

I'm going to be generous and give it a 5 because I do think I would have enjoyed it more if I had the benefit of the complete experience. But, that might not even be such a great compliment to the movie. Shouldn't a movie be enjoyable no matter where or how you see it? If Avatar is more of an experience than it is a movie, then why isn't it exclusively an IMAX film or a theme park ride or show? Part of me thinks that the 3-D and the big screen couldn't have helped me for a whole 2 hours and 40 minutes or so. But, I'll give it the benefit of the doubt and give this movie a five.",4
Avatar,"I recently watched Avatar on Blu-Ray thanks to a friend who loaned it to me. By the end, I couldn't help thinking: ""I'm glad I didn't pay to watch that.""

The financial success of this film (and the rave reviews being doled out here) proves that if it's shiny and colourful enough, people will quite often fall head over heels for it.

OK, so the visuals are very well done and imaginative (to a point). But are we so accustomed to a complete lack of substance in this day and age that we are willing to overlook it if the packaging is ""really pretty""? Not me brother. For me, this film amounted to little more than eye candy.

I won't bang on too much about the re-hashed plot. More than enough reviewers have pointed out the near identical similarities to Pocahontas, Dances With Wolves and, yes, even Fern Gully. But I've found the attempts by other reviewers to try and justify this to be, well, lacking. Yes, plots and story lines are constantly being re-used in films, but the very talented individual knows at least how to put a new spin on them. Not James Cameron. What he's done with Avatar amounts to little more than what Ted Turned did in the 80's with his drive to ""colorize"" old black and white movies.

But other problems also cropped up in my mind through the (very long) course of the film. To save time and space (and because I'm just too damned indifferent to the film itself), I'll just cover one of them. The creatures on Cameron's Pandora almost all had six appendages and breathed, not through their mouths or noses, but instead though passage ways located on or near their shoulders. But for some mysterious reason, the Na'vi somehow missed out on this particular evolutionary pathway, despite their supposed ""closeness"" with the environment around them. Maybe I'm being overly analytical, but this was a huge gaping wound in Cameron's creation in my mind.

But the biggest issue of all was what I came away with after the film, which was...not much. I didn't care about any of the characters. None. Not a one. In fact, I'd be hard pressed to even name any of them. I find it next to impossible to reflect back on any particular scene with anything resembling fondness. What does come back to mind very readily however, are the visual effects. And to me, that is not the sign of a great, or even good, film.",4
Avatar,"The blu-ray has been lying here for centuries without play since the player did not accept the discs despite updates ( not the only on the planet with this problem , thank you Fox ), so new player and finally seen this movie. Impressed ? no . Characters: couldn't care less. Story : seen before, no twists , predictable. Action : mediocre . Romance : predictable. Special effects : didn't blow my shoes of , but nothing wrong here. All in all , nothing special and not worth the hype. If anything is good : its better than that crap movie Prometheus. It seems nowadays that some directors are more occupied with the visuals than the contents and as such need retirement big time.",4
Avatar,"Avatar, by James Cameron, is a movie about a human going to a habitable moon in a far away solar system to obtain a rare element found only there. Avatar had a huge amount of hype circulating around it due to the fact that James Cameron was created the mega hit Titanic. However, this film was subpar compared to Titanic. The plot was dull with some scenes putting move goers to sleep. However the high action animation of this movie shows that we are on the forefront of a new movie experience age. The Navi people were not given any expression and all looked very similar. This production of this movie is in the $300 billion and it shows in the final product. They action sequences and the moon are depicted in such vivid detail that one can assume they are actually real. Avatar does show moviegoers a new expertise of 3D making by allowing the audience to enter Pandora they. Overall this movie had a lot of hype and with a lot of hype it's always difficult to live up to expectations. Avatar was a disappointment when compared to the hype however it will show moviegoers a good time.",4
Avatar,"1) The plot is essentially the Battle Of The Little Bighorn set in space: regimental military might invades tribal lands: tribal army wins surprise victory.

2) The CGI computer wizardry will age very quickly.

3) Sigourney Weaver was just collecting a pay check.

4) The networked planet was essentially the internet (sigh).

5) Designed for children of ages 10-14.

6) The CGI removes any feeling of pain from war.

7) A patchwork of ideas copied from elsewhere.

8) Sets the tone for over-priced 3D movie tickets.

9) Who cares about the characters (yawn it's a kids movie).

10) It's not Star Wars.",4
Avatar,"I must admit... the first time I saw this at the cinema I was blown away. But when I watched it on DVD I realised how unspectacular the film really is beyond the surface. Sure the CGI is great but the story is poor. Here are my main reasons for giving a 5/10.

1.) Poor plot. Yes I know! It was copied but bypassing it as an interpretation it is still poor. Compared to Camerons previous works such as Aliens and the first 2 Terminators which have great story lines this is dreadful.

2.) Acting. The acting is fairly average and not worthy of breaking the box office records. Apart from Stephen Lang as Colenal Quaritch that is.

3.) General mistakes. How do the primitive Na'vi speak perfect English in excellent accents when they don't negotiate? How do those mountains fly? How do an army of small dragons beat gunships? I'll leave you to think of those and although this movie isn't complete rubbish it isn't as special as it's made out to be!",4
Avatar,"Obnoxiously loud and brightly-colored, this thinly veiled retelling of Dances With Wolves is another visually-stunning James Cameron masterpiece but falls flat in terms of story and originality.",4
Avatar,"James Cameron has created some of my favorite movies ever. Such as Terimator and aliens and he has directed the most successful movie ever made which is titanic. At roughly 500 million dollars and 13 years of script writing you think it would be better.

Lets be fair it was extremely boring and unoriginal. I have seen this story line do many times before. Examples would be dances with wolves, Pocahontas, Disney's Atlantis, and the last samuri. The whole movie was so predictable it was unbearable same with the length. White guy goes with indignious to betray them and then betrays his own people at the end i knew what was coming after 20 minutes of this 2 hour and 40 minute abomination to film.

The only reason i give this movie a 3 out of 10 is because of the SGI love or hate this movie no one can not say these special effects were nothing short of amazing, but special effects don't make a good movie. What this movie really needed was some good acting. It stars Sam Worthington and i actually didn't know it was him, but he did a bad job he really let me down.

Now the whole purpose of the film was the army or whatever mining some rare ore and the blue people(can't remember what they were called)had their tree over the best spot. So the army sent Jake Sully(Sam Worthington) to make them go but to my surprise they didn't move. SO the army blew down the tree. What made me mad was they should of surrounded them and killed them all there that would of been the smart thing to do but Avatar and all its surprises continue to surprise me.

The final battle was ridiculous i was laughing at it the whole time. When i said that the army should of killed them when they destroyed the tree. Thats because the blue people got other tribes to come to kick the army's ass. I want to know how the hell those birds were able to swing and whip around those hellicopters like they did it was ridiculous and just plain stupid. The blue people were to kill an army with missiles and guns with birds and arrows. it was stupid and of course the main character gets hurt at the end then he becomes and blue person for real at the end they better not make a sequel",4
Avatar,"To me, the only difference between this movie and the likes of Transformers, Godzilla, Independence Day, etc. is that for some reason critics are heaping a lot of praise on it.

Best movie of the decade?! Ha! For all the hype and praise that Avatar got, I was expecting a deeper story and complex characters. Nope. Instead I got a special effect fest with very little story and little character depth. In other words, a movie cut from the very same cloth as the movies mentioned above, movies that were panned by many of the same critics who now are hailing Avatar as the best movie of the year/decade, etc.

Again, looking beyond the special effects, Avatar's story and character are no deeper than Godzilla's, Transformer's, etc. You could see the whole storyline based on the trailers. There were no surprises, no twists, no shades of gray in any of the characters. There was no compelling, thought provoking dialogue between any of the characters - and given the premise, that the humans were trying to get the natives to movie to get this mineral that was needed, there was potential to have a lot of intelligent dialogue between characters to explore the ethics/morality, etc. of the situation. But there was none. The good guys were good, the bad guys were Snidely Whiplash and it all played out like a 1980s cartoon, with no elements one would usually associate with a movie given as much praise as Avatar has received.

There was no fleshing out of the premise. The reason why the humans needed the mineral so bad isn't really explored. Again, the movie's story is as complex as an '80s cartoon.

The effects were good. Stephen Lang chewed the scenery as the villain. But this movie suffers from its own unjustifiable hype. I found another way to spell overrated recently and its A-V-A-T-A-R",4
Avatar,"We just have finished watching this movie. According to press and media, another titanic phenomena. Maybe it's me, but what is it that makes Avatar so special? The visual effects are great, the forest of light, well, you'd wish you could be there, but the story line? White meets alien as white gets introduced in their way of living and culture, starts to like it, feels part of it and eventually decides to stay with the new found tribe. This is a very brief summary of the Avatar plot. Now, clear your mind, think of native Americans and read the paragraph again. Kevin Costner all over again....in blue. And as Kevin Costner's colossal, this one is bound to be the big winner in a couple of weeks time. I hope not for its originality in terms of script: there isn't any.",4
Avatar,"I thought it was a good movie, but Only after 1 time. I watched it 3 times, not out of obsession, but out of options that I pretty much didn't want to say no to. I went with my friend (first time), second time I took my other friend who hadn't seen it (I said 'oh i wont mind it again....still pretty good yet it got more boring), third time a girl asked me to go so I'm not gonna say no. The third time I just said screw it, that wasn't that entertaining. Although, I'm not a fan of the reviews on IMDb, such opinion could be thought of because I've seen better movies than this action thriller visual affect jumble, but most people on IMDb just do good reviews and ratings for those types of movies, even if they aren't that great. My point is, I just didn't enjoy Avatar as much as I thought (I still liked it). I mean, 8 1/2 stars? Umm I don't think so. And then I look up another movie here that I LOVE to death, way better than Avatar will ever be (it's called Gone Fishin'), and it had only 4 stars and a bunch of bad reviews! Come on! It had great music, great acting, a great plot, and it was a wicked funny movie! No animation, no space aliens or ""Navi"".....just a good old movie. Sorry, Avatar.......but you aren't on my top list. I just found the plot of Avatar really weird and after a while, annoying. And I hated Neytiri. What's with her freakin screaming for crying? First time I heard that (even though the first time was the time I enjoyed it the most), I wanted to punch someone, most likely her.",4
Avatar,"Before Titanic was released, Cameron had the idea to do Avatar, but no studio would do the film because of the huge budget and Cameron doubted the special effects ability to show Hometree properly.

However, more than a decade after Titanic, Cameron finally got Avatar done. This is not a tremendous film, because it is merely a special effects movie that takes away from what could have been an original imaginative story.

Plus, I wasn't very much in favor of Sam Worthington being the lead actor. I enjoyed him as Marcus in Terminator 4, but I felt he was wooden and basically could have phoned in his performance with this movie. He seems like he's just reading his lines and not really a part of the film at any point.

Perhaps the most surprising thing in the movie is Zoe Saldana as Neytir, since I've seen her in a few movies as a supporting or lesser-used character, but she has a breakout performance here. She is very unrecognizable due to her being digitally changed to look like a Na'vi.

I was happy about Giovanni Ribisi being a villain-type in the film, but disappointed when he was barely on screen (as he's my favorite actor).

Acting aside, this film is nothing really amazing in terms of special effects. It's all been seen before, and it really just looks like a live-action movie of World of Warcraft. I did originally enjoy the movie, but on repeat viewings I grow to detest it more and more just because the special effects hogs the whole 160 minutes. It takes away from the story and makes me careless about it all.

I will probably only watch this movie due to someone else (a friend, girlfriend, etc.) asking me to watch it. However, I will not watch it on my own because I have no enjoyment watching it. I cannot wait for it to end.",4
Avatar,"Some thoughts on this movie.

First, in many ways, it was very manipulative. The bad guys were painted in the darkest tones, while the aliens and ""nice"" humans were painted in the brightest colors. No one was given any depth. The amusingly named ""Unobtainium"" (Really? Really?) is valuable, but they never tell you for what, or why they are willing to send people across the galaxy to die or kill for it.

Even the character design was pulling the heart strings. Of course, the aliens look like your kitty-kat. Ooooooh, how cute! Meanwhile your mercenaries looked like thugs and rednecks.

The movie telegraphs it's punches so loudly you might as well see the words ""PLOT POINT"" flash across the screens. Like when the alien babe tells the hero that riding the Turok was a big honking deal. Well, you wouldn't be losing any money betting he'd be riding it by the end of the movie.

Some point were laughable. Like the mecha that happened to have a big knife as part of the equipment. Okay, it looks cool and all, but what's the practical application of that? Not to mention the tedious pace in parts of the film. Kind of like Titanic when you said, ""Just hit the damned iceberg, already."" Not a bad film, but really overrated.",4
