title,comment,rating
Bohemian Rhapsody,"What an amazing film totally spoiled by the absolutely freakish makeup on Rami Malek. Whoever designed his makeup must've been incapable of doing photographic research, totally destroying the legacy of Freddie Mercury. Absolutely ridiculous looking teeth totally distracted from the film every time he smiled, sang or spoke.

Great cameo appearance by Mike Myers as the EMI executive. The music in the film is awesome, and the sound editing is superb. I have tried watching this several times and just cannot get past the makeup.... Hopefully someone will someday produce a better biopic, but if you're going to watch it I suggest watching it with the screen off so you can enjoy the music without seeing the freakish look that the makeup people did to Malek....",1
Bohemian Rhapsody,"Queen and Freddie Mercury in particular are global cultural treasures we deserved to lose. Freddie was an unimaginable icon and a star, in the true sense of the term. Bohemian Rhapsody lacked the respect and the nuance and the empathy portraying Freddie. Bohemian Rhapsody made an amazing job making a movie out of Queens procession, but it ultimately rang hollow of the glamour and excitement Freddie brough while alive. Emphasizing the loss music at large suffered when he passed away.",1
Bohemian Rhapsody,"After 60 minutes I couldn't and turned off the movie. It was so boring, always the same: performance, singing, chatting, ...",1
Bohemian Rhapsody,"It's tough to make a movie when they only have few good songs to start with, which was obvious... acting was sub par, the plot was awful, the movie never got going and the music was not good throughout, how can you screw that up? It was such a disappointment, the best part was the end because that's when it was over. Don't watch, it's a trend that never should have started!",1
Bohemian Rhapsody,"I am struggling to understand why the film has received such good reviews, as apart from the soundtrack, the film was very bland.

Malek is like a spitting image style caricature of Freddie Mercury, and does not have the physical stature to play the great man. The supporting cast (Myers aside) are television actors at best - and that shows.

When you get to the ""story"" it is very weak, and almost entirely made up. Such as Mercury splitting the band (Queen released several albums during the alleged split up), timing of releases, how they apparently got added to Live Aid at the last minute, when Mercury finds out he has aids. The list goes on!

The music is incredible, and was the only reason that I sat through the entire film.

I can see why Sacha Baron Cohen and Ben Whishaw decided against filming this poor interpretation of Mercury and Queen.",1
Bohemian Rhapsody,"This is bright and flashy but thats where the positive aspects end. Its loud and tries to grab yer attention like an idiot waving his arms and yelling ""hey! hey!"" but thats excatly what this movie is and giving it yer attention would be a waste of time",1
Bohemian Rhapsody,"So so so boring. I struggled staying awake the whole time watching this. I guess the last blu good thing is that it gave me good rest. But wow, soooooooo boring the whole time. seriously, how did anyone rate this movie more than one star.",1
Bohemian Rhapsody,I watched this movie 2x didn't want to miss **all the hype** and came away wondering how anyone in this pic won any Oscar for this pic **it was terrible**.. What an insult to Freddie Mercury this 'movie' is and I am an 80 y/o Queen/Freddie Mercury fan.. The only one in the pic that played the part true to form was Gwilym Lee & in many scenes I had to look twice to realize he wasn't really Brian May at least they got that right.. The final 'scene' Live Aid concert was actually the best for the music and of course all the cats watching Freddie on TV was a perk.. Still cannot believe this movie won any awards & Lord in the future hire a professional dentist to fake the teeth..,1
Bohemian Rhapsody,"Long live Lady Gaga and Brad Coops.

Done my nut in that this is probably going to take the title of 'Best Film' at the Oscars.

I mean, it was just...alright.",1
Bohemian Rhapsody,This movie is a piece of trash. I am no longer a fan of queen after watching this movie.,1
Bohemian Rhapsody,This film is utter confusion and trash. There is nothing but Queen classics t enjoy about this film. The entire movies pacing is terrible and the film lacks any kind of descent writing and style. The only reason this film is watchable is because of Rami Malik's performance. He does pretty good. Otherwise the most boring and unoriginal film to be nominated for Best Picture.,1
Bohemian Rhapsody,"The movie had nothing to do with the band. It was just about Fred's gayness and his affairs. It would of been better if they focused on the band and how they came together. The end was predictable. And cheesy. To end with a band playing on stage. Every damn movie about a musician or band end with the ""let's end the movie as they play a great song on stage and slow motion the walk off or freeze frame the moment.""",1
Bohemian Rhapsody,What a horrible movie The acting was as some 12 year old spoiled kid directed it. Bad dialogues Characters not believable Freddy's parents worst acting ever Plus there are a few scenes where they age And their make up and all looks as take from a fifth grader play so Fake It's all just bad. I really waited for it to End already,1
Bohemian Rhapsody,"For Queen fans it is the bomb, for movie lovers not so much. I am not a fan of the music of this band Queen. I still don't get it after this movie. I even hate the music and songs more.

Hate it or love it. I will mute it!",1
Bohemian Rhapsody,"From the opening few minutes this has the feel of one of those awful , made for TV music biopics that you feel compelled to watch purely for the fun of it. Rami Malek desperately tries to mimic Freddie Mercury in the way that a awful stand up comic does and is about as convincing as Elton John playing a US Marine. The dialogue and conversational scenes are so poorly scripted and predictable with the usual themes and you feel almost embarrassed for those on screen. Queen fans will no doubt love it but they....well they like Queen so enough said. Shocker",1
Bohemian Rhapsody,"Good and exciting movie. But ignore lots of important facts and phases of the band. The movie selects specific moments over the years, but it's too superficial even when tries to tell Mercury's life story. Worth to watch though. Excelent acting, soundtrack and atmosphere all over the movie.",1
Bohemian Rhapsody,Why didn't they show us how he got his singing voice?,1
Bohemian Rhapsody,"As a true and a life-long Queen fan, I was offended by everything in it. Those 2 vultures are still trying to get more money for themselves by collaborating with equivocal substitutions of Freddie, but this movie is the last drop in the bucket. Rami Malek severely suuuuucks! Who could give him an Oscar??? For what exactly??

But of course those who know nothing about the life story of Queen and Freddie are enjoying this pop piece of crap.

This show MUST NOT go on.",1
Bohemian Rhapsody,I found Rami's portrayal of Freddie to be ridiculous and borderline insulting.,1
Bohemian Rhapsody,A series of trivia questions about Queen sloppily pieced together pretending to be plot. Everyone is good except the evil guy. Everyone gets along except for a few seconds of brief conflict. This movie is a nothing. Listen to a Queen album and watch old videos on YouTube. You'll get more out of that.,1
Bohemian Rhapsody,"The thing about a cover band is that it can sound like the original, it can kind of look like the original, dress like the original and mimic the movement of the original, but no matter what, it ain't the original.

At no point did I ever feel like I was watching Freddy Mercury. Now in fairness some of the problem is what a unique person Freddy was, it would be nearly impossible to do him justice. Having said that, I think there was more attention given to making sure his teeth looked the same than to who he was or what he represented. I'm sure the story follows relatively closely that of Queen, in a Cliff Notes sort of way. But it never felt like it ever really got to the heart of the band and most certainly never went past the most facile surface of Freddy Mercury. Sorry.

The only thing this movie did was make me want to watch the real Queen and the real Freddy Mercury in concert. Seeing them perform live at Wembly is the difference between watching true genius at work and watching a pale imitation performed by a nice little cover band.",1
Bohemian Rhapsody,"I don't know the purpose of the director in making this movie. Because the movie is with full of mistakes about the facts.In internet, you can find many articles explaining all these critic mistakes! It is the waste of time to watch such a movie because of all those mistakes!!",1
Bohemian Rhapsody,Any mention of them breaking the cultural boycott of apartheid South Africa by playing Sun City? Thought not. At least they admitted they did it for the money the lovable rogues.,1
Bohemian Rhapsody,"On the surface you will think you are seeing what appears to be a movie, it was advertised to be one and said to be like one , and so it , you thought appears to be so. It must be one you thought , it is shiny enough , it looked like it has all the elements of a movie didnt it? It had actors a director a scriptwriter (The Worzel gummidge tv show writer) and had money, a budget of $ 50 million, but once the opening credits have rolled you see it is not a movie at all but a real piece of excrement but even worse! it is a cleverly disguised piece of excrement that is actually one of those fake plastic pieces of excrement that are so cleverly designed to look wet and real and squishy so you dont want to tread on them in case you put your foot in it. ... But , truly I am not exaggerating when I say this is infact the worse movie I have ever seen in my entire life of seeing movies . With the promise of the interest of the subject matter being a total missed opportunity, the dissapointment is compounded by the fact that this literally is one of the worse made movies ever. It is exploiting the sadness of Mercury's death, but ends up attacking him personally. Zero out of ten. A lie of a movie .

And as for the ten star reviews? I do not even trust the bad reviews! People give it one star then say its a great movie. There's something up something is not right, its obvious something IS going on , its not the real life put it that way. The acclaim is not convincing, how could it be? seeing the movie is soooo bad.

The dancing dinner lady in the trailer never appeared. And the photoshoped young lithe man that was not Rami Malik that was used as the early publicity shot was never in the movie either. For patties sake! Are you people aware that Queen made their first album in the heart of soho in London in the 1970's??!! Dont you know that is ROCK MUSIC HISTORY TIME AND PLACE David Bowie !!! T REX !!! Queen !!! THE 1970 !!! GLAM ROCK and you dont even attempt to convey the situation? The place the EVENT!!? So have you all gone stark raving mad!!! Are you all completely insane? Is this what passes for ART?? FOR MOVIES !! FOR ROCK MUSIC HISTORY ??!! This utter bland fake lit garbage???!!!",1
Bohemian Rhapsody,"This is the worst movie i have ever seen. The actors are Bad, the Story is Not consistent, people apear and you dont who they are and the whole Story does Not reflect the Real Story of mercury and Queen. Also the last 20 minutes is the ugly actor redoing the live aid concert. What the hack? I can See a better Performance for FREE on Youtube. This really is crap.",1
Bohemian Rhapsody,"I really don't get what is all the hyper about this movie. The story is week, boring and stupid, the acting is normal - nothing special. I'm still trying to understand why people like this horrible movie so much.",1
Bohemian Rhapsody,I'm not a super fan of queen but please have the decent respect for Freddie Mercury. After so many years to make such a stupid movie about one of most unique voice that marked those golden years... what a disgrace. SHAME bryan.Please no way any Oscar prize! good damn it,1
Bohemian Rhapsody,"This is quite possibly the worst movie ever made it's probably realistically worse than xuxa movies. Rami is absolutely a horrible Freddy really mr robot playing the Irresistible Freddie mercury. The script is very week and undeveloped no understanding of Queen being bi or the 1980s. Really it could be a 3 but sooo many published 10 out of 10 lead me to believe that there needs some balance this is not the best movie made, the soundtrack is queen but worked into sound bites that chop the songs like well I can't say imagine not one complete song in the whole move. How much did they pay you? Is a line from the film this review was not paid for and is only the first honest one here although the film critics are being more realistic Love Queen but they and Freddy deserve much better than this Hollywood movie. I know how hard it is being honest when you get a free ticket to a film 8.4 is the current rating within a few days it it will be less much less, what's the point of making such a 50 million dollar film with a two bit script???????? ""What's it gonna take for all of you to forgive me """"",1
Bohemian Rhapsody,"The only reason I could come up with for the existence of this garbage is that the leading actor must be sleeping with the director, who must be sleeping with some Hollywood big shot in order to keep releasing one steaming pile of poop after another. And the only consolation is that Freddie was cremated, so he can't be spinning in his grave. To everyone involved in this (fake reviewers included): BEELZEBUB HAS A DEVIL PUT ASIDE FOR YOU!",1
Bohemian Rhapsody,The movie is just plain bad and would not see it. It is a desperate way for the record labels/ bands to get more cash so the big record labels have more money to spend on there artist. The movie sucks really bad.,1
Bohemian Rhapsody,Rami Malek looks nothing like Freddie Mercury. Absolutely the wrong choice to play him. Just not believable.,1
Bohemian Rhapsody,"This is a movie not worth of your time. Don't waist it, still don't get how this movie got so many oscars , it was like I was watching a cover band, and Rami Malek no- just no. Worst choice to play the legendary Freddie .

If you want to make a movie about Queen , stick with the truth . This is just terrible.

You could better watch some biographies and put a concert on then you get the real Queen.",1
Bohemian Rhapsody,"A quite a lot of false or not true facts for Queen old fans. Also, main actor is not nearly visualy similar as Freddie was in reality.",1
Bohemian Rhapsody,"I seem to be the only one who absolutely hated Malek as Freddie! Malek has bulging eyes which are so distracting and the mouth was ridiculous! Freddie didn't have a speech impediment or make the faces Malek makes during the movie.. He doesn't even move like Freddie so I'm wondering what people were watching! Maybe adding a few Queen songs distracted EVERYONE from the crappy portrayal of Freddie!

Honestly, how the hell could anyone buy Malek with those awful fake teeth he had in and couldn't handle! Even the shape of the teeth were wrong.. but I'm picky! If you are going to portray Freddie, do it right!",1
Bohemian Rhapsody,"I was scared to see this, mainly because most Biopics paint people in an absolutely horrible light and Queen was one of my favorite bands and Freddie one of my favorite rock vocalists. I was ready to rant and rave if it turned out to be a smear campaign of one of my rock heroes.

Fortunately it wasn't, it was actually a fair treatment of all of them. And, in fact, it was really generous towards May, but then he wasn't the focus of the film.

And the cast actually looked like Queen. So that is a plus. Everyone did a great job and props have to go out to Rami Malek, he would have been great if they gave him actual dialogue.

So why the single star? Honestly, it's because of the trailer. As in, if you saw the trailer you pretty much have already seen the movie. Not just the highlights, but the entire movie.

Queen was an epic band. Bohemian Rhapsody was an epic song. But Bohemian Rhapsody the movie has absolutely no meat on it.

You walk in with high hopes, and the cast is great, but the movie as a whole is a let down. It ends at Live Aid (as it probably should) but even then it doesn't seem anywhere near as epic a finale as it should have been for such a memorable and lauded performance.

Ultimately, there should have been more to it.",1
Bohemian Rhapsody,"Ok, so I do like Queen a lot ..... and their music. But I thought this movie should have focused and elaborated more on the band and the music they made not his affairs and other small things that don't matter like him being gay even though he was. (And we all know it).. And I felt it was just..... too Hollywood and not in-depth enough and factual.... it was just ""another movie"".. But also, I will admit I liked the music a lot that was about it. And the acting was ""ok"" and it seemed like it moved pretty quickly. Other than that ""MEH"". So I have to give it: 1 star minus a star if you have 20/20 vision. Just, ""MEH"".. I'm just being honest..!!!",1
Bohemian Rhapsody,"The hype was all for nothing, the editing was all over the place and didn't satisfy my hopes for the film. I didn't care too much for the inaccuracies or fictional stuff, it was the filmmaking that annoyed me, I fell asleep watching this",1
Bohemian Rhapsody,"What a dreadful piece of muck! This film will go straight to DVD/Streaming once the word gets out

If you love Lifetime Channel and droll, contrived footage - this is for you. If you enjoy a well written and good acting, this is your worst nightmare come true.

I would save your money, and watch real life clips of Freddie Mercury and not destroy his legacy and your memories of his life by watching this badly acted film",1
Bohemian Rhapsody,"Words that come to mind after watching this film include: Contrived, boorish, superficial, overacted, and a complete waste of the material. The public deserves better than to watch a two hour retrospective about the lives of people who were unwilling to share the real truth about themselves. In short, this film was an insult to the audience.",1
Bohemian Rhapsody,"This movie was awful!!! Ramp Malek's ridiculously huge teeth made it downright comical. This movie isn't about Queen its the most stereotypical and cliched story of a lead singer that gets too big for his britches and goes solo just to have a moment of conscience in time to make the big show. I think it was an episode of Saved by the Bell, and that was done better. Destroys Freddie Mercury's legacy and makes him seem like a spoiled, selfish child and his bandmates all boring prats. Any scene approaching any kind of depth was laughably cheesy. I truly hope there are no more awards wasted on this garbage movie.",1
Bohemian Rhapsody,"I'll keep it short.

This FILM sucks. It's poorly made. It's cliche. The writing is lacklustre and unemotional. It feels rushed. The STORY is a great one. What a great band. Shame they weren't given the respect they deserves with this poorly made high school project.",1
Bohemian Rhapsody,"The 91st annual Oscar ceremony will be held soon, in the list of the main contenders for a number of awardsthere is Brian Singer film Bohemian Rhapsody. I deliberately endured a pause, waited until the first waves of delight and anger subside, carefully watched the movie in the original, all of more than two hours and now I would like to express my opinion on this biopic. Remember the 1991 Oliver Stone film called Doors - there was still thin Val Kilmer playing Jim Morrison? After so many years, all the flaws of that picture become apparent. In the foreground, Jim himself, the other participants are registered superficially and as if passing by. Then, in 1991, Manzarek, Krieger and Densmore were somewhat offended by the fact that in the film about the group of the group itself there could have been more about themselves. And now the new biopic, now about the Queen group - one of my favorite and respected ones. I am 47 years old, and I found the period when the group still existed and released their later albums (1989 and 1991). Many of us watched the 1986 concert film Live in Budapest several times. We remember that real group, we saw Freddie on the screen and saw who he was. And those of us who started to study the team's biography thoughtfully understood that Queen is not only Freddie. This is Freddie, Brian, John and Roger. All four wrote songs and played on a variety of instruments. And when Mercury died, the group quickly turned into ... well, into a parody of itself. Arguably, one can argue, but all later releases with George Michael, Paul Rogers and now with Adam Lambert are, in essence, a quality hack. The Queen were from the same breed as the Beatles - remove at least one member, and everything will immediately collapse. Then Ione can argue, but what about the enthusiastic reaction of May and Taylor on the film with Ramey Malek? The answer is very simple - another chance to bask in the glow of past glory. Name at least one thing from the post-Mercury-post-Deacon Queen and so on the same scale as the records of 1973-1991. Do even try to recall. So. Singer film. What we got in the end? Enchanting nonsense for 120 minutes for the audience of the 21st century, having the most fragmented understanding of Freddie and the whole group. An objection can immediately be heard here - yes, but in 4 hours the whole history of the group cannot be shown. Well, and who prevented to focus on, say, two significant moments in the history of the group - the recording of the 1975 album A Night at the Opera and on the performance at the Live Aid concert in 1985? Instead, we saw a chaotic race through the long history of the team, with incredible jumps from 1973 to 75, from 1980 suddenly in 1977, and so on. I have not yet spoken about the grossly factual errors. Among the most egregious are, for example, John Deacon on bass as part of Smile, or selling a van to get money to record a debut disc, or a completely wild moment learning a We Will Rock You song in the year of 1980, although the thing itself was written and recorded in 1977 or John Deacon, suddenly singing in studio recordings. Well, okay, viewers in their mass don't give a damn about all these delights, probably. Well, maybe the actors were great then? Not so. Ramey Malek as Freddie is not even a joke, it is a pure farce brought to the point of absurdity. A slender young man with very noticeable artificial teeth mannerates and grimaces for two hours, trying to portray a singer who, even in the years of same-sex relationships, radiated masculinity and strength. Immediately, we see a certain vocalist, who had fallen into Smile from where (all Freddie's early musical projects were simply ignored) (and by the way, it was possible to spend more time on Tim Staffell,) just as quickly changing his relationship with a girl for romance with men, and then throwing up absurd parties ... and so on, swiftly and at the top, skipping important events and moments of biography. For some reason, it reminded me of the hackneyed cliché of a number of books and films about the path of a genius - lack of understanding of relatives, the way up, excesses, painful searches for themselves, psychological drama. And yes, all this is present in the ""Rhapsody"". Well, but what about the other members of the group? Actually, can they save the movie? No, they do not save. May is shown as such a good-natured brat with no special character traits, Taylor is d epicted as that kind of cutie, worn off with one of his songs and suddenly fiercely quarreling with Freddie, and Deacon just looks like occasionally talking furniture. Oh yeah, he's showing the song on the bass. Next thing on him - silence. The critics are absolutely right in one issue - Malek is trying very hard, but he overplays terribly, the beautiful picture does not carry any content with it. Instead of a truly interesting team history, we absorb a bright and mannered video clip with small pieces of facts. Clip feed for clip generation. And one more thing - Live Aid was undoubtedly important for the band in terms of reviving interest in their music. But in general, they could even asa solo event gather 130,000 spectators, as was the case in 1988 in Brazil, for example. What can be said in conclusion? Alas, the film was completely unsuccessful, in my opinion - a complete failure. I do not recommend watching at all, well, except for fun. My rating is 1 out of 10 (I give a point for the music of the group that sounds in the film).",1
Bohemian Rhapsody,"With a lack of substance in tandem with a stale presentation, this film left me bored and pissed off. Simply put Bohemian Rhapsody is the worst film I have seen all year and left me not only wanting to see Sacha Baron Cohen's Queen film but literally any other director take the helm but the utterly incompetent Bryan Singer.

Bohemian Rhapsody is a film that depicts the story of Queen and primarily Freddie Mercury, from the origins of the band all the way to their performance at Live Aid in 1985. It shows many of the band most iconic moments like their global tours and the creation of of the titular song Bohemian Rhapsody. It attempts to show the dynamic of the members, the rise and eventual fall of the band. I say attempt intentionally because in my opinion this film fundamentally fails at building any form of compelling narrative. Firstly I want to point out two things, I am not the final judge on whether this film does justice to Queen or justice to Freddie Mercury. I don't know the band personally and I'm not informed enough on the story to make that decision. I also wanted to say that I have heard various reports on how inaccurate the film is and whatnot . I am not in tune enough with the story to know how severe these inaccuracies are and personally I have no issue with a film creating creative liberties to improve itself.

A biopic should be more interesting than the story it is trying to tell already is. Take for example First Man, this biopic of Neil Armstrong is true to life certainly but you also get a grasp of who Armstrong was, visually the film is stunning and the characters and script is well written and entertaining. This gives me a reason to watch the film rather than just read the Wikipedia page. The same cannot be said for Bohemian Rhapsody which I honestly just found boring. There are many reasons as to why it is boring but it mostly comes down to the pacing for me. The film is way too long and is tortuously boring. There is long segments where very little happens and as it trudged along at a snails pace I could only marvel at how little substance was stretched out to a two hour film. Not only is this film severely lacking in much quantity but also in any form of general artistic direction. It constantly feels pointless and as though it doesn't even know what it's building towards. This creates what I feel is the real issue of the film, the fact that it's just not entertaining. It is merely fun in the sense that you can look at bright colours and listen to Queen music for two hours.

I really was hoping that Rami Malek would ,perhaps not save this film, but at least pull it up a bit and I don't think he necessarily did a bad job, I thought his mannerisms and voice inflections were masterfully performed. However I think Malek couldn't really give it his all with the script he had. I had a major issue with the script and I saw vividly how far it dragged the film down. I am not entirely sure if the film uses real dialogue from the band or not but it all sounded incredibly over dramatic and overtly simply written. For a film that had real people to base itself on, it really cannot create compelling or fun characters. Now I'm not the verdict on whether these characters are true to life or not however I do think they are vitally flawed and miss a lot of the steps in character based narrative. An amazing example of this is Brian May who in the film serves no other purpose other than he was actually there in real life, after two hours I still have no clearer image of who this character is or what significance he has in the story other than playing guitar. The most perplexing part about this is that this is a common theme for every single character. I was astounded to find absolutely no well written or interesting characters. This is particularly surprising when it comes to the larger than life Freddie who is written off as simply cartoonish. Firstly it does not help that all the character speak in simplistic dialogue that is only ever funny or openly only existent to move the plot along. Although the plot does focus around Freddie, I never really felt as though his character was being really developed or explored. The film always feels more like it's just moving along his life like a slideshow.

Overall this film is just lazy and does whatever it can to ensure it draws in as much money as possible while still remaining ""fun"" and ""eccentric"". For example, the film has no original score, it only plays Queen music. I understand why some people may be confused as to why I want to bring this up, why it is such a big deal. The reason why I think it's so distracting is because it means that throughout the film either the music hasn't been matched to the scene properly because they desperately want to play a Queen song or the scene is oddly quiet because they couldn't find a Queen song to match it. I'm not suggesting the film ditches the Queen soundtrack altogether but it still should use some form of backing track to fill in scenes and compliment the film on a smaller scale. I have various other nitpicks to this degree. All of the scenes with Freddie singing are really distracting because it is clear that Rami Malek is not singing. Now I have no issue with him not singing but the film shows close ups of his face during concert scenes and doesn't even attempt to mask that it's not Rami Malek singing. I've seen a lot of people talking about how the ending is fantastically shot and it feels like you're actually at the Live Aid concert and I absolutely disagree. I felt the CGI was terrible and made it feel incredibly plastic and false and the cinematography was barely mediocre and showed nothing new or special. I also feel that during this scene and other concerts, the songs are cut off at quite odd times that ruin the scenes pacing. Overall this makes the concert scenes an odd mash up of weirdly edited music and false looking CGI where it has no place being.

I definitely think there is potential in the Queen story, I think there are incredibly eccentric and compelling characters to be shown and there is potential for an epic story of the rise and fall of these titans. However even though given all of this on a silver platter Bryan Singer fell flat on his face and made a boring drag of a film. I understand some people say the film is just trying to be fun. Firstly the heavy dramatization and characterization of Freddie (albeit an incredibly basic one) shows it is trying to be somewhat a serious drama. Even if I am just wrong and am ""reading too much into it"" and it is in fact just a fun Queen film, it failed as it is drawn out and boring. The film isn't exactly shockingly terrible in terms of cinematography it is mediocre, however due to the extreme lack of substance and poor pacing this standardized cinematography does nothing to make the film anything more than abismal. The flashy advertising and idea of this film may coerce you into seeing it but it is honestly the worst film I have seen all year and not worth your money. This absolutely incompetent film offers nothing more than only the information of the band matched with a Queen soundtrack and some flashy colours behind it.",1
Bohemian Rhapsody,Because I mentioned something about Bryan Singer of course,1
Bohemian Rhapsody,"Very poorly written, no real story arc and not really based on true events

If your a Queen Fan, watch the full Live Aid set online and enjoy yourself much more. The film ends up basically being a 2 hour montage of a Queen tribute band",1
Bohemian Rhapsody,"Whether you like Queen or not, this is one terrible film. It is so bad in so many ways. The actor who plays Freddy, has two things right. Freddy's posh accent and his teeth. Maybe Freddy was not very bright, but he was as charming as he was talented and he was a gymnast on stage. I have enjoyed Malek's work in other movies but his characterisation of Mercury makes him look like a cross eyed vampire ( the teeth thing). On the concert stage Rami just looks awful. Mainy times in this film you are actually embarrassed for his Freddy. In fact some may find Rami Malek's portrayal insulting to Freddy's memory.

So, you might think never mind, just go for the music, and that never really happens. We only get silly, little carelessly selected snippets of the music of Queen. You rarely get to sit back and enjoy the band.

The writing is just putrid bad. Long periods of clumsy sentimental nothingness, and then a little bit about the band.

Save yourself the time and money. Go for one of the documentaries on Queen that have been popped out recently.

Just saying this because I am surprised a bush effort like this is so largely praised. This time the critics were right.",1
Bohemian Rhapsody,For a film about a man who changed people's opinions of AIDs and HIV there wasn't enough in this film. If you had no idea of HIV and got all of your information from this film you would think you would get it from winking. I just hope that Rocketman has more in it.,1
Bohemian Rhapsody,"For a band like Queen, and the 20 years they were originally around, you'd think that making a biopic was never going to be difficult. Over the top music, unforgettable pop hits, amazing one-off singer, brilliant guitarist, drummer and bassist. All songwriters in their own right. A tragic end. Where could you go wrong...?!

Well, if you want to know how to get it wrong, this film writes the rule book. Rami Malek supposedly gives an Oscar winning performance, but as someone that has followed Queen since their 1974 performance on TOTP (of Killer Queen), it was a terrible bit of casting. Fred most definitely had big teeth, but why they thought Rami Malek with a juggernaut driving out of his mouth would be like him, is anyone's guess.

The story is part lies, part truth, part garbage. Anyone with a cursory knowledge of Queen knows Fred never fell out with parents, knows Queen didn't split up, knows Freddie was diagnosed 2 years after Live Aid.

So hey maybe this was made to be ""theatrical"", but wasn't the actual really story good enough for Brian & Rogers vanity project?! We can only speculate the reasons why, but the end result is pretty clear why Sasha Baron Cohen walked away. At least his reputation is intact.

An insult to the band, their music, to Freddie, and every victim of the AIDS epidemic, made simply to boost the Queen ""brand"" for the Adam Lambert years.

In the words of Freddie himself ""..... Insane, should be put inside... .....a sewer rat decaying in a cesspool of pride...."".",1
Bohemian Rhapsody,How in the world does this film win best drama at the Golden Globes let alone even qualify for it???? It's nothing more than a propaganda film that whitewashes the truth about a great band and the great musicianship of Mercury. There's a reason why Sacha Baron Cohen didn't want to do this role - because it left out so much about Freddie. This film had NO STORY and is unworthy of being called a movie.,1
Bohemian Rhapsody,Inaccurate exploitation of Freddie's talent. Movie was made with the other members of the band but they did not give much accuracy to the events. Which is really a shame and shows they are trying to squeeze everything they can out of Freddie's talent.,1
Bohemian Rhapsody,"There was so many inaccuracies in the film, that it's hard to stomach (other than the fabulous music by Queen). What irritates me the most is that Val Kilmer DIDN'T win the Oscar for The Doors in which he sang every song himself and the real Doors music plays and you can't tell the difference. He WAS Jim Morrison. To give an Oscar for lip-syncing and the director (who is amazing) didn't even give Rami brown contact lenses?! I won't go into the inaccuracies, because that would be spoilers. But for one, Freddie didn't know about his Aids until after the Live Aid concert and he never left Queen for CBS. Of course, the idiot agent played by Mike Myers also never existed. Overall, it wasn't worth the Oscars.",2
Bohemian Rhapsody,"Why did you have this actor impersonate Freddie Mercury? Ruined the movie! Physically he has nothing to do with Freddy. Anyone who loved Freddy Mercury can't stand this frail little guy with no shoulders who impersonates him in the film. Did you choose him just because they are both of Indian origin? Unforgivable mistake.

Why did you have this actor impersonate Freddie Mercury? Ruined the movie! Physically he has nothing to do with Freddy. Anyone who loved Freddy Mercury can't stand this frail little guy with no shoulders who impersonates him in the film. Did you choose him just because they are both of Indian origin? Unforgivable mistake.",2
Bohemian Rhapsody,"The movie in it self is a solid 5/10 mainly because of great acting, but the editing is just... awful. The scene where the band sits around the table has over 60 cuts with an average shot length of 1.88 seconds, and that's just terrible. It's like the editor didn't think the dialogue could maintain suspense so he just made a cut every 2 seconds.",2
Bohemian Rhapsody,"Rami Malek. That is the only thing worth a damn in this film. There are times when he does seem so awkward, when his dialogue seems so ridiculous, that it takes one out of the film. But Rami gives it his all, and in the best moments, he represents Freddie Mercury beautifully. The physicality, the contrast between Public Freddie and Private Freddie, and the business side of Freddie, are all played brilliantly. The problem is that the rest of the side look like they are putting on a school play, for want of a better analogy.

Even before seeing the video essay, I knew there was a serious problem in the editing. It took a lot for me to be able to put my finger on it, but the outdoor cafe scene in which Queen is pitching themselves to a manager is quite possibly the worst-edited scene I have ever seen. The complete lack of any shot in which all four members of Queen are visible at the same time is flabbergasting. Especially when you stop and think about how some of the greats would have blocked the shots. There are plenty of photos in which Queen are standing side by side, and those photos are quite arresting. How a director in their right mind could fail to make at least a couple of wide shots with all four members of Queen in frame is a mystery for the ages. Then there is the constant whiplash going back and forth between members of the band for no readily apparent reason. And this is just the go-to example of the bad editing. There are plenty of other moments in which the film seems like it was cut by a meth-addled monkey with a meat cleaver. And the worst thing with respect to the editing is, it is not really the editor's fault. Bryan Singer shot this film so poorly, making such ridiculous shot choices both in angle and composition, that frankly it is a miracle that our editor could cut anything worthwhile together. Maybe that was why the editor won the Oscar? For salvaging an edit that is at least watchable out of what every visible sign in the film we saw tells us is a broken mess of shots?

Oh, and the factual errors. Oh boy, there are so many of them. From the plainly obvious getting dates wrong to the claim that Queen had barely been playing together for a few months prior to Live Aid, it is all so fake that it does anyone who is curious about Queen a massive disservice. Probably the worst example of this is that although he was struggling with the disease for a couple of years prior, Freddie was not diagnosed with AIDS until April of 1987, about twenty-two months after Live Aid. And although it is unclear exactly what Freddie said going into the recording sessions, he did say to the press that he would work until he died. Until he dropped, but the nappy-net of IMDB will not allow me to tell you exactly what he said. Urban legend has it that he told the other members of Queen that he wanted to make one last album as a way of spitting in death's face. And this is where I really find the overemphasis of the film's titular song so irritating. Innuendo, the song, is by a ridiculous margin Queen's best work. The anguish of a man dying in terrible pain and his hope that Humanity will rise above what it was then (and still is now) thumps out of every note of Innuendo.

Which brings us to the real problem not only with Bohemian Rhapsody the film, not only with biopics, but also Hollywood. The world for the most part has moved on from Top 40 sensibilities. Hollywood, on the other hand, remains stuck in this mentality of tell the people what they want, then sell the people only what we tell them they want. Granted, Hollywood occasionally deigns to give us a great and Innuendo-level doom piece like The Batman, but films where someone who knows the band, or even the surviving band members themselves, breathe(s) down the neck of the director, can only end in tears. Freddie Mercury parties were Swinging Off The Chandelier affairs, but apparently certain people wanted the audience to think they were kindergarten level.

I am so glad that David Bowie's life has been handled in films like Moonage Daydream, where a real artist was able to give an idea of what the man was like through the use of the man's work. Because for artists who were as daring, musically and personally diverse, and mind-opening as Freddie deserve the kind of biography that Moonage Daydream was. Not this garbage they farted out with the name of Queen's most remembered and most painfully overexposed song. The one that Innuendo is a PhD. Thesis to that kindergarten crayon essay.

Go out and read a book about Freddie, look at what the other members of Queen became after Freddie died, and just think.",2
Bohemian Rhapsody,"The music carries this movie. Freddie is portrayed ok but is not shown to us some Of his actual real life struggles (aids and his death). The last concert is quick and boring. The ending is disgusting by just summing up Freddie's death in words; has this director ever heard of ""show don't tell"". Some of the facts in this movie are wrong compared to what happened in real life. I'd understand if they twisted the facts a little bit to accommodate the story, but it doesn't help it. All in all the pacing sucks and it doesn't portray queen and Freddie properly.",2
Bohemian Rhapsody,"This movie is an absolute joke and a disgrace to Freddy and Queen. The soul crushing, cliche and corny scenes and moments destroy any ounce of decency in this sloppy attempt to try to make something meaningful. The cuts are ridiculously distracting, the other band members have terrible performances, and the story could've been taken to a whole other level if they had started the film at Freddy's downfall.",2
Bohemian Rhapsody,"First of all, this movie delivers, there's no doubt in that. Acting is on point (Malek steals the show right away), visually is alright, and the script is pretty tight.

But... What the hell went wrong in the editing room? Like, you've got a decent amount of exquisite raw footage ready to be mixed and you screw it like that? Really? Pacing is just plain awful. Unnecessary cuts here and there are just painful. And that ending was just... no. This ain't it chief.

So to wrap this up; This should have been a masterpiece, but they decided to make an amalgam of weird pacing and bad editing that sums up an enjoyable light-hearted collage about Freddy Mercury and the boys. 7/10",2
Bohemian Rhapsody,As a queen fan i was looking forward to this film. struggled all the way through. i do not understand why malek won an oscar..he was trying too hard and not at all like freddie (ive watched freddies home videos and it is nothing like him.. the actors were not good at all..cringe). it was more like spinal tap! just awful.,2
Bohemian Rhapsody,"This movie has a lot going for it. The problem is that is just to realistic, so much that the entire film just becomes so boring that I just thought oh boy this is just to much realism for me. The acting setting and music is perfect but it just gets extremely boring very fast cause the film does everything a 100 pro cent correct. Maybe it's just me maybe I am completely wrong in my opinion but when a movie bore me to sleep I cant just lie and say that the film was great even if it does everything absolutely right. So maybe other people will like the film and I can completely understand that but for me it was a big mess sorry.",2
Bohemian Rhapsody,An awful movie. Factually innacurate so many times. Acted with no soul. Script is awful. OK if you are 10-15 years old and/or you want gloss rather than substance. Avoid,2
Bohemian Rhapsody,"The acting was pretty good, especially the Brian May character and Mike Myers' cameo. Malik did well as he portrayed the soft-spoken Mercury. He got the teeth right, but not the cheek bones. It's actually a bit boring. The scenes in the recording studio are the only interesting scenes. And some of the facts and timeline were mixed up. Not planning to see it again. I'm better off watching Queen's performances on YouTube.",2
Bohemian Rhapsody,"I didn't understand the last part at wembley. What's the goal? Globally 2h of wasted time, enjoy Rocket man instead.

This movie is just another occasion of making profit on a dead body.",2
Bohemian Rhapsody,"Honestly, I'm sure most people who read this review have probably seen the film by now. It's made huge box office results, split critics but loved by audiences, as evidenced by its (current) place on the IMDB top 250. It recently got Oscar nominations and Golden Globe wins, showing that this review is not going to stop people from seeing it. However, it's frankly underwhelming, far below the standards set by the larger than life band. That's not to say there aren't positives about the film: 1)- Rami Malek is fantastic as the lead part. Despite being a huge fan of his work in 'The Pacific' and 'Mr Robot', I was unsure about how well he would do as Freddie Mercury. However, he truly knocked it out of the park with this one. He makes the frontman seem far more complex and interesting than the film's script ever does. 2)- The Live Aid sequence is great (although it does suffer from some rather dodgy CGI crowd scenes). It gets every little nuance of the performance down to the tee and reminds you how Freddie Mercury and Queen were like no other band ever. 3) Obviously, the soundtrack is fantastic. Honestly, I think Queen's music is likely the reason why this film scored so highly on IMDB. A great soundtrack can cloud people's judgements about a film, since those songs will stay in the hearts and minds of people for years to come.

The big problem that the film suffers from is the script. There's just nothing particularly interesting about it, considering its exceptional star. The first 40 minutes of the film is easily the worst aspect of the film. We never know why or how Freddie became a singer or how he became such a great singer. He and the band hardly seem to struggle at all before they get signed by a manager and become a mega-success. It seems more like a Wikipedia summary rather than a full-fledged, structured script, that features a horrendously embarrassing cameo from Mike Myers ( with the most unsubtle in-joke ever featured in a film).

Freddie's relationships with the other characters are also incredibly weak. Despite the controversy beforehand, I can't say I took too much of an issue with how they deal with Freddie's sexuality. However, it does seem a little odd that Freddie's biggest relationship with his female partner Mary. Whilst it does feature more of Freddie's sexuality later in the film, it does seem strange that he never really has an impactful relationship with anyone other than Mary. Even still, her character is so weak that we never really get a sense of what she meant to Freddie. One minute, they're in love and the next minute, Freddie admits his sexuality and leaves her. It's rather odd that the film didn't attempt to expand on this. Furthermore, I felt sorry for John Deacon (not a producer on the film) , considering Brian May and Roger Taylor (both producers) seem to get most of the credit for the band's success. They get the most screen time in the film besides Freddie, most likely due to their involvement with the film's production. Mind you, all the characters are pretty two-dimensional besides Freddie. I wouldn't have been able to distinguish any of the band member's if it wasn't for their already well-known status (and their wigs). Take away Queen's music and you get a cookie-cutter portrayal of a man struggling with his fame. Nobody would even be talking about this film if they hadn't licenced the music from Queen. It honestly reminded me a lot of Clint Eastwood's 'Jersey Boys' in terms of how the film was structured. It's just one event after another. They make hits without ease, with some melodramatic squabbling thrown in. Like that film, I never understood why Freddie falls out with the band. One minute, they're getting along and making hits and the next, he decides to leave them. I didn't hate this film. I was singing along to all of Queen's songs and the band has certainly dominated my Spotify listening since watching it. The film just never arises above what could've been a fantastic movie. Queen deserved better than this!",2
Bohemian Rhapsody,What else would we expect from Hollywood's cultural appropriation? The gay seduces him; the straight family and Mary-thegood guys-are damaged by the egoism of being gay. How predictable. How insincere virtue signalling.,2
Bohemian Rhapsody,"Was this movie meant to be about Freddy or Queen, since none of the subjects was treated properly? It's shallow and deceiving. Better listen to Queen's Greatest Hits than watching the movie. Chronology is all messed up. Malek has nothing to do with portraying one of the greatest figures in the history of rock and roll. Freddy was not always behaving like a spoiled girl. He could look, act and speak also manly, an aspect that Malek fails to show. There were better documentaries made more than 20 years ago far better than this movie. Nothing about solo projects of Roger's and Freddy's. King Rat, Seven Seas of Rye, Save Me, Flash Gordon, Barcelona... not mentioned. And the Tribute concert?",2
Bohemian Rhapsody,"As a big fan of Freddie Mercury and Queen, this movie let me down in a big way. You couldn't do a more boring movie about a band with the most colorful lead singer of all time. I was hoping for a lot more depth to the characters and a much more raw take on the history. I'm also one of few people who thought that Rami Malek's performance was really annoying.",2
Bohemian Rhapsody,"Freddy Mercury's teeth were nowhere near as crazy as Rami Malek's prosthetic teeth. This was a caricature of Freddy Mercury, superficial in many ways. Just go and look at any of the interviews. His accent was not nearly so pronounced as the accent Malek was doing. This is just a well meaning stereotype of a beloved musician.",2
Bohemian Rhapsody,"Maybe all it takes to make a good biopic about a musician is a good lead actor and the music itself. Everything else felt lacking to me. I genuinely thought it was the worst edited of all the Oscar nominated films this year, which is why it's win boggles me. I guess stan culture has crossed generations and blinded people to what quality filmmaking actually is.",2
Bohemian Rhapsody,"Malek excels but not enough for me to bump up the score for it. The movie was atrocious. The writing was all over the place, your story is non fiction and the only thing I can remember bring good is the set design and Malek's performance.",2
Bohemian Rhapsody,Every aspect of this film is a disgrace to the legacy of Queen.,2
Bohemian Rhapsody,"Freddie's character and actions were captured expertly, even if his story was not.

This movie's primary conflict was Freddie vs himself, or Freddie vs Paul. This arc is shown quite well, allowing us to sympathize with Freddie's misguided actions and his true desires at the same time. However, this arc is fully completed with approximately 45 minutes left in the film. This forces the story to rely on a secondary arc, Freddie vs the band, but that arc also ends with 30 minutes remaining. The film then turns to a tertiary arc, which is Freddie and Jim, or Freddie vs his parents. By this point, we are so far removed from the primary climax that this tertiary climax feels like the movie is truly dragging on beyond its boundaries. But there is *still* 20 minutes left after this third arc is completed. The result is that the Live Aid concert feels exactly like watching a concert. Most of the emotional attachment has ceased long ago, and while watching Freddie perform is fun, there is no reason to include it in a film unless there is an emotional reason to do so.

So how do you invoke an emotional response from the Live Aid concert? The answer is extremely simple: show what actually happened.

In reality, the second arc, Freddie vs the band, is *entirely fictional.* Now, this movie needed a secondary conflict since the primary conflict ended so early. One band member selling out is an extremely common trope for the music genre, but it can be forgiven if it actually happened. However, that did not actually happen for Queen. The band continued to play live shows, and they even had to cancel some of their regular shows to attend Live Aid. There was no hiatus and no internal conflict. Including this cliched arc can also be forgiven if no other conflict actually occurred, but that is also not the case (which I'll discuss after a couple paragraphs).

I propose that the movie should have been made by showing the truth. Freddie vs himself, the primary arc of this film, should become the minor arc. It will occur first chronologically, but it is still the secondary arc. After that is complete, the completion of the tertiary arc, Freddie vs his parents, can then occur, or it can be removed completely since it is not known to be a true event. Finally we reach the primary arc of the film: Queen vs the world.

In reality, most people had forgotten about Queen before the Live Aid concert, and that concert reminded them that they actually enjoy Queen. Without that concert, Queen may have gone down in history as a successful band during its time, but also a band that could not live up to the rock legend status that they still have today. This concert was the life-or-death conflict for Queen, and it absolutely should have been the climax of the movie. Removing the band argument scenes leaves room for scenes showing the band's decline. Perhaps they perform at concerts that are only half full, or nobody in the crowd knows the lyrics to a popular Queen song, or they are rejected for a new record deal. Just as things seem hopeless, their manager pulls every last favor he has to get them a spot in Live Aid, and the band knows this is their final chance. Now instead of going into the concert emotionless, the viewer is filled with tension hoping that the band's performance is a success. Then the show begins and the crowd starts to remember how they love Queen. They sing along and get active...

The movie also said that every band got 20 minutes, which is another false fact. Each band got 15 minutes, but Queen played for 20 because the crowd loved them so much. Even in the film's version, there is no reason to leave this fact out because it only serves to make the band look better.

... Then once their 15 minutes is up, they begin to walk off stage. The crowd begins chanting ""Queen! Queen!"" and the concert director tells them to get back out there. BAM! That's an epic climax with the crowd's love as the conclusion. Now the final 5 minutes of the concert is all the ""wasted"" time in the movie, and it feels like an excellently satisfying ending rather than the 45 wasted minutes at the end of this film's original script.

I believe it is absolutely inexcusable for this movie to show such poor screenwriting ability when the best script is simply a historically accurate depiction of events.",2
Bohemian Rhapsody,"I'm sorry.. This movie is REALLY bad. First of all, the PG13 rating becomes an obvious hindrance about half way through. Your gonna make a movie about a 70s rock/glam band and make it PG?!! LAME... Second of all the time line is WAY off. I'm not a huge Queen fan but as a fan of music in general I was constantly laughing at the time line. I won't get into it all but anyone with a passing knowledge of popular music will call BS... performances are decent but man this movie sux.",2
Bohemian Rhapsody,"Another movie I have watched recently that started giving me a headache because for the most part, the scenes change every 2 seconds ! Why would a director do this ? I don't get it.",2
Bohemian Rhapsody,This is an extremely shallow portrayal of a once great star. It seems like every opportunity they had to show a little humanity they used as an opportunity to do a highlight real of some type of modern pop version of a classic. Instead of diving deep and show people who this guy really was they just gayed him out and made a dispensable millennium flick. Its really sad because this had everything to be a great movie but as it sits its just a cartoonish looking highlight reel of what could have been.,2
Bohemian Rhapsody,"This should be called Bohemian parody. It was extremely laughable. Main character who tried to be Freddy with his fake teeth and bad wigs looked like some bad parody extra and how he got an Oscar for this is the biggest mystery ever. I'm not even that big of a fan of Queen and still I was offended how lazy the script, editing and basically whole thing was. I guess kids love this kind of shallow garbage these days. I couldn't even finish it.",2
Bohemian Rhapsody,"About as predictable as a movie can be, to the point of insult. also, why must movies like this story stray so far from how things happen in real life? it's weird. people with even a modicum of intelligence know why this movie received the praise it did and his very little to do with the merits of the film or the performances. Make this movie 15-20 years ago...its treated the way it deserves; as a second rate rock biopic that plays it safe. Make it now in the current climate...its great and blah, blah, blah. Freddie was the lucky one to get out of this disaster. Shame on the writers and producers, shame on the remaining members of Queen, double shame on the Academy, and shame on us for A) not recognizing the agenda or B) ignoring it because its easier that way.",3
Bohemian Rhapsody,"Just too dull, felt like the movie just skimmed the surface all the way through, no depth. Turned it off half way in and watched live Queen performances on YouTube instead.",3
Bohemian Rhapsody,"Too shallow for an artist breaking free. Apart from this, why is there no movie of Janis Joplin?",3
Bohemian Rhapsody,"The actors are poor, they make Freddie appear more unlikable than he is, this film is crap. The music saves it but I'd rather listen to the CD. It's a great shame.",3
Bohemian Rhapsody,"I am not a homophobic but, they made too much of the fact that Freddie Mercury was gay. Rami, was impressive as Freddie, but exploiting the gay component of this movie killed it for me.",3
Bohemian Rhapsody,"I must have been watching a different movie from what other reviewers watched. I was very disappointed, especially with the main actor. I can't understand how he won an Oscar. This movie has tarnished my great memories of Queen and growing up in the 60-70's Very Disappointed",3
Bohemian Rhapsody,"The Oscars have really low standards these days... this movie had the feel of a made-for TV movie. Awful costumes and makeup, terrible British accents and a very generic plot line copied from the Ray/Walk The Line formula. Easily the worst best picture winner I've ever seen.",3
Bohemian Rhapsody,"So silly and obvious. When even the closest thing to band turmoil immediatelyis resolved by a bass line and them writing a hit song (Another one bites the dust) you know it's dumb. No introspection, no heart. Nothing but the classics and some bad accents.",3
Bohemian Rhapsody,"The music is great, and that's a fact. Unfortunately the filmmakers used that to push out a complete cinematic failure to roaring applause of fans. Rami Malek is a great actor who deserves an Oscar but not for basically doing a 2 hour long Freddie Mercury impression. The movie's high point is the big finale, the low point is any time Queen isn't playing louder than the dialogue.",3
Bohemian Rhapsody,"Aside from the performances, which were wonderful, and the soundtrack, this film is a jumbled mess. Starting with a horrendous script, filled with questionable directing and mediocre cinematography, finally rounding out with some of the worst editing since Taken 3. Big ups to the editors for trying to save the film, no thanks to Singer, but ultimately it only compounded the garbage. Frankly, Malek deserves a nomination just for having to wade through that nightmare. Queen fans will like it for the soundtrack, as well will those unfamiliar with the band. However, this film will not stand the test of time.",3
Bohemian Rhapsody,"With all the hype, I was expecting a fantastic film. Very disappointed. I really wanted to like this movie.",3
Bohemian Rhapsody,"Really disappointed in this film. I expected many moments and did enjoy hearing old songs. Especially the song alongs at concerts. But the last 20 minutes was then at Live AID- did that define the group? Much of this was slow paced, predictable and repetitive. There were many plot lines left ... did he go after the trucker in the bathroom? Why did his wife stay with him? How did his HIV status impact his band relationships? During this time (1985) I volunteered for AIDS Walk LA and NYC and people would hear AIDS and fear contamination and immediately freak out. So the scene when he tells his band mates about his HIV status (they hugged) was totally inconsistent with the reality I saw first hand. Rami Malej looked the part but was not worthy of the Oscar win - his character was not so complicated. Sadly I wasted time viewing this - thankfully someone else purchased it and loaded it to us. Hello",3
Bohemian Rhapsody,"This movie, along with every performance, especially that of Ramy Malek, is barely above TV movie level if any. It felt rushed, choppy, incomplete and slightly cheesy. Maleks overly mannered performance was irritating and made worse by the huge appliance in his mouth to make the Freddy overbite.",3
Bohemian Rhapsody,"The film was boring, just watched it for the music. Watched it three different time and had to turn it off due to lack of interest. The film was slow paced and there was definitely bits that could have been cut

It's understandable that it has to tell a life story but it just wasn't interesting to keep me hooked. In the bit I did see it gave great insight into the character of Freedy Mercury.

When you take into consideration the incredible music that Queen have released, this film could have made use of more of it and made it more entertaining

This is just my view and I am biacist in a way as l normally wouldn't watch long real life stories.",3
Bohemian Rhapsody,I couldn't watch more than 15 minutes before my irritation with Freddie overwhelmed me. Also the choppy plot and lack of character development was simply too irksome.,3
Bohemian Rhapsody,"I was not that impressed with the story line of Bohemian Rhapsody. I realize that it was probably true, but why did they have to show Freddie talking on a public pay phone making eye contact with a truck driver going into a public restroom in slow motion? To emphasis his homosexual nature? Ok, I get it, but I didn't need to see that. Or asking his girlfriend to move next door and turn the light on when she was there to show she was thinking of him? Weird, but not much of a story line. Or showing his many cats in the house all the time? Freddie's overly flamboyant attitude? Freddie's lackluster appreciation of the producer, who was great, but portrayed in the movie as an asshole. Where was Brian May playing great guitar and the fabulous Roger Taylor who sang a lot of the high parts? I would have rather seen concert footage of the real band. A very sad, tragic movie with grandiose, off the wall moments, which had very little impact and did practically nothing to inspire the audience in a positive way.",3
Bohemian Rhapsody,"I don't understand the hype around this movie. I was hoping that film would be made similarly to Straight Out of Compton...where you are taking through the background and progression of the group but that is not the case. The movie doesn't talk about any of Freddie's childhood, where he learned to play instruments/sing, what got him interested in music, what shaped him to be the person he is.

NOPE! Instead we are dropped into the night that he meets the band it just goes from there. The director spent so much time talking about his sex life that they almost forgot that he was in a band. There is no progression of how the songs were made or anything. Instead, they briefly introduce the name song and boom, its already written and perfectly performed. The best part of the film was the final scene where they perform at concert, that was pretty epic (and the only reason that I am giving this any stars).

Overall: Worth a watch if you have absolutely nothing else to see or do.

P.S. Can we get a redo of this film with a different director?",3
Bohemian Rhapsody,"I wanted to like this. I mean, I liked some of it. The music bits maybe. The acting...okay. The story and depictions of the bands fame and the band behind the scenes. Terrible. Then there's the ending. Why end like that. Why reenact a great moment in music history with terrible extras and a fake stage and festival. Just woeful!!!!!",3
Bohemian Rhapsody,"I really don't understand what everyone, Oscars included, saw in this movie. Rami Malek is horrendously overrated and overacts in everything. There is barely a storyline. The main character has no redeeming features. He is a total a**hole to every person that cares for him, for which nothing is offered in explanation except that he is a quippy diva and it's fine for quippy artists to be like that. The only other explanation, in what has to be one of the weakest villains in movie history, is that his boyfriend was sort of manipulative. The finale is about Mercury coming back onto the public scene after a period of unbridled self-indulgence, not for the good cause of helping starving people, but because it serves his own massive ego. What a character.

This is not to say of course that Freddie Mercury wasn't a massive talent and that Queen was (and is) a band full of generation-defining talents. But rather than deal with this and the (I'm sure) incredible personal journey that Mercury went through, we instead get a bunch of power ballads stitched together with some sassy, trailer-ready one-liners and a smattering of almost-complications.",3
Bohemian Rhapsody,"The moment I saw the film's title was Bohemian Rhapsody I knew it was going to be shallow. It is not the worst bio pic ever, some good points are, of course, the music and the decent sensible way they portray Mercury's sexuality and the AIDS problematic. The band characters made a good work at lip syncing the shows, the main actor also does a good job with his performances, despite the fact you can tell he's not singing (when you lip sync you have to actually sing with your mic off, because people can tell if you are just moving your lips without air even coming in and out).

The entire first half of the film about the formation and early success of the band feels off. Mercury was quirky, charming and honest. However the film character was a weirdo who already spoke like a super experienced rock star from the get go, but had no charm or attractiveness, to the point of feeling a bit scary. The rest of the band were portrayed as nothing special. They pointed out repeatedly how misfit and rebel they where, but they just looked like 3 nice small town lads.

The second part was more of a typical children's film where there is a villain who lies and confuses the main character and makes him betray his real friends. He eventually finds out, unmasks the villain on a rainy night, and goes back to his friends for forgiveness. That's alright if they wanna play safe, but at least do it in a way where you can actually convince the audience emotionally and show some depth or uniqueness to the piece. One good thing about this part is that Rami Malek is finally on point with a believable character.

The way they come up with the hit songs is just so laughable. It takes away all the weight of those anthems, and turns them into Ohh let's play with the bass and Ohhh all of a sudden we have a hit riff or Yeahhh let's have some audience participation. The only song where one can feel a transcendent connection with the moment of the character is Who wants to live forever. Beautiful part.

Where is Bowie? Where are the naked waiters in lavish parties full of cocaine? Where is the struggle to succeed? Where is the confusion of fame gone out of control? Where are the geographical adventures? Where are the real disjunctives of life? Come on, it's the 21st century and we are still scared of showing some disturbing human rawness? That's what happens when the bio pic has to be authorised by the remaining band memebers...",3
Bohemian Rhapsody,Flat and boring. Greatest singer and creature of all the time dont deserve avarage movie like this. Timelaps 0 Private life 0 Only bright side is Malik 9/10,3
Bohemian Rhapsody,"Very disappointing. The movie itself is nothing special, it's just a trite arc of success, despair and redemption. Execution is poor: everything seems dialed in, and the movie fails miserably in involving the audience and give some emotional depth. Also, I thought they would tell more about his life, and give some insight - they do not.

The biggest reason for the failure is Academy Award winner Rami Malek. The truth is he's light-years away both from the greatness of Freddie and any kind of resemblance to his persona. Malek is only capable of hysterical blank stares with occasional weasel smirks, depriving Freddie Mercury of all of his irony, thoughtfulness, sweetness, energy, and grandeur. Malek's performance is the epitome of overrated and overblown.

On a positive note, listening to a dozen of Queen hits played loudly at the cinema is something really great.",3
Bohemian Rhapsody,"Bohemian Rhapsody - While it is inaccurate in some areas, ""Bohemian Rhapsody"" miraculously looks in on the life of Freddie Mercury, and the band Queen, showcasing a great cast, good humor, and a fantastic soundtrack.",3
Bohemian Rhapsody,"This epic piece of beautiful garbage is something to look at. Enjoyed the whole movie, the cuts, the acting, the story and the music. But to find out how absolutely inaccurate and flat out false(flat out lies!) the entire screenplay is historically?! WHAT? We depend on biopics to be accurate and made up movies to be .....made up. Freddie Mercury's diagnosis, the band ""breaking up"". How he got in the band? How he met his wife? All fiction. All drama. They never broke up! nothing happened the way they showed it! it's basically complete Mercury worshipping crap! The movie is framed to be a story about a prodigy and sole credit to Queen that undergoes hardship due to his sexuality. That's it! That's what they film! they make a bunch of crap up that never happened! If you care about history and story and origins of icons, the fact that this went to the Oscars should either astound you or say a lot about you politically if you support it. The narrative is exactly what we all know it is, but nobody wants to say it; Todays controversies written into popular cultural history. Way to go everybody that gave 10 stars to a movie about one of the greatest bands in history that lied about the entire story. I guess made up stories matter more if they fit the 2019 story. Thanks a lot. This was my favorite bands movie. A lie.",3
Bohemian Rhapsody,"This movie could have been so much more. But the producers failed in my opinion. This movie was like an oatcake to me, bland on its own but when you add a topping it's still dry but less dry except the topping is a soundtrack. 3/10 would not watch again.",3
Bohemian Rhapsody,"I'm a fan of the music, I'm not a fan of this film. For me, Malek's portrayal of Freddie Mercury is too dominant. It sucks so much life out of the film that all the other characters seem somewhat 2D. Except for a few brief moments, you could be forgiven for thinking that all the other band members made only minimal creative contribution to the band. Which may be fine if you like Malek's Mercury, but I'm not a fan.

I'm not a fan of his teeth, which seem exaggerated to the point of caricature. Kind of like a dental codpiece. I'm not a fan of codpieces. And I'm not a fan of his makeup, which at times makes him look like he has a serious eating disorder, and only serves to exaggerate his teeth even more.

I'm not a fan of a 24/7 flounce. I get it. Freddie was gay. But repetitive reinforcement of this took up space that could have explored the rich complexity of his nature. An opportunity missed. Mercury deserved better.

Finally, I'm not a fan of the smouldering man pout. I am so not a fan of the smouldering man pout. I hated in the TV series Poldark. I disliked it in this film. Always a cheap theatrical device. Always an irritant.

I don't doubt I'm amongst the minority in reviews of this film, but I'm not a fan.",3
Bohemian Rhapsody,"Went in with an open mind and without having read any reviews. I like Malek as an actor - but his interpretation of Freddie was SO off, it was hard to watch. First off - the teeth. Whoever is responsible for ""fitting"" those should NEVER work in the industry again. They were either poorly made or misapplied - either way, it was huge distraction and made this nearly unwatchable. Malek was so clearly uncomfortable with the teeth, it seemed like he had a dry mouth problem and he was struggling to keep them in. The way he played Freddie - I imagine the actor watched some YouTube clips of old interviews and used those to develop his character. Except Freddie wasn't really his natural self in an interview situation ... he could be a bit stiff at times, sometimes shy and a bit awkward. Rami is monotone and robotic in his delivery, he lacks the vitality and hearth of Freddie's deeply intricate soul. Truly a vain and glossed-over portrayal of a complicated individual ... this film is a true tragedy and bad at every angle.",3
Bohemian Rhapsody,"""And following Him was a large crowd of the people, and of women who were mourning and lamenting Him."" - Luke 23:27

There is nothing wrong with a biopic that twists the truth a little to keep the plot going. but when the story of a people, icons, is interesting enough to make a movie about them, why create false drama where there is none? why tell lies about how they handled their career or when they got sick and how? eventually these stories would be considered as true stories and the lies of Hollywood will blend into the history books. I do not want a world where we learn history from movies. I want a world where historical biopics focus on the truth, without making vomit-inducing-cut-storms and crazy wacky false tales about a rock-god just because they want to recreate a famous live performance",3
Bohemian Rhapsody,"Utterly mediocre in its best portions, unbearably bad in others. Multiple instances where the writing and direction are indisputably bad; cringe-inducing dialog, pointless shots, oversimplification and melodrama galore, subplots that go nowhere and make you go hmm. Rami Malek is good and I like the guy too, but there were many MANY better performances last year than this.

This had so much potential.

Generic 100 Genuine 0 Heartfelt 0",3
Bohemian Rhapsody,"I'm sorry for not being in tune with most reviews, but let me explain why before you blast me. I'm a huge fan of Queen but I have to be honest.

I don't think that as a movie this is a great piece. It just limits to get four people, trying to make them look like Queen as close as possible, pick some basic moments we all know since ever and make a scene for each. About the story it gives us no surprise, no novelty moment. In fact it covers the ""other side"" of Freddie's not with the attention it deserves but as a simplist caricature. Finally, and that can't help to annoy any Queen fan, it rewrites the truth for drama purpose. The ridiculous idea to put Freddie's knowledge of his illness before Live Aid, to put its performance as anger farewell performance, including a pretentious last visit to his parents sounds like a nightmare.

I know people wanted to love the film because they love Freddie. Same happened to me. But I have to be honest with myself. This is just one more episode of Brian and Roger milking the cow to the limit.",3
Bohemian Rhapsody,"As a former Queen-Fan I liked the music, but the movie is really bad. And Rami Malek is miscast, Freddie was so much more of everything. Little jokes here and there like in a TV series. Horrible.",3
Bohemian Rhapsody,"What an overrated movie

mr malek has the poses and the fake teeth, but he cant bring across the inner feelings of the rock diva

the rest of the band are just statists

boring writing and direction, very conventional, missing the drama

the live aid reebactin just repeats the same camera movements over and over again, no convincing crowd simulation

the only good thing is the poster and the trailer

if you wanna watch a goog music biopic, go and see born to be blue with ethan hawk as chat baker instead.",3
Bohemian Rhapsody,"This movie is an amazing flick to bang out to the tunes of Freddie and pals rocking up stages, but it flops on telling aspects of the true Freddie story to keep the film 12.

An example of the lies are for the Live Aid show. Freddie knew about it and didn't wanna do it. However, in the film, he just doesn't know, and seemingly begs for a spot.

Wouldn't recommend honestly.",3
Bohemian Rhapsody,Only good music of Queen helped me to survive the overdramatized acting of Freedy character and poor cast all together. Would recommend to listen music on your stereo or watch good documentary about Queen rather than this.,3
Bohemian Rhapsody,"Mythical heroes are hard to make movies about, especially rock 'n' roll stars. After all, how can a wild, prolific celebrity like Freddie Mercury possibly be brought down to Earth with the rest of us?

""Bohemian Rhapsody"" tries to humanize him, and it affords Rami Malek plenty of showboating in the role. If for nothing else, it's a movie that's in love with its subject. The rags-to-razzmatazz Queen biopic worships the ground Freddie walks on with a devotion that borders on fetishistic. Hell, sometimes it just makes Freddie into Rock 'N' Roll Jesus. (A pivotal scene in the third act finds Freddie confiding a secret to his bandmates inside a church, as if they're his feather duster-haired disciples.)

The original director, the troubling Bryan Singer, abruptly left the project, and how much of the film he completed before dropping out is unclear. Yet his fingerprints are all over ""Bohemian Rhapsody."" The concert scenes - and it feels like there are hundreds - have all the coldness, sterility and grandiloquence of one of his ""X-Men"" films. Like the rest of the movie, they're edited within an inch of their lives and too often confuse blinding backlights for dramatic heft.

The movie tracks Freddie's rise, as well as the band's, in a blurry, relentless cavalcade of dramatic arguments and shows. Freddie, in his 20s and with a garish fashion sense, yearns to break into the music world, and he meets his would-be bandmates (Gwilym Lee and Ben Hardy) outside a pub. They need a lead singer, he wants the gig, and one hour and many montages later, they've added a bassist (Joseph Mazzello) and recorded four albums, and Freddie's realized he's bisexual.

All that hurried hullabaloo envelops a blustery record producer (Mike Myers), a serpentine manager (Aidan Gillen), and Freddie's romance with Mary Austin (Lucy Boynton). Boynton is underutilized in the film, but so is everyone. The other members of Queen have zero personality apart from their tremendous wigs - their interchangeability is a bit like those homogenous dwarves in The Hobbit series.

Yet the film's larger problem lies in its failure to find deeper substance to the band and their continued popularity. Queen, an ordinary band with an extraordinary lead singer, has been turned into a myth on par with more interesting musicians like Elvis Presley and The Beatles. They've been the basis for a wildly successful blockbuster stage musical, ""We Will Rock You,"" and everything from ""Guitar Hero"" to ""A Knight's Tale"" has cashed in on their legacy. They feel less like a band than a product, and ""Bohemian Rhapsody"" happily hawks said product at sixteen bucks a ticket.

The movie jitters between subjects, sometimes examining Freddie's sexuality or raucous personal life, sometimes looking at the band's musical process, but never marrying these focuses together into anything coherent. This rote structure recalls Freddie's own opposition in the film: ""I'm tired of touring,"" aren't you?"" he says to the band. ""Album, tour, album, tour. I'm sick of it.""

That Malek manages to act through his ridiculous prosthetic teeth is the film's biggest achievement. But his peacocking and hip-gyrating only thrust skin-deep. Malek, like his other talented colleagues, never gets to play a human being. Nobody in ""Bohemian Rhapsody,"" least of all Freddie, wants anything, has any goals. Malek simultaneously brings something liberated and something robotic to the role, as if every step, every tilt of the head, had been carefully choreographed weeks before shooting.

And yet, despite the film's litany of problems, there were moments I was drawn into the action. Some of the quieter, slower scenes gripped me, and for all its playing fast-and-loose with the band's history, I left ""Bohemian Rhapsody"" feeling that it's largely harmless. It doesn't bring any of the subtlety or emotion to Queen that, say, ""Love & Mercy"" did for Brian Wilson, but ""Bohemian Rhapsody"" is a comfort film first and foremost, a marshmallow sandwich between two slices of white bread. Surely (and hopefully) there will be better movies about Queen, but few, if any, of them will have performances as virtuosic as Malek's.",3
Bohemian Rhapsody,"The problem with this kinde of film is that you are likely to recollect ""The Queen"" as though they were exactly as depicted in the film. Maybe I'm wrong, maybe people after seeing the film, will go deep in order to better understand. It made me thinking a lot listening to Freddie Mercury saying to his father that he wasn't suppose to became anything and that he didn't recognise any root to be followed. Actually I do feel the some urge to not follow anything and to not accomplisch any expectation.",3
Bohemian Rhapsody,"I admit that I am not a fan of Queen, although I appreciate their talent and their body of work. Freddy Mercury was undoubtedly a charismatic performer and has rightfully earned his legendary status. However, this actor comes nowhere near to conveying Mercury as I remember him. Just donning a pair of false teeth does not do it, for me. As for the script and direction, to me it adopts all of the worst cliches of biopics. So much so that it was laughable. I really cannot understand the support that this film as experienced. I may be in a minority, but sorry, for me it was a complete dud.",3
Bohemian Rhapsody,"This movie lives solely on the music of Queen and presents absolutely nothing interesting on its own.

There are fantastic Biopics, that are not only a recounting of all facts known through wikipedia, but a statement of interesting filmmaking. Take for example American Splendor, I'm not there, the Wolf of Wall Street or even Loro currently in cinemas.

These all have their very own approach to making a movie whereas instead of watching Bohemian Rhapsody, I could have just read the Queens Wikipedia entry while listening to Queens Greatest Hits Album...",3
Bohemian Rhapsody,"I love Queen. Freddie is a legend. This movie is not good. I didn't have high hopes, but I thought it might be kind of interesting. I actually can't stop thinking about how bad it was.

First, what was the point of this movie? Was it supposed to focus on Freddie? Was it supposed to be about Queen? It didn't focus on the other band members much at all, and I was left wanting to know more about them.

It jumped from one significant event to another. Queen was formed and then BAM suddenly they come out with A Night at the Opera and then WOW they're playing stadiums. What about their other great albums? What about their rise to fame?

Rami Malek did a pretty okay job at playing Freddie, but he was portrayed as kind of vapid which I'm pretty sure is not how Freddie was. I also had issues with the portrayal of his sexuality and his death. We all know that stuff, but I feel like the movie just looked over that. Fine, I'm sure the writers didnt want to focus on that, but I mean... Suddenly one day he is gay after looking at a trucker? AIDS was mentioned maybe twice in the movie, but the AIDS crisis was a pretty significant event in the 80s and, you know, Freddie had AIDS, so maybe a bit more focus on that would have been good? I would also have liked to have seen a little more about his relationship with Jim Hutton, rather than just Freddie ringing Jim's doorbell and then suddenly he is invited for tea with Freddie's family and then they spend the rest of Freddie's life together? Also, what about Freddie's relationship with his family?!

The movie focused way too much on performance and the big songs rather than on Queen itself and the effect Queen had and still has in the music world. Also why did they have to recreate the Live Aid performance? I can and have watched it online numerous times, I don't have to see actors recreate it. It would have been better of they just showed the actual footage or had the footage interspersed throughout the movie performance. I know that is where the writers wanted to end the movie, but it wasn't a good ending, sorry.

The directing was also kind of terrible. The fast back and forth during conversations is unnecessary. I love cats, but why were there so many shots of the cats? And during the Live Aid performance, why did they keep focusing on Mary and Jim and then the fake audience?WHY?!?!

I am a fan of Queen and Freddie, I know the music, I've watched the performances numerous times, and I know the history. If you're one of the people that didn't know about these things before, I feel sorry for you. This movie probably introduced you to the hit songs, but that's probably it.

In conclusion, only see this movie if you want a very PG-13 version of Queen/Freddie, if you don't know anything about Queen/Freddie and want a really bad/ shallow/ inaccurate/ incomplete look at their lives, or if you want to be disappointed. Why did it have to be like this.",3
Bohemian Rhapsody,"This film is a slog throughout most of its run time and the film feels like it was edited in a blender. As a story it just doesn't hang together very well and the film is not even sure what type of story it is trying to tell. Is it a rags to riches story that leads to self-destructive behavior? Is it the story of a band forming and having a falling out? Is it a the story of a bisexual man pulled in opposite directions by his heart and society? Is the story an artist kicking against convention especially his family's disapproval? The film tries to tell all those sorts of stories and it short changes all of them by doing so. Perhaps the film is trying to be like the song Bohemian Rhapsody in the mixing and matching of genres and plots. But it becomes a muddled mess that is real bore to sit through.

Worst the film is very much in love with Freddie Mercury the performer; the man not so much. The treatment of his bisexuality is shameful. The Paul-Freddie relationship and the subsequent AIDS material has all the hallmarks of a gay/AIDS panic film of the 80's. Add in that Paul is cast as usurper and seducer (as well as the extremely underdeveloped relationship with Jim) and the film treats bisexuality as a medical condition and moral failing. Freddie Mercury did not have queerness forced upon him. It is shameful the film does this.

It is also shameful that the film add ad hoc meaning to a lot of the songs. ""Another One Bites the Dust"" is not a song about men dying from AIDS. The film really forces the greatest hits into contexts they don't belong. The recreation of the songs is pretty good, and of course given they are using remastered tracks they sound great. But their narrative meaning is rendered weirdly. It just doesn't feel right.

Likewise, Rami Malek, while he give a pretty good performance, isn't quite right. He is ever so slightly not Mercury in his being and much of the film feels like a skillful impression as a result. Add in the use of the actual Mercury vocals and the very poor writing and the central character falls into something like the uncanny valley. I don't believe that voice is coming out of the guy in the movie because it isn't.

Nonetheless, the musical sequences are polished and they are dazzling recreations of the shows. When the band is playing the film is quite good. I can only speculate that this feature is why the film has been embraced by so many. It doesn't hurt that the best sequence-Live Aid-occurs last and leaves a warm impression leaving the theater. But looking back you realize how much crap you had to sit through to get there.",3
Bohemian Rhapsody,"The acting is great by Eami Makek but that is the only redeemable quality of this generic rock film. From any filmmaking perspective this film fails. Has the odd feeling of being cheaply made, especially during an early montage scene of Queen touring America where it appears that they are on the same stage wearing the same clothes shouting out different cities- ""Thank You New Orleans!"" Thank you Portland!"" I honestly thought this whole sequence might have been filmed in an afternoon. Not even sure they're actually in front of an audience at any point during this nonsensical thing. Freddie Mercury is the only band member given a personality. The other members just wander around and play basic character types- mostly just being annoyed by Mercury's antics. It's easy to see why the living members of Queen authorized this- the film does nothing but adore its' subjects and the only member of the band under any scrutiny is not around to defend himself. It's really bad.",3
Bohemian Rhapsody,"Just so badly written, edited and performed. Truly shocking this was nominated for anything at all.",3
Bohemian Rhapsody,"I had been looking forwards to this. Queen were a great band, the reviews had been enthusiastic, but the experience of watching it fell short of my expectations.

The entire film felt contrived, a construct by Brian May and Roger Taylor. The pre Live Aid schism was inadequately explained, and flawed , the gratuitous multicultural crowd shots during Live Aid were historically inaccurate. The narrative a disjointed cut and paste.

Mercury's compulsive sexual behaviour is awkwardly shown, as is his personal relationship with manager John Reid, whose character was poorly written, particularly in contrast to his portrayal in the Elton John biopic ""Rocketman"". Aiden Gillen's Reid here is insipid, and anonymous. There is no hint of his business or sexual prowess, Richard Madden's portrayal in ""Rocketman"" smoulders.

The making of the film was disrupted by a false start with Sacha Baron Cohen dropping out as Freddie, and veteran Hollywood Producer Bryan Singer also leaving for Dexter Fletcher to complete the project. It shows. Current Queen manager Jim Beach is on the production team ensuring that the image is as favourable as possible. It feels like a feature length promo.

I found Rami Malek as Freddie irritating, superficial and lightweight. The dynamic of his relationship with Sarah Austin never worked, or was convincing. Lucy Boynton as Sarah Austin performs well, and looks good, yet she feels like a plot device, rather than a person. Malek is strong in being fey and affected, weak in demonstrating the force that Mercury was.

As a film, rather than documentary, it has clearly succeeded. The music is strong, memorable and well presented. But I found the work as a whole unsatisfying.

Comparisons with the contemporaneously released ""Rocketman"" are inevitable. The distinction is clear. ""Bohemian Rhapsody"" relies upon the personality of a dead man, and is produced by third parties with a personal interest in the favourable depiction of their supporting roles. ""Rocketman"" is an Elton John project in which he dares to bare his soul rather than rely upon the music to carry the day.

""Bohemian Rhapsody"" taught me nothing. There were no facts or insights of which I was unaware as a music fan. Following the success of the musical ""We will Rock You"" the film was the logical last piece in the artistic Queen jigsaw. As a stand-' alone music film it is pretty good, but only because of the live music sequences, particularly Live Aid. Led Zeppelin's Jimmy Page must look on ruefully at the way in which Brian May has kept the money tree blossoming without Mercury.",3
Bohemian Rhapsody,"I have been a big fan of Queen since I was a kid and it was such a jaw dropping experience to see this movie. Is some of it inaccurate? Yes absolutely. But that didn't bother me. If you like this movie and take it for what it is, you'll have an amazing time.",3
Bohemian Rhapsody,"I'm going to be frank, I did not like Bohemian Rhapsody. The story writes itself, and that's part of the problem. There is very little effort put in and it feels like the director skimmed Freddy Mercury's Wikipedia page and whipped this film together as a cheap cash-grab on the legacy which Freddy made for himself with little care on providing a deep, respectful, and meaningful biopic on the legend of Queen.

The biggest problem with this film is its blatant disingenuous nature, opting for Hollywood cliches over either fact-based story-telling or fantastical surreal execution. What results is a muddled mess which is neither true to life nor outrageous enough to capture the spirit of Freddy Mercury at any point, instead opting for a middle-ground that takes the shortcomings of both approaches with dull, drawn out bits of melodrama which never goes deeper than surface-level and moments of artistic liberty with about as much artism as Freddy the Hedgehog and as much liberty as North Korea. I find myself disgusted knowing that Sacha Baron Cohen's R-rated version of the film would have been much more interesting than what I'd watched, and I expressed the same concerns over Cohen's ideas that the surviving band members did. This film is so safe and laid back and set on preserving Freddy's image that it makes AIDS seem better than a common cold, and is filled with numerous sex scenes ripped straight from daytime television. To say that the film was sanitized would be an understatement; this film is about as uncomfortable with its homoerotic subject matter as Catholic priests are with adult women. The scene of Another One Bites the Dust was so dated in its portrayal of homoeroticism that I thought the movie should have been called Freddy Goes to Hollywood. With its PG-13 rating, there certainly could have been more done in terms of the sexuality, and especially given the Freddy's AIDS there certainly should have been much more touched on here and it should have been a bigger focus rather than the fluffy melodrama before this point. If you're going to do a film about a legend, it deserves only the best, deepest, most sincere telling one can give, especially when this film goes on to portray Freddy as a perfectionist and then hands the directorial duties over to Bryan Singer, director of mediocre, soulless, sub-par blockbusters such as X-Men: Apocalypse and Jack the Giant Slayer. If this film wanted to be a great one, it should have been more like Walk the Line, a serious and gritty film about the lives of those in the band, or it should have been Whiplash, a crazy wild ride that sacrifices realism in favor of bashing you over the head with stupid, stylish, vacuous, guilty-pleasure no-holds-barred entertainment.

Rami Malek did an excellent job as Freddy Mercury, and the interactions between he and the bandmates are some of the only bits of livelihood in this otherwise paint-by-numbers Hollywood film. Though much of the melodrama was overlong and petty in the grand scheme of things, the actors did a fine job bringing scenes to life with some charm despite lackluster pacing and proper editing (Perhaps the filmmakers were running out of tape and had to make do with a single cut.). Malek brings an energy to Mercury that is miserably not met by any other element of the filmmaking process, and the creative overdubbing from multiple voices to mimic Mercury's is practically seamless and renders the aspects of the film outside of musical performances utterly trite in comparison, as I found myself struggling to stay invested in the in-between parts.

The soundtrack is decent, but lacking a few staples in Queen's career. Notable exclusions are Stone Cold Crazy, Death on Two Legs, Bicycle Race, I Want It All, and One Vision, which are each among Queen's greatest tracks. Instead, we get two versions of Bohemian Rhapsody, Keep Yourself Alive, and The Show Must Go On. This could have easily been remedied with more focus on the music rather than petty infighting with the band, allowing more songs in the movie, and with less redundancy in the film itself regarding tracks which appear more than once. There is also a grave missed opportunity to portray David Bowie performing Under Pressure with Queen, which would have been incredible especially given Bowie's recent death and comparable legendary status as a musician. Instead, Bowie receives a single passing mention in the film and not a single legendary artist mentioned are shown performing (eg. Jimi Hendrix, Elton John, or even REO Speedwagon who hardly have much of a legacy to tarnish). Several songs are even out of order in the film, such as the second version of Seven Seas of Rhye, Fat Bottomed Girls, and Another One Bites the Dust.

The inaccuracies are plentiful and too numerous and too important to ignore, especially given the pseudo-factual presentation of the film. Much creative liberty taken throughout the film's plot destroy the film's credibility throughout. In reality, Freddy discovered his condition after the Live Aid concert, and even the concert itself was no matter of difficulty as the band hadn't broken up, and Freddy's solo project was not a problem for the band, and Queen was not squeezed into Live Aid last minute as the film portrays, and Freddy did not give an emotional speech about his AIDS just prior to the performance, as all of these contrivances were added to appeal to the generic Hollywood drama formula. Even the formulation of the band is gratuitously simplified and given that boring ol' Hollywood sheen, and thus literally every element of the film must be brought into question as I truly believe at this point that not a single moment in this film is true to real life. Is this the real life? No. It's just fantasy, and the true shame is that it's not even a self-aware way, which would make such liberties borderline acceptable.

If you want a great biopic about a legendary musician, watch Walk the Line, and if you're not interested in Johnny Cash then there's certainly nothing worth watching I suppose. If you liked this film, you're certainly allowed to, but many people I've seen praising this film simply love the band Queen and the soundtrack of the film and they overlook the unforgivable shortcomings of this shamefully lackluster motion picture. If you insist on bringing your family to this, you'll have to Tie Your Mother Down, otherwise she'll be leaving in offense as she grew up with Queen and truly cares about the legacy this film abysmally fails to tell.",3
Bohemian Rhapsody,"Yesterday I finally watched the film and I was left hugely disappointed.

Characters of the movie are barely developed, events are extremely compressed and none of them were given enough coverage, the director doesn't quite understand what deserves the viewer's attention: was it Freddie's bisexuality, his wild parties, his loneliness, his flamboyant character, his relationship with his father, his love for music, his vocal abilities, etc. etc. etc. There wasn't nearly enough drama despite his untimely demise. Nothing was given enough screen time unfortunately. The film turned out to be bland and flashy, with very little substance.

Freddie Mercury deserves at the very least three full-featured films each 3,5 hours long. This film doesn't do him any justice.",3
Bohemian Rhapsody,"The reviewers are correct. The movie plays out like a Youtube video of Queen. So why don't we all just watch a couple of Queen documenteries for free on Youtube then ? Good actors boring film. Because its like spending millions of dollars to re-shoot a Queen documentary with actors. It doesn't make any sense at all. It's like spending a million dollars to re-create a tomato rather than going to the store to buy a real one for almost no cost. The film has ""Watch the real thing on Youtube"" written all over it which is not good. Don't care if Brian May or Spielberg produced it either.

I'd rather watch a Freddy Mercury based movie with a complete fictional story say like a dark twisted erotic action thriller than this.

The movie made me feel a bit stupid. Like when you take a photograph with your cell phone of an actual printed photograph. Or like when some people use their cell phones to take photographs of another photograph on a computer screen.

They could have made an action thriller with Freddy Mercury character for the lead role. Explosions, machine guns, sex, opera houses and rock music. That would be interesting to watch. Instead they re-shot a Youtube documentary. Wake me up when Freddy Mercury is a character in Mortal Kombat video game or has his own action movies.

Ideas for the producers for erotic action thrillers :

Freddy Goes West, Freddy's Back, Tales from the crypt : Innudeado, High On Mercury, High On Mercury 2 The Opera House Tapes, Unshaved and loving it, The Vengeance Of Mercury, Planet Mercury etc..",3
Bohemian Rhapsody,"I am quite disappointed from this movie. Firstable the story itself is quite intresting, which is quite favorable for the director. At the moment the movie begun, I was sure of what we will see at the end. I would even say that it underestimates the spectators. The movie tends to explain some details of the life of Freddie in a very artificial and appropriate way, for instance - ""I have a big mouth, my voice cover 4 octaves"", the initial game with the mic stand etc. We all know that the band insisted to show the peak of the career, but with such an artist like Freddie I feel quite offended of the quality of cinematic art presented there, I would say that the movie rely on the glory of Queen and thats all. Another suspicious scene was when Freddy announced to the group that he has AIDS - they hug him right away. During the 80's there was no that much information for AIDS, so I really doubt that people with families and kids would hug a HIV positive person, no matter what. Freddie, giving a press conference was the only moment when the director used some effects and it was really bad, it can't be compared to what Gaspar Noe could have done with that scene showing that Freddie is high. Malek tried his best but could not save the whole movie and to be fair, Cohen could handle this role the better. The make up and the artificial teeth gave a caricature image of the whole character and in some moments it was much close to parody. And to be honest, Life Aid is not the best moment of Fredfie and Queen, you can see so many people there, but come on, this is Queen, its not enough for Queen. Lets also not forget that Freddie was intentionally contaminated with AIDS, this topic is not at all in the movie. We all know that the members of Queen insisted on how to present the story, but its too old, too boring, there is nothing original in it, it is censured, so I really doubt that Freddie would have enjoyed such a view.",3
Bohemian Rhapsody,"Starting off with a quick paragraph, this film was bad. As in I didnt like it. The plot feels random and messy and the characterization and acting leave a bitter taste, and here's why.

Plot: The story was all over the place, not sure what it wanted to tell the viewer as its filled with mainly annoying sassy moments with highs and lows with no real meaning, symbolism, plot direction, etc.. it's supposed to tell the story of the infamous band queen but instead feels more like a look into egotistical behaviour.

Cinematography: There were lots of great shots and transitions strewn throughout this film and I really enjoyed the quality of the production. However a lot of scenes were splayed randomly but that's more to do with plot than anything.

Acting: Okay, okay. I've heard everyone say what a good job rami malek did of portraying Freddie, but I disagree. The prostectic teeth they had in looked way over the top and made his speech very muddy. He also acted in a way where you just wanted to strangle him the whole time.. no matter how Freddie was I just dont understand in a movie all about how great a person and band was that you just make the viewer hate the protagonist so much.. I mean he is a damn right all the way to the end. Drug addict, cheater, betrayer, bossy, egotistical and the list goes on.

Overall: I wouldnt reccomend this film at all unless your a die hard queen fan, and dont mind messy films. The redeeming factor in this film is how good and cool the concerts and song design are. But that's about it and you can just watch those scenes on YouTube and save yourself a couple of hours.",3
Bohemian Rhapsody,"Freddie Mercury deserved better than this. Looking at the trailers, Bohemian Rhapsody was poised to be one of the most memorable movie events of 2018. However it all comes down to the execution and story. There is a good film hidden in Bohemian Rhapsody but it seems that the film offers mediocre performances (execpt for Rami Malek), a screenplay that feels like half Wikipedia page and half Queen fan fiction, and horrendous editing that literally bleached my eyes.",3
Bohemian Rhapsody,"Queen is an incredible band but the movie was painfully average. Cheesy dialog, unnecessary scenes and bad special effects. Can't complain about the acting tho and of course music was amazing. Don't waste your money for movie tickets, recommend watching it at home.",4
Bohemian Rhapsody,"Based On a True Story Of The Late Freddie Mercury And How He Changed The Entire Music industry And How He Showed The World And Everyone To Show What Great Singer That He Was And He Will Always Be a Music Legend Singer Even Listing And Hearing His Greatest Voice That He Ever Had And Even To This Day Everybody Of The World Still Like Listing To His Iconic Queen Band Songs From ""Bohemian Rhapsody"", ""Don't Stop Me Now"", ""Killer Queen"", ""We Are Champions"" And ""We Will Rock You""... Rami Malek Delivers a Remarkable And Brilliant Performance As Freddie Mercury i Thought Rami Malek Played Freddie Mercury So Well And He Was Awesome He Even Looked And Sounded Like The Real Freddie Mercury And i Have To Say This is The Best Performance Roles Since Val Kilmer Played The Late Jim Morrison in Oliver Stone's 1991s ""The Doors"", Bohemian Rhapsody is Truly The Best Biography Drama And Origin Movie Of How Freddie Mercury in The Early Seventies Since The First Time That He Met Brian May, Roger Taylor And John Deacon Before Freddie Came Up With An idea Of Making And Calling a Music Group Name That Name is Called ""Queen"" And How Freddie Mercury First Met His Girlfriend Named Mary Austin Before His Party Days By Fooling And Sleeping With Different Guys including Paul Prenter And Only Carrying About Himself And Not The Queen Band... Till One Day He Found Out That He Was Diagnosed With Aids And That Completely Changed Him Forever And Before His Final Days He Called Up His Old Queen Band And He Asked Them That He Has Aids And That He Doesn't Have The Much Time Left in Him And So He Tells Them Let's All Of Us Play Together Again As a Group And That Evently Led Them To Perform At One Of The Greatest Music Concerts Of All Time Of The Eighties And That's Called ""Live Aid"" While Performing Some Of Their Queen Songs That Changed The Entire World Forever The Entire Cast Of Bohemian Rhapsody The Movie Were Terrific Epespecially Lucy Boynton As Mary Austin, Gwilym Lee As Brian May, Ben Hardy As Roger Taylor, Jurassic Park's Joseph Mazzello As John Deacon And Mike Myers As Ray Foster Even Thou He Only Has a Small Part Role in it But Still it Great To See Mike Myers in Biography Film Not Since He Started in ""54"" The Movie And How He Played The Real Life Character Who Owned The Real Club Studio 54. And Bohemian Rhapsody is Directed By Bryan Singer Who Directed ""The Usual Suspects"" And Valkyrie With Tom Cruise. This Film Goes Out To The The Real Queen Music Band Group But Actually This Film Really Belongs To The Real Freddie Mercury 1946-1991 And i Would Say That He Will Really Proud That This Young Excellent Actor Rami Malek Who Played The Freddie Mercury Character in The Movie Extremely Excellent And He Must Really Pleased May The Real Freddie Mercury With The Coolist Voice Rest in Peace.",4
Bohemian Rhapsody,"'ll be short, I'm not much a Queen fan (I mean, I like some songs, but I've never followed the band. Mainly because I was born some years after Mercury's death) so I believe I'll have a neutral vision about the movie (I'm far from being a hater too).

Anyways, the songs scenes, like the composition of some sounds, how the band was innovating, and etc is what the movie does best, besides the acting (mainly from Rami Malek) of course. However, the movie fails on actually being a movie, there is no clear narration of events here, I mean, sure the movies shows the band's ascension, until what was probably their peak, but there is not actually a story, some things come and go, and you never see a anything evolving. Like that the first agent Freddy fires, he makes a huge treat and stuff, but we never see him again, and other things too.

But as said before it is hard to make a good cine biography, is also hard to judge it, sometimes I don't know how exactly I'm supposed to grade it, was it made for the fans/followers? Was it supposed to be a romanization of the real story? And here, I believe they tried to do something for the fans, which is completely ok, but for what I've seen, there are actually tons gafs/mistakes throughout the story, and what indeed happened, I saw a lot of real fans complaining. So, at the end, what is the point on try to be for the fans, and ""real"", while you are ignoring a lot of important details of the real story?

There is not much of a learning curve here, besides kind of a forced one at the end, and the movie is basically a bunch of scenes of shows and Queen's amazing songs cut together. Just will not give a lower grade, because of the songs (which are truly great), and Malek's performance, he deserved the Oscar nomination, the movie did not.",4
Bohemian Rhapsody,"I love Queens Music. Wanted to like the movie, thought it was poorly acted. The Oliver Stone movie The Doors is a thousand times better.",4
Bohemian Rhapsody,"Without Queens music this film would've been incredibly boring indeed. Felt like I was watching an amateur production, which was a shame as Freddie Mercury and his incredible talent certainly made an interesting subject for a film. I felt the story was skimmed over, and rushed through. Plus Freddie's teeth were never as bad as Rami's were made to be. Disappointing film but a soundtrack like no other will ever be!",4
Bohemian Rhapsody,The band for people who don't like music. The only thing more inexplicable than the success of Queen the band is the success of this movie. Incredible for all the wrong reasons.,4
Bohemian Rhapsody,"In addition to generally sticking to the facts, the film had two major things going for it: Rami Malek's amazing performance as well as a strong desire to entertain the audience. The film will definitely get your blood pumping and feet and body moving....and at times it feels like you've been in a time machine and are actually seeing Queen in concert. Overall, exceptionally well done and inspiring.",4
Bohemian Rhapsody,Good Movie Good Musical deserved every award nominations the movie got great acting from Rami Mallick as Freddie Mercury And Mike Myers a Radio Executive Emi This movie is great along with A Star Is Born with Lady Gaga and Bradley Cooper I Enjoyed This movie who doesn't like the music of Queen good story too sad story about his life I Give this movie 4 stars I recommend other bio Pics Like Rocket Man (2019) The Rose 1979) A Chorus Line Inspired By Michael Bennett Early Life when He was part of A Chorus Life All That Jazz Bessie Smith movie Gable and Lombard with Jill Clayburgh Rip and James Brolin this is a Great Movie Freddie Mercury would be proud.,4
Bohemian Rhapsody,"This is the most generic film I've ever seen in my life, rami malek is an awful actor that looks like Freddie bought in the Chinese market",4
Bohemian Rhapsody,"The best way I can describe this movie is an amazing performance trapped inside a boring movie. Rami Malek absolutely hits it out of the park as Freddy Mercury but the script is not on the same level. It takes a very PG approach to on the most R rated people in music. The movie itself is filled to the brim with horrible editing, camerawork, and performances. Bohemian Rhapsody just ends up feeling like a huge amount of missed potential. It is not all bad but it could have been so much more.",4
Bohemian Rhapsody,"Where to start on how parlous this movie is?

I'll be brief.

Let's begin at the end. In this day and age the recreation of Live Aid - that had many people drooling was, to me, like an early episode of Crossroads, all shoogly sets and appalling cutaways.

Do you really expect me to believe that the 'entourage' was gasping in the wings of the real Wembley?

Do you really expect me to believe that Rami Malek was performing in front of THAT crowd?

Now, let's consider Rami Malek.

Are you seriously asking me to salute you (the Academy) for awarding best actor to him in front of, for one, Bradley Cooper? I've seen every single best actor winner since 1994 and each and every one of them put in a better performance.

Wearing prosthetic teeth does not the great actor make.

The film is a pathetic wash over of a tragic life turned into a Hollywood fairytale.

It is utter garbage. With good tunes.

2 stars",4
Bohemian Rhapsody,"""There are amazing stories about Freddie Mercury,"" he explained. ""The guy was wild. "" However, Baron Cohen learned that these stories would not make the film. ""They wanted to protect their legacy as a band.""

Baron Cohen


That said, and having watched the movie with zero expectations since Sasha dropped the project, (not because of him dropping but for the reasons explained above), I must just confirm that he was dead right. Actually this movie could have been directed by Disney. This movie failed on so many levels, including massive distortions of well known facts that it is almost depressing to watch. Besides all the distortions which include the revelation of his diagnose just prior to the Live Aid performance, the band is characterized as angels sent to earth. There is not a single point in the movie that focus on the chemistry between the elements, and everything is reported on a very superficial level, that is actually sickening to watch after a while. The shots feel loose, and not connected at all, focusing just on some key events that are both distorted and close to the actual thing.

For those that know the Biopic of Jim Morrison ""The Doors"", let me saw that that's what a Biopic should be like. Admittedly, being a bit far from perfect, a movie from the 90s actually trumps this one completely, and in every single aspect. In the end, it's not even about the lack of explicit or let's say, a more deeper look in to the wild side. It is the craft itself that failed completely. From poor dialog to the plastic cast, from the bad writing to the loose direction.

I fail to completely understand all those high scores in here, but I guess they are; a) people that actually never saw a lot of movies in their life, and; b) not true Queen fans. Would this be the case, the score in here would actually match those of the critics. As a Queen fan myself I'm kinda disappointed, but again, I wasn't expecting much to begin with.",4
Bohemian Rhapsody,"I saw this film just moments ago and I'm really dissapointed. I'm not a biggest fan of Queen in the world (this goes to my girlfriend) but I know a little. It looks like a series of short episodes linked by the band. The film is making an impression that ""Bohemian Rhapsody was their second album. What about ""Queen II"" and ""Sheer Heart Attack""? And ending it after Live Aid? Just like albums like ""A Kind of Magic"" or ""Innuendo"" never happened. The same is for their contributions to various soundtracks. Wasn't ""Flash"" or ""Highlander"" important to their careers. The concert in Barcelona was very important to Freddie and was ommited by the filmmakers. Or maybe Brian Singer wants to show us ""Bohemian Rhapsody"" part 2. The rest of the film is OK. Actors, who played the band were great, soundtrack is quite good (maybe they should add a few of their less popular songs). But if you really want to see a good bio of a band tej ""The Doors"" by Olivier Stone. And I hope that if biography of my favourite Deep Purple will be made Brian Singer will stay out of it.",4
Bohemian Rhapsody,"So, I'm not a queen fan. In fact I'd go as far as saying I really dislike queen. Apart from one song. I think bohemian rhapsody the song is an absolute masterpiece. But bohemian rhapsody the film? I could not connect to it either emotionally or musically (apart from the odd time BR came up). Do you need to be a fan of the music to be emotionally attached to a music biopic? No - definitely not. I'm no fan of Elton John nor indeed the beach boys but I absolutely LOVED both Rocket Man and Love and Mercy. Both those films hit me emotionally. BR did not - and clearly that's nothing to do with the music. In fact I found BR boring. Can't blame the acting - Malek was superb. Maybe it was just too much of a cliche ridden crowd pleaser. 4 out of ten.....",4
Bohemian Rhapsody,Movie was pretty good but the main character was kinda gay /:,4
Bohemian Rhapsody,Jesus I just paid to watch this. Could have gotten a better movie on Logo network. Actually that would have been better. Teasing the audience with bits and pieces of music. Terrible wigs and teeth. So shallow totally undignified. What can I expect when all my idiot friends in Facebook and Ellen say it's a must see. Not if you know anything about Freddy or queen. What a rip off,4
Bohemian Rhapsody,"What a waste of time this movie was! Every single scene is a fökking cliché and all the conversations are painfully artificial. Spoilers below (hint, Freddy dies!!) Example: Everyone except bassplayer (nobody ever knows their names) and Freddy; ""I hate disco music!"" Band starts fighting. Bassplayer sits down and starts playing this stupid disco bassline. Fight brakes up. Everyone says ""wow that's actually pretty cool"". Everyone hugs. The guys playing Brian and Freddy are really spot on, but it's like the producers spent all the casting money there, and the dude playing Rogger looks like he's 15 throughout the movie. And why the fökk did the director think anyone wanted to watch a complete remake of their Live Aid concert? I can watch the original on youtube. And then the movie just ends, on a high note of course, not going into what could have been interesting details of how Freddy fought aids and of course unfortunately lost that battle. And the beginning is just as absent as the ending, with Freddy walking up to the band saying he likes them, the band saying they just lost their singer 75 seconds before (how convenient) and Freddy bursting out in song with the rest of the band harmonizing out in the middle of a parking lot. WTF is this?? A Disney musical?? And less than 15 minutes in the band is already touring the US. What about telling people parts of the story that they don't know already? And WTF is up with Mike Myers as a comic relieve? I can see the events leading up to that unfolding: Movie Producer: ""Sorry Mike, but no, we can't do another Austin Powers with you in some crazy makeup doing silly British accents, but we'll find you a role in something else"". Producer calls his assistant: ""What movies are we shooting right now? Only Bohemian Rhapsody you say? Well that will have to do! Mike, how would you like to play an eccentric record label boss?"" Mike: ""Only if I can do my bonkers British accent!"" P.s. they should have made a disaster movie about Duran Duran at Live Aid. Mike Myers would have been awesome as Simon Le Bon!",4
Bohemian Rhapsody,"Were all the members of Queen and everyone in their orbit really that self-centered and angry all the time? There was hardly a joyous moment, as everyone, Mercury's character especially, appeared to be so tightly wound. The overall production has the quality and depth of an after school special. How was this nominated for best picture? A boring puff piece that fails to build empathy or connection with the characters.",4
Bohemian Rhapsody,"Let me state: Rami Malek does a fine job as Freddie Mercury from a character perspective. But the films direction in having Rami LIP SYNC his way through the film instead of actually having to attempt his sound like Joaquin Phoenix as Johnny Cash or Jamie Foxx as Ray Charles is rather frustrating. The editing is also really awful. Abrupt cuts, an honestly hokey Live Aid CGI'd performance. It's just makes seem like a really high budget VH1 movie. Worst of all, it makes up a narrative that Mercury had done the live aid concert because he had contracted HIV. WHICH IS SIMPLY NOT TRUE. I actually changed my rating to a 4/10 while this review because besides Malek (not an Oscar winning performance IMO) the acting is rather average. Don't bother.",4
Bohemian Rhapsody,"That should have been the title of this fawning homage to the other band members of Queen. Apparently the three of them were saintlier than Mother Teresa with the patience and understanding and good will of all the saints put together. And newsflash, touring rock bands in the 1980s did not behave like the heavenly host.

Could have been a layered and fascinating movie about actual human beings, but instead we get this self-righteous claptrap of someone's idealized version of what went on. I suspect even Freddie would have been embarrassed by this band ""bio"".",4
Bohemian Rhapsody,"Bohemian Rhapsody, just another formula movie. Yes, this film is a telling of a historical character, Freddie Mercury and the rock band Queen. Of the two musical type movies (Bohemian Rhapsody and A Star is Born) nominated for this year's Oscars, my vote would have gone to A Star is Born. Not that BR is a bad film, it is not. It's just that the musical performances by Lady Gaga and Bradley Cooper in A Star is Born were originally performed by the actors.

I grew up in the Queen era and it was nice to hear all this ""old time"" rock and roll music again. Queen's compositions were very innovative and ahead of their time. Not a lot was known about Freddie Mercury and Queen. Yes, there were rumors and news stories in tabloids floated around. In the years before the Internet and social media rumors were just that, rumors. But in today's world, if it's not on Facebook or Instagram, it's not true.

Nothing against Mr. Melik. He is a fine actor and I can imagine the difficulty in playing such a demanding role. Not to say that Mr. Melik is not deserving of his Best Actor Oscar, I feel that Christian Bale's performance in ""Vice"" was just as complex and demanding. Both roles are based on iconic figures from history. And both actors did a convincing job.

Now the movie. As previously mentioned, the music was right on. It was difficult to tell if the soundtrack was re-dubbed by new artists or the original music from Queen. Although Melik did some of his own vocals, a lot of the concert vocals were dubbed by a new unknown artist. I am certain his name will be well known by now.

In the end, if you are looking to see all eight nominated films, by all means, watch BR along with Best Picture ""Green Book"". For me, it would be a tie between ""Vice"" and ""Black Panther"", then ""Green Book"" ""A Star is Born"" ""Bohemian Rhapsody"" ""BlackkKlansman"" and ""Roma"". As for ""The Favourite"" it is really not my cup of tea.",4
Bohemian Rhapsody,The movie is quite bad and the negative reviews are the ones you should trust. They all explain very well why this film is a missed opportunity. Enjoyable for non Queen fans maybe.,4
Bohemian Rhapsody,"I cant believe how many of people here are writing stuff like ""freddie defined me, this is amazing"" ""i was a huge fan of Queen at the time"", you are all liars.

Why do people feel the need to lie that they are fans of something. I will never understand that.

If you trully were a fan of Freddie you would know that this story is complete bulls*it. Nothing happened like in this movie. Even dates are thrown around like we true fans dont know when something happened and how it happened.

Why would you do this? I really dont understand.

And to simplify Freddie this much is a crime...

This is not a story about Freddie. This is just making money exploatation of a dead man. It is really a shame and it shows once again how resentful and jealous Brian May is.",4
Bohemian Rhapsody,This was the half of the story. Where is Rudolf Nureev in this movie? Wasn't he part of Freddie's life?,4
Bohemian Rhapsody,"It is clear to us that the biopics usually take their licenses to tell the stories, but what they did with this film is ridiculous, and it is an insult to ANY FAN of Queen. I understand that a millennial who knows absolutely nothing about the band or the history that surrounds it can take this production seriously, but from there to nominate it for an Oscar ... this speaks very well of how devalued these prizes are.

The only thing that can be rescued from this disaster is the performance of Rami Malek, who at times is brilliant, and the dedication that put part of the production in moving the compositional experience of many of the most famous songs of the band, managing to recreate scenes that thrill even those who are not having a good time being witnesses of this fable that is far from approaching the true history of one of the emblematic rock groups of the second half of the 20th century.",4
Bohemian Rhapsody,I think one good thing about the movie is that someone else has a huge opportunity to make another Queen movie and still tell the story because this one gave absolutely nothing away.,4
Bohemian Rhapsody,"One thing you should know about me is that I was a history teacher and hate most bio-pics and historical films. This is because too often they play very fast and loose with the facts in order to tell a more cinematic tale. While some of this happens in ""Bohemian Rhapsody"", the vast majority of the film seems true and isn't filled with fabrications. Sure, you can find a few examples here and there where the film changes dates and facts to make the story seem more inspirational...but a lot less of this happened than I expected.",4
Bohemian Rhapsody,"I really hate it when they don't pay attention to details....We Will Rock You was released in 1977, Super Freak by Rick James in 1981...YET Freddie Mercury is shown at a party dancing to Super Freak in 1976!!!!! Really this took me out of the movie....not impressed.....",4
Bohemian Rhapsody,"This was not a good movie... Thought I was gonna get a crash course in queen's history but got a bunch a quick shot, quick clip flick. Alzo don't think Malek's performance was Oscar worthy Don't believe the Hype!",4
Bohemian Rhapsody,"Everyone was hyping this up to be an Oscar worthy biopic that captured Freddie Mercury and Queen excellently...except it's not. The film never should have won 4 Oscars. Especially editing. God only knows how that happened. Anyway, don't get me wrong, it's a good film. It's definitely entertaining but my problem is I sometimes ask myself, would it be just as good without the incredible music? Probably not. It follows all the music biopic tropes bit by bit. The star starts off humble and likeable, but slowly turns to drugs and alcohol, he has a wee outburst and his friends stop liking him. Then he redeems himself and has a nice time.

My main problem with the film is just how safe it is. Freddie was a sex, drug and alcohol addict, and we get one F word?! What?! This guy was the edgiest man going, back then. I also found there to be no emotional depth. They try to make you feel sad for Freddie when he goes off on his solo career and the rest of the band dislike him for it. But when you remember that in the real word that both Brian May and Roger Taylor released solo albums before Freddie, it takes away all emotional meaning.

This feels just like another biopic that features queen music.

It's a watchable film and you'll get a fair amount of enjoyment out of it, but after seeing a biopic done right in Rocketman, I dont see myself going back to this one any time soon",4
Bohemian Rhapsody,"Please let me start by saying, at the time I was a close friend of Mary Austin.

Fred was, and still will be the greatest performer of this generation. This movie is full of fabrication for Hollywood mainstream. So many events never happened, and I'm disgusted the way Fred was portrayed.

Yes he was troubled and so very lonely for his time with us.

Shame on you Hollywood to profile the rise and fall of this great man.

I knew him well through Mary , and I knew the band briefly.

Rami Malik deserved the Oscar for his performance, but this movie should of been a 8 episode series dedicated to his life and with Queen.

For example Queens influence in the movies. Flash Gordon and highlander for example. Also Freddie's legacy.

Also the kiss he blew at live Aid wasn't for his sister, it was for the fans....",4
Bohemian Rhapsody,"I actually had very high expectations, another film with real life story written, should be exciting. It really wasn't, acting was fine, although sometimes I thought Malik was overdoing things and it wasn't convincing....the other actors were poor... I didn't learn anything interesting about the band, not much about Freddie. It was 2 h flick and I really wanted it to end 30 min earlier, very disappointed all together. Had a chance to see Malek's other films and actor performance - he was great. Somehow I feel he was really annoying playing Freddie, and really unconvincing.",4
Bohemian Rhapsody,"Just attended a pre-release of the film with great anticipation. So much hype had been made about the movie that it just couldn't fail to satisfy beyond believe.

I am disillusioned and highly disappointed after the event. Most of the film is taken up by talking heads interspersed with a song here and there. Only the last 10 minutes or so were great and that's how I remember Freddie was!

Rami Malek did his best, but he is no Freddie. I will rely on the many DVD's I own seeing the real man in action, who never failed to entertain beyond believe. Of his many great songs, the one I love best is 'Barcelona' with Montserrat Caballé which was featured at the 1992 Olympic Games. Freddie was a great lover of Opera and this song (not in this Film) shows that Opera and Rock can rock!",4
Bohemian Rhapsody,"This film is an excellent portrayal of queen and specifically Freddie Mercury and his relationships, how his arrogance over came him with the help of Paul Prenter and how he came to realize who his really family is and how much you need people in your life who love you. The music is excellent the story is changed for story telling purposes which is understandable and makes the film flow better but I wish more time was spent on Jim Hutton and maybe a bit on Mozerat Cabailler and her relationship with Freddie. So much to cover I feel that this movie did the great showman proud and introduces Queen to a new generation to discover the legends",4
Bohemian Rhapsody,"This wasn't the train wreck I expected from the reviews, but for a film with themes of not following a formula and getting experimental, it's pretty formulaic. I could've forgiven this if it had stuck to the real story or at least of made it interesting. Instead we have another average historical biopic with a stellar performance.",4
Bohemian Rhapsody,"Following Queen's historic rise from a London-based college-band to stadium-filling Rock royalty, Bohemian Rhapsody is a glossy re-telling of the band's major milestones and works. Audiences get to witness the genesis of fan-favorite anthems such as We Will Rock You and Another One Bites the Dust yet are rarely afforded a true and honest glimpse behind the curtain. Lead-singer Freddie Mercury, fully embodied here by actor Rami Malek, lived a life of countless interesting stories, yet the film settles for highlighting each of them instead of fully-examining any (Freddie's loneliness, sexuality, or ultimate battle with AIDS) in-depth. In fact, the film is almost completely devoid of an actual story, exemplifying the pitfalls of a plot-over-story approach to filmmaking.

The music, on the other hand, an amalgamation of Malek's, Mercury's, and Marc Matel's (a Mercury impersonator) voices hits all of the right notes. And speaking of hitting the right notes, Bohemian Rhapsody contains a rare Mike Myers sighting (behind a wall of makeup, no less!). Yet ultimately, Bohemian Rhapsody is nothing more than a crowd-pleasing music video - entertaining to watch while great music is being played but lacking any substance to become the preferred listening method.",4
Bohemian Rhapsody,"Malek was the best part of this film. Unfortunately, not even he could save this film that seemed more like a made for television special. The dialogue was contrived as were the Queen band highlights. I didn't have to pay to see this film yet I still feel shortchanged.",4
Bohemian Rhapsody,"The entire movie feels like a compilation of box-ticking scenes. It feels as if 30 different writers have been given tasks ""You do the name bit, you do the gay bit, you do the solo bit, you do the Live Aid bit..."" Snoozefest.",4
Bohemian Rhapsody,Just because you make a movie about interesting people doesn't mean the movie will turn out to be interesting. It's a shame they made one about a band not afraid to take risks and made it extremely bland and washed out cause that very band won't approve of anything else. This is low budget TV movie quality not award nominee quality.,4
Bohemian Rhapsody,"This movie really is highly overrated. The film is very slow, dialogues are implausible and boring, the characters remain caricatural (except for May and Beach), the camera work is simple and unimaginative and the direction is weak and uninspiring. But yes, the music, the music of Queen is of course great. But yes, the music, the music of Queen, we knew that already. The music of Queen is the only good thing, and the music and the music alone deserves a 10. But it would be unpalatable if this film won any Oscar.",4
Bohemian Rhapsody,"If you want a critics opinion on this film, wait for Christ Stuckmann to post his, as he surely will. Or watch Jeremy Jahns' vid on this movie, who has apx the same level skills, though I put Stuckmann a tsd higher up there.

I mention this because I think most of the critics who watched this are retards who are never happy. They wanted this film to ""expose"" Mercury, but the truth is he was really private and the filmmakers respect this, but it isn't hollow as some say, Rami Malek IS Mercury in this film, and truly shines. He shows enough depth, emotion and flamboyance to sell himself as Mercury. Same for Gwilym Lee, who is frighteningly similar to Brian May. The rest of the cast is fine, but many are truly wasted, especially John Deacon, who in reality was ""the secret weapon"" for queen, and made some of their biggest hits. He has one scene where he has some importance, but nothing else. I understand that since May and Taylor were some heavy influencers for this movie, so I advice them to grow a pair and respect Deacon, as well if there is a reboot for this movie in the future, as there is with everything these days. ( I'm joking)

But, back to Malek, as he is m a g n i f i c a n t as he lip synchs, sings and acts like Mercury, especially during the amazing beat-per-beat recreation of Live Aid. I got Soo much chills watching this. And his is definitely the strongest part of this movie, and deserves every award he can get. His true performance and the musical recreations of their music, elevates this to one of the better movies of the year I have seen, followed by MI Fallout and the traumatizing Hereditary. Go watch it, as it will mostly satisfy you, except if you want a tad more character depth or a better John Deacon, then you'll probably leave a little dissatisfied

But I have one gripe surrounding this movie, and it isn't the movie. Its that people hate it for ""straight-washing"" Freddie, which I say f**k off to those. I mean, sure, it's a part of what made him famous and important, but it wasn't HIM alone, which is what people seem to think. He had a genuine relationship with Mary, and it was the true one he had in his life. I don't mean to offend LGBTQ people here, and if I did, I understand why you would be, but Mercury and you are more than your sexuality, and this movie showed this. It shouldnt be a reason to judge a person or a film, for that matter, so please don't consider those proper criticism but rather whiny children who are never happy. Thank you.",4
Bohemian Rhapsody,"It wasn't what it should've been. The facts weren't accurate. And you can't do a PG13 movie about Freddie Mercury.. it needs to be R rated. It should've been more explicit. They barely smoked and there's very little sex in the movie. His whole life was based on the rock'n'roll lifestyle. Which wasn't very well portrayed in the film. His main romantic interest in the movie is Mary Austin which, again, isn't very accurate. His relationship with Jim Hutton was barely covered. The concerts scenes were too long. Don't get me wrong, I understand the movie is a tribute to Queen and that the performances were vital to the story, but they were the main focus of the movie. If I wanted to see Freddie perform, I could've watched the real him on youtube. I wanted to see his life. To feel his life. The movie showed only the surface of Freddie's existence. Because of that, I don't think people will remember this movie. Ultimately it's the director's fault for making it this way, not the actors. Each actor's performance was great. Rami Malek, Gwilym Lee, Lucy Boynton and Ben Hardy were phenomenal in it. They all looked like the real members. BUT it's a forgettable, inaccurate movie. It felt very amateur.",4
Bohemian Rhapsody,"There are many scenes (at least 8 according to Rolling Stone magazine) that simply didnt happen and were fabricated for the purpose of entertainment. The worse one is when they pretend Queen was torn apart by Freddy's solo contract, then reunited just a few weeks before Band Aid so they had to work a show out of nothing and of course did the best show ever. It's just a dramatic gimmick, shame.",4
Bohemian Rhapsody,"This movie brought out the best it all of the actors working on it. The dedication Rami Malek must have had to take on such a role is astounding, yet that isn't to say that this movie didn't have its fair share of flaws.

First off, this movie had barely any exposition on the characters themselves and I would have liked to see more about Queen's ride to stardom, which we barely get to see any of.

I, myself, am a fan of Queen's music, but honestly I would have liked a story about Freddy mercury's Life with queen songs mixed into it. Instead we get a movie about queen songs with Freddy Mercury's life mixed into it.

All in all I think this is a great movie and I think you should see it, but the writing isn't the best it could have been.",4
Bohemian Rhapsody,"Whoever said ""even if you don't like queen you will love this movie"". Romi malek distracts and should be part of a carne act. So distracting and they never focused on the music. Sasha Baron you made the right love not signing onto this years ago. Some music bios should not be done unless they're done right. Just watch queen live that's all you need",4
Bohemian Rhapsody,"I'm a guitarist and a huge fan of Queen. I took my mom to see them when I was 19 because they are part of what truly defines classic rock to me. It's classical. Anyone from the 60s who made timeless epic ballads of rock was classically trained, including everyone in Queens band.

This movie is called Bohemian Rhapsody after what is surely their most successful song. However, the movie should have just been called Mercury, because it wasn't about anyone else. Freddie Mercury is the vehicle in this movie for which we get to be exposed Queen, but we don't learn anything at all about the band mates and their personal lives who, as reinforced by the movie, played just as big of a role in making the music and the performance as Freddie Mercury did. The movie doesn't explore how the band mates really meet. Just how Freddie Mercury comes to know Brian May and Roger Taylor. Never mind that Brian May was both an Astrophysicist and voted the 7th greatest guitarist of all time, 2 fields feats that require enormous dedication and attention to detail, yet the movie only lightly touches on his capabilities as a musician.

Overall, everything about this movie is larger than life. I thought the acting and shooting of the movie were superb. But it wasn't a movie about Queen, it was a movie about Freddy Mercury, and while the man is likely to be one of the most influential figures of all time, giving him such a stature of omnipotence really shortchanges the movie. The story does somewhat touch on the fact that Mercury needs queen and Queen needs Mercury, but it doesn't feel like it.

This would be like making a movie called ""Stairway"" and us only seeing the life of Robert Plant and attrinuting all of Led Zeppelin's success to him, and not to the other classically trained musicians in his band Bonham, Paige, or Simon. I put off watching this movie for fear that it wouldn't give a wholistic look at Queen in favor of ""giving the 'fans'"" what they want, not genuine lovers of Rock and it's history.

At 23, this movie should really appeal to me, but as a musician, it does not. How could you make a movie and not have the musicianship of the entire band at the forefront of this film? It was a let down for me.",4
Bohemian Rhapsody,Seeing all the 10 star reviews on here has left me dumbstruck. I just cringed from start to finish. A handful of decent scenes but other than that it's beyond corny. As awful as Queen eventually became.,4
Bohemian Rhapsody,"It felt like something went horribly wrong in production and they had all these well acted and written scenes, but had no idea how to tell a story with it. It was okay at times, comically bad at others. I gave it 4 stars for playing Queen soundtracks.",4
Bohemian Rhapsody,"If you find yourself wondering why the formula of Bohemian Rhapsody is cut and paste cheesy it's because the truth was much less entertaining, in many aspects. I mean they fabricated an entire character to reject a record deal over bohemian rhapsody, their greatest song ever made. This film focused more on an effective story that fit the formula of a typical biopic than on capturing reality

But my god did Rami Malek give a performance!",4
Bohemian Rhapsody,"Sorry I want an actual movie to review, not some scattered and very brief chapters consists of events and facts stacked on top of each other using some outdated techniques.

Two stars for the palatial and splendid production design, Rami Malek's fine performance, and, above all, the sequences that allowed me to experience Queen's music being presented. Most noteworthy is, of course, the epic Live Aid concert; that almost redeemed the whole ""movie"". If it it hadn't been for this phenomenal concert sequence, this ""movie"", that is undoubtedly unworthy of its name, would have left a bad taste in my mouth. I mean, it's the only thing that doesn't seem fake.

Hands down the worst Best Picture nominee I've ever watched, and one of the worst movies of 2018. But what's really getting on my nerves is that this fragmentary incomplete thing is nominated for Best Achievement in Film Editing!

(4/10)",4
