title,comment,rating
Harry Potter and the Sorcerer's Stone,When Harry parents died he went live with Dursley 's They don't like Harry and they where relifed when Harry went to Hogwarts school for kids with magical powers. In every movie Harry is fighting with Voldemore and his followers. Every Harry Potter is so boring just like the books and don't know why is so succesfull. They got so many unncessary characters and i don't get why grown people still are into Harry Potter. I think that Harry Potter movies spend so much marketing first books and then movies but at least they help Maggie Smith and Alan Rickman to become succsefull again which they deserved .,1
Harry Potter and the Sorcerer's Stone,"At first when my friend recommended this movie to me, I was excited to sit down and watch it because of her riveting and amusing descriptions, I think I need to learn to not be so trusting. This movie was by far the worst science fiction movie I have ever seen in my life, and I have seen A LOT of science fiction films.

First of all, the technology was not anywhere near realistic. Normally when I go into a film in the science fiction genre I of course go in ready to suspend my disbelief, but this film does not even begin to attempt to explain the science of anything. It quite literally claims it is ""magic"" and that everything happens because it happens.

This movie also takes place in a school, which did intrigue me as the majority of science fiction movies do not take place in a school, so I thought the idea was interesting and creative when it was described to me. This is not the case. It is uninteresting and uncreative as I found the ""house"" system to be peculiarly similar to the film Divergent's factions.

The most glaring issue for me was the lack of a proper ending. I feel as though the story felt unfinished, and that there should have been more installments. I felt it was cut short and it really should have been a series, but unfortunately over 20 years later there is no sequel in sight.

Overall this movie was a confusing, disorienting, and annoying experience that I would not wish on my greatest enemy.

Thanks for the recommendation Sophia, I will never be speaking to you again.",1
Harry Potter and the Sorcerer's Stone,"That's right. I grew up as a snot nosed kid during the hype of Harry Pot head. I mean Harry Potter. The hype was annoying during those days.

I never cared for the long, boring books or the movie. So why am I writing a review about it?

I'm writing a review because I was forced to sit through it during a day in class and it was so uninteresting. The movie looked dark and ugly.

It was about a kid who was abused then he kept getting letters then the movie turned ugly then ends with the kid being the sorcerer supreme, I mean wizard..

Last Words: There was no spell on me.",1
Harry Potter and the Sorcerer's Stone,"The movie was good, but unfortunately lacked the proverbial magic that the book had. The director's cut was supposedly too long, and a lot of parts were cut out - perhaps this could have something to do with it. Another example of Hollywood producers ruining a great book? Perhaps.

The casting was a bit off - the most glaring error was that of Albus Dumbledore. Richard Harris failed to bring out the ""twinkle in the eye"" that was necessary for the Headmaster's character. Robbie Coltrane was a standout as Rubeus Hagrid, and stole the show. The main characters? Ron Weasely was also *very* well portrayed by Rupert Grint. Harry and Hermione were well done, but again, nothing exceptional. One can expect them to improve in the next movie.

The most disappointing thing about the movie is the lack of character development: A large portion of the cast was composed of very strong, veteran actors and actresses(Maggie Smith, Alan Rickman, etc etc.) - However, none of them truly got a chance to ""work their magic"" with the audience, as they are not on the screen for long enough. Even before the release of the movie, it was clear it was going to make a lot of money at the box office - this makes it even more of a pity that the director was not allowed to show the audience the full version of the movie. This could have significantly improved the movie. Would a three or 3.5 hour movie be too long for children? Probably, but having an intermission tends to break up the ""monotony"" of the movie.

The bottom line is that this movie still should be seen - it is well done, but not nearly as good as the book - Given the choice between the two, spending the three hours reading the book is much more fruitful than spending the two-and-a-half watching the movie.",1
Harry Potter and the Sorcerer's Stone,"What can I say, I've not read the books and i'm not gonna now. After JK Rowling's pathetic feature I grudge giving the Rowling Potter machine any more cash. Why? The film lacks everything, wooden acting with a script that should end Steven Kloves' career(but won't due to the hype behind this waste of celluloid)(really Steve, Wonder Boys was good, baker boys was fantastic, but Potter should be your epitaph). Maggie Smith's Script was cringingly poor, Robbie Coltrane started the film as a 'Ooo bee there farmer' from Cornwall, and ended up as his usualy Glaswegian self, part from that he was by far the best Adult in the film. Rickman was well.... typical Rickman, no thought to his character in the script as he could have been better used. All other actors like Cleese, Hunt and Walters had the right idea, and lasted about 2 minutes each(take the money and run folks) The CGI in the film was appauling, note all the scenes with the castle in the background and anything in front of it. This was not helped by the trailer of Lord of the Rings being screened before the film started.(Chris Dickson has no idea on Special effects, and no doubt the review was written by Rowling herself) The ending was dull and could have been more interesting than it's failed attempt. As for the twist at the end and how Harry Beat Voldemort, 'Oh yeah I got it....' it was clear to the whole audiance that it was a complete copout(underlying message was okay if the kids would ever have the brains to work it out, too deep and meaningful for the film). The film should have been a 3 part kids drama, the cgi would have looked a bit better on the small screen(but still not good, it would have looked like a medium budget TV dramas attempt at special effects). But hey they need all those toys sold this christmas... Why was the film made again?

Above all else the plot drags on and on, (being a H potter newbie I was really interested in finding out what all the hype was about) and is 1 hour longer than it should have been. Kids will really really want to go and see it, Adults will really really want to take their kids, not for the kids to see the film, but to get 2 hours of their kids sleeping(sorry to all those adults with Hyper kids, you'll just get more agro).

Anyway enjoy! and remember each cinema ticket bought means another 6 films will be made.

BTW If Harry Potter has a record opening ticket sales, I'd say it was a fix, as the film was being screened in every local cinema(apart from the arthouse cinemas who have some sense of pride) every half hour from 8:15 am until 9:30 PM on at least 6 or 7 screens.",1
Harry Potter and the Sorcerer's Stone,"This movie was not on my list of movies to see, but due to extenuating circumstances I found myself in the theater for this movie. The best part by far was the Lord of the Rings trailer that was previewed before the movie. I thought the movie was as decent of a rendition of the book as could be done in a two and a half hour movie, but lacked a lot of things which go back to the book. The problem I have with the book and with the movie is the cult following that Harry Potter has, when it is nothing more than a kids story. There are much better stories out there for kids and especially adults that make this story look cheap. The book was entertaining, but lacks depth and a thought-provoking plot. When I was young I was reading Lord of the Rings, The Count of Monte Cristo, the Three Musketeers and other classics. These books help build vocabulary, develop the mind, and lead to reading other classics that provide a foundation for writing and creative thinking. I have read the first Harry Potter book, and found the writing style repetitive, and the reading level less than desirable for anyone but a third grader.

The movie was an entertaining kids movie, just as the book is an entertaining kids book. The fact that it is so popular in our society is a sad testament to the lack of intelligence and the incompetence of adults and children that have grown up in the present age of cheap thrills.",1
Harry Potter and the Sorcerer's Stone,"Acting and Casting: pretty good. Maggie Smith and Robbie Coltrane steal the show. The three kid actors are ok, but I've seen better in TV series. Richard Harris is ok, but is just not Dumbledore. Too serious by far. Better would have been Graham Crowden or Freddie Jones, both could have brought just a little bumbling into the character. Alan Rickman is good, but is not menacing enough. In the books, he simply oozes nastiness, in the film he's bland. Both the Richard Harris and Alan Rickman problems are directorial errors, rather than lack of abilities on the part of the actors.

Effects: on the whole, very good and not too intrusive. On the down side,the troll is a joke. It looks like a cartoon, and is not in the slightest a terrifying sight - no wonder Hermione doesn't seem scared. On the plus side, the entrance to Diagon Alley is superb, and the quidditch game is likewise.

Storyline: On the whole it is good. You are always going to miss some parts of the book in an adaptation, but here there are important sections missing, notably the ""Norbert"" dragon sequence ending with the trip to the top of the tower where Harry loses his invisibility cloak, which is returned to him. Also the sequence where Hermione chooses the potions in Snape's trap. Aside from this, most of the important tags are there, with one or two new episodes to replace large amounts of text. However, unforgiveable is the lack of attention to the Dursley family. They are what makes Harry Harry, as much as his parentage. The book is a quarter of the way through before Hagrid arrives on the scene, yet in the film, the titles are barely over. Likewise, the replacement of one enemy (the Dursleys, Dudley in particular) with another (Slytherin, Malfoy in particular) shows as a shallowness in Harry's character in the final cut.

Having said all that, both I and my Kids (18 and 16) thoroughly enjoyed all 153 minutes, and will probably watch it again. It's a definite addition to the ""DVD to buy"" list.

Overall 7 out of 10",1
Harry Potter and the Sorcerer's Stone,"First, the bad things:

I know it's not easy for anybody to make a Harry Potter movie, especially since the book provides a story that is so rich in details and imaginative. Take the move of setting from Privet Drive to the Hut-on-the-Rock. The movie doesn't give enough explanation of that, and therefore only those who have read the book would understand. Of course there are very few people in Europe and North America who hasn't read the book(s), but the filmmakers should also consider other parts of the world where Harry Potter is not quite as popular.

The difference between the four houses is not explained at all, and therefore it causes some wonder why Harry said to the Sorting Hat, ""Anything but Slytherin"". What's wrong with Slytherin? the ""Muggles"" may ask.

Another thing, Hermione cannot seem to make up her mind about what to call he-who-must-not-be-named. Even in one scene (when the trio are talking near the fireplace) she called him ""you-know-who"", and then ""Voldemort"". And in the book we know that the reason Harry's scar hurt when he first saw Snape was because Snape ""looked past Quirrell's turban"" but this was not showed in the movie.

Now: the good things: All in all, I should say a very impressive movie and one that shouldn't be missed if you're a Potter-mania. The kids don't act very well but the grown-up actors and actresses are of top quality. Alan Rickman is especially great. Can't wait for the sequel.",1
Harry Potter and the Sorcerer's Stone,"I saw Harry Po the ad in the theatre some time ago and let me tell you did I LAUGH. My friend and I almost got kicked out because we were choking on our saliva over that damn centaur. Hahahaha, oh my GOD was that hilarious! I'm going to buy that movie just so I can watch that scene. ""I'll save you Hairy!!"" Haha, whoops I mean 'Harry'.

Sorry: I'll get to the point. The movie is slow but it does have its moments. The Quidditch (sp? wtf?) Game was very well done, especially the camera work, and same with the chess scene. Bascially the action scenes were nice. And Draco was very well cast, as he was in Anne and the King and the Borrowers, so we've all seen him around. As for the others, well, it seems that many people prefer Ron right away over the others. Harry seemed dull and just there so he could count on the attendance records. Hermoine acted stupid at times and she really needed to brush her hair. The Weasley twins- and I'm being serious- looked deformed in that scene where they, um, walk through the wall. Hunchbacks with square shoulders anyone?

Watch it for the laughs but don't except a marvelous adaption from the book... don't watch the film to see that heroic Harry you've read about because it might take another film to get the real him out, if they even manage to do that. If you're going to watch it, judge it as a film, as it is, and not because of the books. And in doing that you'll find it slow, unresolved, but... erm... with good action scenes.

There's always hope for the next movie. Will there be more centaurs I wonder... :)",1
Harry Potter and the Sorcerer's Stone,This game simply was the worst fantasy like movie I have seen till this date. They tried to compensate the bad acting in this Disney type movie with great special effects. I really look forward to Lord of the Rings since then I can finally forget this movie. The only reason it was a box-office hit was becuase of the extreme hype about the movie.,1
Harry Potter and the Sorcerer's Stone,"Ok , i'm sorry to write these words but ... Harry potter the movie is A DISASTER MOVIE , No offence . I read the book first cause the movies wasn't out , and J.K.Rowling did a very good job on the book i mean i stayed up late to read a blasted book . And let me tell ya that i don't read books very often , and i don't like'm either . But , but Harry potter was an exeption , read it liked it , and then i went at the movie , and there i got not disapointed but VERY VERY DISSAPOINTED . The subject is way off target , who is harry what's with him , how come harry went to the zoo why , the movie makes no sence until you read the book . I saw the movie , but unfortunetly i didn't finish the first book , from the half of the movie i couldn't understand a THING THAT WAS GOING ON !!! I know it's a movie for kids but do they understand something from the movie cuz honestly i didn't at all . very bad movie i recomend that you buy the book and read it than go to the movie !!!",1
Harry Potter and the Sorcerer's Stone,"Maybe the first problem with this kind of movies is their subject; MAGIC. We cannot argue about any aspects of it, because it's magic; anything is possible, we must shut our mouths and sit like a good kid and watch it without any digestion. And that's where the problem grows. We see lots of possible things without any background or history and yet we see some normal things that they cannot do, for example they have this cloak to hide but this could be unnecessary. Why couldn't they just hide themselves with that sticks? Oh, they're not able to do that!!!

The story isn't good at all. Believe me. If you love yourself don't watch it. Don't go through the series at all, seriously. Even if this was supposed to have some philosophical meanings, the magics stacked in this series don't allow the viewer to grasp them. It isn't like Lord of the Rings. No messages I could get, no meaning as others state.

Acting was awful, maybe not as bad as Twilight's actors, but it was still very bad. Funny moments wasn't funny at all. No drama. No nothing. Couldn't care about any of the characters. It's really a family movie as categorized. It has the story to make a movie colorful.

Worst thing about it: Harry Potter takes 8 episodes to finish. What was the writer drinking? It could be done in 180 minutes at most. Lots (and I mean lots) of unnecessary characters and subplots. I think the writer got bored herself and decided to end writing, because if you see all 8 episodes you can see that the story is flexible and can be easily stretched out as the writer did. Any teenager can do it.

DON'T WASTE YOUR TIME.",1
Harry Potter and the Sorcerer's Stone,"Harry Potter was indeed a disgrace to the books. There was so many things wrong in it.

First thing. Steven Speilberg's magic was missing. Chris Columbus made it very unrealistic. It is a reminder of Home Alone. The only difference is that Home Alone was better. Daniel Radcliffe is a very bad actor. He is too inexperienced for a role in such a big movie. Many better actors could have been chosen.

The special effects are very unrealistic. For a $90 million movie they should have been perfect. When Harry is flying away on the broom it was clearly obvious that he was in front of a blue screen. The list could go on and on. The best effects this year belong to Jurassic Park ///.

Bottom line: I don't know how anyone could think a movie could justify with the book. Impossible. I hope no more are made.",1
Harry Potter and the Sorcerer's Stone,"This movie is awful.Although it has some good actors.Emma Watson is horrible and i can't understand why is she in this movie.She is so terrible that you can't compare with other young actress like Dakota fanning and i think she isn't going to make more famous movies except harry potter saga. I can't see her in Hollywood movies with famous stars like NICOLE KIDMAN,TOM CRUISE or DUSTIN Hoffman.EMMA WATSON STINKS. She is horrible in all harry potter's movies.The most horrible acting is in HARRY'S POTTER AND THE STUPID Prisoner OF AZKABAN.She is the worst actress actress i have ever seen in my life.In this movie she is a teenager and she's horrible.she has a mud-face and frizzy-hair.She is going to be very bad in harry potter and the goblet of fire.Please Michael come here :regards to CHARLEY",1
Harry Potter and the Sorcerer's Stone,"Oh, the Show is horrible. I read the books and expect the movie to be as nice, but the movie turned out to be really sucky.

Firstly there are too many scenes, with not much detail to each scene. If you never read the book, You will probably lost. The show is going too fast.

Actors = grrrr = lousy. They are lousy alright. They should never be in such a big movie. The director should have chose better actors. All the actors in the movie are lousy, if the not the worst.

Background music - I dont think they put in any effort about the music. It is the same music for the whole movie. Rather annoying.

Lastly, the director sucks. i dont care if he directed Home Alones, he definitely suck at these. Steven Spielberg would have done a better job. But he bowed out when JK Rowling said the actors must be British. He was right. No offence to British people.

Now, i suggest you should spend money on Lord of the Ring. Wait till The Secret Of Chamber is out. Hopefully he will be in his right mind.

Disappoint - 4/10",1
Harry Potter and the Sorcerer's Stone,"First off I'll start on the basics that others have mentioned. The acting is bad from the three child-actors. I thought this might be because they were so young but I've seen the fifth film and it still doesn't improve. Their acting is on a ""school play"" level with over-emphasised lines and facial expressions. Daniel Radcliffe was chosen for this film because he looks like the character but by the fifth film he no longer looks like him. The silly glasses make this slightly better but it's a cheap effect. The ginger kid was annoyance personified and I could write an essay on his irritating habits. I detest the way he uses soft swear words like bloody with that fake working class accent. The girl overdid the ""goody goody girl"" role.

The fact that they were friends from the start and stayed together the whole time was so unbelievable, by the fifth film they're still all together mainly. Rowling obviously copied this from other children's books but it doesn't make it any more believable. Those sort of ""group"" friendships never happen in school in real life.

""Harry Potter""? Couldn't she have thought of a better name. Only ""John Smith"" would have been more generic. A book or film in which the main character is called Harry Potter could be about anything. When I first heard about the books and the plot i.e. a boy who goes to wizard school, I immediately thought that it was just a copy of ""The Worst Witch"" by Jill Murphy. That book is more consistent, has better characters and is a true pleasure to read as a child. Regardless, Rowling's ideas have been done so many times before. I tried Harry Potter and I found it unreadable, how anyone could actually enjoy reading this pap is beyond me. The only explanation of why the books are so popular is because of media hype. The series came about just at the right time and was lucky in that the media and publishing companies were looking for something to hype so as to make a lot of money because the series is so generic and plagiarised it's not even funny.

Other characters were generic too. Robbie Coltrane's character is a standard in many children's books. He's the big, burly gentle giant grounds keeper or whatever who, although being big and strong, is actually very gentle, kind and becomes a friend to the children. The worst thing about this character though his his clichéd west-country accent. Arghhh! It's just so predictable! DumbleBORE is also generic: he's the wise old wizard who is both kind and tough but fair. He even has the big old white beard which practically every wizard in literature also has. There's also the supposed obvious ""evil"" character played by Alan Rickman who surprise surprise turns out not to be evil after all. Was that the big ""twist"" of the film/book? Good Lord, this must be aimed at the 50-90 IQ range. Harry's nemesis is a sort of young blonde Dracula lookalike who also can't act. His badness is never explained, it's obviously hoped by the producers that the watcher will not question why he's Harry's nemesis and just accept that he looks bad, does bad, says bad and that's that.

The story itself lacks imagination regarding the characters (see above), the setting and the plot. Rowling manages to incorporate a large number of overused mythical creatures and objects which causes the story to feel as though a child wrote it to include all her little fantasies. Everyone seems to ride brooms, even the men and boys despite that only witches traditionally rode them (she even gets that wrong); potions are brewed in cauldrons and it's never explained why potions are needed when wands seem able to do everything. I just don't get this ""magic"" thing (perhaps it be because I'm a ""muggle"", ugh horrid cutesy word makes me cringe). Magic seems in large to replace the need for modern technology. In fact, the whole setting at Hog-Farts seems to be a medieval castle where the children write using quills and flame torches hang on the walls. One would be forgiven for thinking that the need for magic would go if they had electricity. Just because magic is a fact of life why have all the other creatures and beasts of folklore to exist? Quidditch. What a ludicrous, pointless game. Despite the use of broomsticks (see above) Rowling still couldn't think up a better game. I had to pause the film to let the silliness of the game sink in: A whole team (yes a team!) of players goes against another in a sort of flying football/polo sort of game in which balls must go through goals to score points. It seems simple and unsilly enough albeit lacking imagination but the fact that each team possesses a player called a ""seeker"" who just flies after a golden ball with wings and if one of them catch it, their respective team wins immediately. What's the point of the rest of the game and players? A team could be winning easily and about to win and then the opposing team's seeker catches the golden ball in the last few seconds and wins! How utterly ridiculous! Why not just make the whole game about catching the golden ball and forget the other players and their task?! The plot of this film is incoherent and dull. The first three quarters are an ego trip for the special effects department and just show generic Harry exploring Hog-Farts with his new generic best buddies and gazing in awe at the wonderments inside. The last quarter is explaining some generic evil wizard who wants to come back from prison or something. Needless to say, generic Harry saves the day and is a hero and his ""house"" wins some cup or something. Big whoop. The old British actors they hired were just to legitimate the whole sordid affair.",1
Harry Potter and the Sorcerer's Stone,"What's wrong with this film? Children, magic, and tone.

1. Children. Any film that has children in it is in big trouble. Children on screen tend to be irritating, and this film is no exception.

2. Magic. Magic alone is a problem, because magic is essentially deus ex machina. And there is nothing more destructive for a film than deus ex machina. People hate that. If they all use magic, and magic can do anything, then what is the point? How can you even get involved in a scene when you cannot anticipate anything, other than the fact that the hero will eventually come up with some spell to get him out of the jam? Moreover, the film is so obsessed with the magical, that magic becomes tedious. If every room and every object is enchanted, then the whole magic is gone. If everything is magical, nothing is magical. Thus the overuse of magic works against the film.

3. The tone. The film starts as a children's adventure, but then introduces inappropriately sinister elements. This is particularly clear in the sequels, and there is a clear progression with each sequel. This is a huge weakness, because a film should never waver on the tone. You cannot expect the audience to shift from a children's film to a dark monster film. Is it for children, or is it for older audiences? The children will be scared by the monsters, the older audiences will be put off by the childishness. I absolutely hate he tonal mess that persists throughout the films.

Final verdict: I would avoid this franchise.",1
Harry Potter and the Sorcerer's Stone,"This film is an absolute shocker, i honestly can't get my head around the thousands of harry potter fans who stalk JK Rowling, swarming to her like a plague of flies to something not so pleasant. Now believe me i give the books very little credit as they are predictable, boring and predictably boring, but even i can see that the films, especially harry potter and the philosopher's stone, are a poor portrayal of a dull book.

The acting is actually painful. I read a review of the film saying that credit should go to some performances. There are no performances, granted it would take a hell of a display to make this film entertaining, but the actors chosen don't even have a go. The parts of the film which i can only presume should be taken seriously turn out just laughable. Comedy is the only positive that can be taken from this film, oh and its in colour! ""Im , I'm a what?""",1
Harry Potter and the Sorcerer's Stone,"I don`t rate JK Rowling as a writer so when the hype machine stated that HARRY POTTER AND THE PHILOSOPHER`S STONE ( As it`s called in Britain ) was going to be faithful to the book I thought this was a film that wasn`t worth seeing but I decided to give it a chance , after all I hadn`t expected much from THE FELLOWSHIP OF THE RING but I ended up falling in love with Peter Jackson`s beautiful masterpiece . But after watching THE PHILOSOPHER`S STONE my instincts had been proved right and in many ways the film had lived down to expectations .

First of all I found it highly patronizing the way it talks down to its audience in a very substandard Roald Dahl way . Secondly the film has far too many characters that add nothing to the plot , and thirdly I`m not sure if the film actually has a plot . Yeah things happen but many of these things don`t seem to lead to anything so why were they included ?

I noticed the second Harry Potter film didn`t perform as well as hoped which gives me hope that the next films in the franchise bomb big time . And I reckon Frodo Baggins could kick Harry Potter`s ass",1
Harry Potter and the Sorcerer's Stone,"How on earth did this get up to the lofty heights of an 8.1 rating?

I have never read the books, but went to see the film on the back of a good rating here, and many critics saying how good it was. This film was awful. I'd give it a 5/10 for reasonable sets, costumes, effects and making me laugh (twice). I actually voted it as a 1/10 though to hopefully give some more realism to it's rating.

The quidditch game is pathetic. I thought we british invented good games, you know tennis, golf, football, etc. If it's a good game, we invented it. JK Rowling supposedly is british, but judging by this poorly thought through piece of crap she's gotta be american (or worse).

The ginger lad gets praised for ""the best game of chess ever played at hogwarts"" or something, and yet we get to see none of the game other than him making the worst possible first move available to him. An untrained chimpanzee could have guessed a better move. Out of the 20 or so things he could have done how does this master-chess-boy make the worst possible move???

The plot is terrible and full of holes, the biggest seeming to be: Why the hell didn't the badguy use his knowledge to get past the dog earlier? He'd known for half the film, but still only just gets there before Harry who only learns at the end how to bypass the dog!

I thought no matter what that the film is at least choc full of top quality actors and no matter what it will therefore be at least ""ok"". How wrong I was... None of the good actors get anything more than tiny bit parts, and mainly even then they act way below standard - but what can be done with this script?

All in all, don't see this unless you are a fan of the book, or have some money & time that you absolutely must waste.",1
Harry Potter and the Sorcerer's Stone,"When I sat down to watch the movie, I expected more than what I saw. What the directors have done was chop most of the plot up and put them together, badly. I know most of you out there will diss me for this. I, myself, am a Harry Potter fan. Seeing the movie, however, made me feel that it might be best if Harry Potter just stuck to books.

For one thing, the actors seemed a bit to eager. They probably read Harry Potter too and thought they knew all the lines. They did. They knew it so well that they forgot to add a bit of feeling into most of the dialog.

Harry Potter fans who have read the books first will have to find the scene cutting and the different plots disturbing. Some of you will disagree (being Harry Potter fanatics. Why need a whole book to express ones love for a storytale character?). Well, all I can do is apologize for being to harsh. However, I still cannot believe the mess they made out of Harry Potter. I just hope the second will have improved.",1
Harry Potter and the Sorcerer's Stone,"I thought the Harry Potter books were pretty good (at least the first 3) but I wasn't expecting much for this movie. Let's just say it sunk a lot lower than my bad expectation...

The acting in this movie is horrible. The only thing that made me stay in the theater was the fact that I had 2 friends with me, and together we could laugh at this sorry attempt and the bad acting.

The stupid jokes were the only thing that was not funny in this movie. On a final note, let's just say that if I could give this movie a zero instead of a 1, I would...",1
Harry Potter and the Sorcerer's Stone,"I eagerly ripped open my rented DVD of Harry Potter and fell asleep one hour into this farce. BORING! BORING! BORING! Run away! Run far away!The characters are contrived, the plot is a see through as a sieve and gees, the only good thing was the hockey-like game they tried to play in the middle of the movie.",1
Harry Potter and the Sorcerer's Stone,"I have seen both Harry Potter and Lord of the Rings during the past couple of weeks. Both have an unbelieveable amount of hype behind them, and both films are based on extremely popular fantasy book however, that's where the difference ends. Harry Potter is just hype and Lord of the Rings is what delivers. But, that's another review. Harry Potter is an eleven year old boy living in England with his irritating aunt and uncle who really don't care for him. He is wisked away to become a wizard at Hogwarts school of wizards. From there he makes a lot of friends and learns to become a wizard. He plays games on broomsticks, and fights a lot of fake looking monsters. And in the end, he meets the evil wizard who killed his parents. Now, the film isn't that bad, but it's really silly and got quite boring after a while, some of the sequences were ripped off from The Phantom Menace, (The Quidditch match, etc) Anyways, kids love it, I didn't A 3 out of 10, decent special effects, and sets, but, a bland, and unoriginal script that only children who are diehard fans of the book will enjoy. (I have not read any of the books, and this movie makes me want to stay away from them.)Wait for the hype to end and see it on video!",1
Harry Potter and the Sorcerer's Stone,"While I am extremely bothered by the mass hysteria surrounding the Harry Potter franchise I will comment only on the film and book. When reading the book I found it to be highly enjoyable, above average children's literature. The film however,is below average filth that is making more money than it should and therefore telling Hollywood it's okay to put out an inferior product like this. The great adult actors couldn't even save this movie from bad directing. Suffice it to say that after I awoke for the second time during the movie (having fallen asleep twice) I realized that if I had not previously read the novel I wouldn't have the slightest idea as to why things were happening the way they were. In the end Chris Columbus takes a slightly above average book and makes a movie that, if called mediocre, would be receiving excessive praise.",1
Harry Potter and the Sorcerer's Stone,"I can't believe I waited in line for half an hour to see this. As a film student I take this as an insult to the industry. The child actors are terrible (especially the over-acting hermoine), the story could have been adapted for film (not just taken straight from the book) and the for such a big budget movie the special effects were terrible. But what's worst about the film is the fact that it has attracted so many adults. You know something is wrong with the world when adults are discussing quittich instead of any number of slightly intelligent topics. Still it is a children's film, not a work of art and at the end of the day the kids will be rushing in a mindless throng to see the next film. The filmmaker's have compromised the integrity of the industry in favour of stealing children's money (or at least their parent's money). And to think the world has to endure six more potter outings. Personally I'm waiting for ""HARRY POTTER and the SPANISH INQUISITION"".",1
Harry Potter and the Sorcerer's Stone,"The industry chiefs need to get this through their heads: Chris Columbus is not good at book adaptations. Look what he did to Asimov's Bicentennial Man. Now he's gone and done the same to HP. 1 out of 10 here, for what should have been 10.

The book is a quarter of the way through before Harry encounters Hagrid, yet in the film the title sequence is barely over. The viewer loses sight of the fact that he is mistreated at home.

Similarly, several other turning points in the story are just not in the film.

If you haven't seen it yet - don't bother. Read the book instead.",1
Harry Potter and the Sorcerer's Stone,"African-Americans have FUBU, kids have the Harry Potter movies (I should take that back so Black America doesn't hunt me down for the insulting comparison). If you're under 8 and dig witchcraft, or you really like bad (and I mean BAD) acting in a high-budget movie, you might love it. If, however, your intellectual age is over 12, I would recommend avoiding this terribly long, drawn-out exhibition of children's sorcery -- WORST movie I've ever sat through in the theater. Yes, worse than ""Midnight in the Garden of Good and Evil"" and even ""Master of Disguise."" The first hour, at least I had a bucket of popcorn to keep my interest. When it wasn't over after 90 minutes, I tried to take a nap but my bucket of cherry coke had me wired. My friend seemed to be enjoying it, so I tried to give it a chance. By the 2-hour mark, I wanted to commit suicide, but the theater apparently expected this reaction and restricted me from bringing in any weapons. I decided to stay and avoid the traffic, so I clipped my finger nails and toe nails (I guess if someone can hijack an airplane with clippers, I could have done some much-needed damage to myself, but I didn't think about that at the time). People really need to stop saying it's a movie to be enjoyed by everyone. There's a reason almost half of the reviews are saying everything from overrated to worst movie of all time. Guess where I stand.",1
Harry Potter and the Sorcerer's Stone,"I don't read Harry Potter and never intend to. I wasn't even going to see the movie but my conniving and manipulative friend tricked me into seeing it (long story; you wouldn't want to hear it). Needless to say, I did not like the movie, although my 11-year-old brother loved it to death.

First of all, let me state a few things. I do have an imagination. I grew up reading Roald Dahl and have seen ""Willy Wonka and the Chocolate Factory"" at least twice. I thought ""Alice in Wonderland"" was really cool. I have also seen ""James and the Giant Peach"", among many other adaptations of Roald Dahl's books, and I loved it. I'm looking forward to ""Lord of the Rings"", even though I wouldn't read the books. As for the ""E.T."" thing: My mom recommended ""E.T."" to me when one fine night I was at a loss of what to rent at the rental shop. I was reluctant at first, as I thought it was just another kid movie, and I don't usually watch kid movies anymore. I wasn't expecting anything from it but boredom. When the film concluded though, I was in near-tears. In my opinion, by comparing ""Harry Potter"" to such classics like ""E.T."" is a tad insulting to the said film. ""E.T."" was something fresh, even in the year 2001; ""Harry Potter"" was just trite and recycled.

""Harry Potter"" struck me as a mix of ""The Wizard of Oz"" and ""Hercules"" (you know, the TV show starring Kevin Sorbo?) and just about every other fairy tale you've heard. First, there were the cliches. Of COURSE Harry's a poor, abused boy who lives with wicked foster parents! He simply HAS to be, or there wouldn't be a reason why he's such a supposed expert with wizardry. The opening sequences with Harry's foster family totally reeked of the story of ""Cinderella"" (sp?). The mean uncle in ""Potter"" is the mean stepmother in ""Cinderella"", and the obnoxious cousin in ""Potter"" is the obnoxious stepsisters in ""Cinderella"". I really could've done without that whole sob-story designated to evoke pity in the audience; I have heard it before, and I have heard it told better.

Another thing that made me squirm in my seat was its length. Unlike another equally hyped movie, ""Titanic"", 30 minutes of ""Harry Potter"" felt like an hour. When I saw ""Titanic"" though, I was surprised to find that 3 hours had passed in the darkened theatre; it felt like an hour and a half. I didn't understand -- and still don't -- why they couldn't have just cut to the chase and dump Harry in the dungeon hole to face-off with the bad, evil guy. On second thoughts, I also don't understand why they took almost an hour in getting Harry's butt to his magical school, whatever it's called. It was a good one hour wasted, and if you add that hour to the time they took to unravel the very unexciting events that took place after that, like the Quiddich game or however you spell it, you get almost two hours. Two hours of oh-so-spectacular events that were mostly irrelevant to the actual finding of the socerer's stone. If you don't call that tediously slow-paced, then I'm not sure if we saw the same movie.

The boy who played Harry was a terrible mis-cast. I can't imagine how he got the gig in the first place; he has got to be one of the most uninspired child actors I've seen. Even little Anna Paquin in ""Jane Eyre"" (sp) shone in comparison to him, and I didn't think she was all that wonderful in it. His acting was flat, dry and at times, laughable (his portrayal of fear towards the end made me laugh out loud), and even more so when he appeared in scenes with Emma Watson (I think that's her name, she played Hermonie, however one spells it) and Draco, whom I deemed as little Count Dracula. I liked only a few things about the movie, and Draco was among them (another person I liked was Oliver Wood, simply because he's a cute Brit). Emma Watson did well, as did the boy who played Ron and Draco. Child actors are capable of doing their jobs right; it all depends on who we're talking about.

The other thing I liked was its visual effects. I can hate the rest of it, but if I ever want to see it for a second time (probably due to permanent insanity), then it'd be for the effects. The school was pretty, and the floating spirits thingy inside was kind of cute, if not funny, though I don't know if that was the intention of the film-makers. The scene in the woods was also done pretty well; the entire look of the place gave the scene an almost creepy feeling. But it was destroyed when **spoiler** the half-human half-horse character (I forgot what you call them) came out to save Harry. I was just so reminded of the likes of ""Hercules"" that I started laughing. Beside me, my friend went, ""What the hell?"" In fact, she did it quite a lot throughout the whole picture.

I would definitely not recommend it to anyone I love. But judging from the amount of positive comments on this site, I guess a lot of people are going to like it. One advice though: if you're sick of the whole Harry Potter hype, avoid this film like the plague, which was what I intended to do. Trust me, you wouldn't want to see it. It'll just make you want to set fire to its many merchandises even more.",1
Harry Potter and the Sorcerer's Stone,"This is the biggest movie farce in history. First of all, The special effects make the adults go wild, and the little kiddies that dont even read the books, and look at the picture on the front cover, and try to be cool, see this movie because they are to lazy to read. This is the same exact story as the book. Harry lives with a mean aunt and uncle, he goes to hogwarts, he plays quidditch.

Hmmmm... JK Rowling.... WHATS SHE SMOKIN'!!!!

Rated PG- For some ""scary"" sequences",1
Harry Potter and the Sorcerer's Stone,"**SPOILERS**Before I briefly state my views, I must confess that I have never read a word of or even picked up a Harry Potter book in all of my life. I had many friends rave and rant about them, and at my work, I often see my co-worker's kids sitting in corners, waiting for their mothers to take them to school, reading the latest chapter in the series enthusiastically. But because I have never read Harry Potter myself, I have no understanding of the series, the characters, or the plotlines outside of the world this movie has created. Therefore, this is a review for viewers like me: They haven't read the books, and they're curious to see what all the hype is about.

Well....judging soley from this film, it's not about much, I can tell you.

Overall, I would rate this film as either a C- or a D+. Since, if you're still reading this review, you've probably already seen the movie, I shall simply state my opinion without elaborating too much on the happenings of the film. There are a lot of cool ideas presented here....A LOT of cool ideas. In fact, I am not ashamed to state that every idea presented was involving and a work of genius....masterpieces to themselves. For the first hour, I was completely engrossed in the world that this movie had created...indeed, this was a magical movie. From the moving stairs to the floating candles and the interacting paintings, this was the stuff of a master artist. Just the goblins set the film apart....never have I seen a film-creature look so convincing.

Unfortunately, after a while, the wonderful pictures get bogged down and dull due to the absense of a storyline. There was no story or plotline to give this film a firm foundation to stand upon....nothing to move these wonderful ideas that I was watching along. As a result, the move becomes a patch-work of cool-looking ideas, but with no backbone or soul behind them. Eventually, since there is no real storyline, the film just gets old and boring, regardless of how neat the pictures are. I wasn't the only one in the theater drawing these conclusions...indeed, about 90% of the audience were all children, and in the final hour, they were all chattering away to each other, ignoring what was going on in the film, and I could see the parents around them glancing at their watches.

In the last twenty minutes or so, a plot is finally found, but it's so painfully contrived....so cliched and predictable, that it hurts to watch it (i.e. ""You defeated your enemy with love;"" Harry's team winning all the points and earning the trophy, etc.). This is a pity, because the plotline seemed to be good, and if the director had just cut the film's length in half and spent more time developing this story, we could have had a real winner on our hands, on par with other children's fantasys like ""Wizard of Oz"" and ""E.T.""

Veteran British actors such as Richard Harris, Alan Rickman, John Cleese, John Hurt, and Maggie Smith are wasted in throw-away roles, though the lead youngters certainly aren't bad.

All in all, a dissapointing effort, made even more dissapointing by the fact that there were so many likable qualities to it, among them the ideas presented and the visuals achieved, which set it apart from any other film of its kind. Watching this film has not motivated me to read the books; however, I shall certainly be in line to watch the second film. Hopefully, with a better story for the viewer to follow, the visually and undeniably magical world of Harry Potter will be a truimph the second time around.

*1/2 out of ****",1
Harry Potter and the Sorcerer's Stone,"My sister, bless her heart, used to work in a bookstore, and brought the novel this turkey is based upon home one day. After everyone else in my family had read it, I decided to give it a go because I had little better to do at the time. I wound up throwing the book across the room in around thirty pages, feeling that not only had my intelligence been insulted, so too had the already-persecuted-enough faiths of Wicca and its pagan relatives.

So when I was given the chance to see this film for free, as long as I delivered my considered opinion to the local distributor when it was all over, I knew I should have let someone else take the assignment. But I just couldn't let fate smack me in the face once without giving it a chance to even out the marks. I basically had a similar reaction to the film that I did to the book: I walked out on it in about thirty minutes. As for what I told the local distributor, it runs something along the lines of missing the book's feeble, so-obvious-it-will-make-you-shake-your-head-in-despair attempts at satire and not being all that well-acted to boot. It is nothing more than a 152-minute commercial for a bunch of merchandise that is basically useless and prone to falling apart, but it does have Harry's visage on it.

Since this film has been released in Australia, there has been constant comparisons between it and the upcoming Lord Of The Rings adaptations. There is no comparison for the following reasons: LOTR treats its audiences with respect, LOTR treats the faiths, cultures, and peoples it takes a lot of its details from with respect, and LOTR is not aimed at the lowest possible common denominator. Now that I have that out of the way, I'll just sit back and bask in my superiority to HP fans until the local distributor gets around to releasing LOTR this boxing day. :P",1
Harry Potter and the Sorcerer's Stone,"Cut about an hour out of the middle of HARRY POTTER and you'll have a pretty decent little movie. As is, it's a bloated mess. There's no heart to this, no characterizations. It's just a product reel for all the special effects companies that worked on it.

Seeing actors of the caliber of Alan Rickman and Robbie Coltrane and Maggie Smith wading through this, I wondered what went through their minds while they were performing. They have to eat and pay bills like the rest of us, but the last time I felt so sorry for actors was watching Dudley Moore in SANTA CLAUS.

There's no need for viewers to feel any emotional reaction. The goshawful musical score by John Williams telegraphs everything to us and makes sleeping during the dull parts nearly impossible.

This made a bundle opening weekend and the studio has started work on the sequel. I wonder if business will hold at the same rate as the opening. It's playing on three screens at our local theatre and we didn't have to wait at all for tickets to the 7 pm show tonight (Saturday) and there were plenty of seats empty.",1
Harry Potter and the Sorcerer's Stone,"I have never read the book this film is supposed to be based on, therefore, I can only judge this movie by itself. And there is not much to judge. I quit after 40 minutes or so and I have no regrets. The acting is ... well, it's not there. The script is a fairy tale, which takes itself way too seriously, making the story as dull and predictable as possible. The camera work is so standard, you can predict the angle of the next shot. What can I say - I just hope the book is better, since many kids like it. I would have given it 3 out of 10, but the wasted budget and the hype take their toll... 1 out of 10. A disgrace.",1
Harry Potter and the Sorcerer's Stone,"I am an unrepentant Harry Potter fan. I adore the books. I thought I was going to have the holiday season of a lifetime, with Harry Potter and Lord of the Rings both coming out within a month of each other.

At least there's still Lord of the Rings to salvage the season.

Harry Potter was, in fact, very faithful to the words of the book. The feeling, however, that one gets in reading Rowling was completely gone. I didn't care about the characters as much, as Columbus didn't feel any need to tell us anything about them beyond the action on the screen; I didn't have any sense of anticipation, except in one scene in the forest (despite the fact that I have that sense each time I read the books); and I wasn't able to get involved in the story because the cuts from scene to scene were so abrupt (and often non-sensical).

The effects were worse than the plot. The troll looked like something by Pixar (Pixar is great, mind you, but it's animation and not realistic). Quidditch looked like a contest to see who could be the blurriest. Harry's much-touted digitally green eyes were only green in a couple of very brief shots. My own model train set in my living room looks better than the Hogwarts Express. I could go on, but I don't have the space to list all the problems.

My suggestions for the next movie are that the script writer try reading not Rowling's WORDS, but the EMOTIONS she evokes, and that they not rush the production so much that the effects and editing suffer. I really think that if they hadn't rushed to get this movie done in a year, the effects at least would have been vastly better.

The only saving grace in this movie is Williams' score. It at least lends a little bit of emotion to an otherwise flat movie.

My recommendation: buy the soundtrack, and wait for the video. Don't waste your money in the theatre.",1
Harry Potter and the Sorcerer's Stone,"This was a rather interesting experience. Take a bunch of kids who can't act, add some truly horrendous special effects, add some of the largest plot holes seen in a movie and you have a simply unwatchable pile of garbage. The movies definitely get better but the first two simply should not have been made. To show that I'm not merely spouting steam I'd just like to point out the largest of said plot holes. It is a rather important point to the story that Snape helped protect the stone. It is basically all that is talked about by Hagrid yet, somehow, the director forgot to put Snape's protection of the stone into the movie. It really is too bad that this turned out to be bad enough that I have a hard time calling it a movie.",1
Harry Potter and the Sorcerer's Stone,"I have not and have no intention of reading the books- nothing against them, they just aren't my cup o'tea. I hesitated seeing this film not because of no interest in those books- but because of the director- I have found his films to be trite and cheap and very formula- straight from the Speilberg school of ""once I've made my first ba-zillion I can sell out and never have to be creative again"". This film has good camera work. It has current state effects. It has a pace akin to running a 24fps film at 1000fps. It's shallow- it asks you to buy into all of it without explanation. There's a fakeness to it leaving me feeling like I had molten Saran-wrap poured over me. I don't care about the characters because they were simply place-holders- no personalities. Harry is so two-dimensional as to make a sheet of paper more intriguing. Perhaps the ""genre"" just doesn't appeal here. Fans (and most people are either a fan or not- no ""in-betweens"") ballyhoo this film with that glazed-eye look of cult religionists. Yuck.",1
Harry Potter and the Sorcerer's Stone,"In 2001, the Harry Potter posters were everywhere in Hong Kong. I decided to go to the movie. However, I was very disappointed. I did not understand what the movie is about until I read the book. I think J. K. Rowling did a good job in writing the story but the movie makes no sense at all. All the plots are not linked up. The characters are bad. Daniel Radcliffe is a very bad actor. Many other better actors could be chosen. I think he was chosen just because he looks like the Harry Potter on the front cover of the book. The costumes are bad. The special effects are bad. The entire movie is not bad but very very very bad.

If you want to learn about the Harry Potter stories, go straight ahead to the book, but definitely not the movie.",1
Harry Potter and the Sorcerer's Stone,"At first I liked the Harry Potter series, it was imaginative, it was original, it was funny, and it had promise. Then the second one came out, ""oh WOW this is heaven, it can't get better than this"", then the third came out, ""I was wrong about the second, because this is awesome"". Then in between finishing the third and the release of the fourth I read the Lord of the Rings. And shortly after, the movies for both came out. I realized the huge difference, I was psyched out when I heard they were making a Harry Potter movie, but there they go and ruin it. Did you know Spielberg was originally supposed to direct, until Miss Rowling insisted it HAD to be an all British cast, in walks in Chris Columbus, a guy who directed Robin Williams in becoming a woman in ""Mrs. Doubtfire"", and a guy who's obviously willing to give in to any demand thrown at him by the author as long as he makes money. Well Mr. Columbus seemed to direct Ron into acting like a woman as well. You throw in a B list of child actors and a list of acclaimed adult actors who are far past their prime and who only opted to make these films because their grandchildren begged them to, and you have the first Harry Potter movie. There has never been a more horrific performance than that of Rupert Grint, who now dominates the worst performances of all time, kicking Jake Lloyd from The Phantom Menace out of the way. Daniel Radcliffe doesn't really possess much talent either, I highly doubt he has any future after this film, as far as acting goes anyways. As for Emma Watson, who thinks she's the best in the world, and if you think I'm talking about her performance as Hermione, you're dead wrong, have you listened to her in interviews? The room can barely fit the three of them; her, the interviewer, and her ego. Her performance is also astonishingly bad. I forgot to mention the horrible special effects, I have seen better on TV watching ""Power Rangers"". I mentioned the Lord of the Rings earlier to make reference to the obvious ripoffs of Miss Rowling. Firstly there are the dementors, cloaked ghostlike figures whose faces you never see (cough, RINGWRAITHS!). The whomping willow seems to ring a bell (ENTZ). The Giant Spider named Aragog (SHELOB). The trolls also seem to resemble something I've seen before... OH YEAH, the trolls in Lord of the Rings! Hopefully Warner Bros. choice of hiring different directors for the rest of the films will pay off. But this is the perfect example of a book that could have made an Oscar worthy classical movie, but fell short because instead of making it what it was intended to be they chose to skimp on the effects to make more money on little kids who think it's great because they're too young to watch real special effects in Star Wars or LotR. It really makes me sad, because in the months prior to the first movie I was marveling at the promise of it all. Richard Harris, Maggie Smith, Alan Rickman, they got John Williams to do the score, and like that, it was ruined. Although it does seem that my opinion differs from the rest of the world as Miss Rowling is just raking it in and so are the filmmakers, making even more money by skimping on the special effects that will no doubt succeed in dazzling children who aren't yet potty trained. Here's one buck the woman won't get her hands on.",1
Harry Potter and the Sorcerer's Stone,Ghastly contrived nonsense. Despite its content of white versus black magic there is surprisingly little moral sense of good and evil. Has been accompanied by a cynical spawning of poorly designed and expensive plastic rubbish for parents to buy.,1
Harry Potter and the Sorcerer's Stone,"Ouch. This film irritated me so much I was in tortuous pain by the end of it. I only really have one reason for despising this film, but this reason is so monumental in its power that it caused me to spend much of the film writhing around on the carpet in agonising spasms, spasms from which I am only just beginning to recover. The reason ladies and gentlemen, is terrible child acting.

The three kids, in particular the girl, are guilty of some of the most trite, sickly sweet overacting ever seen on the silver screen. They reminded me of primary school plays where the most precocious kids in the class are given the leading roles rather than those with any semblance of charisma or acting ability. They somehow fail in portraying any tangible or believable emotion whatsoever. They do however succeed in over-pronouncing every single letter of every syllable of every word as if the Lord of Language himself (possibly Stephen Fry) were watching over them ready to strike them down in the event of a missing 't' in sweet or a missing 'g' in bloody annoying. It is the cinematic equivalent of Maria Carey warbling up and down through every conceivable note in order to try and prove that she can sing; but in doing so exhibiting a pretentiousness that has no place on this earth.

My unofficial award for worst acting performance is currently held by the actor who played young Anakin Skywalker in The Phantom Menace, but these three run him very close indeed.

Someday I will get around to reviewing the film's plot and characters but only when the agony and nausea are fully extinguished from my limbs and I can once again look out upon the world with the asceticism and joyful exuberance that have become my trademark. Good day.",1
Harry Potter and the Sorcerer's Stone,"Warning: there may be spoilers ahead. Not like it matters, because the whole movie is rotten anyway, and you're better off not seeing it.

I really don't get what kids like so much about this drivel. The main problem is that the characters are not likable. Not that they are dislikeable, they are just flat and bland like altar bread. And they don't change at all from the beginning to the end. Who's to blame - the bad actors, the mediocre director, or the awful writer? Really, I've seen far better character development in ""Revenge of the Nerds"".

And the story is just dumb. It starts with a good point: a kid with magical powers. Where did I hear that before? Oh, of course: ""The Books of Magic"". Except for the fact that JK Rowling is no Neil Gaiman... but anyway, here's an example. When Potter's magic powers first appear, he never seems to be too puzzled by them, never gets scared, nor thinks about using them to exact revenge from his cruel family. Hello? Anyone there ever read ""X-Men""? If you suddenly get super-human powers, you must be puzzled and tempted!

Talking about cruel families... they can be excellent plot devices. Green Goblin, anyone? But Potter seems to be immune to a decade of humiliation. Sure, he is quite lethargic (or is it bad acting?), but is never aggressive or rancorous. Which makes no sense.

There are lots of other bad scenes, like the ridiculous chess scene. Remember that scene of ""Attack of the Clones"" that was sometimes mockingly described as 'Star Wars meets Megaman'? This is similar, but even worse. There's no sensible reason for this place to exist, yet it does. Even if the rest of the movie was not a disgrace, that scene alone would have ruined it. Any suspension of disbelief that had survived the previous awfulness of the movie was killed at that exact moment.

Bad acting, bad directing, bad visual effects, bad music, and - above anything else- the bad writing... with all these problems, this movie ends up bland like drinking warm water. It has absolutely no flavor - but it can still make you want to throw up.",1
Harry Potter and the Sorcerer's Stone,"So, £85 million well spent? I guess since they've already made more than double that back, then from a financial point of view - Yes! But as a film....

Frankly I would rather remove one of my own limbs with a blunt hacksaw, then eat it raw before I watched this again. 2.5 hours of some of the most boring drivel, bad acting, weak special effects and irritating children you could hope to come across. The sooner these ""Child Stars"" descend into a drug and sodomy filled adolescence the better for all concerned.

Yes I have read the books, and yes, I enjoyed them, but this is still one of the dullest films I've ever encountered. Sticking to the original story is one thing, but when the audience are left praying for the last 5 chapters to be cut, something's gone wrong.

Back to my original point - where did the £85 million go? The Quidditch match was about on a par with King Kong for realism, and using Fungus the Bogeyman for the Troll was a masterpiece of imagination-free modelling. Perhaps all the money went on getting the magic tricks to look right? Or maybe not. How much effort does it take to have some brat wave his wand, the camera cuts away, comedy explosion sound effect, then camera cuts back to child with spiky hair and blackened face? Pure genius! They really have pushed back the boundaries of comedy here.

All in all I feel cheated out of 2.5 hours of my life, and I strongly recommend that you don't fall into the same trap. If you have 2.5 hours that you really want rid of, then I'd suggest spending it slowly rubbing sandpaper over your eyeballs - it's cheaper, and more pleasant on the senses.",1
Harry Potter and the Sorcerer's Stone,"Harry Potter and the Philosopher's Stone, as it is called everywhere else besides the US, and I'd like to know why, is no more than a 5th rate failure at best. Now I know I'm probably enraging every single person who has read the novel, however this movie is not the novel. Book and Film are two totally different mediums. Something that works in a novel, wont decessarily work on the big screen. Harry Potter is the greatest example of that.

Colombus decided to change very, very little in his adaptation of the novel, which is the movie's greatest fault. An author has the luxury to spend pages and pages describing a certain image in a story; a film does not have that kind of luxury. The movie was terribly boring due to the fact that Colombus tried to pace the movie the same way as the book. That is an impossible feat. The movie is not meant to be some companion to the novel. If that was the truth, then the 7 billion people who havent read the novel wouldnt even bother showing up to watch. A movie is supposed to have a broad audience in order to make money, if Colombus feels that he is only making the movie to please Potter fans, then AOL Time Warner will have a huge failure on their hands. I've never read the book, and some may say that that is the reason why I didnt enjoy the movie. But again, I went to see a movie, not read a book. The Godfather is not a classic because it stayed true to Puzo's novel. It is a classic because Coppola knew what elements would need to be changed in order to make the book filmable. Colombus doesnt have a clue.

The only thing good about Harry Potter was the cinematography. Most of the film looked brilliant, especially Hogwarts itself. Yet, a visually pleasing film does not make the film suddenly good. It doesnt even come close. The effects are just a testament to the fact that Colombus got his priorities way wrong when he filmed this boring, plodding paced movie. I voted it a one, I was feeling generous.",1
Harry Potter and the Sorcerer's Stone,"I've read the book only to see what all the hype's about. I must admit I was pleasantly surprised. It was a very easy book to follow and dares to be nothing more than it actually is - a plain old nothing-new-under-the-sun children's book. In that, Rowling did a fine job. Snippets from Lord of the Rings, Dracula, Ender's Game, to name a few, were bluntly used throughout the book and meshed together to form this trashy, 2 cents of a fantasy story. Oh well, as long as it keeps my children reading.

But the movie... oh, well, now that's plain sad. I don't recall ever seeing such forced adaptation of a book to a movie. Everything about this movie is wrong. The younger actors act so bad they seem to take part of some sorry school play, the CG effects are ridiculously unrealistic, the script is just a scribble of the original book's text rather than telling an actual story. And the list goes on.

The fact that Rowling insisted on having only British actors seem to have been the first mine laid on a shaggy path to a bearable movie. Steven Spielberg (who was offered the job) could have done a much better job in directing just as much as Haley Joel Osment (6th Sense, who was suggested by Spielberg for the part) could have been a MUCH more convincing Harry Potter. A whole lot of the experience was missed, as the rest was brutally murdered by idiotic idealism by the author. Plain sad.

The worst part is that such a horror of a movie had earned so much money to its makers. Kinda blows away all wishes of becoming a good, hard-working director... it seems that skill has nothing to do with success. :)

It deserves nothing more than 1/10.",1
Harry Potter and the Sorcerer's Stone,"***SLIGHT SPOILERS*** As an adult, it didn't appeal to me in the least. The effects were poorly done, the giant plot leap in the middle (""lots of strange things are happening-- hey, I know! it's definitely because the creepy teacher guy wants the thing under the trap door under the three-headed dog"") threw me completely out of the story. It's really a kids only movie, which disappointed me, because I'd been hearing such good things about it. And then at the end, Harry is sent back to his abusive adoptive parents. So much for changing one's situation.

And I know that they had to cut tremendous amounts of story in order to make it only 2 1/2 hours long (which was still way too long for this movie). After waiting in line outside the theater with tickets bought a week ahead of time, I must say I was truly disappointed. I'm even more saddened by the commercial success and the lunacy of die hard Harry Potter fans which will keep this sad and poorly-written movie in theaters much longer than it needs to be.

Some books should remain books.",1
Harry Potter and the Sorcerer's Stone,"terribly contrived and juvenile. From the outset, it treats viewers like they were little children - the problem is, that most children won't realize how terrible it is because they haven't the breadth of experience to notice how contrived and unoriginal the plot is.

I don't blame Columbus though, JK Rowling has created a cliched story full of unoriginality and character shallowness. The fact that Harry Potter seems to be everybody's favourite and is virtually invincible in the film just makes you feel sick at how predictable this film is.

And the ending - my gosh, what a terrible ending. Star Wars was bad enough with their super proton topedoes that destroy whole mother ships (and stupid Darth Vader never learnt the lesson of having such weaknesses from his experience in The Phantom Menace). But Harry Potter tops it with it's ridiculous ending whose sole explanation is a mother's love? Ludicrous!

Go see a real movie, from the original genius of JRR Tolkien: The Lord of the Rings.",1
Harry Potter and the Sorcerer's Stone,"Literally anyone could write this story. Nothing is original, the effects are mostly bad, the acting is bad, the direction is bad and the music score was written by John Williams 25 years ago (if you get my meaning).

This movie isn't funny enough, dark enough or smart enough to be considered interesting. It's very simple and too boring.

The studio executives have gone really stupid nowadays; the original and interesting ideas are never promoted, they always seem to go for the safe (meaning stupid) bet.

1/10",1
Harry Potter and the Sorcerer's Stone,"About halfway through Harry Potter 1, I considered walking out. It's not that it was godawful, but having read the book, I knew how it all worked out-- and I had no confidence left that there would be anything the least bit interesting about how Rowling's story would be illustrated.

That's what it is; the book faithfully, and dully, illustrated, line by line. It's so faithful to the order of incidents (and the need to keep the story moving) that it has no time to give us any of the characterization that made us root for Harry; at best we get instantly recognizable movie stereotypes (Draco Malfoy has a Richie Rich 'do, therefore he must be from the same snotty rich kids' fraternity as Greg Marmalard). Seemingly ideal casting-- Alan Rickman as Snape, say-- is wasted when the characters turn out only to have half a dozen lines in the entire movie, most of them expository. Maggie Smith, Ian Hart, Richard Griffiths, Fiona Shaw, all wasted; the peerless John Cleese as Nearly Headless Nick has, as memory serves, all of two lines-- one to explain why he's nearly headless, and one to announce, in Boys' Own Weekly cliches, that the Quidditch Cup is sure going to be hotly contested this year. Maybe only Robbie Coltrane and John Hurt get enough dialogue to begin to sketch a character.

The other problem-- not unrelated, surely-- is that Chris Columbus is, for the millionth time, the wrong wrong wrong director for the job. He has no sense of magic, of mystery, of English eccentricity. Give him two wizards skulking about a suburban tract house, and he'll make them seem as ordinary as two retirees strolling and chatting about the weather. Give him an evil spirit sucking the blood of a dead unicorn and being interrupted by a centaur, and he makes it seem like two retirees strolling and chatting about the weather. Give him a chess game, and he makes it seem like World War III. Give him Gringott's bank, and he ignores the baroque set that's been built and can't wait to show us a big pile of gold, which is surely a bit revealing. This isn't as awful a blockbuster as, say, Tomb Raider, but it comes from the same land of impoverished imagination camouflaged with booming, expensive yet somehow cheap-looking special effects.",1
Harry Potter and the Sorcerer's Stone,If you want a quick and easy way to punish your kids take them to see Harry Potter. This overlong and boring movie will put them to sleep. The acting was economy class at best and the plot stank worse than a moldy anchovie sandwich. The only good thing to come out of the movie is the undeniable talent of Robbie Coltrane. To bad the man wasted his talents on this piece of trash. Chris Columbus just can't direct and newcomer Daniel Radcliffe can't act. The special effects were actually pretty decent for the film. I would give this movie 0/10 but there is no zero on the voting so I had to give it a one.,1
Harry Potter and the Sorcerer's Stone,"I'm a huge fan of the books, and I was hoping to like the movie. But from the first with Dumbledore turning out the lights it was sooo dismal and depressing. Where was the humour and warmth? The acting was stilted. There were non-sequiturs galore, if I was watching this without having read the book, I would have been foxed good and proper.

I had a problem with most of the interpretation too - there was no ""public school"" atmosphere to the place. The wizards and witches spoke in an awed way about their world, rather than with the matter-of-factness that is so funny in the book. Dumbledore was too serious, Snape barely said anything, Potter was unexpressive, the bloody baron was rather too happy etc. I liked Snape, when he was around, Herminone, Ron, and McGonagall.

The length was a problem too. Who'd have thought a Harry Potter movie would be so boring that you couldn't stand it for 2 1/2 hours though?

Maybe a problem was that they were trying to keep it too close to the book and the studio took the shears to it when it turned out to be too long?

Anyhoot, sorry, but it was bloody awful :(",2
Harry Potter and the Sorcerer's Stone,"I think this movie disappoints due to its poorly done special effects/animation. EEEk! My kids were horribly disappointed because things ""were not as they imagined it"" and ""looked fake"" and (according to them) ""were outright wrong""! Even basic blue-screening effects were simply terrible, and FX were often used just to use them, as opposed to enhancing the story.

As most reviews state, this movie is NOT for the little ones - thankfully I left my youngest at home with Dad!

I read and thoroughly enjoyed the book, but the movie lacked the wit, charm and fantasy world that one can only find in their imaginations.

Wait for the rental!",2
Harry Potter and the Sorcerer's Stone,"Nearly every single scene from _Harry Potter and the Sorcerer's (or Philosopher's) Stone_ is in the movie, but there's still something missing. Something big and very important, and it isn't Peeves.

It's the heart.

I saw this train wreck in a dollar theater and felt like I was having the book read to me flatly. All it does is show you what the producers think everything in the story looked like without ever bothering with what the story was ABOUT. I know a movie's in deep, deep trouble when I really couldn't give a pair of fetid dingo kidneys about the title character or his friends.

Do the little ones a big, big favor and sit them in front of ""the Neverending Story"", which has got more imagination in any given frame of film than ""Harry"" has in its entire running length. And it does so while (gasp!) NOT sticking slavishly to the book!",2
Harry Potter and the Sorcerer's Stone,"I've read reviews for these films excusing the pathetic adaptations of the stories to film because ""they are for die hard fans who know the story already"". To know what is going on at all (especially in the later films) one would certainly have to have read the books. Even as kids movies they have left out so much of the fantastic novels, you would almost think that the same people who hate the books and ban them because of ""satanic teachings"" (HA!) produced these movies to dumb them down to the point of their own ignorance and stupidity.

The quality of film and even acting slightly increases throughout the series, but as everyone else has already stated they are RUSHED!! It is almost as though the entire cast were directed to read off their lines as quickly as possible, and at times the acting is so horrible that I almost think that I could do better with zero acting experience, but probably not.

The saving grace for me was the cast which fit well, and really saved the other stuff in a big way. Kenneth Branagh in part two was my favorite match out of the bunch.",2
Harry Potter and the Sorcerer's Stone,Someone pls tell me how to not just watch the trailer in detail I'm confused,2
Harry Potter and the Sorcerer's Stone,"According to First Alliance standards

This movie needs to improve to show more of * good family image (as parents of the main hero are dead as typical for Hollywood)

* good extended family image (very few family links are shown)

* lacks parents involvement in education, it is not good for mental health for kids to stay without parents

* Strangely, kids are left alone to solve adult problems.

* Healthy masculine feminine differentiation, healthy image of husband-wife relationship

* Healthy relationship between parents and children

This movie * Has Satanic rituals embedded in it which doesn't make it appropriate even for adults.

* it also has to dark background and grim plot, which again turns perception of the viewer into sadness

* has too much relationships between kids and temporary people (teachers, strangers - not family) in stressful circumstances

This movie has * Good highlight of friendship among kids

* Individual traits focus such as bravery, intelligence.",2
Harry Potter and the Sorcerer's Stone,"Despite the fact that I was working for HMV between some of the main Potter years 2003-2008, I studiously avoided all things Potter until 2013.

Then I binge watched all the films one Christmas, and I accepted that it wasn't that bad. But never watched them again.

Then, in about 2018 I finally read all the books, in a row, about 4 times. Their reputation and popularity is well founded, with a brilliant story arc and great characters.

So I went back to films, and maaaan they are bad. I feel for the main young actors. Whoever cast them surely must've seen better. Surely. I'd have taken better acting over looking less like the character's descriptions in the book every time.

The story is pruned in some odd places, why is Dudley's hair not blonde? Why did they leave out Peeves? It's odd that JK was so involved and yet the films are so bad.

The early scenes from the letter arriving to arrival at Hogwarts happen in minutes, and so there's no chance for any sense of wonder.

There must've been discussions after the first film wrapped between producers ""we can't replace them now...."". Well there you go.",2
Harry Potter and the Sorcerer's Stone,"There is a classic early 90's Far Side cartoon that shows 3 people standing in an otherwise empty room with a banner hanging overhead painted with the letters, 'DLDWWS.' The acronym means ""Didn't Like Dances With Wolves Society."" Gary Larson really captured a phenomenon I'd call the 'societal embrace.' Enough people give a product their stamp of approval that it nearly becomes propaganda. No person can escape at least making a decision about that product. This cultural phenomenon has happened many times, including this year, most notably with feature films. In late 2001 and early 2002, there was no escape from Harry Potter.

With that, I hereby begin DLHPSSS (Didn't Like Harry Potter and the Sorcerer's Stone Society). The first half hour or so I found interesting. Then I noticed that the film continued to roll, but there was still no sign of an actual story. Poor Harry had no objective. There was no jeopardy. Two hours in, finally, something. There's this magic stone created by the world's most powerful wizard (probably all that's protecting him from mass ridicule over being named Dumbledore). By that time I had ceased to care. I can't remember ever caring less how a film was going to end (or wishing more that one simply would). The ending that did eventually come, frankly, stunk. Not only did it keep going, but they add to the agony by reminding the audience of the useless points contest between the houses. I was actually happy when the Slitherin house won. They even ruined that moment for me.

On the way out, my brother, who I saw this with, made a good analogy. He said the film was like ""Pirates of the Caribbean"" or some other Disneyland ride where you just travel through and watch various animatronic things jump out at you. There's no real story, it's just a bunch of neat things to look at. ""Harry Potter"" isn't far off from this. The plot is missing for so long that it ends up being a whole lot of nothing.

It's been a long time since ""Harry Potter and the Sorcerer's Stone"" was released, so long that I'd forgotten why I avoided seeing it in the first place. I sensed that director Chris Columbus, fearing rejection from the book's untold numbers of adorers, had stayed extraordinarily faithful to its content, making ""Harry"" a cash cow just waiting to be fed. There was no risk involved for the film's creators, who knew its audience came built in. None of this is any fault of Rowling's. I'm sure she's written a fine book (yes, I'm the one who hasn't read it yet.) There's a big difference between cinematic storytelling and the dramatic arc of a novel. A novel can survive on details and character alone for a long time. ""Harry Potter"" tries to survive for too much of its ungodly 2.5-hour length on just following Harry around before finally doing something with him. It's a shame because the character is actually intriguing.

I never bought into the ""Harry Potter"" propaganda, but there I was, buying a ticket anyway. I sensed a hesitation from the ticket seller, actually, when I heard 'Harry Potter' come out of my mouth, like he was giving me one last chance to change my mind (""Dude, are you sure you want to see THAT movie?"") Curiosity got the best of me. I find solace in that there are still a couple of people out there who haven't seen it who can still be saved. Maybe I should have seen it sooner.

Grade: D+",2
Harry Potter and the Sorcerer's Stone,"Hollywood ever adjusting to its audiences tastes decides to reduce the hero genre back to its ...elementary roots.

Harry Potter a boy who lives underneath stairs and serves his aunt and uncles house all day receives a letter from the famous Hogwarts. His Muggle relatives will not have it.

As they run afowl of his repeated letters they flea to the middle of nowhere. There they encounter a half giant that can fly motorcycles but can't bake or spell.

After a warm goodbye Harry is off to fetch his books and such. There he has lunch and learns about you know who.

After picking up his cauldron , and some magical wood he heads over to the bank with his escort to grab some coin. They also pick up a magical pet rock that must be kept secret.

Harry not having ventured much further than his front yard is dropped of in London's main terminal and told to catch his ride. He almost misses it but finds help by a family that can run through walls. On the train ride he runs into a boy and his pet rat and a girl looking for a toad who is nice enough to fix Harry's broken glasses.

After disembarking they find them selves in Hogwarts castle outside the main dining hall. A boy finds his toad. Harry finds the other toad , Draco Malfoy. Not much time to chat however as they are marched right into the dinning hall to be assigned their houses by an old hat found in the closet in the last fortnight.

After being sorted into their houses they meet the local wall art , are bored silly by their professors and discover quidditch skills they never knew they had. Then the fun begins. It seems as though he who must not be named is after the pet rock Harry saw earlier at the bank.

After murdering a unicorn , he who must not be named sends his agents to dupe the groundskeeper about the large three headed dog guarding the way to the pet rocks hiding place. So with plenty of competent adults around they decide to do it all themselves.

After slipping by Fido , dropping their way out of a snare and winning at one brilliant game of Wizard Chess. Harry finds himself confronted by the essence of he who must not be named , a lot of talk occurs but eventually Harry foils the bad guy and saves the Stone.

Later at dinner , Dumbledore hands out last minute pointers on how to win the house cup. The train rides off to summer and Harry goes back to the cupboard.

Overly long and nonsensical even magic can't save it.",2
Harry Potter and the Sorcerer's Stone,"I went to this movie with much expectation, since I am very fond of Fantasy books and movies, and was disappointed, just like I was disappointed from the book.

This is a kid's movie, one that you'll take your 10 year old brother or 8 year old daughter. Definitely not a movie for people who are over 18 (just like the book, in my opinion at least).

But then again, the book and the movie broke selling records all over the world, so I must be wrong... Amazing production, for kids. If I were a minor, I'd give it 12 out of 10 on the Big Max scale. Since I'm not, 2 out of 10 is more likely.",2
Harry Potter and the Sorcerer's Stone,"I found this film to be insultingly bad. Yes, it was pretty. But there was very little to like in it. The acting (except for Snape) felt stilted, the F/X weren't well polished, and the writing was simply terrible.

The worst part of all had to be the graduation ceremony, where the unfavored team wins, and then has it's win overturned so that the favorite team wins in a blatant display of favoritism.

Snape alone keeps this film from being a 1.

2/10",2
Harry Potter and the Sorcerer's Stone,"This is what happens when you let an American director completely spoil a superb British book (yes nothing to do with America at all). There is so much missed out of this film that was in the book, and some of the parts that are in the book have been changed and they are so lame it's unbelievable. As for the characters, I don't think i've ever seen an actor (if you can call him that) as wooden as Daniel Radcliffe. Another mistake by the Americans, picking an actor as expressionless as Radcliffe to play our main character. Ron is OK, but he is how you would imagine him to be. Hermione may be fit but she's way too soppy for the film and doesn't do the Hermione from the book justice. As for Alan Rickman as Snape, you couldn't pick a worse person for the part. Don't get me wrong, Rickman is a fantastic actor, but I couldn't stand to watch him in this. His performance can only be summed up in one word: pathetic. Now that Columbus and Cuaron have f*cked off and handed over the directing reigns to an Englishman, I look forward to the new film, the Goblet of Fire. I hope that this new director, brings Harry Potter to life and save the books, now that Chris Columbus and Alfonso Cuaron have given them such a sh*t reputation with their weak, atrocious portrayals of what is, in my opinion, one of the best books I've ever read. Miss it if you can, and oh yeah, i am not prejudiced against Americans but it's called Harry Potter and the Philosopher's Stone, none of this Sorcerer's Stone crap thank you very much!",2
Harry Potter and the Sorcerer's Stone,"This film has some of the worst child acting I've ever seen. Admittedly it's very difficult to put all the richness of the book into a short film, but did they have to leave out characters completely. The sets were very well done but needed to be complemented with some competent acting, which they weren't. Very disappointing.",2
Harry Potter and the Sorcerer's Stone,"I am a Harry Potter fan...

I can't cement that idea in your head before I start getting on this movie but I want to underline it anyway, <u>I am a Harry Potter Fan</u>...

Now can somebody pass me the Pebto Bismol? I'm going to be sick....

I read ""Harry Potter and the Sorcerer's Stone"" a few months before the movie was released on DVD and I was delighted by the story -- meek and meager Harry Potter just happens to be from a line of Wizards and and the whirlwind tale that takes place during his first year at Hogwarts...

I thought to myself that with all the cheer and hoopla over the movie, it would be just as enjoyable as the book. I was proven totally wrong in Chris Columbus' vision of Harry and his world.

There were some things I enjoyed about the movie - Ian Hart (who's most memorable role before this was as John Lennon in 1994's ""Backbeat"") as Professor Quirrel, Robbie Coltrane as Hagrid, Rupert Grit as Ron Weasley, Alan Rickman (as usual) as professor Snape, the Late Richard Harris... But the key things in the movie I couldn't stand was hwo Chris Columbus made Harry the center of the world and how he and Steven Kloves screenplay failed to tell the story in a compelling cinematic way....

I don't know if it was Daniel Radcliffe or Columbus that decided that Radcliffe should play the roll of Harry as a model instead of as a human being... Nor do I know if it was Kloves or Columbus that decided to downplay the difference between Muggles and Wizards and how Harry's parents avoided telling him the truth about his parents.... Or even forgoing telling us how VILE this kid's existence was with his Aunt and Uncle until he was rescued by Hagrid.... This stuff alone repulsed me and turned me off to the movie entirely.

Then there's the point where Harry was always brought to the forefront in scenes. He stood in the front of groups, he sat in the front of classes when he was a key person in a scene.... Yes, he is the STAR of the movie and the person the story revolves around, but mix in the kid's story-book persona with everything else -- he was always just another kid with hand-me-down's.... Ridiculed and revialed by those surrounding him... His image could be a stand out in a group -- but not the leader of the group (and by group I mean students in general - not just Hermione and Ron and Neville)...

I shouldn't get on Daniel for his portrayal - he's a kid and of course he isn't a shakespearean actor... Meaning my negative review for him should be only negativity rested upon Chris Columbus' vision which I see as a failure. Yes, the big budget and monetary return proves otherwise, but when you have a childrens phenomenon on the big screen, you will always get large returns. Look at Teenage Mutant Ninja Turtles and how they did in the box office, or even Pokemon's first movie...",2
Harry Potter and the Sorcerer's Stone,"This movie was clearly an attempt at making a quick grab for the Christmas buck when it was released. I don't know if this movie was severely butchered on the editing table, or if it was just plain badly directed. It rushes through the story at break-neck speed, jumping from scene to scene without any obvious connection between them (perhaps a narrator could have solved this), resulting in a confused jumble of dialogue and action. After seeing this film, I was SO glad that I had read the book, otherwise I probably would have been wondering what the heck was going on for most of it. This movie is what you get when you try to squeeze the contents of an entire novel into a single film, and then continue to cut it down to fit the attention-span of an eight year old. Recommended only if you're under the age of 10, or are extremely familiar with the book.",2
Harry Potter and the Sorcerer's Stone,"This film was just plain poorly made, there is no trying to deny that. It was based on a 300 page (fairly easy to adapt) world record breaking novel that in the opinion of many is one of the best books ever written. When it was announced that director Chris Columbus would helm the project, many moaned and groaned, his previous works have lacked in... erm... entertainment. Steve Kloves was assigned to adapt, Kloves is not as seasoned a man as several other talented screenwriters. So we now have a mediocre director and screenwriter assigned to one of the potentially greatest films of all time. It was expected that the actors who would eventually play the trio would have to be 'green' (unexperienced) because veteran child actors are often not right for franchise roles. So a new ensemble, a poor director, and a mediocre screenwriter. But it could still have come out good right?... WRONG! Chris Columbus' direction was absolutely appalling! His incoherent transitions, unchanging camera angles, lack of any use of dolly shots, over-use of tracking shots, monotonous lighting, and complete ignorance to inform his actors how to actually act, immediately contributed to the collapse of this picture. Kloves' writing didn't contribute any quality to the abysmal film either. The novel was an epic: written as an epic, described as an epic, and sold as an epic. So why was the script written like a quirky independent film? Furthermore the CGI in this film (despite Columbus' excuses of time restrictions) INEXCUSABLE! You do not have ghosts float in 2D patterns as though designed on Apple iMovie when you have a budget exceeds 100 Million dollars! Now: The Ensemble. Too many reviews have been published tearing apart the acting of the three actors portraying the most well known characters in history. So I won't... JUST KIDDING! The acting was and remains now, encased in DVD releases, some of the worst in cinema history. ""You mean? That thing was Voldemort?"" was meant to be spoken in a spine-chilling and dragged-out way that made the audience cringe in terrifying realization, and was instead spoken as though Harry Potter had stumbled upon a surprise party. Daniel Radcliffe and Emma Watson deliver some of the MOST irritatingly bad lines ever spoken, it's rather easy to simply learn to not over-act, to not under-act, to just act! Espesially in a role so perfectly described in books. Rupert Grint was tolerable. The movie was an enormous insult to the well-written book of the same name and despite the hype surrounding the apparent attraction ten year old girls have to Daniel Radcliffe (whose normal weight does not fit the skinny persona described in the book) and the ""amazing"" (gag) special effect, most critics and fans alike cannot bare to even watch the film a first or for those unfortunate ones like myself a second time. I only wonder if, somehow seeing how bad the movie adaptation would be, J.K. Rowling would have instead named the Centaur Firenze: Torgo.",2
Harry Potter and the Sorcerer's Stone,"Okay, I just need to explain, I didn't start to hate Chris Columbus' work until I saw the difference that Alfonso Cuaron made when he directed it. I have already seen the fourth film and I loved it, but if you want to hear about that, search my name...

Okay, this is why Chris Columbus sucks... this film was truly an effects-filled family flick. It is more pleasing to those who didn't read the book. Also, did anyone notice that Dan, Rupert, and Emma's acting abilities didn't improve noticeably until they got a new director, Cuaron, and then another one, Newell, with which they improved a lot. Also, none of the kid characters really had personalities! Instead of focusing on the characters, Columbus focused on putting CGI into any place he could, thus drawing attention away from the plot and characters, which are very believable despite all the fantasy behind it. So, mainly what I just said is that Columbus focuses mainly on the fact that these people are magical than the fact that they have personalities.",2
Harry Potter and the Sorcerer's Stone,"This is a fantasy film, the first in the long-running series of Harry Potter films, and is also known as Harry Potter and the Sorcerer's Stone. It is based on the novel of the same name, which is the first in the long-running series of novels.

An orphan lives in Surrey with his aunt, uncle and cousin - all of whom resent him. He goes to live and study at Hogwart's School of Witchcraft and Wizardry in Scotland.

I cannot understand the massive popularity of this film, or why it spawned so many sequels. It has dull dialogue, stock characters, mediocre acting and a ridiculous plot.

Before I watched it I heard a lot of critics, journalists, filmgoers and people involved in making the film claim that there's a lot in the film for adult viewers to enjoy. I strongly disagree with them and I consider this to be a children's film. I can't see how any adult or teenager can enjoy this nonsense.

I haven't seen any of the sequels and have no intention of doing so.",2
Harry Potter and the Sorcerer's Stone,"I get up at approx. 7am every morning and travel by public transport to my relatively interesting job in PR. I have an option of routes either the District line to the East End and then South, or the Docklands railway through Canary Wharf. Whichever way I take, wherever the whim takes me one thing is guaranteed - someone will always be reading a 'Harry Potter' (or Louis De Bernieres, but don't get me started on that 'mandolin' film!). These aren't kids, mind you - but fully formed adults with (assumedly) adult sensibilities and understanding. People with entire libraries of educated, intelligent writing at their disposal.

Why, oh why, then are they being sucked in by this RUBBISH!

I must confess, the 'hype', and the good words of friends, led me to order all four books. Either luck, or fate, has intervened as it has been 10 weeks since and they still havn't arrived. Good job - for as soon as they do they're going straight back!

My reasoning? The basis that the film, as being deemed by the author (the perpetually miserable JK Rowling), is as close to the book as you can get. It must truly, truly suck as a piece of fiction, because, boy, does it suck as a movie?!

The acting from the relative newcomers puts me in mind of the Children's Film Foundation of the early 70's - stilted, unconvincing, poorly potrayed. They are badly served by a shoddy script of half sentances and pointless dialogue. The Adults - Maggie Smith, Richard Harris, Alan Rickman and Robbie Coltraine play Maggie Smith, Richard Harris and Alan Rickman and Robbie Coltraine. There have been lulled into this on the cheap and forced to act out this appalling ABC of filmaking: ""First I was orphaned, and then I became a wizard, and then I went to school and then I learnt to fly and then I found a three headed dog, and then I found a dragon, and then I found a unicorn...."", It just goes on and on. Crammed full of ideas that don't hold together, and ultimately mean nothing, there is little suspense or satisfying denouement.

The special effects are good.

This isn't even a film for kids, it's a film for kids that have read the book. I guess the film-makers are (literally) banking that the hype of the books will transfer to the screen. Let's face it, there's little else going for it.",2
Harry Potter and the Sorcerer's Stone,"There is only one surprise in this otherwise predictable story, I will not reveal it so as not to spoil it for all the other people who will want to watch the movie.

If this is a true example of what the books are like, then the adults who read the book on the train in the morning are sadder than I first thought.

Utter tripe and overrated for what it is, oh and think J K Rowling might try and make her anti-catholicism a bit more obvious.",2
Harry Potter and the Sorcerer's Stone,"There is a classic early 90's ""Far Side"" cartoon of 3 people standing in an otherwise empty room with a banner hanging overhead painted with the letters, 'DLDWWS,' which stands for ""Didn't Like Dances With Wolves Society."" Gary Larson really captured a phenomenon of what I'd call the 'societal embrace.' People look for things to identify with to make them feel like they're a part of mass culture. Enough people give this product their stamp of approval that it nearly becomes propaganda. No person can escape at least making a decision about that product. People are more likely to decide something's good if someone else tells them it's good, even though they would have felt indifferent otherwise. This cultural phenomenon has happened many times, including this year. In late 2001 and early 2002, there was no escape from Harry Potter. (pronounced 'Paw-TUH' because I've rarely heard it said otherwise. Hogwarts, Middle Earth, Ridley Scott, James Bond, Austin Powers, Shrek-talking like a stuffy brit is definitely cool again.)

With that, I hereby begin DLHPSSS (Didn't Like Harry Potter and the Sorcerer's Stone Society). The first half hour or so I found interesting. Then I noticed that the film continued to roll, but there was still no sign of an actual story. Poor cute little Harry had no objective. There was no jeopardy. Two hours in, finally, something. There's this magic stone created by the world's most powerful wizard (probably all that's preventing him from mass ridicule over being named Dumbledore), see and-oh never mind. By that time I had ceased to care. I can't remember ever caring less how a film was going to end (or wishing more that one simply would). The ending that did eventually come, frankly, sucked. Then they add to the agony by reminding us that there was the points contest between the houses. I was actually happy when the Slitherin house won. They even ruined that moment for me.

On the way out, my brother, whom I saw this with, made a good analogy. He said the film was like 'Pirates of the Caribbean' or some other Disneyland ride where you just travel through and watch various animatronic things jump out at you. There's no real story, it's just a bunch of neat things to look at. Same thing with ""Harry Potter."" This is the most offensive kind of film to me, one that passes itself off as cinema, but is really just assorted eye candy. The effects and sets and cute kid actors are designed to make you feel like you've been entertained when you've really just been gypped.

It's been a long time since ""Harry Potter and the Sorcerer's Stone"" has been released, so long that I'd forgotten why I avoided seeing it in the first place. I sensed, knowing that director Chris Columbus had stayed nearly verbatim faithful to the book, that this was a cash cow just waiting to be fed. There was no risk involved for the film's creators, who knew its audience came built in. Now it's up for a Golden Laurel award, which is the Producer's Guild of America's year-end pat on the back for 'excellence in producing a motion picture,' which translates as 'best job of making lots of money on a motion picture.' (Why do movie producers need a guild? No one knows. No one wants to ask. But that's for another time.) The award should be replaced by something that looks more like the one they give the winners of the MTV Movie Awards: a gold-encrusted bucket of popcorn. ""Harry Potter"" producer David Heyman should certainly win for creating the 'movie project that moved the most popcorn at cineplexes worldwide.'

I never believed in the ""Harry Potter"" propaganda and I was right. But there I was, buying a ticket anyway. I sensed a hesitation from the vendor, actually, when I heard 'Harry Paw-TUH' come out of my mouth, like he was giving me one last chance to change my mind. (""Dude, are you sure you want to see THAT movie?"") Curiosity got the best of me. My solace is that there are still a couple of people out there who haven't seen it who can still be saved. Maybe I should have seen it sooner.

Grade: D",2
Harry Potter and the Sorcerer's Stone,"With the exception of a few impressive visual scenes, this film is unbearable. I generally like kids, but this film had me rooting for the bathroom ogre and the 3-headed monster dog to eat all children in sight, especially the three principal actors. They're awful - mostly due to painful overacting for which we can blame poor direction. If Hermione doesn't get on your last nerve, nothing will. Yeah, so the film has some heartwarming positive messages, but the characters are so non-endearing and the storyline is so mechanical that in the end, you just don't care.",2
Harry Potter and the Sorcerer's Stone,"Word for word, it followed the book. Some people may see this as a good thing, but the best film adaptations of books are the ones that take the FEELINGS and THEMES from the book and transform them from the written format to the screen. This movie, however, was like listening to a cassette of the book with silly little special effects and poor animations carrying out the actions.

For a kids movie, this was entirely too long. I had a time sitting through the dull 2 1/2 hours, and I'm an adult. There was no plot, no action, just a whole bunch of character development. Maybe the next 2 movies will be better now that we've got all the characters, the school, the history, the animals and the spell components established.",2
Harry Potter and the Sorcerer's Stone,"Initially I was against this series because the kids leave such huge messes at the cinema where I work. Then I decided to rent the first movie and give it a look to see what it is the kids love about it so much. Then it hit me: it's the story of a no talent underdog who overcomes great obstacles with a little help from his friends. And who doesn't like that?

Overall, I'd say this is above average. I thought the three kids, Radcliffe (Harry), Grint (Ron), and Watson (Hermione), gave capable performances, oh, as did Felton, who played Draco. Also worthy of mention are Richard Harris, Maggie Smith, Alan Rickman, and Robbie Coltrane. If this film has any failing it may be that they try too hard to remind us of Harry's importance (he IS important, but isn't that obvious from the fact that he's the title character?).

So give it a rental. 7/10",2
Harry Potter and the Sorcerer's Stone,"Harry Potter and the Sorceres stone was an OK book,but the movie was horrible.The acting beside Rupert Grint[Ron] and Maggie Smith[Professer McGonagal] was the worst ever.Dan Radcliffe made Harry loook shy and stupid where he falls in none of those catagories. Emma Watson who played ms.Granger paused a lot meaning she forgot her lines.The story was a not made for a movie.This production made Mrs.Rowling[the author] look bad.I usually like fantasy's but this was a horrible one.I want to see how the next Harry Potter movie is if it's as bad as this was I will feel Real bad for Rowling[the author].So veiwers never waste your money on this movie.",2
Harry Potter and the Sorcerer's Stone,"Harry Potter is a long, dry crawl through a thirsty desert. in the distance, dimly, you think you see a giant glass of water in the shape of Alan Rickman - only, when you get there, its not.

Where was the mystery and darkness everyone had told me would be there? From minute one I knew that he would overcome *every challenge* with panache and energy to spare. From minute one I knew that the evil wasn't any more sinister than my high-school economics professor: Valdemort is a tame and pale shadow of the evils of Darth Vader or Sauron; even Dennis the Menace's foil of Mr. Wilson had more depth of character and motivation.

At the movie's half-way point, I found myself eagerly awaiting the end of the film - not because it was keeping me on the edge of the seat, but because I wanted to go home. Obviously, this story was meant to be a book as it certainly doesn't flow well as a film (I could see several place where there was supposed to be the word ""Chapter Five"" or somesuch).

Of course, boring the audience could be a favorite trick added by the director, who also made the horrible attempt at a tear-jerker that was ""Bicentennial Man"", a yawn factory that is *also* a long, dry crawl through a thirsty desert, only you don't even get to *see* a glass of water.

Cinematically, so many of the scenes and filming styles were stolen directly from ""Star Wars"" (such as the chess game in the dining hall [""I suggest a *new* strategy, Artoo - let the wookie win""] to the Luke vs. Speederbike filming of Harry and enemy Slytherin Quidditch players). The editing was choppy and amateurish, and in this day of Jar Jar Binks, the 1997 quality of the special effects is criminal.

Stay in and play ""Tony Hawk"" instead.",3
Harry Potter and the Sorcerer's Stone,"To put not too fine a point on it, this movie manages to destroy everything good about what was an adequate piece of children's literature. The CGI is frequently ropey, all the money evidently having been spent on the Quidditch match. The performances of the adult actors are going-through-the-motions as a rule, while among the young actors, only Rupert Grint as Ron Weasley and Sean Biggerstaff as Wood stand out as new talents. Daniel Radcliffe is given virtually nothing to do as Harry other than grin or look puzzled as the occasion demands it, and Emma Watson's performance as Hermione Granger is so gut-twistingly awful as to spoil any entertainment that might otherwise have been obtained from the film. Chris Columbus' direction is stodgy - you would have thought after Bicentennial Man that they would never have let him near a book adaptation again - and even the normally excellent John Williams manages to provide a score which is mainly unfitting and intrusive.

In short; if you are not a fan of the books, the film will not convert you. If you are a fan of the books, you would be well advised to stay away and thus preserve your enjoyment of them.",3
Harry Potter and the Sorcerer's Stone,"They bragged this movie up way too much. It was too anticipated and then when it finally came it was no good. I guess the plot line is good. But, how could this book have become so famous? The acting and special effects in it were great, but I didn't care for the plot line. I don't even know why they would have made the movie of this to begin with, the movie and the book were completely different. This movie has angered a lot of people due to that fact. I suggest... MAYBE... seeing this just to the fact that it's ""Harry Potter,"" not saying that I'm a big fan of the book at all... and I'm not. This was really just an excuse to get out on a Saturday night. Give it a try. It's just not something that I'm interested in. I give it a 3/10.",3
Harry Potter and the Sorcerer's Stone,"If ever there was a movie case of the Emperor's New Clothes, it's this. Can two and a half hours possibly have gone more slowly? Could they possibly have found a group of supporting child actors quite so bad? Could the great Steve Kloves really have written this or did they just allow the actors to make it up as they went along? pants, pants, pants. Yawn. And it'll probably be the most successful film of all time. How depressing.",3
Harry Potter and the Sorcerer's Stone,"As a fan of the Harry Potter books, I went to the movie with great anticipation and expectation. Many of of those expectations were met. The look of the Hogwarts school, the special effects, and the casting of characters are all superb. The children were delightfully genuine, witty and not overly cute.

With such a great look and cast, it is a shame that the movie itself is so extremely boring and poorly paced. The beginning has no grab and the rest of the movie methodically displays scenes straight from the book. Then all of a sudden at the climax of the movie, the movie trades in its slow pace for one that rushes to a completely unsatisfying end. The books have a dark eerie tone to them, and are magical whodunnits with clues dispersed along the way. This movie captured none of this mystery and instead is tame and uninteresting. The two and a half hours (not including the 30 minutes of previews and commercials) soon became agonizing as the appreciation to the special effects wears off.

One can only hope that the next installment of this series will improve as director Columbus has all the elements here for a great movie (a great cast, wonderful plotlines, and a huge budget) if he just had the courage to use them properly.",3
Harry Potter and the Sorcerer's Stone,"I am not a religious person but I have to wonder why any Christian, Jew or Muslim would allow their child to see this movie. Perhaps they do not know that witchcraft is a real religion and there are many practicing witches and wizards (a male witch) in this world. I have personally met real witches and there are many documentary films about them. They are nothing like movie witches but they do practice their religion. This movie is a candy-coated promotional film for the witchcraft religion. Take your children and see if they don't come out wanting to be a witch or wizard. Don't you think it is odd that no other religion is even mention in the film?

Also, a parent should ask themselves just what values their child will take away from the story. The children in this film regularly disobey the adults and are rewarded for it.

Notwithstanding the above, I found the movie a disappointment. The story was so dull that I had to fight falling asleep. By the time the end mercifully arrived, I had lost interest in the story and did not quite understand the point, if there is one, or did I even care. The special effects are not up to today's standard. The snake and the troll were especially bad and unconvincing. Many other things just did not look real.

In summary, the creepy promotion of the witchcraft religion and the fact that it is not very good makes this a movie to skip.",3
Harry Potter and the Sorcerer's Stone,Somebody was more interested in getting rich than turning an entertaining book into a quality film. The movie felt thrown together in a hurry for a holiday release. I was also disappointed by the absence of many important details. It saddens me to think what they will do with the fourth book - what will they have to leave out considering book #4 is 4x's longer than book #1.,3
Harry Potter and the Sorcerer's Stone,"I don't expect my comments on Harry Potter and the Philosopher's Stone to be published as it goes against the complete general consensus that this film is one of the best. However I believe strongly in my opinion and felt that the other side of the arguement should be addressed.

I found the first installment a complete disappointment both from the masses amount of hype it received and the genuine entertainment that the book offered. I expected a film that would make me feel like a child again particularly after J.K Rowling herself approved and backed it. However in reality I found the film the complete opposite.

No one can deny the obvious attraction that children would have to both the books and the film particularly young boys who may enjoy the fighting, sports and ""violence"". I cannot see the appeal to everyone else particularly adults and particularly those who have read the books.

Generally I thought the film was badly made with the computer graphics being far to overused as if the creators are screaming ""look what we can do with technology"", the story is unrealistic but still believable, the film destroyed this believability. I also found most of the actors poor particularly Alan Rickman whose performances in the past should have made him a perfect Professor Snape but in actual fact he over-acted the role which could have been brilliant if he had just been himself or found the ability he used as the Sheriff of Nottingham in Robin Hood Prince Of Thieves. I thought the children were very stiff as well particularly Daniel Radcliffe and Emma Watson as Harry and Hermione, these children could not act scared under any circumstances, when they should have been screaming ""ahhhhhhh"" they wimply said ""oooh"". The film also put too much emphasis on noise in order to attract the children however there is only so much crashing, booming and banging that one film can take.

There were some small pros of the film such as Robbie Coltrane's portrayal of Hagrid and the comic timing of Ron Weasley as well as the well done Quidditch and Chess scenes. However this doesn't make up for the lack of some of my personal favourite aspects of the book, the darkness of the film which had very little happiness and light and the first half an hour which was so rushed but so empty without explanation or the time taken to build up the atmosphere, particularly the heartlessness of the Dursley family.

In conclusion Harry Potter and the Philosopher's Stone is a complete success at the box office and I am sure it will be when released on video and when promoting it's array of merchandise. Whether or not this is deserved success for the film is another matter, to me the creators have been successful in creating an illusion of greatness that people have been gullible to take without really analysing the film itself.",3
Harry Potter and the Sorcerer's Stone,"OK - I'm 34 but I've read all of the books and I'm not one of these adults who rave over them. They're OK. But this movie does the book no justice at all !!

It seems to be a series of set-pieces that are weakly linked together with no explanation of HOW they are linked. Character development and background is zero and many of the best characters from the books get no more than a passing mention in the film.

But - hey - the kids love it right ? Get them to read the book though. They'll thank you for it.",3
Harry Potter and the Sorcerer's Stone,"** LIGHT SPOILERS AHEAD **

First of all, let me say that I read all four Harry Potter books. I'm usually a reader of much more 'serious' stuff but that definitely didn't prevent me from enjoying every little sentence in them. They are among the best stuff I've ever read, despite some awkward spots here and there.

I was extremely disappointed with the movie though. It zooms past most scenes in the books but no time was given to develop them. Even despite the fantastic Quidditch game and the final scenes, everything happened so quickly I'm surprised anyone thinks this movie has been given such high praise among the public. What happened to Norbert the Norwegian Ridgeback for instance?

The most positive thing about this movie is that it pictured the scenes exactly like our imagination would see it while reading the book. In that, only people who enjoyed the book would *potentially* enjoy the movie. The other good thing is that some of the characters, though not the most important were really good (I loved Dudley Dursley, Snape and his evil voice and Neville Longbottom). On the other hand, the actors who played Harry Potter and Hermione's roles were hideous, even for little kid actors they were - absolutely no talent there.

Although I didn't mis-spend my money I found the movie to be shallow, under-developed and a totally missed opportunity to make fans really proud of 'their hero'.

I will be giving it a 3, and that's all because of the special effects. I certainly won't want to see this movie again so soon.",3
Harry Potter and the Sorcerer's Stone,"The story of Harry Potter could have been brought to life through the magic of cinema. Unfortunately, that was not executed. The pacing of the film is extremely slow, which makes me wonder how a 6-year old child would be able to sit still for two and a half hours straight when I couldn't do it. Another thing I questioned is that the movie title includes the Sorcerer's Stone...yet, the stone isn't even mentioned until the middle of the movie. When Harry becomes a seeker and plays in his first game, we are excited and interested by the quick and useful cuts. Yet as the game is over...we are left unfulfilled, once again. About ten minutes later, six people walked out of the theater. This continued throughout the movie. By the end of the film, there were approximately 15 people left, out of 25 or 30. On a positive note, the special effects used in the film were very good as well as some of the visual aspects. If there is a sequel to this film, I hope that it will include some excitement, lose the turtle-paced conversations and cuts and include something to keep the audience enticed.",3
Harry Potter and the Sorcerer's Stone,"The first half hour or so my focus on Harry Potter was still there excusing all the obvious clues that this will be a flop to slow start. But after more of the same thing the bells began to ring that I might have to put up with this for the remainder of the movie.

I had not read Harry Potter. I'm a 28 year old male. I enjoy fantasy science fiction and have read many such books. I consider myself to have tremendous concentration and can appreciate a wide range of movies or documentaries even those that might put some people to sleep.

But I have never in my memory come across such a movie as this. Given all the hypes and that the movie has some basis in a top selling book surely there must be something in it?

Usually top movies provide inspiration as well as good action, some dramatic scenes and engaging plot. Who can forget the moment when Luke Skywalker stepped out into the dusk pondering at the sky with longing for his destiny with matching music just as powerful. Or ET with the simple touch of love between a boy and an alien that lit up your heart.

Harry Potter can only be mentioned along side those movies to provide a contrast. Harry Potter made me want to leave the cinema. I was scratching, I was turning, I was very uncomfortable. When my popcorn and drink ran out I was very irritated. I thought maybe it was the seat which was too soft, the popcorn which made me feel too hot, trying to avoid the obvious.

Harry Potter is one-dimensional, very plain, fails to develop the characters, their relationships or the world of magic itself. Everything happened in the movie as if the director expected everyone had already read the book and loved it so much that no real work needed to be done with the movie itself. I was considering buying the book to see what all the fuss was about. Having seen the movie, I am now very doubtful that I will risk wasting more time and money in case the book is anything like the movie.

To be fair, my young colleague who watched this movie with me largely enjoyed Harry Potter. However, many had already read the book prior. The special effects were also quite good.

This movie is not recommended for all but the young and naive.",3
Harry Potter and the Sorcerer's Stone,"This one was a serious disappointment.

I admit that the designs, costumes and the cast were quite good, but there was almost nothing of the book in there. It seems to me that guy who wrote the script thought of nothing but the visual effects. He made a checklist of the scenes in the book and checked it off. You can almost hear the pencil scratching the checkmark while watching the movie. The characters are flat, unlike that in the book and there is no development.

The visual effect are quite good, but they make the film nothing better. I shudder to think what these people make out of the second and third book. They are much much darker than the first and there is much less comical relief. I hope that the script writer is up to his job this time or the Chamber and the Prisoner will be terrible.",3
Harry Potter and the Sorcerer's Stone,"After viewing a movie which seemed like 10 hours of thinking ""Get on with it"", I only need four statements to sum this movie up.

1. Incredibly over-hyped.

2. Acting, isn't it a requirement anymore?

3. Beautiful scenery.

4. Did I hint at booring?

Overall I can appreciate good children's movies, like The Never Ending Story, Lord of the Rings and The Phantom Menace, so I think I'm not biased when it comes to films like this one. I think in a movie, very important is the acting and thus that particular area of this motion picture needs some further mentioning. Aside from Alan Rickman (who is always excellent as a villain) and the rather good acting from the young couple Emma Watson and Rupert Grint, all the rest of the cast was utter hogwash (hey, wasn't that the name of the main setting, the school?). Worst of all the cast (I wouldn't want to draw shame upon the acting community by calling this bunch actors) was the shrunken version of John Lennon, a.k.a. Daniel Radcliffe. This kid wouldn't know acting even if it snuck up and bit him in the rear.

Over all, a huge disappointment and I'd give it a 3 out of 10 (one point for each of the previously, by name, mentioned actors)",3
Harry Potter and the Sorcerer's Stone,"This film took ages to get going and when it eventually did, young Harry didn't do much anyway. The little girl is the real star of this film. There were a few enjoyable moments, but overall I can think of better ways to spend 3 hours.",3
Harry Potter and the Sorcerer's Stone,"I can't believe I saw this film. I thought it was overrated and way too long. It was also very, very boring. I don't know how someone could like this story. I guess it was never meant for those who are into movies about 12-year olds who have magical powers. Too bad those powers couldn't save this movie from being horrible. I don't know how this film could have pulled in as much money and critical acclaim as it did. Maybe it was witchcraft then but it didn't get me to waste my money on going to see it at the theater or rent it on video. If this movie reaches classic status like ""Titanic"" or ""The Graduate"", I will be extremely horrified. I give this movie 3 out of 10.",3
Harry Potter and the Sorcerer's Stone,"I have six reasons now that I like this movie as opposed to three (spoilers contained within).

The good reasons are... 1) Chris Columbus did a rather exceptional job of directing. 2) The art direction reminds me of ""Brazil"" and ""Minority Report"". 3) Daniel Radcliffe makes a great Harry Potter. 4) Many of England's A-List came out to play (Robbie Coltrane, Richard Harris {he will be missed}, Alan Rickman, John Cleese, and Maggie Smith all did well in their respective roles). 5) The Quidditch Match was the best scene in the film. 6) The special effects are eye candy.

The bad reasons are... 1) The book will always have the upper hand. 2) The film was dry and drawn out. 3) The plotting suffered because of the marketing. 4) It was too simplistic as well because of the marketing.

Overall, it is much better than I made it out to be. I had to read the book to truly appreciate it but the book will always be better than the film in my mind. There are twice as many reasons that I like this film than before so I give this film twice the score. It gets 6 out of 10!

Here ends my rant!",3
Harry Potter and the Sorcerer's Stone,"Perhaps one of the most boring films I have ever paid to watch at the cinema. Nothing really happens in this film, and when it did I couldn't have cared less. The kid that plays Harry seems to spend the entire film gazing in awe at magical things. ""Ooohh! A magic mirror! Ooooh! Magic moving staircase"".....Magical goings on? Well a you are at a school of magic so get over it Harry....and he is told over and over again that ""You are a wizard Harry!"" which seems to surprise him every single time.....

I've not read the books so I can't compare the film, but suffice to say this film put me off ever reading Harry Potter or watching the sequels.

Anyone wanting to watch a magical masterpiece of cinema should give anything with ""Harry Potter and the (blank of blank)"" in its title a WIDE berth and go and watch something beginning with ""The Lord of the Rings...."" instead.

Overall 3/10",3
Harry Potter and the Sorcerer's Stone,"Many people have read all or at least the first of the Harry Potter series. Although the books seem more aimed at children, many adults also find them fascinating. As i will attest, the books ARE very interesting and i DO enjoy indulging in them. However, when the movie came out for the first book i was already skeptical. I mean: How can a movie be made out of such a complex plot with such mentally stimulating ideas? The first problem with the movie is the acting. I know that the actors are only kids, but there still are child actors that can do a good job. These children actors were ABSOLUTELY TERRIBLE. Ron was the best character, and he was only mediocre. I personally would rather watch a movie with a bad plot with great actors than a great plot with terrible actors. I cant stress enough how bland all of the acting was; it was all monotone.

The second problem was the lack of following the storyline. another thing i hate is when a movie is made from a book which doesn't follow the storyline.

All in all, the only reason i gave this movie a three is because of the great story which first came to life in the form of the books.",3
Harry Potter and the Sorcerer's Stone,"This film is none other than the awful copy of the lord of the rings and Chronicles of Narnia. E 'un film certainly derivative, was given the opportunity to write yet another bullshit that the lord of the rings is overvalued, I would say the opposite, Harry potter is a novel for children tremendously overvalued. After the lord of the rings is the novel for excellence and fantasy film series has had more than 13 Oscar. It's a excellent series. then the criticism written by ignorant idiot can be quite clear, are the usual senseless words of those who took up with the moon across. It 'a film that has a great relationship with the occult and magic and has a few meanings and moral lessons suitable for the growth of children. Punta much about these schools for Maghetti really irritating and disturbing. It 'a film for children, with no spectacular worthy of note and I know a lack narrative in the film. The criticism she has received are justified and fair, a film is terribly derivative and constitutes one of the bases levels of film fantasy films.",3
Harry Potter and the Sorcerer's Stone,"Another millennial thing I don't get. What is this ? The pictures with the moving faces inside them are very cool. The myths around the author are very cool. The main actor is very cool, I think. I used to understand why you would want to be an apprentice at an English university. That's history now and has spun. (Avoid English unis.) But that used to be very cool in the early 2000s. What I absolutely never understood: Why sourcery ? Why would you make wizards the main protagonists ? Why go so medieval to begin with ? I hate Game of Thrones, too, by the way. If you actually live in Britain, you avoid everything medieval. British computer stores would love to go all Japanese. They can't. Glazing must be single, not double. Per regulation. The walls need to look abhorrent. Per regulation. Do movies need to look medieval, too, now ? It's not regulation. And still, people watch this wizard abomination. On their own free will. And why a child main protagonist ? It's not meant to be a pet, like Alf, for example. Good. That child clearly is powerful. A wizard. That's good. Is it FOR children, then ? In that case, it's severly misleading. Avoid English trains. The movie really sends the wrong message if it's for kids. And on such a massive level. How did they smuggle that massive heap of waste past common sense ?",3
Harry Potter and the Sorcerer's Stone,"I just don't understand... I CANNOT understand... what is the fuss about? Why in heaven's name did this film receive so much praise? I think that it's scarcely more than a blown-up, clap-bang-whizz production with virtually no intent on telling the story properly as making it look like some mega-fantastic phenomenon of some kind; a chance for the producers to dangle their treasures, their ultimately priceless possessions in the faces of the viewers so that you can't miss the action whatever the situation is. Why else would the likes of certain actors be present in roles that clearly don't suit them (or else they don't suit the roles) as well as they might have done for members of the acting profession who don't specially have notable reputations and acclaim to support their good names (okay, maybe they were of the right SORT to have played the characters, yet in regard to the way they were presented in the books I perceived a lack of performance and instead more of the ""natural"" style of acting; somehow that ruined it for me).

None of it seems as close to the book as could have been thought, and having seen a few drama adaptations in my time, I should know. In some way if there was little room for some things to be added, I'd put that down to the sadly developed habit of the film's producers'/directors' adding these little, unnecessary moments of (what are meant to be) eye-popping freakish occurrences with the intent of making you sit up in your seat (if that's really anything to do with the action or the fact it's shown in such a epic way).

While the film may have some things that don't rely greatly on lavishness or known names (not that that's exactly bad on some occasions) I can't see that there was ever much reason for making this film from the beginning, except to turn the story of Harry Potter into a complete spectacle (sorry for sounding blunt yet that's how it goes) with the end result like an attempt to force the audience into being astonished.

It's no concern of mine if the film's remembered or forgotten, but I know one thing for sure; anyone keen to see how stories evolve when transferred from the book to the big screen, this is a good example about getting ""carried away.""",3
Harry Potter and the Sorcerer's Stone,"... and proof that you can make a killing by imitating something original (in this case Tolkien's LoTR and Neil Gaiman's Books of Magic) and pandering to the lowest denominator. In the music world, Coolio's ""Gangsta Paradise"", Atomic Kitten's ""Be With You"" and all the other current various-artists-factorymade hits are based on the same principle: rip the framework from an established success and update with empty calories. There you go, ready to eat and not much fear of indigestion.",3
Harry Potter and the Sorcerer's Stone,"This to date is the only Harry Potter film I have sat through and watched from start to finish. I have seen bits and pieces of the others, but watching them I just feel the same thing that I did when I watched this one. In a word 'bored'. The only thing that kept me entertained was the scenery and seeing the many British A and B list stars. The most enjoyment I got out of the film is saying ""its the villain from Die Hard! he must be a bad guy!"", ""That's the dude who got messed up by Gene Hackman in Unforgiven!"", ""he was in a couple of Bond films!"", and you get the idea. The film features Harry Potter going to wizard school for the first time. His aunt and uncle keep him living in a closet so going to wizard school or heck math camp would be a nice change of pace for the kid. Well when he goes to school he makes friends quickly with this lass and red headed boy and these three would grow up into some very poorly photogenic to old for the roles adults. Seriously, they looked like they were stoned on the DVD cover of Deathly Hallows and all three just do not look like the type of people you put in movies. Well Harry quickly becomes adept at the sport of wizardry Quiditch which involves flying around on a broom and scoring points. I know, when I hear flying brooms I think witches and witchcraft, but this is wizard school cause that is what the author says! There is also a bit of a mystery to be solved and an ending that will become very familiar with those who enjoy this series. I did not care for this one and I never continued following Harry's adventures, I am not going to fault those who do, this set of films just was not for me and man they are going on to long. Heck, by the time they are all finished they will probably remake them all again two years later.",3
Harry Potter and the Sorcerer's Stone,"What is a great story; well-cast; and with rich cinematographic license (a long word to say special effects), is spoiled by the worst editing job of the year. Scenes that go nowhere and mean nothing are interspersed within the movie. And they leave one wondering what the hell the director was doing. The library-research scene with the warm lamp and the bad guys rushing off to locate the intruder is completely left hanging. The scene beneath the trapdoor where the heroes have to win at chess to enter, only to find the bad guy already there without any such challenge. And the fifteen minute Quillage scene which is merely a set-up to a stupid gag (literally) joke. These mistakes, and others, left me bored and bewildered. However if you have a ten year old, or younger, they will probably be more taken with the tricks than with the failings.",4
Harry Potter and the Sorcerer's Stone,"My son and I went to see Harry, and we were both disappointed with the movie. The direction and script writing were poor, along with some of the acting. The move missed a lot of the little details that were so important in the book (For example, the letters coming addressed to the different locations where Harry Potter was moved to in the house, and the dragon bit also was very weak). Overall, the story seemed to rush through the development to ""get to the chase"". I felt indifferent to the Harry Potter character, and annoyed with him sometimes, remember the Home Alone star? Furthermore, the music seemed very awkward and sporadically placed. It's too bad that movie creators are lazing about and opting for special effects and no imagination! The director really missed the magic of the books, and I hope next time they find a more imaginative director and scriptwriter.",4
Harry Potter and the Sorcerer's Stone,"The movie pretty much ruined the good feeling I got from the book. The first three quarters of the HP was well-acted, well-directed and well-effected (sfx). The remaining fourth took a nose dive into cheap HW gimmicks and cheesy computer effects. The centaur (only one in the movie) looked so unreal and laughable, as did the finale with the two-faced Prof. Quirrel Overall: long, empty, disappointing.",4
Harry Potter and the Sorcerer's Stone,"Well, having enjoyed the books, I was looking forward to this. As usual, I was greatly disappointed.

A terrific cast was wasted by plodding direction that instilled no wonder or excitement anywhere. The script seemed pretty faithful, sure, but maybe that was the problem. The Quidditch match stuck in my mind as being exceptionally dull. We lost all the interest and build up of the training, and the execution of the actual match was very uninvolving.

The kids who played Ron and Hermione were excellent, but Daniel Radcliff displayed no discernable acting ability beyond dropping his jaw and widening his eyes. Perhaps this is Chris Columbus's fault. I'm sure the rest of it was.",4
Harry Potter and the Sorcerer's Stone,"What could have been the fantasy film of the decade has turned out to be another Hollywood fastbuck disappointment. With so many truly talented fantasy directors out there - Tim Burton, Terry Jones, Terry Gilliam, heck, even Steven Spielberg - how is it Chris Columbus wound up at the helm? With two and a half hours to play, how did we end up with a movie with absolutely no character development? There is no soul, no wit, just a dry Cliff's Notes version of the book. Columbus and Kloves may have read the book, but they sure didn't get it.

The only thing that stands out about the film is some brilliant casting. Alan Rickman portrays the semi-evil Snape on levels not explored in the books. Pity they gave him nothing to do. The other extremely talented cast members are also wasted, as the director has reduced most of the non-child characters to cameo roles. Maggie Smith would be the quintessential Professor McGonagall if they gave her more than thirty seconds of screen time per scene.

I want my nine bucks back.",4
Harry Potter and the Sorcerer's Stone,"First off I haven't read any of the books. There's no real reason for this I simply haven't got round to them. which in the current climate must make me somewhat of a minority.

secondly one word to sum up this film: uneven

There are some thoroughly entertaining moments in this film particularly Robbie Coltraine's scenes as his comic timing is brilliant as ever. these moments are counter balanced by dire action sequences, particularly the quiditch game which is so slick and clinical that all traces of emotion are lost (think pod race in episode 1)

the three lead children where all excellent right up to the last twenty minutes when all of a sudden they reverted back to standard child actors and became stiff and wooden. In fact this entire section was badly scripted and directed which somewhat ruined what had gone before. until this point most of the dialogue between them was excellent.

In places however the film seemed little more than a montage of special effects which come so thick and fast that the subtlety of the ""magic"" scenery is lost.

I could be way off the mark here but from what I've heard about the books they are actually quite dark and Harry is quite insecure about his place in the school. I was expecting to see at least a little of this emotional turbulence but it appeared to have been glossed over with standard Hollywood values of friendship and loyalty. I thought the reason Harry had become so popular was that we finally had a child character who dealt with real problems. unfortunately the film doesn't deal with this at all.

All that criticism out the way the film is actually quite enjoyable over all and the running time didn't bother me at all so it must have kept me interested. It's just a shame thy couldn't have done more than present the same old 2 dimensional Hollywood characters.",4
Harry Potter and the Sorcerer's Stone,"While the visuals were occasionally pleasing, this is the nicest thing I can manage to say about this terrible movie. I usually try to express my opinions with subtle language, but such expressions fail me when I think back on the 200 minutes of torture I just put myself through.

I was not a bully in school, but even I would have made sure to beat the crap out of Harry Potter on a regular basis if he were ever my classmate. He was in the paradoxical position of being a total moron of a student, and nonetheless a teacher's pet. Apparently, this was because he had some powerful parents. Add to this a total lack of any charisma, and you have a formula for a kid who would ordinarily never keep his lunch money past 10 AM. But, magically, Potter becomes some sort of a hero. Nice fantasy! I never realized how much I need justice to prevail in fairy tales. Apparently I do, because here I am, angry that Harry Potter didn't become the #1 wedgie recipient of his class.",4
Harry Potter and the Sorcerer's Stone,"This movie was lacking something. If I think hard enough, I bet I'll remember... Oh, yes, it's lacking exactly what its book counterpart had. Imagination. The book was really good; however, the movie... well, you can see that I gave it a 4. The movie's climax was awful. It was almost as if J. K. Rowling was trying to make this movie into a big mystery rather than an adventure. It was some mystery in the book--but not as much as in the movie. The climax in the book was built solidly on evidence and perfectly fitting pieces. However, the movie had cut-off puzzle pieces that were thrown together in the end and somehow expected to be understood. I would also expect better from John Williams (the guy who composed music for Star Wars, Indiana Jones, Jurassic Park, etc.). I hate to say it, but this music was awful. There was only one spot in which the music fit into the movie and sounded good, and it was toward the end of the movie. John Williams tried too hard to make it sound ""magical"", I think. The movie follows as closely as it can to the book, but I wouldn't really suggest seeing this in the theater unless you're a true die hard Harry Potter fan.",4
Harry Potter and the Sorcerer's Stone,"This movie has tons of plot holes. It's acting is not great or even good. The f/x range from good to OK. Fluffy did look real to me. The overall taste in my mouth is ""not nearly worth the hype"". 4/10

one

two

three

four

five

six

seven

eight

PS Poor Potter having to go back and stay with his those people's home.",4
Harry Potter and the Sorcerer's Stone,"I found this Harry Potter movie greatly overhyped. The result was a long, boring movie with a thin storyline. The plot is, even for somebody who has not read the book, way too predictable. Not nearly the movie I expected it to be.",4
Harry Potter and the Sorcerer's Stone,"I have no idea what all the commotion and talk over this movie is. I started to read the book put I stopped because it was just boring and I was unable to handle it. The movie was even worse because I felt it lacked the book's details but who cares because the kid actors sucked anyway. I bet that if a book was never writte for this movie this would not be as popular as it is. Another reason why I did not like this movie is because fantasy movies are bad. The only one I really enjoyed was ""Crouching Tiger, Hidden Dragon."" Going back to HP. If you like fantasy movies and the book, then you will like the movie. However, if you hate fantasy movies and the book, then do not see this. In my opinion, 4 out of 10.",4
Harry Potter and the Sorcerer's Stone,"It is a crime for this movie to get an almost 8/10 rating and be among the top 250 on the IMDB database.

I would give this movie an 8/10 rating in regard to sticking with the book. It is one of the most faithful scripts that I have ever seen portrayed on the big screen.

As an unpublished author, I respect JK Rawlings's creation (and her drive to be published) and I have enjoyed the books immensely. The fact that this movie sticks so close to the book is actually it's down fall. There is almost no creative intervention by director Columbus and this movie is one of the few that could have used it.

The movie works better in the always fascinating ""fleshing"" of previously ""written"" characters. That is to say that all of the characters in the book, that are brought to life by the movie, are interesting to see just for that fact.

Otherwise it surprised me that this movie was such a bore. The CGI's were good - impressive even, but that failed to spark any real interest beyond, ""I wonder what this-or-that character will look like"".

I do not make a habit of reviewing any single plot feature on IMDB. This is covered very well by other IMDB posters that have donated their time. But I can say this, I was embarrassed by the pace of the plot. I invited several fellow adults to the movie that knew nothing of Harry Potter - and I noticed, time after time, that all of them were checking their watches regularly. I even found myself recalling the book and asking myself, ""Does anything exciting happen next?"". The answer is sadly no. Although the book was a joyful and fast read, the movie falls flat in delivering any of the suspense. And, more importantly, it did not deliver on what made me enjoy the books so much - the feeling you get when you read (or watch) something that reminds you of the magic in your own childhood. Not that there is any real magic in anyone's childhood, but friendships and adventures, that is the real magic (STAND BY ME / King's short story THE BODY).

As to the critics/parents demanding Rawling's head because of the Witches and Sorcerers in the book and movie - Hey folks, time to posse up some responsibility for your children. An educated child, whose parents talk to and have discussions with them, would never believe that anything in this movie is more than a movie. Or that a fiction book is anything more than a book. Reading Potter or any book is 1000 times better than 20 minutes of MTV, Pokemon, Power Rangers or whatever other mass media outlet that parents allow to baby sit their children. One reviewer cited CS Lewis's CHRONICLES OF NARNIA as a more wholesome form of reading. And I would agree that the Narnia stories are superior, but more wholesome? It is true that they usually parallel a biblical story or theme, but the relationship is usually so subtle that a child will not pick up on it. And yes, there are witches and other magical beings in the stories (even Santa Clause). Just because Lewis is a writer who writes on Christian themes, it does not make his stories less of a fantasy. Read THE SCREWTAPE LETTERS by Lewis if you want your morals to be properly chastised.

If you are really looking for a good time to spend on some magic themes, try watching BELL, BOOK AND CANDLE, THE WIZARD OF OZ, THE 10TH KINGDOM (mini series).

4/10 - Too long, too boring, no magic.",4
Harry Potter and the Sorcerer's Stone,"I was disappointed in the story and the acting. There were too many weaknesses in the story as it was presented. The extremely ill treatment of Harry by his aunt, her husband, and their son, for nothing more than her dislike of her sister because she was a wizard, seemed overly severe and not well founded, at least as presented. Another small point of many, I'm not a fan of politically correctness, but, taking the Stone from the bank without informing them is theft no matter whether its the good guys or the bad guys and is a poor example in children's movie. Then to hide it behind a three headed animal which will kill anything, adult or child, seemed a little heavy. Unfortunately I was disappointed by much more, not the least of which was the much of the acting. Most of the characters looked their part, but I have seen much better acting presentation, particularly, in the lead roles, in far lower rated movies. While I found the story line old and cliched, it is amiable but presented too fast for what was necessary to fulfill the story or characters presentations. Sorry! Only a 3. AJH",4
Harry Potter and the Sorcerer's Stone,The film itself is regretfully limited in that the characters of the film/book are merely cut and pasted from other literature. The only stellar aspect of the film is the advertising and marketing done to hold a captive audience.,4
Harry Potter and the Sorcerer's Stone,"I loved that shot where you saw him from behind, some of the lovers dialogue was a little corny but the duel shots were great. Christopher Lee looks cool and especially the army shot presumably of clones on the ramp, as well as the one where he is riding the speeder on Tatooine, that was cool as well, as for the bounty hunter shots, it was well worth 13.50. I suppose they added the bonus movie 'Harry Potter and the Cinematographer's Stone' to satisfy the non Star Wars fans, I didn't mind that too much really though.

It seemed no sooner was that old guy Dimpledell and that chick lighting lamps than I was waking up to a train heading away from a huge guy (Beorn from 'The Hobbit' I think he was). I must have been conscious some of the time I suppose though because I remember something about an evil black warrior who turns people to the dark side and seems to have a bit of Phantom of the Opera/and that 'open your mind' guy from Total Recall, complex. I suppose it's a comfort to know that the underground wizard teachers are as ditsy and incompetent favouritists as every-day ones and that the students are as snobby, stuck up and in short cle she-ish as unskilled writers and Disney have always renderred them, and the best news is that Gandalf found a place to settle down and share his knowledge, also as a part-time Santa Clause. I also remember a part of it where one kid pulls out a cloak, holds it infront of himself discovering that it makes him invisible and another kid says, ""I know what that is! thats an invisible cloak!"" Harry must truly be a unique kid I would think, to walk through a wall to a magicians city, make a wand send books flying, find out he is bill gates' heir (or the equivalent), see a talking hat read his mind and then see a 20ft troll and still be wowing when tiny white butterflies appear out of nowhere.

Rowling does not really have a very fertile imagination. Harry Potter is an uninspiring two step equasion. Nobody could really believe that kids would remember any of the 'love' messages or care about them, what they remember is how to cast spells, use a wand, respond to authority, respond to danger, and respond to warning. Harry Potter has no sense of narrative or entertainment, and certainly none of originality. There are points that you hope it will go somewhere but at the same time you can't see it happening, and your fears are rewarded. 10 year olds minus would like this, I am mystified as to where the trans generationalism is. Studios basically don't care about our opinions, because most blockbusters now days seem to justify thier budget in two weeks or less, after that we can pretend all we like that our opinions matter.

In all I would award an 8/10 I suppose, they have betrayed just enough to us but not too much about Episode II. See that trailer while Harry Potter remains in the cinemas, what I really like is that they perfectly picked thier movies, that trailer has been seen by 2 of the 3 biggest american audiences of 2001.",4
Harry Potter and the Sorcerer's Stone,"***some spoilers

Well, I've seen two films in the last 2 weeks, Lord of the Rings, and this, and had exactly the opposite reacitons. I read LOTR a year ago, and hated it, and only saw the movie on friends' reccomendations - and loved it. I read Harry Potter & the Philosopher's Stone about a year ago, and loved it. I saw the film, and hated every minute of it.

My key problem is the child actors. The actors for the teachers are mostly very good, especially Alan Rickman (Prof. Snape) and wotsit the flying teacher. However, though in the books the characters were well formed, and were believable enough that you could identify them and feel for them to an extent, the characters in the film feel terribly like they're just reading lines, and never really got inside the character. Another problem is that a lot of the scenes involving all of the children have been largely rewritten for some reason, and now feel like they come from the 1920s! A good example is when Harry first meets Draco Malfoy. Malfoy speaks like a gangster being threatening and ominous, not like a school bully! I'm sure this wasn't the case in the books. Another example is the way that some characters, especially all the Weasleys, act like they're 4 years younger than their ages. Fred and George especially - they're supposed to be 13/14, but act like prepubescent mischief makers which I thought were dead and buried when Enid Blyton stopped writing!

Other than the actors, I have just one other qualm: that so much was chopped from the plot which described how it was worked out that someone was after the stone, that it seems that they simply pluck the idea out of thin air. In the book, this is believable, because there is enough compelling evidence that this is the case, whereas in the film the evidence amounts to a suspicion and a dog bite on someone's knee. Hardly convincing.

Other than this, I have no complaints. Unfortunately, the above was most of the film :-)

I rate it 4/10, and would say it's a waste of time to see it if you're over 11.",4
Harry Potter and the Sorcerer's Stone,"I was very disappointed in this movie. The books are so incredible and the movie had huge potential. Unfortunately, it was both too long and too short. I didn't feel like the movie flowed together very well and there was still a lot cut out of the book. If they were going to cut out so much from the book then they should have made a nice smooth movie that told the same story, without trying to include things in the book that were ""cool"". There was too much jumping from scene to scene and not enough plot. If you hadn't read the book, the movie would not make much sense in the end. I think the books are great for people of all ages, but the movie is simply a kids story. It just didn't come together the way it should have.",4
Harry Potter and the Sorcerer's Stone,"I put off seeing this movie for a long time because i was real fan of the books and i thought the movie might ruin the story....i was right.

A major problem that i see with the movie is that so many parts of the story are missed out that i can't see how you can follow it without the book, but if you have read the book then it will annoy you when you notice parts of the story that are missing or changed.

The start of the story is rushed and when harry does find out he's a wizard he has virtually no reaction as if he was expecting it. In fact the whole story in my opinion is rushed and no time was taken up to build atmosphere so in the end it didn't seem to really matter what happened.

The casting of the lead roles was also terrible, in the book Ron is described as being tall and lanky and growing out of his robes, but in the film he is short and fits all his clothes perfectly, Harry also seems wrong, in the book he is described as small and skinny with untidy hair, but in the film he isn't really very small or skinny and has perfect hair, Hermione is described as goofy and having large teeth, but the casters inevitably cast a nice pretty girl who will look good in the later movies, this is the same with many of the other characters. Also most of the main characters have lovely home counties accents, with the exception of the dumb Neville, the groundskeeper Hagrid and a couple of Irish guys they chucked in there for political correctness. This film was obviously cast for an american audience with their stereotypes of British accents, what about the rest of the UK or are they not allowed into Hogwarts.

Hopefully the next film will be better at creating a story rather than just picking his favourite parts of the book and hoping the audience can fill in the gaps. The damage has already been done with the casting, but maybe they'll do better next time with the future characters that are introduced.",4
Harry Potter and the Sorcerer's Stone,"I was ready to embrace this film with open arms, being a fan of the books. But I really felt after watching it that the best way to describe it was 'crap'

The kids were terrible actors! Most kids I have to admit are, but these ones especially got my goat. It was only the adults who saved it.

Every single scene acted as though it was trying to prove something, and so there was a feeling of people trying way too hard.

The music wouldn't stop! At every point loud and irritating chords were forced through your ears. I just wanted a bit of peace in some scenes to think about what was going on.

Although it was faithful to the books, it didn't capture the storyline well at all. Things felt glossed over or pushed under because they were trying to hard to wow you with special effects. This sounds silly when you think of all the people who have read the books, but to someone encountering the storyline for the first time it seemed a bit ludicrous. It lacked an essential something that the books had.

Overall I can't believe the makers thought they were in for a chance to get an award. This had good effects, but very little else.

4/10",4
Harry Potter and the Sorcerer's Stone,"I wasn't too excited to see this because I hated the books, but I rented it because there was nothing else at Blockbuster. I will keep this as simple as possible. The movie was way too long. There was almost no story line. When I first saw her, Maggie Smith looked like the woman from The Weakest Link. When we find out who the villian is, we go into the cliche ""stumble onto the real bad guy who revieles exactly how he did everything in plain, simple English."" This hasn't been seen since last year's Charlie's Angels, which made a lot more sense than this film I might add. Something in particular I didn't understand about the film, If Harry's aunt & uncle hated him so much, why don't they jump on the chance to send him away? I was not impressed with the visual effects, though I did see Lord of the Rings first. Nor was I impressed with the sound effects, or lack there of. To make a long story short, if you haven't seen this film then don't waste your time. ""It's the Wizard of Oz of its time!"" give me a break, it doesn't come remotely close!!",4
Harry Potter and the Sorcerer's Stone,"Basically, it's a reasonable movie, but I found it mostly unexciting and uninvolving - to the point of yawning at some points. Maybe it's just a kids movie, but I feel that insults kids ;)

The start of the movie with Harry living in the cupboard came across as farcical to me (especially when the house from outside was a conventional urban home complete with SUV) and I didn't know whether to laugh or groan. Presumably it was done more convincingly in the book?

Some people have said it was too close to the book and needed to take some liberties to make it more interesting as a movie. Sounds reasonable to me, though I haven't read the book(s). On the other hand, quite a few people said that they changed too much as it was.

It also sounds like JK Rowling was maybe a bit too restrictive with the licensing.

In summary: 6/10. (I'm being harsher than some - I'd give a bad movie 1 or 2).",4
Harry Potter and the Sorcerer's Stone,"I had a dim view of the Potter series of books for sometime now, with a mixture of reading reviews and total rebellion at the complete overhype of them. However I'd recently sat down and started thinking about how biased and closed those ideas were and thought that I should at least give them a go. Never happened though, and I committed myself to watching the first movie in the DVD Boxset which I gave my girlfriend for her Christmas.

Well, it does have a lot of the traditional elements of a kids adventure yarn, and there are some exciting moments, but for me the story was far too packed with ideas and unexplored side stories. There were flat, pantomime characters, and quite a few unexplained events and character choices, things just seemed to happen without any prior warning with the explanation being left to the very end. A very sloppy story telling device when the writer has backed the characters into a corner or has run out of time.

Some of the animation work was excellent, and yet the main scene of Quidditch was quite poor with all the animation being shown from a distance and at high speed. It really did look like the video game version, and there is perhaps all the answer we need.

Still, there was some adventure to be had, and some of the action was good, however equally editing on some of the action left a lot to be desired and simply confused events or served to pad them out without interest. A lot of these moments there was a feeling of cost or effects budget strain.",4
Harry Potter and the Sorcerer's Stone,"I saw the film in summer 2002 on video, and have recently read through the entire series in less than a month. Upon reading the Philosopher's Stone, I learned how the film doesn't match up the this great book. Several characters are diminished or removed. The sorting hat sequence is shown to be much shorter as well. Yes, Susan and Draco's sorting is shown, but Lavender, Millicent and Neville are left out. Are there only five first years coming to Hogwarts this year? Are the others sorted privately? At the end of this sequence, Dumbledore's ""Few short words"" are sadly absent. Fred,George and Percy's parts are reduced and Bill is absent, leaving Norbert to be taken quietly and mysteriously during a scene change. Lee Jordan is cast much too young and basically becomes ""Quidditch Announcer boy,"" and his ad-libbed commentary is gone. Countless other changes are made to reduce time, yes, but rather sloppily. At times I could tell it was a Chris Columbus film. How about Harry and the gang screaming Kevin-style at the sight of Fluffy, or the lackluster job at adapting the British humor? As for the casting, most of it is well done, with some exceptions. Daniel Radcliffe is OK as Harry, but Rupert Grint's Ron isn't too great. Emma Watson is one of the prettiest child actresses I can think of, but therein lies the problem. I envision Hermione to be a bit of a weird cross between Asimov's Susan Calvin (plain, shy and book-smart) and Alexander's Elionwy (pretty, VERY talkative and oddly intelligent), having tiny bits of each. She's decent looking, but not as much as, say, Parvati or Lavender. She's a buck-tooth, remember. John Cleese's Nearly Headless Nick is poorly adapted, but he strangely receives top billing. All in all, it's better for those who have read the books. Prisoner of Azkaban is said to be a bit more accessible. I have yet to see this... I now wait for July and November.",4
Harry Potter and the Sorcerer's Stone,"This movie made me laugh. It was way way waaayyy to phoney. The cast was superb, the acting, not so superb. It was all fake! The books are a lot better. I was quite disappointed when I went to see the movie when it first came out, because it to me was a lot different from the book. It was missing too many important things. I really liked the other 3 movies after it though! :-) I am a little annoyed by all of these 9 10 and 11 years olds (some kids older) who are always reading about these books and who are always freaking over them, I mean, GET A LIFE! They should read about something that actually has a good theme. But that is just me....",4
Harry Potter and the Sorcerer's Stone,"I suppose as children's entertainment this film could be called good, but to anyone with a brain it is a messy, overindulged concoction of bad ideas and silly execution. I know nothing of the Potter books so this is based simply on the film. So much has been made of the books and film that I was predestined to be disappointed in some ways but little did I realize how trivial this movie is when cast against a powerhouse like The Lord of the Rings, really two completely different worlds. As with most modern tales of this type (HP) everything is so magical, everything moves (in some ways stupidly like the changing staircases) and it seemed so simple that no matter what issue that came up they all had an answer for everything. The worst part of the movie had to be the game played with balls and broomsticks. The whole point of having a separate game within a game is just retarded. Name one sport or game that has a special sideshow that can win the game at any moment? Imagine your team is about to win the Stanley Cup and their up 3 games to 1 and it's 4-0 with only a minute to go, but wait, don't forget there's a fan from each team playing a separate game in the men's room, and they just caught the golden plunger, so sorry your team has lost, too bad. Seems like JK's writing is a little on the light end don't you think? Why didn't the professor who is already through to the stone need to play the chess game like they did? What adults would announce the winners of a year long contest that meant so much to the kids, then seconds later say ""but wait, there's points that I forgot about""??? How cruel. Very childish and overrated.",4
