title,comment,rating
Inside Out,"God, I desperately need to know what's going on inside my child's head. Not. I don't. For one thing, because I don't have kids. It's called ""privacy."" This movie is an absolute no-go. And I instinctively avoid people who look like the main character. They are Gestapo. They need to know what's going on in other people's heads. Because they are secret Nazi police. Once they understand what's going on in other people's heads, they'll take advantage. Which is why this movie is so gut wrenching. It's the kid's own parents who apparently need to know that. Well, get a life. Surrender that poor kid to an orphanage. It's disgusting.",1
Inside Out,"Horrible movie with stupid plot that could be easily fixed honestly worse than the bee movie horrible nightmare to sit through I will never watch this movie again it unfortunately occupies a space in the back of my mind I wish I could make it so I never saw this movie, don't make the same mistake I did don't watch this movie enjoy the soundtrack on YouTube it's the only okay part and it has one good song that's it.",1
Inside Out,"I understand that this movie is a new ""idea"" or whatsoever but it does NOT make the movie any good. Trust me you can sleep halfway through the movie. Literally 0 plot, 0 moral, 0 excitement, 0 fun, and 0 thrill. I was excited to watch it after I've seen exaggerated reviews and overreactions about it but there's nothing more honest than my review. Nothing in the story makes any sense or even makes you want to continue watching it. I only watched it all because i thought MAYBE it would get good at the end otherwise it completely failed to make me interested. I dont recommend it at ALL Thank you.",1
Inside Out,"I can't comprehend how a children's movie could be like this. It feels like all the joy is about to be completely erased from life, and it seems almost impossible to bring it back. Also, they made a sequel, but I don't have the courage to watch it. In fact, not only should I skip the sequel, but the people who made this movie should never make any movies ever again. The film is absolutely dreadful, not just because of its horrifying tone, but because it disguises itself as a children's movie while delivering a nightmarish experience. The visuals are unsettling, the story is disturbingly dark, and the overall vibe is more depressing than entertaining. It's not just a suspenseful movie-it's emotionally draining to the point where it feels like it sucks the joy out of everything. I can't imagine any child walking away from this without being at least a little traumatized. Honestly, it feels like the creators went out of their way to make something that leaves a permanent scar on its viewers, and I can't forgive them for it.",1
Inside Out,"Basically, this movie teaches that sadness is a good thing and that we should embrace our sadness. I absolutely believe that feelings need to be addressed, especially feelings of sadness, grief, and anger. But, ""oh, Sadness, how would we get along without you?"" Just fine, thanks. I would quite literally be happy to permanently kick ""her"" out of my brain and out of my life--and everyone else's, forever. A life without sadness. Who wouldn't want that?

I find absurd the suggestion that sadness is ""necessary"". What a load of nonsense! If you're trying to teach children about emotions, teach them how to deal with them, not just what they are. Sadness is evidence of an emotional wound that needs to be given attention, just like physical pain draws attention to physical problems. Mentally healthy people don't love pain, though, even though it does give us needed signals. I hate that this movie makes sadness out to be something it's not: vital and welcome.",1
Inside Out,"Wow, I'd waited long to see this movie after so much hoopla been created over it since months. But BAM, it turned out to be a big let down! It just doesn't live up to the hype. It's an 'okay' type movie. And, how'd it get 8+ on IMDb, I'll never know. I guess there's a bias towards Disney movies. It stands somewhere near '6' or something. Little kids may enjoy it but only if they get the concept. Those who'll get the concept, won't enjoy it. So, overall, you can skip this one. Or, watch it at home at the most. I'd rather watch an old Japanese animation than this one. There are so many good movies by studio ghibli that never get old and boring even if you watch them again and again. And, I heard they have recently put out what is possibly their last movie ""When Marnie Was There"". I haven't watched that yet. So, now is probably the time!",1
Inside Out,"I love Pixar films and was eagerly anticipating the release and viewing of inside out after all the rave reviews.

How disappointed were both myself and my girlfriend. For first time ever in our lives we walked out of a cinema part way through a film. What a load of psychobabble drivel! The concept had potential but boy did they ruin it in their delivery.

Firstly no way could could non Mensa affiliated kids be expected to understand the language inside the head. Secondly no sane adult would buy the lack of emotions on offer to control a humans psyche and the crude attempts to convey personal and interpersonal interactions.

But putting all of that aside it was just plain boring. Please please do not put yourselves or your children through this pointless unentertaining experience.",1
Inside Out,"Love them or hate them, Disney movies have always had one thing in common: they tried to transport you into a magical world populated with interesting, colorful characters.

""Inside Out' foregoes that tradition and seems to be trying to explain basic principles of psychology to young audiences. The result is a mess: not only is it not 'fun', it's also constantly shoehorning painful exposition mechanism by having characters explain what's on screen.

I just don't see kids below 10 enjoying this in the least. And as an adult, there are better ways to learn about psychology than watching an animated film.

Utterly bizarre.",1
Inside Out,THIS MOVIE IS NOT FOR CHILDREN!!! This isn't even for adults. This is just boring and the girl runs away I never want my child seeing this,1
Inside Out,"....voila the heroine, upon arriving in San Francisco, has the GLBT seal of approval, aka the 'de rigeur' long-T multi-colored Jessie Jacksonska 'mo fo' acceptance attire. Even allowing for that it wasn't long before the film meandered into 'Esalen' idiocy and bluntly this mess is an agenda driven film.

Boring - the animation was 'cheap' almost close to the Hanna Barbera crud of some 50 years ago - not well drawn

Compare it to a great cartoon film 'Wreck It Ralph' - no agenda, no corny 'angst' a great film filled with classic one liners and actors that bring a smile to every single scene.",1
Inside Out,"OK, playtime's over Pixar, now get over it. This film is so plainly a prequel – c.f. references to a 'puberty' button on the new 'emote' console in the character Rileys brain - you will fail to find anything of entertaining value for your 100 minute investment. You may harbour fond memories of Toy Story, Finding Nemo, The Incredibles and Ratatouille – all unique, funny, thrilling and entertaining. But, that is not what you will get with Inside Out. 'Joy', after all, is banished to long-term memory and can't get back in charge of the console. (Since when was a single emotion ever 'in charge' anyway?). Inside Out can be taken as a metaphor for the poor sops who work for the Disney Corporation. Yes, they started out with true optimism about the life journey they had chosen, (with Pixar). Then, all of a sudden they are 'taken over' by a less than friendly peer. To compound this, they are moved from their original 'playpen' to a new post industrial work lot. All is grim. Sadness takes hold and taints everything that is done. Even 'Joy' begins to sob with sadness and grief. Save us from this self-indulgent misery. Not only is it inappropriate as kiddie oriented movie fodder, those of us who are sentient, self-aware adults can do without this additional mock unhappiness. By the way, most human brains have a 'fat controller' who orchestrates proceedings keeping everything on an even keel – even if that is 'sadness' for a while. Riley's brain seems to be lobotomised – even before puberty has hit. Give this film a wide berth, in fact, it might be best if someone scuttles this ship before the pestilence it's carrying spreads.",1
Inside Out,"The trailer was so misleading. It portrayed the film as funny, but this film is anything but.

It starts off where 11 year old Riley moves from Minnesota to California which she is unhappy about. She gets to the gloomy grey house in a gloomy grey street and you feel her depression and disappointment. It was California but there was no sunshine to speak of. You wouldn't expect this kind of bleakness in a film aimed at young people let alone children.

The film barely gave Riley any screen time and spent most of the time on emotions Joy and Sadness, who were both trapped outside brain headquarters and trying to get back. Sadness has to be the most annoying, unlike-able character. On the way they meet Bing Bong, Riley's old imaginary elephant friend. Seeing him cry because he's sad Riley no longer plays with him made me cry, but it gets worse, when he and Joy get trapped in a dump and both try to escape, they can't get out together because he's to heavy,so he let's her go alone, she looks back to see him disappearing into thin air while saying ""take Riley to the moon for me"". This was a Bambi sad moment. We never get reunited with Bing Bong and never see or hear from him again, this is such a downer, he was innocent,helpful and likable.

There was one scene where Riley introduces herself to her new classmates and then bursts into tears because she didn't want to be there, I couldn't help but think this was an overreaction. Since Joy and Sadness were no longer in her mind she's only left with Disgust,Anger and Fear (these characters had nowhere near enough screen time and were much more entertaining than Joy and Sadness). She decides to steal money from her mother and run away back to Minnesota, but as soon as she's on the bus, Sadness and Joy have made it back to headquarters and Joy orders Sadness to do her work. Riley suddenly feels sadness and realising she'll miss her family changes her mind and runs back home. As soon as she sees her parents she starts crying and says she doesn't like living here. Her parents comfort her and the film ends there.

So the moral of the story is its okay to cry and that all our emotions are important,even the bad ones. If Riley didn't feel sadness she would have never seen sense and went ahead with her stupid plan and probably end up being raped and murdered.

Once the film is over you don't feel happy, nothing good really happened it was just wall to wall misery. Bing Bongs death, Riley being isolated from her parents, ditching her hobbies, losing her two important emotions, losing her old friends, hating her new house, eating lunch alone at her new school and running away. This is a Disney film right? Talk about putting bad ideas in children heads. After the film was over I felt sad for the rest of the day and night. I wish I never watched this.",1
Inside Out,Simply the worst movie ever created and ever will be.,1
Inside Out,"Awful music, pathetic humour, irritating characters, a preposterous concept, confusing plot points, and a boring thrill ride all mixed together. I am actually completely serious when I say Inside Out is my most hated movie of all time.",1
Inside Out,"Disney and Pixar may have made a financial hit with this one, but with John Lasseter in charge, I only see more psychological misdirection like this drivel coming in the future.

This was another blatant attempt at putting an adult theme into a child's film. It is by far worse than if they were to try to hide pornography into a children's film.

This movie would be more suited as a training video for beginning psychology students. This movie is not about emotions. It is purely about a spoiled child that snaps because her family moves.

This is a movie trying to put a fresh look on child psychosis, that attempts to put flashy images and colors on the screen to trap the impressionable child, and at the same time, give parents a horribly skewed kindergarten education on their children's bratty behavior.",1
Inside Out,"This still had some appeal as a trailer but sadly as a whole it felt flat pretty fast.

The whole movie had a depressing effect and this became more obvious as the movie progressed.

The basic story was some what ridiculous about only 5 characters controlling your brain similar to the factions in divergent(same screenplay writer perhaps?)

Of the 5 characters 2 are highlighted and both of them (Joy and Sadness)are just annoying and the 3 side characters are totally forgettable.

Problem here is they always react the same making it very predictable and there for equals boring.

It has not been a good animation year, only the penguins worked and Minions and now this one really failed miserable.

So,please ,put the fun and laughs back in these movies and stop with putting adult subjects in to kids movies. That might have worked once but at this point you're overdoing it.

I think this one was rushed and not as well worked out as previous installments by pixar and I do hope they find they're way again and return to the classics we all know and love.

Re-animate.",1
Inside Out,"Huh? What did I watch? I was forced to watch this movie at school for a ""reward"" (many high schoolers don't like kids movies, school was torturing us) From the beginning of the movie I was just bored. We have babies and some sappy family moments and some weird explanations that nobody can understand. But then they move from Minnesota to San Francisco. Ok, I'm from Minnesota, MINNESOTA IS SO NICE! WHY WOULD YOU WANT TO LEAVE! (That's probably why they had us watch it) Then the girl starts having a mental breakdown and Happy and Sad are sucked out of a tube.... and it just gets weirder from there..... they end up in a tunnel and have to make their way back to to the tower. So Happy and Sad walk and find this stupid elephant guy who claims to be able to guide them through the maze but just gets them stuck in some wierd chamber where the animation styles start changing. (I'll stick with Spider-Verse for clashing animation) Then there is this boring side plot with the girl and Angry, Disgusting, and Fear. Then there is some more weird stuff in between and then the 11 YEAR OLD girl decides to use a CREDIT CARD to go back to Minnesota! What? How does that work? I dunno but then the end happens and I have no idea what happened because I didn't understand it. I just don't understand what's happened to Pixar, they used to be so good. Oh well, I'm done with Disney movies",1
Inside Out,"Pixar has a new target audience -- the pseudo-intellectual movie critic who happens to be a horrible parent with a complete lack of awareness as to why their children behave as they do during times of stress.

Yes, quite possibly my worst movie experience ever... And I am not a young opinionated teen, but rather a middle-aged parent with seasoned movie tastes -- or at least I like to think so.

Not a single child in the packed theater left happier than when they entered. Very few happy moments throughout a constantly darkening film, with about 45 seconds of ""happy"" resolution at the end. The dialogue is perplexing to children and possibly many adults in the audience. A stunning failure.

All in all, probably a poor decision by me as a parent to view (or by Pixar to develop?) a film with so few moments of joy or happiness for children, who I had incorrectly assumed were the target audience. But how was I to know??

Do yourself a favor and find a real children's movie for your little ones and not this rubbish. Or, just leave after the impressive 'Lava' short.",1
Inside Out,"I know there are lots of good reviews. The trailer looked good. Kids wanted to see it. But to be honest found it pretty boring and a waste of money. Where to start, well its an American movie. Just watch the trailer, there isn't much more to it than the trailer, intact its best parts are in the trailer. It goes round in circles. Honestly for movies like this there should be a warning for parents that it may cause severe boredom. Anyway as cartoons go I suppose its fine.lacks laugh out loud humor and its lazy animation is disheartening. Pixar films are known to pack an emotional punch and this doesn't have any of that. All it has to offer is a misguided heart that is visually displeasing.",1
Inside Out,"You ever watch a movie trailer and you can just tell you're going to hate it? That was this film. When it came out, I knew that I should stay away. Then a few months ago, as part of a project, my teacher had the class and I watch this film because we were learning about perspective-taking or something like that. Within the first five minutes, I knew that it wasn't going to get any better. The first 10 minutes are 85% crying and just people being annoying.

That brings me to the first major flaw with this movie: the characters. I hate Riley SO MUCH! She gets sad all the time, but for no good reason...ever. In fact, the first 10-15 minutes of this film are just her crying and being a baby over little things. I wanted to kill myself the longer this went on. I get that we all get sad sometimes, but she gets more upset than any other human being I know, and it happens so spontaneously you have no reason to feel for her. Frankly, I don't know which character I hate more; it's either her or Sadness, who, let me tell you, every second she was onscreen, I wanted to punch her in the face. She spends the entire movie whining and being all angst-ridden and complaining. I get that that's her persona, but it's not done right. Jimmy Neutron did a sad character way better, and they made it funny! This movie's Sadness isn't funny in the slightest. And when everything is said and done, you realize that everything that happens in this movie is basically her fault because tinkers with what she shouldn't. To make matters worse, she never listens to Joy when she tells her DON'T TOUCH THOSE HAPPY MEMORIES. How stupid is this emotion? If I had to make a ""worst characters of all time"" list, she'd be on there with Riley.

Oh, and the jokes. Not once did I laugh during this atrocity. I never laughed or even chuckled. The jokes were altogether predictable, boring, and kindergarten-level. Why is it that the non-funny movies are considered to the be the funniest, and the movies that actually ARE funny are the ones left in the dust? This movie's jokes were so bad, they are on par with The Emoji Movie's jokes. Yes. I said that. I actually compared Inside Out to the Emoji Movie. I'd much rather watch that than this. Never has a movie made me want to kill myself, and thankfully I haven't yet, because, it is just a movie. But I still really hate it. This is part of my Top 3 worst movies I've ever seen in my life; it's worse than Ghost Rider 2, worse than Sharknado 3, worst than Toy Story 3, worse than the Clash of the Titans remake and worse than Kubo and the Two Strings.

So if you have a very small patience-span, DO NOT SEE THIS MOVIE. It's way too obnoxious and unfunny.",1
Inside Out,"I just got home from seeing Inside Out with my wife. We both thought it was the absolute worst movie Pixar has ever done.

I am a huge fan of Pixar's movies - they've done so many that are so astoundingly good, it's hard to say which one is the best. This movie, on the other hand, easily qualifies as their worst ever. No charm, no humor, no engaging, memorable characters. I kept waiting and waiting for the story to become what other Pixar movies have had - at least some humor or charm or something compelling to keep you watching. It had none of these things. It was a sad, depressing, boring, lackluster affair from start to finish. I'm truly amazed that so many people have found this to be one of Pixar's best efforts. It doesn't even come close to the Toy Story movies, A Bug's Life or my favorite, Finding Nemo. On a scale of 1 to 10, IMHO, Inside Out isn't even on the scale.

If you're thinking about going to see it, don't waste your money! A truly awful effort from a company that has set the bar incredibly high and failed, miserably, to live up to that bar.

Hugely disappointing.",1
Inside Out,"This is just a remake of a Japanese movie called ""Poison Berry in my Brain"" which is an adaptation of a Comic by Setona Mizushiro release 2 YEARS ago!!!, They both contain exactly the same amount of ""personalities"" (5) making decisions in the brain, arranged in the same kind of room with the same table in the center!!! Pixar has had a rough last 2 years, with their movies under-performing at the Box-Office and with the critics... but can Pixar at least acknowledge what its based on?

The Manga, or comic the Japanese movie is based on came out on 2013, it's really hard for us to believe that it wasn't read by someone in Oixar, them being big fans of Japanese Anime and comics...",1
Inside Out,"I don't have a lot of reasons to give. All I can say is that every other Pixar movie I have rated a 10. I love animations, and the artwork for this one is top notch. Pixar has been terrific at delivering great stories until this one. I even love CARS, which many others found fault with. I wasn't in a bad mood when watching this one. I had great expectations. It's simply sucks. It's made a lot of money and has over an 8 rating, so I'm in the minority here. I want to caution someone like me to save their money so please read the other reviews with a 1 star rating. Maybe that will help guide you to a different movie to watch.",1
Inside Out,The single most depressing film that I have ever seen. This film attempts to show every emotion except humour.,1
Inside Out,"poetic and metaphorical, this film is not for children. My five years old son had difficulties to explain to me the story of the movie afterward.

of course is it full with ideas, like the explanation to the nervous breakdown, but is what the children need ?

Only the parents laughed during the scene of the meal with the husband which does not listen and the memory of the Brazilian pilot.

It was not a magical family moment for us. I like the idea to treat the children like adults able to understand grown up issues - but sometimes we need to relax and change our minds from the daily problems.

6/10 for adults 1/10 for the children",1
Inside Out,"I am genuinely confused as to why people are calling this ""Pixar's Best"" or an original concept. Pixar has done far better than this and even the mediocre 'Brave' and 'Cars' are far better.

Not only is the concept of 'people controlling your brain' tired and used multiple times, they managed to make it even more boring. There is absolutely no nuance in this film. The characters, (joy, anger, fear, disgust, sadness), are a visual representation of their emotion. I mean seriously, do they understand subtlety at all? Anger literally catches on fire, sadness is blue, and joy looks like every boring same-faced cartoon princess. Not to mention none of the emotions look like Riley, the little girl. This is even more of a flaw when we later see the emotions in other characters heads, (Riley's parents, her teacher, etc.) who look just like the person whose brain they inhabit. Why would Riley be the only one whose emotions all look nothing like her? They took an old concept, made it incredibly literal, and then botched it up with inconsistencies.

Aside from the boring concept, this movie is way too complex and depressing for children. The plot is nearly nonexistent and the most constant thing throughout is joy and sadness attempting to get back to the control center of Riley's brain after being sucked out by accident. Other than that its all very dull and if it doesn't make you cry, you'll probably fall asleep. There are, from what I remember, no laugh out loud jokes. Way too much time went into world-building and showing off the various landscapes and rooms of Riley's mind for there to be any actual storyline. Everything felt extremely dragged out and joy and sadness ran into obstacle after obstacle trying to get back to the control center. Finally, Riley tries to run away and it just so happens that joy returns and fixes everything before she has the chance to get too far. Not only was it absurd for an 11 year old girl to try and take a bus back home, it was far too sad the way the whole thing was shown.

There were so many random characters introduced for 5 seconds which served no purpose other than to lighten the mood, and they failed at that too. Bing Bong the imaginary friend who was a furry pink elephant was out of place and his design was really uncreative. When he died, I honestly felt relieved not to hear his irritating voice any more. He had no personality or character development and therefore there wasn't any reason to feel sad when he died. Unles of course you're a little kid in which case the whole thing was way too heavy. Either way its a definite miss.

And for those saying only psychology majors can enjoy this movie, that's not true. I can't imagine anyone honestly liking this movie. Aside from the complete inaccuracy of anyone feeling only one emotion at a time, everything about this movie was casually ableist. The portrayal of depression as being something small and easily gotten over was incorrect and terrible. Even the advertisements (""Meet the Little Voices Inside Your Head"") felt like an insensitive joke towards people with schizophrenia or other disorders who have auditory hallucinations.

Overall, I would not recommend this movie to anyone. Too depressing and confusing for kids, too boring and literal for adults, this movie is enjoyable by no one. Pixar did not please its intended audience, nor did it please the grown ups. The one redeeming factor was the animation, which was good but all the designs were so uncreative that good animation couldn't save it.",1
Inside Out,"""All we need is joy"" what is that kind of mind? We need all the feelings, that makes us be human. The important thing is you have to learn to control your feeling not run away from it. What kind of a life that just full of joy, what a boring life to me then. Now after this movie, people will have more reason and person to blame for their failure.

Good Job, pixxar.

I'm gonna rate this movie is the worst movie that Pixxar ever made.

She just cant play the game because three dumb guys in her head can put the ball to the right place? What the hell is that kind of situation, now kid can have more reason to blame when then fail or doing something wrong, right?

""Because 3 dumb guys in my head make me like that""

Who? your 3 What in your head ?

Wake up, girl. Time to grow up",1
Inside Out,"I've watched my share of children's movies and usually enjoy them. My children (10g,10g, 9b, & 6b) and I watched this movie and it was the most depressing children's movie ever. It seemed to go on and on. I asked each child what they thought of the movie and they all said it was either boring or depressing and not entertaining. It depended on their age and whether they understood the content. The movie was just dark! I truly looked forward to watching this with my children after seeing the trailers, but this movie was a real disappointment. I can't believe the abundance of positive reviews, unless they were from college kids pursuing psych majors.",1
Inside Out,"what a complete waste of time - read all the wonderful reviews that are misleading, obviously these are the people that go to Disneyland about 20 times a year - incredibly slow paced, especially after ""JOY"" & ""SADNESS"" get sucked into another dimension where they befriend Bing Bong, Riley's imaginary friend. Wow - it took forever. Bing Bong is the films JAR JAR BINKS, just so annoying and irritating. This is a definite G rated film. I did not see any adult themes whatsoever. This movie makes Winnie The Pooh look like a horror film. This is for 12 year old girls. Parents are so delusional(thanks for the positive reviews Mom & Dad)",1
Inside Out,"Do not take kids - or anyone to see this. What you will witness is the emotional breakdown of a teenager. How is that the subject of a kids movie?

There is no fun. There is nothing positive. There is nothing to celebrate about this movie. Do not waste your time or money.

Revisit Monster's Inc, and have fun together at a movie.

Listen, if a teacher gave your 5 or 6 year old a lesson on how to be a moody, unengaged,depressed teenager, then you'd be after their neck. But, stick a Disney sign on it, and it's entertainment? Are you kidding me?

This is sick stuff people, dreamed up by sick people!

STAY AWAY FROM IT!!!",1
Inside Out,"This movie is Breaking The Waves for kids. An hour and a half of ever deepening misery is not mitigated by a two minute happy ending. Wrap it in Christmas paper and call it ""It's a wonderful life Jr."" Why would you drag yourself over emotional broken glass for this long in the hopes of a positive resolution? Do you find joy in hitting yourself on the head with a two by four, because you know that eventually the pain will stop, like when you pass out? We watched this thing and got two, count 'em two laughs. Not belly laughs, not guffaws, just mild chuckles. The rest was a harrowing, bewildering slide down into the depths of despair while trying to comfort children who were showing more and more signs of emotional distress. A waste of time and a waste of the talents involved.

It just plain sucks.",1
Inside Out,"I love animated movies. try to watch any whenever get the chance. But this one was far different from orher ones. Cause I couldn't go even half the way. So so so boaring, never tried again.",1
Inside Out,"I am sitting here watching this animated nightmare with my niece who seems to like the movie. I asked her; ""Is that it?...is that all the emotions they are presenting to you? Where is wisdom? Where is faith?"" The film is disturbing as it presents no magic to being a kid. It seems to play a lot on getting down in this world and reacting with anger and fear. Joy tries to rescue the mind but is being manipulated by outside forces trying to be goofy but lost in deception. I am not sure what this film is trying to suggest. I recall as a kid I use to have two characters in my head, little aliens, one good and one bad. They would do battle but good would win out each time. Yet, the little manipulative one would sometimes disguise himself as good. Yet, wisdom would come into play and I would send both aliens out of my head. Is Disney being operated by a cult? Each film dumbs the mind with eye candy tactics. Every time a Disney film ends my mind is left empty and my memory is void of emotion. Use wisdom and stay away from this warped garbage.",1
Inside Out,"I don't really side with the reviewers that say the idea of a movie like this would be lame. Because honestly, there'd be nothing better than taking your kid to see a movie that makes them think about how they work. Bright colourful visuals, lovable animals inside our head in a big mind world. It could have been so cool. However, this movie has NONE of that. It makes your inside of your head look like a stupid office worker's counter, what gives?

If this were done in the 90s, we would have had a HUGEEEEEE story about jaguars and cheetahs and fish and stuff in our mind. Showing kids just how BIG you are inside, and how your gears that operate you are big things. Not some boring set of plastic characters. Plastic referring to the term from Mean Girls (it's a Lindsay Lohan movie, see it if you don't know the term ""plastic""). The emotions all look like plastics, especially Joy. There's a way to 3D model a character in a movie to have a proper kid movie physique. Joy looks like a plastic anorexic. What with all the slang and annoying sarcasm bratty attitudes too. You want your kids seeing that? Back then in a Bug's Life, our kids got to see Princess Atta having a normal girl's figure, Dot her little sister actually had kiddy cheeks, this main girl character in Inside Out is a PLASTIC. PLASTIC I TELL YOU.

She gets into the biggest plastic arguments with her parents, I never did that nonsense and no one from the 90s did that stuff. Typical mean kid with a cell phone. The day animated movies FROM PIXAR FOR GOD'S SAKE, have the main character being like 12 with a cell phone? Cell phone when you're under 30 would have been bad back in the 90s. Heck I think even at my age you can't have a cell phone without your mother poking fun at you.

This ties back to another point, that animated movies now are using humans as the characters. Why? What did animals ever do to you? Clearly these movie makers now are not from that era when we had beautiful characters like Mufasa, Woody, Sully, Hopper, etc. Where are the villains in this movie? Where's the Kevin Spacey acting? Where's Scar? No one cool? Just some miniskirt plastic punching the dinner table and upsetting her parents? I never did that stuff. Humans as main characters in animated movies DO NOT usually make good film material.

Not to mention the whole movie was ridden with high school references, typical plastic stuff. It was so boring I luckily was there when it was on at home, I could just leave the room while the other's watched. Never show this to your kids. It makes them think their world is microscopic and its ran by desk clerks. The ""emotion"" characters really aren't funny or likable, they are NOT cute like Dot from a Bug's Life or Boo from Monsters Inc, they SUCK. And the whole ""I'm a teen so I don't talk to my parents"" thing was forbidden before. Now it's the main subject of the movie? Makes you wonder what this movie maker looks like who made the movie. What the heck are they? Hoodlums? I don't know.

You makers need to take a pen and jot down full essays about what makes Lion King so good, Scar so menacing. Kovu from the second Lion King so cool, what makes Heimlick funny from a Bug's Life, what makes Zee a hero from Antz, the list goes on. Such a boring offensive movie. There's so many adult themes I've left out.

Trying to turn our beautiful wide eyed hyper children into antisocial desk clerk emotion hormone teens that don't talk to their Mommy and Daddy anymore. My kids were never like this.

-99999/10!",1
Inside Out,"While the concept is clever, and it does have some humorous bits, especially in the closing credits, the overall execution of the story is poorly done. The story drags slowly, is very disconnected, and does not engage the viewer, ending up with the movie being a totally boring waste of time. I did not enjoy this film at all, even though it had a unicorn as a minor character.

The plot is one dimensional and does not go anywhere interesting. It really needed more time spent in development to really make something worthwhile out of the concept. I do not understand why it is doing so well. There is nothing creative in this film as opposed to Tomorrowland which was amazing and and brilliant! Do not waste your time on this film. It is not worth it.",1
Inside Out,"This is an easy one for me as I agree with the other reviewers. I was surprised as all I had heard and read about Inside Out led me to believe it was wonderful, so it's not me it's Pixar. Fortunately, I did not have to pay extra as it was on the STARZ channel, which is part of my TV package.

It is beautifully ""drawn"", the speech and lip movements are wonderful. But I found it confusing and depressing. All those different colored balls rolling about, and the blue Depression was definitely annoying. I feel sorry for parents who had anticipated being able to take their children to see ""Inside Out"". There aren't a lot of movies that are family oriented.

Pixar has made so many wonderful movies in the past and I know they can and have done better. I look forward to their next production.",1
Inside Out,"This movie is terrible and it is for babies. Don't let the ratings fool you. Do not watch this movie it is terrible. I thought is was going to be so good but it turned out terrible.DO NOT WATCH THIS MOVIE. In my recommendation this movie is terrible and like any old movie it has a happy ending. Their solution could have been though of at the beginning of the movie. Just fly a cloud there and get back. And stupid joy is just selfish. She just grew a brain. That's all that happened in the movie. The only other things were growing more islands and upgrading their controls. KILL THIS MOVIE! The fact that this movie could have been less than an hour disappoints me. In conclusion, this movie sucks",1
Inside Out,Plese do not watch this movie its not age appropriate and its a complete mess. Rather watch a root canal in the making. Why does it rate so high?? Even my kids told me to change the movie because it was giving them headaches. Way too many characters to keep track of. What was this movie about? Its is beyond comprehension.,1
Inside Out,"Originality: 0/10. The whole ""personality attributes as characters"" thing has been done to death at least since ancient Greece. That being said, originality is not necessary for entertainment (eg: pretty much all Disney classic animated features, Shakespeare,...)

Appeal to kids: 0/10. None of the characters speak or behave ""kid"". They're adults. Making adult quips and using adult language about adult topics. Even the environment wasn't ""kid"".

Appeal to tweens: 2/10. Maybe tween girls would like Joy. Her look and sound were about as generic ""princess"" as you could find.

Appeal to teens: 3/10. Teen girls given to deeper subjects might find the movie inventive and cool. Kind of like ""teen dystopia"" was, a few years ago. Niche.

Appeal to adults: 5/10. Any parent of a tween/teen girl who has been through any drama (and all parents of tween/teen girls have or are going through drama). More for the notion of the teen girl drama than the movie itself. I couldn't see that it would appeal to teen boys at all. Although the single scene of ""inside the boy's head"" was hilariously ""spot on"" :)

Appeal to tech industry adults of tween/teens (especially girls) who have relocated to the Bay Area from suburban Midwest (or suburban South): 8/10. A small group. The Bay Area is full and largely unaffordable (and unaccommodating) to incoming families. Most especially to those not receiving a pair of high tech incomes. The house the movie family moved into in SF would easily be in the $1.5- 2M range and there'd be a line of people to buy it. I don't think you can sell your $300k house and roll into a $2M fixer-upper.

This is the one movie (of ~600, all from BD/DVDs we own, mind you) my wife said: ""Don't bother to put this one on the server. Nothing about it was good.""

Both of us, SF tech boom people. Through 3 booms. And both of us originally from Midwest, but have lived all over (every major ""tech town"").

I play with CGI but it wasn't even redeeming for that. Nothing struck me as ""wow!"" in the tech used to make the movie. Really... it felt like Pixar parents telling their own story, not very creatively and on a tighter budget. Oh well.",1
Inside Out,"There are a few reasons why I consider this movie terrible and why I find it so horrifying that it's current rating is 8.5 when Spirited Away--one of the best animated movies ever created--is sitting at 8.6. Long story short, the characters were for the most part difficult to like. Joy was thoughtlessly cruel and condescending to Sadness and the other emotions, and Riley--the girl we're all supposed to love and find easy to relate to--was extremely obnoxious/egocentric and rubbed me the wrong way for the entire movie. I resented the stereotypes that were used and found them more than a little insulting. For example, Riley has an ""imaginary boyfriend"" at the age of 12. I don't know about you people, but I find this extremely concerning. 12 year old girls should NOT be thinking that they should have boyfriends at their age--while it may start out innocent, it can unconsciously encourage premature sexual thoughts and activity, which is EXTREMELY unhealthy and dangerous at their age. Also, I don't personally know any girls (including myself) who ACTUALLY had imaginary boyfriends. Ever. Let alone at 12! And don't even get me started on the imaginary friend Bing-Bong. BING-BONG! That's actually his name! I found him irritating and, frankly, disturbing. Now, don't get me wrong, I'm sure young children will LOVE this movie, and maybe some parents and teenagers as well. However, on the whole, I would NOT consider it up to par with other Disney Pixar movies. It was compared to ""UP"" for Pete's sake--the movie that had EVERYONE crying within the first 10 minutes! It was an enormous let- down for me, especially since all the raving had really caused me to build it up, which made it all the more disappointing. Therefore, watch at your own peril. Consider yourself warned.",1
Inside Out,"I'm like various reviewers who consider themselves Pixar fans. In fact, I'm an animated film fan and try to see the award winners whenever I can. The beautiful colors and well developed art of Pixar is most often worth the cost of admission to me. But Inside Out is so awful it drove me and my significant other from the theater. The concept is much too heavy and involved to hold the attention of a child. Quickly obvious that this will not be a bit lighthearted and plummets into bleakness. Inside Out becomes doggedly repetitive, with the emotional balls in the air, flailing here and there. The characters in Pixar, have a noticeable sameness of facial features and gestures. ""Joy"" is reminiscent of other females from past movies. This time, the female lead is so over-the-top that, after a short while, I wanted to shout ""shut up and go away!"" I went to be entertained and have a laugh or two. I came away feeling that I'd been emotionally beaten up yet bored to tears. Leaving before the ending was actually with a feeling of relief at having escaped.",1
Inside Out,I'm a kid who I think this meant to appeal to but what happens is everything it looks like something good is gonna happen it just ends up being something completely random like when they get on the train it just happened to be to late at the time when they got on the train and joy is one of the meanest characters if ever seen in a movie when she leaves sadness behind at the end and at the end when she try's to run away it's just so depressing the voice acting is terrible I would 100% skip if I'm watching it It's such a lazy idea anyone could have come up with the story in five minutes This movie implies we only have five emotions which is stupid I don't know why it has such a high rating it has no memorable scenes in it no excitement I'd definitely watch something else,1
Inside Out,"I went to see this with my 6 year old and 12 year old and we all left depressed and hating the movie. Disney needs to remember they are in the ""entertainment"" business. This is the second movie they have made lately that leaves you feeling worse after you saw it than you were before viewing it. Inside Out begins with a good story line, but sadness (better named depression)is the biggest part of the movie. Yes, there is realism. But, I prefer the ""fantasy"" part of cartoons where one can escape the bad and enjoy a light-hearted laugh for a bit. In my opinion, Disney head's need to see a professional about this depression they feel so compelled to share. I won't waste my money on another movie ticket to a Disney show until can see people laughing when they talk about the new show. I grew up with Disney movies and loved almost all of them. Am so sad that my kids can't have that same joy! This movie was such a waste of talent and time!!! Save your money and watch a DVD at home instead.",1
Inside Out,"This movie was just disgusting. First off, there are so many other terrible review giving this one star, and many people find those reviews helpful. The movie only stars like 4 or 5 emotions in people's heads, 4 or 5, I forgot, and frankly don't care since this movie was complete garbage. I ""watched"" this movie at a potluck at a friend's house but ended up playing ping pong with a friend the whole time since the movie failed to attract my attention. This movie is not suitable for kids as well. I do not understand why it is on the IMDb top 250 list, it should be on the bottom 100 list. This movie can scar kids and make some people actually depressed. It is quite depressing that there are such limited emotions and little activity in the brain expressed in the movie. I was actually depressed after watching this movie and found myself in a bitter state lacking interest in activities I usually cherish. Why? Because this stupid movie is trying to tell me what is in my brain and is completely corrupting. I was emotionless after the movie just like how the movie is. I'm sure the disgust emotion in the movie would be disgusted at the movie.",1
Inside Out,"This movie was built up by the trailers and I was actually excited to see it. The fact of the matter is that this movie is boring and not worth seeing. How major movie critics almost unanimously gave this movie positive reviews really makes no sense. Googling reviews for this movie proves to be much more telling than the scores it received on ""reputable"" websites. The scores are overblown because people were being generous with negative scores and way too generous with positive reviews by giving perfect scores to this mess of a movie. If you want to watch a movie and feel really uncomfortable this is for you. The emotions are forced at the viewer and explained by a plot that falls apart like the memories in the movie. Unfortunately my memory of this movie will remain.",1
Inside Out,"I have not seen every Disney Pixar film. The ones I have watched are the Toy Story films, Monsters Inc and it's sequel Monster University, a Bugs Life, Cars, Finding Nemo & The Incredibles. The ones I have not seen are Wall-e, Ratouttlie, Brave, Cars 2 and The Good Dinosaur. Most of the ones I seen were either great or not bad. My favourite Disney film is the Lion King followed by the Jungle Book (1967) and Pinocchio. But this film is one of the worst and boring Disney films I have ever seen!

The film is about a little girl named Riley who moves to a new home in San Franscisco after her dad gets a new job and her mind is controlled by a group of creatures known as 'emotions' who get her through everyday life but two of them Joy and Sadness end up in the bowls of Riley's mind where old memories are stored and without them especially Joy Riley's life is misery at home and school.

This film was just awful. This film may be family friendly but the film is nothing like a film for children. There is very little comedy and is more adult-themed than the other Pixar films. It is my opinion also that this film shares similarities to Snow White and the Seven Dwarfs, The Exorcist and The Land Before Time. Like in Snow White the emotions have names matching that of their personality. For example Joy is all happy and optimistic while Sadness is like Eeyore by being downright miserable. Like Regan McNeil of The Exorcist Riley is processed in her mind but by the emotions and not a demon named Pazuzu while her parents and presumably everyone in the film are also processed by emotions. The film's sub plot where Joy and Sadness try to get back to headquarters is a throwback to the Land Before Time where Littlefoot and his friends try to find the Great Valley.

I also felt the film was rushed and none of the characters apart from Riley, Joy and Sadness get much screen time. Even Anger, Fear and Disgust hardly get involved in the film. Disgust arguably was the emotion who got demoted to extra.

The film was as I said rubbish and how people loved this film has left me stumped. To me this film does not deserve a sequel as this film is just not good enough for one.",1
Inside Out,"Usually love Pixar, Toy Story for example, was easy and fun to follow up on the big screen but Inside Out is a jumble of fast talking characters, sudden bursts of sound that'll wake you up when you feel yourself drifting off.

This movie is hard to follow, has a very sophisticated theme and so anyone under 10 probably won't sit through this one.

For example there are about a 1/2 a dozen different characters that represent ""feelings"" ( anger, sadness, fear etc ) all talking at the same time in some instances. Then there are the complicated explanations of long term/short term memory, REM sleep cycles, I mean, If I were a 5 year old, I wouldn't know what was going on after about 10 mins, I'd be lost.

Not to mention that there are long stretches of fast action accompanied by loud rather jarring music and shrill voices etc.

It's a mess of a movie & definitely not for the very young because they won't understand it, believe me.",1
Inside Out,"We had high hopes after reading the reviews but closed the movie down not even halfway in. A respected friend said that it had left him like a wet dishrag so we were intrigued to learn about how an animated film made for kids could possibly address such complex concepts. And we especially wondered how it could have been such a hit with respected critics and more importantly, young children. Sadly, we were completely bored. The animation is super-busy as is the dialogue. It's fun to hear the voices of a superstar cast, and some of the ideas are very insightful. But ultimately, it's a dull, boring movie with a high concept -> too wordy, leads nowhere, not worth hanging in to find out ""what happens"".",1
Inside Out,"I had high hopes of Inside Out before heading to the movie theater to go see it. The movie had lots of promotion on TV and Disney Channel where kids mainly go to see the exciting movies coming to a theatre near them. Needless to say, I was highly disappointed in this movie.

I have to admit that the idea of the story was great and very creative, especially to young children. Other than that, the lack of character development and no good plot development ruined the entire film for me.

Almost the entire movie consists of Joy and Sadness walking around that large area of Riley's memories, attempting to find their way back to headquarters, while the other emotions nonchalantly mess everything up (I don't get why Joy was the only emotion with some commonsense). Of course, along the way, they met a spunky elephant (mixed with some other animals) who managed to make situations worse more than making them better, and of course, he had to die at the end because, reality check, it's a Disney film. And their goal is to somehow make you cry one way or another. I just didn't get how the elephant disappeared so quickly, considering he hadn't been down the forgotten memory abyss that long. If the memories died so quickly like he had, why were their thousands of old grey memories still intact?

Anyway, that's only a small screw-up compared to the rest of the movie. I felt like I had been constantly waiting for more character development for Riley but once again, I was let down. The entire movie revolved more around the emotions more than Riley, who from the trailer, seemed to be the star of the show. I could go on and on about the huge flaws and plot holes but I only have a limit of a thousand words. Do yourself a favor and spare the $7.50 and wasted hour that you'll never get back. I wouldn't watch that movie again if my life depended on it.",1
Inside Out,"All that money spent to make it and the movie misses the most important point entirely! The most important human emotion is LOVE, not the other ones that play key roles in the movie. And it is LOVE, Mr. Pete Docter, not LAVA, but I guess it is pointless to explain what LOVE is to someone who does not put much value on it.

I did not know that children are supposed to scream at parents or throw temper tantrum, or do other crazy things the girl in the movie did when she did not like what her parents did. But according to Pete Docter it is perfectly OK and only natural for a 10 year old to do. Slamming doors in parent's face is OK. Giving them silent treatment is OK, too, according to the directors. But what is really bad, according to the movie, is a healthy veggie pizza! What is really Inside Out is the director's understanding of values and what is good and what is bad.

Trust me - your child will get a lot of wrong ideas after watching this piece of junk. Save your money, go watch something else!",1
Inside Out,"I was forced to watch this in rehab years back, Lord knows what they thought we would get out of it and I barely watched to be honest . But it's 8 years later so I thought I'd give it a proper try and I wish I hadn't. I realised why I zoned out of the film last time, it's proper depressing, the sadness character is so annoying and basically an idiot (not a fan of her character in The office either actually) and completely ruins everything for no apparent reason.

It looks amazing and the voice acting is really good as well and I love most of the cast, but honestly I've had to turn it off after 40 minutes, sadness is just so unlikable. I'm sure that's what they were going for but they didn't have to make her a saboteur for no reason other than being an idiot!",2
Inside Out,Kids trying to cave in each others head just to see sadness 2.6/10,2
Inside Out,This film is the most boring I've watched in my life.,2
Inside Out,"Why do people even like this movie. It's boring beyond belief, and it's extremely stupid. Now your probably saying ""this dude doesn't like kids movies"". Well I actually do. I have watched so much and this one is so well loved that I am just disgusted. I give it a 2 and not a 1 because the animation was good and that's it",2
Inside Out,"I don't want to watch it again,, just foolishness and waste of time",2
Inside Out,"I will admit I was done after about an hour and walked out, not even caring enough to get a comp ticket for another film.

Is a movie that dwells on looking inside of yourself to find more of yourself what society really needs right now? Aren't we all a little too self-absorbed and a little too much of a production as it is? I don't get the premise, but whatever, if it is funny it is funny... but it isn't funny or cute or quality.

Amy Poehler is a bully dressed in pleasantries (as is becoming her typecast), the rest of the cast was much better but the writing was stiff and felt like a bad skit from SNL, the laughs are forced and you really don't care about much other than when it will be done. It tries to be smart and deep but sounds like that person you know who loves to recite facts and news without much else, and you find yourself with the blank half-smile stare you reserve for when JWs are at your door and you forgot to pretend you aren't home.

Don't get me wrong, I love animated film done right, I was impressed by ""Wreck It Ralph"" and ""Up"" where the voice acting along with the story and writing fit perfectly, this is nothing near those films. If you find ""Tom and Jerry"" type antics as the pinnacle of animated film, this is the film for you, if you are looking for something both with a strong story and characters and voices to match, skip it and don't believe the high rating.",2
Inside Out,"A young girl's five emotions try to solve her identity crisis caused by moving, but when the wrong levers in brain's control center are pushed, things go awry.

That synopsis made me push watching this further and further ahead to, but I loved Docter's masterpiece ""Up"" so I had to watch this in a theater while I still could. Me and my partner thought, well, not really expecting much, so it will probably be OK. But oh what a disappointment it was. OK, I admit we are not teens. And love Japanese animation. And I do not appreciate Disney because of their marketing bonanza and ill-fitting gender stereotypes. But this film is so chock-full of fantasy-killing and misguided ideological messages that I am flabbergasted. It is beyond me how so little viewers find offense with the messages, and that these are thoroughly inappropriate for kids.

Like for instance: 1) You are not in control of your emotions, your emotions control you. 2) Thought and reason have no influence at all on your decisions. 3) If you do not keep your emotions in check, you will lose your memories. If you lose your memories, you will become emotionally unresponsive. 4) There is only one good emotion (joy). There are four negative ones (sadness, anger, disgust, fear). That is it. That is what everyone feels. To hell with love. Or desire. Or curiosity. Or faith. 5) In order to grow up, your joyful memories have to become sad memories. Why? Good question. That is the climax of the movie and there is no explanation why this should be the case.

None of this makes any sense. The whole plot is completely incoherent. These messages hold no educational value whatsoever. And strangely this seems to be more obvious to children than to adults - I heard a boy asking his parents what any of that was supposed to mean.

This is obviously made and marketed for tech-savvy young parents who think they should take their kids to something more ""challenging"" than ""Planes 2"". The parents look like what an ad exec at Disney imagines Google employees to look like - mom wears cute specs, dad a hipster beard and it is set in San Francisco on top of that. The whole thing is probably the most in-your-face marketing device posing for a movie that I have ever seen. And everybody seems to be literally buying it.

Well, not everybody. Some of the reviewers here do have similar issues, so all is not lost for the human race. If you care for an alternative story about a girl away from home struggling to adapt, there is the fantastic new Ghibli feature ""When Marnie was there"". That film has everything ""Inside Out"" has not: a story, believable characters, imagination, mystery, and most importantly: heart.",2
Inside Out,I would usually watch a Pixar movie as most of them are quite funny so I gave this one a go & I have to say never again! It was boring from start to finish even my 4 yr old agreed but still wanted to watch it to the end..what are you doing Pixar??,2
Inside Out,"First time I write a review, but this ""movie"" has made me to. Only gave 2 for the animation, otherwise, it would have been 1 when considering the enjoy factor it provided. The story is way too boring, the ""mind"" characters are devastatingly annoying. Not funny enough for a children movie. The message it tries to communicate is overly artificial, contrived and shallow. I terribly regret wasting the time watching it, waiting for it to become better. It was a real pain watching it, in the end. Cannot understand how it has a rating over 8.",2
Inside Out,"Call me late to the draw, but this two-year-old film Inside Out has me more upset than its preteen protagonist, Riley.

Why was Riley upset? Why am I upset?

All of Riley's emotions are purely reactive. They are simply responses to external stimuli, not the least of which are the emotions of her parents. This misplaced emphasis on externals is surprising, given the professed aim of the film: to look at human experience from the inside out.

""There's absolutely no reason for Riley to be happy right now,"" states one emotion mater-of-factly to another.

Every experience may be an opportunity for either joy or sadness. But the film makes it look as if we are controlled by emotions, and it is circumstances which control us through our emotional responses to them.

Problem with the film: the film conflates joy with happiness and joy with love. These are not the same thing.

Another problem with the film: even memories are cast as amenable to reordering, disposal and forgottenness.

Our core memories shape our realities, which are presented as simply a reflection of our perceptions accumulated and understood over time. Our personalities are shaped by memories which influence our response to what we perceive as or experiences day-to-day. When Joy and Sadness go missing, everything goes haywire.

Personality ""Islands"" are depicted as unstable; they shake and fall and crash to the ground. Imaginary friends like the elephant-teddy-bear Bing Bong are depicted as ridiculous and incredible.

Abstract thought is depicted as imaginary (!!). (So much for the history of human experience, culture and civilization . . .)

Ultimately, experiences are depicted as meaningless as soon as they are forgotten.

**SPOILER ALERT** Riley, through no fault of her own, is driven to react with anger and run away from home.

The entirety of her personality is depicted as responsive and reactive—responsive to the emotions with which she is presented and reactive to the circumstances which she encounters.

The idea is that giving Joy an inordinate place is unreality. All emotions are important and therefore to be valued and given an airing.

In the end, Sadness DOES have a purpose. She helps Riley (and us) process life.

There IS a moral to the story. Rather than trying to ""fix"" emotions, we should accept them and process them as they present themselves to us. (Perhaps this is why the tireless Joy is presented as a bit of an egocentric.)

But if all emotions are equally valuable, why give priority to Joy? And if Joy is not given priority, we are opening ourselves up to a very Sad, Fearful, Angry and Disgusted alternate universe.

Perhaps that encapsulates my feelings on the matter. Angry and Disgusted.

When the plot resolves, **SPOILER ALERT** it is only by coming to terms with the grief over her childhood hockey disappointments and her imaginary friend Bing Bong's sacrifice through Sadness that Riley's redemption and Joy's return to the Control Center of the brain are made possible. Sadness has a part to play, after all.

I do admit that it's okay to feel. I do think that childhood memories play an important part in the formation of personality. And I do value the role of Sadness in the processing of these and other emotions. But I feel less Joy than Anger, less Sadness than Disgust as this film draws to a close.

The assumption of the movie that troubles me the most is that emotions are presented as the primary processors of reality. Emotions are all there is. Imagination is nonsensical and problematic. There is no soul beyond the emotions—no reason to speak of. I do appreciate the film for its playfulness, creativity and colour. As a spectacle, it is appealing though not spectacular. And I do like the repetitive running joke about TripleDent gum . . .

But this is not a children's movie, not the adventure reel of delightful music and happy endings we have come to know and love. Only Sadness can bring Riley back to feeling. And therein lies a major flaw in the central message of the film—it is on the centrality of circumstance, not emotions, that our final focus is placed. The film ends convincing us less of the validity of emotions than of the pressures of circumstance. Joy does not win; Sadness does.

In this sense the film is not a comedy.

Nor is it an accurate representation of reality, inside or out.",2
Inside Out,"I was really looking forward to watching this movie, especially as there's increasingly open dialogue about mental health and psychology these days (yay!), but talk about a let down. I mean, what a let down.

Joy is simply annoying. I tried to think that perhaps the character was bossy and pushy to show that happiness always tries to prevail but I just wanted the character to die in that pit of forgetfulness.

And that's the best story the filmmakers could come up with? It's like they've run out of imagination! Maybe Pixar's problem is being part of Disney, which can churn out cookie-cutter movie after formulaic movie. I mean, you've got some of the best talent in the world and mountains of money, and yet you can't come up with a friggin' decent story!

For this movie, the makers could have made ANYTHING happen in the brain, which is in itself an endless container of possibilities, and yet they chose to have the two main emotions wander around lost in memory storage for most of the movie. Perhaps Imagination Land in the movie represents the imagination of the filmmakers: it's puny and boring - French fries, a house of cards, an imaginary boyfriend. The place looked like some desolate Vegas amusement park about to be shut down. It was depressing.

Then we start to see the parents' emotions but only a few times. You either do that consistently or you don't do it at all. And it seems adults would have more emotions than children. Anyway, it doesn't seem to make a difference. As an adult I couldn't be fooled by weakness of this movie, and I imagine kids would be bored and have no idea what's going on anyway.

Two stars for visuals!",2
Inside Out,"I can't believe I'm saying this about a movie made by an animation studio I've admired since John Lasseter's first computer animation short ""Luxo Jr."" back in the '80's.

But I had to see this movie from all the positive reviews plus I'm a big Lewis Black fan. But the story amounted to what appeared to be a high end PBS type educational public service announcement about getting to know the workings of the mind and emotions but in the most micromanaged, compartmentalized, explain the obvious so much it distracts from the real story and that being a bit sappy and contrived one at best. ""Implied"" was not on the screenwriter's mind when they penned this story.

I mean I had to struggle keeping track of the differences of short term memory vs long term in the form of glowing orbs distinguished by various colors. I felt like I needed to take notes on the symbols representing stages of childhood emotional growth such as the ""goofy"" stage. YIKES! Everything that was explained lost its entertainment impact that I was left wondering why or which I should pay attention to, the story? the characters? or how the brain works?

I chose none of the above and walked out of the theater.",2
Inside Out,"There have been plenty of cartoon-movies that, even though they weren't geared toward me, at least had something of interest. 'Inside Out' has nothing. Just saw it last night....and not once did anything peak my interest even for a minute. If any man likes this movie, I just wouldn't know what to say.

It's just a bunch of emotion-cartoon-characters chasing emotion-balls around inside of the girl's head. Boring, annoying, and extremely childish movie. Sure a very small child might like it. Maybe women like the concept of these battling emotions. But for the average guy....trust me, it's of zero interest. It's not clever. It's very childish and intended for children 8 and under.",2
Inside Out,"This movie needs a warning that it is not suitable for those suffering from Depression.

I suffer from depression as a result of PTSD. As I felt a darkness coming over me today, I decided I needed to leave the house and thought I would go see a movie to cheer up. Looking at the movies playing at my local cinema, there was a choice of two. I saw a warning about Graphic Violence on ""Spy"" and decided it would be suitable, but having seen the trailer for ""Inside Out"" and being a huge Disney fan, I decided to go see it.

The movie was so hard on me, my Service Dog spent half the movie trying to pull me out of the theatre. She does that when she feels that my PTSD has been triggered.

I have discussed the movie with several other Service Dog handlers, and they have thanked me for the warning, as well as with friends I know suffer from depression, or have family members who do.

They MUST put a warning on this movie that it may trigger emotional response in patients with Depression. I am thankful for my Service Dog and support network, because I came out of the movie an emotional disaster. I went to the movies for entertainment because I was feeling down - I never expected a Disney animated movie to throw me further into depression.

Please take this into consideration. Someone with less supports than myself could come out of a screening so emotionally depleted they could do themselves harm.",2
Inside Out,"No. This is not an original idea. It is a done-to-death movie idea. It was done by Herman's Head, by Osmosis Jones, and by almost every ""Fantastic Voyage"" episode of God only knows how many Saturday morning cartoons.

And all of them, EVERY SINGLE ONE OF THEM, did it better than Inside Out.

First of all, the characters. They are QUITE LITERALLY ONE-DIMENSIONAL. Instead of opting for personifications of complex concepts like the id and the ego or conflicting mindsets idealist, the pragmatist and the narcissist, Pixar chooses to dumb the concept down as much as possible and gives us personified emotions.

The setting? Yes, it's beautifully animated, but again: It's nothing we haven't seen done before and done better, both with a better interpretation AND with more humor.

The plot? What plot?

There is literally not a single original idea in this entire movie. Even the imaginary friend, which should have been where Pixar flexed their creative muscles the most, looks like something they stole out of the Jim Henson Wing of the Puppet Museum.

So what does that leave? The countless ""Easter egg"" references to other Pixar movies. Which, more and more, seem less like things they thought would be fun to throw in and more like an endless barrage of reminders that. . .

THIS IS PIXAR AND THAT MEANS YOU STUPID SHEEP ARE SUPPOSED TO LOVE THIS CRAP!!!!

And it's that last point that ultimately pisses me off the most, because the sad fact is that they probably don't even need to badger their audiences into thinking this crap is not crap.

If any animation company other than Pixar had come out with this crap, it would have tanked at the box office hard enough to close the studio. But because it's Pixar, it's cleaning up at the box office, being lauded over by critic after critic for the ""originality"" of ideas that were shamelessly stolen, and will very likely walk away with yet another undeserved Oscar for Best Animated Feature.

No, this is not a great movie. This is freaking crap. And if we don't call this movie out for the freaking crap that it is and stop giving Pixar money, praise and accolades no matter what kind of crap they give us, we can forget about ever seeing movies anywhere near the same quality as Up, The Incredibles or WALl-E ever again.",2
Inside Out,"This, movie is over rated. With a 98% on rotten tomatoes and a 8.4 on IMDb.

Well no I cant take this. It's predictable and cliché'.

The plot: We begin with Riley being born and joy, in the only emotion (Because we all know when a baby is born they are happy. (NOT)

And after a couple of seconds the other emotions come.

Before I get into detail.. I want to point out the mistakes and cliché's.

Why is the memories in third person. Shouldn't they be in POV?

Why is Rileys memories is third person. Shouldn't they be POV? I remember memories in POV, no in third person.... I remember my memories in POV.

In the movie Joy and Sadness, are out of HQ( I'll explain the plot later)

And while they were there, later on when joy needed to go back to HQ to make Riley happy, the family island falls apart as soon as she needs to go... So cliché'

Also in the movie, Joy says

""We love our little girl, would could go wrong."" And then a sale sign appears, near the house and they are moving. Didn't see that coming.. (not)

OK the plot... Is okay.

The plot is that sadness touches the core memories and when she touches it; it turns blue (blue is for sadness) and if she touched it for to long, it would be come a sad core memory. And Joy stops her and they get stuck in the tube where the memories go. That meaning that she has no happy feelings..

Okay.... The ending is leading to Inside Out 2...

At the end Riley is going to her hockey game and Joy says.

""We love our, girl what could go wrong...""

2/10 bad movie I would not watch.",2
Inside Out,"It seems like the message that the writers of ""Inside Out"" were trying to pass on to its audience (adults and children alike) was ""It's OK to feel sad when traumatic events happen in your life."" But instead, it came across more as ""Feeling optimistic and trying to be happy in the face of adversity isn't realistic and is actually harmful to your mental well-being, Sadness is IMPORTANT and you have to let your Sadness run free when bad things happen.""

The core concept of the movie-- personifying the emotions that drive us-- is an interesting one, but they run into a major problem. By personifying an emotion like Sadness, you take something that is a tragically everyday part of life, and turn it into a cute green lump with her own personality and emotions. So instead of being an abstract concept that really sucks to experience, Sadness is now somebody you have to root for and cheer on. So when the climax of the movie hits, the film-makers are trying to get you to cheer Sadness on. Go Sadness, we're on your side, feel important and save the day! Meanwhile, Riley, the actual girl, has Sadness take over her mind, corrupting her happy memories that shape her entire personality, and realistically the experience would leave the girl with depression that she has to spend the rest of her life treating. But hey, that green blob get's to feel special for a while, so it's all good, right? Hurrah, kid's movie!

Inside Out does have plenty of funny moments, and a solid voice cast, but it is ultimately majorly dragged down by both a script that tries to be deep and insightful but completely bungles the execution, and a story that feels artificially drawn out, making the hour-and-a-half run-time drag at times, making the movie possibly Pixar's worst (though to be fair, I haven't seen either of the Cars movies yet).",2
Inside Out,"Because the complexity of our brain, Inside Out had to add A LOT of scenes on ""how our brain works"". Plus, they had to think of how they're going to draw and make it for kids. There was WAY too much going on in this movie and because of that you can't grasp the feeling of it. One scene would be about 5 minutes long and then BAM! you're onto the next one. Solving problems after problems very quickly. The movie wasn't that great. It was more of a drag movie than anything. The characters were awful mainly because they all looked the same in everyone's head. Jokes were typical... Wasn't that funny either, I didn't laugh much. Plus it's the ""ugh, that character annoys me so much."" type of movie.",2
Inside Out,"I hate sadness she drove me mad and up the wall. It caused me so much hate towards and emotion. I have tried watching it again. But nope same thing after years of not watching it and forgetting about the movie till 2nd one came out. Again sadness was too much. I wanted to try 2nd movie but the way the 1st one makes me feel I rather give these two pixar movies a miss.

I don't know if it's due to some taurma in my childhood to hate on it but I rather not watch.

Plus all this about who are Rileys real parents and all is getting to much online this should of being addressed at one point. Sorry p.",3
Inside Out,"Inside Out and Mad Max Fury Road currently stand as two of the highest rated films of the year. Critical reviews shine as well as audience ratings, however only one belongs to the title of highest rated film of 2015 and that is Mad Max Fury Road, not Inside Out. Pixar's latest feature is likable and decent, but not as amazing as people are saying it is.

Inside Out lacks a consistent flow of chuckles, I smiled and nodded more as there are never any truly laugh out loud moments. This hour and a half feature felt longer, as the themes of depression completely padded out any potential comedy. However, I can't deny the voice work as it is excellent. Amy Poehler's unabashed optimism shone through even the most downbeat moments, Bill Hader is as entertaining as ever shouting and squealing with fear, and Mindy Kaling is sassy and does a great job as disgust, in fact I couldn't imagine anyone else fitted to it. For me, and my mates who I saw it with, found that Phyllis Smith who voiced sadness was the funniest and most effective. The drained feeling in her voice and lack of happiness serves the plot greatly throughout, especially in the ending.

The animation is vibrant, and whilst there are fine details seen in the people side of the film, I felt there was a lack of detail and depth inside the character heads scenes, which is where the majority of the film is set. It's far from Pixar's best work, yet people are hailing it as the finest since Toy Story. I just don't see it, I got a lot of stick from my mates and lecturers for not enjoying it as much as they did but tough, Inside Out is not all it's cracked up to be. The concept is really cool, and this film is admittedly perfect for both kids and old viewers, exploring the darker sides of emotions and what can go on in a persons head but what really lacks is a strong heart and comedy.",3
Inside Out,"I saw this movie a couple months ago and had to pause it multiple times to get through it..

First of all, I'm really enjoying Disney/Pixar's esoteric films. I LOVED SOUL!!!

However, there was a specific reason that made me want to watch Inside Out - I am an adult on the autism spectrum (ASD) and Inside Out is commonly brought up, for being a good movie for kids with autism to better understand facial expressions (although it's a a little more complex than smile = happy and frown = sad)..

I watched this with my husband, and I understand this movie in itself, isn't a film meant for those in the autism community - the film isn't even about ASD. However, it got a lot of positive feedback from parents in the autism community; but I can honestly say from an adult perspective with ASD, I can honestly say that film really triggered my ASD.

There are constant switch-ups and the whole movie is constantly shifting from one thing to another.. I can't explain it, but if you've seen the movie, you'll know what I'm talking about. The constant switch-ups that are consistent throughout the film made the film unbearable for me.

Watching this film the way it was executed - I became very stressed, irritable and anxious throughout the film; many times having to look away and take breaks.

I really don't know how someone with ASD can watch this and not have a negative physical/mental response.

I understand being on the spectrum, I may have a stronger reaction to this sorta thing but I watched this with my husband who is not on the spectrum, and the movie was strongly bothering him equally, if not even more. We both needed breaks and to look away.

They definitely get points for the film though, I think it's a great idea, and was an alright story; on paper, it sounds like a movie I'd enjoy and I'm glad it was made. However, it was poorly executed IMO, and if they could have paced it differently, it would be easier to watch.",3
Inside Out,"The plot of the story was well written but I feel that they got ""side-tracked"" with the people in the main character's mind. Some of the characters were ""over done"" in my opinion.",3
Inside Out,This movie sucks! Why is this a film for children???!!! I´t too depressing and I lost the whole point of the movie even though my sister made me watch this like a million times w/her.,3
Inside Out,"INSIDE OUT is a colorful animated feature that I doubt if Disney and Pixar realize is probably too complex for the viewers they intend to reach. Riley(Kaitlyn Dias)is an 11 year old girl, who is really upset with her mom(Diane Lane)and dad's(Kyle MacLachlan)decision to uproot and move the family to San Francisco. Riley is separated from her friends and is just not so happy with dealing with a new house, school and city. She would rather be back in Minnesota playing hockey.

Most of the film takes place inside Riley's young brain where she must deal with five emotions that dwell in Headquarters; there is Joy(Amy Poehler), Sadness(Phyllis Smith), Anger(Louis Black), Disgust(Mindy Kailing) and Fear(Bill Hader)that jostle to and fro trying to dominate control. Joy tends to be Riley's most important emotion trying to anchor her within a positive attitude.

Other actors lending their voices: Richard Kind, Bobby Moynihan, Dave Goetz, Frank Oz, John Cooley and Paula Pell.",3
Inside Out,"Inside Out is the story of how emotions work in our minds (in a girl's mind to be precise). The emotions, Joy and Sadness, wonder around the girl's mind, aiming to find a way back to the controlling room where they can help her through a big change in her life. The story is interesting, but it gets boring towards the end, as the one twist follows the other. Joy is a control freak, dictating every emotions' move and pretty much dominating the girl's mood. Other than that, and the overjoy-full mood, Inside out is funny and entertaining. The colours are vivid and the action enough to make a good movie. But I guess the whole control room, memories, dreams etc etc are kind of confusing, with all the islands and the maze. So 3 out of 10.",3
Inside Out,"Movie is so uninteresting that I felt sleepy every time I sat to watch it. Thank goodness whenever I will be facing trouble getting sleep, I will watch this movie.",3
Inside Out,"1. Out of blue, Riley get sad and upset about her parents, like, for what? 2. Joy is really annoying throughout the film, no need to mention more. 3. Riley's parents really do not care about their daughter. The epic dinner scene: mom could have asked what happened in school with Riley alone, instead of signaling her husband to take over at the table, considering Riley already looks upset.",3
Inside Out,"Okay, let me start off by saying I LOVE Disney. I can honestly say that there is no Disney movie that I dislike... But this movie was terrible. (I give it a 3 because it did make me laugh) I can honestly see why people love it, but for me it just made me really annoyed with Sadness. For the majority of the movie I was trying not to scream at the screen. For example....SPOILER....The part when Sadness is touching all of the Memories....WHAT WAS SHE THINKING??? Shes like that one person you work with who is miserable and make everyone else miserable. Like I said there were some parts that I did like, but over all I spent the majority of the movie annoyed with one character.

P.S. Please don't let my review sway you from watching it. This is just my opinion...you have your own. :)",3
Inside Out,Just finished the movie and somethings didn't exactly feel right. I mean first of all five emotions were acting like themselves except sadness. She wasn't sad she was clearly depressed. When you are sad you want to cry out your lungs yet she was hopeless and tired all the time. And the main message of the movie didn't make sense to me at all. The depression which Riley's been suffering was not something crying and experiencing the sadness would've fixed which she wasn't even denying being sad from the beginning just at some point sadness decided to go. And when it was back it stopped Riley from running away from home?How? Why?Was she sad she was going to be alone? I mean her feeling sad just should've made it harder and longer her acceptance of her new conditions for all I see with its presence.Or maybe sadness cornered her saying if you want to avoid pain avoid me just accept all of this I don't know maybe this was the message intended.,3
Inside Out,"My daughter came to me this weekend and said we HAD to see Inside Out. I'm a big movie guy and usually get a kick out of kids movies because of the beautiful animation and witty comedy. When I read this was a Pixar movie and saw many of the rave reviews I was all in.

It started out with a great premise. Little girl (Riley) is born as an only child to a loving family living in Minnesota. We are introduced to the lead character, Joy, who is part of the team that provides Riley with all of her emotions. Joy is exactly as the name describes, she provides the Joy for Riley. However, we are also introduced to Sadness, Fear, and Disgust.

Inside of Riley's mind is a complex system of ""personality islands,"" thought trains, memory storage systems, and a crew in charge of sending forgotten about memories to a ""dump"" where the memories are forever forgotten. Basically, Joy is an overachiever who feels it is her duty to control Riley's emotions 90% of the time while limiting the control of the other emotions. Nothing wrong with that as we all would like our kids to be joyous 90% of the time.

Shortly after we establish a relationship with Riley, the director decides to move the family to a dump in the middle of San Francisco. From here the story just tumbles downhill. Sadness begins to take over the control room, touching different memories and causing Riley to fall into early stages of depression. As Joy begins to sense this downward spiral things go wrong in the control room and one way or another Joy and Sadness are sent to the inner reaches of Riley's mind.

I won't follow the details from here on out as I only have a 1,000 word limit. From this point on (from about the 30 minute mark), this movie takes the audience through constant peril and depression as Joy struggles to get her and sadness back to the control room. Constant failure, constant heartbreak. This whole time Riley continues to tumble deeper into a state of depression.

The audience watched the next hour in a state of stunned silence. Nobody made a peep. I was very tempted to end this torture and grab my daughter and leave the theater. I cannot believe a movie like this was green lit, and let alone sent out by Pixar. My only hope for this review is that it helps keep families with high hopes away from going to this movie. It truly is a depressing movie and I heard more tears than laughter. I can't understand how that would get rave reviews. People's lives are hard enough as it is. To try and escape at the movies and see something like this is wrong.

Animation was great, not worth sitting through something as heartbreaking as this.",3
Inside Out,"I fell like most of the people loved this movie but I can stand it! In my opinion it was so boring and I found no guidelines or fun. I've watch it for 2 times now and it gets worst, I just don't get it !",3
Inside Out,"Interesting concept but poorly done, expectations of an animated movie to entertain children are severely disappointing.

There is nothing in this film to entertain any young children it is depressing and sad.

The first part of the film is nothing but fluff and time filler

The concepts and vocabulary are far beyond the comprehension of young children.

The plot line is full of holes and technical goofs.

A complete waste of time and effort, Pixar dropped the ball on this one.",3
Inside Out,"Sometimes things are overrated - that is just a fact of life I suppose, but in this case we have a special exception. The over-rate-o-meter is broken and that must be why no one can tell how overrated it is.

Having heard some oozing reviews on the radio and online, with statements like ""return to form for Pixar"" and ""leaving the disappointment of Brave behind"", I was expecting something spectacular. All I can say is... wow.

Brave is several factors of infinity better than this film. Brave has a plot, it has some comedy, it has nice songs and music - it has some characters and the characters have some fire.

In contrast Inside Out relies on one thing and one thing only - anecdotes. Everything hinges on a cheap emotional connection to the various events in life that everyone experiences. The ""actual"" film itself has a weak, scattered and infuriating plot-line pasted together from random sketches. Sadness and Joy are both equally annoying - and theyare the main characters! The characters are all one-dimensional and there are very few of them. There is no memorable music, there are no memorable quotes, the comedy - well there really isn't any to speak of. The only ray of light in the whole thing is the buildup and end to ""put the foot down"" and it isn't mind blowing, it's just a chuckle.

Now, is Frozen overrated? Yes, of course it is, but again at LEAST is has a powerful main song and some interesting characters to merit it's following.

Despite all of the ""glowing"" reviews and comments here on IMDb and elsewhere, I defy anyone to come up with a single quote, a single piece of music, a single character from this film that merits the enthusiasm.

3/10 - and that is being generous",3
Inside Out,"Before I went to see the movie, I heard (almost) everywhere that this is one of the best movie from Pixar, with an original idea. Hasn't anybody heard about Herman's Head? It's the same concept, but cleverer (in my opinion).

Let's get to this movie:

* my biggest problem is with the introduction of characters (and places); the only characters that have some introduction are the 5 emotions. From the command center everything seems to be automated, without any other help/character, but wait, there are some workers that decide which memory gets kept an which forgotten, other workers that build and maintain Fantasy Land, an imaginary friend that just roams through the memory ... repository, a TV studio (dream makers), a jail, memory eraser ...

* Sadness seems to be such a weak character that doesn't account for her actions, you have to make some connections with Riley's situation in order to (somehow) account for her actions (I still don't see a reason for her actions). It's like she's not in control of her actions. I would say that sadness is, sometimes, a stronger emotion than joy, I never saw that in this movie

* Joy seems to be a strong character. After 12 years of controlling Riley, all of a sudden she looses control to Sadness who, as I said, seems a weak character. * there is a lot of focus on the pit where memories are forgotten ""everything that falls there disappears forever"". Then Joy manages to fall there. Of course she escapes, she's a main character and this is a Disney movie * the islands are lost way to easy, there is no trace of them in the ""pit"", at the end they reappear bigger and better * the only thing that they got it right (in my opinion) is the fact that dreams are mainly events from the previous day then fears and desires.

I wouldn't recommend this movie to anyone, especially to kids.

The only reason I gave it more than one star is because of Pixar's animation. Disney's story ruined the end product.",3
Inside Out,"Nice animation, but I was looking for a comedy movie. The trailers made it seem funny, and it was a little, but when you constantly hear cry's from your own child and other children around the theater, it made you want to leave. In fact, my five year old asked to leave twice during the movie. How much sadness can you put into a family movie? There is a big dose of sadness at the beginning. Then things really fall apart which is sad. Then things vanish which makes you sad. Then something is sacrificed and things are sad again. But sadness is OK..., right? No, not when you want to see a comedy. If you want to see a funny movie, watch the Minions, but not this movie.",3
Inside Out,"I'll be short because I already feel like I've wasted enough time even seeing this film.

The main characters are emotions. Sadly the only characters one could potentially care about (The humans) are portrayed as robots or puppets in which the emotions are the puppeteers.

The film lags in the middle big time, I just wanted the bad jokes and boring middle to come to an end.

The idea that one is at the mercy of their emotions is very misinformed and a terrible message to send to kids.

Just so it's clear, I love Pixar films. Rarely am I disappointed. But this is trash!",3
Inside Out,START OF REVIEW: The idea of internal thoughts and emotions is nice and there were a few moments which made us laugh. But the major part of the movie was boring and depressive. I would say the cartoon is not for children. It was also annoying as one of the 2 major characters was sadness. I think Disney paid some foreign company to be upvoted to 8.6 and cause me go and see and be disappointed with it. Shame. End of review. I also don't get the need of IMDb to force you to write. a ten lines freaking review. if you can communicate the message with just five linesssssssssssssssssssssssssssssssssssssssss!!!!! This is absolute foolishness and i am just writing things up to fill this up,3
Inside Out,"One of the worst movies ever. Yes the movie was animated great and the movie flowed well etc. Technically it was a great movie.

On the other hand I felt horrible through 99% of this movie. I would have walked out if it wasn't for the fact that it was ""Father's Day"" and I was there with my daughter.

The movie was mainly negative. Sad and depressing things happen throughout the story.

Didn't hear anyone, parents or children say they wanted to come back and watch this movie again. My daughter was depressed for part of the day afterwards. Not happy about this movie at all.

Do not recommend for anyone with children who have depression or troubles in their life.",3
Inside Out,"' Contain Spoiler'

I warned ya.. Simply my opinion on this movie. Everyone is entitled to their opinion .

Well I heard so much raved on this movie. So I just found the time to watch it for the first time .(I'm months late) , i know....Well truth to be told, the story line is too... readable. Joy being over controlling and sadness is the odd one out which reveals conflicts there , gonna be events, therefore Riley must face certain changes then of course , only natural, Joy realize all emotion must play their role to depth the 'experience' in life . its a readable plot. That what turn me off , there just too much cartoon and animation serve the same idea as this movie.' A little girl undergoing changes and unable to express her emotion properly ' We all went to this kind of phase in real life, the creator just well retell the story we all know. It is not an original idea nor fresh. Sorry. And i believe our conscience is more powerful than our emotion. It just doesn't make sense how emotion are the only thing that dictate what to do.

the movie was okay. I don't hate the movie , its much more like a 50-50 feeling. The feeling that it could have been better. BUT I have to praise the creator for having such creativity in designing how one memories core work and design of the island and everything. The choices of colours vibrant of course , it's a pixar movie. The character are well developed from how Riley was a cheerful child to introvert-kinda child in a very quick time ,and well again its a pixar movie. Expect a good ending out of it. I know its targeted to children but really. We all know the majority of audience is going to be mostly adults, young adults, and children. Basically the story was targeted to 2 audience. The vibrant with crazy design were targeted to attract children while the emotion stuff and the conflict face by Riley are to target adult to well. To relate with her situation.

Its a nice movie(Not really the best pixar movie ever , there other) but hoping there could be a twist there. The values that were set in the movies are already set by other old animation. Sorry for the bad review. Its my first time reviewing.

all I'm saying is. ITS JUST TOO READABLE. People who watch Japanese, western or whatever animation for a long time . You know too well about the plot and value in the 'inside out story'. I was hoping something well different when i heard reviews and stuff about how fresh this idea was.",3
Inside Out,"I believe that this movie good in some aspects but not everything was great as everyone thinks it is. The movie clearly has screens within it that copy and paste from 2001 osmosis Jones. Don't get wrong Jones was an OK movie the animation was great, designs were awesome and it did show some workings of the inner body but way too many bad puns and structural not good story brought the movie down some. Yet I'm defending it the because Disney needs to stop doing taking concepts from other movies and making it their own. It's OK once in a while but the brakes needs to be pumped because they have to come up with something original and clearly theirs",3
Inside Out,"I have 5 year old twins who saw the movie yesterday. My daughter left the movie crying and cried several times during the film, it was much to heavy and sad for young kids.

What ever happened to happy kids movies that made us laugh and smile?

Dealing with depression in Big Hero 6 and now this, my kids don't need to learn about or try to understand these heavy subject lines.

I am also a big Pixar fan and as an adult there was no real storey line and none of the usual adult humour thrown in to keep it interesting for everyone. Although this was disappointing it was outweighed by the depressing overall feeling to the entire movie and the fact that I was either explaining to my kids what was happening or consoling them from crying.

I can't wait to see Minions at least we should get some smiles out of that. I'm tired of leaving the movie theatre feeling worse than when we went in.",3
Inside Out,"I was expecting a funny lighthearted animated movie, one I have come to expect from Pixar. Unfortunately there was only one funny scene, but it was the scene I already watched in the trailer. Instead I had to endure over an hour of the most depressing movie I have ever brought my daughter to see. It seems as though Pixar tried desperately to make a movie with an adult theme (ie the psychological workings of emotions in the mind, with a plot that is, unfortunately, commonplace in real life ) but with goofy animation that appeals to children.. I wish they stuck to the adult humor that goes over the kid's heads rather than serious issues that goes over the kid's heads.. Sadly in the end, the ""happy"" ending was only mildly happy. Not nearly happy enough to raise me up out of the depression the movie had sank me into.. I left the cinema down, and that's not what I like to spend money on. I asked my daughter, ""so what would you give it out of 10?"" She said ""an 8"" but when she got into the car she seemed sad, I asked her was she OK? and she started to cry and retold me a part of the movie she found sad.. Unfortunately that didn't go over her head.",3
Inside Out,"Well, I did it. I finally watched Inside Out, Pixar's latest masterpiece. After months of waiting for it to be released, and listening to peers rave about how it's Pixar's best film yet, that everybody should see it, and that I will love it, I rented it on iTunes and gave it a watch, despite my reservations.

Now, here's something about me that some people might be able to relate to, and some might not. I can always tell whether or not I will like a movie, or TV show, or book, either based on what I hear about it, or even if it's little more than a gut feeling. It's almost like a sixth sense, which I've only recently come to understand. There's an alarm that goes off in my head that warns me, ""You are not going to like this."" When it goes off like an air raid siren, I know to stay away.

Like I said, I've only recently come to fully understand this, and there have been many times over the years when I've gone ahead anyway despite my misgivings, and ended up wishing I'd trusted said misgivings. I have never been wrong. When I first saw the promotional posters, and learned the plot outline, the inner alarms were blaring loudly and angrily. My instincts have never failed me before.

But, as they say, there is a first time for everything.

And when that time comes, I will be sure to make it known, because that time still has yet to come.

If I had a dime for every time I heard that this movie is Pixar's ""return to form,"" I would probably be set for life. To that assertion, I have a question. Exactly what *form* would that be? The Pixar *I* grew up with made movies that made me *laugh*, that were exciting, and made me feel warm and fuzzy on the inside. This movie, on the other hand, made me laugh in earnest a grand total of once (""Eat me, I'm organic!""), and kind of chuckle one other time (*snore* ""Who's the birthday girl?""). That's it. The entire rest of the movie, I was wanting desperately to go home, even though I was in my room the whole time.

No Pixar movie has ever made me feel so miserably unhappy, and the 30-second-long happy ending did nothing to make up for the preceding hour and a half of oppressive, and progressively intensifying, gloom. My goodness, that was depressing. I'm not P.O.'d that it made me cry; I actually never cried, although I did come pretty close at the very end, but even if I had, it wasn't in a good way. I have no idea how this movie was supposed to make me feel, but I felt downcast whether that was the intent or not.

If this is Pixar's ""return to form,"" then I'm not sure I want on this ship anymore. This ""form"" started seven years ago with Wall-E, a dreadfully depressing film, continued with Up, about which I listened to my instincts and mercifully skipped (a decision I have never once regretted), and Toy Story 3, which I saw one time and have never watched it since (three guesses why, and the first two don't count). And now Inside Out. Wall-E was a mercy compared to this, and it has barely had time to fully sink in.

I just... I'm dejected. I didn't like it at all. As I said before, I had a very bad feeling from the moment I found out what the movie was about. I put off watching it for almost a week after renting it, just to steel myself for it, even after waiting months for it to come out, and now... I'm not sure anything could have prepared me for this. Frankly, I wish I'd left well enough alone, ignored everybody's raving and pressuring me to see it, and never watched it. I guess one positive is that now nobody can tell me 'don't knock it if you haven't tried it.' I tried it, and it made me miserable. I told you so.

I apologize to any readers if I'm coming off as ranting and railing, but... that was upsetting. I think I'm going to listen to some John Williams to try to cheer myself up.

P.S. Just so nobody misunderstands me, from a purely objective standpoint, this was a marvelously well done film. The animation is beautiful, the voice-acting top notch, and the musical score is lovely. I am not calling any of that into question. This is merely how I experienced the story, and it made me feel like I was dying inside.",3
Inside Out,"It's a movie, but I think it's kinda overrated. A good kids film, i gotta be honest, but it's just a bit preachy and slow at points, but it's alright. Just not my type. Even the star studded cast couldn't save it much, not bad but not great.",4
Inside Out,"The ""Emotional"" feels this movie is supposed to give out is next to non-existant. I only felt a tiny bit of sadness when Bing Bong, the only likeable character died.

The Visuals are amazing and the writing solid, it's still just a really mediocre movie. the concept is amazing, but it's executed in such a way that it's just sad.

The plot fells pointless and there is barely no tension, also it's pretty predictable. It's also uses the tell don't show waaay! too much.

it's an okay movie, but not even close to the best pixar movie, and especially not the best movie...",4
Inside Out,"I am a young adult but absolutely love Disney and Pixar movies. I was so excited to see this film but was so disappointed. The trailer was the only funny part sadly.

The sad and joy characters were very irritating and the story line got boring and predictable. There were not a lot of funny parts the best and only part was when you can see in the parents minds. Obviously I understand it is a film for children but it was not fun or a feel good film it was just very irritating and boring and unlike other films in the same category, I would never watch this again.

They could have done so much better with the story line! :(",4
Inside Out,"Animation movies are made, in my opinion, to make you feel good, to get a laugh out of you and to be entertained. This movie did none of it. The trailer made me want to watch this movie for some kind of reason. However, taking a look at it again after waiting for the movie to be over I wonder why. The humor is probably too difficult for children to understand and definitely too bad for adults. The two main characters (emotions) were also the two most annoying ones. Unlike some reviewers this movie didn't make me feel depressed, it just made me feel emotionally detached. The soundtrack didn't make up for the bad execution either, although the animation wasn't bad I guess even though it didn't appeal to me either.

Watched the Minions last week and it was so much more fun. This movie doesn't even come close to the Minions in terms of humor. This movie should not be mentioned in the same list as Finding Nemo, Toy Story 3, Monster Inc, the Incredibles and not even Ratatouille. The humor is poorly timed. It is as if the animated characters should get a lesson or two in acting. No original jokes whatsoever.

The idea is fun, although not original what I learned from the other reviews. I went and had a look at 'Hermans head' on YouTube and in only 2 minutes in that already made me laugh more than 'Inside out'. That's exactly what I recommend to people going to this movie. Get in the movie theater and then out immediately.

My lowest rating for a movie so far!",4
Inside Out,This not a 8.2 it is a 4. The acting is pretty good. The story line is just so so. I have seen worst. There are better movies out there that are nothing like this one. Godzilla is better. So is King Kong. I did not know what all the hype is about. It really is not a big deal. It might have worked as a short film. But for 1 hour and 35 minutes it gets a little trying. If you think this an 8.2 or better that is fine with me. I do not see what the big deal is here. But fine. If you have not seen this movie do not wast your time. And do not wast your money. You have been warned this is not a movie you really need to see in spite of what people say.,4
Inside Out,"I like Pixar films and sat down to this not knowing a huge amount about it.

I had an inkling of the basics having seen one of the very early trailers but I hadn't fully immersed myself in all the footage. This meant that I went in reasonably fresh and waiting to be entertained.

Granted the concept was fresh, granted there was plenty of invention but it was like they threw them in a tombola and spilled them out into the film without any judicious selectivity.

I remember watching the making of featurette for Big Hero 6 and they were discussing how Pixar don't really storyboard a film preferring it to have an organic growth. Now sometimes that can work but for Inside Out it certainly didn't.

It just felt like it was made by a large group of people throwing great ideas into the pot but no one then sifting through them to see how they worked in the film. It lacked a firm director to weed out and discard some of these ideas and concentrate on the forward drive of the film.

It needed someone to temper the proceedings so Joy didn't dominate the film so much. It needed someone to keep the film bouncing along without slowing down for the next great idea.

I was genuinely surprised to find myself bored halfway through and having to give contemplation to leaving when my GF suggested it. As it was I carried on but my attention wasn't held and my wonder wasn't awed.

So yes, plenty of clever ideas but not enough focus or momentum.",4
Inside Out,"What a wonderfully original idea. I can't imagine there having been anything like this before. It might have been a motion picture, or a short, or an episode of a television series, or a television mini-series, or even a full-blown comedic television series. Who knows? If it had been produced, it might have been on the air between 1991 and 1994. It might have been a live action series rather than an animated cartoon or computer generated imagery animation. It might have been about a male character with people in his head representing his thoughts, moods, emotions, or personalities, instead of a female character. Just to be sure it would not have been a complete copy, it might have had a completely different title. Like ""Herman's Head"". Just to be sure I completely made all of this up, feel free to look that title up in IMDb.",4
Inside Out,"Flaws notwithstanding, Inside Out is a capitalist's perverse dream come true -- however his dream manifests outside of his subconscious is commendable within itself. It's a highly-anticipated film put out by the biggest animation studio in the world, packed with enough goofy jokes to satisfy children and enough reliably maudlin manipulation in the form of homogenized adolescence to please adults. The concept explodes with novelty and the animation is brilliant. And best of all, its main characters all come in fuzzy, furry, huggable forms that will no doubt sell mountains upon mountains of stuffed animals and other such material detritus until the faces of Joy, Sadness, Anger, Disgust, and Fear are plastered by fingerpaint-stained hands onto the pages of the haplessly constructed book of icons and dank memes (""o sh_t waddup"").

Inside Out is blatantly artificial. The film is mired in concept and marketability, sacrificing a solid narrative - which Pixar usually promises - as a result.",4
Inside Out,"This is a movie about a basic list of emotions. I guess it is important for kids to know that there is such a list of primary and secondary emotions - but there are tertiary emotions as well. It strikes me that someone was struggling to work this through a committee of some sort - it feels like more American self-congratulatory, 'WOW! Aren't we clever.' There are too many hands on the tiller of this one. It might be a worthy flick for kids to discuss in class - particularly Psych 101 or even Writing 101. The list: Love (affection, lust, longing), Joy (cheerfulness, zest, contentment, pride, optimism, enthrallment, relief), Surprise (surprise - amazement, astonishment), Anger (irritation, exasperation, rage, disgust, envy, torment), Sadness (suffering, sadness, disappointment, shame, neglect, sympathy), Fear (horror, nervousness). Yes, it is a movie about a list.",4
Inside Out,"The screenplay for this movie was very emotionally captivating and the voice acting was spectacular!

My reason for the low rating is the ad campaign and animation style of the movie. Corporately this movie seems made for selling plush toys and the energetic style of the character animation represents this as a comedy when, in fact, it is much deeper than that.

The concept for traveling inside a child's mind gives limitless opportunities for your trippy cartoon gags and abstract adventures. When watching the movie my children (3yo girl 7yo boy) were either not interested trying to get up or falling asleep with the weighty emotional scenes.

Despite the lively character animation, the scenarios and sets were too straightforward and even bland. This movie would have felt better in the Blue Sky Ice Age style which is less toony.

I would recommend this movie more for pre-teens and adults storywise which you would never get from the poster. Even then, Finding Nemo(9of10) is SO much better of a finding yourself coming of age adventure.

If you like Inside Out I get it, it did not deliver for me or my expectations. 3d was OK.",4
Inside Out,"First off, I'll start by saying that I usually judge ""kid\family"" animation movies by the amount of tears and tissue involved. Yes, I'm an emotional person, and I tear up easily, especially when it comes to kids animation movies.

Up and Toy Story owe me 4 boxes of tissue. These movies where emotionally on point. I don't recall Finding Nemo making me tear up, but I do remember it was a hell of a good movie. No wonder it's one of the top grossing films up until this year.

But this time. I was emotionally disappointed. I only cried once, and it was for a brief scene. And I'm as emotional as it gets, trust me. Kinda ironic considering the movie literally revolves around emotions.

The plot is the worst part of the movie. The girl comes off as a spoiled brat with nothing better to do than make up non-existing problems for herself. Which makes sense, considering she had the perfect American girl life. Did I already mention spoiled? Oh, and she's also an only child, shocker.

She seemingly got into a what you would call ""clinical depression"" as a result of moving out. Like seriously? There are kids out there who deal with life threatening illnesses, poverty, abusive parents and whatnot yet this girl snaps off from moving out?

The most bizarre part in the movie is when she's on her first day at school. She didn't get socially rejected, she didn't get bullied, yet she miraculously got depressed\upset after merely introducing herself to the class.

Not to mention that according to the time-line (she sleeps, wakes up), her so called ""clinical depression"" only lasted like 4 days. Are you kidding me? There are people out there who deal with clinical depression their ENTIRE LIVES.

And the blue sad emotion doesn't make any sense. All these ""oops I don't know why I'm doing this"". How can you have an emotion that ""doesn't know""? Doesn't this defeat the whole point of attempting to explain our emotions? All I got from this movie was ""Why are you sad?"" - ""I don't know"".

Nevertheless, it was not absolutely horrible:

The animation was nice, not over the top


There was this one scene which made me tear up a little bit. It's when the elephant-cat creature sacrificed himself to get ""Joy"" out of the abyss. I didn't cry because he died, but because he sacrificed himself. Sacrifices always make me emotional.


there was this one adult joke about facts and opinions. The elephant-cat creature accidentally dropped boxes of 'opinions' and 'facts'. Then the elephant-cat said something along the lines of ""just shove them all in this sack, people can't tell them apart anyhow"". I liked how this was a political comment about people who think their opinions are facts\better than other's opinions.",4
Inside Out,"The 3D was awful; the glasses made this movie look gray, and for a movie that is 50% sad, that's a big problem. It looks like a movie for preschoolers, but the story definitely isn't. It should be rated PG-8 or higher.

It's odd that the rare Disney movie where the child isn't an orphan would be even more down-beat. SPOILER: Two ""characters"" actually do sacrificial suicides. Yipes!?!?!

On the positive side, the underlying intellectual concept is managed pretty well, and adults may find it ""worthy,"" and there are some laughs.

However, the story is slow, mostly action-less, and nearly empty of suspense or thrills. Worst of all, the color scheme and design are too bland; the locations are simplistic and almost never beautiful.

Still, the box office on this film proves the makers right: attract adults; kids will go to anything animated.",4
Inside Out,"I'll start by saying I enjoy majority of Pixar films. In fact, I love them! However, unfortunately I do not think that this film lived up to Pixar's name.

Initially, I thought the general idea for the film was fantastic and very fresh. A great idea doesn't always make a great film though.

To start with, the film was interesting to see how they incorporated the Inside characters and to see how they would interact with one another etc. But as soon as the story kicked in, the film started to become quite dull and boring. There are orbs that contain memories that are transferred to the 'Inside' headquarters and some get stored in a special place where the memory will last forever. Anyway, two of the Inside characters, Joy and Sadness are sucked up in to this tube and sent out of headquarters and so the film is focused on those two characters. This was annoying because I felt they were the two most unlikable characters in the film. Sadness was just irritating and Joy was cringey and also quite irritating. They are soon joined by an imaginary friend character created by the girl whose head they are inside and he brings it to life a little more as he is more of a likable character. However the film soon dries up again.

The best part in the film was *BIG SPOILER* when the imaginary friend sacrifices himself and dies and I say the best part because its one of the only parts in the film that actually made me 'feel'. The rest I didn't care much for. Ironic as the film is all about emotions and such.

To sum up, this film was very boring and they could of possibly explored more with the general idea.

9/10 for originality, 4/10 for entertainment value.",4
Inside Out,"After seeing the trailer for ""Inside Out"", I was pretty keen to see it. The movie looked like it had a lot of good ideas and all of the people working on the project who I knew about I like. This should have been a great movie experience for me, but instead, it was a disappointment.

After moving from Minnesota to San Francisco, eleven-year-old Riley (Kaitlyn Dias) has to adjust to a new life with the help of her emotions, Joy (Amy Poehler), Sadness (Phyllis Smith), Fear (Bill Hader), Anger (Lewis Black), and Disgust (Mindy Kaling). When Joy and Sadness are accidentally purged from the control tower along with Riley's core memories, which make Riley Riley, the two have to find their way back. As Joy and Sadness try to do that, Fear, Anger, and Disgust are the only emotions Riley has left to control her.

In their journeys through Riley's brain back to headquarters, Joy and Sadness come across Riley's imaginary friend Bing Bong (Richard Kind), who helps them find their way through Riley's brain. Bing Bong was not introduced at any point before his reveal, so he just shows up out of nowhere without any buildup or previous mention. Then, he becomes one of the most important characters of the whole movie.

When it comes to the characters, most of them are understandably defined to one personality trait (happy, sad, scared, angry, etc.), but even the characters that aren't emotions don't have much personality to them. Riley has (as stated by the movie) five things that make her who she is, and the only one that really adds any personality is goof ball. Her parents (Diane Lane and Kyle MacLachlan) are blank slates, their emotions are blank slates who somehow don't even show their one emotion, and even Bing Bong lacks any real personality.

Along with that, Joy's character arc makes little sense. She learns of Sadness's importance to Riley, but for all we know, Sadness has only done one thing right that helped Riley while Joy and the other three emotions controlling her seemed to be working for the most part. There was no lesson that really needed to be learned from the get-go of the story, because Sadness was only needed to solve the problem that she started in the first place.

The story elements are a lot of the same things over and over again. Joy, Sadness, and Bing Bong try to get to the control center, but each time, their method of getting their is destroyed by the accidentally and unknowingly by an emotion or an exterior event, like Riley sleeping or the brain workers outside of abstract thought. Then, they have to try and find a way to start everything up again or find a new way to Riley's brain. It just goes on like that for an hour and thirty minutes.

Granted, there were some creative elements to the movie and some genuinely funny and emotional moments, but they were overshadowed by the larger problems the movie had. I'd say this is the worst Pixar movie I have seen, even worse than ""Cars"", and a great disappointment.",4
Inside Out,"Just watched Soul by Pixar and Disney and it made me remembered how bad Inside Out was compared to Soul. If you had to pick between both, go for Soul 10/10.

Now back to this, I'm misled by this movie thinking it was ABOUT RILEY and how her emotions plays out. The main character/lead should be RILEY, not JOY; not one single emotion. Very confused...",4
Inside Out,"Pixar took a familiar idea, personifying emotions, and decided to tell a story about them running rampant, tearing a girl's memory apart and destroying her personality. The problem is that emotions don't govern a self-conscious person's thoughts, they only inform them. This is only the first of the film's many inconsistencies.

There are too many moments where a plot device is introduced but promptly ignored for convenience of the story they wanted to tell. The over-simplified emotions present clumsy and sometimes offensive stereotypes of themselves and other characters. The narrative feels like a pasted-together brainstorming session and concludes itself with a solution that should've been common sense from the beginning.

It's easy to dismiss these criticisms as being irrelevant in a children's film, but Pixar doesn't make films exclusively for children. This simply isn't a good movie.",4
Inside Out,"Not a bad story.

Unfortunately I was thrown off by the portrayal of all the male characters in the film.

Let me say I am a male.

I understand that the heroine was a female but the portrayal, beginning with the Father, as essentially an emotionally non-understanding and solely sports interested bozo was off- putting.

The mother says as much mentally/emotionally when we go inside her consciousness/emotions and she instead only dreams of a Brazilian helicopter pilot whom she passed up.

Then you have anger and fear; both males and both of whom do not know what to do any time a problem arises.

The imaginary boyfriend also simply ""would die for Riley"" and Joy uses him (multiple versions) as a human ladder.

Not one time does a male have a positive idea or problem solving strategy.

Joy of course knows as the protagonist. Then sadness and disgust know how to solve the problems when they arise.

Lastly, the boy Riley meets at the rink before her last game is completely awestruck and speechless simply by running into her.

I challenge the women who have watched this film to imagine if the hero was a man and all the females knew nothing and did not know how to problem solve. Additionally if the Father only fantasized about a Brazilian girl instead of his wife.

What message does this send our children, regardless of sex?

Sexism, reverse or not, is an outdated ideology.

Poor writing/script and damaging to males.",4
Inside Out,"I'd read that this movie is a contender for not only Best Animated movie, but even Best Picture at the Oscars. This is a very different film to one I've seen from Disney/Pixar tackling a very adult theme in human emotions. It's clever in the way it portrays the emotions and takes us into the world of the subject's mind. What loses it for me is that the film seems lost between playing out as a psychiatric experiment and being a film to entertain little children. The moral of the story seems lost amongst the confusing adventure within the subject's brain. The concept is certainly original and no doubt will be used as a talking forum in biology or human development lessons for years to come...it belongs in educational circles.",4
Inside Out,"Do NOT see this movie unless you are either a Psych major, or have lived a life that is free from sorrow or emotional trauma.

As usual Pixar has produced a digital masterpiece, with an inventive plot, original characters, and loads of modern scientific content. However, unfortunately, they chose to depict a young child going through a deep existential crisis, in which all the bases of her emotional world view are shattered, crushed, collapsed, etc.

I was sobbing much of the way through, and off and on during the night. About 24 hours later I recovered enough to get back to my normal life activities. In fact it made me want to go back on drugs, to assuage the pain that it dredged up!

I advise ""taking a Valium"" beforehand, to minimize the effects of the deep sadness.",4
Inside Out,"I TAKE my hat off to Pixar for developing animated film Inside Out, which depicts how five emotions control the mind of an 11-year-old girl. Naturally, each emotion has a distinct colour, shape and personality.

I enjoyed the tug of war between the five emotions, and I also enjoyed how two of them go on a road trip in the mind, with core theme islands, train of thought, dreams and subconscious. The animation is an explosion of rainbows and the creativity shown to depict the happenings in the girl's brain is nothing short of amazing, although kids won't understand these ideas.

However, it got tedious after awhile and I felt restless. I could feel the audience falling into a rut. Were they as disappointed as I was as to how things were proceeding?

Thing started to get worse and I dozed off for a few moments.

How did a great animation studio like Pixar fall flat on its face with Inside Out? The idea was remarkable and the presentation was even better, but it failed to grab me by the throat.

Read more at:

http://abigspark.blogspot.com/2015/08/inside-out-emotionally- drained.html",4
Inside Out,"I will say that this movie did make me laugh out loud quite a few times. There is some great observational humor that captures the eccentricities of the human mind (or cats as can be seen in the credits), but overall I found the movie to be pretty boring and depressing.

To start with there is basically no story or development of any of the characters. Riley moves to a new town, and the five emotions in her head have to figure out how to find balance/happiness after the move. The problem is that the whole movie is based around 5 characters (Joy, Disgust, Anger, Sadness, and Fear) all of whom are stagnant and kind of annoying.

Most of the story takes place in the ""control room"" of Riley's brain, and it appears that the animators were extremely lazy or uncreative when deciding what the room should look like. It is basically an empty purple bubble with a computer in the middle, considering this room is the scene for about half the movie I'm surprised they didn't try to make it a little more exciting.

On top of this the movie is very depressing, and not in a ""good cry"" kind of way, but in a ""growing up sucks, you are going to be unhappy for the rest of your life"" kind of way. Despite the fact that Joy is the leader of Riley's emotional control team, we constantly see sadness (who should have been called depression) constantly pull Riley down into the pits of useless, apathetic despair. On top of this we see that the leaders of Mom and Dad's emotional control teams are Sadness and Anger respectively; oh the joys of being an adult.

Over the course of the movie Riley's memories go from those of mostly childlike happiness, to the bittersweet jaded memories of an adult. It seems that adults in the world Pixar created can no longer feel pure joy, their emotions are always tinged with a hint of anger, sadness, or disgust. Maybe this is true for a lot of people, but I think kids should enjoy their blissful naive ignorance for as long as possible. I would not bring your kids to this movie unless you feel the need to forewarn them of the depressing future they have to look forward to.",4
Inside Out,"Depressing, bleak, boring. Characters are brainless and repetitively make the same mistakes. Couldn't wait for the movie to end which is something I never say about Pixar movies.",4
Inside Out,"When i watched this film the first time i was 7 , so practically a kid. And i liked how it was drawn and stuff and the funny characters, but now ,and also then i thaugt that it was veeery cliché. Example: There is a Scene where you can see what's going on in the heads of Rileys Mom and Dad. Rileys Dad tust thinks of Sports and is not listening to his wife and her mom is annoyed of him and thinks of her dream man. Really? This is so hostile to men and woman. So i dont unterstand al these people talking stuff like: Yes this is such a psychologically valuable film. No its not!

And the Story is like every other Barbie movie. A girl is sad cause she's movig away with her parents, she's having a mental breakdown and wants to flee, but then at the end she has friends and everything is alright.

So if u want to watch this Movie just to see something from Pixar then do it! But if u want to see something psychologically valuable then watch Ladybird ore something but not this!",4
