title,comment,rating
Se7en,"So when this movie came out, it was pretty gory and disgusting however, with today's society in the shows that have been on television like law and order SVU anything along the lines of fun of a CSI type event it's pretty much made these movies not so bad to wear when I first watched it I was just horrified how disgusted it was. Watching this now, I'd probably give it a five or six still good movie like the ending of course but not really sure on giving it anything more than that. I will say Morgan Freeman's character was very good and Brad Pitt was good as well. Just hard to get past to discuss this which led me to leave the theater actually during this movie.",1
Se7en,"Horrible movie. Incredibly boring and predictable but at the same time it had me longing to know how it would all end. Too bad it was so captivating when it played out exactly how even my little mind had figured it to play out. I would rather have watched a movie like ""sausage party"", a movie that is bad but still unpredictable and surprising. The thing that makes me the most upset is not even the bad plot, but how much potential the concept of the movie could have had and how it still ended up as such a bad and boring movie. I don't understand how a movie can be 2 hours but still feel so shallow and undetailed. Please don't waste your time watching this bad movie.",1
Se7en,What a boring movie. Idk what the stupid hype is about.,1
Se7en,"Well Kevin ruined the movie, obviously. I'd love to see this redone with an absolute different cast. It deserves the treatment... Please do it, we need it, need it...

Kevin Spacey 👎",1
Se7en,"Watched this because it was suggested in a review of a much better picture. This movie sucks. The actors in it are all trash and always make bad movies. The plot is stupid, there is no hook and nothing going on, looks ugly, the sound and music is terrible. Boring as all hell, nearly fell asleep. I couldn't name a single character, they were all dull as hell. Typical Hollywood dreck, kind of trash idiots slobber over because ""big name super good trashy Hollywood actor"" is in it. No, a garbage movie isn't good because they paid out for ""stars"", its still bad.

Stupid title too.

AaaaaaaaHHH they upped the minimum character count and I can never write this much.",1
Se7en,"Just because your film has an epic soundtrack doesn't automatically make your film epic.

Back in 1995, if New Line Cinema sent David Fincher their revised screenplay instead of the original head-in-the-box ending screenplay, this film would've been more enjoyable than this borefest.",1
Se7en,"Not only was Brad Pitts acting just disgraceful, but the film it self was atrocious to watch. I will admit, the begining of the film got off to a good start and left me curious. However, the ending was quick and did not hold up to the rest of the film. The ending left me angry and upset. Would not want to watch this again and would definitley not reccomend it.",1
Se7en,"The dialogue is cringey, there is no acting (despite all the big name actors and actresses this movie mastered to gather), no logical story or plot here. The story line makes no sense, the wring is awful. They make good actors and actresses looking bad. I'm furious and feeling sorry for myself while enduring the entire two plus hours of suffering.

I wasted my time watching this, so you don't have to. I did sample IMDB reviews to avoid committing time for a bad film like this one. But I feel like cheated. This has to be one of the the biggest IMDb user rating failures. Or did we watched the same movie?",1
Se7en,"COUGHspoilersCOUGH

This movie drives me nuts because it is SO close to being one of the greatest movies of all time, but it completely falls apart at the end. John Doe's masterpiece is NOT completed, which doesn't necessarily warrant being called the worst movie ever, but even if Brad Pitt had died in the end as John Doe had planned, it still would have been flawed because John Doe had killed an innocent (or two) in Gwyneth Paltrow. The worst part is that the movie is set up to have the correct ending, but they pussed out and went with something completely ridiculous. The way it could have actually worked is if Gwyneth was wrath because we find out that she went through with the abortion that she discussed with Morgan Freeman. Then John Doe kills Gwyneth (wrath), Brad Pitt kills Doe (envy), Bam Bam: masterpiece completed. The only thing I could think of that could have happened was this anti-abortion ending was shot down by some idiot producer, so they had to change it to something more ""politically correct"" (democratic), but I was shocked to find that the correct ending wasn't even in the special edition DVD, so I can't fathom what went wrong here.",1
Se7en,Here you can see excellent actors giving terrible performances. Brad Pitt was so wooden in this role it was painful. His dialogue delivery was unendurable. Morgan Freeman was not much better. This was such an exercise in putting out such a pile of steaming rubbish it's almost laughable. Almost. As for the story itself it wasn't too bad. The execution of it is where everything falls apart. No adherence to basic police procedure. I know it's just a movie but still credibility has to enter into the proceedings at some point. This just gets worse and worse until the big finale which is such a disappointing flop it's incredible. Paltrow turns in yet another mundane forgettable performance. Nothing but stink on stink here.,1
Se7en,"It's a boring and childish crime movie.

I'm surprised this film is even listed in the top 250 and that it got this much praise. It really wasn't that good a movie.

The ending was predictable. The film is for children, needing to be spoon feed every ten seconds the next step, victim. Like most crime films the writer/director feeds the view just enough information to avoid giving away the story even when such restrictions are illogical and unrealistic.

Lastly the constant ripping on Silence of the Lambs (there are several comments in the film that refer to SOTL) when this film is far more of a marketing puff piece is an utter joke.

I've deleted this film, and refused to even watch the much vaunted ""twist"". That in itself so utterly illogical and stupid part of the plot that its not even worth discussing.",1
Se7en,The worst movie i have ever seen .total waste of time,1
Se7en,Terrible terrible terrible. Avoid this movie like a child should avoid Michael Jackson at the Neverland Ranch. Run kiddies run. The music drowned out the barely hearable lines. It seemed to me like they whispered through the whole movie. I couldn't get into this movie at all. A friend of mine recommended this movie. I no longer take advice from this friend. This movie is worse than Ishtar. Gigli seems like an academy award movie compared to seven. I watched seven all the way through and couldn't tell you what it was about. Totally confusing. How this movie got in the top anything is beyond me. It should have been in the bottom hundred.,1
Se7en,Totally overrated movie with many boring things in it. This is far away from plot-twist movie and stay away from it! DISASTER,1
Se7en,Plese don't watch I'm really disappointed. The storytelling is so bad,1
Se7en,"This is the second David Fincher film I've ever seen. And I know this review is going to get a lot of hate, but it's irresponsible of me to use my free-speech rights to review a movie and not be truthful.

Fight Club I could forgive for its pretentiousness, as the characters who drive the plot think and feel just that way. Having read the book, that's a pretty faithful translation to the screen; there's an inflated since of importance about everything in that movie and, although that importance is largely unjustified, it's all in the perception of the character. Fight Club just feels like an extension of this film (because Seven came first), even going so far as to have the one and only Tyler Durden (Brad Pitt) starring alongside the irresistibly fantastic Morgan Freeman.

Well, irresistible... except for this particular movie.

This movie (and, in fact, my overall impression of David Fincher's filmography) is so up its own ass that it's a film almost entirely catered to either stoners who watch movies like this to comment on it being ""so deep,"" pre-established Fincher fans, and film students. This is a film made to be studied, whether it's worthy of it or not, and it feels like that's the target audience of his films. People literally worship this man and the work he's done, so far as to analyze his films frame-by-frame for references and, sure, there may be some cool things scattered throughout this film, but what good are they if the film is so bloated, uninteresting and uninspired that it can't even be bothered to create sympathizable characters before getting to the action.

Brad Pitt and Morgan Freeman are one-dimensional cardboard cut-out characters. They show up, they do their thing, and then they leave. There's no depth to the characters, absolutely no character development whatsoever and, by the end of the movie, the only emotion that it actually stirred within me was anger, because I lost two hours of my life on this nasty, pretentious piece of work.

Of course it's unpopular to say, but this film was an absolute pile of trash from start to finish. Were it not for the fact that the copy I was watching came from my library, I would've snapped the disc as soon as the credits started to roll. I like a movie that doesn't have an inflated sense of self-importance. Faking it till you make it is fine, but once you get to the place where you can have a major studio fund and distribute your work (which Fincher had), it's time to stop making movies that literally stroke your own ego. It's unattractive.

I'm glad I can now say I've seen this movie, but I'll never sit through even a single scene of it again in my life.",1
Se7en,"Too much filler in the movie. Too long of a movie. I knew it immediately that the killer was the photographer. It's an insult to intelligent people the way it took even longer to verify. I hate the cliche of wasting 15 minutes of film time to capture a chase where the bad guy gets away, or watching people walk through a house. IT WAS SO OBVIOUS THE KILLER WAS GOING TO KILL BRAD PITTS WIFE. A two year old could've guessed. Most people wouldve filled in their wife and had them be on alert. Once Brad Pitt saw his picture, he should've known he was being targeted.. yet they put the wife of a lawyer in protective custody. I hate being toyed with, especially posing this movie as an all time great. For people who wouldn't have even guessed it was her body part in the box... it took an extra 5 minutes of music and yelling to verify. A great insult to my intelligence.

I created an account just to write that this movie has NO business being in the top 20 movies ever created... not even top 200. I will never watch this movie again.",1
Se7en,"It's a well made movie for the first couple acts. The character arc of the two detectives is interesting and progresses in a gradual, but natural way. The mystery of the killer is captivating, unexpected, and gruesome enough. The acting, cinematography, and dialogue are all well done. And there's some interesting philosophical moments about living amid the shortcomings of other humans.

Unfortunately, the movie completely flops and doesn't stick the landing. The writing becomes completely contrived in the final scenes, abandoning both plot logic and the motivations of a couple of characters (John Doe and Somerset) in order to hamfistedly achieve the ending they wanted from it. I'm all for dark endings where the protagonists lose, however it has to be earned. It's not enough just to do something different, you have to do it well with a story that is still solid, and by the end this one just falls apart.",1
Se7en,"A demented killer is stalked by the police after a series of bizarre murders occurred. The cops rack their brains trying to figure out the killer's weird thinking, but finally take him in rather easily. Shrewd little killer that he is, he has a 'nice' surprise in store for one of the cops. This picture was too complex to be completely entertaining. I feel the writer was trying to show the twisted working of a warped mind, but it just came off confusing and boring. As usual, Brad Pitt performs unconvincingly. He needs to switch acting coaches as he has yet to give anything more than a lackluster, phoney performance. I was particularly offended by his use of the handgun. One can achieve zero accuracy while holding this weapon at arms length overhead and pointing the barrel in the general direction of the target. Thumbs down low.",1
Se7en,"Recently,I watched This movie and I felt that It is so overrated movie. Due to some reviews and recommendations pushed me to watch tjis movie,people said that Therewad plot twist at end which so predictable. Don't watch this movie it is totally time waste.",1
Se7en,"I can't believe people hype this movie. Overused cop dynamic of a old experienced detective and young hothead. A drawn out and predictable my nature plot and disappointing ending. Morgan freeman carried the whole movie and even so, the who ""investigation"" lead to the killer just turning himself in and dying at the end.

Lacked character development and the villain was so uninteresting. What was the take away here?

We don't even get to find out what happens to the other main characters after the bogus ending, it just ends. A movie that relied on shock value to pass, and with the high rating I guess it worked for some. Disappointed.",1
Se7en,"I was scrolling through the top 250 IMDB movies and was astounded to see this made the top 20! With my over 1300 rating on IMDB this is simply THE worst movie I have ever seen. I endured this movie rather than watched it. We went with a friend and only stayed to be polite. It was vulgar, crass ,violent, twisted and disturbing and adds nothing of benefit to those who watch it. If you enjoyed it you need to ask why, and perhaps see a Psychologist. The darkest side of humanity is on full display here and therefore had nothing positive to say (just like this review). The director has done far better work since.",1
Se7en,"I tried to keep an open mind while watching this film, but once the mysterious plot twists and turns lead up to the climax, I was unimpressed and anxious for the movie to end. This film is only interesting to people who enjoy all-star casts, unnecessary violence, bizarre images, and boring plot line. This is a typical '90s film. There was one scene that scared me to death, so you might want to check the film out for that reason only. Other than that, don't see it and expect anything good. I did, and I was completely disappointed.",1
Se7en,I thought it was a pretty good movie until Brad Pitt opened the box at the end and gave the most God awful performance I have ever seen in a movie. I watched it on DVD and shut it off (watched the end later). It's been many years later and all I can remember is that joke of a scene. They should have made him redo it.,1
Se7en,The worst film I have ever sat through. Complete waste of time.,1
Se7en,I have never see the boring movie like seven. Total time waste.,1
Se7en,"SPOILERS SPOILERS SPOILERS

The whole and I mean whole movie was KILLED 4 ME by guess what? BRAD PITTS crappy acting especially at the end. He was crying as if his dog died, i could not stop laughing at it, so horrible that he should have got a raze for it. In no way am I trolling at all, he crying then outburst of anger and then his crying and panting was so horrible i could not hold it in I had to laugh. Why the Frick was he hired? Brad Pitt will kill the whole movie 4 any one who actually takes acting seriously, I do not necessarily but for anyone who does, you will be crushed by the absolute horrible over acting this Schmuck. Over acting is so horrible in this movie by Brad Pitt at the end scene that it is a disgrace to IMDb that this movie got such a high rating. Has this been addressed before? Pitts absolute over acting rambling, crying, panting and then his silent crying was horrendous.",1
Se7en,"This was truly a terrible movie. It was boring, the plot development was predictable and slow, and it wasn't even frightening. Truly a horrible turn for Spacey, Pitt, and Freeman. I would recommend never watching this movie in your life. It's an absolute waste of time. Take a nap instead, or read a book, or see a GOOD movie. This one SUCKS.",1
Se7en,"This movie is an example of sick and trashy flick but people (who are these people??) obviously think its great. How people managed to find such a dark and no brainer plot wonderful is really beyond me. I was surprised that people like Morgan Freeman, Brad Pitt and Gwyneth Paltrow would be involve in such an in-human violent movie. Not entertaining and definitely not making positive influences for entertainment or society for that matter.",1
Se7en,"It's rare when I can't find something to appreciate about a movie, but this is one of them. I loathe this film. It is horrifically violent and graphic. Truly disturbing, and I am not particularly squeamish. I like thrillers and the occasional horror flick, but this was over the top. I wish movies like this were never made - they can't be good for the public in general. If we keep ""advertising"" for extreme violence by making films like this, no one should be surprised when we get it. Exercising a little restraint and common sense for the good of society wouldn't hurt Hollywood, but they are much more interested in their profits than anything else.",1
Se7en,"absolute, utter trash. another example of ""the new Venice"". not only poorly and over-acted but completely bad, that is: worse than case of herpes. i feel like a bangkok hooker on a Sunday morning after watching this film - cheap and rooted. oh yeah, i have to write ten lines but its really not worth it. zlatko, if you're out there, good on you! is that really ten lines worth yet? the guidelines, the guidelines. this film is not worth ten lines and you might think that its just a rave but really, come on! wake up! Morgan freeman is a pansy! he spends the whole film looking like he knows better. well, hell yes, he should have known better than cashing in headless wenches in desert scenes. that is definitely ten lines.",1
Se7en,"One of the most graphically violent films I have ever had the misfortune of sitting through. The plot, story, and acting are all executed adequately, but there is an excess of violence and gore that was not necessary. I have gladly watched many violent action films including Bruce Willis and Arnold Schwarzenegger movies and war films like Saving Private Ryan, but this film combined with the movie Casino convinced me that there is a limit to the amount of gore that I am willing to sit through. Also I think I find movies about serial killers to be somewhat disturbing. Unfortunately, Hollywood seems to have seized on this as a means to a cheap thrill instead of producing more thought-provoking crime dramas like Chinatown.",1
Se7en,"This film has taught me to check the rating first. I was completely blown away by the sheer horror of it, and three years later I still have flashbacks. There was a warm and encouraging feel to the film, after exciting credits and introduction to very appealing characters, which could not have prepared me for the outcomes. If ever a film goes down as the turning point in our desensitization to violence, this is it. I hope I never see anything like it again.",1
Se7en,"Sure, this was a groundbreaking movie, sicker than anything before, regret I actually saw this at a movie theater. Doesn't happen to often, and when it finally happens, it's rubbish like this. Hardly what the world needs...

Photo like a flickering rock video, shadows, bad light and rain. Uou often miss what's happening on the screen because of this, but after-wards, you're glad you did. Morgan Freeman is really good most of the time, but this makes me wonder.

Doesn't really need more reviews, just a movie that made the world a worse place, that's what it did to me but unfortunately it seems to have far greater voting points that I could dream of.",1
Se7en,"There are few words to describe how much I hate this movie. Abhorence, detestation, yech. They come close, but are not quite enough. This movie is not simply bad, it is shameful. A bad movie is just bad. The acting, story, script, or directing are flawed, sometimes all of the above (see Plan 9 from Outerspace, or any Paulie Shore film.) When one watches a bad movie, one seldom goes ""Now that could have been good, if only..."" Se7en, like its ridiculous title, is not a bad movie. It is a very bad movie. It could so easily have been a good movie that its total failure is that much more appalling. What began as an exploration of human vice and the criminal justice system soon dissolves into a god-awful mess of unbelievable ""motivations"" and idiotic scripting. What a waste of good material and fine actors. For Shame.",1
Se7en,"A very dreary, feel-bad movie, overly long and hard to follow with a nauseating ending. I seldom hear so much good about a movie, then turn out so disappointed. Would be boring, except that it continually sinks lower and lower, finally doing away with the only comforting thing in the film... leaving everyone, including the audience, feeling utterly alone and positively screwed (betrayed?)! Maybe good for fans of, say... David Lynch, but this film focuses much too much on the seamy side of life without actually doing much more than glory in its own dirty dinginess---wallowing in it!",1
Se7en,"Brad Pitt is not likable, completely uninteresting. Want him to die as quickly as possible so Morgan Freeman can get more screen time. Saw the ending coming miles away. And then the film just dragged along at 10 mph wanting to involve me in a drama about Pitts characters final decision regarding whet ever to kill in anger or control himself. Oh-ho! Guess what happens!

This movie should have been done from the serial killers pov - with him as the hero and Freeman as the real anti-hero. And a different actor than Pitt- Has he ever played something that goes beyond 2D?

It is a pseudo-artsy film with no real depth. A postulate. A mental exercise without any real drama. Bad script and bad script directing. Fincher don't know how to tell his story. He only got it right in Fight Club.",1
Se7en,"The only good part of the movie is trying to find out the identity of the killer. However, the rest of the film is just all about finding an excuse to put more blood and violence onto the screen. They never explained why the killer is obsessed with the Seven sins. And the way they found the killer was 100% laughable (going through a city's public library system and find who borrows a book. first of all, wouldn't you buy the book instead of borrowing it from the stupid library? secondly, do they realize how many people use that library and borrow books of the same title?""). A pretty empty film, if you ask me.",1
Se7en,"Watched this film simply because i like thrillers and this movie is supposed to be one of the best ever, at least that's what ratings on IMDb show. To say that i was disappointed would be an understatement.I found it pretty boring and a below average flick. Not worth the 8.6 ratings, it has got.",1
Se7en,"I can't believe so many people like this over-rated drivel. Just think about it for a moment. The junky still being alive and moving - saw that coming years in advance. The wife being in the film just to be killed - saw that coming. Let's be honest, her character was so thin, why else would she be in the film. The wife is pregnant. The nutter has loads of jars in his apartment... a foetus would have fitted nicely in a jar, and made so much more sense.

And what happened to the ending? It was supposed to be a foetus in a jar in the box, not a head.

So, they used cheap gags to make people jump, and had a lame ending.

What was ol' Morgan thinking... At least Kiss The Girls didn't have Brad Pitt in it.",1
Se7en,"I hated this movie, if I wanted to see a movie with that much blood I would go to a war movie. And if I wanted to see something as gross as an, autopsy. The only good thing about this movie was the acting. I saw this movie at home, if I had gone to the movie in a theater I would have walked out in the middle and asked for my money back. That was my mom's opinion, on this horrific movie! For me I found it to be repulsive, I have seen some awful movies before. But this was a lot worse than awful , from beginning to end . It was demented and disturbing and if anyone thought that it was great needs help! We give it an F!",1
Se7en,"The serial killer -- a religious fundamentalist who chooses his victims based on the seven deadly sins -- kills a pregnant woman not because of a sin that she committed but because of a sin that he committed. Then he lets the victim who represents wrath live. It is so out of character.

IMDB should not call this a ""mystery."" It is not a whodunit. This is hardly even the greatest film in the serial killer genre, and it is unworthy of its position in the IMDB top 250.",1
Se7en,"After just over an hour in the cinema, I decided I didn't care if ALL the main characters were killed and I was hoping Brad Pitt would be. I only saw the entire film on TV after a friend insisted it was good- all I can say is they lied to me. Too dark to see clearly, a rip-off of Theatre of Blood without the humour. Yet another unconvincing performance from Pitt who may be pretty but hasn't acted for years.",1
Se7en,"Not on my scale. I choose ""1"" as a mark for this one. Why? Because it's sick and perverted, neither entertaining nor clever, neither beautiful nor comfortably ugly. Just oppressive. It's got very unpleasant atmosphere and imagery. Who are these movies made for? They are disgusting. When you watch this you feel as if you were bathing in manure. Is it supposed to be the development of cinema and taste of the audience since Chaplin movies? I'd rather keep with the old Chaplin ones.

One disgusting occurrence goes into another, then - another, and so on until the list of the deadly sins is over. This flick deserves to be a piece of entertainment for bored hit men, who can later discuss ""the head in the box"" with their buddies (remember ""Max Payne""?).

If a movie is artistically weak and leaves an empty feeling - all because of some fiction created by somebody, what's the purpose of it all? I should also mention that many years ago I considered this movie to be wise. And of course I wouldn't bother to write a review, but, damn, it's on the top 250 list, which is depressing.

Watch our ""Stalker"", ""Ostrov"", or ""Solyaris"" if you want a clever film dealing with sins. That's all I've got to say.

1 out of 10. Thanks for attention.",1
Se7en,"Seven is the sort of film that takes several formulaic concepts, dresses them up with something trendy (title screens beginning and end, making me wonder if the guy from Homicide got paid), uses stock characterisations, piles on the repulsiveness on the excuse of realism, and then watches the money come in. What we have here is the age-old veteran approaching retirement teamed with a young, aggressive rookie. The parts played somewhat predictably by Morgan Freeman and Brad Pitt. The killer in this movie plans to murder six people (seven dead in total) according to the seven deadly sins, hence the title. The ways in which this is accomplished in five of these seems to be calculated to be incredibly disgusting, repulsive and downright offensive. The scriptwriters here certainly are no fan of Hitchcock, but rather King. The result of which was to basically make me feel slightly ill and disinterested in the film as a whole. Now if they had bothered to put as much effort into the characterisation of messrs Freeman and Pitt, this would have been a far better movie. As it stands, you care very little for either of them as they just do not seem like real people at all. (I get to put a second reference to Homicide:LOTS as a reference point as to how it should be done) Cinematographally speaking, the majority of the film seems intent on portraying the city as a ""Bladerunner by day"", muting most things in dull, washed out colours together with lots and lots of Rain. Gritty? Yes. Depressing? Yes. Boring? Eventually. Two good things about this film. 1) The titles are pretty groovy, like, man. 2) Kevin Spacey finally gets a shot at making big movies, not before time. But that is it.",1
Se7en,"To be quite honest, i don't know what to give this movie. seldom has there been a movie i wished i could unwatch, and this is one. but never has there been a movie i wish i hadn't seen because of the degree of truth in it.

The acting in this movie is phenomenal; Pitt and Freeman really make you believe in their characters, which is the reason this movie is so terrifying. This movie makes the viewer confront the evils of society through the acts of a proclaimed ""mad man."" As you watch this movie you are instantly assumed into it, up until the point where you feel the pain of the characters.

This movie made me look at a world i didn't wan to see. It essentially sucked the joy out of my day, and i am forced to ponder who in their right mind could write a story with this degree of sickness. Yes it is a good movie, but i don't think it is necessary in a day and age where the pain in our world is already all too clear.",1
Se7en,"The so-called brilliant twist or surprise ending was not much of a twist or even a surprise in my opinion. (Spoiler warning) There is a moment towards the end of the film which refers to G.P.'s character . . . it slows down the scene that is happening at the time, it is horribly timed and out of place, and there is simply no reason for it . . . except for one thing : to hint that something is going to happen to G.P's character. Only, it is so out of place that it is not a hint, it is a misplaced scream, and considering everything that has already taken place and the sins that are left, you have a definite idea of what is going to happen. The movie would have been better by leaving this moment out. The only surprise for me (BIG Spoiler warning) was it seeming to be the head as opposed to the baby/fetus in the box. Personally, I think the idea of it being the baby is better than the head because it emphasizes both their deaths more so and it is sicker. And ""sick"" seems to be what they were going for for most of the film. Anyhow, overall, it's an okay movie. But the ending to me just doesn't come anywhere at all close to living up to the hype. It wasn't a twist or a surprise, it was just ""the end"" . . .",1
Se7en,"Quotations from Hemingway, ""philosophy"" about ""the dark side of human nature,"" more yellowed lampshades than I could count, and a totally uninteresting and witless take on the genre. The relentless obviousness and unsubtly of Fincher's homages to film noir were almost insulting.

Oh, as was an offensive scene where Gwyneth Paltrow's character winsomely demands to know Morgan Freeman's character's first name so that she can address him by it, although *he,* an older African American man and if I remember correctly her husband's superior, hasn't offered it. (Isn't perky over familiarity one of the seven deadlies?)

Rent _Chinatown_ and see what a filmmaker can do who knows we're familiar with the genre and builds a devastatingly moving and complex plot around the very fact that his main character thinks he's in a film noir while we see something different going on.",1
Se7en,"The film is for children, needing to be spoon feed every ten seconds the next step, victim. Like most crime films the writer/director feeds the view just enough information to avoid giving away the story even when such restrictions are illogical and unrealistic.

The film is utterly disconnected from the realities of a major criminal investigation. We're expected to believe that NYPD would assign only two homicide detectives to what is clearly a serial killer.

In the real world dozens of detectives would be assigned. The FBI bought in. Crime scenes would have their lights turned on (instead of the melodramatic and never ending use of torches), and instead of following like hansel and gretal the crumbs the killers has left them they would be following real leads.

Canvesing, obtaining the CCTV's surrounding each victims house for several blocks. Establishing a when the killer was there and working out where he came and went to. Like another review mentioned we are asked to believe that this killer makes absolutely not a single mistake and that no one has ever seen him.

However the films great crime is the belief, even after his home base and money is found, that killer continued to kill and work with nay a concern for being caught.

Its utterly ridiculous and anyone who can watch this film without realising its utter crap is utterly deluded.

Even most of the I hate it Reviews on IMDb complaints are banal and vexatious. Subjective things like tone, narrative and photography are well personal choice you either like em or you don't but they in themselves don't make the film good or bad.

A good intelligent film treats the viewer with respect.

Lastly the constant ripping on Silence of the Lambs (there are several comments in the film that refer to SOTL) when this film is far more of a marketing puff piece is an utter joke.

I've deleted this film, and refused to even watch the much vaunted ""twist"". That in itself so utterly illogical and stupid part of the plot that its not even worth discussing.",1
Se7en,"A film designed to appeal to those who have a fascination with graphic cruelty and sadism. The film telegraphs it's ending from the moment in the middle of the film when Pitt, the detective, shouts after the killer: ""My name is Mills. That's spelled, M-I-L-L-S !"" It's a wonder he didn't add: ""And I live with my much loved wife at 18 Ceder Street, Apartment 3b"". (In how many of these films does the killer eventually wind up going after the hero's beloved wife or child as part of the movie's climax? It's so much of a cliche of the genre that it's become a standard closing plot element.) The most depressing part of this film experience is not that the good guys' lose and that the Jeffrey Dahlmer wannabe triumphs, it is that Hollywood will do anything for a buck - and that has to be another catagory of deadly sin not originally contemplated by Dante. I don't care how good the special effects are. If the movie sets out to use them to deliberately sicken the viewer; then it is an unimaginative misuse of the technology. A 1 out of 10, with 9 points lost for depravity and the cynical exploitation of the viewing public.",1
Se7en,A pretty good movie ruined by the single best example of overacting in the history of film. Did no one think to reel Brad in a little? My suggestion is once they are in the van skip to the end.,2
Se7en,"For me the key issue with the movie is that it tries to build up tension, albeit poorly, but it ends up abruptly because the screenwriters ran our of ideas. (and it's painfully obvious they ran out of ideas fairly quickly when considering the theme that is the seven deadly sins).

Setting aside the gruesomeness of the first 5 murders for a second. We are left with 2 final murders without a reason and outside of Doe's hand: if Doe was envious, he would be the victim. Paltrow's character is not sinful compared to any of the previous victims.

Pitt is not a murder, does not commit vengeance, it's nothing committed by Doe even if Doe provokes it.

Photography is brilliant, Music is also brilliant, Sets are fantastic and gritty, acting is okay until Doe arrives in the precinct. After that it's just downhill. Makeup artists have done a fantastic job.

Overall it's a 2 out of 10 because the story makes no sense, however one may want to dissect it.

Forgettable.",2
Se7en,"I'm that guy that never correctly guesses the plot in any movie ever. Even I knew what was in that box.

However that's not why it's a bad film. It's a bad film because it has the most cringe plot iv'e ever seen. Why do imperfect people get murdered? Because they ""sin"", as Kevin Spacey says, and the 2 cops act like he's correct. The movie uses Brad Pitt's idiocy to justify Kevin Spacey's idiocy, because he too would have hurt Kevin Spacey ""if they were alone in a room"". So then Spacey's game is that ""everyone is a sinner and it's about time we point out who the sinners are"".

Of course any normal or rational person would just be like ""Well yes, the world has issues, but instead of murdering people for having flaws, maybe we should address why so many people have these flaws, and maybe by being a good person and promoting virtue and compassion, we can created a world where there's less fat and selfish people"".

The ironic thing about this film, is that it's the very kind of film that Spacey's victims would enjoy. This film is a success because messed up people think it's profound, when it's actually just a degenerate pile of dung.

And for anyone thinking it, no..........i'm not the kind of person why only enjoys butterfly and rainbow movies. Sympathy for Mr. Vengeance and Scream are 2 films I rate highly. But Oldboy and Se7en (the better received of the 4, in this degenerate world) are dung.",2
Se7en,"I haven't seen this movie in 30 years. I hated it then and I hate it now. ""Seven"" is completely of its time and somehow precludes it. There is a winking one-upsmanship in the gore and conventional plotting that brings into sharp focus the gaping plot holes and (even then) familiar tropes of the serial killer fetish. Moreover, thirty years later it seems like little more than a music video version of ""Silence of the Lambs"". Pitt, as a character, displays none of the intelligence his ambitious cop is supposed to contain, a problem made more glaring by the grating, doe-eyed plot device that is Paltrow. The role is practically the only feminine presence in the film - a theme more common to Fincher's work than anyone will admit - and is platformed as a prop with which the script can unload its perversities. And at its core, ""Seven"" is just a collection of perversities. One gathers from the busy logic of the English-major screenplay that Andrew Kevin Walker himself has only read the Cliff's Notes of Classic Literature. As the reluctant team becomes more enmeshed in the killer's kink, the crimes themselves become less interesting and more obvious, as if the writer and his bad-boy director decidedly front-loaded their queasiest material to ensure that the audience was casually shocked enough to not ask many questions...like where is this movie set (it rains in every scene) and why the FBI isn't involved the very second a high-ranking public official is ritualistically murdered? The film is so intent on sticking its landing that all of the plot just becomes a wash of cartoonish sadism and lots of blank stares from Morgan Freeman, who seems to be on autopilot here, mainly because once he delivers his grizzled cop lines he has little else to act out.

The amateurish playfulness of Fincher seems especially shocking when compared to the version of the cerebral crank we have now - the kind of director whose vanity projects revel in specificity and icy pacing. Fincher would revisit many aspects of ""Seven"" in later, better films (the masterpiece ""Zodiac"" and the cool ""Mindhunter"") but would drop the trashier elements, all of which seem so glaring here. The film feels young and raw, however, because it has clearly been produced for and by young, raw men with a need to shock - self-serious frat boys nonetheless gathering around a keg and a candle to tell gross-out ghost stories. The movie feels laughably slight even as it scowls at the audience at every turn, as if emphasizing the viscera is the only way to inform the viewer that ""this is heavy, man.""

It's a bad movie, made even worse by its reputation as a good one.",2
Se7en,"If one makes a movie that aims to be realistic, the least one can do is to stay within certain boundaries. In that respect, this work fails completely.

First, the characters. Morgan Freeman and Brad Pitt absolutely fail at portraying cops. They are too suave and erudite, specially Freeman. He is a college professor type; not a cop. A complete miscast. I known my share of men and women who worked in law enforcement, and not one of them even remote fit into this ideals.

Now, let's get to the movie itself.

First, the phony conflict at the start between the old cop and the newcomer. This is totally unnatural and out of characters for both of them.

Then, all of the ramifications about how they find the killer, absurd. A cop would have gone to the library where he knows a lady who works there, and she, on the slide, would have found out the possible suspect for him without of this nonsense about pouring over classical books, and paying some sleazy guy for info.

And what about Brad's wife? The fact that she even plays a role in the movie tells one right away that something is going to happen to her. If you can't see it coming, then, you are not paying attention.

And why would these cops go to this guy's place after he is pinpointed as a suspect? That makes absolutely no sense. Even an idiot wouldn't do that.

And then, when Freeman tries to talk Pitt into not breaking into the man's place. The reasoning is absurd. They already had a shoot out with the man, and people in the neighborhood have called the cops. Can Freeman be so slick at some time and so amateurish at others? No. This whole affair is totally absurd.

About an hour and a half into the film, I was getting thoroughly annoyed with the inconsistencies that went beyond the implausibility and predictability. It was as if the screenwriter was trying to play games with me. I found the fake complexities insulting.",2
Se7en,"Mindless drivel disguised as a religous murder movie. and the so called Brad Pitt ""What's in the box what's in the box""?",2
Se7en,"This movie is so blah and overrated it would fit right in today with all the nihilistic dystopian hopelessness out there and the misery porn. This generation is addicted to foolishness and frivolity. I saw this movie when I was 28 and then again just now at 57 and it sucks! Brad Pitts worst overacting ever! Morgan Freeman looked bored and tired. Gwyneth is just sad and pathetic! I know people worship this movie but Legends of the Fall and Fight Club were some of Pitts best work. Freeman did best in Gone Baby Gone. I've never been into these so called abstract films or art or music. It's just laziness called genius! Frank Zappa said never confuse lack of talent for genius! This is exactly that. A movie that should never had gotten made and nobody would care if it didn't. It's a slow plodding almost Tim Burton like world of another dimension where nothing makes sense. Why is this guy a religious lunatic who is wealthy and can kill and do anything with impunity? It's a joke. A gnostics attempt at looking more deep and smart than the rest of us when he really is just a lazy failure! Don't waste your time on this, you'll never get it back!",2
Se7en,"First of all, as a criminal thing, there was no such thing as a sense of danger such as ""This is serious"" or ""I wish stopping the next crime"". There were no mystery elements, no tricks, no puzzles. Or rather, it was not made that way. So for me who was not interested in Christianity, it could only be boring. It has an incredible reputation in the United States. Probably, the Christian part is great. But it may a huge Christian organization is investing for propaganda. Either way, the Japanese who will be highly regarded in view of this will be children who are likely to be danced by large capitals, people who will turn right if Hollywood turns right, or devout Christians otherwise.",2
Se7en,"I have seen hundreds of movies but this one was so bad I had to make an account on IMDB to warn others.

If you're looking for a good action movie, just stay away. If you're looking for good acting, stay away. If you're looking for something entertaining or something to add to your beautiful day/life run away!

This movie starts with the typical 90's cliche detectives, Brad Pitt really done his absolute worst here, not that he could ever act. Morgan Freeman is always sympathetic which is why this movie is rated 2 stars and not 1.

I won't spoil it for you but I can assure you it would leave you with a sense of disgust and dread that cannot be washed away easily. Cliches one after another, with no plot, nothing to be discovered other than the world (this movie for sure) is a really sad thing. Predictable in all stages, outdated and allround bad in every aspect. Boring is not, they try to lead to somewhere that... isn't. Hence the disappointment.

I'm aware I'm maybe alone in my opinion but that doesn't bother me much, I honestly want to help people have a better day. Nothing I can think of can wash away the horror of these lost moments of my life that I will never get back. Do yourself a favour and watch something with a plot, see ""The Room"" maybe, it has more value than this, at least you'll get a laugh out of it.",2
Se7en,"I probably haven't watched this film since it came out on VHS (Yep, that long ago). I thought that I'd better watch it again before I added it to my films list as I really couldn't remember all that much about it. And that is probably because apart from the very end it's quite a forgettable film.

Although, I believe, the focus is supposed to be on Brad Pitt's character, it is definitely Morgan Freeman that owns this film. He gives a great performance as the embittered older detective, as he always does, but he just doesn't have the support of a good story or script.

For me, it would have been better if Brad had been part of 21 Jump Street instead as his character is very similar to that. He's not mature enough to be a big bad detective. Which I realise is supposed to a part of the story, but that's not how it comes across.

As for Gwyneth? This is possibly the worst performance I have even seen from her! Her character is just weird and apart from the end, quite superfluous to the story.

As for Kevin, is this what he got up to before he was in 'The Usual Suspects'(1995)? He plays freaky, odd people too well. Maybe that's why his private life allegedly went wrong?

You do have to wonder about the weirdos that write these things? I mean I have some very sick thoughts, but these murders are just bizarre. I think they tried too hard and didn't deliver.

It doesn't seem to flow very well and it's a bit drawn out. The whole thing seems a bit disconnected.

187.55/1000.",2
Se7en,What an awful contrived bunch of crimes. There's nothing so irksome as overblown crime scenes with a message. Especially when you can see it would take the killer years to set up these ridiculous crimes. Kevin Spacey is nowhere fast. That last scene that is supposed to be so overwhelming was telegraphed so that by the time it was FINALLY revealed it was yesterday's news.,2
Se7en,"...so I can put myself out of my misery right now. This is the most bleak, depressing movie I have ever seen. A completely joyless experience. What I wanted to see was a detective story about the pursuit of a shocking series of murders...what I got was an overwritten, pretentious philosophical treatise on the nature of good and evil, with no detective work whatsoever. In almost every scene, there were table lamps that only lit the square inch that surrounded the bulbs; it never stopped p***ing down rain, and everything was cold and dark to the point where you couldn't see what in the Sam Hill was going on. Okay, I get the point already! Yeesh. Bleach. Terrible.",2
Se7en,"Where did this film go wrong?

It splits into 2 parts: Good and very bad.

The first 3\4's is good. Brad Pitt puts on an acting display that is less wooden than usual and Morgan Freeman puts on his usual thoughtful guy role. It's not Crazy Joe Clark from Lean on Me, but it's a decent role. Kevin Spacey has the best part, but that's cause he's a nutbag. Pitt and Freeman are on the trail of a serial killer who keeps leaving clues in the style of the 7 deadly sins. It's an intruiging plot that has many odd and nasty characters and scenes that are worth watching.

Then comes the end. Brad Pitt's acting falls apart. I would swear that he had just gotten up and read the script 5 minutes before filming. I don't really want to say what happens because that kills the film and I'm not that kind of guy. Let's just say that Pitt walks into a situation that would make the strongest person fall apart. The emotion level should be beyond what humans would normally feel everday. It's horrible. And yet, he acts as if he already knows is like 'Oh man, that's bad. doughnut anyone?' It doesn't help that I figured out the end way before it came up, but I lost any thought of Pitt coming into his own as an actor. See the film, judge it for yourself.",2
Se7en,"Now I'm no hater of violence in films and I rather enjoy a good horror.

The two leads are both actors I usually enjoy and they both give good performances is this.

The film making and camera work in this film are very, very good.

It's well acted and I think the director and script writers got the film they wanted.

So what is the reason I have scored this a ""2""?

Well it's ""torture porn"", it may even be the first of the current seemingly never ending proliferation of titles and I just can't see the attraction on on-ending suffering and pain as the subject of a film. The only reason for such films seems to me to show increasingly nasty ways of maiming and killing people. If that kind of film is what you enjoy then watch this as it is certainly better made and acted than most of the genre, but it's not for me.",2
Se7en,"I don't know what people liked in this movie but this one was full of boredom. Movie only had some suspense and thrill, that also shown in boring way. The pacing was so bad that I had to stop the movie more than once. Overall, it was not a good experience for me.",2
Se7en,"Dude... this movie made me go back to the store and ask for a refund.. not for the $3.50 I paid to rent it.. but for the 2 hours of my LIFE that it cost me. You people are killing me.. Yes, I'm talking about you. Each and every one of you that said ""Yeah, it's a really good movie"" and then refused to watch it with me. It's horrible.. don't be afraid to say it. Morgan Freeman is a god. Sure, maybe if I was a chick (or a gay dude) I'd think Brad Pitt is a Hattie.. but give me a break. I can't remember the last time I invested this much of my life in WANTING to see a movie and later, wishing I had gone for a drive with Thelma and Louise. If you haven't seen it yet, go rent the Matrix. Sure Keanu Reeves sucks, but at least you know what you're paying for... --SirX",2
Se7en,"The ratings and commentary praising this disturbing piece of junk are mindboggling to those who have a mind and an ability to discern entertainment. Morgan Freeman is a great actor (What's he doing in this?)and Brad Pitt is a caricature of himself. The best one can say about this ""film"" is that it perfectly represents the self-indulgent nihilism of the Clinton years. It's easy to see why Kevin Spacey (John Doe #1) is/was such a big supporter. Garbage in, garbage out.",2
Se7en,"This is the kind of stuff somebody thinks up on the toilet. There is nothing remarkable about this film besides how disgusting it is. I can not help but think a more subtle approach would have helped this movie avoid the banality of the special effects, which seem more suited for a science fiction due to their over exaggeration.

The story is overly contrived. The director handles this movie in such a way that the narrative jerks from one scene to the next, yanking us to a punchling serving as a climax. Something so obvious and derivative is not worth watching.

Overall I felt the movie was very disengaging and fundamentally simplistic in narrative. The characters are cliché and I found the general atmosphere of the film undesirable.",2
Se7en,"In the first few minutes of this movie, you get a good idea of what it's going to be like. We are taken to a crime scene where a grotesquely obese ""shut-in"" has been murdered. His bloated, decaying corpse has been there for awhile, with roaches and other vermin crawling all over the place. If this grosses you out, don't expect things to get much better, for this flick is nothing if not a first class gross-out. While there are a few elements of some interest, such as the sequence where annoying and mouthy Detective Mills (Pitt) attempts to run down the serial killer, or veteran actor Morgan Freeman's downbeat interpretation of the jaded detective, the movie is otherwise sadly lacking in redeeming value. The concluding scene is just plain sick, the sort of thing we've come to expect from Kevin Spacey, whom I cannot stand.",2
Se7en,"Once an actor has been in a movie with an evil counterculture end and as the bad guy I don't trust movies that actor is in anymore. Kevin Spacey is one such actor. I was half watching Se7en for a long time while I was doing some work on the computer, thinking I wish I knew the remote control was. Near the end I realized that Kevin Spacey was John Doe but he was in jail so I let it go on a little longer. When I heard Morgan Freeman say that John Doe had the upper hand I had to get up fast and change the channel. I still don't know how it ends.

There really should be a rating system that a movie has a bad ending so that guys like me don;t get suckered into watching crap like this.",2
Se7en,"this is a bull**it film heralding style over substance. fincher couldn't direct himself out of a box. like ""american history X"" director tony Kaye, fincher can photograph alright, but neither have any sense of how to make a film. this is a movie for people who understand and are dazzled by flashy camera work, and can be left with a mere impression of that, no story whatsoever, and still find it to be ""powerful."" and kevin spacey (one of the finest actors alive, probably the finest) isn't given a thing to do, while brad pitt is given 2 hours to brood. this movie sucks, and the fact everyone loves it makes it suck even more.",2
Se7en,"If the viewer enjoys reading bizarre, sensationalistic stories in The National Enquirer and watching surgical procedures on cable TV, this film might be of interest. It is not recommended for after dinner viewing unless one happens to suffer from bulimia. The fact that it has received such high viewer ratings speaks volumes about the state of society in the present day. The only redeeming feature is the performance delivered by Morgan Freeman as the veteran detective. Otherwise, it is a stomach churning gore fest in the deviant style so pervasive today. The events portrayed herein seem intended only to appeal to the very worst aspects of indecent human behavior. With films such as this setting the example, it is no surprise that our social structure is deteriorating so rapidly.",2
Se7en,"**CONTAINS SPOILERS**

Perhaps it's the timing. Three weeks ago I might have reacted differently to this movie. But right now I just have little tolerance for the way it takes genuine horror and evil and creates a stylish, but ultimately empty, Hollywood package out of it.

This film is about a sadistic killer who is choosing his victims and methods of death based on the seven deadly sins (hence the title of the movie). On his trail are two detectives, a young hotshot named David Mills (Brad Pitt) and a senior Homicide Lieutenant, William Somerset, (Morgan Freeman) who has become cynical almost to the point of burnout. The murders are carried out with extreme cruelty, although the violence is not actually shown being committed, it is depicted quite graphically by what the two men discover at each crime scene, as well as in the various photos, coroner's reports, etc., that they examine. To be blunt, this is NOT for the squeamish, in fact, I'm surprised this film didn't get an NC-17 rating.

Anyway, the bodies pile up, and despite their best efforts (including a very close encounter by Mills), the killer, known only as `John Doe', remains at large. In fact, we don't even see him at all until halfway through the film, and we don't see him close up until near the end. Which is, basically, where this otherwise well crafted film falls apart.

At this point, five victims have already been discovered. In a strange plot twist, Mr. Doe turns himself in, them makes a bizarre offer. In return for a full confession, he requests the two detectives accompany him, alone and unarmed, so he can show them the final two victims. Obviously he has something really shocking planned as his grand finale, and, given his extremely high level of intelligence shown to date, only a fool would accept such a proposal at face value. Yet accepted it is, and all three men end up alone in the desert, the scene set for the final horror. (Warning: BIG spoiler ahead)

On the drive out, Doe has been taunting Mills relentlessly, setting up the big showdown in which Somerset is handed a package containing the severed head of Mills' wife, played by Gwyneth Paltrow. At this point, Doe springs the trap. With a sneer, he informs Mills that the head represents the sin of envy, namely the killer's envy of Mills' heretofore charmed life. Of course, the sinner will pay for his sin, and in the process bring down the final victim, Mills himself, whose sin is wrath. Somerset, who understands the situation fully as soon as he opens the box, tries in vain to prevent what he knows is inevitable. Mills struggles to fight off his natural desire to kill Doe, knowing if he does, the killer wins his twisted game, but in the end he cannot help it. The film ends with Mills being driven off, presumably in handcuffs, in the back of a squad car. No matter what happens to him now, his life has been utterly destroyed. Much as with the suicide bombers of September 11th, we are left with the sense of the sneering triumph of evil over good, of a twisted life of hate given solely for the purpose of destruction.

So, what is the point of this film? There isn't one, as far as I can tell. There's no moral here, only psychosis and brutality artfully rendered. It's an appeal to cynicism, to shock value for its own sake. I suppose we are expected to react by noting that the ending was `cool' or at the very least, `original'. Yeah, right. And the really disgusting part is that this isn't some low budget slasher flick, but a top quality production with big name stars. A lot of thought, effort and talent went into making this film, but the end result is something that deserves to be flushed down a toilet.",2
Se7en,"This movie seems to have just one purpose, to show the limitless depravity of the human race. It's artful. Well acted. It is unforgettable. It will take a piece of your soul from you, and you'll never get it back. I am not a better or wiser person for having seen this movie. And I was not entertained. The movie takes from the viewer and gives nothing in return. You'll be a better person for not seeing it.",2
Se7en,"This film is a total triumph for style over substance. Characters that you don't care about get caught up in a fairly ludicrous set of circumstances and the ending is telegraphed from early on. The icing on the cake is when a potentially more interesting detective movie/police procedural is suddenly ruined by the confession of one of the minor characters in the film that he is the killer. His drawn out speeches about his reasons for committing the crimes come across as unnatural and forced and the whole movie descends into farce with the courier company (nice product placement) delivery of the severed head of a character so underwritten that her input to the scene remains the same as when her head was still attached. Why so many people like this superficially dark but ultimately very mainstream thriller is beyond me. Sure, Morgan Freeman delivers another solid performance and Spacey is good even if his performance (much like Jack Nicholson's turn as the Joker in Batman) belongs in a different movie to the drab, underplayed, naturalistic tone that all the other actors seem to be opting for. Pitt is guilty of phoning in his performance to a large extent and Paltrow wrestles manfully with a sketchy part but can't make any serious impression. A puff piece.",2
Se7en,"I saw the movie for the 2nd time last night, and I still don't like it. If you've got a strong stomach and like violent movies, then the film may be something for you. I don't think I will take the trouble of watching it again.

Nice thing is the unexpected ending, although the detective act quite stupid: they follow John Doe's plan exactly.

Overall: 4/10.",3
Se7en,"This is really worst movie i ever watched because you will just get sick from it and you wont be surprised or even happy because you watched it . Trust me i don't even know how these people wrote so much good reviews. Only explanation is that they like bad movies, but hey you don't argue about someones taste but really... This is ... I don't know. Basically you follow the story and you expect something to happen but. Little action, little detective knowledge and that's it . At the end of the movie i was sure that can't be the end and so, when i saw credits i was so sad. Ending is so simple and so bad, so lets be honest, what is movie with bad end ? It should leave you with some impressions, not to go in bad with empty head. When i watched movie ""Inception"" it was pure masterpiece and the end was so head blowing that i could not stop thinking about it for two more days. Now that's movie. Cheers.",3
Se7en,"This movie wasn't a mystery for me, cuz I already knew what was going to be in that damn box. I mean everybody can guess. I wasn't expecting that kind of dull ending to the beautifully crafted first half!",3
Se7en,"David Fincher brings his serial killer obsession to the fore with Se7en, the tale of two detectives being led around by their noses while trying to catch a serial killer. Like all media serial killers, this film's 'John Doe' has a quirky MO: in this case basing his kills off the Seven Deadly Sins, for reasons that don't really make sense even when they're eventually explained. The film takes place in a decrepit city, deluged by constant rainfall, plagued by violence, and filmed through Fincher's trademark brownish hues, (which still looked good at this stage being shot on film). The cops are tired and disillusioned. This atmosphere is impeccable...in keeping the central city unnamed Fincher creates a suitably timeless feeling, an evocation of American corruption analogous to Batman's Gotham City (indeed, director Matt Reeves would lift this film's style and conceit for his mediocre Batman adaption). If the film could pass on this alone, it would be excellent, but there's no way to ignore certain contrivances.

Like most serial killer films, many of which essentially copy Se7en's general plot, the ridiculous machinations of the central antagonist become tiring and irritating. Threatening someone at gunpoint should only go so far; at least I would rather be shot than forced to die in some goofy, torturous manner. Fincher instead indulges all his sadistic impulses, while treating his antagonist's plan with a completely undeserved seriousness. Everything falls so neatly into place like a set of sick punchlines.

It's nice to see a film literate enough to reference Dante, Milton, and Gustav Dore among others, but Fincher doesn't use this symbolism to say anything. He seems to be the type of person who gives up on the Divine Comedy half-way through the Purgatorio when it stops being graphic; someone in it for the grotesquerie and little else. 'John Doe' gives a large speech at the end that's completely unbelievable, yet the film acts like we're supposed to take it seriously. He thinks he's making the world a better place? Really?

'What I have done will be studied in the years to come' he says ominously. What's there to study? He killed people in ways vaguely corresponding to certain vices, so what? Does anyone watching this film come out of it considering anything metaphysical? They don't; fans of this film seem to mostly revel in the atmosphere and gnarly kills, and it's not such a stretch to assume that the fictional inhabitants of this city would react in much the same way. Sin itself becomes nothing more than a gimmick.",3
Se7en,"That ending was no good, leaving me in a ""huh, eeeh?"" mode.",3
Se7en,"I didn't like how they twisted God's Word into a serial killer machine - they will stand before a real God someday for this film. Fear motivates people and could have brought about the changes that all the characters wanted to see take place. That would have been an interesting movie--people dedicated to maintaining order realizing that the order needs to be subverted to do actual good. That is an interesting conflict. Could the divorce really happen? The groundwork was there for such action to take place, but the result would have been too thought-provoking to be thrilling for the average viewer. Fear shapes people's behavior more than anything else, when present. Think about how many churches you see on your way to work. Inertia takes over when fear is absent. The killer was too calculating to suffer so many ineptitudes. Overall, I didn't like it. Sorry.

3/10.",3
Se7en,"I remember seeing this film not long after it came out and being very disappointed, It starts off well and builds, the acting is top notch and Pitt/Freeman suit their characters well, it's well directed and appears at first to be well written however despite being great and building building the ending is very very sub par, as I tagged this as a spoiler I can be honest, it's not a happy ending, it's the type of unhappy ending that makes you go away feeling unresolved, incomplete, unfinished, etc. I just ended up feeling I had wasted two hours of my life, maybe I am just a good little Hollywood drone who expects his happy ending, but that's not the case, if the bad guy had been the type you root for I wouldn't have minded or if they hadn't senselessly killed off a character then maybe but the film just doesn't sit right with me, the bad guy gets what he want's, the good guys get their life ruined, it's just a total depressing mess of an ending that makes me want to punch the writer.",3
Se7en,"Some creative kills and a decent atmosphere fail to obscure a vapid nihilism, rather meandering plot with a twist that makes little sense, and some quite nasty misogyny. Basically two or three admittedly masterful performances away from being nothing more than a padded ultra-violent bad Law and Order episode. The Brakhage-inspired title sequence is orders of magnitude better than the film itself. The hodgepodge of contextless references to classic literature doesn't make this any cleverer, either. This is basically everything that people who don't watch ""film bro movies"" unfairly think all modern thrillers are like. Has aged horribly as well.",3
Se7en,"This is disappointment. Huge waste of time. Tiring, boring, talk dominates. Childish behavior, especially at the end. Amateur end. I expected something more. Unclear things, especially what happened to woman with baby, why is she so little shown in the movie and almost only talks. Nothing happening. CSI tv series are much better. Only bit mysterious and bit of action and bit good actors. This will motivate me to watch oscars by speeding up or skipping parts of movie, because this is not 1st bad oscar, but probably 50th or 100th, and not worth completely watching even for the IMDb medal.",3
Se7en,"That's how I record that movie.. it would be considered a B movie if it was made with a low budget and not so famous actors.. the plot is pure non-sense.. it is one of those super serial killer kind of movie.. which I simply hate with all my soul.. really stupid and annoying plot.. it is really a hard task to watch to the end.. and what a stupid end. I'd like to say something good about this movie.. it is the first time I saw Gwineowlh Patrowl (I spelled her name correctly?? hehehe). When you have a good budget you can find those mega beautiful actress out of nothing :)

What else to say? Unfortunately the super serial killer kind of movie got a really success in the 90's.. B movies such as The silence of the lambs got a really wagon full of retards wanting to praise it.. I know one day it will end.. but unfortunately it isn't over yet..",3
Se7en,"I am really surprised by all the positive comments by IMDb users, especially the ones saying how great the acting is.

I found the acting from the three main characters (Freeman, Pitt and Paltrow) to be each shallow at best; particularly annoying were Paltrow's wispy-ness, Pitt's lame attempt at expressing emotions, and Freeman's overdone weariness. All three actors have had excellent performances in other films, so I blame the written dialog.

The Plot is vaguely interesting, and the editing acceptable, but ultimately I found the character's stereotypes and interactions disappointing.",3
Se7en,"mild spoilers here regarding this movie and ""Strangers on a train"" and ""Psycho""

It alway bothers me when things in movies get too complicated and unrealistic. Maybe that's not the point if you are doing a ""comment on our society"" as someone stated here, but to me it matters when you are trying to do a crime mystery / thriller. I didn't get thrilled, so I did not like that movie.

As Chandler wrote it in an essay, if you want to kill somebody, you don't train a snake to sneak into a closed chamber to bite the victim, you don't dress up in a costume (see Edgar Wallace), you don't invite ten people to a remote castle just to kill 'em one by one (Christie). No you simple ambush the victim and kill him in a dark back road or like Hitch did it in ""Strangers on a train"" on that island or the killing of Arbogast in Psycho (yes I know there was a dress involved).

This movie was clearly made before C.S.I. hit the screen. Heck, this movie was made before they invented witnesses or anything else which would be a challenge to the killer, like being seen when he stalks his victims by a neighbor or something... He just enters the apartments of these people like he owns their places and then kills 'em in the most complicated way just to create the effect. And he gets away every time. He's a genius, he's better than Arsène Lupin, better even than Keyser Soze, better than the Joker, you name it.

Make your comments on society and do a movie like ""American History X"". Make a thriller - do it Hitchcock-Chandler-style. But is it just me and old Raymond who prefer it that way??

4/10 Macaulay J. Connor",3
Se7en,"I don't understand what the hype is all about.

The first half was engaging, with a solid buildup that hinted at something interesting. For a while, it felt like the story was heading toward a twist. And then, it didn't. Instead, things turned rather predictable, and the climax? Let's just say it tried very hard to be shocking. The whole ""punishing sinners"" motive suddenly took a strange detour when an innocent person became a target - which, was a horrible attempt just to ""surprise"" the audience, it didnt do justice to the logic of the story. Because of the ending, the overall experience so disappointing and didnt make any sense at all!",3
Se7en,"Directed By David Fincher Seven Stars Brad Pitt And Morgan Freeman As Two Detectives Who Are Searching a Brilliant Smart Serial Killer Who is Killing People Who Have Commit The Seven Deadly Sins Of There Lives. The Film Seven Also Stars Gwyneth Paltrow, R. Lee Eremey, Richard Roundtree And a Cameo Appreance By a Very Terrific And Convincing Kevin Spacey Who Plays The Serial Killer That They Are Looking For But Little What These Two Detectives Doesn't Realizes That This Clever Serial Killer Has Been One Ahead Of Them And Who Has A Very Big Surprise For One Of These Two Detectives But Which One Well That's What You To Figure Out Who it is. David Fincher's Seven is intense Thrill Ride Of a Movie That Will Leave You Stunned And Shocked.",3
Se7en,"I watched this movie with my friend because neither of us had watched it before and when it started it was interesting and I would say it was like that until the very end. Ending scene should be most powerfulf and literally mind breaking scene but noooo... Ending scene in this movie is so predictable and not fully explained... I would like to take back 2 hours of my time... There is so many good crime movies that are not popular as this one but that is not right. Except hot Bread Pitt, at the end there is nothing else I enjoyed. I do not want to spoil anything because there is nothing to spoil anyway but my sincere suggestion is to skip this movie because it is so overrated.

PS: I gave this movie 3 stars because Bret Pitt is just so hooooot.... :)",3
Se7en,"I don't know what the hype was about, I think its one of those films that just because it has those faces we love in it, then we take for granted as good. I did not feel that sense of mystery I was promised, no new chords were struck. Those last scenes which were supposed to be the climax, was the worst part. I mean did Brad Pitt only have the choice to shoot or not shoot Spacey? Could he not have just about hurt him real bad?....which in my opinion is a far more exciting form of vengeance and makes a hell of a lot more sense than killing, because death is the end to pain. And Spacey's character demanded that of him, so he triumphed. Morgan Freeman had warned him that he he was not fit for the job. Anyway finally I would like to know why we don't see Paltrow's head in the box in the end, its not like that would be any more gory than what we had already witnessed.",3
Se7en,"***Spoilers included****

Great. Just what the world needs. Another dark, disturbing, gratuitously violent movie that has delusions of achieving the dizzy heights of a modern classic. Sure- I recognise that the movie has good points. The performances are pretty good, the camera techniques and photography employed effectively enhance the subject matter and hey- there is always Gwyneth losing her head - something that should have happened a long time ago (if you think I'm probably not a Gwyneth fan..well- you'd be right). But my objection lies in the completely depraved scenes that accompany each of the seven (sorry about that - I meant, of course, Se7en) sins. This is torturous violence at it's most debased. And if the movie is about how desensitised we all are to the problems of the world we live in, then why did this movie make me leave the cinema feeling violated?

Don't get me wrong. I'm wouldn't consider myself prudish or oversensitive when it comes to violence on the screen- after all, I am a classic Gen X, who grew up watching violence and sex of some form or another manifest before me. I can usually watch serial killer movies without too many problems (apart from the entirely involuntary hands over the eyes during the critical moments). But this was different. This was disturbing. Maybe I just can't stand the suffering and torture of the human condition that was evident in this movie. Or maybe it was because the good guys definitely don't win out in the end and I've been so Hollywoodised (yeah- I know it's not a word, but it was the best I could come up with) that I can't handle this fact.

Seriously, don't bother with this movie.",3
Se7en,"""Se7en"" ... do I really need to go over the plot? Seven deadly sins: each murder victim a perpetrator of one of the sins.

I guess this is a clever plot device but really ... why not go after pedophiles and rapists? Let's murder someone for being a little lazy but go forth and be free evil pedo.

Morgan Freeman, Brad Pitt; detectives picking over each crime scene and chasing the serial killer (Kevin Spacey). Gwyneth Paltrow is the meek and dependent wife of Brad Pitt's character unhappy with the move to the city she and her husband have made.

I remember this back in 1995; setting new standards for on-screen goriness but to me it crossed a line into being gratuitous. The Gwyneth Paltrow character in my opinion was so obvious she may as well have been wearing a target the whole time. I remember thinking this early on as I saw it in the cinema back in '95.

Okay so enough has been said about this one over the years. I'll get to my point.

Six of the victims were gruesomely murdered by the serial killer based on a sin he saw them perpetrate. Greedy guy is made to eat to death, slothful guy is rendered immobile, etcetera, etcetera.

*SPOILER*

So the killer rigs things up so that he is killed for the sin of envy, having harassed and killed the obvious target (Paltrow). So target lady's husband kills the murderer (envy ticked off the list).

However at the same time in shooting the serial killer Pitt's character becomes wrath. Just a simple observation but every other sin was punishable by death except this one?

And isn't ""wrath"" more of a seething anger spanning a great amount of time? Here it was an instant knee-jerk reaction. It was instant retribution, not ""wrath"" as far as I'm concerned.

He probably should have shot him in the balls or something to foil the plot. Instead the serial killer is given satisfaction.

And Target - sorry - Paltrow was murdered ... what was her sin? See, major plot holes. It doesn't stand up.

It is okay, just illogical and dreary and overrated.",3
Se7en,"I can point to se7en as an indicator as to what is wrong with American Film today. It is ultimately the work of cynics who, despite possessing a remarkble skill for handling the technological wonders that make up film craft, have absolutely no respect or affection for the audience.Se7en celebrates the destructive power of evil in its purest form. Although the film contains fantastic cinematography and expert performances from the cast (especially Freeman), I sincerely wonder at the motivations behind Fincher and the rest of the creators of this ugly, pretentious and abusive picture. It absolutely wallows in filth, grime and blood. To director Fincher's credit, he has probably come the closest to capturing Bosch on film. If they (the filmmakers) are out to expose the sinful nature of the human being well guess what, most of us already know that- Fincher has us at hello if that is his focus. Much has been written about the twist at the ending. I'm sorry, this ending shows no respect for the audience and their sensiblities what so ever. It makes the two hours one has spent watching this film utterly wasted. Because the most articulate character in the film is the hidden killer (played by an absolutly incredible actor), I wonder if the film makers see themselves as spiritual blood brothers with the pyschopath. The film is dark, unrelenting and completely devoid of any joy, hope or resurrection. Pessimistic films can be extremely effective note The Seven Samurai, The Sergio Leone films, Dr. Strangelove and others, but those films had senses of humour and balance to their pessimism. Again, I ask the motivations of the makers of this film: If you want me to feel dirty, raped and corrupted by the ""real"" world, I already am, I don't need to raped in the ""reel"" world by cynical opportunists wanting to make a buck off of the audience's already jaded spirits.",3
Se7en,"Before watching this movie I am expecting to be entertained and getting mindblown by the scenes that I am going to watch. But after watching this movie, I literally got out of my room, went to the bathroom and shouted for about 10 seconds. This movie is one of the most overrated movies that I have ever seen in my whole life. Even if I am a big fan of detective movies, this is one movie that I will never watch again for the rest of my life. The dark and suspenseful environment was supposed to be thrilling and entertaining. I was so disappointed on how the movie flowed. It just never reeled me in. I was planning to give this movie a 5, but the atrocious and worst ending in the genre of detective movies showed up. So cheers for that great ending, you just received 2 more stars down. The only upside for this movie is the amazing cast that it has. Avoid this movie at all costs!! If you had happen to watch it, just leave before it gets to the ending!",3
Se7en,"To be honest, I don't understand what's so great about the movie. I've never seen the whole movie. I don't know why. I always give up watching it during the movie 'cause it bores me. I don't find it exciting at all. Just two policemen chasing a guy. I've seen similar movies that are way thrilling than this. And the reason why the guy is killing are stupid. It's just not inspiring enough for me to make me sit down and watch the whole thing. I always end up zapping on another channel or pick up a book to read. Morgan Freeman is a wonderful actor. He's the reason why I'm trying to see the movie every time it goes on TV. But not even him can make me interested to make it through to the end. And Brad Pitt. I can't stand that guy. He's not that good as he think he is.",3
Se7en,"Se7en was an interesting concept, i loved the idea. Too bad David Fincher occasionally leaves out a little thing called logic. Too many plot holes, unanswered questions and preposterous character choices all around. This could have been a masterpiece, instead, it's just another movie you've seen before and it wasn't that good the first time.",3
Se7en,"I haven't seen this film in years. But I still remember two scenes very clearly. Why? Because they were such frustratingly bad scenes. The worst part is that the movie actually revolves around these scenes (am I wrong? Maybe I don't remember it well).

The following is a SPOILER. Do NOT READ this until after you have seen the movie.

1. There is a scene in which a woman (GP?) has a conversation with a man (was it MF?). It is clearly designed to make you feel an attachment to GP. It was very badly done. So badly, that I immediately knew that she was getting snuffed before the end of the movie. She was obviously just like one of those ""Red Shirts"" that occasionally show up in Star Trek: Destined to bite the dust. As one other reviewer put it, GP was a mere ""plot point"". It was painful to watch, frankly. Here, ""Painful to watch"" means ""an embarrassment to creative people everywhere.""

There are just too many movies that contain a wealth of talent in every way except for the writing. Se7en epitomizes this Hollywood problem.

2. The final Scene! ""Shocking""? Hardly. Don't read this if you haven't seen the movie. As I recall, we were waiting for a package. I KNEW what that box contained. It was obvious! That was really frustrating because I also knew that entire film was working up to this point in the plot... only to fizzle because it was just so unbelievably clumsy. The suspense was drawn out way too long. If it had been sprung on us a little quicker, I might have been taken by surprise.

I was so annoyed by the experience that Se7en has stuck in my head as much or more than any other movie I've seen.",3
Se7en,"It had a very promising start. Opening credits were interesting and the photography was wonderful. All was going well until we were introduced to the main characters (Freeman and Pitt).

Basically these characters are overly simplistic and rather cliched.

Freeman the extremely well learned and rational cop and Pitt the gung-ho non-intellectual (anti) are about as believable as munchkins.

Unfortunately this movie seems to have been made to gratuitous ly use hollywoods most popular actors (at the time) rather than a good movie.

Sorry, watch Silence of the Lambs if you want a good movie of this genre.

mho",3
Se7en,"Watching how the two detectives (a beginner and an experienced one) are pursuing a very intelligent serial killer is extremely well played and directed. Alone their interactions during the investigation is worth seeing the movie. The whole film is very much a male-type story except the character of the wife of the young detective. The appearance of the feminine character gives a human flavor to the work of the detectives transforming their male-like competition into elderly-young cooperation. Why I rate only 3 out of 10? Because the authors do not seem to understand the fundamental concept of the film, the 7 cardinal sins. The 7 cardinal sins are not actually sins themselves but are the source of other sins. Example: a married man seeing a pretty woman can feel desire to have her, but this is because men are biologically designed like this. If he acts to have the woman despite being married then he commits sins, but this sin is called adultery. So, in fact, there is one voluntary sinner in the film: the serial killer. The others - as the senior detective explains - just fail to work towards a balanced life, towards being able to love. The conclusion, that ""life is ugly but let's work to make it better"" is therefore flawed and makes the film a technically excellent work without the spirit that distinguishes craft work from true art.",3
Se7en,"I don't understand why people think this is a good movie. The plot is predictable yet not really believable, the hero is unlikeable and the villain, who is supposed to be the movie's moral foundation (go figure *that* one), ultimately pulls the rug out from underneath the movie at the end.

The scene where Brad Pitt allows the killer to escape was irritatingly hard to believe. And what was the Gynneth Paltrow character's (not to mention her unborn child) sin? The killer was careful to choose people who (at least in his mind) deserved to die yet at the crucial climax he completely broke with his pattern in a most incredible way.

And where does a ""moral"" serial killer come from? Seems like an oxymoron, but of course in the end we see that he's not moral after all. Still, the whole concept rings hollow and leaves one wondering what the point of the movie was anyway? It seems like it was just a story created to give the film makers a chance to show grisly murder scenes one after another in an attempt to shock us.

If you want to see a much better movie along these lines (and much more disturbing because it's believable), watch ""Henry, the Portrait of a Serial Killer."" And be sure to give it a higher vote than this turkey.",4
Se7en,"Hello! 'Seven' was watched post listening to numerous positive recommendations. But, upon watching it, I realized that this is a movie which is highly overrated but seem to be not up to expectation. Brad Pitt and Morgan Freeman played their part genuinely though the intensity of the serial crime happened in the movie was not catchy and influential. I take this movie is far away from reality! At times the movie seemed to be boring and may cause eye lids to fall down. I never watched a crime story with least thrilling vibe'. The justification seen behind each murders sounded childish. I don;t suggest you to watch this movie rather can be used a sleeping pills!",4
Se7en,"Boring, slow movie..constantly see Pitt and Freeman going up and down steps.",4
Se7en,"It's pretty moderately shot...all aspects of the audiovisual language feel as fine as a knife cut. But it's not stunning, it's unavoidably boring, as no particular details stand out, more like a fully industrialized product.

There's a hint of propaganda about the American justice system in the middle. The women in the film are almost completely absent, falling into the traditional Hollywood image of the housewife who loves a good family, which is an extremely substandard portrayal in a late 20th century It's pretty moderately shot...all aspects of the audiovisual language feel as fine as a knife cut. But it's not stunning, it's unavoidably boring, as no particular details stand out, more like a fully industrialized product.

There's a hint of propaganda about the American justice system in the middle. The women in the film are almost completely absent, falling into the traditional Hollywood image of the housewife who loves a good family, which is an extremely substandard portrayal in a late 20th century film.",4
Se7en,"Very, very, very boring!

I'd take that top 250 film list on here with an absolute handful of salt; that's the only reason I decided to watch this and all the way to the end at that!

Two detectives looking for a serial killer whose theme in killing is the seven deadly sins- we have seen SO much more intelligent, actually suspenseful and just BETTER storylines in Criminal Minds and similar. This was just run of the mill and completely predictable. Told the story fine but dragged on forever.

It wasn't thrilling or suspenseful, and I'm amazed that some of it is supposed to be creepy?! I'm not a horror fan, but I was nothing but extremely bored watching this.

It might've been amazing when it came out but definitely not anymore.",4
Se7en,"I basically thought this movie was exploitative junk. The violence was gratuitous and the plot was not compelling. Although I must admit that I found the movie very disturbing, that does not mean it was well made. Watching people being tortured and mutilated for no reason is disturbing even if the movie as a whole is terrible. Moreover, my views are not based on my being squeamish -- which I am not. I think Silence of the Lambs -- which is gross and disturbing, and which some people compare to Se7en -- to be one of the great movies of all time.",4
Se7en,"I have never understood why so many people consider this movie a great thriller. It has a few spooky & exciting moments, but overall it is terribly predictable and disappointing. Brad Pitt is insufferable, and the old, wise cop vs. young, arrogant rookie thing has been done to death in better movies than this one. There is little here that is original or creative--it's fine for a rental, but I'm sorry I wasted my money when it was in the theaters.",4
Se7en,"Yet another American movie where absolutely EVERYthing is put before you. Please, leave you brain turn off, you won't need it. There is no subtelty, no inference, no need to evoke imagination. It's all vomited up for the dummest of the dumb (clearly Americans need to be spoon fed). It's about a serial killer (boring been done to death). I found the music upsetting as it meant I had to have the volume low so I didn't jump out of my skin in the scenes where the sound suddenly was fortissimo; then it was hard to hear the dialogue, so turn the volume up. Yikes. David Fincher was supposed to have filmed the entire thing in ""dim light"". Um, ok ... yet another aspect of ""dinner is dished up..."" (turn off your imaginations). The acting is superb? Really (now I really love Morgan Freeman but not in this). Brad Pitt, he was acting? Hard to say. A big dump of s_h_i_t vomited up for the lowest common denominator.",4
Se7en,A visually sumptuous outing for Fincher. Too bad the script holds our hand the whole time and the ending isn't so much a reveal as it is a show and tell.,4
Se7en,"Back in the 90's, I spent a good deal of time frequenting my local video stores, so I was baffled that I had not seen Se7en. A 90's masterpiece that I somehow let slip through the cracks. How could I have missed out on this gem? That's simple, because it sucked. I probably did see it and just plain forgot. It's the typical cop mismatched partner movie who chase after a serial killer. Completely illogical script. Dumb ending with even dumber twist. Freeman, Pitt, Spacey and the rest did their jobs. Regardless, just a stupid story",4
Se7en,"On the surface, it's cohesive and entertaining enough in its own way - visuals, pace, casting, for example - but it's very average, nothing spectacular. I guess it could have been OK if I didn't require some realistic human behaviour in the movies that I watch (even when the plot is as implausible as it gets). Predictability isn't the main problem with the conclusion; the taste that it leaves in my mouth, is. I wish I hadn't spent the time watching this.

The movie that I watched immediately prior to this one was ""Cleanskin"" - it's rated lower on imdb, but it's a far superior entertainment experience.

""Seven"" just seems try-hard.",4
Se7en,An ordinary movie atracting viewers with great performances. For me the best moment was Joe DOE's philosophical comments about criminal law and justice while being seated at back of detectives at car.,4
Se7en,"I know that many of you will probably want to strangle me for saying this, but I fell asleep during my first attempt at watching Se7en. I really tried to stay awake, but all attempts proved to be unsuccessful. I just couldn't stay interested. In order for a thriller to satisfy me, it has to have suspense and action. Se7en was lacking in both areas. I'll admit that the whole idea of incorporating the seven deadly sins into it was clever. However, the movie was not capable of holding my attention because it did not show any of the crimes as they were happening. When I watched the movie for the second time, I managed to stay awake. Once I got toward the end of the movie when ""John Doe"" was introduced, I finally understood what was so good about it. The end was definitely praiseworthy because it was the only intense part. I don't mean to bash the acting. Pitt, and Paltrow as well as the rest were superb actors. However, the overall storyline was insufficient.",4
Se7en,"I used to have a thing for movies, but I think that I've more or less exhausted the supply of good ones. ""Seven"" was not one of the good ones, despite the high rating. The main problem comes in the form of the villain. I just didn't buy it. By going down the list of the seven deadly sins, it seemed like he was trying to incite reform amongst the people. However, he did it in a way that kept it from being relevant to the general populace. The scale was completely warped just for the sake of the number seven. There needed to be more blood spilled in a less ordered way to scare people, and I would argue that such a killer would know that. Fear motivates people and could have brought about the changes that all the characters wanted to see take place. That would have been an interesting movie--people dedicated to maintaining order realizing that the order needs to be subverted to do actual good. That is an interesting conflict. Could the divorce really happen? The groundwork was there for such action to take place, but the result would have been too thought-provoking to be thrilling for the average viewer. Fear shapes people's behavior more than anything else, when present. Think about how many churches you see on your way to work. Inertia takes over when fear is absent. The killer was too calculating to suffer so many ineptitudes. And speaking of ineptitude--I am saddened that people seem so incapable of telling the difference between a good movie and a bad one. Shame on you again.",4
Se7en,"My expectations from this film were nil until I saw 'Directed by David Fincher' appear on screen. that's when my expectations skyrocketed. But did he live up to them? no, sir, I'm afraid not. You see, the minute I saw Gwyneth Paltrow I knew she'd die. Because what else is she doing in a film about two detectives trying to catch a serial killer. And I knew the writers of a David Fincher film would not place a female lead attached to the protagonist just to be his wife. And it didn't look like she was providing any moral support nor cause an epiphany in the male lead which would enable to solve the case. So she had to go. Also because, that's what happens in every single Tamil film on earth. I sorely hoped fincher would do better than that. But what does he do? He goes a step further and kills her while she's pregnant. because what's better than killing the hero's wife? Killing her while she was pregnant and him not even knowing that until after she's dead. Obviously. That's some below the belt stuff man. Not cool, man. In the last few minutes of the film, I was laughing at myself for how seriously I was taking something that would stop if I closed my phone. Well, thank god Fincher grew up and made some breathtaking stuff like Mindhunter, otherwise I would never forgive him.",4
Se7en,"Seven is a pretty lame movie, IMHO.

When I pay to watch an R rated suspense/thriller movie, I want my blood, guts, and action. This movie provided me with almost none of the above, with the exception of like three (come on, only three?) bloody dead people. OK, OK, the drug dealer on the bed was the best part. But the movie is SO SLOW and BORING. Sure, Morgan Freeman does a great job acting, but all the biblical psychobabble in the world doesn't make up for NOT SHOWING THE KILLER KILLING PEOPLE. I don't want to go off on a rant here, but having 2 cops walk around in the rain merely going into apartments for nearly two hours bores me to death. The ending was cool, but hardly makes up for this sad attempt. I don't get this watered-down mainstream pretty-boy nonsense. Oh, if you couldn't tell, I didn't like this movie.",4
Se7en,"I assumed to know what the ""what's in the box"" reference meant, but hadn't watched Se7en before, so my wife, having previously seen it, suggested we watch it.

Se7en is a movie. It's not all that intriguing, it's not mind bending in regards to what's on tv or streaming today, and not accurate even in a police drama, or entertaining.

What I'm used to seeing in a cop drama is that homicide detectives are never first on scene. Unless they did things differently 27 years ago, I have it baked into my mind that there is a hierarchy of crime scene analysis that arrive at different stages of the investigation.

This movie doesn't follow that thought process.

There are great examples of talent with the protagonists, however with so much dialog, the movie ends up just spinning it's wheels and several doldrum occur and the film forces the audience to wade through the relentless exposition to get to the next act.

I saw it. I now know for sure what's in the box. I wouldn't say the movie is the icon masterpiece of a filmography so many people give it credit for. It surly doesn't stand the test of time.

I think this film is so hipped by those who promote it, because of a nostalgia factor for the many that saw it ""in it's prime"" with the new-ness of it all.

Just to note the times were currently living in, I have seen more gore and have been desensitized to the more gruesome just by watching The CW's Supernatural or Dexter. Lol.",4
Se7en,"I know this is supposed to be a ""dark"" thriller but for God's sake couldn't the budget have stretched to at least one light on the set? Through half the film you have to squint to see what's going on, and anyone who couldn't guess what was in the parcel at the end of the film must be a total moron. 4/10",4
Se7en,"Oh my god! Current rating 8.7 and # 28 on top 250 list...!! I think many of IMDb users have gone out of their mind to vote 10, 9 & 8 to such a ridiculous crap.

Yes, it is a fact that i do believe in the voting system of IMDb and it is absolutely true that i consult the reviews of this site before watching most of the films. In 95% of cases my judgment gone true. On the basis of rating and reviews i got disappointed only with two films. One is Se7en and the other is Once upon a time in the West (1968).

Some of the IMDb users are also claiming Se7en to be the best work of David Fincher till date. But i don't think so... Fight Club (1999) is the best work of Fincher till date. It doesn't matter to me what others think about this review of mine but this is not a classic to be rated so high.

""The god inspired and ordered a person to eliminate those 7 people who are indulging themselves to the 7 deadly sins of the universe."" I do admire the insane attitude of the killer but the plot and the entire story was full of flaws. Like in most of the psychological thrillers here also the lead actors failed to read and analyze the mind of the killer. In every crime committed by the killer... he stayed two steps ahead of the detectives. And yes the climax itself was one of the worst i have ever seen.

Watch it only if you are a strong fan of crime thrillers otherwise not! Self - interpretation by the viewer after watching the film is the most important thing... 4/10....I can't vote it more than that..",4
Se7en,"This movie is one of the most over-hyped I've ever seen (#43 in IMDb!). Seeing the trailer let one know (and guess) at least 60% of the movie, the end is more or less clear about 20 minutes before it happens and absolutely clear about 5 minutes.

This brings me to another point: the plot fills this more-than-2-hour-movie as Brad Pitt would fill the clothes of the Gluttony-victim. There are too many sequences that seem just stretched and which do nothing for plot or character development.

All in all: could've been a decent 90-minute movie, and I've seen many worse but it's definitely not worth more than 5 points. I gave it 4 (-1 for being over-hyped).",4
Se7en,"This is a top 250 movie?!? Brad Pitt's acting is shallow, stereotypical, and not nuanced. He does the California surfer-dude routine throughout the entire movie as though some uneducated simpleton dolt could wind up with his job...sorry, but I don't think so. The plot line relies on a connect...the...dots methodology -- contrived, and largely predictable with action interspersed with banal social dialogue. I gave this 4/10 mostly for the fine acting of Kevin Spacey and Morgan Freeman. Very silly -- Brad Pitt's acting had me laughing...and not in a good way. In defense of Mr. Pitt, I think he was badly miscast since I've seen other movies in which he does at least a respectable job.",4
Se7en,"Let me begin by saying that when I watched this movie I loved it. It had a stellar cast and an amazing concept. The plot was at just the right pace and never bored me. It had a dark theme although this theme worked perfectly for the way the movie ran.

The thing that ruined the movie for me was the ending. First of all the fact that it was Kevin Spacy that was John Doe was obvious. Did anyone have trouble discerning that the caller was Spacy? However, that only bothered me because the filmmakers though the audience was so stupid that they could not know Kevin Spacy would be in it from the beginning.

The real issue was the fate of the last two sins. I do not remember the order, however, Gluttony, Greed, Pride, Lust and Sloth were all murdered before John Doe turned himself in. Then he turns himself in and somehow convinces the detectives to bring him to the open field. Then the head in the box sparks Brad Pitt's Wrath into killing Spacy's Envy. The problem that I had with this ending was that Greed, Gluttony, Pride, Sloth, Lust, and Envy are murdered and Wrath goes to prison. The penalty for the other six sins are death, but, the penalty for Wrath is prison. The concept makes no sense whatsoever. They should either all go to prison or all die. Make up your mind.

If I could have changed the ending it would be something like this: -Instead of John Doe turning himself in he calls Brad Pitt and says that Pitt and Freeman must meet him in this open field. They must come alone. When they arrive Doe then draws a gun and makes Pitt and Freeman put theirs away. Freeman is sent back a few yards and Spacy gives Pitt the box with the head. Before Pitt opens the box Spacy puts away the gun. Pitt is then overcome with Wrath, draws his gun, and shoots Spacy. Only known to Spacy, a bomb is strapped to his chest with a dead mans switch. Thus the bomb explodes killing Pitt.

Therefore in my alternate ending Spacy dies from his Envy and Pitt's Wrath kills himself.

Just a thought.",4
Se7en,"I don't know if it is me or what, but it seems I am getting used to see similar stories like this one. Two detectives, the old experienced one who keeps calm everywhere and is near to retirement and the young impulsive one who does not like to be advised. It is time people in Hollywood start using their brains, because the audience is tired of the same trash. It is like Lethal Weapon with Glover/Gibson, but dark.

OK. This movie is good, it has thrilling moments and some good actors (not all), but to me it is just another detectives movie. I do not see any originality here. I have seen the same sadistic scenes including the famous ""blood writing"" in tons of films already.

---SPOILERS---

There are also some stupidity/plot holes in the movie:

1) Do you really need 20-30 swat men to break into the apartment of ONE criminal that is probably alone taking a bath?

2) The zombie thing. This really made me laugh. It is impossible that a man is still alive after being tied on a bed one year. It seemed taken from Night of The Living Dead!!! To be alive a person needs to eat food, drink water, go to the toilet, etc. They had cut one hand from him. An injury like that is infected quickly. The man can even die for a heart attack because of the contaminated blood or even the pain caused by the cut.

3) In the scene where both detectives are chasing after John Doe and finally the murderer does not shoot Mills and escapes is just plain ridiculous. In this case you would be expecting Mills screaming to his buddy ""I am OK, William, run and get the bastard!"" like you probably saw in other detectives movies but... No! Here they just missed the criminal.

4) In the high voltage towers field, when the box came, a good cop would have not opened the package because there was a high probability that the box contained a bomb. And by the way, the box contained a bleeding human part. NO SMELL??? Come on!

5) John Doe kills people who match deadly sins. Why does he kill Tracy? Just to have a reason to make Mills mad? Tracy is the most innocent person in the movie.

More things out of place:

1) Detective Somerset seems to be a respectable and correct person. Why is he such a dick with detective Mills for example when Mills has a kind gesture offering him coffee? OK. It is a detail and Mills is actually shallow, but why Somerset behaves like that with the boy?

2) Tracy Mills character does not have a clear place. Personally I think she is beautiful but her acting is so so. Her relationship with her husband, the young detective, is very cold and anybody could think she is flirting with Somerset, not looking for help.

3) After dinner in Mills apartment, there is a scene where Tracy woke up and saw that both men have gone. That scene did not really add anything.

4) John Doe character is not menacing. He actually looks and speaks like a gay.

So if you do not have these points in count you probably will think this film is great, otherwise you will think just like me that this is another detectives movies of the pile. And this movie is not disturbing, it is sadistic.",4
