title,comment,rating
Shutter Island,"23 years before Dennis Lehane published his novel, spanish writer Torcuato Luca de Tena published his one, called ""Los renglones torcidos de Dios""

Of course, as it happens often with writers, hollywood, etc, Luca de Tena never saw a dime from this blatant ripoff of his novel

The spanish novel, later turned into a great movie with the same title and an incredible actress, is much credible. In fact, Luca de Tena spent 15 days at a mental hospital before writing his book in order to understand the world of the mentally ill.

Shutter Island is just a mess of a story mixing the usual and irrelevant nazi stuff that every movie Hollywood today seems to always have to have, plus inferior acting compared to the ones from the spanish movie

This is a purely commercial version of a masterpiece (I read the original spanish book as well)",1
Shutter Island,"It was almost like watching Incursion again with all the flashbacks. The movie included nudity and foul language that was not needed. I only got half way through and couldn't stomach it!

It was almost like watching Incursion again with all the flashbacks. The movie included nudity and foul language that was not needed. I only got half way through and couldn't stomach it!

It was almost like watching Incursion again with all the flashbacks. The movie included nudity and foul language that was not needed. I only got half way through and couldn't stomach it!

It was almost like watching Incursion again with all the flashbacks. The movie included nudity and foul language that was not needed. I only got half way through and couldn't stomach it!",1
Shutter Island,"Shutter Island is a 2010 American neo-noir psychological thriller film directed by Martin Scorsese!

Don't waste your time ! I lost 2 hours watching this ridiculous, stupid movie! The worst movie I saw in my life ever! Don't waste your time. Leonardo Di DiCaprio was good but he couldn't save this nonsense! It's crazy, criminally insane! Two and half yours I will never get back. I don't understand why Martin Scorcese directed it! The music at the beginning was dramatic! Everything was ridiculous. Mark Rufalo was ok but nobody, I mean nobody could save this insane movie. The ending of ""Shutter Island"" reveals that DiCaprio's character is a patient himself, committed to the Shutter Island facility after murdering ...",1
Shutter Island,"Just like the Korean psychological thriller Old-Boy, this movie also loses the shape of the plot as we progress towards the end. You keep running behind the back-light of the train, hoping to catch it, and when you are about to catch it, they tell you that's not real.

wasted two hours watching this pathetic movie",1
Shutter Island,"I really wanted to like this movie. I loved the look of the film. I also loved the score. It did a good job of enhancing the film. The first 15 minutes or so were good, but everything from that point to the full reveal were boring and monotonous. It wasn't clever in the least. It all felt like a string of ragtag incidents sort of tenuously strung together that really prevented watcher from emotionally connecting with DiCaprio's character. The only part of the movie that I liked was the reveal. That is just not enough to leave a viewer feeling good about having invested the time in getting to know the characters and following their stories.",1
Shutter Island,"World Premier viewed on Valentine's Day, 2010 at the Berlin Film Festival. A U.S Marshal investigates the disappearance of a murderess who escaped from a hospital for the criminally insane. ""Shutter Island""-- should be shut down quick before it escapes...

Scorcese's SHUTTER ISLAND is a P.U. (it stinks!) production from Paramount, a picture to commit suicide over immediately after use. But Sir Ben Kingley and the Swedish Angel of Death, Max Van Sydow have at last found their ecological niches in cinema history -- as -- uncompromising ultimate GHOULS! I would have ankled this piece of unmitigated water torture after thirty minutes, but being wedged into a balcony seat at the Friedrichstadt Palast theater and unable to extrude my body without disturbing the whole balcony, I was condemned to suffer through the entire torture session to the bitter end. I did try to close my eyes and think of other things a few times, but even that didn't help much. This is pure unadulterated insanity and mindfuck without a letup. The music selections by Mahler, John Adams, John Cage, and others of the Depressia Profunda School, were carefully chosen to provide the film with a certain intellectual cachet, while enhancing the mood of endless misery with a No Way Out conclusion. In the film the exceedingly creepy doctor Kingsley and his Frankenstein like syringe clutching crony, Von Sydow, on the Evil Island where experimental Nazi type brain operations are going on, are trying to convince Govt cop Dicaprio that he has lost his mind, and finally succeed in doing so --but by this time the audience has also been driven pretty much gaga as well.

Mr. Scorcese is obviously trying to outdo Kubrick in ""The Shining"", but where the Shining had some shining moments, lots of verve, and a bit of a sense of humor, this extended piece of dark mumbo-jumbo has no redeeming moments, no verve or social value whatsoever, certainly no sense of humor, and plods relentlessly on and on aiming for the jugular vein of the mind. This all only goes to prove that Mr Scorcese could probably use a complete brain transplant himself before carrying on. He shoulda thrown in the towel after Raging Bull, but he is apparently too much in thrall with his ""great Hollywood director"" image to know when it's time to quit. (He did say he was ready to quit a few films ago, but has sadly reneged on this promise). ""Shutter Island"" (or, The Isle of Ultimate Ghouls) was definitely one to ruin Anybody's Valentines Day. I needa drink! The location of the film is, incidentally, a Devil's Island type islet off the coast of Massachusetts which will probably not do much for tourism next summer.",1
Shutter Island,"Martin Scorsese will continue to be worshiped by Liberals so long as they remember his profane Jesus movie. They are thus condemned to suck up to awful drivel like Shutter Island.

Who could think that a movie about a mysterious island with a mental institution on it, being investigated by two hotshot federal agents; how could this be boring? Trust me, or suffer for it.

Notning interesting happens after 30 minutes except a brief climb up a sheer cliff.

Besides being boring, the movie is anti-American in its John Kerry-like spin that American soldiers mass-murdered the German guards at Dachau. Never happened, captain. Even though this is taken back later in the movie, the image of the lie stands tall.

It is also one more movie that underlines the lie that World War II was about the death camps and the Jews. It wasn't. It was about the bombings of London, Rotterdam, the invasion of Czecholslvakia, et cetera. Seriously, nobody back then was concerned about the Jews.

In Shutter Island, pretty much everybody goes nuts. Reality is mixed with hallucinations, but in no way is this made interesting.

One last pot shot: I used to like Mark Ruffolo, but not anymore. Too many of these Hollywood empty-heads can't keep their traps shut. So OK just like Sheryl Crow and her one piece of toilet tissue tirade has ruined her music for me, so Mr. Ruffolo's desire that Bruce ought marry Kevin and that Megan ought marry Mary Ann. Go for it, Mark, if that's your thing; too late to put a sock in it.",1
Shutter Island,"What is it with the movie-going public? I finally forced myself to watch this film to the end & couldn't believe how lame it is. (BTW my wife agrees & dislikes it even more than I do, if that's possible). For one this the plot is so preposterous & predictable, I could have guessed the ""twist"" when I was 10 years old. Heck I could have written it when I was 10. Then, what is it with Dicaprio? Why is he wearing that weird 1930s prison gang hair in a movie that takes place in the 1950s? I'm surprised the guy's gotten any work after the Gatsby joke of a film. And Revenant? Come on, I'll take Richard Harris as Hugh Glass any day.",1
Shutter Island,"This is a tasteless movie. At the end of it I had nothing but a feeling of sadness for the wasted time. It is one of those movies that one remembers nothing of it after a few days. And Leonardo DiCaprio was a bad choice for this role. Nothing to do with his style or quality, but this role demands a different type of actor.

Movie has an incoherent plot, ending with a annoying twist, which makes entire thing worse.

Teddy and Chuck are two FBI marshals assigned to find out how a psychopath woman escaped from Criminal Insanity Hospital Prison in Shutter Island. They are not welcomed and cooperated by the doctors, and officers there. As the events unfold, Teddy confess to Chuck that he wanted this assignment in order to found out the murderer his wife, Andrew. According to him, Andrew murdered his wife by burning their house. And Teddy thinks he is in this hospital, and wants to punish him himself. But as the story goes, Teddy becomes unstable. And at the end, story takes a big twist. Teddy is in fact Andrew. He was a sick person himself at the hospital. He was fooling himself and tries to fool others by such a story he invented himself. And the head psychologist at hospital arranged the plot to enable him to play what he believes. Because head psychologist believed that in this way Teddy will come to a point where he will consciously accept the fact that he is Andrew and killed his wife. In fact nine months ago, he confessed that he killed his wife. But after that he again started playing this theatre. Indeed Teddy is Andrew and killed his insane wife, because she has drawn their kids.

At the end, Teddy accepted all the truth consciously, but also chooses to continue to play the game. And as a result of it he will get lobotomy operation, a brain surgery to turn him to a controlled person. Because hospital is also brain research center, and using hopeless cases for Government test, and research programs.",1
Shutter Island,"There are bad movies, boring ones, ridiculous ones, and then there's Shutter Island: a league of its own. It's hard to believe this is a film by one of the greatest directors of all time. This 'psychological thriller' is strangely overrated, badly written, dragged out and utterly boring. ""But, but, but the twist at the end"". Yeah, the twist. It's foreseeable for at least an hour. I never read the novel but would judge it's simply not movie material. Why Scorsese touched this remains a mystery. The script is packed with way too many characters no one cares about. The most annoying of all: Leo Di Caprio. It's all so slow moving and sleep inducing, made worse by that lame soundtrack. And everyone in this movie seems bored. No wonder.",1
Shutter Island,If not by far the worst and most boring Leo Dicaprio movie. I don't know what happened to Martin Scorsese there but this is unacceptable I've seen new movies from 2017 like Silence that are kind of super-boring but tolerable movies and seen awesomeness from him like The Departed. But really Shutter Island is by far one of the worst movies I have ever watched. IT hurt my eyes just hearing the name.,1
Shutter Island,"When this first released, i convinced a group of very different people to join me in the best cinema in the city to watch this film. I was excited to see what had been touted as a superb thriller. As it is currently being shown again at some cinemas, I had to finally write a quick review (my first and probably only review here on IMDB). The film was so very far from a thriller, let alone a superb one, that there was laughter in the cinema throughout. The over-acting, the dreadful dialogue and the hysterical script were just too much. The alleged twist was obvious so early in the film that I thought there had to be another one coming, that is was a red herring, but alas no. I can not for the life of me see how anyone thinks that it was even a worthwhile watch, let alone be worthy of the 8.2 stars it has here, as of today. The only way that is makes any sense is ""the emperor's new clothes"" effect. Watch it if you must, but see it for what is it...a p*ss-poor, hammy, poorly-written almost-comedy. It is NOT a thriller by any means.",1
Shutter Island,"All you have to do is read the synopsis and the 'twist' in the film is blatantly obvious. Still, I watched this on recommendation, hoping that perhaps I was wrong and that I was going to have a big surprise. I did not. But not only that, the film plays out in a manner that makes it so obvious what the 'twist' is going to be that not only can I not believe for a second that no one guessed the ending well in advance but also it renders the film pointless. I found myself watching and thinking ""the ending can't possibly be this obvious, there must be something else going on"". But there wasn't.

Aside from that, I could not enjoy the process of just watching the film and letting go of the obvious ending because the acting from everyone was horrid and bizarre. I felt like I was watching a play - everyone seemed to over act and talk too loud, as if performing for an audience and being conscious that people at the back needed to hear. Scorsese's direction is also terrible and there's loads of continuity errors. It also had a pretentious air of 'profoundness' that bordered on laughable.

In a word, ludicrous.",1
Shutter Island,"Why on earth did Scorsese get involved with this giant clunker?

It is a dreadful exercise in movie-making, based on a badly-written, poorly- thought-out story line. There is no clever aspect, nothing of the sort that made Hitchcock so great.

The actors do the best they can -- I guess -- with this film which has a feeling of decadence and doom about it. The ending is a blessed relief.

I enjoyed the clothes, the props, the car that was blown up, so I cannot rate it zero. One out of ten is the best I can do.

Give this bomb a miss. Don't be persuaded by anyone that it is an intellectual treat: no, it is simply a flop with a few big names in it.",1
Shutter Island,"This was the second worst ""A"" list movie ever made. Pearl Harbor still reigns supreme and the new clash came in a close third. This movie Had some of the most gorgeous sets and music imaginable, but the plot was lame and the ""twist ending"" was so apparent that I figured it out in the first five minutes. This is yet another movie with Leo that I will never watch again. Funny how I never rewatch his movies. Is it him or the crap movies he chooses to be in. Scorsese is a brilliant director, but this movie is proof that he may be past his prime. Skip this one, but if you must see it, feel free to go to the bathroom during the cave scene because less than nothing happens for almost 20 minutes",1
Shutter Island,"This movie was absolute rubbish, from start to finish. The trailers and all the hype concerning this movie, lead the public to believe that it would be worth seeing. With which, I firmly disagree. I could tell you all the reasons, but quite frankly I feel I have wasted enough time on this movie by even watching it. I will tell you that the movie was predictable, depressing, and in very bad taste. It reminded me of one of those old black & white foreign flicks that wreak of morbidity and extremely bad taste. If you like that sort of thing, then by all means go see it. However, if you do not enjoy wasting your time on rubbish flicks,then don't waste your time on this one. I have always personally liked Leonardo, but I think I must chalk this one down as one of his worst acting role ever. Sorry Leo, just giving it to you straight. Of course there will always be someone of notoriety who will swear that the flick is fantastic. Let's be honest. There will be a lot of people that will go along with that. Simply because they think it impresses people to agree with someone of importance. However, people that are easily led around by their noses, rarely make any impressions ...other than being moronic idiots that cannot think for themselves. Needless-to say, I have this extremely annoying habit of thinking for myself, and this movie was absolute rubbish, from start to finish, no matter how many expert reviews to the contrary. Of course, you can always go see it for yourself. If you have time to waste ...why not. Now, I must apologize for wasting your time, as well as my own, to write this ridiculously lengthy way to say the movie was rubbish. However, IMDb does not allow us to just write a 'few' words. If a review does not contain enough words, then you will be prohibited from submitting it. Personally, I would have been quite happy with just saying, 'Shutter Island was Rubbish, from start to finish.' Thank you for reading my review, and have a nice day.",1
Shutter Island,"Dicaprio and all the other actors in this movie should be ashamed of participating in this disaster! Now I understand why some actors insist on having the right to a say in the direction of the films they appear in. This complete waste of 2 hours tries to be a deep psychological thriller but the writing is SO-OO bad it only succeeds as a ridiculous and pretentious piece of cinema crap. Seriously, I kept expecting to see M. Night Shyamalan take a stroll across the screen in one of his cheesy cameo appearances! This is just the kind of awful movie he practically patented. Movies with ambiguous endings aren't deep or clever; just lazy, stupid, and insulting to the poor viewer.",1
Shutter Island,"If you have to see a movie then go see Avatar again or better yet ~ stay home and rent a good classic movie. Shutter Island is too convoluted to be entertaining and it's rather confusing with the dream sequences and the hallucinations, not to mention Leo's character constantly telling us that he's a US MARSHALL. My husband and I left about 20 minutes before the end, although we pretty much figured out what was gonna happen 45 minutes into the movie. We haven't walked out on a movie since Copland in 1997 and that was only because the movie was too dark. I love Leonardo but this movie is truly a waste of time and I am so sorry I spent my hard earned money on this clunker of a crap movie.",1
Shutter Island,"I'm about as far away from a Scorcese fan as you can get. In my book he targets the lowest common denominator via a combination of foul language and violence. True, there have been exceptions. I went to see New York, New York, despite antipathy to the two leads, because it was about Jazz in the immediate post-war years; verdict: ho-hum.

A little later he made Age Of Innocence and I went because I was almost certain that he would be unable to insert his winning parlay (scatological violence) without radically altering Edith Wharton's stylistic novel. Verdic: ho-hum.

I was sold on Shutter Island because I read that 1) it was set in am M. Night Shylaman universe which meant the twist is that the victim is revealed to be his own victimizer and 2) considerable footage was devoted to Cinema itself. Scorcese is well-documented as both loving and being an expert on movies so it is almost certain that he is familiar with The Shawshank Syndrome and it is equally certain that he has, to some extent, remade it with a Shylamanesque twist, if you recall, was a catalyst surrounded by sad people who needed 1) a nudge to bring them together or 2) some form of healing. DiCappio is also a catalyst surrounded by people who need help getting together - and healing - Ben Kingsley. Viewed in these terms it can be said that both catalysts succeed admirably but, it has to be said, when is a rip-off not a rip-off? possibly when it's a sacred cow doing the ripping-off.

The 3D is used effectively and Von Snydow supplies the best performance, counteracting the film's worst performance by Ben Kingsley. Dipccaprio is as mechanical as the interior of Big Ben and by far the best thing on view is the actual vintage footage.",1
Shutter Island,"In a book or a film, which is not there in order to instruct, but instead there to enlighten and construct - in such books and films, authority must never be right! In the propaganda-film, authority is always right and something to be trusted, not questioned. Furthermore, a film or book that cannot be generalized as an example for something can be described as a case-study, which, together with many other case-studies, can give rise to an interesting new theory with a possible general usefulness. A single case-study is however only interesting if it overthrows an existing theory and this film does not. On the contrary. This film (case-study) does instead glamorize existing authority.

In the other films by the same author, Gone Baby Gone and Mystic River, we find the same abominable tendencies as in this film. Generalized as propaganda, Gone Baby Gone, leads us to believe that missing children are taken care of by better parents and Mystic River insidiously tries to tell us that we shouldn't feel to bad about doing wrong against the forsaken, since their lives are f-d up anyway (hinting closing-scenes in Mystic River).

Of course, it is not difficult to be published as an author with this kind of content in your writing. Machiavelli managed to let the whole thing go ""over the top"" in his ""The Prince"", so that we today can read his book as a revelation of what power is all about, while he, in his day and with some courage, managed to sell as praise what in fact was its very opposite. This author's work does not go ""over the top"" however and what can be learned from it is only abominable, if you allow such ""learning"" to take place.

The word is again ""fascism"", which is the idea that an elite of humans should be allowed to govern the vast majority as they, the elite, see fit and if you have a lot of money and/or power, you are a member of the club and you then publish whatever enhances your chances to stay in power, like works that defend authority.",1
Shutter Island,"Just another lame Hollywood attempt of depicting US/West as good guys as a screen for nefarious business. The twisted theatrics in Shutter deflects attention to the endgame: having us denied reality and to even be wishful for our ignorant state. It left me, a very average theater goer, very saddened and disturbed for being taken in on a deceitful and pitiful ride. The use of really talented actors such as DiCaprio and Kingsley is indicative and on a par with the recipe. Mind you, neither are at their best here as though they had dissonance for being used in a blatant fashion.

Just as Quentin Tarantino said that he made BASTERDS because the Holocaust genre was very much in demand by Hollywood producers and financiers, Martin Scorsese just wasn't going to be left out by the manna train and surest ticket to Oscars. So comes Shutter Island that deals with the gory concentration camp lore but more importantly, expands on the treatments of patients/detainees experienced in both; the first (Shutter) is where a very humane experience is conducted in order to break through a deep case of altered and second personality (DiCaprio); the second was used as labor camps for a war machine or in Hollywood and Holocaust meme, as extermination camps.

Shutter is another Hollyweird attempt to indoctrinate and disinform the general public. Operation Paperclip and Projects MK-Ultra and Monarch anyone? Paperclip oversaw the whitewash of war criminal records of between 3000 and 5000 German scientists (Von Sydow character who enjoys Mahler to make him more engaging) in a clandestine operation to bring them to the US as war loots. There were rocket scientists - Wernher Von Braun - but also and maybe even more so doctors who used humans as guinea pigs, Mengele ways. Paperclip was folded into Dulles CIA in the fifties.

Operation Monarch: covert human mind control project that was instituted in the fifties and early sixties. The roots go back directly to Nazi Germany and Josef Mengele. The goal is to reach and subdue the innermost soul - roughly in age 6 and a half and eight years of age, in every human being, there is a time where the neurones of the brain are not quite fully formed and it was found that if extreme trauma was induced, even to the point of death and torture on a young child, then you can cause these neurones to basically dissociate. They become such that other personalities and even spiritual entities can be implemented in that individual.

It's a perfect cover because the core personality, the true individual is in charge but they have multiple individual (altered personalities) hiding behind the curtain so to speak. A monarch goes from one personality to another that can be triggered externally by an handler without being conscious of it. Sirhan Sirhan, RFK killer was most probably a monarch child.

Teddy Daniels (DiCaprio) is throughout the movie in an altered state as a way to escape a horrendous past that was not of his own doing if one excepts the disfigurement to his supposed ex-partner. All the things alluded in Shutter, rod through an eye, brain butchering are used to demonize inhuman treatments but there are just parts of a whole range of treatments used the world over in mind control. The innocuous role playing which is the base of the whole film only serves to hide what really goes on on Shutter Island or in the US/West as a rule, hence disingenuous.

To accept that only humane treatment goes on is to be a willing denier and co-participant in mass programming. In so doing, we're left with a very simple black and white dichotomy that tricks us into accepting the bad cards we are dealt with in a game of playing with our own brain. The very last sentence Dicaprio says is revealing, something like: Is it better to live as a bad guy or to die as a good guy? And off he goes to the butcher table in a pseudo heroic stance so as ""to kill"" his guilt feelings; be dumb and guilt free, that's Hollywood message. Sorry but I refuse to be lobotomized. Better to live with your eyes wide open and see for what Shutter Island is no matter how bad.",1
Shutter Island,"I've just watched the movie and it was really long... long... long... boring movie, nothing new,a bad tentative of an old style thriller , similar photography, script and dialogues, twist at the end etc. But everything really badly done. It's a shame that with two good actors they couldn't even saved it. I can imagine both of them thinking...Why did I signed the contract???, I'm going to kill my manager!!! Another expensive movie directly from Hollywood factory of processes meat, it could be the grandson of the fear cape, early 90's style dialogues with more digital effects, and please Martin, listen to me... Houston we have a problem.",1
Shutter Island,"well i must rate this very low- i am not a big fan of Leo D.

he is not the actor people make him out to be-- there might be 1 or 2 films that he stars in that i like.

the movie- well not very well written - first thing-- smoking-- to make it seem real that had him smoke in the film--i didn't by it- me knowing smokers and how they are- i thought -- ""here is a guy pretending to smoke""

well from the beginning i saw this and i knew i was in store for more thing to pick out-- back in the 40s and 50s people smoked like chimneys - i am not saying it was right-- it is just how they were- especially a war veteran.

the other thing was the badge on the belt loop-- this is a 90s thing most cops of the 40s and 50s wore their badges behind the jacket lapel--

or inside the jackets pinned about chest high-- all they had to do was open their coat and expose the badge.

that was the in thing back then, belt loop or jacket-- so this film failed to put me in touch with the era that it took plce in.

poor acting and poor writing make a poor movie and after seeing these things in the beginning i was bored watching this even when i caught on that it was just a delusion.",1
Shutter Island,"This movie has all the elements of a good thriller: A good cast with great acting abilities, a wonderfully creepy setting, and a story that leaves no loose ends (this is the spoiler for those of you that didn't get it - DiCaprio was cured but chose to be lobotomized than to live with his crime). So, all the elements were there but they just didn't come together, the twist was easily figured early in the movie and then the rest was just boring filler while you waited for him to ""get it."" In fact, after the first 30 minutes I found myself fast forwarding through the scenes just to arrive at the end sooner so I could be out of my misery.",1
Shutter Island,"Scorsese's first feature-length film since ""The Departed"" finds itself wallowing in the shoes of a meaningless and predictable thriller. DiCaprio plays U.S. Marshall Teddy Daniels, who's investigating the disappearance of a dangerous mental patient (Mortimer). Accompanied by a new partner (Ruffalo), Teddy begins to question whether they're investigating an escapee or if the patients and staff on Shutter Island are involved in a conspiracy that will hinder their investigation and even their safety. The film neither starts nor ends on a high note, there is no peak in this ""thriller"", and the clichéd choppiness of the filming in order to create a sense of delusion ceases to impress in the slightest. From the beginning, you know how this one will end. The splendid acting by all actors, including even those who are portraying minor characters, is grade A; and the claustrophobic mood of being stuck on the beautiful, but creepy, Shutter Island is where Scorsese's talent can be seen. There is also some noteworthy scares.

**½ (out of four)",1
Shutter Island,"I really don't know what to say.

I just know I would have like to read my review before plunking down $50 to go see this movie.

My wife and I came away from this movie laughing, and not because of its comedic genius. This movie was terrible; especially when you consider the immense talent featured on the screen and behind the camera. This was Leo's worst, most forces, over-acted performance that I've ever seen. There was no suspense; no intrigue, no scary moments. We had most of it figured out within 30 minutes.

Leo showed up in the final scenes and the final reveal was moving, but it was far too little, far too late.",1
Shutter Island,"I'm glad I got in free when I saw this movie opening day. Seriously, this movie was overrated. I went into the theater and was expecting to be amazed, but I was disappointed. A lot of people keep saying that the ending ""twist"" was mind-blowing, or that they didn't see it coming at all. Just from watching the trailer, it's obvious that LdC was the 67th prisoner. No surprise whatsoever.

The acting was good, the plot development was decent, but it was very predictable, even cliché. I didn't hate the movie, but at the same time, I didn't love it. Overall I think that this movie probably wouldn't be worth a second look, but of course, to all their own. If you enjoy good acting with cheap, easy, and cliché endings then by all means, this is the movie for you. If you want something with a better payoff, then I suggest you look elsewhere.",1
Shutter Island,"This film left me with a strong desire to seek out Martin Scorsese and personally escort him to the rice paddies for re-education. When Godard defined film as truth 29 times a second, or something like that, he obviously didn't have this in mind.

I was born after the second world war, but I have known at least four women who were imprisoned in Auschwitz. The parents of childhood friends were among the first liberators into Bergen Belsen, and they had snapshots of what they saw there.

Perhaps WWII wasn't the ""existential war"" that some recent historians have called it, but the grotesque falsifications contained in this second-rate thriller are outrageous. I'm sorry I didn't get up and leave the theater after the first 1200 seconds of this sorry espece de merde.",1
Shutter Island,"Seldom have I seen a movie so poorly filmed,acted,( except Mortimer,Kingsley,Von sydow) or directed. If I didn't know better I would say Scorcese has a teen crush on dicaprio allowing him to be in his films. I even tried to view it as a comedy but couldn't make it work even as that.Come on Scorcese go back to your roots and make a real film again. Forget the pretty glam boys,they will only make you hate yourself in the morning. The only way this film works is for the ardent teenyboppers who would love DiCaprio in a highschool play.Please Hollywood- spend less on the actors and more on the script.Please patrons-spend your money elsewhere and send a badly needed message to Hollywood.",1
Shutter Island,"Hard to believe the great Scorsese had anything to do with this laughable stinker.

Even harder to believe the great Thelma Schoonmaker cut it!

There are many terrible things here: the direction, the acting, the music. But far, far worse than any of them is the editing.

The editing is absolutely atrocious. It so overwrought, so desperate to make the scenes succeed, so completely contrived and overdone that it almost defies description. And no, I'm not talking about the jump-cuts or continuity breaks. I'm not talking about ANY of that. That I can deal with. Some of it I even liked.

What I'm talking about is the Academy Award-winner's complete and total inability to edit a simple dialogue scene with cuts that tell the story.

It's as if she's lost every single ounce of talent displayed in ""Goodfellas""... or ""Raging Bull""... or ""Casino."" Just about EVERY SINGLE CUT is wrong... arbitrary, poorly timed, ill-advised, non-sensical.

I just watched a 40 year-old episode of ""Night Gallery."" A 60--minute TV show they cranked out once a week. What a wonderful pleasure to see good, effective, unpretentious editing!!!!!! Editing that serves the story. Editing that's almost invisible. Editing that's just about unbeatable.

And that was 1970.

R.I.P. for now, Thelma. You had it once. You were great.....TRULY great.. You made Marty's scenes jump to amazing, thrilling, exciting life. There was simply NO better editing on display in 1990 than in ""Goodfellas."" Simply superb.

Now, alas, the magic is gone. Your cutting in ""Stutter Island"" or whatever the hell it is, kills every bit of dramatic potential this hopeless turkey ever once had. Which of course is not saying much!

Yes, you had it....and now, dear soul, you've lost it. It's gone. I can only hope that maybe, someday, God willing....you'll get it back.",1
Shutter Island,"Ever head of the Cabinet of Dr. Caligari? Probably not, seeing as its an older silent film--the film that first introduced the twist ending to viewers and started up the horror genre. I know, it must seem random to bring up some old silent film, right?

Absolutely wrong. Shutter Island is an unimaginitive rip of of the prior. When watching this movie, I knew it seemed similar to some other movie, I just didn't know how similar it was. Essentially, the plot of Caligari is a horror story of murders which in the end is revealed to be in a patient's head. The bad guy was actually the doctor of the insane asylum at which he lived.

In Shutter Island the bad guy would seem to be the doctor, and the twist ending (a rather obvious on I guessed before the film) was that it was a patient who was imagining the whole thing.

Seriously, these two are two similar, and a film as important to film history as Caligari is one that should be held in much higher esteem than this.

And I didn't even start on the acting, which was just as weak as the movie.",1
Shutter Island,"I always fear that preconceptions and/or high expectations can cause a film to do worse than it deserves. For instance, walk in to a movie that you know nothing about, and more often than not it will surprise you. On the other hand, walk into a film directed by Martin Scorsese, starring Leonardo DiCaprio, based on a novel written by Dennis Lehane (who wrote ""Gone Baby Gone"" and ""Mystic River"") and a supporting cast that includes Mark Ruffalo, Max Von Sydow, Sir Ben Kingsley and Emily Mortimer, you are almost certain to be disappointed. However, this may have been true with other films but when it comes to a Scorsese/DiCaprio collaboration (for example Gangs of New York, The Departed and The Aviator)I expect a little bit more, and I expect the film to deliver something. This film sadly does not deliver, it does not excite and it does not deserve to be in IMDb's top 250 (which at the time of writing it does). I can only conclude that the masses have decided not to bet against a previously assumed sure thing, and instead vote along with everyone else rather than question the latest Scorsese/DiCaprio collaboration. The film opens on a boat, and within minutes we see DiCaprio and Ruffalo standing on the deck talking. It was from this point onwards that I was disappointed and began to expect very little from the rest of the film. Blue screen? Green screen? Whatever they use, they used it here and it looked horrible. And if nothing else, I have always found that of the Scorsese films I didn't necessarily enjoy in the past I would at least walk out at the end saying how beautiful and authentic everything looked. Well not here. Seriously disappointing. Don't waste ya time!",1
Shutter Island,"I have no idea how this gets such a high rating, but this movie is terrible. Very unrealistic and full of flaws. I would not waste my $ on this one. I would rather keep this short but I have to keep writing in order for this to be posted. If you have nothing better to do with you time, and like Leonardo Decaprio, then you may have to watch but have something else to do while it is on.Not sure what else one can say about this, in order to comply with this sights policy, when a movie is bad, its just bad. it goes off in all different direction, not making much sense. I watch all kind of movies and this one will be on the top of my least liked.",1
Shutter Island,"Martin Scorsese should be ashamed of himself. He is such a brilliant filmmaker, and yet time after time throughout his career he has played footsie with the dark side, and supped with the devil. After all, there are all those gangster movies. What are they, if not glorifications of evil people and evil acts? Here we have Scorsese getting carried away with his own vanity and being 'ever so clever'. He has come up with an ingenious plot twist (although it is not new and has been used in various old movies), which I shall refrain from revealing because it concerns the end of the film, which one is prohibited from discussing on IMDb. But however clever Scorsese is, there is no disguising the fact that this film is dark, sinister, infinitely depressing, and a bad influence. When will vain geniuses like Scorsese exercise a little 'voluntary self-regulation', or indeed just the tiniest bit of self-control? Or are these spoilt brat genius film directors so thrilled by wallowing in their own vanity that they believe anything they do is wonderful and if we don't like it we are stupid? I say this film is bad not because it is badly made, but precisely because it is well made and thereby exerts its insidious influence all the more effectively. Somebody ought to tie Scorsese to an automatic spanking-machine which would wallop some sense back into him. But as long as he is subject to universal adulation, his vanity will swell to inhuman proportions until one day he bursts. And that day cannot be far off. Scorsese has made some wonderful films, such as KUNDUN (1997), MY VOYAGE TO ITALY (1999), and THE AVIATOR (2004). His love of music is very touching, and everyone appreciated his contribution to THE BLUES (2003). But when he tries the horror-thriller medium, as with CAPE FEAR (1991, a really terrible failure of a film, not worth reviewing) and this film, Scorsese descends to the depths of incompetence and uselessness. That is why Scorsese needs to be tied to a spanking-machine, because he is unruly and needs discipline. He needs to be kept away from these dark areas of the evil mind and restrained from manic indulgence, just as young boys used to have their hands tied up at night (see THE WHITE RIBBON) so as not to fiddle with themselves. Leonardo DiCaprio has worked with Scorsese before (superbly, in THE AVIATOR), and when offered this juicy part, where he is allowed to grit his teeth a great deal and show us how grown up he now is by leaping into action at the drop of a hat, squared-jawed and determined (the very essence, he imagines, of a cinema hero, in the hope that one day he might become Harrison Ford), he took it! No surprise! Actors and actresses accept parts! What else is new? Whether they are taking part in a wicked enterprise does not seem to occur to them, which must be why Jodie Foster agreed to do SILENCE OF THE LAMBS. So this dark film about an insane asylum on an island in Boston Harbour does not enhance the value of human existence, but rather adds to the forces of the dark side, and we gain nothing from it but a sterile titillation of the most vacuous kind. And not all the cleverness in the world can disguise the fact that this film is empty.",1
Shutter Island,"I gave this one star for the acting. Lets pretend making this movie was like making a cake. O.K. you get a bowl out, dump the flour with the scoop, into it, drop in two eggs in their shells, pour in some sugar without measuring it, throw in some oil, then divide it between two pans and put in a 175º oven and you would have the kind of cake that relates to a regular cake in the way that this movie relates to a ""regular"" movie. In other words a half baked mess. This movie is corny most of all. Not the least suspenseful, very unpleasant . . . repeatedly with the same material! I never did get what the theme with the fire was supposed to be about. Never was sure if lighthouse scene was imaginary or real. I mean climbing up many stairs to what would be the top of a lighthouse and opening a door into a lavishly large space? Or going into a real life office that contained no stairs? Also we are supposed to believe that one rather ""mild"" patient is the most violent patient in a hospital for the criminally insane? anyone out there know what real criminally insane people do? Oh, and most of all someone should be sued or fired or interred somewhere for that suit that poor Mark Ruffolo had to wear in the last scene!",1
Shutter Island,"Did I give it 1/10? Yes I did. Would I give it 0/10 if could? Yes I would.

I am sorry to say but next time I have a conversation with a guy against ""piracy"" I can pronounce two words and win the argument: Shutter Island. A waste of time and money, plain and simple. Even worse than ""Public Enemy"".

Having in mind Pulp Fiction didn't impress me either I should say that maybe it is that Scorsese fails to impress me in general. But after Pulp Fiction I wasn't like ""damn, can I return back to three hours ago?"".

What I didn't like? That in the last 10 minutes everything that I have seen during the last 2+ hours got so not important because it was a lie. It wasn't true anymore, just the guy's illusions. That Scorsese thinks that all you need to add more mystery in your movie is loud music. That the twist was so damn predictable after a while.

I am not going to write any more things, after all I watch every movie I want to watch even if everyone is telling me not to do so. And I think it's right that you do so as well. Just don't say you were not warned.",1
Shutter Island,"I don't understand why anyone thought this was a good movie. It was two and a half hours too long...and the movie was two and a half hours long! It was awful! And predictable...I was practically tearing my own eyes out by the end...the best part about it was the credits...I kept thinking it would have to get better, to get scary, to get deep...it didn't. Waste of time!I think some people thought it had a really twisted plot, full of turns and ooooh, scary. Not! It was completely predictable and only nominally well acted. If either of them win an Oscar for this, then the entertainment industry will have met an all time low. Titanic was better than this, and that's saying something, cuz that movie sucked too.",1
Shutter Island,"There are so many reviews already that I hesitated before deciding to give yet another one, but here it is anyway, one more for the 'this movie was utter crap' brigade.

AND IT WAS! It tried so hard to be clever, yet it hit you over the head with its stupid 'hints' and 'clues' when we had already guessed the guy was mad anyway (as were we for watching this pile of drivel) L de C spent the whole film with a painfully bewildered expression on his face (or was he just trying to figure out ways to get his name off the credits?) The acting was wooden sometimes, over the top others. What more can I say?? Please please do not waste your time.",1
Shutter Island,"Another terrible horror/Drama, not worthy of a ""B"" rating. Do not waste your time on this movie. I expected Martin Scorsese to provide a somewhat entertaining movie but this movie went from bad to worse. Leonardo Dicaprio was definitely not at his best in this role but I'm not sure anyone else could have done any better with this script. Getting back to the movie, I have to say that if the ending was changed it would have been a somewhat bearable film to sit through. I can't believe it has a positive rating on IMDb, although IMDb ratings have let me down before more than once. I don't put much faith in them anymore. Again if your looking for some entertainment this weekend don't waste your time/money on this movie.",1
Shutter Island,"A pair of detectives arrive at a fog-bound island where a dangerous female patient has mysteriously disappeared from her cell in a mental asylum. 'Shutter Island' crudely announces its grandiose delusions as the soundtrack blares the two men are entering a world of mystery and danger. Unfortunately it's also signaling the introduction of a tired collection of generic characters, wasted talent, mundane screen writing and melodramatic directing. The plot's big twist is obvious within the first 15 minutes, after which it plods relentlessly on to the 'surprise' denouement. All suspense having drained away at an early stage - something of a drawback in a suspense film - there's little to hold an audience's interest, so the film stagnates like a bloated whale.

Since artists frequently steal ideas from one another, it shouldn't be a serious problem that the basic concept has been taken from a much earlier German film - only that it has been re-imagined in such a prosaic manner. The core idea is a clever conceit, but it requires subtle handling which seems utterly beyond Scorcese. It's difficult to remember another mystery thriller with Shutter Island's rich production values resulting in such a desperate state of boredom.",1
Shutter Island,"I really love the movies, but i had to leave this movie before it was finished. It's only the 2nd time i did that. How does Mr. Scorsese dare to use images of a concentration camp in his movie like this? In a way for shock effect? It's indecent and immoral. The film hangs to each other by cinematographic cliché's; dripping water, people who are casted because they look so scary, it looked like a cheap horror movie. Also the story it selves feels like one big cliché, full with unbelievable turns. Also the score was irritating me from the beginning, too much present, while there was no occasion for it. I hoped for a well made film, sound, like Scorsese should be able to make, but it was one big disappointment. Yesterday i saw Crazy Love, the contrasts between these 2 movies couldn't be bigger. I hope next time: better time!",1
Shutter Island,"Predictable - which is the worst thing one can say about a movie.

The twist at the end is not enough to rescue this move, and Martin Scorsese has done remarkable work (as usual) in telling a story - but it wasn't that good in book form either. The story is set in 1950, and would have been a great and interesting hit if it had been launched in 1950, but as a 2010 movie it has already been done. I won't say by which movies because that would spoil the 'surprise'.

Sorry, but it isn't just me who won't be keeping this DVD in our collection. My wife didn't like it either. And she has great taste! Peter",1
Shutter Island,"Okay, This movie sucks so much that I had to walk out of the room. HORRIBLE MOVIE! I can't believe there are people who watch this super boring movie.

This movie is worser than the Lovely Bones. OMG. I thought the Lovely Bones movie SUCKED but this one SUCKED everything!!!!

I wouldn't go to this movie again if you paid me $ 1 million.

omg, it was super boring and nothing interesting.

Movie was filmed in total darkest and ugly lighting.

Don't go this movie.

If you want to waste your money on this sucky movie then fine.

you've been warned

suckiest movie ever",1
Shutter Island,"I'm not particularly fond of Leo DiCaprio as an actor, although he is steadily developing into what may one day become greatness. But director Martin Scorsese has been great for so long he is worth seeing just on principle. And of course the previews were enticing. The movie itself was, however, entirely inert.

Once the anemic premise of Shutter Island unravels, which beings almost immediately and progresses with alarming rapidity, all you have left is a tedious and numbingly long dénouement that has been done before, only better. This movie has been likened to the work of M. Night Shayamalan, and the comparison is every bit the insult it was intended to be, as Shayamalan, unlike Scorsese, is known for crafting movies so pretentious, so insubstantial, and so dependent on their own hype. With Shayamalan it would have been expected. For Scorsese, I have to admit I was a bit shocked.

There were protracted financial and artistic complications that delayed the release of Shutter Island. The real tragedy, however, is that they couldn't prevent it altogether. The lurid score is almost mockingly overwrought. The endless and intentionally distracting flashbacks are tawdry and ineffective. Shutter Island is beautifully filmed, and its stars render creditable performances, but it is all for naught, as the film drowns on the ferry before its stars ever reach the island.

I am convinced that if Scorsese had been truer to Dennis Lehane's novel, rather than supplanting it almost entirely with Laeta Kalogridis' completely incongruous screenplay, there might have been something worthwhile. Shutter Island is a psychological drama grotesquely masquerading as a big budget thriller. If you want to see how it should be done, try Identity instead.",1
Shutter Island,"Well....I am surprised at Marty for making such a dreadful film. I am surprised at Leonardo for being in such a dreadful film.....etc, etc,etc.

It stunk on ice. Plotting, dialog, direction, editing, acting etc, etc,etc.

My wife wanted to leave in the middle, but I'm a glutton for punishment.

Watch Goodfellas or the Departed...but not on commercial TV.

Thank you and good night.

OK...I need ten lines of text. Here goes....awful!!!!!!!!!!!!!!!!!!",1
Shutter Island,"I must be crazy to have watched this movie for two and a half hours! I felt as if I was locked up in that penitentiary and couldn't get up from my seat waiting for the plot to thicken. Why did i stay? I should have ran when I first felt the urge to get out! I think Martin Scorcese purposely made this film to make you feel sick and insane and filmed in a way to make you feel mentally and physically ill. I left with a headache, neck ache and an ulcer. The characters were filmed so close up you wanted to press your head back into the chair to get a better perspective. You felt as if you were being interrogated. After two and a half hours of listening to crazy talk and find a shred of rational thought......you felt depleted by the end to have realized that you just had a bout of temporary insanity for staying in the damn theater for all that nonsense! This movie is not a psychological thriller but a psychopathic torture chamber! Don't waste your money and sanity.",1
Shutter Island,"I walked into this movie overwhelmingly excited. I love Scorsese and Leo DiCaprio together. After seeing the previews I thought that this would be a riveting, on the edge of your seat thriller. I left the theater a whole 2 hours and 40 minutes later stupefied. When the credits started rolling; me, as well as the rest of the audience, sat and stared in awe thinking ""Are you serious?"" As I was walking out others joined in my frustration of how horrible and predictable the whole movie was. The acting was mediocre and the plot was garbage. It is like watching the Sixth Sense, but not good. The whole story line you could figure out about thirty minutes into the movie. It is as if Scorsese wanted to do an 60 million dollar indie movie and failed miserably. I left telling my husband repeatedly, I am so sorry for making you watch this.",1
Shutter Island,"I will admit, for the first hour I was riveted. Not because I didn't know what was going on, sorry this movie is predictable. No, I was riveted by the atmosphere of this darkened, storm-secluded island, cold and windy and ripe for something suspicious (similar to the Ring's Moesko Island) and Leonardo Dicapro working his crafted Boston accent. Little quirky behaviors and denial to cooperate do well to induce paranoia.

Unfortunately Ben Kingsley has been in so much cheese these days that his appearance gave me a red flag instantly and it's all down-hill shortly thereafter. Sub-plots that are meant to distract you from the truth are poorly written and acted to the point where you really don't believe them anyway.

This movie has too much going on and goes on for so long that by the time you're done putting up with it all ""the truth"" just leaves you feeling cheated. And trust me, we've seen this kind of ""truth"" in other movies before. The men on either side of me in the theater fell asleep and I felt genuinely guilty for dragging my boyfriend to see it. Don't waste your money.",1
Shutter Island,"I was so looking forward to this movie. The trailer seemed promising. The term ""unsettling"" was used, and it filled me with hope as it's not a word that I've seen used very often in reviews.

It is an incredibly boring movie with an obvious plot twist. Although, can it really be called a ""plot twist"" when everyone and their mentally ill brother can see it coming from a mile away? DiCaprio is a patient at the hospital, there I said it, but you knew it.

Andrew Laeddis (DiCaprio) killed his wife because she killed their kids. He's been locked up in Ashecliff Hospital on Shutter Island. So, unable to deal with his murdering of his child drowning wife, he creates a new life (now he's named Teddy). Teddy thinks that the doctors are conducting human experiments. He also thinks that Laeddis (that jerk)is in the hospital and must find him because he believes that Laeddis killed his wife. Everyone living and working at the hospital reinforces his delusion so that he will come to accept his past. Read that last sentence again and really let it sink in. So it would seem that the hospital is conducting human experiments, or at least one really dumb one.

The doctors and other staff have given ""Teddy"" free time on the island. He's all over the damned place. He's scaling rock faces like he's Spider-Man. He swims through rough seas, and some how avoids all the jagged rocks, as though he were Michael Phelps. He throttles another inmate. He blows a car to smithereens.

The acting is really awful. The plot is on par with high school English assignments. The production is nothing to write home about either. Shame!",1
Shutter Island,"Filmed with one of the worst screenplays of the last few years, this has been compared to Hitchcock and to Film Noir, insulting both in the process. Tag line could have been ""I See Dead People 2"". Leo has grown on me as an actor, and I think he gives an extraordinary performance, but the script does him no favors. And frankly, I guessed at the beginning of the movie what the twist was, but would have preferred being wrong. I think it would have been a bigger twist. Max von Sydow is wasted and Ben Kingsley plays Ben Kingsley. The flashbacks/dream sequences/hallucinations are ludicrous, portentous, and pretentious. I hated this movie from beginning to end.",1
Shutter Island,"Don't watch this if your expecting an average movie because it's way worse. If your thinking of watching a terrible movie you may be able to stomach this dismally depressing movie. Lets try and figure out how Leonardo got into doing such an upsetting movie I'm still shaking and cursing. I can't think of one nice thing to say of this film except I'm glad you all got payed there is no way anyone was doing any of this except to make some cash, but why torture us and make a bad movie? Why not just stay home make no movie and not spend money therefore you don't need to work at making our lives suicidal. Just watch as Hollywood has it's thousands of fake subscribers give this a 10 star like they did inception.",2
Shutter Island,"A shockingly bad picture, despite the talent. I gave it two stars instead of one because of Ben Kingsley's performance--although his Kingsley mannerisms start to get annoying about halfway through. DeCaprio runs through ALL his DeCaprio tics to the point you'll want to scream like the inmates. Silly story, annoying ""music,"" appalling dialogue, candy-colored blood, lots of smoking... and, worst of all (in all seriousness), this film desecrates the memory of the Holocaust, using real-life horrors to bolster a story of make-believe horror.",2
Shutter Island,I'm sorry I didn't like this film. I watch half of it and then gave up. It never gain traction. The moody I'm in S ST did nothing for me. I remain totally detach. I gave it a rating of two out of 10. Good luck,2
Shutter Island,"I will try and be succinct. For me, and perhaps me only, it is impossible for me to enjoy the current slate of hollywood actors. Not simply because, as a conservative, I find their liberal views detestable. But as a sixty year old it is hard to take Leo...and Matt Damon, etc etc as anyone other than young children playing adult roles. I know that's unfair...but I grew up watching older guys like Paul Newman and Steve McQueen. And I looked up to them. What has that got to do with my Subject title? Nothing. It's a twist. But after 80-90 years of American talking movies, it seems Hollywood is in a fugue state. It was way easier for Hitchcock and his contemporaries to be original because the medium itself was. In todays world of moviemaking, to find a fresh idea (or even a new approach to an old idea) is like trying to find ONE grain of rice in a SILO full of corn. And like I said, to me, Leo's looks like a little kid PLAYING a deranged agent in this film. Not his fault however. I own brain is in a fugue state at this point.",2
Shutter Island,"Whatever this movie is about, other than completely confusing the viewer, I fail to see it...this has to be about the most convoluted mess from Hollywood yet...and I don't buy the introspective ""meaning"" this movie is supposed to portray for 2 seconds...its just a jumbled mess of non sequitur scenes all pasted together, with misleading red herrings to help confuse it even further...what is the ulterior motive of this jumbled mess?...nothing...there is no meaning whatsoever...apparently we are introduced into the mind of a killer trying to escape reality, during which we as viewers are also expected to go insane...no thanks...I will hold on to my sanity if you don't mind...it's the only thing that allows me to recognize farce and distinguish it from quality, which this movie lacks completely...nice try though",2
Shutter Island,"So this review has spoilers. If you haven't seen the movie, the only continue reading if you don't care for spoilers.

So the start of this movie, up till 95% was absolutely awesome. I was hoping for the sweet revenge of DiCaprio totally taking down this institution.

However he last 5% of the movie shows that he was dreaming/imagining up ALL of it. All the 95% was his frickin imagination!!!! Oh my gosh at that point I felt like I had wasted HOURS of my life. The first 95% of the movie likse 2+ hours. I know movies aren't real, but now the STORY WASN'T REAL. I watched the movie for the story, just to find out in the ending that everything up to that point was not real story, just imagination of the patient. What on earth?!? If the ending was where DiCaprio got revenge on the institution, then this would be mind blowing 10 on 10 review for me!",2
Shutter Island,"I hate this movie.

I just hate it. I just hate him I hate everything that has to do with him I think the actors are really great but I hate this movie abysmally fills me with anger and grief. Otherwise, unfortunately I can not really say much about this movie because I do not really like it because I have not thought about it for a long time so I looked him over several times to be really sure because I thought at first maybe I just did not understand him then I thought maybe I was not paying enough attention and I thought I should give the movie another chance but now I find it even worse than before so I do not even try to deal with it the less I get from this movie better.",2
Shutter Island,"I gave this movie only 2 stars as the actors did a good job however the whole story was promising until whoever the director or the scriptwriter or producer who ever decided that this was going to be the script. The mistake was made when they intertwined the holocaust into the story. How many years have to go by until we won't have to see at least 20 of those types of movies on the screen per year? Like that was the only major massacre in the history on the whole wide world. Why could not they just make the story about a plain madness of a man with just plain memories of a horrible killing. Why did not they mention let's say Gulag or we could name a few.This really spoiled De Caprio's and all the other good actors effort as this way it seemed unrealistic, so forced to me like they were forced to play in a high-school musical just because politically that is correct and it is necessary to do so for everyone at least once a year like a mandatory appearance in a overly worn story.",2
Shutter Island,"What at first seemed to be a good plot for a movie very quickly went downhill like a lead ballon. There were times in the movie when NOTHING in the plot made any sense or connection. Just a waste of time, and for that matter, way too long for a really bad film. Don't bother watching this, spend the 2hours 18 minutes doing something entertaining.",2
Shutter Island,"This film is just another twist on an already told tale. I think a similar plot was used in an old Twilight Zone or Alfred Hitchcock TV series show, except they were able to tell the story in less than 30 minutes. This movie is just way too long. If they edited out all of the scenery shots, it could have been pared down to under 90 minutes.

Am I the only one who has questioned the vital statistics of the actors listed in IMDb? In an early scene, actors Lynch (guard), Di Caprio (lead) and Ruffalo (supporting) are walking together. Lynch (listed at 6'3"") is half a head at least taller than Di Caprio (listed at 6'), while Ruffalo (listed at 5'9"") stands at least half a head shorter than Di Caprio. Methinks IMDb would do well to stop using vitals provided by actors' press agents. The only actor's height I believe is Lynch's.",2
Shutter Island,"I am so excited to watch this so-called ""Masterpiece"" because I've heard good reviews about it, many said the twist in this movie is ""The best twist in movie history"". I don't think we watch the same movie. This film makes me sleepy, in fact I fell asleep like 6 times while watching this movie. It wasted two hours of my life. This is an absolutely BORING film, Netflix's Fractured is better than this.",2
Shutter Island,"shutter island has a good story and everything but the way it looks cheaply made and how the characters act is way too stupid. For example the tomb scene that was very corny.Also when the wife is talking in his dreams its just stupid. But don't get me wrong there's good parts too,like the lighthouse scene that was awesome,i also like the noir type theme. yes i agree with everyone else its not as scary as i expected,and this is coming from a person who's not a fan of scary movies.Shutter island also is a little hard to keep up with but after the movie when you put the pieces together you'll start to understand it.Well all in all shutter island is good with the story and twist but effects and character acting is not that good

2 of 10",2
Shutter Island,"THIS REVIEW IS A MASSIVE SPOILER

I genuinely found this movie to be terrible.

It was overdone, and extremely predictable. Essentially, (SPOILER COMING) if you like movies where everything you just watched isn't true and is undone RIGHT at the end (Beautiful Mind, Sixth Sense), then you'll love Shutter Island. If you think movies like that are annoying, or (worse) frankly just lazy, (as I do) you'll hate this movie. If I could sum this movie up in one sentence, I'd call it, ""A Beautiful Mind set in an insane asylum"".

As for the acting itself, it's well-enough done, no qualms there. The musical score, however, is often so over-the-top that it's actually comical, rather than setting a suspenseful mood as it obviously intends. In fact, the musical score right at the beginning of the film as the main characters approach Shutter Island, is so overdone that it's somewhat hilarious. Saturday Night Live should really do a spoof of it.",2
Shutter Island,"This vanity piece from Di Caprio and what's his name is rubbish.

The initial OTT score on the boat should sound alarm bells. And it does. But not for the right reasons. I thought this was going to be an ordinary US Marshal movie. Instead we get interminable flashback after flashback. And what's worse? They're not even flashbacks per se.

Di Caprio can't be said to struggle with his on screen emotions, he's only got one. And frankly he just needs a good pair of contact lenses. That puzzled ""I can't make this out"" look wears very thin after an hour or so.

Bumbling and stumbling to the inevitable and oh so predictable conclusion leaves the viewer with a remarkably intense feeling of loss. The loss of more than two hours of their precious life.

On more mundane matters. Why does a lighthouse on a rock in the sea need a fence? Surely the sea and the single, very thick door are security enough? Sure, amateurs will analyze this travesty to death, but really this movie is as thin as buttermilk but substantially more annoying.",2
Shutter Island,"Shutter Island is a Gothic thriller about Teddy (Leonardo DiCaprio) and Chuck (Mark Ruffalo), two police officers investigating a disappearance at an insane asylum run by Dr. Cawley (Ben Kingsley). The film's first 15 minutes are fantastic, setting the mood just right, but it gets too weird from then on. This is directed by Martin Scorsese, a usually wonderful director. Scorsese's best films investigate the main character and peeling back his or hers layers. That's just where the problem starts with Shutter Island. The film has too much going on and never gets to fully peel back the layers of any of the characters. There are Teddy having nightmares about the war & his wife, the disappearance plot, and a bunch of twists & turns. It plays mind games with its audiences for 2 hours before making sense with its final 20 minute twist. That brings me to my next point, the film is too long. It's 2 hours & 20 minutes, which is far too long for such a weird & uneven film. I've always thought Mark Ruffalo was underrated & a good actor, but he's given nothing to do with his character. His character is extremely dull. Scorsese's use of sound is also torturing. Overall, Shutter Island spends too much time stalling and ends up being unsatisfactory in the end. I can't recommend it to anyone, because life is too short to spend 2 hours & 20 minutes watching this.",2
Shutter Island,"According to ""Making Thriller Movies for Dummies"" one must first take a) an inhospitable island, b) an overblown musical score, add c) a somewhat questionable plot with a heapin' helpin' of pretty corny dialogue and then d) mix it all with a chillingly bland ""shocking twist"" ending.

And let's not overlook the atmospheric and menacing storm. I wish I could. Overlook it, that is. I tried, I failed. Oh well. I found the overwhelming streaks of lightning and the ominous roar of thunder so astoundingly inventive, so very novel. So under-used as a plot device.

Fortunately, just in case we might have missed all of the bearable, very, very bearable, tension, we also have the benefit of a score which reaches out through the screen, smacks us upside the head and yells ""Hey you! This is the Scary Part! Da-Dumm!"".

I simply cannot express how the ""Surprise Ending"" left me feeling. Seriously, I cannot. I tried. Several times. Apparently IMDb.com has quite strict censors. Damn! Now I feel cheated twice over.

This would normally be the moment that my conscience raises its inconvenient head and forces me to warn other innocent movie goers to not waste their money. Luckily, I've been able to quash that urge, so I have only one thing to say to you: Enjoy!",2
Shutter Island,"Cannot believe this film's rating. It is so absurd a tale, done so sloppily that I could not believe it was the work of Scorsese, many of whose movies are admirable, beginning with Mean Streets.

You are asked, at the end, to believe that everything you have seen and heard so far was delusional fantasies, dreams!

That scene with the doctor up in the tower is so ridiculous I wanted to laugh but was too gobsmacked at how silly it was.

They do brain surgeries up there somewhere? Where? How do they get the patient up there? And back down the winding staircase?

I tried several times to get into this film but kept moving on to something with more verisimilitude, something I could believe in.

I think Scorsese handed this over to one of the janitors.",2
Shutter Island,Never been a fan of Scorsese but the trailer for this made it look interesting and the guy is really praised as a great filmmaker so I thought I must be missing something and should give it a go What a mistake ... Awful cliché ridden film making ... Not an original idea in the whole thing ... Even the basic premise has been used so many times before that it is obvious from the first 5 minutes where it is all leading The only thing that made this watchable was the cinematography ... Its all beautifully shot and framed ... But along with that there's some of the worst blue/green screen work that has been seen in decades !!! Go figure Its release was postponed a number of times and it looks like they realised they had a right turkey so the green screen stuff may have been re-shoots ... Who knows ... And who cares ... Cos in the end it just ain't very good,2
Shutter Island,"I finally got around to watching ""Shutter Island"" after all these years - and I wish I hadn't.

I went in to the movie with a very tangential idea of the plot line - a missing person case being investigated by Federal Marshalls (DiCaprio and Ruffalo) on an isolated island prison for the criminally insane in Boston Harbor. What's not to be intrigued by that?

Well, just an hour in, it became so obvious where the whole premise was going. Thus, I fast forwarded through the remaining 1 1/4 hours which confirmed all of my worst assumptions! Yes, this film goes on and on and on for 2 1/4 hours! It was just interminable.

The scenes and the setting were all top notch, giving a real sense of foreboding. But, the whole plot and the characters were just not at all well developed, all being overwrought. And in retrospect, the use of the Holocaust as an element of the plot - had they no shame?!

Sorry, but if Scorsese isn't doing gangster movies, he's just putting out hackneyed films.",2
Shutter Island,"Remember those old times on tumblr and twitter where everyone would create a plot twist for famous shows like ""the vampire diaries"" and ""the walking dead"" where the main character was actually hallucinating or in a comma imagining all of it? So, they decided to make those into a movie.

I found it extremely predictable and VERY boring to be honest. Found the characters badly written and clearly shallow, even though you might think they aren't at first since all of their experiences and personalities get simply a mention.

Also, after i finished it i discovered it was supposed to be a thriller?? In what world?",2
Shutter Island,"Wow this movie was CRAZY!!! OMG LOL!!! It made me almost wish that I had found all my children dead in a lake and then murdered the crap out of my wife!! OMG LOL!!! It also made me wish that when they were drafting the script that someone said ""hey Martin Scorcese finally turned to crap, someone should commit HIM to an island full of crazy people until HE can figure some *beep* out!! OMG LOL!!! And then I wish instead of using their gay Shamalamadam ending that they had given Teddy special abilities, kind of like Neo in the Matrix (OMG LOL) but not really, but you know maybe something super cool to let him defeat everyone like a laser gun or maybe he could shoot lasers out of his eyes (an ability he developed due to his very sad situation with Heath Ledger's wife, almost like angry Super Tears) or maybe even he would just be super strong and know martial arts and could feel no pain like how that lady from the rap song about having sex with moms was talking about in the cave (similar to how they learn in the future to block out pain as explained by Kyle Reese in Terminator - maybe a connection here? IDK) and then with all his powers no one could stop him from finding the truth!! OMG LOL x5!!! Only the REAL twist then is that he is about to escape and then his FBI boss comes up to him and says ""Teddy this was all just a role-play because we knew it was the only way for you to develop your powers. You will be a very important weapon in our fight against the communist threat and now Shutter Island will be your secret headquarters where you train other people to have your powers too so we can beat the crap out of Russians and beatniks, and who knows maybe even china or those Chineses in Vietnam will step out of line some day. So what do you say say Teddy, are you ready for it?"" And then Teddy will say ""OMG LOL!!! You bet!! And here I was almost going crazy thinking I was stuck inside a movie with terrible twist for stupid jerks!!"" And then his boss will say ""you watch your mouth Teddy those people are Americans and we need their support in this war....but OMG LOL you are right, we FBIs and CIAses are smarter than them and I bet we will pull some CRAZY pranks on those dummies one day in the future as we wrest democratic power away from the populous and into the hands of the wealthy"" and then Teddy gives him a look that sort of says 'omg lol' (cuz he's like ""as if"" because he's a good man) then no one says anything for 7 seconds and then teddy says ""Hey is Chuck still my partner"" and the boss says ""Chuck, are you up for it?"" and Chuck says ""You're damn right I am"" and then Teddy says, ""OK how about I buy my partner a beer"" (cuz his powers let him drink again, but only beer no scotch) and they are walking away and chuck says ""hey man you think maybe you could teach me some of your powers like maybe the laser eye or like being able to fly?""(forgot to mention teddy can also fly) and Teddy goes ""Sure pal, but not right now there are commu-terror-ists taking over the Boston Gardens and we have to go stop them because the Celtics might just win the championship soon and then again almost every year until when jimi Hendrix dies, cuz that will break their spirit and make them sad"" and Chuck goes ""I'm getting too old for this S-word...and who the crud is jimi Hendrix?"" and they all laugh and then freeze frame right as they jump into action to go get those suckers.

OMG LOL!!!!!!!! BTW the 'who is jimi Hendrix' part is extra funny cuz chuck was from Seattle and so was jimi Hendrix so maybe they even lived in the same town at one time or were in class together and he STILL doesn't know him!! Also Chuck's probably a racist so he wouldn't even talk to jimi Hendrix in class but it's not entirely his fault cuz in those days up until around 1997 your dad would force you to be a racist (i know for a fact OMG LOL) but still jimi Hendrix was probably even cool to a racist cuz his special power was coolness.

Wigga Please",2
Shutter Island,"I had the misfortune of seeing this movie the night after seeing Johnny Kervorkian's 'The Disappeared'. That movie is a bit slow-moving, but has strong performances and at the end of it I felt I had passed a really worthwhile evening watching it. Shutter Island, in contrast, was a pile of excrement. Great locations, an A-list cast, big budget everything.... but a contrived and totally worthless story. Absolutely insulting to the people who died in concentration camps. At some stage in the second half Sir Ben Kingsley utters a long fatuous line about the whole story being an ultra-elaborate attempt to get the lead character to connect back with reality, and I flipped, and stormed out. Maybe I'm crazy, but this was crap.",2
Shutter Island,"A well written book with a non sensical but still a beautifully laid out twist. Not as polished as the author thinks though. There were a lot of ill conceived holes and story lines written for the sake of distraction just to be passed off as delusions when the twist is revealed. Shutter island was an eloquently written novel but had a lot of flaws and the movie sadly did not edit them out but went on galloping with them.

Leonardo DiCaprio did try. He dripped sweat and blood to fit inside the skin of Teddy Daniels but reviewing his performance I say , he was not as grim , as stern , as rough , as depressed , as entertaining , as likable , as human as the character I read on the book.

The set they created was impressive I admit. Re-created most of the scenes described on the book accurately and made them seem real. That I admire.

But the main flaw of this adaptation is the fact that it was RUSHED.

The story and the characters are not well established. It's too damn rushed. Everything feels hasty. The lines are coming out of nowhere. They do not pack as much punch as in the book cause Hollywood left out a lot of conversations that contribute a lot to the development of Teddy , the relationship he had with Chuck , his adoration for Dolores and his children ( especially Teddy , his son ) , his disturbing past as a soldier and the whole story in general.

Chuck being revealed as Dr Sheehan for example was supposed to be a shocking and heart wrenching scene. But their partnership seems awkward here. Like they just met. They went through a lot in the book. Chuck was the only person Teddy had. He loved his charming mien. He believed he had his back. He was willing to risk his life to save him from that wretched light house. But all through out the movie and even at the end , it feels like those two are strangers. Not friends at all. It was the ultimate betrayal for Teddy but here it just felt like actors doing a stage play.

Movie should have been longer, maybe a mini series. Because shortening such a complex story just made it confusing and killed the intriguing mystery and suspense the book is loved for.

Anyways, lemme point out the plot holes I noticed and be on my way.

The badge was supposed to be plastic but here it is a genuine, shiny aluminum. Who gave Teddy a real badge and isn't it illegal to walk around with a fake police ID ?

Why did the nurse mention Dr Sheehan? It doesn't make sense to inform Teddy that a Dr Sheehan exists cause it will just raise questions and make the charade seem less believable to him.

How didn't the patients he was interrogating recognize him ? It's not like you can coach a mental patient to play along on your masquerade. They were clearly loony and should have spilled the beans as George Noyce did.

The patient writing ' Run ' was just shoved in to make us believe Ashecliffe is malign. It didn't contribute at all. It was just there to confuse readers and audiences that Teddy was not Laeddis and the yarn he was spinning was genuine.

If Rachel wasn't real what the hell were the patients talking about ? All seem to have known a Rachel and obviously convincing a schizo to play in your facade is impossible. It doesn't make sense at all unless they're either orderlies or nurses acting. But clearly it wasn't as each had files that chronicled their violent pasts.

If Rachel is not real , then won't that make Teddy the 66th and not the 67th patient ?

Dr Sheehan risked his life and Teddy's by heading to ward C. He could have gotten injured. Teddy did. He got strangled. And he also hurt the patient at Sheehan's watch. They could have gotten really hurt cause it was psychos roaming the place.

If Noyce was coached and they were listening to the entire conversation, what was the idea behind telling Teddy everything was a play? Won't that make Teddy suspicious? Won't that make him doubt the reality they built for him ?

The car explosion in the book was done as a distraction for the guards keeping an eye on the ferry. Idk why he had to do it here. None of the guards around the light house run to the car to check it out. Teddy was hiding behind a tree till they showed up when he's supposed to be running.

Allowing a violent and naive mental patient to wander around the island doing whatever the voices in his head tell him to do sounds dangerous and idiotic to me. He injured a doctor , a guard and a fellow patient on his way to the lighthouse. Was the life of Teddy worth endangering everyone on the island that came into contact with him ? That part about the premise does not seem feasible to me.

You can't just tell us the real Solando Teddy interacted with is a hallucination. That's lazy as she was a clear proof his theories about Ashecliffe were correct. She not only talked with him but poked him and woke him up the next day. She felt real and was presented as real. A deceitful and lazy tactic was used to fool us into accepting Teddy was a real person.

Some of the editing here and there was not good and book adaptations without narrations are usually confusing. It was hard to figure out what was going on in Teddy's head from just reading his facial expressions. A little assistance would have helped.

Shutter island was watchable and has good performances esp from DiCaprio but was not as deep , perplexing and captivating as the book.",2
Shutter Island,"This movie promised to be an intelligent, suspenseful early-season blockbuster with big budget stars and production values. Unfortunately, it turned out go be a derivative, predictable combination of CUCKOO's NEST and WICKERMAN. It features the trip to a mysterious island, being trapped in an insane asylum, stormy nights, hallucinations, and not so surprising plot twists. At best, it can be described as a Hollywood cliché.

It was clearly intended as a showcase piece for Leondardo. Unfortunately he is not aging well in performance or appearance.

The story begins with a seasick Leonardo throwing up into a toilet. This scene set the tone for the entire film.

Fortunately, there were some good performances by supporting cast members, particularly Ben Kingsley.

I can usually understand why people rate films well, even if they aren't to my taste, but I honestly don't understand why viewers liked this one.",2
Shutter Island,OK...going to start by stating the obvious the reason this movie is getting good reviews is simply b/c it's a Scorsese piece and nothing else.... This movie starts out slow and really goes no where from there. There is a part at the movie where the plot starts to unravel and you find out what you were already starting to think was going to happen happens. And you start to get the sense OK....here we go this is where this boring snoozer is going to take off and be typical Scorsese and be GREAT..... then the movie just abruptly ends...with no closure and no real explanation of what you are thinking in the back of your mind is gonna happen next....you are left shaking your head wishing you could have these 2 hours and 10 minutes of your life back......,2
Shutter Island,"what a hard movie to even begin to get engaged in, kind of a drag of a movie, and unnecessary foul language which i guess otherwise would have made the movie suitable for a bigger range of age group and airings, as someone used of watching movies from the Hollywood golden era i'm amazed at these, anything goes, times. overall only about one moving scene through the hours of running time.",3
Shutter Island,"With such a high budget film, any viewer would think with the amount of money that has gone into this film, that there would be little or no continuity errors. But the true matter of fact that, due to my studying of film in a media course, it becomes completely obvious and very very irritating. The plot too became confusing and imploding on itself. Rather confusing film until the very end, with subplot extras just add to the confusion. The acting however I cannot argue against with use of major actors such as Di Caprio give the film a professional sense despite previously mentioned filming mistakes. Good use of camera shots and filmography too.",3
Shutter Island,"I expected a lot more from a mystery with this creative team and cast. Without spoiling it, let me just say it is a cop out twist and a lame climax. This story could have been written by a high school creative writing student, because it is so cliche, but not mine because my creative writing teacher would never have let me get by with such lazy writing.",3
Shutter Island,"I enjoy most of his work, but this one was not that good. The ""plot twist"" was telegraphed all the way. It was so badly done that most of the movie felt like filler while I waited for what I already knew was coming.",3
Shutter Island,I HATE THIS GARBAGE CALLED SHUTTER ISLAND! THE FIRST 130 MIN OF THIS MOVIE IS SO BORING!! I LOVE THOSE SLOW MOVIE SUCH AS DAYS IN HEAVEN AND KAGEMUSHA ! BUT THIS IS MOVIE SIMPLY NOT REALISTIC!especialLY THE TWIST IN THE END! AND I SUPPOSE THE DIRECTER WANT ME TO BE SUPRISED!,3
Shutter Island,"I will follow dutifully the responsibility of not leaving any spoilers present in my review. My review is also purely one of opinion, and may be discarded as such, if the reader finds it necessary to do so. Let any who read the following do so with a grain of salt ready, as they may surely differ in opinion in regards to this movie!

First off, let me state that the actors and actresses of this film are not lax in their ability to portray characters assigned them accurately. Secondly, the script is compelling in its accuracy of feelings and thoughts of people who populated the time in which this film took place. So far, I have admitted that the accuracies were pursued with laudable diligence, and all steps were taken to transport the viewer back to the time where the alleged events took place. Okay.

So why the three out of ten rating? Why, indeed? I must phrase my reasons carefully, lest I give away even the least of the plot goods to those who have not spent the time to experience this film themselves. I am not understating the presence of suspense, or doubt as to what's truly going on. It is rather that for who was involved in the making of this film, I was sorely disappointed in its structure- that I felt the whole style of leaving solely questions, and only so very few answers, was no way to end a movie, when it was made by who it was made by. Like some amateur throwback style of film making where we throw all our eggs into the sequel or ****ty movie basket. And make no mistake- I honestly feel without a followup movie, there is no doubt a loss in my ability to enjoy such a ""flick"".

I have seen many genres in my day in motion pictures. From artsy to violent action films, I've seen a few different directions a director can take. And when a director is a seasoned pro, you expect answers- you expect mother-! You expect closure. In this film, there are EASILY four different interpretations, most likely more, that a viewer can take from this bastard mixture of mild entertainment and intense puzzlement. And while I could take a direction and run with it, I'd be sorely ignorant to think my money well spent, when I had to fill in many of the blanks myself. I may as well have wrote a suspense-crime-drama. Solely for my own pleasure. Except there was no pleasure in it.

You, the Reader, know the state of the world well enough to think carefully on financial expenditures. Especially entertainment. It comes in many forms, most of them unreasonably high in cost. And we are not all pedantic fools, just because we want what we want wrapped up pretty. Maybe some wish for mystery in life, but that's what religion, death, and who wins the Super Bowl is for. In a motion picture, you want the concrete. If you wanted wispy possibilities, random chance, and such dramatic unexpected things, you can gamble. Play video games. Or bet on anything at all. If films were to be finished in the mind, it would amount to a medium an hour or less in length, at less than half the cost to acquire, since you have to finish the story yourself. I feel this motion picture was ultimately a slant against Scorsese, a permanent back-step for his directing career. I do not watch movies for a chance to make wild guesses, and I choose one of the three aforementioned ways to gamble, and only that one as it's mandatory. That is all.",3
Shutter Island,"Irritating music and very prolonged movie - Unfortunately this movie did not live up to the very standard expected.

The actors are all well acting, the setting fine and even the production in it self is quite up there... But this story is NOT surprising, there is NO surprises or and special ""things"" that makes this movie great.

The totally irritating music, way to high mixed sound levels and editing could have been WAY better.

The ending is so predictable and NOT surprising. DISAPPOINTING.

The five stars given is for the production, the acting and the location. The five missing stars is for a BAD story, irritating music and predictable movie - the thing is your left with a taste of: hmmm seen this before, did I just waste my money?",3
Shutter Island,"With all the talent involved in this, you'd think it'd be a lot more interesting than it is. From the moment the film begins with it's loud, bombastic score, you just have to laugh at how serious everyone's taking this well worn series of cliches.

If it happened to be just a bit more ridiculous, it'd be great as midnight movie camp, but instead, it wallows in mediocrity, trying not to shock or upset anyone too much. It never strays far from respectability.

Leonardo DiCaprio furrows his brow a lot and looks constipated for the majority of the film and decides to call that a performance, but it's not really his fault. He's not the one who wrote the story.

There's no one single tense or scary set piece to be found and, by the time the big twist is revealed, anyone with half a brain will feel insulted.

Shutter Island is handsomely made, middle brow fluff without anything interesting to recommend. Skip it!",3
Shutter Island,"Picture the scene. A packed cinema audience in silence waiting for the telling moment when all this makes sense. Then the screen goes black, the credits roll and the house lights come on. The audience sits there for a full 10 seconds (a long time if you try it) while looking around at each other saying ""is that it?"" Now I may not have worked hard enough to understand the film and that may be a failing on my part having been brought up on Die Hardesque action films that don't require much thought, but Shutter Island had me scratching my head for a good few hours after the end. The film starts well. The first 40 minutes or so set the scene tremendously well, introduce the characters, draw you into the despair of a mental hospital and prepare you for a Hitchcock type nerve jangler for the remaining hour and a half or so....But I'm afraid that nerve jangling didn't quite appear. There was nothing in the rest of the film that made me sit up and go ""ooh!"" or ""yikes!"" or even ""gosh"". There were no explosive scares. When you suspected there was going to be one, the character on screen started talking just before the 'moment' so it damped it down a bit. Actually, the lady behind me dropped her bottle of juice at one point which scared the bejeezuz out of the whole audience more than this film! There are too many unanswered questions in this film. Too many key moments that never get answered when you get to the end and not enough to keep you on the edge of your seat. Critics loved it, movie execs too. But really, the film industry is about getting guys like me and my mates to spend a few hours and ten quid once a week to come and watch your work. If this is anything to go by then Mr Scorcese won't be getting my tenner again. If you love getting your pants scared off and throwing your popcorn about in panic then don't bother, if you like an adrenaline fuelled ride through the city streets with copters and rockets keep away, but if you love analytical thrillers and making up your own theories to explain film endings you'll love it. just don't try and explain it to me if we meet.",3
Shutter Island,"Ain't that about a goof?now some might jump into the express and say i'm wrong but i don't give a horse's sh*t about it and i say whats going on in this little piece of crap.

this book adaptation is a pain for most of the movies i,ve ever seen in adaptation category,needless to say Revelutionary road or The reader or ... and this one is not much far . well i am not divergent from proper critics and what people like,but to endure something which is mistakingly in common is not my credence,and about my pure love CINEMA it is drastic and harsh.

Martin Scorsese for me is a living myth and the director of some of my favorite ever after movies of all time,well after the times of The Aviator and The Departed ,it boomed in my mind that his times of glory is about to an end pathetically,but with this one i am sure of Shutter Island is the dead end of Scorsese in all time.

i don't want to say that DiCaprio is not a man of knack,but he has only one,to be frantic and an assho#e in his specialty,he has long way to go yet to receive an actor's figure.others are for sh*t now and the frivolous Michelle Williams,Mark Ruffalo,Emily Mortimer,Patricia Clarkson ... are to fulfill the scenes of this sham.

no matter how powerful and effective once Scorsese once was,he has lapsed and he is over.

you see the buzz happened for me after watching this,i took out Raging Bull and watched it,and i saw the end of one history maker and influencing director and i regret for that...",3
Shutter Island,"This could have been a good film, a great one even. The ingredients are all here. An imaginative director, wonderful location and sets, actors that are never less than competent and sometimes a lot better (I was particularly struck by Ruffalo, an actor I've not previously taken notice of). There is a promising premise – an Alcatraz of Hannibal Lecters, the island asylum where they send everyone that nobody else wants or can cope with. And potentially great themes; the excesses of American psychiatry in the early fifties, the disputes between the advocates of surgery, the advocates of medication, and the advocates of therapy. And something even darker still, something touching on the character of evil (or what we call evil) itself. Can someone be driven mad simply by witnessing too much? But the film bungles it, horribly. And it's not too hard to work out why. The script just isn't good enough. Actually, not even the script; the plot is not good enough. To be fair, I may have been in a good mood, and the film engaged my attention throughout. It's only afterwards, thinking about what you've just seen, that it all starts to come apart.

I think I can do this without spoilers. The basic premise is on the DVD sleeve. DiCaprio plays a US marshal (with his sidekick Ruffalo) who is called in to investigate the disappearance of a patient (which ought to be impossible). The procedural development I found, though stolid, gripping; and the creeping realisation that there is more here than meets the eye was well handled and well timed.

But what is really going on here? Several theories are discussed, and the truth when it finally emerges is certainly a twist of sorts, though it may well be one that the viewer has already thought of. (No prizes here. Night Shyamalam has a lot to answer for. Not every twist has to be like the one in the Sixth Sense. Sometimes, the most enjoyable and effective twist is the one that the viewer can work out, because it's the one that flatters the viewer's intelligence). But whatever sort of twist this is, it has to work. It has to make sense; and in this film, it doesn't.

It is another of those preposterous conspiracies that only work in fiction. The plot appears to work, in that it makes sense of the puzzles that precede it, and seems consistent enough with everything that has happened. But you realise, turning it over in your mind, that from the point of view of the conspirators, it is a completely mad plot. There is much too much that could go wrong, at every stage.

There are plenty of examples of this absurdity in the other reviews, some with spoilers, some without. Some I'd spotted for myself, others I ruefully recognised, and they all contributed to this sense of everything unravelling, of the whole plot falling apart in your hands. I will just add one myself: The film opens with a pallid DiCaprio sea-sick in the heads of the ferry taking him and his assistant to the island. My question (which will make sense to those who've seen the film, but will seem odd to those that haven't) is: what was DiCaprio doing five minutes before? More importantly, what was he thinking? That isn't a stupid question, either, as we subsequently learn quite a lot about what he is thinking, mostly in dreams and memories. DiCaprio discovers, patting his pockets, that he's lost his cigarettes, and accepts one from his assistant. Think, man! Where could you have left them? The realisation dawns on you that this whole conspiracy is a trick played not on or by DiCaprio on or by other characters. It is a trick played by the director on you, the viewer.

And with that, the film falls apart. We know that amongst the memories haunting DiCaprio are the fact that he was part of the contingent that liberated Dachau. The mentally ill (or ""defective"") were though fewer as disgraceful a part of Nazi extermination programmes as the Jews, and there are clear parallels that could be drawn here with the American programme of psychosurgery (though note that the island asylum's staff includes – I won't say who – representatives of the humanitarian as well as surgical and pharmaceutical wings of psychiatry). But this film, a shoddily assembled comic book plot, just cheapens and demeans these historical resonances.

It leaves me feeling quite angry. The film must have cost tens of millions . As my opening remarks say, the talent and the resources are all there. It's just so lazy, so slapdash. Is there no quality control? There's forty, fifty amateur critics or more on this site, each of whom could have told the producers and director what was going wrong. How could this mess get made?",3
Shutter Island,"Shutter Island had a promising premise and a good trailer, but when I left the theater I was totally annoyed - movie was worst scheisse that Scorsese has put out (saying it mildly).

First thing that bugged me was the quality of film - it could have been badly focused projection of the film in the theater in question (Kinopalatsi, Helsinki) - but I noticed that some scenes had really blurry shots because director of photography chose the depth of field totally wrong. Film had some visual moments, but general blurriness of picture ruined those moments.

Story was incomprehensible with it's flashbacks and twists. DiCaprio was just going around the island without any significance. Story didn't go nowhere and it was getting boring in the end.

I can imagine Hollywood producers thinking that they will combine atmosphere from the 'Shining' with story similar with 'Beautiful Mind' and TV series 'Prisoner'. I think that Scorsese didn't have much to say in this - I can't believe that he would have done this voluntarily, probably did it just for money.",3
Shutter Island,"I have seen movie with this plot so many times. This one is just another presantation of it, the ending was very well put in this one, but it doesn't offer anything new. Also ending ""erases"" whole movie progress, so it's kind of worthless to watch since ""nothing"" really happened.",3
Shutter Island,"One thing I've always loved about Scorsese's earlier films is how full of life they were. With time his technical abilities have gotten better but his movies became more and more lifeless. Well with Shutter Island it seems Scorsese has hit rock bottom. While the movie looks fabulous and the performances are solid nothing about this film is engaging. The plot is contrived and predictable, the characters seem wholly artificial and clichéd. If you're a fan of Scorsese I suggest you avoid this at all costs lest your image of him be tarnished. If you don't really care about movies that much you'll find this to be a thoroughly enjoyable.",3
Shutter Island,"I hated this movie!!!!! It was dark, gloomy, repetitive and uninteresting. I thought I would probably not love it based on the trailer but still expected more from a Martin Scorsese film. I am not sure why it is getting such rave reviews; it really surpasses me what people saw in it.

The thriller is set in the 1950's, with Leonardo DiCaprio interpreting a U.S. Marshal, and Mark Ruffalo as his partner. Together they are investigating the disappearance of a dangerous inmate from an insane asylum on the very isolated Shutter Island.

The atmosphere and music are ominous from the start, much like the opening scenes of Scorsese's 1991 Cape Fear. It rains constantly on Shutter Island and the decor is conveniently populated with cliffs and a towering lighthouse where a dramatic (if somewhat disappointing) plot twist later takes place.

There are lots of twists and turns and psychological unraveling on the part of DiCaprio's character. He is haunted by flashbacks of scenes he witnessed of concentration camps during WW2, and visions of his murdered wife played by Michelle Williams. DiCaprio's performance was skillful and talented, as was Ruffalo's. Ben Kingsley was appropriately dramatic in his portrayal of the chief psychiatrist at the institution.

The movie carried on for quite long and its ambiguous ending was not enough to redeem its exasperating, overly paranoid quality which veered too much towards the horror genre for my taste. More boring than horrifying, I give it a 3.

My rating: 3/10 Fabio's: 4/10 Total score: 7/20 Please check out http://paulinasmovies.blogspot.com for more",3
Shutter Island,"This is the third time, and thus the last time, I decide to go watch a Scorsese/DiCaprio movie. A utter disappointment. Di Caprio teamed with Scorsese so he could have a great director to secure a couple of solid films over the years. I don't know who's at fault here, but Gangs of NY, The Aviator, and now Shutter Island are all devoid of emotion. They are symptomatic of this Hollywood cancer were everything looks utterly professional, well designed and nicely crafted, lots of work, energy and dough that can't make up for the lack of creativity. Lots of TV series are much better at that, and no wonder since the best writers are continuously fleeing towards non-cinema formats.

The good points are the location, which would really deserve a better story, Dante Ferreti's settings and the cast - although I'm bored with good boy DiCaprio doing his best with the contrived emotional range stuffed for the main character in those scripts. Scorsese is just a journeyman in those flicks. The story is so heavy handed, it's a pity to see his devoted editor patch together dead-long scenes overflowing with pathos and deliver such this overlong and overblown continuity. There's nothing in Scorsese's direction that makes you feel the ever-present insanity. It's all in the annoying score and cheap horror tricks.

Nuff said. Scorsese can't do great movies if they're not about Italian American marginals and mobsters. With Di Caprio he is bound to do overblown impersonal stuff. And Di Caprio should start to look for a real villain part because we've seen him to much trying to do good with his chubby face.

Bottom line: if I had downloaded this movie instead of going for the big screen, I would most certainly have stopped watching and erase it 45min into the story, would have saved me lots of time and the bore of a movie becoming worse and worse as it rolls out on the sickening pretense of being clever.",3
Shutter Island,"I purposely did not read the book prior to seeing this movie because I didn't want to know the plot or be disappointed by the film version. Well I should have saved my money and just read the book. I had the plot figured out less than a third of the way into the movie.

I love suspenseful movies but this movie offered very little suspense. Any 'suspenseful' scenes were predictable.

Some of the film techniques were good. Like the contrast of the shades of gray during many scenes. However, many of the film techniques were very poor. It was very obvious which scenes were filmed in front of a green screen with the background added later. That's ridiculous with today's technology.

Save your money and just read the book.",3
Shutter Island,"Please, just one more flashback/dream sequence.

The 400 that we had just weren't enough.

Oy! They just go on and on...

This is Scorsese with his heaviest hand ever.

An hour of plot with an extra hour of flashbacks makes watching this a grueling test of cinema endurance.

Every time I was pulled into the story and the characters - POP! - another flashback/dream sequence to stop the story cold and pull me out of the narrative.

Some nice character work by folks like the under-appreciated John Carroll Lynch and some spooky-cool visuals keep the movie from becoming the movie-going equivalent of root canal.

When it was all said and done I had wished that my going to the movie theater and forking over $12 was really just a dream sequence of the movie that is my life. But nope, I just checked my wallet. Scorsese's fingerprints are all over it. Again. Didn't I learn anything from The Departed?",3
Shutter Island,"Excellent art direction, excellent acting, good cinematography. The score was the best part though - a very nice three note ostinato alternating with quiet melody in the cello. The beginning motif is one of the simplest but most affecting since Jaws.

Unfortunately, the movie failed in its screenplay. It relied for emotional impact far too much on trite horrible scenes, rather than eliciting powerful emotional responses more subtly.

For example, there are numerous scenes of horrible gore, and there is a long scene with dead children. Obviously, a scene with dead children, especially of a father crying over them, is unsubtle.

In a good film, the emotional climax comes from something whose meaning derives from the film itself. It's cheap and unsubtle, and kind of boring, to rely on old standbys like deformity, gore, and child corpses.",3
Shutter Island,"I didn't like this movie. Not one bit.

It started with the music, which was way too intrusive. Not moody, intrusive. You don't notice a good score, it just is there, blends in with the pictures and sets the mood. Here the score comes over to your table, insults your lady and spills its drink unto your lap.

But the biggest disappointment was the conclusion. I will spoil it now, so bugger off if you haven't seen the movie. It was all in his mind. Great, I have never heard that one before. Mental institutions have become such a movie cliché that whenever I see one I know the big question will be whether what we see is all in somebody's mind.

My tip: watch the first hour, the acting is really good, the sets are fine. When DiCaprio has his breakdown in Kingsley's office, skip to the end in the lighthouse and finish it from there. Although if you like hallucinations or take drugs on a regular basis you might enjoy the crap that happens between those two scenes.",3
Shutter Island,"Let me start by saying Martin Score has made some great movies in the 20th century. It is now the 21st century and i think the old dog should just fund movies and let youth take control of all aspects of film making.

I hate the ""1 liners"" in this movie along with the overdone musical scores. sometimes silence and raw sound are better than an artificial orchestra.

I'm a Leonardo fan but his weak Boston accent made his character lame, like a boy trying to play a man. Mark Wahlberg would have been the obvious choice here. Ben Kingsley earns 3 stars to save this movie from zero. He's always solid.

This movie could have been excellent with a 21st century approach. I was waiting for Arnold Schwarzenegger to have a cameo and give some stupid one liner.

Sorry, this movie is weak.",3
Shutter Island,"I had seen parts of a trailer for this film and was in two minds about seeing it but I like psychological thrillers with unpredictable plot twists so I went to see it.

Unfortunately it was very predictable, approximately 10-20 minutes into the film anyone with average or greater intelligence will in all probability immediately spot what the plot twist is going to be. I only watched the rest of the film in the hope that I was wrong and that it was a double bluff and I was going to cheer in amazement but sadly I was disappointed, the movie played out as expected, waste of 2 hours.

I can't say the film was truly awful but it didn't make the grade as a psych thriller, I found the music as they entered the island to be very jarring as well, but thats just a personal preference. Also I found the overuse of ""certain imagery"" to be unnecessary.

I would wait for DVD if at all, but there are much better psych thrillers out there.",3
Shutter Island,"No spoilers: I figured out the entire movie within the first 20 minutes or so... its a predictable plot and predictable ending. The premise pretty much gives away the entire movie: psych=prison on a secluded island, where weird stuff happens and its always raining.... i mean, how'd you think the stories going to go? ...Gothika is the only movie with a similar premise that wasn't soo predictable and lame... and this movie doesn't hold a candle to it.

Not to mention the direction and editing of this movie was atrocious. Scorsese's attempt at a new style/genre really didn't fit him, and he did a horrible job. I'm not sure anyone even attempted to edit the film.

And the ending! oh my god, it dragged on and on and on and onnnnn....

not the worst movie in the world (4 out of 10 stars), but i regret spending $8 bucks on it... wait for it to come to DVD (Redbox it).",3
Shutter Island,"With this tripe, Mr. Scorcese enters into my ""hit or miss"" category. He has made some great flicks, no question, with the latest being ""The Departed."" But, Marty seems to have gone totally derivative here (Kubrick, Hitchcock and Bergman, for example) and left his creativity somewhere else.

The most remarkable thing about this movie is Max van Sydow...he's 80 years old, for cripes sake and looks 65! This is silly stuff, overwrought and overlong, with dead children being the device from the black hole of creativity that is used to horrify us and cement the plot (did John Irving work on this script?).

I believe the good reviews came only because Scorcese directed, and would love to have read them if the reviewers were blinded as to who was the director.

Looking back, I am trying to remember one memorable scene...but I can't. One thing's for sure: I have seen enough close-ups of Decaprio to last a lifetime.",3
Shutter Island,"This review contains a spoiler.

It's always great when people find a film they like and obviously some people really liked this film. For myself I lost interest in the first fifteen minutes and by the time I got to the end nothing could save it.

While it's stylishly directed, it's unfortunately mostly style and little substance. The opening is great and for a few moments you think it's going to be a great movie, but quickly the story loses any forward momentum. The main character's hallucinations quickly overshadow any plot that was beginning to develop. The script sets up a false premise that really has nowhere to go. Indeed the script is telegraphing the end right from the start giving the bulk of the film a strangely aimless feel. I am amazed anyone could find it tense or refer to it as a horror film.

A good psychological thriller needs to make you believe in it, but with the director undercutting the reality every step of the way I actually found many of the scenes laughable. Truth be told it seemed many of the actors were also struggling with the script and only clicked in at the end when there was a real story to be told.

Unless you're a big Scorsese fan, save your money. My guess is this will be on television before you know it.",3
Shutter Island,"Not to be 'snobbish,' but it may be that I've been watching a lot of European movies lately, because I thought this film was laughably bad. I cringed about every five minutes, and could only watch the film in 15-minute intervals. Ruffalo and DaCaprio with phony noir accents, Ben Kingsley doing a poor imitation of Vincent Price, Contrived art direction that was worthy of Young Frankenstein (although Shutter Island apparently isn't supposed to be a comedy. The two FBI agents walking around in pajamas without their guns? And this film was produced before the Trump presidency. Well, chacun a son gout.",4
Shutter Island,"I like Martin Scorsesse a lot, and I was interested in seeing Shutter Island. It had a truly intriguing concept and my 17-year old sister was raving about how brilliant the film was. Shutter Island is not Scorsesse's best, but it was atmospheric, clever, incredibly thought-provoking and somewhat disturbing too.",4
Shutter Island,"Easily the worst film of Scorsese's career, ""Shutter Island"" is difficult to sit through. The ""twist"" is not only sitting in broad daylight, it's completely anti-logical. That leaves the audience with two-plus hours of Leo Dicaprio's secular character du jour - the grieving husband. We know that ugly separations have powered the actor's ascendency to box office king, but with a plot as broad as ""Shutter Island"", one would hope some of the heavy lifting could be done by an actual actress instead of just another sullen, scowling, sweaty Leo. Like ""Inception"", the movie is a fetish piece about men who recently discovered emotional responsibility. These are films that exist wholly in the mind of the scorned, whereby every other character is an obstacle for the hero. It makes for a thrilling screenplay and an utterly flat finished product. What's truly on display here is Thelma Schoonmaker's ability to make even the weakest of conceits a viable product. Too bad the only visible female influence here is behind the camera.",4
Shutter Island,"The latest picture from Martin Scorsese ranks among his worst. Shutter Island tries to be an engrossing mystery, but the movie is just undone by its lazy, messy and full of its own importance script. A somewhat reasonable concept gets lost in an abundance of surrealism and nonsense. Both director and leading actor Leonardo DiCaprio aren't really at the top of their game. The latter just wanders around the island trying to reveal the conspiracy and meeting strange characters whose talk is puzzling and fractured. What's even worse, less than half way through it becomes apparent that the film can only resolve in one way enabling its used-to-death twist to enliven and assure viewers that the film makes no sense whatsoever. It's only a shame that the actors involved are respectable. Another reason why this film is a misfire is that it doesn't really try to be grounded in reality of any kind. It resembles an artificial construct, sadly not very exciting to watch.",4
Shutter Island,"Even though I didn't like the ""Wizard Of Oz"", at least I was able to say, ""the movie was about a dream"" when it was over. I saw Shitter Island in the theater - and yes, it looked GREAT on the ""big"" screen. The acting was wonderful, the music haunting, the cinematography excellent. But the... ahem, story? Well, that's another matter entirely. Now, I agree that good writing (key to any film's success) should take you off the page. But there's a difference between that, and leaving the theater wondering what the hell it was that you just looked at for almost 3 hours. Which is what Shitter Island left me doing. Maybe I need to see the film again with my finger on the pause button and the Shitter Island Cheatbook at my side. Maybe then it'll be great. But it still won't be what I expect from a movie. On a final note... After returning from the theater my father jokingly asked me, ""who was lobotomized!?"" My reply? ""The audience.""",4
Shutter Island,"COME ON!!!!

these endings are getting a little repetitive....

are there people that didn't see the ending coming?? the SAME ending that Hollywood are repeating over and over again.

read the book, I love films, but this is one, of many cases, where you should forget the film, and read the book instead. it doesn't matter if leo di cappuccino is in it or not.

This IS a good story, it really is, but the film does no justice. .

please read before watching.

(like anyones going to pay attention to that)",4
Shutter Island,"I don't want to offense anyone in here who posted a comment but: You people are heartless when it comes to those kind of endings. I know that from all comments from those kind of endings. This movie is indeed great combined with so beautiful acting BUT this kind of ENDINGS make me sad all day, and now i feel sorry for watching it. You all will say that i'm not fair, but i feel that way. I know the book was 100% the same but a movie needs improvement.. I guess after a well sleep i will make some changes but in the end it was a STRANGE movie. I love drama but not this kind of. Congrats for Scorsese and all the actors but the writer of scenario should made some changes before.",4
Shutter Island,"Don't forget that a lot of things that seem like continuity glitches to the viewer (such as the position of the lighthouse) may be because the character is insane.... think about it... would Scorcese really make all those goofs? Nope.

I stopped caring ""what was really going on"" pretty early on in this movie. I didn't care who was insane, or what was real... I just wanted an interesting story... and didn't really get one.

I did enjoy the way Leonardo said ""excaped"" to plump up his attempt at sounding like a Bostonian cop, and the movie looked really good. I enjoyed watching it but just didn't care what was going on.",4
Shutter Island,I remember being disappointed in the theatre so I gave it another try on Netflix because of its score. Still disappointed acting is good but the story drags and isn't that good. The high rating has to be a product of Leo fan girls and boys.,4
Shutter Island,"I'm not a particularly smart person. And I certainly don't start watching a movie looking for clues to a potential twist that might happen at the end. When this movie came out, my then-partner and I went to see it in the theater (not the way I usually watch movies, as it happens). I hadn't heard anything about this movie and didn't know anything about it beforehand. We just went and ended up seeing this movie. It wasn't until two or three minutes later that I turned to her and said I guessed the ending. And I guessed it. I've since learned that in movies it's not always the destination that matters, sometimes it's the journey that matters. And in this film, at least, there are some interesting dystopian visuals. But if the filmmakers were hoping to surprise someone with a shocking reveal at the end, it wouldn't be much worse if the main character just woke up and we found out it was all a dream. And if they hoped that a second viewing would reveal hidden depths and layers, they were wrong again.",4
Shutter Island,"4/10 no mystery here. i guessed the plot correctly before i watched it. but someone is the internet was like ""no that's not it"". so i watched it thinking i was wrong but i wasn't wrong. so i was pissed off. so 4/10 (a below average) for wasting my time. you won't see anything spectacular here. it was not mind blowing at all like i was led to believe. the whole plot super easy.",4
Shutter Island,A good film but it is not orinal at all. I've watched about two or three films with the same premise and the same ending. a madman (a girl) who doesn't remember anything and the treatment is to let him live his fantasy. I honestly did not understand why the commotion. I found the ending weak and predictable since I had seen other similar films.,4
Shutter Island,"It wasn't a fair movie. Teddy's reality was absolutely unambiguous until the very end. We saw him hallucinating even when he didn't: when the ""doctor"" wakes him up in the cave. That's cheating. If you're going to twist the end completely around, there has to be some clue. You can bury it and hope the viewers miss it, but there should be a clue that the narrator is unreliable. Like in the 6th Sense. You go back through the 6th Sense and notice that it's never inconsistent; no one but the boy ever speaks to the lead character; there's no overlap. If you're clever enough, you can guess the end. Shutter Island offers no clues and it's not consistent, so that the end comes out of left field, and that's not fair.

There is no movie rule that says thrillers must be fair and there have to be clues, but there is no viewer rule, either, that says I can't prefer them that way.",4
Shutter Island,"It was a torture to sit and wait for almost 2 hours how a man will fail to find the courage to face and accept his trauma. Seriously what's the point? We know without sayin that this is pretty much true for all mentally ill people. I wish I knew why his wife got so ill, what made her so crazy, and what exactly he loved her for. Somehow they've got 3 children! I mean they should had have some happy family stories too. No? She couldn't got crazy just across the sudden. As for the trick played with audience where the story goes as he was real Marshal, they opened cards too soon. I wish they played the way we suddenly find it out only at the end.",4
Shutter Island,I liked it better the first time when it was The Ninth Configuration. It telegraphs all plot twists sucking away the suspense while using extremely heavy themes and content in a way they really don't earn. If I were being mean I would say that it is trite and emotionally manipulative.,4
Shutter Island,"I understand the big secret of the movie in the first 10 minutes, it feels like a colaz of bad scenes put together.",4
Shutter Island,If you don't like endless movies or suspense movies don't watch it. I suffered the consequences.,4
Shutter Island,Your better off watching cape fear or silence of the lambs.,4
Shutter Island,"Leonardo acts above average ( emotional scenes are boo ). Ben Kingsley is wasted. Thrilling scenes were well done, direction wise... ...But I felt cheated at the end... How many times can these film makers move us thru the whole plot hand in hand with the protagonist... & try to give a jolt like that in the end.. Just to give a re-watch value to the movie ??... 'Sixth Sense' was too good, even Shyamalan could not do it again... 'Fight Club' was good & nice experience..

All after that has mainly been crap, I feel this is one of those... 'Perfect Stranger' etc...

Bottomline is Don't waste your time on this flick...",4
Shutter Island,"I feel that there are quite a few glowing reviews on IMDb which may be totally fake and written by paid PR companies. Some are written in such a canned style with perfect 10 scores designed to boost the average overall score. I do agree the acting in this film is fantastic but the plot was utterly disturbing to say the least. Anyone attempting to graphically portray such a ghastly subject matter about children seriously needs to look carefully at themselves. I can only imagine how the make-up artists felt when they went through some of the more graphic scenes depicting the children towards the end. Quite frankly, it's disappointing if there's false reviews posted by PR agencies employed to rate this film much higher than it deserves. Overall, the criticism here lies with the deplorable plot and subject matter. The acting is first rate and obviously it's shot well. But who could possibly excuse some of the graphic scenes especially towards the end.? I'm not against difficult subject matter. I loved films like Capote, Goodfellas & Leon the Professional but this was just weird. When I left the cinema I got the feeling everyone else who'd watched the film felt this one missed the mark. I watched the film in the cinema with two other mates and they agreed it was a bizarre film. Sixth Sense is a brilliant example of how this type of genre can be fantastic to watch. Shutter Island was skipping between many different genre styles which detracts from the whole experience.",4
Shutter Island,"While the hypothesis of this film is a good one to speculate about, the implementation of the story in this film generates confusion and disappointment in viewers. Various scenes jump the protagonist from one location to another with any real motivation and poor, unrealistic transition. To lay the jumble of feelings and memories presented by the characters as simply mental illness is also inconsistent with realism. Finally, no real satisfaction comes from the story ending, not that it had to be happy, but at least worthy of the buildup generated by the story line. A better treatment of this material would contain more background of the protagonist as the story winds down to its conclusion. The invention of non-existent characters to supplement the story line should be avoided in favor of better documented understanding from more objective sources such as newspaper reports or discussions by characters clearly illustrated as being outside observers.",4
Shutter Island,"Two U.S. Marshals Teddy (DiCaprio) and Chuck (Ruffalo) investigate the disappearance of woman inmate for the criminally insane at Shutter Island.

The hype for scariness for this movie had me vowing to only watch it during a bright, sunny afternoon. Not to worry. This was not as scary as advertised. In fact the whole twist was given away early on and no, I won't tell what it is, but there are clues that practically hit you over your head. I am certain you will figure it out as I did and I am slow with these things.

The acting by all is very good. I just wish the story was better. It was not, but the opportunities were certainly there. For all the hype that came with this movie, there was no suspense, tension and you really don't care about the characters. You'll see. Still, it will hold your interest even though you have figured it all out. Something, eh?

Oh, I did watch it on a bright, sunny afternoon. Turns out, I didn't have to. Not scary.

Violence: Yes. Sex: No. Nudity: Yes. Crude Sex Language: Yes. Language: Yes.",4
Shutter Island,"This review explains some elements of the plot and also suggests possible improvements that could have saved the story from stopping halfway from the ballpark.

One thing is certain: the producers should NOT have entrusted this film to Martin Scorcese. This story could have been given a much better treatment in the crafty hands of Polanski, or Fincher, or, better still, Cronenberg. A film director who's only leading actor's name is Leonardo should be given a desk job instead.

About 70% of all the promise and potential in this story was, sadly, wasted. To begin with, the screenplay itself was raw and unpolished. Let's face it: there are way too many things in it that are somewhat announced but never really delivered. I'll explain what I mean, but beware of the SPOILERS GALORE!

Okay, a former FBI marshall becomes mentally unstable and is undergoing a treatment in a severely guarded clinical facility. A year into it the doctors decide to give him the last chance (before subjecting to lobotomy) and play out what's called in psychiatry 'psychodrama': you put a patient in hypnosis, program him to believe in a certain set of circumstances, and then deliberately lead him to the 'crisis' - final realization of his folly and the error of his ways.

The young protagonist Edward and his sidekick arrive to a severely guarded island to investigate the disappearance of one of the inmates. We are soon given glimpses into Teddy's past traumas and start to suspect that something's not right with him. At the same time the story suggests that something's not right with the facility as well: the rumors of violent experiments conducted on the inmates, the strange attitude of both doctors and police wardens etc. Somewhere 5 minutes into the film I got the feeling that the hero looks like he belongs there, because he is clearly delusional, just like the rest of the crowd there.

This is where the dream sequences come in, and they, I should say, are the most skillfully crafted element in the whole film. The movie speaks in Jungian symbolism here, inviting us to play a game of deciphering the meaning of the messages from the depth. We can clearly perceive the juxtaposition of the two elements: fire and water. The hero dreams of fire destroying his past love, only to be awakened by ever increasing showers of water bringing him back to brutal reality.

Although you are constantly haunted by the feeling that all of this somehow doesn't seem real altogether, if you learn to understand the language of the symbolic elements (mainly water and fire), the story becomes largely transparent. Edward suffers from a severe psychic trauma after his wife, being prone to bouts of schizophrenia, murdered their three children by drowning them in the pond. Upon discovery of this morbid predicament Teddy impulsively shoots his wife dead. The whole thing is too painful for him to live with, so he represses the whole episode deep into subconscious (classic Freud here) and creates a fictional memory instead, where his wife fell victim to arson and perished in a fire along with their apartment. ""She died."" - he explains to his sidekick. - ""Not from fire - from smoke. That is important.""

When interrogating the inmates Teddy is constantly asking them about a certain Laeddis. It turns out the guy was responsible for the arson. ""He lit the match that destroyed her."" We find that this person was Edward's own invention to relay the guilt of his wife's death. Since Edward blames 'Laeddis' - his alter ego - for the whole disaster, he obviously had thought he had somehow provoked\triggered his wife's insanity (although we are never really told how; we can only speculate that it was his excessive drinking which led to distancing away from her and thus pushing her mind to the edge.) In his search for 'Laeddis' he's actually looking for himself.

Edward finds the missing patient (Rachel) in a cave by the fire. During their entire conversation we see flames, which is clearly to tell us that Edward is again hallucinating and Rachel is in fact a figment of his imagination.

The film never fully uses its premise to the possible end: all the psychodrama so thoroughly played out by doctors and staff ends abruptly in the lighthouse scene (another Jungian symbol) where doctor simply TELLS Edward the truth (which is not something he should do, literature- wise and psychiatry-wise). The whole scene felt so out of place, as if the film crew were running out of time so instead of developing the story further they simply decided to quickly TELL the viewer the rest of it.

This is a shame really, because the story COULD have gone in a number of promising directions (for which all the premise was set): 1) play out the Warden character as a proper antagonist (immoral brute who is effectively questioning Edward's moral stance) 2) play out the love romance with either one of the female inmates, or even with fictional Rachel, which would help to reveal Edward's character flaw (that had helped instigate his wife's insanity) and possibly overcome it. Yes, there WAS a way to redeem Edward should have been MORE flashback scenes, and simply put MORE ROMANCE in the film in order to save the story.",4
Shutter Island,"Shutter Island has been very critically acclaimed but several fans and critics alike. The film by director Scorsese has become a hit as it was released back in February 2010. Starring Leonardo DiCaprio as the lead for their 4th collaboration (up to that point), Shutter Island does tell a very interesting story, however the journey we see does not fully equal to what one would expect. As all of Scorsese films, the performances delivered by the leads and supporting actors are top notch, as well as the visuals and scenery. Though one would have expected more.

By the finale, when the big twist is revealed, it does not feel as one is satisfied with everything that has happened, or we simply do not care so much. It was somewhat predictable with everything leading up to the conclusion. Perhaps as many have stated, Shutter Island could use multiple viewings and perhaps one would enjoy it more with another viewing. Though as it stands, I do not understand its hype it has received, as I do not feel it is an IMDb top 250 worthy film.",4
Shutter Island,"So, I watched this, despite not being that fond of thrillers, way back when it was released... and I liked it at first, the atmosphere was amazing, the visuals stunning, and the plot became more and more complex as we learned not everything is what it seems with the island, hinting at experimentation and conspiracies. And then comes the last 10 or so minutes of the movie, revealing basically everything was in our main character's head. Seriously, I kept hoping this was just a final ""maybe it isn't!"" twist and there would be another one, like in the Lazarus Project, but nope. It was disappointing. The conspiracy story was far, far more interesting than the real ending about a run-of-the-mill ""dead wife and kid"" past of the protagonist. Maybe I am spoiled with having thrillers with interesting twists, or because I prefer the strange to the mundane, but ending it all on Ben Kingsley shaking his head and saying the treatment was not a success was one of my biggest annoyances that year.",4
Shutter Island,"Where do I even begin? I was curious to see this movie as parts of it were filmed in my area. I knew some of the extras that would be in it and there was a lot of hype. Needless to say this film for me just didn't work. The premise of the story is that Leo's character is sent to a mental institute for the criminally insane to investigate a missing patient. He has flashbacks and as the story unwinds you begin to see he has his own struggles. You begin to wonder who the 'good guys' and the 'bad guys' are.

The film starts off slow...peaks to slow..and even ends in an unsatisfying way. At times I felt like I was watching 'A Beautiful Mind' and 'One Few Over the Cuckoo's Nest' only with a darker eerier tone that almost entirely moves at snail's pace. I didn't find it gory or creepy...just slowwww

I was distracted by the green screen during the journey on the boat and in the jeep ride with the Warden and at times seemed to be a green screen during the cliff scenes.

The dead girl moves so much in one scene I was distracted to the point that their death didn't even seem impactful because she was moving. Leo, Michelle, Mark and Ben all do great jobs with the acting ( I guess)..it was just painful to stay awake with the story lines. Too draggy...

Some of it was even just unbelievable...(i.e. the 'c' building that seemed more abandoned than an actual hospital setting and the lighthouse ..spiral staircases make it difficult to lug all that bulky furniture) ...but yet ..it happened..

I loved 'The Departed' and usually like Scorcese's twist on story telling...I just didn't enjoy this one..I would wait for the DVD.

The",4
Shutter Island,"Quite boring to be honest. High hopes, but it took three times me to get end of the movie.

Leonardo di Caprio is excellent like always.

But I really don't get all these great reviews.

Yes, there are some good moments in it.

But still I knew there is going to end like which doesn't satisfy me Quite boring to be honest. High hopes, but it took three times me to get end of the movie.

Leonardo di Caprio is excellent like always.

But I really don't get all these great reviews.

Yes, there are some good moments in it.

But still I knew there is going to end like which doesn't satisfy me. Some how everything was very irritaiting.",4
Shutter Island,"Wow so he turned out to be a mental patient in the end? No $hit.

Come on.

I was really hoping it was all bull$hit and that Dr. John Cawley was trying to trick Teddy Daniels but n000000000000.

also, right at the beginning where the 2 marshals were approaching the mental asylum, the music tried too hard to make the place sound eerie, it was very overdone.

So big deal that it was directed by Martin Scorsese, his film The Departed was a load of cack as well.

I have to say Shutter Island was very well acted but the ending really annoyed me. It could have been a great film but if its based on a book then, well, what can you do?

Sorry but just because its a Scorsese film doesn't mean its all that.",4
Shutter Island,"Oscar-winning film director Martin Scorsese's latest movie ""Shutter Island"" with Leonardo DiCaprio, Ben Kingsley, and Mark Ruffalo, qualifies as his worst epic since ""Boxcar Bertha"" in 1972. Mind you, Scorsese received an Academy Award finally in 2007 for his absorbing Bostonian undercover crime thriller ""The Departed."" Previously, he missed bagging the bronze statuette for ""Raging Bull"" in 1981, ""The Last Temptation of Christ"" in 1989, ""Goodfellas"" in 1991, ""The Age of Innocence"" in 1994, ""Gangs of New York"" in 2003, and ""The Aviator"" in 2005. Based on ""Mystic River"" author Dennis Lehane's 2003 bestselling psycho-thriller, ""Shutter Island"" constitutes a masterpiece of art direction, set design, cinematography, computer-generated special effects and top-notch acting. Nevertheless, you'll hate this gimmicky claptrap as soon as Scorsese and ""Alexander"" scenarist Laeta Kalogridis trot out their mind-boggling eleventh hour revelation! Talk about getting the rug yanked out from under your feet! Indeed, Scorsese seems to be channeling Alfred Hitchcock of ""Vertigo"" and ""North by Northwest"" during the first half of this portentous two-hour and eighteen minute melodrama before he shifts gears and imitates director M. Night Shyamalan of ""The Village"" in the last 20 minutes. Contrived and complicated from the start, this gloomy Gothic mystery thriller about a Houdini-like escape from a Federal maximum security asylum for the criminally insane, which resembles Alcatraz in Boston Harbor, is as delusional as a dog chasing its tail. Visually, ""Shutter Island"" could pass muster if it had stuck to its fairly predictable police procedural plot. Unfortunately, Scorsese weaves quite a tale that takes some strange turns before the bottom falls out. People that hate movies about elaborate mind games that lead them by the nose through a maze and then surprise them with a bad ending won't enjoy ""Shutter Island."" Meantime, audiences scavenging for visceral shocks to chill themselves are going to be sorely disappointed.

""Shutter Island"" opens in 1954 in the Boston Harbor Islands as a storm is brewing offshore. Hard-boiled World War II veteran Teddy Daniels (Leonardo DiCaprio of ""Titanic"") and his new partner Chuck Aule (Mark Ruffalo of ""The Last Castle"") are U.S. Federal Deputy Marshals who have been assigned to investigate the mysterious disappearance of an inmate patient at Ashecliffe Asylum. Ashecliffe occupies an island of its own, like Alcatraz Prison, and its terrain is both craggy and forbidding. A bald-headed, pipe-smoking Dr. Cawley (Ben Kingsley of ""Fifty Dead Men Walking"") welcomes our gumshoe heroes to the island. Ashecliffe is more than an asylum; it is a hospital and a laboratory. Cawley lets Teddy and Chuck know from the start that he favors drugs over lobotomy. He struggles to bring moral order and peace to the troubled inmates, most of whom are murderers. Cawley has summoned the Marshals because a convicted psychopathic killer, Rachel (Emily Mortimer of ""The Pink Panther 2""), has vanished from her cell. Rachel is a murderess who drowned her three children. Deputy Warden McPherson (John Carroll Lynch of ""Grand Torino"") has dozens of uniformed guards out turning over rocks while all this is transpiring. Teddy is just recovering from the voyage to the island. He suffers from seasickness. Cawley offers him aspirin. According to Cawley, when the attendant locked Rachel into his cell, he locked her in from the outside. When the Marshals scour Rachel's room, all they find is a cryptic note about 'the law of 4.' Moreover, Rachel left behind both pairs of shoes, and the terrain is far too treacherous for her to negotiate it without footwear. Deputy Warden McPherson points out that swimming under the current circumstances was out of the question. The currents would have driven her body back ashore.

Meanwhile, Teddy and Chuck are livid with indignation when they learn Cawley let the doctor treating Rachel take his long overdue vacation at the genesis of an investigation. Essentially, Teddy and Chuck spend most of their time interrogating the doctors, the staff, and the patients. Teddy wants to scrutinize the personnel records of everybody that dealt with Rachel. Cawley refuses to open the books because the information is confidential. Initially, since neither senior psychotherapist Dr. Naehring (Max Von Sydow of ""The Seventh Seal"") nor Cawley will allow Teddy to examine the personnel records. Eventually, Teddy discovers that Rachel could have slipped past one attendant when he went to the restroom. During their wanderings around the island, Teddy and Chuck get caught in a bad storm that forces Cawley and company to mobilize the staff and patients for an emergency. Our heroes wind up drenched to the skin, and Teddy resigns himself to staying on the island since the storm prevents their departure.

""Shutter Island"" doesn't look as bad as its plot is. Scorsese creates a palatable sense of paranoia, and the atmosphere simmers with tension. Early long shots of the ferry penetrating a fog bank on its way to the island reminded me of the ship in ""King Kong"" approaching Skull Island. Unfortunately, ""Shutter Island"" simmers but never comes boils. Despite ""JFK"" lenser Robert Richardson's incredibly flavorful cinematography and long-time Scorsese editor Thelma Schoonmaker's brisk cutting, this film takes too long to unfold and its payoff doesn't equal the time spent conjuring it up. A major flaw for any Hollywood movie is the absence of a sympathetic hero for whom we can root. The Leonard DiCaprio protagonist may generate a modicum of sympathy, but he lacks charisma. Nobody in this movie is remotely likable, especially the eerie Dr. Naehring. Naehring and Teddy have an intimate moment in the hallway and Naehring gets a taste of his own medicine. Moments like that aren't enough to redeem this potboiler. Altogether, ""Shutter Island"" amounts to utter hokum.",4
Shutter Island,"Forgetting the sucker I am for this kind of genre filmmaking I'm afraid I have to abstain from this one. Mr. Scorsese 's been trying too hard to make a grand, Oscar wining movie too long and now he's won it he seems plagued by his habit. The touch is officially lost. Blame it on the legend.

Right or wrong a noirish crime psychodrama is heavily relied on its plot. To this writer, and I guess to anyone who's read his Edgar Allan Poe and seen his Angel Heart - the far superior movie ancestor of this one – the plot is known in the first ten minutes. The rest, plot-wise, is an alarmingly unpleasant déjà vu. Of course, this being a Scorsese picture, it ought to contain more than meets the eye. It does – to a point at least. There is obsession, pain, guilt, and wrong turns taken. There is also the bombast of self-importance and meaning. Shutter Island (I'd hoped) wasn't the case for applying this kind of filmmaking mentality. Spectacularly, Island, besides being the patchwork of cinematic tributes to end all patchworks, also seeks for post post-modern auteuristic appraisal – not to mention a voracious self-gratification/affirmation. Hitchcock, Fuller, Siegel – all of them here imitated, none of them Oscar holder – would never indulge

Mr. Di Caprio, next only to his last year's performance in Revolutionary Road, is near perfect, the personification of the failing powers of a broken man. But, make no mistakes this a Scorsesian picture – even more than Gangs of New York and Aviator were in their own egomaniacal way. Overindulgent and cinematically aware, this is a 138 minute thriller of the mind emulating genre cinema of the 40s-50s that was about 50 minutes briefer and decidedly more economical. It is beautifully shot and meticulously executed of course but all is so overtly stylized and unfortunately scripted to feel redundant at half time. Scorsese has never been a director of atmospheres in the manner of a Vidor, a Tourneur or a Wise and by attempting at exactly their kind of filmmaking – which he admittedly adores and rightfully acknowledges – fails considerably. His strength has always been addressing the fallen male and in that he manages a welcomely engaging finale – albeit, a gloriously predictable one.

An ill masterpiece for the scholars of the future – who undoubtedly will contribute volumes of their own lives projected in the film – a barely enjoyable miss to the rest.",4
Shutter Island,"Look guys, I do get it. The film is a study of insanity before a thriller/horror. Doesn't make it good. Furthermore, if you read the book you'd see my point.

I read the book nearly a year before the film got released and I loved it. Quite possibly the most edge-of-your-seat book I read in a long time!!!! Furthermore when I saw the trailer and heard Scorsese would be doing the film adaptation I got ecstatic. Scorsese is one of the best filmmakers, and he directed my favorite film of 2006- The Departed. That movie was just spectacular, and it changed the way I saw movies forever. It blew my then-teenage mind, and I'll never forget the first time I saw it.

So could tell, I was excited, and flocking to the theatre on opening day, I was ready to place this at the top of my list.

The film is true to the book, yes. Is that a good thing? It depends. I was happy they stuck with the book, as basically it seemed like they used the book as the film's screenplay.

However, I have the feeling that this would be a one star review if I hadn't read the book. For one, even my girlfriend, who hadn't read the book, knew the ending about 10 minutes in. The plot worked well in the book, but as a movie, just simply fails, again showing that not all books that are great make good movies. The movie is pretty alright, as it is lush and colorful in a few scenes and at times even seems like a Gothic horror film. Again, pretty pictures does not equal good movie.

Another thing ruining the film is its ""punch in the face"" musical score. Come on, the score was ridiculous. Spooky tingling piano music!!! Nazi-marching-into-town-music!!! LOUD BRASS music!!! Whoever did the score needs a kick in the teeth. The murder scene near the end was hilarious due to the inappropriate spooky tingling piano music.

In short, honestly this film is pointless. I love Scorsese but this film just doesn't do anything for me. Skip it.",4
Shutter Island,"""Shutter Island"" provides early clues that something is amiss with the lead character, Teddy Daniels. And that leads one to think that the mystery has a twist that is different than what the film purports to be about. I didn't read Dennis Lehane's novel on which the film is based. But, if he wrote it in the way this film portrays the story, it had to be a difficult read to follow. Flashbacks are a nice (and convenient) tool in storytelling and motion pictures, but they should only be used sparingly. Otherwise, they can distract from the story. In this case, their frequency and disconnectedness soon wear the film out and tire the viewer.

I watched this film in the theater when it came out. I watched it again recently, and have a less enthusiastic response. I particularly enjoy good mysteries. The when, and how, and who, and why of a good suspense or crime story can be gripping and hold one's attention and interest. But these psychological thrillers sometimes muddle the plot and leave one wondering if a crime actually happened. So, the mystery isn't in solving a crime so much as it is in finding out if one was even committed at all.

That's the sort of feeling one gets with this film. Then, it has elements that may seem like red herrings. The idea of Communist insurrectionists, plotters against the government, and some other items might be intended as red herrings, but they seem to be more overkill in the makeup of a crazy character.

The use of so many flashbacks is probably necessary to arrive at the conclusion of the film. But they ignore the usual aspects of good movies and storytelling. So, instead of a tight plot this film seems to be a collection of different stories and random scenes and incidents tossed together with techniques to otherwise tantalize an audience. That may be very convenient for Hollywood, but it doesn't smack of superb mystery storytelling and filming.

The acting is good all around and can't be faulted. Of course, the ruse of the film can raise many questions. Did the hospital use real inmates to role-play with the delusional Teddy Daniels? If so, how could professional health people justify that? If they didn't use real inmates, then they just happened to have many other folks around who would like to role-play in an asylum for the criminally insane.

Unfortunately, psycho thrillers of this sort don't have to answer questions like that. Or make any sense at all. Real mysteries should allow people to rely on their senses and common sense otherwise. While I do enjoy such films from time to time, when they go this far off the track of good mystery telling, they go to another genre. They still involve crime but become more horror stories than human drama. And, then, the elements of the story don't have to fit or even make sense.

The use of flashbacks seems to be the modern Hollywood and fiction writers' technique for getting around the historical tenets of good writing and storytelling. So, plot, plot, plot (as in solid story development) becomes plod, plod, plod (as in toss things together and hurry them along to be done with it). Give me a good old-fashioned Agatha Christie or Dashiell Hammett mystery any day.",4
Shutter Island,"I've heard a lot of folks talk about how shocking the ending of this film was. I've read a few reviews to the same effect. All I can say is . . . really? Have any of you folk what didn't have the whole thing figured out within the first fifteen minutes ever seen any other, ""what a twist"", movies?

I'm actually really disappointed in my fellow man. I'm even more disappointed in Mr. Scorsese. I mean with all the movies that this man has seen and made, well, his expansive knowledge of all things cinema is one of the things you know about him. How could he have failed at subtlety so tremendously here?

Okay here's why I'm so disappointed. A year ago I read part of the book. I got to the point where Daniels and Aule (DiCaprio and Ruffalo respectively) first enter ward C where all the real crazies are kept, got bored with it and never picked it back up. I swear to all that is sacred and holy that I had no idea the story was even going to have a twist at that point. If I had, then maybe I would have kept reading just to see how far I'd get before figuring it out. At any rate, by the same point in the film I had long since had to stifle the urge to shout out in the theatre, ""He's crazy! He's a f***ing patient!""

Mr. Scorsese's decision to insert the hallucinations so early in the film, for me anyway, just immediately screamed, the man is a loon! And I mean really, these hallucination scenes are the only way that the movie differs from the book--up to the point which I can actually speak for that is.

I'm sick of Hollywood treating us like we're all stupid, taking us by the hand and walking us through each little step. The worst thing is, in hearing the public's reaction to this film I suppose I've found most of us actually need it. My own cousin, as well as reviewers on this site, took issue with, The Wolfman, because it was too subtle in spots, lightly touching on small sub-plot elements, asking you to use your imagination to answer a few questions here and there. I mean we're talking, The Wolfman, was too cerebral for these people.

Just thinking about how many times I've read reviews where the reason a person doesn't like a film is because it didn't answer every single one of their bloody questions, makes want to kick a kitten. Sometimes you don't even have to use your imagination in these cases! Sometimes all you need to do is actually think about what you've seen and heard for a minute before saying you don't get it.

I can't wait to have kids so I can raise them to believe it's COOL to be smart and read books, think for yourself, imagine.",4
Shutter Island,"Shutter Island, Scorsese's fourth film featuring Leonardo DiCaprio, recounts the unnerving of a U.S. Marshal with his arrival at the Ashecliffe Hospital for the Criminally Insane to investigate the disappearance of an inmate. The film is categorized as a horror film but falls more appropriately under the rubric, psychological thriller. Despite an all-star cast and a variety of technically adept cinematic features, the film falls short for a Scorsese work and even shorter for a horror film.

Teddy Daniels, the protagonist played by DiCaprio, is partnered with Chuck Aule, (Mark Ruffalo) in this investigation. Daniels' own psychologically debilitated state is made apparent through recurring graphic flashbacks of his involvement in WWII and through hallucinations of his recently deceased wife. The film opens with Daniels vomiting on the ferry destined for the island, the camera following him under deck as he tries to gather himself. Such vulnerability does not serve him well at the outset and beyond and suggests possibly that he might some day be greeted as an inmate himself. Indeed, upon entry into the facility, he is welcomed by a setting of low ceilings and chains as if, in time, he might find himself, given this introductory psychological makeup, restrained by them. Such symbolism is only the beginning of what makes the outcome of the film remarkably predictable...

To read the rest of the review visit: http://www.soundonsight.org/shutter-island-review-2/",4
Shutter Island,"First off let me say that I for one actually think Leo is a pretty decent actor. Sure in his early days he was the ""heart"" throb pretty boy of Titanic and Romeo and Juliet.. But after seeing his latest attempts - i.e Gangs of New York, The Aviator, The Departed and Catch me if you Can.. I've developed an appreciation for his skills as an actor... Also i respect the director of most of the same previous mentioned titles that Leo stars in...

But honestly what the hell were they thinking with this movie!?!? The story pace is terrible and the plot so predictable that I literally had called everything (and i mean EVERYTHING - including his wife etc..) 20 minutes in. I was hoping i was going to be proved wrong by some other twist but no..

As the movie started with them driving into the institution what was with the music score?? I was sitting there listening to the BOOOOM BOOOM.... BOOOM BOOOM... thinking ""OK.. that isn't suspenseful.. its just irritating.."" <- OK total minor point but I think it was from this point that my expectations from the movie started to drop.

I saw the movie a few days OK and it just keeps popping up in my mind how bad it is... its not scary at all. The plot is predictable. And the acting was below average. Avoid at all costs unless you have an I.Q under 100 and you haven't watched any 'twist' movies in your entire life.",4
Shutter Island,"Are the holocaust-movies so plenty lately that even the most liberal ones are getting tired of them? But you still need to push the agenda to guilt-trip the people? Well lets make a completely unrelated movie, then scatter flashbacks"" in it with the most emotionally loaded pictures possible! (Dead and frozen women and children puring out of boxcars? Only the dead puppy is missing!) You might as well also put a historical controversy in the flashbacks about Allied war crimes and than claim it's a madman's fantasy at the and while you are at it. Some radical feminist agenda can also be found in the movie, for example the way they present domestic violence, or that the husband is responsible for everything, even his wife's crimes.

The story itself is OK, with a clever plot twist. However there is something amiss the whole time and not in the way they intended: the island supposed to be a well locked mental hospital for the most dangerous criminally insane people in the US. But there are no Hannibal Lecters locked up there! The inmates you find are ordinary madmen with 1-2 ordinary"" kills (without extreme brutality) tops, some of them didn't even kill anyone. These people wouldn't need a maximum security institute. The same is the problem with the threat that they will find a way to diagnose the inspector with something and than keep him there: an ordinary madman has no place in a maximum security madhouse.

To sum it up: the idea for the story is good and they could have made a really good movie of it if it wasn't just an excuse for pushing an agenda. Like this it's so full of mistakes it's barely a mediocre movie.",4
Shutter Island,"(Synopsis) In 1954, U.S. Marshall Teddy Daniels (Leonardo DiCaprio) and his new partner Chuck Aule (Mark Ruffalo) are assigned to investigate the escape of a patient at the federal maximum security hospital/prison for the criminally insane located on Shutter Island. Once on the island, they find that the hospital and prison staffs aren't really cooperating with their investigation. It seems that the staff is hiding a big secret and Teddy is going to uncover it. Teddy believes that if he can see the records that he would break the case. In the meantime, the island is hit by a hurricane, and more dangerous patients escape and must be captured. This gives Teddy and Chuck the opportunity to check out some of the buildings to which they had been denied admission. Teddy finds the answer he was looking for.

(My Comment) Shutter Island has an eerie atmosphere with flashbacks to the concentration camp at Dachau and haunting dreams throughout the entire movie. At times, you will wonder what is real and what is not. Then you will reach a point where you don't care. I started looking at my watch wanting it to be over. If you are a Leonardo fan and decide to see it, you will see that he does a good job of playing the character, but the creepy storyline is disappointing and is only good enough as a B movie. It will not take you very long to figure out the plot, especially, when you are inside Teddy's head. Overall, this movie is dreary and totally depressing. (Paramount, Run Time 2:18, Rated R) (4/10)",4
Shutter Island,"Despite the intriguing trailers to this Scorsese film, it was not worth spending the money on. I thought this movie would be a slam dunk, instead it was a slam junk. The movie was not suspenseful, exciting, and thrilling as I had hoped. An idea of a isolated island, creepy mental patients and missing woman set in the 50's. Great concept however the story line fell apart. I will say the acting was good, Leonardo DiCaprio and Michelle Williams gave great performances. I did all I could to keep my eyes open through this 2hr 18min movie. I was left confused and unsatisfied. Trust me, you will be too.

I suggest you spend your money on Avatar and wait for Shutter Island on DVD.",4
Shutter Island,"I have to comment on this film since I was so disappointed in it. When I read the review this morning in the paper, I was sure I was going to skip it (the critic in the Washington Post panned it). However, later in the day I noticed on IMDb that it had a rating of 8.5, the same as Avatar, so I began to wonder if it might be good. I went to Metacritic and found it had a generally favorable score of 63, so I decided to see it. I could have gone to see Valentine's Day, which my friend had described as not as bad as he thought it would be.

Close to two slow hours are spent in developing the story that had a very convoluted and unsatisfying conclusion. There was very little entertainment value in this movie, although the acting was generally good. The critic in the Post called the movie weird and I would have to agree. I would say that, if the story was better and the conclusion more satisfying, my rating would have been higher, although I would still not recommend this movie.",4
Shutter Island,"One commentator has noted that this movie is a direct remake of The cabinet of Dr Caligari from the 1920's, but more recently the even more abysmal ""For Sale by Owner"" took the identical premise - investigator turns out to be the mental one, and butchered it. With such recent failure, one would hope that the script-writers could do something more imaginative.

Setting this movie in a mental home is such a cop-out because it means that nothing you see has to be real, or make sense.

The excessively overbearing soundtrack is as unsubtle as the rest of the movie, which is to say that even to numb-skull like me, the ending glared out from 15 minutes into the movie, and it was only the precise details that remained to be filled in.

Everyone's acting is first rate, but that does nothing to make up for the lack of satisfaction that this weak movie provides.

Surrealism doesn't automatically make a good movie, any more than a ""twist"" ending. It would have been a far greater twist if DiCaprio's character had gotten away and proved that there WAS a conspiracy...

I had such high hopes for this looking at the people involved with it, but now another great director is struck off my ""always trust"" list.

Has Hollywood's desire for safety tainted even this great director?",4
Shutter Island,"This was a film I was looking forward to seeing, but having watched it, I wish I hadn't bothered. If you are looking for a film which throws surprises that you couldn't guess then this isn't that film.

About half way I said to myself I bet this happens, and guess what it did. It was so predictable from about 40mins in I didn't care what the ending turned out to be.

That said it is an interesting film (albeit predictable) the acting is very believable and generally good. The locations are also well thought out. It is a shame however that in the end you feel cheated, because you will be able to guess where this film is going very early on.

My opinion, don't waste your money paying to see this, wait until it is shown on TV, which it will because this is the sort of dross TV companies buy.",4
Shutter Island,"Because honestly, it looks like you grabbed Leo DiCaprio, a couple of wind machines, a rough draft of the screenplay for ""Inception"" and made ""Shutter Island"" over a long weekend. Granted, your genius is evident throughout the movie . . . ""Shutter Island"" is muddled, confusing and ultimately pointless, but it's littered with raw, brutal, beautiful images that are much more disturbing than the nonsense storyline. What a masterpiece you could have made if you'd taken a few months to meditate on those visions of Dachau and drowning children. They could have been the heart of this movie instead of red herrings that ultimately have nothing to do with Leo's quest for . . . well, we're never really sure, since he doesn't seem to know either. Okay, maybe I shouldn't blame you for the inconsistencies of the plot, I've never read Lehane's novel. But I will remind you that some novels shouldn't be filmed, and maybe ""Shutter Island"" is one of them. I don't mind ambiguity. However, my idea of ""ambiguity"" is not knowing why Leo came to the island. Your idea of ""ambiguity"" means getting Leo to the island and then inventing five different competing reasons for him to be there . . . is he trying to find the man who murdered his wife? Is he trying to expose atrocities committed by the US government? Is he trying (and failing) to prove that he can keep an accent for an entire movie? He has to fill in the blank along with the audience, and I'm sorry, that's not as interesting as trying to solve a riddle with a single answer.",4
Shutter Island,"I give this four stars because hey, the performances were well done and the cinematography was just lovely, I'm sure most fans of the film can agree on that.

Unfortunately, it was otherwise very disappointing. I read so many rave reviews and everybody told me that I had to see this movie, the ending was wild and I'd never ever guess what it was and all that. Sadly, within the first five minutes I realized it was just an updated version of The Cabinet of Dr. Caligari, announced that DiCaprio was insane and all that, and infuriated my friends.

I do understand and respect why many people adore Shutter Island. My opinion may be different because I saw Caligari first or it may be because I'm a fan of silent films, but whatever the reason, I find the original more exciting to view.",4
Shutter Island,"Let me say that I went into this movie without having read the book. I was coming in blind, so to speak. Also, I was coming in hopeful. A psychological thriller starring Leo and being directed by Scorsese? Who wouldn't be a little excited? However, my excitement ended shortly after the opening credits.

The entire movie was boring, predictable, and I found myself not caring about any of the characters. From the first five minutes, the obvious and supposedly twisted ending is revealed all too easily for the careful watcher. It gives you a feeling that the creators of this film don't think the audience can figure things out for themselves. Everything is handed to us and there's no time for suspense because everything is being answered before you can become curious. There is a great score that's guaranteed to give you goosebumps, but the film doesn't deliver anything but a few jumps here and there.

All in all, this film was a horrible miss at a psychological thriller. Both Scorsese and DiCaprio should stick to what they know.",4
Shutter Island,"I don't want to be cast asunder for words of heresy but is Martin Scorsese losing it? I only ask because Shutter Island is a load of old claptrap. The reviews I've read seem to be unable to make their minds up about it and IMDb seems to have lost its marbles a little by awarding it 8.1 and a place in the coveted all time Top 250. Surely not for long when common sense kicks in and people review it for what it is. A mess.

The movie really is a tram smash of ideas, styles and plotting. There's a neat twist in it but the utterly gratuitous Dachau strand to the movie is verging on the disgraceful. Parts of the film, certainly in the first half flashback to Di Capprio's experiences as an American GI liberating the Dachau concentration camp would be, you'd have thought, central to the plot. Not a bit of it. This strand hangs about meaningfully but without meaning. But that's the issue with this whole movie. It seems to want to inject meaning into a genre that really is just about entertainment. In doing so it lifts ideas from The Shining (some brilliantly), Silence of the Lambs (unconvincingly) and Hitchcock (at his worst) but they go nowhere. The cinematography flits about from the stunning, the scene in which DiCapprio and his young bride embrace during a fire is mesmerising, to the laughable - again DiCapprio is featured driving through a forest as a passenger with the Asylum's head warder in front of a blue-screened background that could have been shot in 1954 (the year the movie is set) - I suspect the latter was deliberate. If so it was another misguided idea.

The grading leaps about from 21st century hi-def to 1950's colour-noir and can't seem to decide what it is that it wants to be.

Dicapprio is unconvincing, so too Rufallo and Sir Ben Kingsley? Well, he is actually lampooning himself. Awful, truly awful.

Do not waste your money on this rubbish.

4 out of 10",4
Shutter Island,"I was really looking forward so seeing this film after reading reviews etc, and also being a Scorsese fan. After watching the film for 10 minutes i had worked out the ending, i spent the next 2 hours hoping to be proved wrong but unfortunately i wasn't. I cannot tell you how disappointed i was with this film, i know this film is based on a book but it felt to me like a rehash of a few old films eg the twist from sixth sense etc, set in a institution. The only thing that saved me from giving this a lower rating was DiCaprio's performance who at least made it believable, and this is coming from someone who isn't a DiCaprio fan. but when you know the ending the film is spoiled!!",4
Shutter Island,"The first half of this movie is a fantasy, which gets solved in the second half by old-fashioned psychological here's-what-really-happened.

The lead looks too fresh to carry off the tragic role, and some of his delivery of the cartoonish lines is really poor (although may not be his fault). The fantasy part is half-baked with some clumsy clues, and then we get memories of the holocaust to illuminate the hero's past. Was that really necessary? I was thinking Jacob's Ladder, but I didn't like that either and it was a better movie than this.

The figuring-out part is like an '80s Hercules Poirot episode - neither scary nor emotive, just flipping over the cards as it suits the dealer. On top of his holocaust experience, the hero also had a mad homicidal wife. Bloody hell! The final flashback is awkward, and there's no effort to make us hurt for the children. The ending is ... ""led off in handcuffs"". Duh duh duuuuh!

Way too elaborate for a simple story.",4
Shutter Island,"The movie is unrealistic. What Institution would have had the money to produce a fake scenario with a cast of hundreds, numerous rehearsals and time taken from their regular jobs to convince one patient his fantasies were just that. They could and would have lobotomized him instead or simply kept him in solitary. Lobotomies were de reguer at that point in our history. Ditto for shock treatments. And according to the last scene this is the second time in a year that the whole facility has gone through this charade to try to ""wake"" this guy up. Like I said, who's got the time and especially the money to devote to just this one patient? Never happen. Some of the scenes were intriguing. The actors were compelling in certain scenes. But the movie as a whole was a ridiculous and unrealistic film with the credo that, ""if we surprise you, (no matter how far-fetched), you'll like it.""",4
Shutter Island,"Flamboyantly silly and long-winded psychothriller/psychodrama that tries hard to say relevant things about mental conditions, memory and trauma, but in fact is nothing more than pulp without the necessary entertainment factor.

Scorsese's lamentable attempt to inject his (admittedly gorgeous) visuals with an unnerving quality falls flat, while DiCaprio has always been the least successful in striking puzzled and worried poses.

In the end, all the narrative twists and impressive set-pieces prove to be ineffective due to the lack of sympathy towards the wooden characters.

And about that ambiguous story-line: It doesn't matter which version is true, both are ridiculous.

4 out of 10 mental breakdowns",4
Shutter Island,"Did I end up seeing a different movie than everyone else? I was shocked when I saw that Scorsese had directed this (I was unaware.) I think was by far his worst movie.

The story line had great potential - once you ""know"" what really happened at the end. I thought the execution of the film was poor.

The middle of the movie positively DRAGGED. I felt like I was watching Di Caprio and Winslet in Titanic, escaping from near death as the water rises - FIVE times in a row. I couldn't wait for the end.

The end of the movie was needless to say muddled, which is probably intentional. We're meant to to REALLY know what happened. Was he crazy? Was he not? Was he poisoned and committed to protect the secrets of the island? Was he really an inmate undergoing a radical therapy? I can appreciate the film noir quality of the ending. It's just by that time I didn't care.

There were lots of great clues along the way that don't make any sense at the time. But at the end when you look back they make sense (the blood from his wife's midsection when he's holding her ghost the first time.) And the idea behind a story like this is to make all of those clues fit the ""real"" story. Like explaining why they had to give up their guns at the gate. And why the guards were looking at them so strangely when they first arrived on the island.

What doesn't make sense to me is the opening sequence on the boat. Why is that part of the story? If you're going to try out this radical new theory, and you have to ""start"" Teddy off in his fantasy somewhere (where he departs from the reality of being an inmate and starts the fantasy of being a Marshal investigating the escape), then why not just have him start off on the dock (as if he just arrived.) It has to start somewhere - you can't go back indefinitely. The opening sequence just doesn't fit the ""real"" story - only the ""fantasy."" I was VERY disappointed in the execution of the film as a whole.

I wasn't alone either. Someone behind me muttered ""Scorsese needs a lobotomy"" as the credits rolled.

I couldn't help but laugh and agree.",4
