title,comment,rating
Slumdog Millionaire,"getting such a good rating and reviews for an ordinary movie, only a shame and shows how many people can feel good only looking at how poor other country is !!!

besides that i being an Indian did not feel anything about this film, and there are many others who feel the same. despite of being well aware of this fact this movie has been rated and won Oscars can only give one message which goes like "" we don't care how u feel we like poor looking and bad looking India"" which is only a losers attitude.

it also fails to maintain the people's belief in Oscars, being given away to movies that help the west and defame the east. bottom-line. since it has been happening long time , only movies that get west attention are in which ""wife beating, child exploitation , crime is shown.""

there are so many culturally beautiful things that i guarantee a majority people in the west DREAM yes actually dream about( and it is not in minorities or very hard to find in Indian it is actually very common ) u just have to look beyond , but it never gets media attention or west attention.

if u have it in u and can see through what media and film media shows u u will ask the same question as i am today "" why "" ?? why is it so?

if it is not preplanned ( this movie hype) then y is it that it got awards before it got people's attention. giving awards spreads the message hay watch this movie and feel good.

there may be little love story but that's about it....!!

India and a lot of eastern countries live life the way which is hard to imagine for the west. i guess that, what the reason is..",1
Slumdog Millionaire,"I hate it when I go to a film and I wince.

The last time I did so (and all through the picture) was Baz Lurmann's Moulin Rouge.

I don't have a problem suspending my belief when I watch a movie; I'm willing to go along with the ride with any film-maker. I just don't like to have my intelligence urinated on; and once again, it happens, and the guilty party this time is Slumdog Millionaire.

It's a mess, pure and simple; the photography is all over the place (I HATE MTV and CSI) and the worst of it all I'm under the unspoken impression that I'm watching one barely subtle plug for the Who Wants to Be A Millionaire franchise.

I don't care if it took home every Oscar at this year's Academy Awards (and the ones they did win I'm totally convinced the Academy is using crystal meth), this is one Best Picture Oscar winner I will never add to my DVD collection.

A minus five stars, in my book.",1
Slumdog Millionaire,"Some kid wins Who Wants to be a Millionaire in India and is promptly arrested for somehow swindling the programme, however, under scrutiny, he reveals how deeply affecting moments in his life caused him to recall the answer to each question.

A simple premise... so simple, in fact, that once you know it, the film seems to be pointlessly playing by the numbers.

I heard a lot of great things about this film, but to be honest, couldn't get into it and turned over after 20 minutes (hence the lowest score rating available). The production values were excellent - as one would imagine - but the story just failed to pull me in.

If you like predictable dramas spoken in a non-English language to boost the artistic value of a film clearly aimed at winning awards, then let the fact that it did achieve critical acclaim sucker you into wasting time better spent doing something else... like watching a film that's actually good.",1
Slumdog Millionaire,"What I don't like about this movie is the director's ""try-hard"" dramatization of India's poverty. India has a population of nearly 1.5 billion people and the geographical area is enormous. So, one can imagine the diversity of people in terms of socio-economic status. Unfortunately, this movie depicts only the negative side of India viz, poverty, lack of cleanliness and people's willingness to go to any extent for money. This is not true at all. I have traveled to a lot of countries in the world and I've seen a lot of morally superior people in the world more than anywhere else in the world. All I can say is, go to India and live there for sometime and see for yourself.",1
Slumdog Millionaire,"This movie had no soul. It comes from the mind of a very sick, depressed and sadistic individual aka Danny Boyle. His ambition in this movie was to show India and Indians in a bad light, which is not the reality at all as it portrays. There are many layers to Indian society, and being a complex and sophisticated culture, the layers are equally complex. All said and done, even these poorest of slum 'dogs' live happier and culturally rich lives than most millionaires in the west. This is the spiritual aspect which Boyle lacked the depth or the intention to portray.

There was this one scene in the movie where the boy is stealing tires from the car of an American tourist couple, and when caught, he tells them: ""This is the real India"", and the Americans give him $100 as say: ""This is some real America for you"". I mean how cheesy is that? Clearly Boyle was trying to patronize the American audience and awards' judges. It's a pity this movie was held in such esteem at the Oscars, but these are the days of Gaga and such talentless folks, so..",1
Slumdog Millionaire,"I loathed ""Who wants to be a Millionaire?"". The show is stupid, the format is awful with the way they drag out giving the answers to the questions and the music is cheap and awfull. For some reason it was everywhere in the 90'ier or 0'es, so it was hard to avoid it completely, especially the theme music.

I deeply resented being presented for this show again like a decade after it disappeared.

The movie was probably okay. It is basically an exploitation movie exploiding a fad around a game show. But everything is on a very high level, actors, direction and so on.

I just had a truly awful time watching it because of the game show taking up so much space, so I cannot give it more than 1 star. With the TV Show parts were cut out it would probably be decent.",1
Slumdog Millionaire,"""Slumdog Millionaire"" is a drama movie directed by Danny Boyle and is based on the book named ""Q&A"" created by Vikas Swarup. The main actors are Dev Patel starring as Jamal Malik and Freida Pinto starring as Latika. The story isn't that interesting, just the fact that it shows us a side of indian culture we don't quite often see. The movie starts in a poor village, Dharavi, where some kids were taken and were taught to sing for begging. Two of them, Jamal and, his brother, Salim, escaped and took the train to go away from there. They managed to live by doing illegal things, but Salim got mad on Jamal and they got apart. Later, Jamal decided to go to the show ""Who Wants to Be a Millionaire?"" and he had luck because all questions were based on his past but we will see if he'll win and if he'll meet his love. The story was not that good but the acting was quite nice and the characters felt pretty lively. The movie is fine if you don't have anything to do. The quality overall is average and I personally wouldn't recommend it. I'll give it 5 stars.",1
Slumdog Millionaire,"So this was the famous film that people raved about a few years ago .I'd finally gotten round to watching it on TV , and I am just stunned that this is the same film that people applauded and got excited about.

The story was utterly ruined for me by the constant abuse of children .Every flash back involved misery ,and abuse of every kind you could imagine , or rather didn't want to imagine. If I had been in a cinema ,I would have walked out .No amount of seeing him get to win a girl / money / get revenge / make good / could make up for the disturbing scenes of children running , crying , being blinded , etc .

.I found it depressing that we were supposed to have been uplifted by it all working out in the end. A dreadful film , with no redeeming features whatsoever .",1
Slumdog Millionaire,"The film is about a boy from Indian Muslim background who becomes the winner in the show ""Who wants to be a millionaire"". His journey from rags to riches is the storyline. The film background doesn't reflect the authentic Indian settings rather shows the socio economic status of one particular community. Danny Boyle is brutal in showcasing the lifestyle of people of that community, plus his direction is clean too.

Danny Boyle depicted the one in a million cases, to pinpoint the winner in the show. Salim, the protagony answers all the questions correctly not because of study but by dint of his experiences in real life. All these questions were a part of his life and so becoming a millionaire was easy for him. Salim, already was downtrodden, living a hard life of misery in violent environment, deserves all this money because of his sacrifices, perhaps. By hook or crook he did..

The films pace is fast, but brilliant where every detail is perfectly tied up with one another. The film making is brilliant nevertheless but personally I could not agree to the genuinely of the event. It's dramatized, with imagination, suitable for various tastes of viewers. A negative theme film with money, violence at the center, far from peaceful resolutions etc etc.

Technically well made, but still not relatable to a positive mindset. And AR Rahman winning an Oscar for jai ho does not reflect good judgement at all. A 5/10 will be the rating but to balance the present rating it would be a 1/10.",1
Slumdog Millionaire,I know that there are many slums in india but how can a kid dip himself in shit and reach superstar amitabh bachchan...i think it is also an insult to him but acting was nice.Hero is so lucky that he got every questions from his past...what a coincidence after coincidence?,1
Slumdog Millionaire,"The movie is interesting.... Direction is OK but some times dull... Story is the bad part.... First half is very entertaining but second half is pathetic. The movies scripts is also faulty......

1)MY PROBLEM: No show in history has ever sent a man to JAIL... lets talk about REAL Who Wants To Be A Millionaire.. most of people came in that show were needy or poor and some were from even slums.. all of us know India sure is a poor country , Many of the people who appeared took a lot , Please go and ask Mr. Bachan And SRK (2 big hosts of the show) how many of them were sent to jail?

2) What the hell was the ending? ""KISS ME"" :D are you serious ? followed by an awful Hindi soundtrack which got Oscar as well.

Sorry but the only good part of the movie was editing and Cinematography (and both didn't deserved Oscar). Worst part was the entire cast and the script

there are some very serious issues with the film.... starts is excellent..... but ending is awful 5/10 it just a movie you will forget very soon.",1
Slumdog Millionaire,"What is wrong with everyone? I see absolutely nothing of value in a movie that shows non-stop violence and horrific abuse. 99% of the abuse shown is toward children; which is incredibly disturbing. AND it is constant. The slums are horrifying. The camera pans the slums while showing adults and children being constantly abused. Children always running in fear. Throughout the whole movie you will see every kind of abuse that evil thinking can imagine.

The accolades that Danny Boyle is receiving are totally beyond my logic and understanding. I would not recommend this movie to anyone, ever. I so wish I wasn't talked into seeing it. If I were in that situation again, I would definitely walk out. It was a horror to sit through. The movie definitely would turn one off to ever visiting India.",1
Slumdog Millionaire,"First of all, I have no idea what the hue and cry is about. This film is average at most. The acting is mediocre, the story is decent. That's about it. The only creative and exciting part of the film was the ""Who wants to be a millionaire"" show. Apart from that, i must say that the film was very unrealistic. ( I am saying this because as an Indian, it is disturbing to hear people say that this is how India exactly is, and this is how it is in real life). Secondly, the direction was decent. Nothing spectacular. Some of the scenes like the Jai Ho dance in the end was a very good attempt at copying some of the commercial Bollywood films, which, consequently, are horrible. The only thing which made this film do well in the box office, and win an Oscar is due to the ""Indian Stereotype"" and the hype surrounding it.

5/10 at the most.",1
Slumdog Millionaire,The image presented in the movie in order to get the answers was completely incorrect.. Director or writer can use some different and positive ways too.. I'm also living in the India.. But never saw such India which is here in the movie..,1
Slumdog Millionaire,"Half of the film set up a very promising and graphically grungy depiction of India. Showcasing vivid portrayals of grotesque living conditions, and scenes of disturbing quality. Only to be slapped in the face; halfway through the film with Disney esque love story which had no reason to be there. Additionally, as each question brought up a memory for Jamal, this quickly became tiresome overtime as the movie kept repeating this formula. I had expectations for a documentary-esque portrayal of India but left with a void and a cheesy romantic subplot ruining the tone set for the 1st half. Plus, the award given to Jamal means nothing since the movie fails to highlight the legacy of this consequence. Jamal is rich, however the village he grew up on and the subsequent impoverished people are still ""trapped"" languishing in slums. In a sense no meaningful change, nor any powerful message about growing adversity was invoked. Just go watch Swades for a more down to Earth portrayal of India untainted by Hollywood. Genuinely frustrated.",1
Slumdog Millionaire,"Don't waste your time watching this. The script is full of India-seen-from-a-western-POW-clichés, the camerawork is murderous, and the child actors are a total pain in the a***. I gave up after just 40 minutes, couldn't take any more of it. Back in the mid-90s a very well known and respected Spanish film critic, Carlos Pumares, once said: Cinema has only 25 years of life left. And he was right. The illustrious members of the Academy who awarded this piece of trash with EIGHT Oscars either are PC crusaders looking for a few medals or a bunch of morons who spend all day sitting on their brains.",1
Slumdog Millionaire,"I can't believe how ridiculously overrated this movie is!

There is absolutely nothing of value here. The movie is an endless fest of violence, abuse, and aggression. Full of clichés, and totally over-the-top.

I do not believe that this is an accurate portrayal of the less-fortunate in India.

The plot holes were huge and plentiful. The whole movie feels pretentious.

I did not think the acting was particularly good. And, for God's sake, why cast such unsuitable child actors? Is it possible that one can be so dark in their childhood, but when they grow up, their skin is at least 10 shades lighter? I don't think so.

I did not feel any connection with any of the characters. They were so plastic and unnatural.

I don't understand why this movie has received such tremendous praise. It's beyond me. I don't see anything remotely appealing about this boring atrocity.

I don't think I've ever seen anything THIS lame and predictable. What is the point watching a movie, when you know exactly what and when is going to happen, and how it's going to end?

The story is dull and not at all compelling. Total borefest.",1
Slumdog Millionaire,"I watched this even before Oscars. Well, I liked it but it was truly painful to watch those kids, although I knew it was a motion picture. In fact, it is a painful movie to watch and painful story to listen after the release about kids involved in it. It's complete exploitation of those small kids and Directors even refuse to pay for a penny for their parents? After all, with worldwide gross over $360 million and with a budget of about $15 million, why the hell Danny Boyle ""trusts"" few thousand pounds to their funds and why those kids live in ""free housing"", ""non profit schooling""? The pain you watch in the movie is actually their everyday pain in real life, so Indian lawyers should sue Dany Boyle and his company. Finally, I felt disgusting after seeing it and I don't want to visit India at all.",1
Slumdog Millionaire,"""Lacking in Nativity!!!, 6 January 2009 - 1/10 stars - Author: thirumurugan-k from United States - The language in which the characters speak is the soul of a movie. Cidade de Deus, Shichinin no samurai, Ladri di biciclette were made in native language and so the originality of the movie was intact even though I watched those movies with English subtitles. Slumdog millionaire is totally lacking on this aspect and it is definitely not a film to be rated in the top 250.

I understand that the movie is made for western audience. But, It would have been better if the movie was made in Hindi and was released with subtitles to the western audience (similar to Lagaan)."" ~~~~~~~~~~~~~~~~~~~~~~~~~~~~~~~~~~~~~~~~~~~~~~~~~~~~~~~~~~~~

Movies should be criticized as a whole - picking out one thing to criticize is just too shallow to be helpful! It's like criticizing the color of someone's clothes in a movie. You have to let the creators and director have some leeway in how they present the movie and what audience they are trying to reach. And such a criticism doesn't tell us much about why the reviewer thinks the movie should be poorly rated, it only tells us about his bias about one aspect of the film. If a reviewer can't approach a movie as a whole then what have they accomplished in their review? Only that they are reviewing a bias that their ego can't cope with. Give us a valid review or move on! Let's face it - it is pretty ridiculous (and superficial) to give a movie 1 star out of 10 based on how the soundtrack was presented language-wise.",1
Slumdog Millionaire,"I am a 48 year old American male and I love everything from Gone With the Wind to the Terminator. I like 95% of all the westerns and about the same with documentaries and most genres, BUT SLUM DOG IS ONE OF THE WORST MOVIES I HAVE EVER SEEN , PERIOD . Everybody I watched it with said the same thing, it was junk. I have enjoyed watching paint dry better, this movie is junk. Everybody we saw it with was wondering if we even saw the right movie that won all the academy awards. This movie is not worth watching on cable if all the other channels where not available. I am just shocked to say the least. I am a 48 year old American male and I love everything from Gone With the Wind to the Terminator. I like 95% of all the westerns and about the same with documentaries and most genres, BUT SLUM DOG IS ONE OF THE WORST MOVIES I HAVE EVER SEEN , PERIOD . Everybody I watched it with said the same thing, it was junk. I have enjoyed watching paint dry better, this movie is junk. Everybody we saw it with was wondering if we even saw the right movie that won all the academy awards. This movie is not worth watching on cable if all the other channels where not available. I am just shocked to say the least.",1
Slumdog Millionaire,"first of this is not a feel good but a very feel bad film. all the characters and i mean all of them are nasty and quite stupid. the elder brother constantly screws his younger brother and puts him in difficult and life threatening situations he stills the love of his life. the policeman, the quiz show host, the gangsters are all horrible and nasty people. everything that happens to the kid is tragic. the kid as a grown up is a gormless guy, who just wants his girl, neither he nor his brother aspire to anything, they just get by, by any means mostly foul and violent. the film is loud abrasive and the utmost in exploitation cinema. i think audiences today just go in leave their brains, if they have one, at the door and lap up what is in front of them. going along with critics, who today, have lost all critical faculties, just wait for when the DVD comes out i bet anything that critics who gave this film rave reviews will be more conservative on their appraisal, on a second views all its very many flaws and unbelievable implausibilities will come to light. a bad film in every way",1
Slumdog Millionaire,"I've seen hundreds of films about poverty and chasing dreams in my life,but this 'movie',if we can call it so,is the worst of them all!Interesting screenplay-absent.Charismatic and breathtaking actors' play-absent.Deep,conscious and involving director's work-absent!How did this movie get 8(!) Oscars?!I'm really frustrated!I thought that Academy members have good taste,but now I'm disappointed!By this work Boyle proved that he should better make movies about zombies!What for that dynamic edit?Did he forget that he's filming NOT a sequel for 28 Weeks Later?He's action director,but not dramatic.I think couple years of such judgment-and we can forget about prestige of Oscar!",1
Slumdog Millionaire,"Brainwashing on ""get lots of money and you will get all the rest: love, happiness, etc.""... I think this brainwashing was made specially for India's people. A nation with more the a billion people, known for their religious mindset. If we make them capitalists, man, we get a big consumers pool! There are so many movies that stimulate the ""rat race"" and I am not a fan of this genre. Also there are explicit violent scenes that I think were dispensable. Worth watching only to understand our times and the mind setting we are exposed to. India producers lots of movies and this one certainly does not represent their share to world's best pieces of art.",1
Slumdog Millionaire,"To date there's only one movie I've actually walked out on. SM isn't one of them, but it was a close call.

In general I can't stand the over exagerated, over romanticised and over acted movies that come out of Bollywood. In the case of SM all Danny Boyle has done is produced his version of sentimental Bollywood claptrap, and Western audiences and critics lapped it up.

SM is boring and predictable and the forced Bollywood sentimentality will have you cringeing from the opening titles to the end credits.",1
Slumdog Millionaire,"The main actors as children - are a important part of the story.

I can't enjoy any part of the movie knowing these precious children are in harms way.

To just dump them back in the slums is where HE belongs.

HE has put them in danger with their fame - then dumped them back in the slums. They deserve a safe existence and good education-NOW.

I want the truth - where is the ""proof"" the film set up trusts - and if they did spend the money to protect and educate them now thru college.

All praise and glory he thinks he deserves - makes him - nothing but the most horrible (can't even call him a ""human being"")

of the worst CREATURE to ever exist.",1
Slumdog Millionaire,"this movie was superbad and by that i don't mean good i watched it and even all the hype that was going on about this movie,,its just that, hype thats it.... bollywood will never make a good movie as far as im concerned... if you like American movies you wont like this movie.... if you like b-list movies you might,,,,,might like this movie... now i suggest you don't watch this movie our money doesn't need to go to India our nation needs the money doesn't need to go to a nation that tries to lock up a person for kissing person in public. this movie wants you to be sorry for there SORRY country but im not buyin it its stupid.... because of this ""star from bollywood"" i will never watch another film out of India again",1
Slumdog Millionaire,"Slumdog Millionaire is one of the most difficult Academy pictures of the year to sit through. What must they have been thinking to have nominated this movie in the first place? It is not outstandingly acted, has a thin and disconnected plot, and doesn't even tell a good story. Any movie that relies on subtitles (or in this case, ""sidetitles"") is difficult at best and Slumdog is no exception. To the actor's credit, one can almost figure out what is go happening even though the ""sidetitles"" are missed. On the big screen, cannot enjoy the movie and finish reading the ""sidetitles"" before they disappear. On the little screen (and that includes 50 inch HD), the ""sidetitles"" are impossible. One finds themselves watching for where they are going to pop up next and then tries with frustration to read them before the next one pops up on the other side of the screen. This is one to forget and it is a shame that it is even placed on a par with such as Gone with the Wind",1
Slumdog Millionaire,"If you liked Slumdog Millionaire, give a try to the original story Q&A by Vikas Swarup.

There is even a BBC audio drama of the original story, which is what I listened to. You know what? I thought the audio drama was ten times better than the movie. You find that hard to believe? Give it a try! (Don't condemn without giving it a fair hearing. Note that, from Wikipedia: ""The radio dramatisation by Ayeesha Menon, directed and produced by John Dryden on BBC Radio 4, won the Sony Radio Award for Drama 2008 and the IVCA Clarion Award 2008."") The story, as in the BBC audio drama, is quite different from the movie. The movie is only very loosely based on the original story. The original story AVOIDS THE LEFT-WING Clichés of the movie. Starting at the very beginning, for example, the main character's name is Ram Mohammed Thomas and while very young he is raised by a kind Christian priest (not in the slums). The left-wing cliché avoided here is that he is oppressed by society/the establishment from birth, growing up in slums with his mother killed in a massacre of a religious minority by the religious majority. And the comparison goes on and on like this, if you compare the original story to the movie version.

You say that I must be a fool because the movie screenplay won an Academy Award? That's one view. My own view is that the Academy Award was political and I've lost respect for the Academy.

Again, before sounding off that anyone who believes the original story is vastly superior to the movie script must be a fool, please read the original story or listen to the BBC version.",1
Slumdog Millionaire,"Slumdog Millionaire

Plot: The main character Jamal (Dev Patel) lived in the slums for most of his life. Jamal is on the game show ""Who wants to be a millionaire?"" and for every question that is asked, there is flashback to Jamal's life and that's how he answers each question. For every event that happened in his life, there's a question about it. The police suspect he's cheating because he's from the slums, meaning he isn't well educated enough to know all the answers.

Would I Recommend It: I definitely wouldn't recommend this film. There is no real plot or purpose in the film. Throughout the whole film it's just about Jamal's past, which gets rather boring. I can't understand why people say this film is really good, nothing much really happens. And there is no real purpose to the film. It's just Jamal answering questions on the game show.

Why I gave It The Rating I Did: I gave it a rating of 1 star because I don't think it's worthy of anything more. I didn't enjoy the film at all, all the way through the film I was waiting for something ""good"" to happen. There was no purpose at all to the film.

Slumdog Millionaire is definitely one of those films which is highly overrated. Before watching this film I'd heard people say it was amazing and the best film of 2008. After I'd watched the film I felt highly let down. Save your time for something worthwhile.",1
Slumdog Millionaire,"After the Oscars, I was expecting a movie that actually had some merit. Sadly, this is about the worst trash the movies have produced in many years. Boring and oppressively violent, I didn't see any redeeming values, unless you think obsessive exploitation of children is OK. I know some will dismiss my comments with, ""He just didn't get it."" Well, I did get it and this semi-documentary is simply not worthy of any of the accolades heaped upon it. I never ceases to amaze me how films like this advance an unsupported agenda my making the plot hard to follow. Wake up! folks, just because you didn't understand what was going on, doesn't make the move deep or even meaningful. Heartfelt trash is still trash.",1
Slumdog Millionaire,"I read the book first. And it was amazing. I couldn't put it down. One of the best books I have ever read.

Then I tried to watch this movie. Highlighting the word ""tried"". The first 20 minutes or so, showed that the movie was nothing like the book, not even close. They shouldn't even share a name. There were so many things changed, that it made to movie too different from what the story was originally. Okay, the main idea is the same, but all the details and the parts that made the book spectacular, were removed/changed.

I can't stop wondering, why this movie has had so many views and so many praises. Haven't people read the book? Or am I just demanding too much?

I can't say much about the acting, because I couldn't continue to watch this. I rarely hate a movie as much as I hate this, but this didn't honor the book as it should've.

This movie is one of the most overrated movies there is.",1
Slumdog Millionaire,"This must be the most overrated film of the 21st century. I don't know why it's held in such high regard by critics - or why it was very successful. It should have won Razzies. If I could give it no stars, I would.

This film haphazardly cuts back and forth in time so you don't know where you are chronologically.

It's not credible that a TV channel would torture a winner of its show. They love it when someone wins the jackpot, because it provides them with a great deal of good publicity.

The romance between the protagonist and Frieda Pinto's character is preposterous and isn't adequately explained. Poor, skinny, geeky, teenage boys don't get to have sex with hot girls.

This is promoted as a feel-good film, which is a huge lie. It's very much a feel-bad film. It includes severe poverty, false imprisonment, torture and a child being submerged in human excrement.",1
Slumdog Millionaire,"this movie is horrid. i would not recommend. if you like long drawn out pointless movies. just because they won an award doesn't make it the best movie ever. i don't understand how all of you voted 9 stars. very overrated movie. don't watch, i promise you will be mad at yourself.

the story was predictable.

it was a movie based on a middle eastern boy. i really don't like this movie whatsoever. it was the biggest waste of time. i am begging you to not go to see this movie. unless you want to poke out your eyeballs of how stupid and boring this movie is. about a game of who wants to be a millionaire, and some middle eastern boy who finally got something out of life. big deal. this movie was garbage.",1
Slumdog Millionaire,"How can this film be described? A number of things pop up quickly such as Inaccurate and Exaggerated.

The plot just like the portrayal of India is completely unrealistic While film has the ability to be imaginative and creative it should never cross the line where it insults the viewers intelligence. And boy does it insinuate a lot. We have to believe that some person from a poor background has a memory that just so happens to answer every question in Millionaire. First the movie puts down a great country and people who do not have very good lives and then it is plausible for this person to know all the answers because he has 'experienced' life. Unless he is similar to Michael Ross from Suits and has a photographic memory this is ludicrous.

This movie portrays a flawed but beautiful country in a very poor and negative light. It focuses on the negative aspects of India such as its poverty and sadly that is all we see. However in reality Mumbai has a number of beautiful parts and in certain areas it is quite heavenly. A number of key settings and themes is completely exaggerated. Bribery does exist in government but this is mostly at an administrative level, where a 'gift' can expedite something. Slums are a problem and exist on the outskirts of the city - very important to note. Over time they developed as a result of people with no education, prospects or savings who started living on the outer side of the big city because they found it hard to earn a living. Sadly India does not have welfare or assistance in the commercial and capitalist capital of the country. They lived illegally and still do on city grounds and rake in income by an means possible, sadly this involves having many children to beg for money. As you can imagine this behavior has compounded and out of control but - not a central part of the city. Slums and slum live is not Mumbai or India and is a lie in film to show a country exists in this state.

What is disheartening is Dev Patel and Frieda Pinto and the Indian production staff who exploited their own country and they know is a lot better for some Hollywood stardom. When you have cowardice and people with no backbone within the country what do you expect? They were too happy to serve India's head on a platter to a Western audience that is constantly happy to see poverty and sadness in other countries to feel better about themselves. An audience that would like to see differences of a third world so they can ignore the shortcomings in their own backyard which is why this film was well received, lets not deny it.

This movie showed waste in India but the real waste is the film itself. It is a disgrace to a great nation, a lie broadcast to Hollywood and an over exaggerated movie. I think I can pin point when the Academy awards lost its credibility.",1
Slumdog Millionaire,"The top reviewer said ""the story introduces one of the brothers as being the subject of a very strong interrogation"". Think of what the latter phrase is a euphemism for. It's not a spoiler but a warning to say that this scene is graphically violent, followed by many similar scenes. I walked out after 50 minutes.

I really don't understand how this movie can be listed as a comedy drama, given the endless graphic violence it contains. The only audience laugh was when a boy is prevented from doing something he really wants to him unless he swims through a cesspool. Talk about potty jokes taken to an extreme!

I wish I had never been talked into seeing this film. It will be a long time before I can get these extremely disturbing scenes out of my head. All ads and reviews of this film should have an explicit warning of the horrors in it.",1
Slumdog Millionaire,"Warning-This review contains spoilers. What a bad movie this was and it received 8 Oscars.how dumb can people be.the entire movie is just crap.I would like to ask people who liked this movie to consider the following facts: 1)how is it possible that all the questions asked to the boy have happened in his life? 2)and if it did,how did it happen in exact chronological order? 3)anyone with general knowledge knows that people in slums don't go to school.how did the people from the slums of India begin talking English,while they've never been to school 4)why did the guy in the end choose to die in a tub with money rather than escaping.

I challenge everyone who liked this movie to answer my questions",1
Slumdog Millionaire,"Some Indian people will do anything to earn American dollars.The situation in Indian cinema of the last 100 years is very confusing. No one likes art cinema (X Ray,Railway Bhatak,Pampalkrishna) where these intellectuals show poor people.In a film disco dancer mithun is showed as a poor hunter.X Ray has shown Gabbar Singh in a role of players of chess.Pampal has shown kerala super star Mum ooty.So rich people do not like art cinema as it shows only poor people.Sunil Dutt wife angry over X ray because in parliament x ray showing poor people. Indian intellectual class don't like Hindi films as 180 minutes full of songs,dance,comedy and action.It is like a spicy pizza full of different flavours.So Indian cinema is very confused state.Shyam Benegal making a silly film about village post man in Sajjanpur. Each time a non sense like this is made,it puts to shame all the good work which Indian software professionals are doing in India.Such a piece of an idiot's fantasy puts to shame all the Indian people who work for NASA in USA.This is because people will think that India is a poor country.No India is not a poor country but India is a golden sparrow.It is a pity that an Indian film ""Stars on Ground"" is not appreciated by west people.It is about mentally retarded children who are trained by a mentally retarded teacher.Many people write to Indian newspapers why Oscar is not giving a special prize to a gem of an Indian film ""Stars on ground"".A word about bad actors.The actor who played the role of police inspector cannot speak English at all.I happened to see him on TV and boy ! he was struggling to utter even some of the most basic sentences.I wonder he must have also been picked up from some Indian slum.Some of my friends told me that he has also acted in other English films.This makes me feel as if boorish guys can easily get roles in Hollywood.SM is sado masochistic film.The only person who has gained from this bad film is its casting director Loveleen Ton Ton.If she can earn lot and lots and pots and pots of money,there would be millions like her who have done mass communication who would do casting job of casting poor Indian children to earn shiny dollars making a mockery of India's progress.What a shame !",1
Slumdog Millionaire,"This movie is an insult to the viewer's intelligence.

I saw this before the Oscar hype and seriously I found it insulting in so many ways.

The movie's name reeks of colonial overtures. Seriously is it so tough to find a name which isn't downright insulting?

While I agree Hindu-Muslim riots are a reality in India what I found to be utterly derogating was a kid of 6-7 yrs portraying Ram with a bow and arrow with a menacing eyes ready to pounce upon younger version of Jamaal.Even more so as the movie portrays somewhat a contemporary (early 1990s) event which is quite well-documented.

Slums are also a hard reality not just in Mumbai but throughout the whole of India. But even there people exist who help each other, share whatever meager things they have with others etc. even though here portrayed as some dystopia where all they do is blind the kids, run brothels etc.

More than the socio-political portrayal this movie takes all the negative things that has ever happened to anyone in India and make it happen to one single person by which it takes poetic license a bit too far and also tests the very premise of probability theory.

ARR has done far more ear-pleasing compositions than what he has done for this stupid movie.

While I can write a research paper dissecting all the plot holes each one of them larger than the rings of Saturn I won't do it as it's already been done by so many people.

And lo!! behold!! we have 8 Academy awards to show while The Dark Knight and The Wrestler doesn't even get a nomination in many of the relevant categories :(",1
Slumdog Millionaire,"This is a good film...but not great.Many people find this film great,because 90% people are so emotional.The writing and editing is great along side it's unique idea.But I think if in the end Jamal lost every bit of money it will be a better finish and make this film a all time great.The things I dis-like most is ...

1)After wining 2 million Jamal waited in the station but no one around him(no media..no journalist...no passenger).Previously(after winning 1 million) it shows he is so popular that every person in the road recognize him.

2)After wining 1 million he is captured by the police because host of this show wants it.But after winning 2 million host don't call police.

3)Actual cause of his(Jamal) coming to this show is he wants to be noticed by Latika.So, before the last question he succeed to his mission.So I think it will be more appropriate to show he win nothing(money)..but everything(meet Latika again) like a Millionaire.

4)Most of all half of dialog of this film is in Hindi and other half in English...WHY?It should be completely Hindi or completely English.Last year's film ""Môme, La"" is completely in french and that makes it so good.

5)Most of all if you think slightly you will realize that ...Jamal came from slum where nobody care about him and later part of his life same thing continue..suddenly because he win 1 million people cares about him...so if he lost money...then the station portion(sitting all alone and waiting for Latika) will be a master stroke.

6)Jamal got entry in ""Who Wants to be a Millionaire"" from the call center.But it does not allow him to be in the hot seat.Because after somebody got the chance in phone he has to attend a question(which has all 4 write answer and you have to arrange it in Ascending Order and Descending Order)to be in the hot seat.But it should be shown in the film because about this the film is made.so it should be complete from beginning to end . 7)Most of all ""Who Wants to be a Millionaire"" never shown live..not in India and not in America too. My point is for only enjoyment it's a wonderful film..but it not gonna get Oscar.Because it has magic..but lack of logic.",1
Slumdog Millionaire,"OK. This is certainly a colossal waste of my time but I need my voice heard...but before that..Is there provision for me to get a refund?

What a Long, Boring and Silly Bollywood Flick. Before I start, here are a few recommendations...

1. Salaam Bombay (Go watch it!) 2. City of God (As pointed out by many here) 3. Kite Runner

So there are parts of the movie that can be credited to the director esp. for getting great work out of the slum dwelling kids. The Music director (fyi: Bombay Dreams) is certainly well known in those parts of the world and being familiar with his work, the music was certainly not his best till date.

-The director seems to want to showcase the flora and fauna of India and in a matter of minutes, there are camera shots of the hill stations in southern India to the desert in the western part - all on the same train?

-The protagonist in the film, seems to have captured the attention of millions of people, yet after he has successful won the show, manages to sit at a train station - completely unnoticed?? Really?

-The policeman sits in his vehicle, as someone stands in front burning? Huh - Am I to assume the impression is that somehow the law enforcement is to be played out as a joke?

I am at a lack of words to express how silly this movie is! Go watch it if you still want to kill your brain cells. I am guilty of it.",1
Slumdog Millionaire,"I sincerely do hope that my comment gets published because I really want it to!. Firstly, I am an Indian, lived in India for 22 years before moving to US. Moreover, I am a proud Hindu if that makes any difference. And Yes, I am a proud worshiper of Shri Ram. Anyone who has a minute understanding of Hinduism will testify what was shown about him in the movie was incorrect. Anyway, in my entire life I have never gone chasing around ""Innocent"" Muslims. We will come to that later. I am not surprised that this particular movie won these many Oscars and that the movie was made when the government in India is a pseudo-secular supporting party. No wonder the victim was shown to be a Muslim, the Muslim Music Director and Composer who had a field day abusing the image of India won Laurels and Oscars Abroad!.

Secondly, the issue about Poverty. Yes, limbs are cut off people to make them beg in India. Yes, there is poverty present. But I have a simple question to ask?. Isn't there poverty abroad in US or UK?. Please don't tell me otherwise as I have been to Detroit, Michigan and South Chicago. For a while I was also at Downtown Los Angeles. At least a poor in India can walk safely in the night but I am not sure it would be that safe from the Homeless in Detroit, Chicago, LA or Downtown New york.

My message is this,Get over it West!. 10% of US population is homeless. If call centers and software weren't outsourced to ""Third World"" countries like India where the currency is artificially manipulated to be undervalued to help the almighty Dollar (Wasn't a 100 dollar bill shown in the movie?), much of the west would have already been on the streets by now. And yes, looking at the current Recession that would be inevitable it seems. Entire world knows how rich the west is when most of the Banks in US are bankrupt. Let me not go into our former ""Colonial power"" UK where I have heard that the situation is even worse.

Let me tell you one fact to the West whether you believe me or not. The Liberal Left Political party in India, The Congress party has ruled India for 90% of the time. They have encouraged(in fact promoted by all efforts) unimaginable poverty, slums, Muslim ghettoization because every 5 years during election time they ask them for their votes promising the gullible Indian population that this time they will improve their pathetic poverty but they do not. And now they have the audacity to promote this movie and attack the Hindu population who are largely tolerant and hard working but follow the disgusting caste system. (But believe me Caste System is NOT responsible for today's India). It is not a MATTER of pride for us that India is poor. Everyday we cry wishing that someday we can eliminate the poverty in India vis a vis China.

But this movie sadly promotes the agenda of the liberal left in India to continue to rule and to make sure that India remains poor.",1
Slumdog Millionaire,"First of all, I'm an Indian. So I want to clarify this movie didn't offend me in any kind of way. It was nice to see all the world laughing and making jokes on Indians all across the globe, and they deserve it. Bollywood the so called Biggest Film industry in the world has copied almost 96% of Hollywood, Germany,Korean movies and music.

Guy Meets Girl and they fall in love and they fight the whole world for the survival of their love. That is a typical story of a Bollywood Movie, almost 99% movies are made in India are based on this subject. Danny Boyle did nothing but take that Level of stupidity to another Level. I hate this Movie for every reason. I don't know why this movie won Oscar, the story of the movie is completely fictional, the characters are speaking English. The main Lead Actor did nothing but kept fighting for his dream girl for his entire life.

Ugly Looking Actors, Poor Story, Poor Film, Poor Country. I want IMDb supervisor to remove this movie from Top 250.",1
Slumdog Millionaire,"There have been many overrated movies in recent years (The Queen, Little Miss Sunshine, Babel, Atonement, Juno, etc.), but Slumdog Millionaire has the distinction of being the worst. This so-called film is implausible to the extreme, has virtually no character development, and contradicts its own rags-to-riches message. Danny Boyle tries to hide these flaws with flashy camera-work and editing. But viewers who think when they watch movies will see right through these devices. That says something about the members of the Academy of Motion Picture Arts and Sciences, who singled Slumdog Millionaire out as an outstanding achievement in writing and direction, and even named it the best film of the year. This isn't merely absurd, it's a travesty.",1
Slumdog Millionaire,"I really don't understand why this film is so appreciated, OK it has a very strong love message and its beginning is very good but it decreases its quality each time the plot advances until the end. I think this film deserves 6.5 stars, but I give it 1 because it shouldn't be at the 250 top IMDb.

The movie is divided in 3 parts: 1)when the leading characters are little children, 2) when they are young teenagers and 3) when they are old teenagers. The first part is great, the second part is entertaining but a little silly, and the third part looks like a bad movie, except by the last kissing scene which is very good and touching. If I had to rate the 3 parts it would be like this: part 1: 8 stars; part 2: 6 stars; part 3: 4.5 stars. Ah by the way I liked the final dance at the end.

I didn't buy the circumstances under which the leading is questioned by the police by the suspicion he had cheated in the contest. I bought the parts where he knew the contest's answers (I liked the way they made it how he knew the answers) because we have always watched on the news about very rare good things that happen to people. As I said before the third part is very bad developed specially the scenes involving the under world of the Salim character.

Jamal is a contestant of a TV program who is being questioning by the police by the suspicion he has been cheating. Jamal tells the police how the contest's answers are related with some facts of his life since he was a poor kid, and that he only wants to recover the love of his life by being part of this TV contest............

I recommend watching this movie with your family especially because the children actors are very good.",1
Slumdog Millionaire,"Starting with the eager to please fast cutting, Slumdog glosses over anything unpleasant and gives the overall feeling of a music video. This makes poverty feel like a fun time to the middle class westerner. Wesley Morris of the Boston Globe aptly put it ""I feel like I'm escaping into something that many people can't escape out of."" The most telling scene of the movie in which Jamal cons a tourist reinforces British Danny Boyle's sense of superiority to American tourists and Indian slum dwellers. ""This is (the real India)"" Jamal says to them. ""Here's a bit of the real America"" the tourists say as they give Jamal a 100 dollar bill. Millionaire may be aiming for Dickensian social drama, but unlike Bleak House or Oliver Twist, it rings utterly false. Part of the problem is that Boyle knew very little about India until recently and decided he maybe wanted to educate himself. Or perhaps it's just his effort to recolonize India for the Brits.",1
Slumdog Millionaire,"I was ecstatic, elated, on cloud nine after coming out of the theater. What a Bollywood flick I just finished watching! But then I found myself in a confused state. Why revered film critics across the globe have showered so much accolades on this Bollywoodish make. I must be missing something. And I don't.

The movie centers around tumultuous life of two boys, their journey from a Mumbai slum to two different worlds, dominated by corruption and adolescence like naiveté.

The movie has all the elements of a Bollywood masala flick that is ridiculed by foreign and Indian media on a regular basis because of its filmsy, melodramatic, and often childish like treatment of any and every subject. THIS MOVIE IS NO EXCEPTION.

Recall the following scenes from the movie:

Two brothers, one treads the path of eternal honesty while the other ventures into the world of immorality. That reminds me of Deewaar (1975). I bet Mr. Danny Boyle must have taken few lessons of Bollywood movie-making from likes of Subhas Ghai, David Dhawan, Manmohan Desai etc. Come on Admit it.

Then the love interest of the younger brother is found in Mumbai's red light areas? Reminds me of Sadak by Sanjay Dutta, among others. Damn it! It must be me. Danny simply imagined these stuff from his vast experience with Indian way of life and it has NOTHING to do with Bollywood masalas.

Then recall the death scene of the older brother. That's a typical Indian death scene. The last scene where the male and female leads meet each other, are we watching a romantic Hindi flick?

The script of the movie is filled with Mr. Boyle's faulty and nonsensical imaginations. Where the older kid gets the gun, suddenly? How these two most shabbily looking kids manage to check into an apparently five-star hotel? How come the older kid knows the address of the local mafia? There are many. What Mr. Boyle was thinking.

Then there is efficient selling of world famous Indian poverty filled with filth and pain, and agony and all other stereotypical things that go well with Western view of any ""third world countries"". Ultimately Mr. Boyle dishes out a palatable Bollywood flick.

If all these things were captured in celluloid by a NON-WHITE filmmaker, then western media would simply reject it straightaway. But this is not the case here. Its made by a WHITE filmmaker, for a WHITE audience who love those movies made on third world countries, which only reinforce their age-old ideas about India. I can bet that all the Bollywood directors are weeping in secret and thinking why can't I make such a terribly bad movie and garner all these international accolades. YOU CANT because you are not a white. As simple as that.

So Mr Boyle thanks for selling India to the western world, making a cliché non-sense melodramatic movie and hiding behind neo-realism film-making shell and at the end of the day just pretend (when you will be receiving some filthy award) that you are such a genius. And for western film critics, you may have some knowledge of good films, but you are ultimately a White person, enjoying deep in heart the poverty of a developing world. What a nonsense.",1
Slumdog Millionaire,"I only voted this movie a 1 star just to try and offset all the 10-star fanboy votes.

Here's the lowdown: This is a pretty good movie. It's a good story, and all the elements that make a good story are there. Unless you're some racist, mouth-breathing, tobacco-chewing hick from the hills of wherever, you should be able to sit down and watch this movie without feeling like 2 hours of your life was robbed. (These days, that alone is worth the price of a rental.) All in all, on an absolute scale of one to ten - with 10 being the greatest piece of cinematic art ever put to film in the history of all humankind, and a one being a piece of mindless garbage like Death Race or something similar - this movie probably rates a solid six.

It's good, sure. But it's definitely not one of the greatest movies of all time.",1
Slumdog Millionaire,"this is not a 'feel good' movie. or it shouldn't be.

Boyle showed us the anti-American dream. The idea that you should accept your cruel destiny without questioning and that a lower caste person could not possibly become successful, and I'm not talking only about the protagonist, but about all the people in the slums and the others surrounding them. How could it be that they simply don't conceive the possibility that a low caste guy could become successful. he has to be prevented of doing so, and punished.

Instead of exploring this sad and terrible aspect of Indian culture, and produce a deeper reflection about it, Boyle turned the movie into a cliché love history. what a waste.",1
Slumdog Millionaire,"The language in which the characters speak is the soul of a movie. Cidade de Deus, Shichinin no samurai, Ladri di biciclette were made in native language and so the originality of the movie was intact even though I watched those movies with English subtitles. Slumdog millionaire is totally lacking on this aspect and it is definitely not a film to be rated in the top 250.

I understand that the movie is made for western audience. But, It would have been better if the movie was made in Hindi and was released with subtitles to the western audience (similar to Lagaan).

I prefer watching movies in native language with subtitles than watching a dubbed movie. So, it was hard for me to digest the characters communicating in English instead of in Hindi. This is definitely a major flaw and so the movie falls flat on its face.

It is not surprising to look at rave comments from western audience, but this movie is not for me and also for those if at all there is anyone who feels that language is the soul of a movie.",1
Slumdog Millionaire,"I don't understand why people like this movie so much. It's a s*it of a movie; nothing in this movie is worth watching. I have not read the book but movie; it's just a waste of celluloid. This movie is a serious let down from Danny Boyle, the man directed awesome movie like Trainspotting and here he is with this cr*p. Pi$s poor acting, weird accents, unnatural scenes make the whole movie experience bumpy and somewhat like a torture. The movie looks as if it was created by some hormone flushed teenager with his pals in summer vacation. I get the attraction in the story; a bottom-feeder gets his chance to set the record straight, change to win a million, but there is no way in hell this could happen in real life. This kind of utterly impossible story pooled together with Indian background and Indian actors makes the movie pure torture. In a very cliché way, the only thing I liked was the end and even the end was not that good, they stood in rows, sang and danced in a typical Bollywood style. City of God and this movie? Seriously? There is no comparison! City of God triumphs this one on everything, City of God is down to earth, serious and gives more realistic feeling. It's original too; Slumdog however is exaggerated, it's out there, up in the air. City of God is a like a symphony, it's in perfect, in sync, real, organic; Slumdog – cacophony, out of sync, plastic, unreal. Finally words, the movie does not deserve all the fame and Oscar it got.",1
Slumdog Millionaire,"The movie poster says ""Feel Good Film of the Decade"". Which implied to me that it was a comedy. But after watching for 20 minutes, all I felt like was turning it off. Shouldn't have even wasted that much time after they started out by torturing the star in the first 10 minutes of the movie. But since it was so well reviewed, I stuck it out for a little while longer. After seeing horrid poverty in the slums, a boy jump into a latrine, followed soon thereafter with people getting severely assaulted (or worse?) in a riot, I had enough. Good thing I did, I read the Wikipedia article about the movie and saw that the violence and cruelty got even worse. Not exactly sure how this was supposed to make me ""feel good"".

This one went straight from my DVD player into our ""put it in the garage sale"" box.",2
Slumdog Millionaire,"Slumdog Millionaire is below average movie for me.

many questions pop up in mind after the movie like How did this kid learn to speak English so well when he lived in the slums of India and never learned to read, What happened to all of the questions between 16000 and 1000000? Since when is Millionaire a live show, How did they all go from dark ugly kids to light studs at such a late age, How did they all learn English, Why did the brother want to die in a bathtub of money rather than escaping himself?

There are many more. Very disappointed",2
Slumdog Millionaire,"A beautiful film but it has horrific scenes of torture throughout. It left me feeling terrible for days. I really don't know why they call it a 'feel good movie' on the cover of the DVD.

From the very start there is torture and interrogation, then as the film goes on there are more horrible things happening to children and adults including a very nasty scene where a child is blinded, a mother is killed, a nasty rape scene (although there is no graphic sex, the intent is clear). Guns, death, blood....... I really cannot see how any feel good movie can contain the words 'they are going to take your eyes out with a spoon'.

Really really foul. I am sorry I watched it.",2
Slumdog Millionaire,"Now, I could summarize it just with that sentence, but I know people hear it a lot and don't really get why people say so nor do they bother to check, so here is my review:

First of all, I want to say that as a movie, this is not trash at all. Quite the opposite, the acting is good, the filming is great, it is a good movie. The plot is interesting, the characters are engaging, there is nothing bad with that. The only reason I didn't like the movie, and I want to make it clear, is because everything good you can say about this story is applied 2 times better on the book it was based on. The book has better plot, better story telling, better temp for the story, everything is just better. The main reason for that is the movie directors that for some reason decided to alter the story, and the way it was told. Saying that this movie is based on the book is like saying that the recent ""Dungeons and Dragons"" movie is based on the ""Lord of The Rings"" book. Excluding the title and the character names the story is completely different, and it was changed for the worse. The story is predictable, some scenes are completely pointless, and what I hated most is the simplified Hollywood styled love story. The original book had a richer plot, the character happened to answer everything correctly not because of destiny, but because of themselves. The tension in the final act was much more impactful, and the non linear plot twists were impressive and important. The movie made the plot more linear, less impactful, and deleted some of the best scenes and character interactions as well as the moral of the story leaving just a pointless love story, just as I said before.

I personally happened to watch this movie right after reading the book, and that is probably the main reason why I disliked it so much. The movie is only great if compared to other movies. But if you compare it to the great piece of literature that is the original book, you are just left wondering what made the directors decide to dumb down the story, as if the watchers could not understand the moral of it.",2
Slumdog Millionaire,"I made it maybe 30 minutes before the movie before turning it off :( i went in with extremely high hopes but was sadly let down. i knew the entire plot of the movie within the first 10 minutes, so i found no reason to keep on going. the scenes were sporadic and confusing at times",2
Slumdog Millionaire,"This is one of those films that are highly overrated. This movie is just plain boring and also at a very low artistic level. There is just nothing worthwhile in this film.

Slumdog is based on the novel by Vikram Swarup, from which it deviates significantly (which Vikram Swarup confirmed). The movie seriously distorts the book. In the book, the protagonist is named Ram Mohammed Thomas, a name that represents both Paganism and Monotheism, and the religion of Ram remains unknown. But the movie changed his name to Jamal Malik, a fully Muslim name. Furthermore, in the movie Jamal's mother is killed by Hindus, while the Hindu god Rama presides over it. In short, the plot was changed into a ""communalized"", anti-Pagan plot.

As Dr. Koenraad Elst observed in his review of this movie, ""the effect is to drive the nail deeper into the coffin of Hinduism's former reputation for tolerance and confirm its newly crafted image as hateful and a threat to non-Hindus. "" The movie was thus justifiably criticized also by India watchers Jeanne Devos, François Gautier, and Rajiv Malhotra, and in the review by Salman Rushdie, who didn't like it either.

The director Danny Boyle once said that his boyhood dream was to become a missionary, and that the same spirit still influences him. Boyle also said that he made the film in part because he was unfamiliar with India - and it shows.

It's a disgrace to the Academy that this movie won the Awards, when much better movies with India as a theme have not, like Wes Anderson's excellent ""Darjeeling Limited"". I also found Boyle's earlier film ""Trainspotting"" much overrated (watch ""Another Day in Paradise"" or ""Drugstore Cowboys"" instead of that crap).",2
Slumdog Millionaire,"The story of an orphan, his brother and the girl they knew growing up in the slums of Mumbai in India won the Academy Award for Best Picture and numerous other Academy Awards. It earns it's ""R"" rating and is for adults and older teenagers only. The rags to riches story of Jamal is one that has been told over and over and could have been told without showing the violence and still would have had it's impact. The story would have been be just as good with a ""PG-13"" rating. You will sit through two hours of sickening violence before reaching the happy ending in this movie. I did appreciate the cinematography and some of the fine acting but that didn't make up for the fact that I wanted to vomit at times because of the violence and and couldn't fall asleep for hours after seeing the movie. I recommend skipping it. I was sorry I watched it.",2
Slumdog Millionaire,"The hype. So often Hollywood picks a slum film and just blows it up. I think it is the Tarzan white director thing again. Just like if Clint Eastwood did a Chinese film you know it would get an Oscar. human beings are pack hunters and they follow the pack. Compared to anything you can see in a film festival what exactly is so special about this film. Its not Forest Gump which moves and takes you places. The funny thing is the film is moving but going no where. I made no investment in the characters, I didn't care about him. He was not real, his acting definitely want very good either. So character development isn't there. The story is stupid to be blunt. The concept is narrow and just not that interesting. If a script is written from a concept, it is very different from if it is written from a story of human beings on a journey. A collection of unrealistic superhuman independent sketches put together in a cutting room and some of those sketches don't even add anything to the story. Now someone over sold this film and I went out an bought the DVD at the New release rate. Biggest waste of money. I could have got 3 DVDs for the price of this one, I had Valkyre in one hand and I cant believe I put that down for this cotton candy junk. The inter splicing is so over used you would think the director would be able to use it to effect. However it more kills the timing than adds any value. The film takes from cinema and gives absolutely nothing back. There is nothing in this film that you could show to a film student and say here is a good example of Casting is horrid, continuity in terms of the stories intention is amateur. The music is disconnected from the visuals, loud and mood killing save 1 or 2 love themes. It does boast good editing, or good anything. Searching hard I found the 5.1 mix to be well done and that it is itooh the DVD box cover was really funky. That is how stupid this film is.",2
Slumdog Millionaire,"This movie is beautifully made with an amazing look at the slums of India and I'll be going out tomorrow to see if I can't find the soundtrack somewhere. That said i found the script had the feeling that it was written by a love sick teenager with some absolutely cheesy lines and a cast of characters that feels so clichéd it's just annoying. Every Indian is either rich/powerful and a complete asshole or poor and trying to screw everyone over, including the host of Who Wants to Be A Millionaire who is played with the evil malice of a man looking to crush Jamal beneath his heel. That is except, of course for our two lovers, who it seems are the only honest, kind and decent people people left around.

I can understand that the movie is trying to show the dark side of growing up poor but adding a couple of different styles of characters would make the whole thing more realistic I would think. I am quite disappointed as I had only recently heard of the movie (I live in China so I don't get to see many trailers) and everything I heard had been good. I would have enjoyed the movie more if they had just left out the talking as as I said, visually it's stunning and the music was absolute wonderful.",2
Slumdog Millionaire,"I thought this would have been about a game show, but it ends up being a tour around India. I've Played Hitman 2. I've already been to the slums of Mumbai, where I had to find the Maelstrom. That was enough.

This review was created for you on Feb 13 2023

About: It's really about a life story about a boy. He lives in the slums. People riot. He goes on a journey and lands a spot on Who Wants to be a Millionaire?

Story and Production: Story is scrambled. I wanted a story about winning the Million Rubies. I didn't expect to go on a joyride in Mumbai.

Acting is fine, though. Still, the movie was very depressing. All I wanted was a game show movie, and I got this depressing hash.

Genre: Life story, drama

Soundtrack: Could have used more native music. Mainly hip hop soundtrack.

Highlight: None.

What can be learned?: No Maelstrom, or Darwood Rangan in this one.

Should you watch this? No. It's too depressing and dull.",2
Slumdog Millionaire,"Slumdog Millionaire is visually dazzling in spite of showing some of the filthiest possible locales. The soundtrack by A. R. Rahman, though nothing special to Indian audiences, is vastly different from the typical Hollywood fare. The story of two brothers, growing up under similar circumstances but making very different choices and ending up at very different places, is interesting. If you haven't seen it, go see it. The rest of the review contains what might be considered spoilers.

In the opening scene of the movie, we find a young man of limited education, Jamal Malik, being tortured by cops in their attempt to squeeze a confession out of him. His crime? - he is one step away from winning the maximum prize money in the popular television quiz show Kaun Banega Crorepati (or Who Wants to be a Millionaire), a feat that the police is convinced he could not have accomplished without cheating. Jamal doesn't confess. Instead he takes us through a whirlwind tour of his life, each episode explaining how he knew the answer to each of the questions he was asked in the show.

Or that's what the film-makers would have us believe. How having heard a friend sing a certain song could enable someone to also figure out who wrote that song (the ""correct"" answer to which is incidentally incorrect) or how the knowledge that a certain kind of revolver has ""Colt"" as part of its name could enable him to figure out that a Mr.Colt and not a Mr.Revolver invented the revolver are things that neither the cop nor the viewer is allowed to ask. Perhaps the viewer is also not allowed to ask how some slum-children could trespass into airport runways to play cricket (no security? no walls and barb-wired fences? why would they want to do that anyway? was there no other place to play?), or why a cop would chase these little trouble-makers not only out of the airport but all the way to their homes, or whether anyone would ever jump into a pile of you-know-what, or why hardened criminals would depend on beggars for their source of income instead of the usual murder, extortion, drugs, prostitution, illegal arms and smuggling, or why a prostitute would resent living comfortably as a rich gangster's girlfriend, or why no one panics or shouts or calls the police or even notices when several gangsters chase a woman through a busy railway station in broad daylight openly flaunting their guns and knives until they finally drag her into a car and drive away. There's a scene where a rope is tied to a boy's ankle and another boy holds the other end of the rope while standing on the roof of a moving train and lowers the first boy upside-down so he can steal food from the window. Now, why would anyone attempt this Mission Impossible inspired stunt when they can simply walk past the window when the train is stopping at a station and achieve the same result?

The less I say about the difficulty of the questions asked the better. Living in India and not knowing who Amitabh Bachchan is, is like living in America and not knowing who Michael Jackson is. Asking an Indian what the Hindu God Ram has in His hand is like asking an American how Jesus died. Never mind the fact that if he didn't know how Ram looked, he couldn't have figured out he was looking at Ram when he saw a boy painted blue. And the final question? Oh, please! Any 8-year-old would know the answer to that one! And why was the show telecast live again? Every time someone won the maximum amount in the real Kaun Banega Crorepati in India, it was in the news and the promos days before the show was telecast. So it's common knowledge that these shows are not shown live. The real host of KBC, Mr.Amitabh Bachchan also never makes fun of the contestants and goes out of the way to make them feel comfortable.

Nevertheless, I can understand why the movie was so popular. At a time when financial markets were crashing and people were losing their jobs, Slumdog gave people hope. It told them to stop thinking with their heads and believe in their hearts that by some miraculous turn of events, everything will be alright.",2
Slumdog Millionaire,"Bah Humbug. Oh wait. That's another Dickens story. This one just plagiarizes Oliver Twist with a villain who makes Bill Sykes seem almost benign. The rest is fake-realism (a child covered with excrement forces his way through a crowd that neither recoils nor shoves him away) with a jumble of quick back and forward story-telling so the viewer won't realize how thin the plot is.

So it won a ton of Academy Awards - those self-serving hand-outs that were created as a Hollywood promotion. Which they still are, though now gilded with a faux patina of seriousness and importance. Just like this movie.",2
Slumdog Millionaire,"This was the worst movie I've seen in 15 years I have been on this planet, and I've seen some terrible movies in my time; such as, The man who fell to earth starring David Bowie, and Junior, a terrible 'comedy' starring the worst duo in the history of film making (Arnold Schwarzenegger and Danny Devito). I recommend to anyone who is considering watching a drama based romantic movie; watch Titanic or the Notebook, both of which are reputably good movies which are not remotely over-rated. So if you are just walking by the video store and see this movie, KEEP WALKING! Unless of course you want to endure the pain of watching the worst Danny Boyle film you will ever see. This film, in my opinion, may be the end of Mr Boyle's career.",2
Slumdog Millionaire,"An opposite perspective. The graphic scenes of torture and beating' of young people are exploitation and should not fuel a story which receives acclaim. Repeated and repeated and repeated scenes of India's widespread and grinding poverty may be appropriate for a documentary of social ills and class warfare but not for entertainment.

It is dishonest story telling to use torture, child abuse and the innocent despair of young children as the basis for an ending that exploits ""Western Liberal Guilt"" and is lauded in the process. If scenes of torture and child abuse are not your fare then beware of this movie.

The direction and editing were first-rate: crisp, dynamic and emotional.",2
Slumdog Millionaire,"When suddenly there came a phenomenon which proclaimed India's arrival at the world cinema stage , the cynic in me rubbished the whole thing as a gimmick. The credibility of the academy awards has taken a severe beating due to constant and regular stoop downs over the years.

Take for example Rocky (1976-77) or Training day .Please forgive me but i seriously have my doubts over the claim of Gandhi as an Oscar winner. A Beautiful Mind, American Beauty ....you name the movie and all that is there for us to see is mediocrity. mediocrity in direction,in screenplay writing and most importantly in characterisation and acting. Just like the mannerisms of Kingsley in Gandhi were hardly Indian Slumdog is hardly in touch with the reality which it wants to realistically potray. Firstly, Indians do not speak or talk or laugh or react the way they do in this movie. All their sensibilities, dialouges emotions and reactions are completely western. The movie is melodramatic to the point of being called bollywood jargon. I can bet my life on this that there have been brilliant Hindi movies with brilliant Hindi actors which should have won Oscars but didn't merely because the content they supplied was intrinsically Indian.I would like to compare Slumdog with Khosla ka Khosla . KKG is a new generation mainstream Hindi movie which quite realistically depicts the life of a middle class Indian and his family. their manner of speaking, laughing, their emotions are so honestly depicted that one cannot think otherwise.

Slumdog to be honest is a farce . Not only does it lack honesty but also credibility. It is a typical feel god movie with ordinary performances by most of the cast. Dev Patel and Frieda Pinto are not impressive at all. The success of Slumdog thus once again proves that the Americans cannot treat foreign cinema like it deserves to be. Unless a movie has been made in line with American sensibilities it won't succeed at their award ceremonies.",2
Slumdog Millionaire,"After delivering an overly contrived, utterly plain and ultimately boring movie, what else would any respecting director do but lick his wounds and hope nobody notices. But for Danny Boyle - his joke worked!

He fooled the movie world into thinking Slumdog is anything of anything at all! He must be amazed at how easily a badly written badly acted pretend Bollywood fare is taken as award-ready 'art'!

Well, good for him, but woe the rest of us of having to put up with the silly hype over nothing at all...yawn...and the Globes and BAFTA takes another steady slide down the path to irrelevance... with every chance the Oscar would go likewise... oh well, in the end... things bland and plain prevail.",2
Slumdog Millionaire,"This is a movie that makes Americans feel like all people of other cultures really want to be is ""surprise,"" just like Americans! A silly and unbelievable plot, 30 quick shots per minute, LOUD music, and waaay to much Who Wants to Be a Millionaire. Hey, I stopped caring about this movie in much the same way as I stopped caring about seeing people vie with Regis to become rich. It's boring! If you can't think of anything more that you want in a film than, Guy loses girl, guy makes a lot of money and gets girl back, you'll love this one. Other than some wonderful performances by tiny little kids in the first half hour, this film is the CRASH of 2008. Something that makes shallow viewers feel like art house afficinados.",2
Slumdog Millionaire,"I usually like Danny Boyle films for content, subtext, and technical style, but I can't remember the last time that a supposedly ""serious"" movie relied on so many contrived plot coincidences to build and resolve suspense. This movie was exotic and pretty but unbelievable, empty and asinine.

Please don't take seriously its depiction of beautiful, exotic 3rd world poverty. Instead this is a genre mash-up of the good brother/bad brother gangster movie with the Dickensian orphan rags-to-riches story. It does pretty well on those modest terms, but it's a colorful, violent fantasy, not a serious expose or a National Geographic documentary.

The use of police torture to build suspense in the first act (not a spoiler - these are the opening sequences of the film); stylized violence against children; reliance on prettified poverty and the exotic ""other""; the gratuitous resolution of the ""bad"" brother's story arc: you know what? If this movie had been made in the 70s it would have been set in Harlem and today we'd call it ""blaxploitation."" This movie is about on the level with ""Shaft"" and ""Superfly."" There's just something about setting it in India that has blinded certain white audiences to the fact that this is a pretty stupid movie.

That said, Freida Pinto - and much of the movie - is stunningly beautiful to look at.",2
Slumdog Millionaire,"Only a few films live up to their hype e.g American Beauty, No Country for Old Men, Brokeback Mountain etc. I was eager to see how this one was and I was infuriated. Anyone who has no idea of India, will after viewing this film think that India is an anarchy where cops play cards while watching men burning alive and chase street kids right upto their houses. The same person will also think that India is a morally corrupt nation where winning contestants on a game show are handed over to the police for third degree torture and where the audience laughs in delight when crass comments are passed on the contestant's poverty. Has Danny Boyle even watched the Indian version of Who wants to be a Millionaire? Mr. Bachchan was the most courteous towards all the contestants. He won everyone's heart with his humility. Anil Kapoor here makes the viewer want to punch him in the face. Plus the uneducated protagonist of the film who speaks British English! Wow! And this despite the fact that all around him speak in Indian English.The most angering aspect was the portrayal of the magnanimous hindu community who prey upon the hapless(!) Muslim minority. And the portrayal of Lord Raam should make the blood boil of any devotee. I dare Danny Boyle to make a similar portrayal of Jesus Christ or Prophet Muhammad. He will be promptly butchered.And also all street children don't end up in begging rings and gangs. They fall into good hands too. A guy who's Mercedes has been stripped bare pays the accused kid $100?? Talk about the white man's burden in the post modern world!!A blind beggar knows who is on a $ 100 bill?? A teenage Salim knows Colt 45? Indians are film crazy but no one will jump and wade through excreta to get an autograph of any film star. Plus, is the name of the third musketeer so unfamiliar that one has to pose as a question for Rs 2 million????? And whats the fuss made about Freida Pinto's performance?? Her performance was even more insipid than the rest of the cast. How can a battered girl who is not allowed to step outside drive?? And does Salim's heart change when he sees his lil' bro win millions?? Why cant he escape himself? And can a man who has won two million in a game show go unnoticed in CS Terminus, one of the most crowded places on earth? The only saving grace are the child actors. They are a welcome relief in this otherwise insipid film.

Had this movie been made by a Bollywood director or even some prominent Hollywood director, it would have been labelled as trash which it is. And I'm shocked at the academy. Yes, AR Rehman should win at least one, but that's it. But then what do you expect from Oscars which can ignore a movie like Dark Knight? Or which can award a hideous Chicago best picture in place of the Pianist? I think this time the tradition will be followed. And I'm aghast by the overwhelming approval by western audiencesget a life, guys and leave India alone if you cant portray it correctly.",2
Slumdog Millionaire,"I was SO excited to finally see this Oscar-nominated movie, and actually enjoyed it until about 30 before its ending. Then it shot downhill so badly my heart sunk with disappointment. I like Danny Boyle movies and have never been disappointed in his work until ""Slumdog."" The movie started out deliciously compelling and dark. The movie ended like silly, fluffy,contrived Hollywood (Bollywood?) schlock with the ""perfect"" ending, completely ruining the rough edginess of its beginning. Could the ending when Lativa met Jamal at the train station have been any more corny or clichéd? And how realistic that they were the ONLY two people on the platform. What was the deal with the stupid dancing scene during the ending credits? Was I watching a suspenseful drama or a Judd Apatow comedy? What happened to the Danny Boyle that did the masterful Trainspotting? I'd like him back, please.",2
Slumdog Millionaire,"Just finished seeing this movie. Kept wondering why this film got such much good reviews and Oscar awards, beats me. From the start the storyline is so predictable, the boy is able to answer every question because of life incidents. One more question and a flashback to show how the boy knew the answer from real-life incidents. If such films with illogical scenes can win Oscars, then I doubt the quality of evaluation.

The plot is so weak that bad guys are after the male and female leads who are the only good characters in the whole film, so unnatural. Its more like a fairytale or folklore story or a B grade popcorn movie and not something deserving a Oscar or classical status. Only exception being male lead's brother role, this character has depth and to an extent properly developed and has shades of real-life.

The incidents are also so dramatic and cinematic like slum-kids in India speaking fluent English. It may be possible after the kid turns adult but not as kid. Also the scenes in which foreign tourists asking small kids to explain them about Taj Mahal.

Being Indian, I amn't offended that slum areas are shown, slums exist everywhere and even otherwise lot of tourists see India they know about it and they have seen the difference in India when compared to the past 10 or 15years.

The only part that I liked in this film is the innocent kids and their good acting in the first part. The kids would have deserve awards.",2
Slumdog Millionaire,"A film about a young boy in India who implausibly makes it all the way to the final round of India's version of ""Who Wants to Be a Millionaire"". It's not that he is a genius, it just so happens that the 20 questions they ask him coincide with the 20 most important instances of his young life! The answers are so ingrained in him, that they are a part of his very being! From the religion that caused his mothers death to the song that almost made him blind, every question is a chance for us to revisit his life story and reveal the ""heart wrenching"" past that made this boy who he is. Oh, and did I mention that the questions also just happen to be in chronological order, so that we get his life story all neatly packed up in a coherent time line that builds to the end of the film? What genius writing this is...

Don't ever see this movie, ever. Its not worth your time, not even for the ridiculously out of place dance sequence at the end of the film. The whole thing stinks of sub par writing and less than original film-making. The one semi-clever moment was the transition between young and older actors (which occurred when they fell off a train and were rolling in the dirt, with the camera rolling with them (Straight on close up, ala Requiem for a Dream (The bridge from summer to fall) or the old MTV show ""Fear"") they then emerge from the dust as their older selves. Clever. Sorta. At least I thought they handled it well. But the whole film is really a series of poorly connected events that are meant to give rise to this epic love story, which is highly implausible due to the fact that the boy and girl involved were around 7 years old when they first met, but I guess it could happen. Really though, and this maybe due to the venue that I saw the film in, and the fact that I've been reading the ""Stuff White People Like"" by the guy at ""http://stuffwhitepeoplelike.com/"" (good stuff), the whole film feels like a chance for American and White audiences to feel cultured and understanding of those living in developing countries. Just look at the mise-en-scène of this boys past, which is filled with so much filth, dirt, and debris (at one point he even jumps into a vat of human feces so he can get an autograph of his favorite actor), that one couldn't help but root for him to succeed and conquer his troubled past, get the money, get the girl, and dance at the train station.

The film is filled with hip and edgy montages (including a sequence set to that damned MIA song, you know the one, with the sound effects and stuff) that somehow allow the protagonists to get by with their miserable settings. In fact, these sequences are so bouncy and happy that they almost manage to portray their settings in a positive light. I suppose that its good to look for the positive, but how about a bit of realism for a change, a bit of truth of the cinema that shows the good and the bad. Because no matter how cool the music makes it look, fighting everyday for food and having to steal, and fight, and kill for your meals is not an existence to be envied. Did I mention that each setting that they exist in has a convenient mob of kids that are willing to make friends and strike a living together? It's just as great as Peter Pan and the lost Boy's out there! Who wouldn't want to join in on the fun? The energy of the film is terribly unbalanced, and I wonder if the book that it is based on ""Q&A"" is so one-sided in portraying the hardships of these kids.

The worst part, if there even is one moment that warrants being put on top, was the fact that the films final climactic tension, the last bit of drama before we are released to the happy ending, was nothing more than the same tension one finds on an episode of ""Who Wants To Be a Millionaire"": Will he answer the question correctly? DOES HE KNOW THE ANSWER? OH MY GOD! I had almost hoped that the film would redeem its self with some crazy twist that requires the audience to revisit every sequence in the film to look for the hidden truth (there were some interrogation scenes that strongly reminded me of those from the ""The Usual Suspects""), but no. Instead, our final moments of the film are to be left up to the same devices as a TV game show. Pathetic. Just Pathetic.

Top it off with one terribly, terribly, corny (and cliché) final scene where the protagonist and the girl are reunited (He says: ""It was destiny"" She says: ""Kiss Me"") and you have your self the stuff to make soccer moms and teenage girls swoon. And this is supposed to be independent cinema? Looks and smells like Hollywood to me...

Bottom line: 2/10 Don't see it, don't rent it, don't even watch it on TV. Unless you liked Twilight, then maybe you might find this film enjoyable. Otherwise, beware.",2
Slumdog Millionaire,"The title is unintelligible. What is ""slum dog""anyway?

It makes no sense, is not in usage & is offensive.

Who calls a slum dweller a 'dog '? No one does .

The lead was miscast. Neither Patel nor his accent were realistic for a callcentre chaiwallah.

Don't know how many govt. School kids know about the three musketeers, let alone unlettered urchins.

Too far fetched.

The only terrifying thing I learned from the movie was that thugs can gouge out perfectly good eyes to make a child beg.

Mira Nair's Salaam Bombay from 1988 is a much better film for people who want to watch authentic 'Indian slum' movies.

Seen 'Slumdog millionaire' twice & still don't like it.

And the 'bollywood' dancing in the film made me cringe.

Danny Boyle didn't seem to get what genre of hindi films has those kind of performances.",3
Slumdog Millionaire,"I have seen this movie.Its an amazing movie that depicts life of the Metro city Mumbai,the slums,the people,the life and India.This films writer has done the best.But if this film was not directed by Danny Boyle it would never have reached to Oscar nominations for 10 categories.It might just become like Lagaan going after 1 Oscar nomination for Best Foreign Film.It was an awesome challenge by a foreign director to make a film based on Indian Slum.The story is remarkable and i sincerely thank all the people involved in this Great film from The Director,Producer,Music Composer,Writer etc to the light boys(i mean the whole crew) for bringing a joy of some sort to the Indians by canvasing this film into the world market.",3
Slumdog Millionaire,"This film features a less tourist and romantic side of India: a society where traditional social castes are still subject to discrimination, where the immensely rich are very few, and the absolutely miserable are millions. I'm not in India to see if this film shows the reality, in these issue, but it might be close. The two main characters are played by Dev Patel and Freida Pinto (a possible descendant of Portuguese, judging by the family name), and we can say that both are quite reasonable, given the circumstances. However, this film is just that good.

To begin, credibility is not the big point of this film, especially for those who do not believe in coincidences. Otherwise, we would never be able to believe in the possibility of a person without instruction win a general culture contest thanks to answers are things that these person was memorizing lifelong, by chance. Nor would believe that one contest normally transmitted deferred would be broadcast live, or that such a popular winner could walk in public immediately after the contest without anyone looking at him more than twice. None of this makes sense, only serves melodramatic purposes, but this is the basis of the film and the script, written by Simon Beaufoy, based on a book I've never read, by Vikas Swarup. This lack of logic fatally victim the main character, despite Patel's efforts to look convincing. His romantic couple seems more consistent, but never ceases to be a highly secondary character.

Far-fetched and unrealistic from the beginning to the end, this film is a failure. The way was thinking is too imaginative and bet too much on coincidences. This works with some, but not all audiences. This film does not have the value that most critics gave him, nor deserve Oscars who won. If there is overrated films, this is one.",3
Slumdog Millionaire,"If ""Slumdog Millionaire"" were generally disliked, I would never bother to write a review about such a ridiculous movie. But as it was praised by critics, won many awards, including the Academy Awards Best Picture, and was incredibly successful at the box office, I find myself stunned. Sure, I could dismiss the whole thing as being a matter of taste, about which there can be no dispute, but that still leaves me wondering, ""Why is my taste so different from everyone else?""

Let us sort out a few of the elements. First, I do not know what India is really like in general, but that which is presented to us in this movie is horrible. The great pessimist Schopenhauer, reflecting on the pain and suffering of existence, declared that the world ought not to exist, that the moon is a better place than the Earth, because there is no life on the moon. Overall, my life has been pretty good, living in middle-class America and being in good health, but if there were such a thing as reincarnation, and if I were given a chance to come back in a new life, I think I would pass, preferring oblivion instead. In the movies, people always come back in good health as white, middle-class Americans, but I would be afraid that I would end up in some country like Syria, suffering the ravages of war, or some famine-stricken or plague-ridden country in Africa, or end up as an untouchable in Calcutta, scrounging around for my breakfast in a garbage dump. In other words, if the India in this movie were typical of existence on this planet in general, then I would never want to be reborn. This is especially so when one considers that most of the suffering in this movie is not the result of war, famine, or plague, but of cruelty. Instead, I would have to agree with Schopenhauer that it would have been better had we never been born in the first place. Nevertheless, the tone of this movie is, beyond all reason, life-affirming.

Second, the movie centers around a quiz show, the equivalent of ""Who Wants to Be a Millionaire?"" I have never cared for quiz shows. I have never bought a lottery ticket. And, in general, I have never dreamed of getting rich in one big, lucky stroke. I suspect that the people who love to gamble and watch game shows are probably the same people that loved this movie. In other words, Slumdog Millionaire plays into the fantasy shared by so many that no matter how bad things may be, there is always the hope, taken very seriously by such people, that one day they may hit it big. Never having indulged in such a fantasy, however, this movie was simply not believable to me, not even qua fantasy.

With quiz shows like ""Jeopardy!"" the successful contestants are those with prodigious memories for facts, figures, names, dates, and places. But the quiz show Jamal participates in is multiple choice, which means that, as Jamal himself notes at one point, you don't have to be a genius to answer those questions. In fact, pure luck might get you by. Most of the time he is able to answer the question correctly because some horrible thing was going on in his life at the moment he happened upon the information that allows him to answer the question, such as his seeing a statue of a god just after his mother got her brains bashed in. But if he is asked a question for which there was no corresponding traumatic event in his life, he is in trouble. So, when he is asked about India's emblematic motto, whether it says that it is truth, lies, fashion, or money that triumphs, he has not the slightest idea what the answer to that question could possibly be. The policeman who is torturing him into confessing that he is cheating says that his five-year-old daughter could answer that question. Quite right, because nothing more than common sense is needed. In fact, Jamal does seem to be something of a mouth breather.

But this plays right into the above-mentioned fantasy. Most of us know we could never win at ""Jeapardy!"" but since we could do even better than Jamal at that point, we can easily imagine winning such a game show, especially if we are lucky enough to be asked questions about trivia that happens to come to our attention when something awful happens to us like jumping into a cesspool of human dung.

The final question is the name of the third musketeer in the novel by Dumas. We all know the answer to that question, especially when prompted by the multiple-choice format, so now we can really fantasize about how we might win such a contest. He does not know the answer, but that's all right, because he just guesses that it is Aramis. Why is he so lucky at this point? Because Latika was Jamal's and his brother's ""third musketeer."" How could he lose?

On the night he wins the twenty million rupees, Latika is freed from the gangster who has been beating her and raping her for years, so now Jamal and Latika can live happily ever after on his millions. Schopenhauer once said, ""Lovers are traitors to their species. For the sake of a mere passion, they perpetuate the want and misery that would otherwise so speedily come to an end."" And so, as the musical finale takes place, as uplifting as the ending of ""The Music Man"" or ""Grease,"" my only thought was that they are going to get married and start having babies, oblivious to nightmare world that has characterized their lives up to that point.

The only way this movie makes any sense to me is if the whole thing is Jamal's hallucination while being tortured in a police station for stealing a bicycle.",3
Slumdog Millionaire,"The name of this drama directed by Danny Boyle is ""Slumdog Millionaire"". The actors who play the main roles are Dev Patel as Jamal, Freida Pinto as Latika, Madhur Mittal as Salim and a few more. They want to show us the poverty conditions and then, in some parts they show us how those children enjoy little things. It is observed how children are beated and abused in India. The movie is related on Jamal's life and his experience with the game. The questions of the game remind him of his memories as a ""slumdog"". Those memories help him to find the answers to the questions. I didn't like Salim's costume design and the dark frames. For me it was a little bit boring, I couldn't find the interesting part that captures me, but instead I really like the love story between Latika and Jamal. This is not my type of movies, so I don't recomand this to you.",3
Slumdog Millionaire,"Not one single moment the movie could grasp my attention. The only thing that was keeping me busy true this ordeal were the ears of Jamal, and the fact that a guy as ugly as him could never ever find a girl in real life unless he pays for them. Now, back to the ears, they are bloody annoying, aren't they, maybe even more than this crappy movie. The only reason i gave this movie a three out of ten is because of the Indian scenery, because the movie was so poor i could spend my time sightseeing. There were a lot of kerala style houses which are true masterpieces, to bad we don't see them in Western-Europe. Bye bye Jamal Malik, you made me sick.",3
Slumdog Millionaire,"Don't waste your time on this movie.

This is an old, recycled storyline; a poor copy of a much better movie - Salam Bombay (1988) - the real deal which had real street kids as actors.

This movie has gratuitous gross scenes and the plot with the lottery was some desperate fairy tale attempt to appeal to the masses which worked, since it got such great reviews.

A lot of people refer to this as a feel good movie but I refer to it as a poor copy.

It's sad that people have to see a movie like this to feel better about their own country leaving them thinking things are so bad 'over there' when worse human rights abuses happen right here in North America.",3
Slumdog Millionaire,"A two-hour mess that talks about India poverty situation, made by a BRITISH director, and for those uninformed, India was a colony of UK until 1947, this exploitation is one of the main reasons for this situation to be happening there. There is no way this movie could be anymore out of touch, I can just imagine how most politicized Indians felt when they saw how many awards this movie got. The movie tries to replicate the Bollywood misancene and in my opinion that was the only good thing about it, in some moments (that aren't totally unnecessary flashbacks) you can feel sympathy for the main three characters. I can't put my head around how much I was anxious to see this, cause of all those awards and ratings, and then I ended up having to sustain that stupid 'that's the real America' scene. If you want to ignore the horrible political message, then watch it, it ends up being a mediocre movie anyway.",3
Slumdog Millionaire,"I’ve never read the book on which this is based but my main reaction to the film was that it would have been vastly improved by removing all the sections based around Millionaire and just telling the story straight. Oh, that and all the main characters should have died in a hail of bullets in the final scene. It just doesn’t work as a film in any coherent way. I imagine the meeting where the film is first pitched – “It’s about the poverty of Indian children who live in the slums and how they have miserable and exploited lives – no wait, the high concept is that we can make it a feelgood movie with a happy ending and some Bollywood music and dance.” In the end we have film in which the poverty and misery is made to look chic by the way it’s shot and musically scored underpinned by all the usual Hollywood clichés. The result is something that people who really don’t care about movies can think is arty and of course it’s perfect Oscar fodder. It’s exotic, it’s abroad, it’s a bit harrowing but not too much, it has a happy ending. (Goodness knows what kind of sheltered lives some of the critics on IMDb have led if they think the violence and poverty shown here is too horrific for their weak constitutions. The problem is that it’s not real enough). I like fantasy. I like realism. On the whole I don’t think they mix well. (Pan’s Labyrinth being another example where the mixture really doesn’t work.) Danny Boyle has tried to have his cake and eat it too. It obviously worked at the box office but it didn’t work for me.",3
Slumdog Millionaire,"Is there anyone else that this self-serving schlock missed so badly with? It seems obvious to me that Mr. Boyle, having missed every time with western audiences thought that he could cash in with the Bollywood crowd and score himself some Rupees for his overdue retirement party. To make such an unrealistic, manipulative film and simply label it a ""fairy tale"" is an insult to every well-written fairy tale ever penned and to use (and I emphasize the word ""use"") the residents of these slums in such a manner that undermines their abject poverty is boo worthy. Danny Boyle should be booed for having tried to manipulate so many people's emotions with such flaccid trash. Stop bandwagoning this miserable piece of sub-art, Slumdog apologists and cultivate yourself an objective opinion. The emperor is wearing no clothes, ladies and gentlemen and his name is Danny Boyle.",3
Slumdog Millionaire,"with all the hype surrounding this movie,i thought it would be better than it was.i was expecting a masterpiece,and for me,this movie fell short.sure,it's a decent movie,with a sympathetic character to root for and the acting is certainly good.but the story never really involved me.for whatever reason.i didn' feel inspired or uplifted at all.when the movie ended,it didn't really stick with me in any way,and i didn't find anything profound about it.by the way,it's not based on a true story.for some reason,thought it was.but in the extras,it's revealed to be made up.anyway.clearly i'm in the minority here.don't get me wrong though,i didn't hate the movie.in fact i enjoyed it mildly.when all is said and done,Slumdog Millionaire is a 6/10",3
Slumdog Millionaire,"It is quite difficult to see this movie through the eyes of those who credited Slumdog Millionaire with full marks. It pertained some very nice aspects, including some pretty cinematography, and excitingly talented young actors. However, those pieces still left gaping holes in the film, with many different features that made it worth seeing, but not worth watching.

It seems as though the film picked and marketed itself with pinpoint accuracy to the naïve of America's middle-to-upper class. It gave the audience a view of the derelict of India without actually experiencing it. It let people feel like they were watching an exciting and spicy foreign film without having to deal with subtitles or anything but cookie-cutter story lines, themes and issues.

All together, the filmmakers did an excellent job of taking absolutely no risks whatsoever, while creating for the entire world a genuine piece of hackneyed, crowd-pleasing refuse.

It took all the will power I could not to give this movie lower ratings, and I summoned it because it did have bits of pleasure mixed in with the story line comparable to the cultural and artistic merit of Lady Gaga. Slumdog Millionaire was inescapably a dramatic let down considering its seemingly boundless hype.

If you would like to retain any of your faith in American taste, please, skip this movie... at all costs.",3
Slumdog Millionaire,"It is really surprising for Slumdog Millionaire to be at #32 in the IMDb list. It is just one of ordinary movies which are churned out in dozens each year in India.

I wonder what is the hype all about? Is it because the movie is directed by an American? The highlight of the movie is the way Slums of Mumbai are portrayed (which is great), But then whats wrong with movies like SATYA ...

Aamir Khan's ""Taare Zameen Par"" did not find a place at the Oscars and Slumdog Millionaire is making waves .. Boy I am slightly confused.

I have myself worked at different top notch Call Centres across India for 5 years, and trust me I have never come across a single Housekeeping boy (chaiwallah in the movie), who was so fluent in English. I was wondering why was he not taking calls and serving tea instead :D .... he would be earning at least 10 times a month.

If we deep dive into the plot, a minimum of 25 defects can be pointed out any moment. The one mentioned above was just a single of the lot. And on ""Well here is a little bit of the Real America Son"" ... and that $10 Bill ... Its probably the most disgusting way to discriminate a Nation against another upfront. In the movie only parts of the car were removed, In the US the entire car could have vaporized. Mr, Danny Boyle there are infinite reasons for the plight of people in the SLUMS of India or the people in general ... But the above statement. What exactly did you wanna prove ??? Or was it to melt the hearts of the Oscar Jury members ;) ... Personally to me as and Indian it was sickening, honestly.

******* Bottom line ... I am happy for A.R.Rahman for being honored for the music score (though this ones not his best), he is great and certainly deserve it ******** But the movie as a whole ... Oscars ........ I mean; I don't know *********",3
Slumdog Millionaire,"The first 45 minutes of the film turned out to be actually very very good - in the waters of City of God. However, later on in the film, sunk in the the cheesiness, pretentiousness and the banal ending which killed the whole thing.

I understand this is a realistic take on a intrinsically cheesy way of storytelling, but nevertheless I felt it should have been a less phony outcome.

The film itself stands as a praise for a state of mind which strands millions of miserable souls to those miserable slums...

Hence the mega-idiotic and ultimately shallow poster.",3
Slumdog Millionaire,"As art, it's reasonable. Although I'm a fan of Boyle's work since Shallow Grave – and I consider Trainspotting one of the best movies of the 90's – Slumdog Millionaire disappointed me. It's the classical Hollywood self-overcoming cliché with the ""I love you"" conclusion. The old argument: if you are a good boy, God will help you in the end, no matter what are the obstacles you must face. As a social reflection, the movie is revolting. The moral of the story clearly is: only poor people are truly happy. So, if rich countries keep India, Africa or Brazil in poverty, they are doing us a favor, since they are helping us either being happy or going to heaven. And I could not avoid saying Boyle's movie sounded to me like a bad taste fairy tale version of Fernando Meirelles' masterpiece Cidade de Deus (City of God). 3/10",3
Slumdog Millionaire,"I'm usually pretty good at coming up with witty, poignant titles for my reviews, but this movie doesn't even deserve that.

Every few years someone from a rich Western culture makes a film about a poor Eastern culture which makes rich Western audiences feel better about themselves because now they somehow connect with poor Easterners. Slumdog Millionaire is one such film.

It's horribly contrived, like an ABC afterschool special. Themes which could otherwise be handled with interesting complexity are bashed over your head with all the subtlety of the Bhopal disaster. The good guy is lily-white good, and the bad guys are evil satans. Even when the good guy must do something unpleasant (such as fighting to protect a loved one), he cowers and lets his evil friend do the dirtywork. This film is nothing but a polarization of good vs. evil which reduces it (and Indian culture) to a silly comic book. But they cloak it in lots of tear-jerking footage of poverty, beggars and injustice so it makes you feel like you're watching something of social significance.

I lived in India for several years. I've seen the slums, the poverty, the despair & the hope of the people. It's much more complicated than what this silly travel brochure offers. I keep hoping one day someone will get it right, but alas, not this time. I'm sure someone will try again in 5 years or so.",3
Slumdog Millionaire,"While this film tries to make a point about the effects of slum dwelling and the criminality of slum-dog life for orphans, the stitching of the theme into the ""Who wants to be a millionaire"" background breaks sense of credibility. There seems so much stereotyping of the Indian culture for a western audience that it makes one wonder how credible much of the scenes are. To me it was a disappointing film as one could predict the final outcome well in advance. I was left wondering if the film was intended as a comical satire or as a dramatic portrayal of an orphaned survival in the slums of Mumbai. Too many of the characters played roles that were too unrealistic to make a meaningful sense of drama stick.",3
Slumdog Millionaire,"Okay, I just went to see Slumdog, and I had no expectations whatsoever. I went into it with a completely open mind- I had no idea what it was about except that it incorporated Who Wants to be a Millionaire into it. Although I thought the concept was interesting, the way it was executed made the film unenjoyable to watch. It has some scenes that literally made me cringe, and never let up. It goes through every tortuous memory that Jamal had in his childhood. There were no light moments. It was all painful and tortuous memories. And even though the 2 characters fall in love at the end, I didn't find it uplifting at all. Just didn't live up to the hype for me.",3
Slumdog Millionaire,"First, I'll get out of the way what did work in this film. One, the scenery and cinematography. Two, though cleaned up, the abject squalor one sees in India, even in areas of prosperity. Three, that the audience is shown, for the most part, how Jamal knows the answers for most of the questions. That aspect of the film I really liked, and how his past was revealed through these questions. Otherwise, this film was a mess. First off, I found this movie one of the most boring films I have ever seen. I had no sympathy for any of the characters, even though we get a decent back story on the 3 main characters. None elicited any emotions from me whatsoever. The acting was sluggish, and for the most part, actually quite bad, and by most everyone in the film. I could see why the production company had so much press, even negative, to promote this movie. Another problem I had was that for a lot of the Hindi spoken we did not get subtitles, and some of it was important to the story. And though I noticed that all these uneducated, lower caste people spoke such good English, for some reason this did not bother me. Much. A ""smart"" street kid would learn a major language; otherwise, how else to survive? Well, that's how I saw it. And I waited a long time (Netflix) to get this movie, only to take 5 hours to get through it. It's a basic love story (for a girl; for one's brother; for one's life), and a story of how even the lowest can ""make it"" (have to have that happy ending you know), so if you want that, then this is the movie for you.",3
Slumdog Millionaire,"On reflection I thought the film was exploitative and manipulative. What is its message? That TV game shows can save even the poorest of the poor? And what of the choice of actors? While the film contained harrowing scenes of a poor dark child being blinded, the make-up men clearly shirked from portraying the leading actress with credible scars at the end of the film. As the film progresses the two leading characters get progressively paler until they become 'almost' white and hence - I imagine in the view of the director - more palatable to audiences. Which half of the film are we supposed to believe in: the dire life of the slum dwellers or the cosmetic H/Bollywood romantic ending? I think it uses the former to legitimize the latter: it exploits the real Mumbai protagonists of the film by involving them at first only to drop them out of the picture to make way for its 'attractive' Europeanized leading stars. Likewise it manipulates Western audiences into thinking that India's social problems are not so bad because in the end true love (and true money) can triumph thanks to a TV game show. Or is the film just an elaborate plug for the show itself? The film was clearly tailored for affluent Western or Westernised audiences. I believe its 'social' denunciations are simply a device to fool viewers into thinking that the film is worthwhile so that it can get its real message across: celebrity TV, money, some measure of astuteness and good Western looks are going to save the world (as well as guarantee box office profits).",3
Slumdog Millionaire,"Firstly if you don't like 'Who wants to be a millionaire?' then steer clear of this film as it's like watching a feature length interrupted episode minus Chris Tarrant. Secondly, if like me you have a cold dead robot heart, avoid this at all costs, you have been warned. Danny Boyle's 'feel-good film of the decade' (News of the world) is so packed full of clichés it feels like its trying to reach a million itself. The rags to riches story will melt even the hardest of hearts, the 'oh look he used to be covered in sh*t and now he is a millionaire' stick starts wearing thin pretty early on and doesn't get much better as Boyle tries to inject some pace by including chase sequences to a thumping soundtrack that consists mostly of M.I.A. tracks. The film is long and boring with each flashback explaining how this dumb kid could possibly know the answer to a certain question, honestly he didn't cheat he knows because (cue some horrific part of his upbringing which he just happens to now be being asked a question about) of his experiences. But honestly it is so cool when the whole nation gets behind him and the suspense comes thick and fast as when filming the show they have to take an advert break, I was on the edge of my seat (desperate to leave the cinema). The idea is weak to begin with but stretching it out to two hours is excruciating, but he's only got one lifeline left, I tell you I still had long nails by the end, yep definitely no biting there. All in all a waste of time movie that offers nothing new or indeed anything old revamped. In fact the only reason I can see that this film got made was to once again rinse the pockets of the idiots who made 'Mamma Mia' the biggest British film of 2008. Yeah that's right she can't afford to heat her house but she can afford to go see this rubbish, your granny will love it whereas I hated it.",3
Slumdog Millionaire,"This is a ridiculous farce and western celebration of a mediocre film. It's novelty (being of 'Indian' (Bollywood) origin) is the real source of the hype. If you have seen the greats (eg Pakeezah), Slum is an insult. This movie is not 'Indian' or 'Asian'. It is ABOUT Indian people, designed for mass (unthinking) consumption. And it hit the jackpot, proving timing is everything.

The West (especially America) is frantic and hungry to embrace other cultures it never cared much for before. Ironically, as new Super Powers (India included) are emerging economic forces to reckon with, their cultures (whoever/whatever may 'represent' them) are frantically grabbed as they pass by, and hailed as ""awesome"", ""wonderful"", ""great"".

Puhlease...

Though she is not in it, think of one movie Ashwarya Rai (the biggest Bollywood transport) has been in that was above mediocre. Don't think too hard -- there is none. Yet she is applauded/worshipped every corner she goes. She cannot act, she can look into the camera and...nothing. It's like Angelina Jolie without any acting skills.

One can't help but feel some embarrassment for the 'crew' of 'The Slums' as there is no doubt they are shocked by the response. They must be. Sure they must be proud too. But I see it in their faces when interviewed. They must know the movie was simply not that great. Whatever positive response/recognition was given, it was not because of the quality of the movie.

With no capacity for 'staying power' or lasting impression, a 3/10 is being very generous for this slummer. The colours were pretty.

For anyone who loves this movie (and I know there are many)...the challenge is to remove the exotic 'brown people' and leave the story as is... Is this still a great movie? Worthy of even a mention at the Oscars?? Puhlease.",3
Slumdog Millionaire,"I'm truly bewildered by the lavish praise that this movie is attracting. I just thought it corny and mildly irritating.

My first problem was the half-movie/half-TV show format. A question is asked on the TV show. Cue flashback to the slums that shows how the lead character knows the answer. Each flashback involves frenetic running through narrow alleyways pursued by various evildoers. Back to the TV show. Another question followed by another flashback involving more running through the slums. By the 16,000 rupee question this was already wearing thin on me.

I also didn't like the gross overuse of jerky slow motion and tilted camera angles. It just added to the repetitiveness of the question--->run through the slums---->question---- >run through the slums narrative.

I'm baffled that so may critics have praised the movie because of its depiction of reality. In what universe do two brothers witness the murder of their mother at the hand of religious bigots, yet still grow up seemingly unaffected to become a couple of happy-go-lucky scamps in search of adventure? How real is the depiction of Lakita who gets sent to a brothel but the audience are assured that she was never violated and is rescued as a virgin? How many child prostitutes do you think there are in the slums of Mumbai and how many of those do you reckon are virgins? Please ponder that for a moment.

This is pure Disneyfication of poverty - a world filled with mischievous and lovable little rascals who live on garbage dumps, where the baddies always get their comeuppance, where the good guys always win and where the child prostitutes are always virgins who will ultimately be whisked away by newly minted millionaires.

The story is a pure fantasy, like Lady and the Tramp. A cheesy love story and a piece of cinematic bubble gum. Take it at face value and you might find the fast pace entertaining enough to pass a few hours.

This is not a movie to learn about India or to gain any great insight about what life is like in the slums. It is far too lightweight for that.",3
Slumdog Millionaire,"Well I've seen the reviews and comments posted about how good the movie is and how scary really is the Mumbai slums. There are many things about this movie which didn't go down really well with me

1. The depiction of slums and there lives(You thought it was real, well the real misery is more then what got depicted however whatever depiction that was done was needless)

2. The movie is just like any other Bollywood movie with lots of twists and turns that looks magical and audience is made to believe that its destiny.

3. Rehman is a true genius, but this is not his best musical work. Try movies like Roja, Bombay or even the latest Delhi 6.

I Appreciate the director for coming and making a movie in India, however India is not only about Slums and Dog.

I would have loved the movie if it hadn't got lost is trying to portray so called the reality of Indian slums.

India is challenge, its a developing economy and unlike any other developing country it has its own problem, but then an outsider trying to come and show this misery to outside world is nothing but a fake attempt.",3
Slumdog Millionaire,"Imagine a movie made in America, by an Indian, that only has gang violence, teenage pregnancies, rabid racism, gun toting semi literate youth from the ghettos, young girls in bikinis with multiple partners, fornicating all the time without protection. But, you would argue, America isn't just all about the above, there is so much more to America and Americans than that! Exactly! Welcome to ""Slumdog millionaire"" a movie that looks at everything that is worst about India, and nicely packages it for a gullible American audience.

For every slum in India, there is also an educational institution that offers some of the best education in the world. For every slum lord that makes money off little children, there is also a sympathetic lower middle class housewife who despite her daily struggles, finds time to teach her maid 's son or daughter, some basics of education that the child may have a better life than the parents.

That this movie, has been nominated for all those Oscars comes as no surprise to me. American society does not want to hear about how high educational standards are in India, the respect shown to elders, abstinence and moderation of the Indian middle class. Which is why movies like ""Born into brothels"" and ""Slumdog millionaire"", are the only ones that make it to mainstream American audience (Perhaps a secret gratification in seeing the misery of others, and feeling better about oneself?). You want to see some really good movies made for an Indian audience? Go watch ""Jodha Akbar"", or ""Rang de basanti"" or Water.

The real irony is that Jamal Malik (Dev Patel), is a Hindu in real life, but is portrayed as a Muslim, tortured by a Hindu police inspector(Irfaan Khan) who is a Muslim in real life. Put that in your Hookah and smoke it!",3
Slumdog Millionaire,"Any film that depicts a very different style of life is apt to get noticed. That's what 2008 Best Picture winner,Slumdog Millionairea,is about-people living in the slums of India. In conditions so atrocious, they make American subsidized housing programs look like Buckingham Palace.

The film is about one boy and two storylines entwined into one. The first, he's on a game show and on track to win millions. Then he's arrested on suspicions of cheating and questioned on how he knows. The second is told through flashbacks him growing up in the slums with his brother and love for a girl he met there. And he knows the answers to each question due to a memorable moment of his life.

Slumdog Millionaire is the winner of 8 Academy Awards and a story of struggle,redemption,suffering,love and trivia.",4
Slumdog Millionaire,"Slumdog Millionaire is a movie directed by Danny Boyle which takes place in Dharavi, a very poor city from India. This movie presents how was Jamal's life after being accused of cheating on the Indian version of Who Wants to be a Millionaire?

The movie reflects the miserable life of Jamal, that lives on streets and being an orphan. Jamal has a brother, Salim and they were taken by a celebrity to make money. Meanwhile, Jamal fell in love with Latika while his brother went in a wrong way. Jamal participated at ""Who Wants to be a Millionaire?"" and he was accused of cheating, but he proves that his best weapon is his memory.

One of the best things in this movie was the idea from the back of the movie with the game show. The music wasn't that bad, the soundtrack being M.I.A. - Paper Planes. From my point of view, actors could be slightly better that would result a better audience.

In a nutshell, I wouldn't recommand you this movie, only if you really like that type of movies with Indian dramas. Like I said, the movie was acceptable, but could be better.",4
Slumdog Millionaire,"Dev Patel and Freida Pinto play two brave characters in the movie Slumdog millionaire directed by Danny Boyle, in 2008. The romance/drama story is based off a novel called Q & A, and it takes place in India. Although he has gone through a lot of things, Jamal Malik manages to continue fighting on his journey to become something more than just a poor boy. Right from the beginning, we can see that Jamal has a crush on this girl, who will later become the reason that pushes him to keep hoping. Long story short, Jamal Malik is basically the example that shows us that true love can get you anywhere in life, even if it gets hard sometimes. On the other hand, I completely disliked the cinematography, and this makes my appreciation for the plot worthless. The idea was too good to be ruined by the bad script and the mediocre acting. But I have to admit that some scenes in which it was portrayed the true life of the poor children in India were really touching . Can I state that I liked the movie? Definitely not. But, if you are bored on a Saturday night and you have nothing to do, Slumdog Millionaire is the right choice.",4
Slumdog Millionaire,I really liked the concept of the movie but however I found the movie slow and boring. This movie did not keep my interest throughout it.,4
Slumdog Millionaire,"okay..so i realize that this film is full of depth and meaning and Oscar worthy. but there are a lot of things that i did not like about this film. first of all the imagery, the way the camera angles were positioned made me dizzy and i just felt like it did notr capture the right picture. second of all it was disturbing, the way people were treating these kids was just disgusting..and i realize that is is supposed to depict the real life in India but oh my goodness i was closing my eyes throughout the film. i can't believe the graphic depiction of child abuse and violence was portrayed as good so people could see what it is really like. i did not like the film editing..it was jumpy and way too fast paced. io felt bad for all the kids and i could not do anything about..overall the film is just plain out disturbing, ugly, not beautiful and just not for anyone to see...i do not know why this film won best picture honstley, i think the curious case of benjamin button or the reader should have won and i have not even seen those films.",4
Slumdog Millionaire,"How did they all learn English? That is the first question came right into my mind when this movie concluded.

Who can remember every little detail of his childhood with this perfection? well here is Guinness world record holder Mr.Jamal he knows it all. He is an uneducated slumdog with a great English ascent OMG what type of drugs were given to people and critics rating this movie a 10/10. and it won 8 Oscars???? In my point of view The curious case of Benjamin button should have won Best Picture as it was unique, memorable and touching not this crap.",4
Slumdog Millionaire,"This site is not doing well. I consider this film, slow, tedious and very stereotyped. Even the love shown by Jamal to the girl I've seen too predictable. The first 15 minutes are OK then it becomes boring. You gave a 8.6 to a kind of filth and 8.2 in sin city while Spelberg, Lucas, Hanks, Kubrick since 6000 should have to vote. It 'a shame. The films for intellectuals are very fashionable and spectacular films now have no more success. this film deserves 4 nominations OSCE are exaggerated, in this excellent film site had scarcely sufficiency or seven while this filth stole a 8.6 at this site to view the meters are unpacking. Shame.",4
Slumdog Millionaire,"Hi there! After watching this movie I am going to tell you my own opinion about it. In 2008 appeared ,among many others, a movie directed by Danny Boyle called "" Slumdog millionaire"" telling a story about an 18-year-old boy named Jamal Malik who grew up in the Juhu Slums, Mumbai. Jamal ,played by Del Patel, is a contestant in the show ""Who wants to be a millionaire"" surprising everyone by getting every single question right. Accused of cheating he gets arrested and questioned ,therefore the reason of why he tells his story. Is a drama/romantic movie, one of the reasons my rating is low, because its not my type of movie ,I don't really like drama,but overall it was a great movie, the actors where good and they kind of made you fell some of the feelings that the characters were feeling : the pain, sadness, anxiety , hope ,love and more. Another reason I gave the movie 4 stars is because the movie its not relatable, the only relatable thing in this movie I fell like its the forbidden love between Jamal and Latika (played by Freida Pinto). The costumes where great, the places they filmed in where unique and one thing made me really sad are the conditions some people live in. In the end I didn't personally like the movie, but you might enjoy it so you should watch it of you have free time and no ideas what to do.",4
Slumdog Millionaire,"Has anyone noticed that the heads are cut off the children in almost every scene? what does that say about the care that went into this movie when even low budget movies can manage to put in some quality control? The story is full of plot holes which show poor workmanship for a film rated best picture. For instance, why is the final question so easy on the game show which is about a children story that is clearly taught to people of Mumbai and should not be a hard fact at all for these people? that does not make any sense. also another lame attempt at writing is ""Javed"" finding out ""Latika"" escaped when he hears it on TV in his own house when he is the crime boss that demanded not to watch that show?",4
Slumdog Millionaire,",,Slumdog Millionaire,, , directed by Danny Boyle is an english film that hit the cinemas in 2008 , whose action takes place in India , Mumbai and tells the story of a young man , Jamal , starred by Dev Patel. Other mentionable actors that played their part in the movie are Freida Pinto(Latika) ,Irrfan khan ( the inspector) and probably the best performer ,Anill Kapoor( Prem). The film tells the story of Jamal Malik, an 18-year-old orphan who came straight from the Mumbai slum and is about to face the most important day of his life. Jamal has to answer one more question to win the fabulous sum of 20 million rupees, in the Indian version of the show ""Do you want to be a millionaire?"". Unfortunately, when the filming of the show is interruppted , the police arrests Jamal on suspicion of cheating. Desperate to prove his innocence, Jamal tells them the story of his life in the slum, where he grew up with his brother, all the adventures they went through, even the unhappy encounters with local mobsters. Unfortunately , this movie fails at anything except being a drama that has nothing to do with the actual reality of living in India.Being directed by an englishman , this movie refuses to state the specific political and historical factors and events that left India in the dire state that it is , even to this day. Tryng to be appeasfull to all the comunities , this dull movie focuses only on the situation of indian comunities , completely evoiding the causes(Indian culture never wanted progress and refused to abandon the incredibly absurd traditions and religion, provoking the english and causing a revolution). So, in my humble opinion , this muvie is an utter catastrophe, proving that , still, after almost 80 years from the Indian revolution , England and India cant produce anithing remarkable toghether. I would advise against watching this horrendous movie , being a total waste of time.",4
Slumdog Millionaire,"The film has been favourably received, gained Golden Globe and BAFTA awards and we are soon to have the Oscar verdict. However, this is a case of 'The Emperor's Clothes'.

BACKGROUND Chris Tarrant's 'Who Wants to be a Millionaire?' is a popular programme: the host's manner is distinctive and impeccable and the contestants invariably interesting. I had misgivings about the Indian version being effective, as the programme requires a familiarity with the local culture. Similarly, I had difficulty with the Australian version when I was in Sydney.

TV INFORMATION The author was interviewed on television and stated that the Major Ingram 'Millionaire' fraud had sparked the idea for his book. We were fed with glowing reports about the film and various clips on TV.

DISCUSSION It is evident that the film is brilliantly photographed and technically assured, although some of the shots were pretentious and contrived.

However, within a few opening scenes we see the hero is arrested on suspicion of cheating, is tortured and even given electric shocks in order to extract a confession. This is unacceptable and defies credibility as there was no evidence of cheating. Major Ingram and his wife were not manhandled in this manner. It showed the Indian police in a poor light and made for unpleasant viewing. I was surprised to meet a person (who liked the film) who said that the Indian police are like that! Hmm... The children from the slums uncharacteristically did not seem underfed, looked clean and healthy, had bags of energy and triumphed on various daring-do. Then there was the distasteful sequence of the child immersed in faeces and the unnecessary scene of the quiz host in a toilet with the hero. The quiz host was assured and obnoxious: he taunted the hero regarding his slum background and even did his best to direct him to the wrong answer to the penultimate question, thus violating the spirit of the Chris Tarrant show.

There have been numerous intelligent films involving India: Bhowani Junction, Jewel in the Crown and A Passage to India to name a few. Slumdog Millionaire seems fatuous, distasteful and does not bear scrutiny: It gives a distorted image of Mumbai and its inhabitants. Are they all crooks and unscrupulous?

It appears that many people succumb to a flavour of India, slum children and an obvious happy ending to the love story, irrespective of the detail.",4
Slumdog Millionaire,"Don't get me wrong.. this IS a good film.. but I cant help thinking that all the publicity its getting, though much of the publicity is very well deserved is albeit hyping it up.. a little bit too much. am I wrong?? I watched 'slumdog millionaire'.. 'after' the media advertising saturation it got left me no option(as an avid film fan) but to go and watch it. Im glad I did, but it left me with a feelin of 'did I miss something whilst watching?.. because absolutely no way did it live up to the hype. This has got to be one of the most hyped movies ever! definitely watch it.. but I bet you feel the same as me after.. my point is.. (the movie industry is in serious trouble when any half decent movie gets this much hype)",4
Slumdog Millionaire,"I saw this movie with much anticipation because of the medias and all...but I disappointed when i saw, then I just wondered, how that movie won 8 Oscars including Best Picture... Nothing is special in that except typical Slum area, that also very simple in Indian movies, then in some situation the Background Music gives some energy, rather than nothing special I could find on that...... The director allowed too many chances for Coincidence....Starting from Coincidence and running through Coincidence and ending with Coincidence............ This is an example the Oscar group's judgment is sometimes really unpredictable.... And also this is not suitable for Master Piece or Best Movie Ever or something like High rated......",4
Slumdog Millionaire,"Everyone has already commented (over and over) about how good the story is. How many awards it has won. So I will not enter that discussion other than to say it is a great story in my opinion.

However, I found the cinematography to be extremely unpleasing, most especially since all of the hype surrounding this piece and more over an academy award in this category. The imagery that plays in most cases, comes across as a pseudo documentary style. I realize some of the locations may have been difficult to shoot in, but with the budget they had to work with one would expect better photography might be in order.

Further, the hand held nature does so very little to help exemplify the visual story telling but rather detracts from it, creating an unpleasant distraction, taking the viewer away from the drama of the story. The framing and composition is below average most of the time, finding the talent on the opposite side of the leading frame in some cases. The hard light sources are nothing shy of irritating and even some what confusing to the story telling process.

I'm sorry but I really don't see it. I have watched many docu-drama's that have been put together much better and have not received any notoriety, let alone to this degree. I suppose name and connections get you a great deal further ultimately.",4
Slumdog Millionaire,"I wonder where are the days of Hollywood has gone...We have seen the movies like 'On The Waterfront','A Streetcar Named Desire', 'Raging Bull', 'The Godfather','Scent Of A Woman'.....The standard has definitely deteriorated since then...The Academy Award jury were intrigued by the alien concept of the making of Hindi cinema... the films comes nothing close to reality or inspiring...it received Academy Award which does not make any sense to me....it is worthless to comment on acting....i wonder which school in the slums of Mumbai teach 'The Three Musketeers' written by Alexander Dumas???? Mr. Boyle seemed to be lost somewhere in love story of Jamal & Latika, the Mumbai gangster life and the TV show....in long term it will seem to be a mistake by the Academy Award jury..",4
Slumdog Millionaire,"Not worth all the publicity it got.

I saw this movie quite a long time after it came out, and having heard so many good comments about it, I was really disappointed. I am not saying this is a bad movie, not at all, it still remains a pretty good one with a not-so-usual scenario. However, it is not that extraordinary, and I totally disagree with the honors this movie got (hence my vote). So for those who hasn't seen Slumdog Millionaire yet and intend to watch it, my only advise would be : go and see it without being certain to see a masterpiece, and you will not be disappointed. (And keep in mind, in the real game, the questions are much more difficult!)",4
Slumdog Millionaire,"Please, please tell me why so many of you people love this piece of crap?! It will probably take my entire life to figure it out! I'm gonna tell you the reason why I still gave it a 4. It's the ambition, the ambition of Danny to make a different movie, which is obvious if only you see half of the movie. The difference lies in the storytelling. A boy reveals his life by explaining to the suspicious policemen why he, an uneducated slumdog boy, managed to win amazingly great money that no one ever did in the history of the program Who Wanna Be The Millionaire. Deservedly it is great storytelling. Yet a great storytelling alone is never enough to make a great movie.

Remember the excitement we had after we saw Pulp Fiction? Was the excitement purely out of the outstanding storytelling? Certainly not, we love the storytelling because it is combined with shining acting, fascinating music, deep ideas, and solid ending. The storytelling is just a skeleton, and the other things make the flesh. How beautiful can a great skeleton be if there is little decent flesh on it? Pulp Fiction is strong both inside and outside, however, Slumdog Millionaire, just has a nice outside.

Before I saw Slumdog Millionaire, many people told me it is the Indian version of City Of God, and I felt even more excited when I found its director is Danny. But after I saw it, I was completely disappointed. Because Danny did the stupid thing again! After his greatest movie Trainspotting, this guy seemed have turned to someone nobody can recognize. Look at 28 days later, it could have been a milestone if he had added a unique idea for it; The Beach, great acting and story, but the ending, so so disgustingly stupid... You will easily fall in love with these two movies if you see the first half only... Why Danny, why always lack a little bit to be great? Slumdog Millionaire has the same and new problems. The end is as meaningless as The Beach; the lack of ideas is inherited from 28 Days Later.

And the new problems this time are terrible! The music is sick; the whole plot is very very far-fetched and unnatural: how did the two characters fall in love; this is a movie talking about things in India, and it is honorably compared with City Of God because they are both about the crime and violence in the worst places of the world(India and Brazil), however, if you wanna introduce something violent and horrifying, you should do it in a violent and horrifying way. So many people that like this movie say Slumdog Millionaire is the City Of God without blood. That just doesn't make any sense! If there is no blood, it's not India at all!!!

I almost lost my faith in Oscar when I saw it gave so many nominations to Slumdog Millionaire but not The Dark Knight and The Wrestler... They are truly solid movies.",4
Slumdog Millionaire,"The film shows life in India well, showing all the poverty and the situations that people go through, but speaking as a story in itself, it is pretty mediocre, incredibly predictable and boring.

It shows three different time periods, some guys torturing Jamal to find out how he got the questions right on a TV show, the TV show and his past, showing how he knew the answers even though he was a poor and uneducated boy.

The whole part of changing time periods is initially confusing, but the film uses it well, but inevitably the film is boring, two hours seem like four when you watch this film. Many parts of the story and some scenes are incredibly exaggerated, the ending is completely predictable, he is a protagonist who is on a TV show and wins the grand prize, it ends up being predictable and many other parts of the plot are left out.

However, speaking visually, this film has very well-directed photography, and the representation of everything in India is well done.

I admit some positive points in the film, but overall I didn't like the film.",4
Slumdog Millionaire,"This movie is a great proof that Joe McMoviegoer only cares about the plot in its most simplified synopsis version, and nothing else.

I admit: the IMDb synopsis DID sound interesting. But an interesting idea is one thing; how it's executed is a whole new ball game.

Let me start by saying that the Who Wants to Be a Millionaire show is not (repeat: NOT) aired live: it's a recording. This makes the entire ending fall flat on its face, as it rests on the premise that it IS aired live. How can people just ignore such plot holes in order to enjoy the movie, I don't know.

Speaking of the show - one of the early questions was this:

What is written on the national emblem of India:

A. The TRUTH Triumphs. B. LIES Triumph. C. FASHION Triumphs. D. MONEY Triumphs.

Most of us have never seen the emblem of India, but can easily guess the answer, right? Yet our dumb protagonist uses the Ask the Audience ""lifeline"".

Come on, Mr. Director. I know you had to get rid of one lifeline in order to leave only two for your vision of the grand finale, but couldn't you have picked a more realistic question to do so? Is our protagonist such a moron that he actually thought the national emblem might say ""Lies/Fashion/Money Triumphs""?!

The premise of the movie is that Jamal, the protagonist, albeit an uneducated slumdog, knows the answers to most of the questions simply because he has ""lived them"", so to speak. An interesting fictional premise, but...

Thus our Jamal knows that the revolver was invented by Colt (and not Browning, Wesson, et al) simply because his brother once, when attacked by bad guys, miraculously, deus ex machina-style, pulled a Colt we'd never seen him acquire prior to that and killed one of them.

And that's how Jamal knew Colt and not Wesson invented the revolver.

In a similarly inane fashion, he knows that the face on the $100 bill is Ben Franklin, because his blind(!) slumteen beggar buddy, after Jamal had given him $100 and described the face on the bill as a ""bald man with hair on the sides"", told him it's Ben Franklin. Are we supposed to believe that underage, illiterate, uneducated Indian beggar kids that have never seen a book or a TV set in their life, let alone a 100-dollar bill, know what Franklin looks like? Please. But I guess anything's possible in a movie in which an elementary school slum dropout talks to British tourists in perfect BBC RP, firing out collocations such as ""in a top-class fashion"" and ""maximum-pileup traffic accident"" like it ain't no thang.

Also, the final, million-dollar question is (drum roll): Name the third Musketeer: Athos, Porthos...

Come on. If the final questions were that easy, we'd all be millionaires.

And how does Jamal know the answer? He takes a blind guess, because it was his destiny to win. ""It was written"". And he guesses right.

Just like he told the (also teenage) love of his life that they'll find each other no matter what, because ""it is written"". Come on. I haven't heard such salad-tossers blurted by teenagers(!) since Dawson's Creek. Even The Last of the Mohicans barely managed to get off with similar cheese.

I could go on forever.

So, in the end, our fate's pet Jamal answers all of the questions, while his big brother frees the girl from the jaws of mafia by killing the boss. Mind you, he first killed bad guys, then joined them, and now he switched it up again while you weren't looking and mended his ways. He held Jamal at gunpoint, raped the love of his life, and cut her face, but now he suddenly wants to help them. Must have been touched by the hand of God off-screen. Anyways, the girl is now free to catch the impossible live airing of the show, reunites with Jamal on-air, and they live happily ever after as millionaires. And she thought they would ""only be united in death"" (direct quote... the kids of today, so profound).

Because puppy love conquers all. Especially if your future-boyfriend is about to become a millionaire.

So, two hours of an interesting premise ruined by carelessness in details and chuckle-inducing implausibility, slopped with saccharine, drowned in a one-sided portrayal of life in India (read the other negative reviews for more on that), and spiced up with a dash of that straight-out-of-Bollywood fairytale love story - which you couldn't give a rat's ass about even if you wanted to, since the girl suffers from a severe case of character underdevelopment (all we know about her is that she's ""the most beautiful girl in the world"" (of course)), and there's more chemistry in your hamburger than there is between her and Jamal.

But I guess the morning after watching the movie you'll only remember the core of the story as summarized in the IMDb synopsis, and that would suffice. Good for you.

P.S. Nice hand-held camera work in a couple of shots. And nice colors. The only things hinting, albeit infinitely remotely, at the fact that this is the same guy that directed Trainspotting. Incomprehensible.",4
Slumdog Millionaire,"This left me dumbfounded. I cant believe this film has garnered so much attention, let alone adoration. This got some the Oscars? I just realized this from reading glancing over the board, i though it was The Curious Case Of Benjamin Buttom that won best picture. Oh well.

I don't know what to say. Its directed with great style and i love that it takes place in Inda.

But its a little hard to care for such a flat character as the protagonist. But off-course you root for the underdog right? Oh, i definitely did initially, but as the film progressed and the love-story kicked in, i started to care less.

Take the scene where the brothers rescues the girl. First, would she really still have been a virgin? A man that burns children eyeballs probably would have sold her to someone already. Does this matter?

Yes because the film shouldn't soft panders us like that.

And would she really have been wanted to escape with them?

Run away with two street-thugs? No. People are not just trapped physically you know, people are trapped by their social situation. A girl in her situation probably would have chosen to stay as a dancer where she at least could earn some kind of living and had a sense of security.

But does this really matter? Its a ""fairytale"" right? Sure, but the film calls this kind of thinking and critics to itself by describing the ugliness of poor in almost gruesome details. It wants to have it both way. Its a dishonest and shallow picture in so many ways.

The love-story is underdeveloped. There is little chemistry between the two brothers. And its main-character is, as i already stated, very flat.

There are some great scenes. Jamal falling down in crap-house and then getting his autograph was funny and disgusting. But i found the film decreasing in quality as it went along. The scenes in the actually Millionary show was also quite good with the host turning in a good performance, being that kind of character that is written for the audience to dislike and loath.",4
Slumdog Millionaire,"Last things first - 10 Oscar nominations, 7 BAFTAs, 4 Golden globes and God knows how many more awards!!!! And all these awards are assumed to be prestigious, pity! By now, I assume everyone may be aware of the plot and the basic storyline of Slumdog Millionaire. The film scores high on the cinematography, screenplay, music and actually the rawness the film has... Some sequences here remain true to the actual condition. Like the backdrop of Mumbai and other places in Uttar Pradesh are beautifully depicted. The filthy slums and the untidy subways are natural. Director Danny Boyle uses many sequences to show cheating and inhumanness with many of pretty apparent from the face of it and some sidelined like the one where Salim prepares the mineral water bottle from the bottle picked from rags and the sobbing kids shown with the women when the brothers go to find cherry on the Pila street (which only a sensible director like Danny could do)

Now a story beautiful like this but how badly sub plotted!! Extreme loopholes which cant be ignored in the name of cinematic liberty

1) Where the hell do you find Mumbai slum kids in some 1-2 grade in a local government school reading 'The Three Musketeers'?? I myself haven't read it yet!! 2) The kids are waiting for their turn to sing as if some Indian Idol auditions are going on 3) A blind guy can recognize his early year friend (who were barely their together for some days) out of the trillion people in the world after 5-10 years of their separation merely by touching his face. This guy can also smell and tell which currency is this! As if this was not enough, he can also tell the name of the icon on the foreign bill, smiling with pride as if he was the governor who issued this bill!!!! Oh Miss Rowling - we have found a better wizard than HaRRY PottER, here in India..!! 4) Oh!! The international tourists can't make a difference between the guides and cheats. Over the top they believe the fake story by these cheats about an International Monument overriding what is written in the guidebook issued by the tourism department. 5) The tourists are so innocent to even handover a $100 bill to the person who robbed them miserably... 6) Jamal knows who invented a gun. Why? His brother had once got it from somewhere and threatened him muttering sounding something like colt... (Jamal - what do u eat for keeping your memory this good)... Boss - I myself have a refrigerator, cycle, table, chair...and I didn't knew I was supposed to know the names of their creators... 7) And then you have a game show host who is unnecessary teasing you in public (Was that necessary - Indian shows are not like this though...)... 8) D: Destiny.....Truly!! GOD had planned everything in Jamal's in a chronological order so that when he goes to the game show, he has no problems to remember the answers... 9) Don't you dare think slum people are illiterate or something - when they grow up, they automatically learn to speak in accented English better than many of the highly educated Doctors, engineers, police do....That's why the latters go only till 60000 but slum people go up to be a millionaire... (This was the secret answer to Irfan Khan's question in the beginning of the movie)

OK....OK.....I have many more weak points in the movie but I think I should leave something for you toooo......

The movie is a good time pass if you say so......entertaining onewith some strong points that I said earlier Cinematography, Editing are topnotch... AR Rahman's music grows on you and is superb...but again the maestro has some better scores to his credit that this is pretty expected from him....He should have got all these awards a lot earlier..

Acting by all the actors is fine but the pick of the lot are certainly the child actors... I never understood the media attention Frieda is getting!! Don't mind it but she had a some 5 minute role totally and that too to look up to Jamal on the foot over bridge with a backdrop of a local train...plus the number in the end credits (which I thought was perfectly blended with the end credits)

Finally, it was a brave attempt - Things depicted in a good way but a more should have gone into research and writing.... Nevertheless India has a lot of positives that these small negatives don't stand.....JAI HO!!",4
Slumdog Millionaire,"Other than the two little ones who play Jamaal and Salim at their infancy, everything else in this movie is so fake!! Everybody speaks English!! American tourists who just had their merc stripped off give out another 100 bucks(are they stupid?)!! On one hand the movie is set in the dirtiest and most vicious of places in mumbai, on the other hand it has the noblest of all concepts, the Hollywood version of romance!! Other than the two toddlers, the rest of the actors playing the two brothers at different stages in their lives have ""Non Resident Indian"" stamped over their faces!! Young wannabe criminals don't look like Salim does, neither do they carry colts?!! In beggar camp Latika, while crushing red chillies, wears rubber gloves?!? Well she wasn't exactly doin the dishes in her kitchen was she??

The movie says that the makers took the worst of India in one hand and Hollywood in another and decided to bridge the gap!! But the gap is just too big for one person or a whole generation of people to bridge!!

I did like the youngest of the actors though, the movie remained palatable till they were around!!

I also hope this movie does something to draw the attention of the world to how people in some parts of the world live in abject poverty, don't know what, if at all anything, that will result in though.",4
Slumdog Millionaire,"The Who wants to be millionaire? theme wasn't necessary and it seems to me that it was included in the whole movie just to give it an unique approach that is not that unique after all. This movie is just another display of exaggerated social misery that may be true in the real world but in really extreme cases. This type of movies appear a lot in Latin American productions and they tend to show the same excessive social problems throwing out the worst of its society when it is actually very different in reality.

I think this kinds of movies are meant to show the worst of certain cultures and their success are given by the misunderstanding or insufficient knowledge about these cultures' reality.",4
Slumdog Millionaire,"I initially hated the idea of Slumdog millionaire, nut after reading positive reviews, and reading the book which had been on the shelf for ages, I changed my mind and decided to go see it.

After seeing the film i didn't know what to think. It had too many moments were it didn't know what genre it was. It wasn't a clever blend, it was just a mishmash of genres which felt like someone put together a puzzle with a sledgehammer with the intention of it being a perfect picture, but there was too much attempt of putting power into the intricacy of the film and it was smashed leaving only a few pieces actually looking good.

Saying that, the film did have it's memorable moments. Anil Kapoor was very memorable as the Indian Chris Tarrant, and A.R Rahman gave the film a successful score. Danny Boyle's direction was unmemorable, which was disappointing considering his previous repertoire of films.

Overall the film was annoying and a massive let down, with memorable moments, but not enough of them to get past the fact that the screenplay was written so Simon Beaufoy could cram every possible style of film into one collage of a script",4
Slumdog Millionaire,"This is far from a great film. Aside from being largely incoherent, it's just hard to fathom why this movie was made. It's more or less an Indian version of ""Quiz Show"" directed by an English guy. This strikes me as the kind of film that people who claim to be ""worldly"" will say is the ""BEST MOVIE OF THE YEAR OMG IT'S GREAT"".

I'm not against making modern fairy tales, but my major qualm with this film is setting a fairy tale against the backdrop of a capitalistic, Western game show, transplanted in India where they have their own rich culture that should be celebrated. This whole movie is centered around the idea that money is power, yet Boyle tries to disguise this with an over-the-top love story. It just reeks of bullsh*t.

I'd rather watch a straight up Bollywood musical than this drivel. No thank you.",4
