title,comment,rating
The Curious Case of Benjamin Button,"I use this movie to compare all BAD movies with. For example I would say a particular movie is bad but not as bad as ""The Curious Case of Benjamin Button"". Nothing about the movie caught my interest or imagination. Probably because the premise is so utterly stupid and uninteresting.

I am normally a very open minded person, enjoying a wide variety of different kinds of movies. However, this one was too dumb for me to remotely enjoy. I HATED THIS MOVIE. I wasted 2 hours of my life that I wish I could get back.",1
The Curious Case of Benjamin Button,"First of all it is kind of good not much in some parts, but the thing in this movie the mine character they made him do stupid choices that makes me angry in some parts of the storyline.",1
The Curious Case of Benjamin Button,Dodged this movie for 12 years put it on to be horrified by the most disgusting looking baby and plot ever captured on film. Skipped through it because you have to be very desperate to waste 2.5 hours on this steaming pile of garbage. Brad Armpitt is the only reason anyone cares about this film. Goes to show what you can shove down peoples throats when you are a famous actor.,1
The Curious Case of Benjamin Button,"I can't start to explain how terribly boring this movie was. It's easily the most boring movie I watched in years, probably because it's the most boring movie that spent so much in marketing to get you to watch it.

The whole movie is a depressingly slow series of events about the life of a guy that starts looking ancient and dies looking like a kid, as biologically impossible as it is. Unfortunately, this is the only fictional element of this movie: not enough for a decent fiction movie, and not enough for a decent real life movie.

Everything in this movie has to be so terribly slow it'll make counting sheep a thrilling experience in comparison. The movie could be compressed into a 15 minutes short film and it'd still be depressing because save for a couple of moments, the overall situation only goes from bad to worse. There's nothing special in the end; no surprises, no plot twists, nothing that will make the hours you've spent watching this worth in the least bit.

The leading cast's performance was alright, though nothing spectacular except perhaps by the old lady telling the story. I suppose it's quite an achievement though; if I had a role in such a movie I'd fall asleep in the middle of my performance.",1
The Curious Case of Benjamin Button,"If you loved Forrest Gump, you'll love this film -- if, on the other hand, like me, you thought Forrest Gump was vapid, saccharine and soulless, then you'll find this movie as infuriating and awful as I did... every step of the plot is painfully, agonizingly predictable, and as cheesy and syrupy as a Hallmark card. The film is stunningly shot and very well directed, and the performances are uniformly solid, but the script is unforgivably pointless, empty and shallow. As with Forrest Gump and similar films, there's something deeply offensive about treating complex subjects like aging, illness, pain and death with sweeping ""aw, shucks, everything turns out for the best"" generalizations...",1
The Curious Case of Benjamin Button,"I simply fail to understand how this boring and very 'hard-going' movie has managed to garner so many positive reviews. I had trouble staying awake! The whole idea of a person born an old-man-baby(?)and ultimately reverting back to a baby - but this time,an old-young-baby(?)Is the most puerile, pointless,laughable and unbelievable 'plot' I've ever come across.The write-ups claim that the film centres around a man who ages back-to-front, i.e. gets younger as time passes - instead, we have this mixed-up, silly premise In which an old looking baby becomes an adult, then reverts back to a 'REAL' baby - but who then dies presumably of old age! Quite how this project cost 150 million dollars to make Is beyond me, and I was left wondering on what,exactly,such a huge sum was spent? If you are considering watching this movie for the first time, I suggest that your time would be better spent watching paint dry - It would certainly be more entertaining.",1
The Curious Case of Benjamin Button,"There have been at least three occasions, when at the end of a movie, my wife and I will look at each other with an amazed disappointment. ""The Butterfly Effect"", ""City of Angels"", and now ""The Curious Case of Benjamin Button"". Granted, we enjoy Pitt movies and consider him extremely dynamic, but the story here failed to hold to its own. And there was no return on investment. As expressed by well-spoken critics, there were way too many Jump-the-Shark moments that tended to insult what little intelligence it required to watch such a film.

Intertwined with the impending threat of a Hurricane (to pay homage and toss a few coins toward the Army Corp of Engineers) was an outlandish and entirely uninviting display of single-dimensional character-building. No fault of the collaboration, just too great of an attempt to reinvent the wheel.",1
The Curious Case of Benjamin Button,"I hate giving up on a movie but really wanted to do so with this overlong, totally boring film that amounted to precious little in the end. It was good to eventually see some reviews that gave it 0/10,seeing it in the same light as I did. I can only guess that some wannabe film-buffs gave this film a high mark and pontificated on it at such great length. I wanted to keep this review short but I have to add more lines they say, though the film doesn't warrant it. I didn't want my review to be as long and boring as the film was!

However, I can add that the film was unnecessarily dark throughout, the dialogue was often hard to distinguish and it really came over as a poor quality 'Forest Gump' - which was a really great movie.",1
The Curious Case of Benjamin Button,"Well, this is the quickest I ever deleted a movie. I couldn't make it through the horrendous performance of Kate Blanchett as the old lady. Fake Southern drawl, fake weakness in her voice, one minute she has trouble speaking, the next, she is giving a speech. That entire scene in the hospital was so fake that hit the delete button before it was over. Man....that was bad! Don't bother.",1
The Curious Case of Benjamin Button,"Do a favor to yourself and forget that this film exists. DOES NOT EXIST! :-) It will explain. Makeup is for laugh. Both when they want to grow old the characters as when try to rejuvenate. Brad Pitt is in the more displease role of his career, but unfortunately will give him the Oscar for it :-( This guy is great, but I think that has only played this character for the money and I hope he use it for charitable purposes. Brad, honey, do not take it so seriously this role, because it is unpleasant. The problem is that the producers (Kathleen Kennedy and company) and the entire team, claim that we take seriously a story that is impossible at all, and that is the key of the issue. WE CAN'T TAKE SERIOUSLY SOMETHING LIKE THIS!!! Go and see ""Aliens"". Great Movie :-)",1
The Curious Case of Benjamin Button,"A disappointing film based on an idea that has become so commonplace in English literature that it is difficult to find a book without time-travelling factionalisation. The execution was disappointingly tacky with playground techniques used for showing past events, including the sort of sepia effect you would expect from a schoolboy's first forage into the genre. Sound was appalling so that the Titanic-lady lookalike was impossible to hear, although that might have also been down to the incredibly unsubtle switch of mood lighting at the hospital bed (gosh, we've never seen that before have we?!). A film that is attempting to be masterful and clever but ends up being neither.",1
The Curious Case of Benjamin Button,"I am certain that this film will be compared to Forest Gump. People will no doubt call Benjamin a literary masterpiece. But to me comparing these films would be the same as comparing a fine piece of art work with a cheep knockoff found in the bottom of a cereal box. to explain. I found most every character to be shallow flat and uninspired. do not misunderstand they had potential, in fact the film as a whole had potential. the problem is that it just did not deliver. this is what i got out of the three hours that i had to sit threw.

#1 If your born as an old man and grow young you apparently have the rare ability to have relations with every woman you meet and some how manage to hold on to the title gentleman. #2 If you work on a tugboat. every one around you will die in a battle royal with an enemy sub but some how you will come out victorious. the best part about it is that you don't have to care about the crew because nobody watching does ether. a side point. Your captain will be reincarnated as a humming bird and then will visit your girl years after your dead.. Kinda creepy #3 clock makers that are blind make clocks that run backward and for what ever reason this allows one man that doesn't seem to be connected with that event live a backwards aging life. i just don't get it #4 If you have a troubled relation with your father he will most likely will you his button factory and his house which you will immediately turn around and sell. Benjamin BUTTON, BUTTON factory hmm I wounder why that factory had absolutely nothing to do with the plot. oh well.....NEXT #5 how many characters do i have to meet that do nothing but leave me with more questions,A piano teacher, where is her personality and and what did she have to do with the story? The man from Louisiana, who was he? where did he go? and why did he appear sitting in a field making a profound statement at the end of the film? and then there was the mysterious woman who was married to the spy. what ever happened to the spy? hmm that must be top secret.

now lets take these elements and throw in a heavy does of commercialism and and a heavy dose of CG and we get a film with more holes then swiss cheese. not to mention that the whole point of him growing younger had any thing to do with any thing. the movie would have played out exactly the same had Benjamin lived a perfectly normal forward life.

All tho i don't know for certain i would guess that the short story that this film is derived from is probably an enchanting story and possibly well worth a read. I just cant seem to make myself read it for fear it will be worse then the movie.

If you like story telling do yourself a favor and watch a classic Forest Gump,Big fish,Secondhand lions,or The princess bride. and pass on the confusing mess that is Benjamin Button.",1
The Curious Case of Benjamin Button,"David Fincher, Seven, The Game, Fight Club. I love David for how he has inspired me in the past and that I will not forget. I write this review only out of frustration over what seems to be be, unfortunately, a story that is not new to me. I've witnessed the fall of so many artist's over the years into mediocrity that is painful to for me to witness and it plagues my mind indefinitely. I hate people that don't take the time to watch and listen to what they are viewing before making these statements but I have thought long and hard before even thinking of writing this down. Of course, I don't know what Daid Fincher was thinking when he made this film. I think to myself, ""Was it the influence of the producers in his ear, the promise of money, or pure experimentation with the notion of making a hammed up piece of redundant slop like this to see how it felt to be a true official Hollywood A-lister untouchable, or purely a bad decision from the start due to the downside of fortune?"" but I refuse to believe that Fincher is not a great artist!

I don't need to say much about the ingredients of this film because I think you have already guessed how I see it. All I can say is-David Fincher, Remember me? Im the outsider in this world searching for meaning everyday that I wake up to a commercial world wanting only what it can gleam from my unfulfilled soul. I will continue to carve out my place in this world through my art. Will you join me again?",1
The Curious Case of Benjamin Button,"I don't know how they managed to take such an unusual and interesting topic, with countless opportunities for interesting plot development, conflict and excitement, and turn it into 3 hours of dull, drab, disjointed episodes and characters that add nothing to the story and cause no major difficulties or consequences for them main character. Scene after scene I just kept asking myself, what the hell was the point of that? If there's anything curious about this movie it definitely isn't Benjamin who turns out to be, despite having a disorder that should have the scientific community in a frenzy, a complete and utter bore. He meanders aimlessly through every scene barely expressing an emotion greater than mild excitement while spouting trite, corny phrases like ""I was just thinking about how nothing lasts...and what a shame that is..."" Is that supposed to be deep? I mean really.

Really, the curious thing about this story is a number of other things besides the main character.

-for instance, how can a movie about a black woman in the 20's/30's raising a white baby outright ignore any consequences that would have come from the racist attitudes of the time...especially in the south! yet the movie doesn't even mention or acknowledge this. preposterous.

-another thing that was very ""curious"" about this movie was how nobody seemed very surprised at all at his condition. he doesn't even so much as get harassed about it. the guy is the ultimate freak of nature and all anybody can ever comment on is how good he looks as he's getting younger?? give me a break! why isn't he being poked and prodded and taken apart by the scientific community? WHY ISN'T ANYBODY STUDYING THIS OR EVEN BEING INTERESTED IN IT AT ALL. ack.

-curiosity number 3: something about a tugboat.......then something about an affair with a swimmer....wait what does this add to the plot? oh right, NOTHING. again and again the films creators seemed to purposely avoid any potentially juicy plot twist to focus on things that are mundane, boring, and pointless.

and I'm not even going to go into the nonsensical mechanics of his aging disorder, but ultimately I ended up wondering what the point of it all was, as the whole movie didn't seem to have one. the storyline appeared to be devoid of cause an effect which is an essential part of a good story.

for not evoking any emotions other than boredom and mild confusion, for having a weak plot that's full of holes and lacks any real meaning, and for giving us a visual treatment that's either drab or just plain ugly, this movie fails on all levels. I wish I could give it a zero.",1
The Curious Case of Benjamin Button,"This movie was ""good."" Yes. It won a couple of Oscars. But it wasn't that good. First, it was too long! And it was so boring! They added the Hurricane Katrina plot to try to make the movie more interesting. It was great to see Taraji P. Henson play a different type of role. She did not act like a sassy woman in this movie, but a warm loving mother. This is a movie about an old man who became younger. It seems like Benjamin was very strange as a very old toddler and a very young senior citizen. The only time when he was normal was when Brad Pitt played the role of him. I finally found some plot in the movie when I discovered that Daisy's daughter Caroline was Benjamin Button's daughter.",1
The Curious Case of Benjamin Button,"Yes, it won 3 Oscars, but those were for Art Direction, Make Up and Visual Effects. So all the people that feel guilty they fell asleep, were bored or during the viewing did their manicure and planned their holiday: even the 'real' experts realized that it maybe looks OK, but should not be rewarded for content or entertainment value. I think the movie was made so irritatingly long to be sure everyone falls asleep and then decides that they must have missed a masterpiece.

It took my ultimate willpower to keep staring at irrelevant scenes (someone that our hero has met once comes by to say he leaves forever. ""I will miss you, bye"" and there he goes and never comes back .... another minute filled) and the pretense that every meeting the main character has is with 'meaningful people' that have a 'deep bond' with him while constantly nothing meaningful happened and all conversations were as shallow as in a porn flick.

Somebody had a nice idea (a life going backwards) and then forgot he can not write and made a whole long boring story about it desperately trying to impersonate John Irving (Life according to Garp, Hotel New Hampshire). The difference is that in Irvings work funny things happen, and weird scenes take place. Not things that soap writers would kick out of their scenarios as being too cliché.

A waste of talent (the actors), a waste of a potentially nice story, a waste of money and surely a waste of my time.

PS What sad people you Americans have become that the movie is rated PG 13 for, amongst other reasons, smoking! Does that mean all movies from the 20th century are PG 13 now? And all the cartoons that have smoking in it? And will people that smoke in the street and are seen by someone below the age of 13 be accused of molesting a minor? Keep fighting for your right to own guns and burn petrol, and keep forbidding people to do what only bothers themselves (smoking, drugs, loving somebody from the same sex) and then wonder why your society is going bonkers and you have a weekly random killing spree on your TV.",1
The Curious Case of Benjamin Button,"This is probably one of the worst films I have ever seen. I can see lots of people really enjoyed it, which is fine, but I think this was a really bad film.

My reasons are: The storyline was based around an incredibly simplistic premise that wasn't discussed interestingly, just told in a boring narrative that had absolutely no intrigue or complexity. Watching it unfold was like watching paint dry.

The acting and script were so bland (especially Brad Pitt) that it was almost completely impossible to feel anything at all for the characters, apart from 'woah Brad Pitt looks old and small'.

The whole thing looked and sounded like a bad TV show (like the Adventures of Young Indiana Jones or something similar).

The fact that Brad Pitt has been nominated for an award for this piece of trash is just indicative of the shallow gimickery that gets people awards. It doesn't have anything to do with acting - it's the equivalent of the 'don't go FULL retard' speech so aptly made by Robert Downey Junior's character in Tropic Thunder, (which by the way is pretty funny).

A massive pile of cheap looking drivel, that's really boring. There are only a few films that have actually make me upset with myself for having bothered to waste my time watching them, and this is one. Almost as bad as 'The Illusionist'.",1
The Curious Case of Benjamin Button,"There isn't a single plot point in this pig that doesn't correspond directly to ""Forest Gump."" The best imagery was also stolen from ""Gump"". Those deep south accents were too charming to lose so Fincher just moved the bulk of the action over a state or two. Instead of ""Life is like a box of chocolates, You never know what you're gonna get"" there is ""You never know what's comin for you"" or something like that. It really doesn't matter. Instead of a floating feather we are given a fluttering hummingbird and balloon for good measure. Fincher moved the story back a few decades so instead of the Viet Nam war we have WW2. Instead of shrimp boat we have a tugboat. There is the sudden unexpected windfall. And at the core is the on again, off again relationship with the wild, ""damaged goods"" childhood sweetheart. Of course the star crossed lovers finally get together long enough to conceive a child but, tragically, one of them abandons the other all too soon. Etc. etc. etc. ad nauseum. Brad Pitt's credibility wears off as he is slowly stripped of his make up. The epilogue feels like a United Way commercial. However, overall the production is glossy and visually well constructed. Usually I will give a film at least a 5-7 if the technical aspects are as good as these. But I was so appalled I am reluctant to give it any stars at all. The only reason I sat through the whole 2 hours and 46 minutes is so I could discuss how bad this really is. A friend defended ""Button"" by stating that this movie is ""like 'Magnolia'. You either love it or you hate it."" I disagree. I hated ""Magnolia"" but at least it had an original script. David Fincher's cred is spent as far as I am concerned. I can't believe he got away with it.",1
The Curious Case of Benjamin Button,"This movie was very boring! It is listed as 2 hours and 47 minutes long but it felt like i wasted my whole day there. The movie had a horrible start and finish. There should have been more emphasis on the miracle of Benjamin Button's case, yet they just kept going on with his life. Certain parts of the movie should have been cut out to save time, some parts of the movie had nothing to do with the rest of the movie. They should have cut out the entire war part because it had no relevance to the rest of the movie. This movie took to long, the theater was packed, I couldn't get up to get some water. The movie had no purpose or meaning. Please do not waste your time. Anyways use your ticket to watch Marley and Me - it was much, much better.",1
The Curious Case of Benjamin Button,"This. Movie. Was. Terrible.

It was quite literally Forrest Gump with a change of disabilities.

In it, we follow Forre.. er.. I mean Benjamin as he experiences his life in reverse. It is, of course, full of fantastical occurrences that most compilations of 20 men wouldn't meet in their lifetimes, but of course, Forrest (oops I did it again, I mean Benjamin!) just manages to fall ass-backwards into every piece of luck he possibly can. Father is a millionaire -- Here take all this free money!

Its full of stereotypes -- The cruel white businessman who doesn't accept his son because of his appearance, the elegant and beautiful mother dying during childbirth, the loving black mammy taking in the unwanted child, the hard-working and stressed out surrogate father asking ""Why are we taking care of someone else's child?!?"", the neglected, spoiled businesswoman jumping in bed with Benjamin as much to punish her husband as because of her desire to be with Benjamin, and the oft-returning love interest that's made a family for herself but never stopped loving! Oh! So original! If you can't piece this film together yourself from about 3 or 4 other better films then.. well.. you just haven't seen enough movies in your life.

Watch a couple of good films and don't waste your time on this one.",1
The Curious Case of Benjamin Button,"Let me start off by saying Buttons is a beautiful picture. But that's what it feels like, a photograph taken by a well groomed photographer. However there isn't much of a story here. It almost seemed like Fincher was shooting a spread for GQ. There were scenes where I could almost hear him say. ""Show me those pouty lips!"" If you think I'm being harsh; then just watch the motorcycle scene again. Pitt almost strikes a pose to Maddonna's Vogue.

The story just isn't groomed enough to warrant such a huge epic. Even Australia (with multiple stories) couldn't cut it. I did however think the age fx were amazing but, after a hour of trying to stop thinking about how an older Pitt looks like a present Redford, it was distracting. It also seems as if the one action scene was very forced. Everything working in Button's favor to ensure harm didn't come to him. I heard several people say this scene was a wondrous spectacle; for me it reminded me of The English Patients airplane crash. Just a nod on the shoulder to keep me awake and interested.

I really went into this film with hopes it would be an epic. I knew it would be a long journey (running at approx. 3 hours). However time stands still in a grand film. This film seemed long because I, like Buttons, could feel the hours, instead of years, creep up on me. As I left the theater my Son asked me a question that really caught me off guard: Dad what if Buttons would have been normal like us, would the movie had been different? I answered, sure I would not have seen it.

I guess that's the real FX here. My Zodiac/Se7en director got me to see a Harlequin Romance.",1
The Curious Case of Benjamin Button,"It would be absolutely possible to forget all the logic errors and gaffes in this film if they had done a bit more with it. Unfortunately, they didn't. After about an hour my girlfriend and I lost interest without realising and found ourselves pottering around half watching . On reflection we put this down to the film being based on a plot that would only work with an appropriate level of emotional gravitas tugging it along - but it lacks this and the execution of the plot is emotionally lightweight and farcical. There is no depth here and you need depth to take you through 2 hours and 40 minutes. Benjamin is an unlikeable character. Actually, that is too strong as it suggests you might invest some emotion capital in him in some way.

The lack of emotional oomph means when we encounter (sadly inevitable) symbols representing fate and a more mystical side to the story these are laughable as this film will not sufficiently move or engage you enough to buy in to this cheesiness. Case in point: the hummingbird motif. A hummingbird flying by in the middle of the ocean somewhere North of Russia just because someone who talked about hummingbirds has just died is plain silliness. The motif-for-the sake-of-having-a-motif hummingbird does of course crop up at very vaguely poignant moments later in the film (as you would tiresomely expect).

The whole 'Bratt Pitt looking old' thing is slightly entertaining for about 3 minutes though.",1
The Curious Case of Benjamin Button,"Either film-goers are a totally different species than I or they ask a lot less of a film than I. I started off reading the book. (I'm in a book/film club where we do both and then discuss both together.) The book was a mere outline of a story not yet written. It just told events that happened with almost no dialog, expression of feelings, or even descriptions of where they were. It was a very short story and the facts were very different. His father denied his age and dressed him in shorts (he also kept custody which got changed in the film.) His wife came to resent him as did his teenage son.

The movie went with the bare bones plot outline and wrote an entirely new story. What both had in common was that the characters didn't act like humans in the face of a scientific impossibility. They were shocked but that was the extent of it. No one contacted the media or the scientific community so that Man could study this ""miracle."" So the movie is now some sort of science fiction tale where people don't act like people yet in every other way they do. That inconsistency ruined both tales for me. I might have tried seeing it like one would GULLIVER'S TRAVELS, or Kafka's METAMORPHOSIS. But in those the goal was to share an insight and the unreality made the story fresh and helped drive the point home. The BUTTON twist did neither for me.

And the love story made no sense to me, particularly when the Brad Pitt character leaves his wife (loving wife.) He didn't trust that her love for him was substantive enough (not superficial) to weather the onslaught of old age and sickness. She had the same affliction when she got injured in France--she hid from him and married someone else she didn't really love. Why? Because she was afraid she wasn't really loved for herself but for her looks and talent. Those aren't symptoms of love but impediments to it--it's not love if you start off thinking you're not really lovable for who you are inside. So I had no admiration for them as the relationship unfolded.

Only in the end as he got really ""old,"" did he allow her to love him and that didn't seem like a real choice but a result of him running out of options. I've read the laudatory comments and they do not resonate.",1
The Curious Case of Benjamin Button,"I don't know where to start but the word is Awful indeed..i almost fall asleep.

The voice of the principal character still banging to my ears low and morbid while his entire life time!

One thing is for sure Brad Pitt is not good at all in this gender. Without his sword and brave acts he didn't get my attention just the opposite ..

The idea was good..but the life of Benjamin couldn't be more boring,after all many thing happens in one life time.Just another bad movie.",1
The Curious Case of Benjamin Button,"I'll never get this 2-3/4 hour of my life back and that makes me angry. Actually, it was more than that because I kept falling asleep, so I had to keep going back and starting sections over again, trying to stay awake the second time around. The only stars of this movie were the make-up and special effects, and while the F/X were OK, the makeup was awful and distracting. To my thinking, the aging (Cate forward and Brad backward) wasn't consistent with the time frame of the story. And it makes no sense that Brad's body ages backward but, apparently, his mind ages the normal way, so that he suffers dementia during his ""childhood."" Cate's various scenes as a dying old lady are badly written and the dialogue is nearly impossible to hear or understand. In the end, does she become one of the elderly who died in hospitals during Katrina? Is the message that all of those poor people had great stories like this one and so their deaths were truly tragic? What an absolute crock! If there were a lower rating than 1 star, that's what I'd give this complete waste of time and talent.",1
The Curious Case of Benjamin Button,"This is one of the worst movies I have ever seen!

Simplistic,pandering, silly, plodding, inaccurate, full of awful stereotypes - painful! shameful!

Whatever is good about it - others have pointed out the great makeup for example - is way overshadowed by the utterly stupid and vacuous premise of the film. The short story may be wonderful. The conceit of the film is ridiculous. It's one of those movies that tells you the characters love each other, but we don't feel it. We are told Momma loves her Benjamin, but we don't feel it. Benjamin himself is really quite the jerk.

The heavy poorly done accents alone almost do in this one alone. I am not sure why Southern accents inspire such derision, but this movie has set back another decade or two anyone taking Southerners seriously.

I saw this because I have heretofore enjoyed all of Brad's movies. Not a fan of Cate, but she can act. They are both awful in this. I blame that on the idiotic story & execution. At its best it's sentimental, empty pap, at its worst it's pretentious, bloviated, false and offensive.",1
The Curious Case of Benjamin Button,"This film was excessively long. It somehow missed the editing process altogether, for if anyone had actually taken a serious look at the camera time given to the entirely unappealing--if not repugnant--and nearly still image of the shriveled old lady (Cate Blanchett) dying in her bed, they would have discovered that, lo and behold, fully one-quarter of the movie is wasted on a single shot. I honestly think that if this film had been submitted as a final project in an editing class at film school, the student would have failed the class.

Nowhere was I drawn into the story so as to be able to sympathize with the characters. On the contrary, I actually came to wish for the death of the mumbling old lady with ashen face, quivering lips and intolerably irritating pseudo-southern accent, because she was literally boring me to tears. Never was I given any reason to believe that any of the random and disconnected scenes involving various and sundry arbitrary people had any importance whatsoever. In a final flourish of nihilism, the film ends with the depressing message: ""ashes to ashes, dust to dust"" or, perhaps more to the point: womb to tomb. I disliked this really annoying and pointlessly epic film immensely. The only way I could even make my way through it was by dividing it into three parts. Even then, each hour was a form of slow torture by boredom. To make matters worse, this monstrosity is filled with cheap sentimentality and shallow, trivial ""insights"" on life--a veritable compendium of banality and pseudo-philosophizing. Very, very bad.

There was a single creative concept here, but the execution was so egregious as to veritably extinguish that small spark of creativity.",1
The Curious Case of Benjamin Button,"Nothing about this film is believable to me. The story's premise - someone growing young instead of old - is interesting but its execution here is faulty to say the least. It is internally inconsistent, in other words. The writers didn't think this premise through carefully enough, to make it play out as it likely would (even as a fantasy) - and Pitt failed to think it through, too (because his acting did not sell the premise).

In fact, Brad Pitt's acting in this movie is incredibly poor - and it makes you wonder about Brad Pitt's level of taste as well as his depth as an actor. Is he only cut out for emotionless action movie leads? Pitt's delivery seems to change over the course of the film and often seems put-on and stiff.

I only sat through this boring and preposterous film because someone dragged me to it and wanted to stay until the very end. After seeing it I remember sitting down with the person with whom I'd seen it and ticking off detail after detail that didn't ring true or was done really poorly.

Even Pitt's makeup and costuming was jarring and amateurish - and I don't normally pay attention to this kind of thing. If you can look at Pitt as an old man and not feel like yelling at the screen some criticism like, ""who put on that makeup?,"" you're not invested in watching a film.

I wanted to like this film. I'd often told my friends it was cruel that we grew in wisdom only to become more frail as we get older - I'd often posited how it would be if we could somehow become more youthful with time. So I wanted to give in to the fantasy in this film but the concept was poorly done and impossible to enjoy on any level - for me, anyway.

I tell you this - my idea of torture would be to have to watch this film again!",1
The Curious Case of Benjamin Button,"You know the saying ""time flies when one's having fun""? This movie is the exact opposite. One and a half hour into the movie and I was already feeling a whole day's gone by. I'm a very tolerant, open minded person and I have watched movies of greater length, and I never needed car explosions to feel entertained, yet at the end of this movie I felt as if a year of my life had gone by without noticing it - the movie lasts only 2.40 hours and this says it all.

One can see the movie is rich in budget, special effects etc but still it is a pretentious little flick with shallow dialogue portrayed as a cinematic masterpiece. I recommend this movie with all my heart to an exhausted parent whose child is hyper active and doesn't want to go to sleep: let the kid watch it, sleep will be guaranteed, or to a sadist who ran out of ideas on torture methods.",1
The Curious Case of Benjamin Button,"I have been rating movies on my own website for many years. This is the worst movie I have seen since ""The Englishman who went up a hill but came down a mountain"". A movie must have one of the following: funny, inspirational, cheerful, interesting. This movie had nothing. It is a depressing, uninteresting, boring, stupid movie. The story/plot didn't make sense and was just plain dumb. If it was going to be a fantasy (where you grow from old to young), then it was the most boring fantasy I have ever seen. The only reason I am giving this a 1 rating is there is no ZERO. I wasted my time and money and frankly if I would have seen the theater manager, I would have asked for my money back. I have NEVER felt this strongly about a TERRIBLE TERRIBLE movie before in my life.",1
The Curious Case of Benjamin Button,"A truly awful movie is hard to find. Usually there is just a spark of something that made the film beat the production system that always says ""no"". In this film it is utterly incomprehensible who thought it might be interesting, and who thought it would be successful. The story seemed like a good idea to F.Scott Fitzgerald, who was making the equivalent of a quarter million dollars per story at the time (that was when people read stories). The very implausible birth of a 90 year-old baby could be glossed over. Same with his childhood. Same with how his foster-parents could ever get attached to him. Fitzgerald's rip-off of Wilde's The Portrait of Dorian Gray could be carried off in the imagination. But when a literal-minded commercial cinema put it into production, it just didn't work at all. Implausible from the word go, it remained implausible throughout its immense, mind-crushing length. Only the most raving egomaniacs could have produced this huge turkey and thought they'd make something great. It was dead from the kick-off. Any lover of cinema should studiously avoid this giant turd of a movie and not even watch it just to see what happens. Nothing happens. Period.",1
The Curious Case of Benjamin Button,"I thought this was going to be a very good film because of its interesting plot and its leading actors Cate Blanchett and Brad Pitt but it turned out to be a too long and boring movie. I think it deserves 5.5 stars, but I give it a 1 because it doesn't deserves to be in the top 250 IMDb list.

The plot is developed in a very slow pace and it lasts too long (166 minutes) that make it very boring. I have always liked Brad Pitt's work but I can't believe he has been nominated for the Oscar as best actor , the role he plays here could haven been played easily for any regular actor, I didn't find his role very difficult to be done. he has had better performances specially in ""Fight Club (1999)"" where he deserved a Oscar nomination.

Cate Blanchett is good here like in every role she plays. I Think this could have been better if it would have lasted only 120 minutes, taking away some parts when Benjamin is old. the final minutes are good and touch you, but despite these really good moments they don't delete the boring 85 % of this film.

Benjamin Button was born old and each year he becomes younger, he gets younger in a place for old people and is there where he will meet Daisy the love of his life who is the granddaughter of one old woman who lives there , he will become sailor and will travel to many places before re meeting with Daisy.........

This movie is recommended for people who likes very slow pace movies like ""Lost in Translation (2003)"", or if you are a very romantic person and don't mind being bored during the first 146 minutes to enjoyed the last 20 touching minutes.",1
The Curious Case of Benjamin Button,"I read all these great comments about this movie and I went in with big expectations. But I have to say, this movie was the worst and most boring movie I have ever seen. I have never been in physical pain, but this movie was 160 minutes of pure pain. This movie drags on forever and every minute is more painful than the previous one. After the first 5 minutes, I knew this would be a very painful experience. Don't waist 3 hours of your life to see this movie. If you really want to watch it, wait until it shows on LIFETIME channel, that's where it should play. Nothing ever happens in this movie, just pure boredom. If I could give it -10 stars I would.",1
The Curious Case of Benjamin Button,"Yawn .... Zzzzzzzzz.... (movie's still playing) .... Yawn .... Zzzzzzzzz .... Benjamin's how old now? WHO CARES? AND WHY IS HE GETTING YOUNGER?

In the Picture of Dorian Gray with Hurd Hatfield, Donna Reed, Angela Landsbury and George Sanders, Dorian NEVER gets old. Beat that, Benny. At least in Dorian the movie offers an explanation for why Dorian does not become old. With Benny ... NOTHING! NO EXPLANATION! Ya gotta give the audience an explanation.

After giving the matter some thought and avoiding a rush to judgment, let it be known that this celluloid mess is a truly bad movie. This movie contains all the elements found in a clunker: boring characters, pretentious story, implausible situations, laughable dialog, unoriginality and unnecessarily long. Why oh why was this movie made? What was its purpose? It could not have been to entertain because in that regard the movie fails abysmally.

How bad is this movie? There are no words that can fully answer this question. For one thing, this movie is long. For another, this movie is boring. For yet another, this movie is slow ... is ponderous ... is pretentious. An old man who gets young? Okay, what's next? A tall man who gets short? (Oh, that was done in the Incredible Shrinking Man.) A man who becomes an animal? (Oh, that was done in The Werewolf and other similar movies) A intellectually challenged man who becomes a genius? (Oh, that was done in Charly) A man who creates another man (Oh, that was done in Frankenstein). Ugh.

First, in which genre does this movie belong? Science fiction or whimsical drama? For a drama, including a work of fiction, to work the story has to have plausibility, and in this movie the lack of plausibility is glaring. Now if the movie was presented as a science fiction drama then maybe the story could be accepted at face value and judged accordingly. But for this incredibly boring, ponderous, pretentious, and LONG movie, that is not the case. Okay, a man is born old and grows younger. That is a crucial element of the story that demands, indeed cries out for, further explanation. That cannot be accepted as a given because of its fantastic nature. Yet this movie offers no explanation whatsoever, relying instead on the audience accepting it despite it's obvious implausibility. This would be like watching the movie King Kong (any of one of the movies) with no explanation of King Kong's origin (Kong came from an island). Or this would be like watching the movie Predator with no reference as to where the creature originated (the creature came from outer space). Then the movie is so lacking in any kind of dynamism or conflict as to render it stale to the point of being annoying. The main character Benjamin is liked by everybody, even his father who not unreasonably panics when he sees his strange progeny. Also, the use of repeated flashbacks chopped up the story, interfering with its continuity, and starting the movie with an dying elderly woman who could barely talk didn't help the movie either. And by the time the main character has devolved into a child it was way past his bed time, for him and for this over hyped, over baked, overly long and very boring movie.

Actually this movie does have some (unintentionally) memorable scenes. Like when the Benjamin's father is told that he has a new baby son, sees the infant, is absolutely horrified, grabs the baby and then is running all over the place with the baby while being chased by the police. Or when Benjamin is working on a tug boat and throws garbage overboard - into a head wind - and gets covered with garbage. Or when Benjamin has his first sexual experience - with a whore. Ugh.",1
The Curious Case of Benjamin Button,"Is it me or is this the most overrated film ever! It started off o.k but boy was the story drawn out over what felt like an eternity, I can honestly say I couldn't wait for the ordeal to be over! The short story was a strange concept that probably belongs in the domain of the TV production, but as an almost 3 hour film it just didn't work. The visuals, locations and make-up used in the were good but all these were let down by a story that should never have been made into a film in the first place! You never get an true insight into the feelings of the main characters, now come on, a guy who was born as an old baby and is ""growing"" younger, surely he would have faced some deep rooted internal hardships, but all the viewer gets is what's on the surface.

All in all a film that starts well, but goes on and on and on, with the viewer waiting, even hoping for something vaguely interesting, or even funny to happen.",1
The Curious Case of Benjamin Button,"This movies is to cinema art what abstract painting is to painting!!!

A man born old are we supposed to identify with this ...be even remotely. Why not have a movie about how angels marry we would have about the same interest.

The movie is technically brilliant and has great acting, so are all the Star War movies ...Technical brilliance is evident in most movies today, so is good acting Hey Hollywood a good movie must first have a STORY . Something to say that is meaningful to our existence.

What a waste of good actors and talent. Fincher must be the new David Lynch...",1
The Curious Case of Benjamin Button,"Being one of the big Oscar contenders this year i tried not to expected too much from this movie. But what i got was far far less then i could ever have anticipated.

It's like the writers sat down and thought of a great idea about a guy, Benjamin, aging backwards. What the writers then forgot to do was think of an interesting life-story for this Benjamin guy. Sure it could be fun to see someone going to school when he already knows everything and having sex with young girls when he's an old guy, but there must be more something more interesting about a life led backwards. Instead what i saw was a 2:45 hour lasting agony. This guy Benjamin has the most boring life ever! He's just born one day and dies another.

Don't get me wrong. I love the Fincher movies (Se7en, Fight Club, Zodiac) and I like Brad Pitt in almost all of his movies. But what everyone who's concerned with this movie (director, actors, producers, Oscar-nominators) seems to forget is that a movie has to have a story. And there is non, it's non-existent. It's like making a three hour long movie about John Doe.

We don't see that much acting as for a woman who's in a near-death state of living all the time and we hear a semi-emotional narration by Pitt which reminds too much of Forest Gump, except that he had a life worth telling. OK i do admit, Cat Blanchett does act, but it's outrageous over the top annoying with some phony accent without any emotional depth whatsoever.

Benjamin Button's dad is a guy who made a fortune making buttons, you believe that? Now that's a story worth telling! He has a big house, his whole family was in the business of making buttons and he owns a boat etc. But no... the story about his son's boring life is what's shown instead.

I guess the point i'm trying to make is that i didn't like the movie and don't understand why the life story of Benjamin Button is worth telling with mediocre acting all the way. No wonder most reviews lack any basis for a high rating or Oscar nomination.",1
The Curious Case of Benjamin Button,"Please take my warning - this movie is a total waste of your time and money.

1. The plot is absurd - if such a thing were to happen Benjamin would have been a world wide celebrity with a completely different life.

2. Other than the basic plot telling how he grows younger, the story of Benjamin's life is absolute humdrum stuff - yawn yawn yawn. Nothing unusual happens him - one might as well be a fly on the wall in Joe Average home.

3. The articulation of the actors is Terrible. The link character, Daisy as an old woman, is so slurred in speech that only 1 word in ten is comprehensible.

4. Brad Pitt was totally flat and boring. If he wins an Oscar for that drivel the whole institution will stink.

5. The punch line of the film, 'Whatever age you are everyone can always achieve their dreams' is even greater rubbish than the film itself. It is a typical Hollywood piece of schmulch that makes any intelligent person puke.

I had to fight sleep all the way through this garbage - when really good films like Edenlake are ignored in the Oscars and this drivel picks up 13 nominations it proves that the whole show is rigged.",1
The Curious Case of Benjamin Button,"Unfortunately I'm not a professional movie critic and belong to a small group of people who come to a movie theater to enjoy the movie as a whole. I really don't care about who directed the movie, what are the names of actors, what are the special effects in the movie or how wonderful are costumes or light. I want some entertainment from the show, some story that touches me somehow. And as you can guess this one was not entertaining at all. It was plain boring. Everything was so unnatural and predictable. The original short story was probably indeed too short so it was a challenging task for writers to fill 2+ hours of the movie. Of course they connected the dots and filled the gaps but no, it didn't bring any value to the movie. Everything from this movie was seen so many times before.

Of course this is not 1 out of 10 movie - 3 out of 10 is probably a more realistic grade, but I'm sick with the rating distribution so biased toward 10 (check for yourself).

And please don't tell me about Gold Globes or Oscars. ""No Country for Old Men"" was also nominated but it didn't make it any better as a movie. And no, I'm not a person enjoying stupid action movies with car races and meaningless violence.

The bottom line - it's not a masterpiece but a very average ordinary movie. Not entertaining at all. Sigh.",1
The Curious Case of Benjamin Button,"This movie is boring, ill thought out and completely lacking in any meaningful plot developments. The plot is formulaic and the movie has absolutely nothing to say about the ageing process or life in general. The three hours I spent watching this movie is three hours of my life I won't get back. Amazingly Brad Pitt has been nominated for an Oscar for his role in the movie, all I can add is that talking in a southern accent and wearing make up does not constitute acting. This movie has taken a brilliant F Scott Fitzgerald story and completely ruined it.If you value your time avoid this movie. I kept on hoping that it was going to get better and It didn't.",1
The Curious Case of Benjamin Button,"One of the most dismal, pointless films of recent years. Had this been made by a lesser director or with a lesser cast, it would have been roasted. But instead it is hailed as a fantastic movie. God only knows why.

The storyline is utterly pointless. It plods along at a pace that is so slow, its almost in reverse. At the point where it describes Cate Blanchet's character's accident, I found it hard not to shout at the screen. That section alone could have saved a good 15 minutes of movie time. Despite almost 3 hours long, I could not warm to any of the characters. I should point out I love movies, good and mediocre. But this movie tested me like no other.

The only laugh I got from this movie was the speed in which the audience left their seats to leave the cinema. Don't go see it, don't rent it, don't buy it!",1
The Curious Case of Benjamin Button,"The thing that I don't understand about all the films that are like this. Why do they get all of the BAFTA's and award's? The only thing that I would give it is an award for, is being a boring film and wasting a few hours of my life.

I know that the movie title says it all, but I thought from the rating etc it would be a good movie. All that happens is Benjamin tell us a story about his life. How fun is that? Why do people even think of stories like this? I don't know how they can allow it. And bringing it to the cinema's. What were they thinking. They could of thought of something better. It is a complete waste of my time. I feel asleep while watching it. I feel tired now even talking about it.",1
The Curious Case of Benjamin Button,"Among a group of 5-6 friends I was the only one who did not like this movie. So one may conclude that it should not be a bad movie after all. To me, however, it will be remembered as a ""boring movie with a long name"".

So the idea is that a man ages backwards. Well, that's a good idea for a movie but even the writers of a 30-minute late night show may come up with better ideas. ""Memento"" is a great film not only because of its brilliant idea but the way that idea was implemented.

Although this film is packed with some good actors and dazzling makeup and visual effects, the weak script and character development makes this movie a failure. After the first hour of the movie I lost my faith in the story and was just waiting for the occasional lightning scenes!

The movie has so many irrelevant events with no help to the main story like war scenes, hurricane Katrina, the woman who liked swimming, and even the mumbling old Cate Blanchett parts. In a well-developed story all of these would have been a part of the whole puzzle but here they are just unsuccessful attempts to give more dimension to this rather predictable story.

Had not the movie received so high IMDb rating, I would have given it a 5 or 6 minus. Now I give it a sole star to keep the movie south of really good films in the chart!",1
The Curious Case of Benjamin Button,"This film has the audacity to claim that it is based on the short story ""The Curious Case of Benjamin Button"" by the incomparable F. Scott Fitzgerald (published in 1922) who credits Mark Twain and Samuel Butler for the philosophical idea that 'it's a pity that the best part of life came at the beginning and the worst part at the end'.

This film version of ""The Curious Case of Benjamin Button"" did not retain any of the cogitative ideas presented in the book when a man ages backwards. So when watching, there is no deep thought-provoking concepts explored, and nothing to engage you in a philosophical exploration of life. I'm guessing that the only thing of value is supposed to be that part of the film has Brad Pitt looking not attractive. That is as far as Hollywood can take a good book.

Clearly the film does have high production values and they may have done a lot of good things, but they lost their right to be judged fairly as a film once they bought the rights to Fitzgerald's story. Now nobody will even have a chance to see this great story brought to visual life, and that is a travesty.

Please go to your local public library and borrow a copy of ""Tales of the Jazz Age"", you will be able to read the short story and get so much more out of it than the film and in less time and money.",1
The Curious Case of Benjamin Button,"This is a curious case of a fantastic idea taken up by idiotic hands. The result is a great concept and not much else. The acting is laughable throughout the film, the script predictable and saccharine and the cinematography/screenplay bland.

There's a constant, irritating feeling that the director thinks himself a 'genius of our time' and he takes special care to remind us just how wise he is at every single step of way in long, hollow, moralising speeches which don't help us in any way.

I gave the film a very good chance (2 hours), but had to stop watching in the end.

Not recommended.",1
The Curious Case of Benjamin Button,"Really, really, really! I just don't like it. I love the idea. Who wouldn't? It's got some really promising bits in it and the look of the film is obviously first rate. I love most Fincher movies and his stamp is all over this visually. And some of the acting is very good.

Unfortunately i base my ratings for films on whether i enjoy them or not and not based on a concept or the lighting or the effects. Yes it's creative but it runs out of steam fairly quickly. I spent the first 30 minutes thinking, nice concept, cool characters i wonder where this is going. By the final third i just didn't care anymore. I didn't engage with the characters at all. Brad Pitt is not a great actor and doesn't win me over at all. I didn't want to cry and i cry at pretty much anything, honestly it's a curse. I just ran out of putting the effort in to stay with the story.

People are entitled to their opinion but an average of 8.5...come on. Top 75 films of all time. Not even close. It's an over-hyped piece of cinema ""cool"". You do not have to pretend that this is the bees knees. Be honest with your reviews. Your misleading the public and perpetuating a myth.

So i'll finish on this. My true rating for this film is about a 5. I'm giving it a 1 though as i'm hoping it balances out the over enthusiasm of some of the IMDb crowd of Film fascists who care more about clever than they do about entertaining.

I don't know, maybe i'm wrong but please, do me one favour. give it an honest vote.",1
The Curious Case of Benjamin Button,"Benjamin Button teaches us a multitude of great things about life: people die. Unbelievable. The portrayal of death in the beginning of the film is pathetic: a self absorbed daughter has a senseless conversation with her dying mother. Anybody who has ever seen a dying person has to puke if (s)he sees this clichéd, badly acted, completely nonsensical intro. But I guess some of the people who rated this film so highly probably even got touched seeing this... As for the rest: there has been exhaustive comment here on the weak points, here just a few in summary: -completely bad performance by Brad Pitt -lack of depth in all the protagonists -lack of message (altogether): the film is empty -full of cheesy clichés (...) How could someone like David Fincher ever go so low?",1
The Curious Case of Benjamin Button,"If you have always wanted to see a really wrinkled baby grow up in reverse while he learns valuable lessons about life and love, then this is the movie for you. First off, any time that you see a title that has double alliteration (""Curious Case"" and ""Benjamin ""Button"") and then up the ante with a whimsical name like Benjamin Button and the promise that you're going to see a truly Curious Case, then you know you're in for something good. They even bring in the sultry seductress, Blanche Devereaux, from Golden Girls to get the groove going (although I was upset that Rue McLanahan wasn't available to play her this time). Still, imagine how thrilled I was to sit through something like four and a half hours of life, love and tears, as wrinkled baby becomes handsome huckster becomes young boy with the mind of a 90-year-old. What better way to learn how you should feel about life and love? After seeing this movie I totally re-evaluated everything I've done so far, left my husband, quit my job and left on a search for the giant-sized, adult baby man with whom I fell in love so many years ago. My search continues, and I shall let you know how it goes. Thank you, Paine Webber, and thank you, Benjamin Bratt!",1
The Curious Case of Benjamin Button,"I love Fincher. 'Fight Club' and 'The Game' are definitely on my favourites list. This movie left me cold. At least I was knitting so I don't consider those nearly 3 hours as wasted. But alas! such a nice idea utterly destroyed...

The plot has many inconsistencies let me name just few:

1# I don't see the reason why Benjamin's mind is getting old too. Dementia as we all know has biological causes and has a lot to do with our bodies getting old. It would be much more fascinating if instead of being a demented child he would spread wisdom of his old age as a three- four years old. If there was any deep experience in his life, that is...

2# Although every single relationship in his life is supposed to be very deep and meaningful it is very hard to believe so because he doesn't seem attached to anybody including 'love of his life' - Daisy. Yes, they meet now and then and have a child together but it looks mostly like a fling nothing more. It's far too easy for him to leave her, as if he knew that getting younger he would be even more irresistible for her :) I caught myself thinking that maybe it's because his mother died at his birth and his father abandoned him. But we are to believe that this black woman was born to be mother (despite putting him inside a drawer at first) - if she was such a good mother - how come that he had such a blank stare at her funeral?

3# Daisy never tells her daughter about her dancing career despite the fact that she has a ballet school, so I assume she was claiming no experience whatsoever to her pupils, right?

In general I think that Brad Pitt's acting was terrible. Frankly - it wasn't probably his fault because out of this boring droll of a cinematographic art only 15 minutes or so where suited to his personality but sadly those 15 min consisted mostly of him riding motorcycle in a nice landscape or shacking up with the most cold and wooden chick around. Their passion was as believable as his peculiar condition. And his condition makes him never really old or young and never ever getting a pair of balls.

As somebody nicely pointed out - no conflict whatsoever - it's not a surprise when there is no attachment. There was no grief, no anger, no real suffering. He is dull and alone but doesn't even develop any interesting addiction. How about trying to stop his fate? He is never growing up and acquiring any wisdom.

At the end I drop some tears and in retrospect I think it was my gut reaction to see 'mother' with a dying baby.",1
The Curious Case of Benjamin Button,"I resented the fact that I wasted almost 3 hours of my life watching this. The screen writing was a disaster. The premise wasn't tight. There was so much bad about this flick. The only redeeming feature was some of the acting and the scenery. The way the story was told screamed similarity to Titanic - an old women telling the story. And in some ways it was like a bad - I mean really - bad take on Forrest Gump. Which is fitting since it made me want to ""run, Forrest, run"" out of the theater.

So there's a diary being read to an old lady on her deathbed. A diary that began being penned around the time Benjamin was 6 years old. At no point do we ever see him write a word. And penning a diary simply wasn't believable. So there is this apparently magical clock and we are supposed to believe that Benjamin's unique birth is somehow tied into the clock simply because he is born on the same day it is unveiled. I would imagine then that all babies born in New Orleans that day were born old. Where was the tie-in? It took seemingly forever for the story to even beginning to gel. There was no early ""hook"". I was almost sleeping by the time the old kids is revealed. Frankly, after 2 hours I was wishing Hurricane Katrina would kill the old lady or her daughter would put her out of her misery.

This was so miserable I would have rather endured the nauseating banter over the stimulus bill. At least it had ""stimulus"". Academy awards material? Not on your life. This is right up there with Pennsylvania 6500.",1
The Curious Case of Benjamin Button,"A sad case of misjudged proportions leading to stylistic collapse. A twainian short story overblown into a computer-generated Great American Novel with mounds of rhetorical filling as substitute for authentic epic stature. However ""fresh"" and ""light"" the intentions, all of the anecdote's squeezable curiosity - mostly on the visual side - dries up well before either Pitt or Blanchett reach the acting age, while the tenuous sketch has to drag along for another ninety minutes, weighed down by platitude after platitude about ""Life Twists"" and ""Fate Tricks"", till it's prematurely buried with the customary Southern grace and a sermon somewhere in the Fifties - and still one reel to go. Adulthood can be dull and unsurprising, but the artistic rendering of it should not. The failure is even greater if you have lavished talents on capturing the uniqueness of human existence - and on the backdrop of Great History, no less - to the effect of telling the same old story in the same old way. Memory isn't a cliché. Go Katrina!",2
The Curious Case of Benjamin Button,"Well, I have seen this movie in the same day that I've seen the Slumdog Millionaire. In my opinion, the both movies had a similar idea, i.e. to present a story of their heroes, who meet and loose and meet together again, during their lifetimes. Despite the similarities, now I have to say, that the ""Slumdog"" was an excellently managed moving film, with great story telling, and the creators of the ""Benjamin Button"" can be only jealous about that. I cannot call their movie otherwise but an expensive junk. It's not only the idea that some person would be growing up by actually getting younger in the physical way. The idea was courageous itself, in any case a good artist could play with it a lot. Nevertheless, it seems to me the film makers lost their courage soon and the result is just that mess. During the film I didn't know if the director wanted us to be chilled, thrilled, if he wanted us to cry (this seems to me the most probabilistic now) or to be teased, or to be scared or if we were supposed to laugh. Casting in the movie was by stars like Brad Pitt and Cate Blanchet, the people doing the make-ups must have had a tough job too. Some scenes of the movie resembled other movies like The Big, Forever Young, Magnolia or even The Blue Lagoon. By the way, it seemed to me that in parts where Cate Blanchet was to play a tender ballet dancer also the cameraman had a tough job, finally shooting this scenes from a big distance and in dark scenes. Cate Blanchet was perfect for playing the character of Katharine Hapburn in the Aviator, the soft tender tiny ballet dancer definitely is not her role. Well, if you have to see this movie, you go, but honestly, I was ashamed to walk out from the projection room in the cinemaplex, where other people could see me, that I was to see the movie like that.",2
The Curious Case of Benjamin Button,"The overall premise of Benjamin Button didn't sit well with me and the subsequent unfolding of the plot confirmed my suspicions--mainly, that I'd have to suspend my disbelief too much to enjoy this movie. Many of the plot elements were eyeroll worthy, such as the fiasco in the beginning when the father kidnaps and abandons his son (without any repercussions, apparently). The multitude of unintelligible accents also aggravated me to no end, especially the narrator's exhausted, Southern accent (ugh!). I also found Benjamin Button to be a wholly unsympathetic character, as was Cate Blanchett (after she grew up, that is). The only redeemable aspect of the movie is when Benjamin Button encounters Tilda Swinton's character. I thought that part of the movie was quite sweet--but to what end? (because their ties are severed so abruptly!). The ending of the movie was also nicely executed, but by that time, I was ready to flee the theater. I recommend that you watch this movie (if you still want to) when it comes out on cable. Don't pay to see it.",2
The Curious Case of Benjamin Button,"the story which is unbelievable,no effectively action.Idea of remembering on the dying bad all life and reveal secrets has been used so many times .I noticed that this movie is about how people are dying and how they go to places they like before they die or they just die in arms of a deary friend.Over 5 people are dying in this movie and each and every are dying like this.Maybe only the image is really good, the decor which looks quite expensive and also the acting is not so bad ,but the script and the directing could be done better ..is just another idea bad inspired, nothing interesting after all.enjoy it,hope you won't waste your time!",2
The Curious Case of Benjamin Button,"Very weird movie. The ""present day"" part of the was set during hurricane Katrina, which I don't know how that was relevant to the film. Also, I felt like it was disrespectful to have it occur during that time to the victims of hurricane Katrina. Why? It had nothing to do with the film. Weird.

Dancer Daisy was acting weird (talking about how people propositioned her for sex) on her and Ben's actual first date. Yet, Ben was still super smitten. Ben tries to surprise her during her dance, and she was (of course) very rude to him. Yet, he still loved her.

She had a severe injury and he came to visit and she told him ""get out of her life."" I don't get these movies where people are mean to one another and then they end up together. Usually, that's not the way it works. The person who you were mean to gets the h*** away from you and finds someone else to be with, someone who's nicer than you. Brad Pitt definitely would have people lined out the door.

Finally, she visits him, and this young, handsome Brad Pitt is still single for some reason, and they spend a lot of time together. I don't think they got married, but they had a kid. And he abandoned Daisy and their kid, right after the kid's 1st birthday! Kid grows up and is reading his diary and finds out all these letters Ben wrote to her where it says things like, ""I wish I could kiss you good night,"" or ""I wish I could be your father."" Like, you could have. Why did you leave? You abandoned your child, like your father abandoned you. His reasoning was that he was ultimately going to be child and that Daisy would have to raise the both of them (Ben and their daughter). Which makes sense, but the time it took for him to be super young was, like, 20-25 years or something? Couldn't he have stayed and spent as much time as he could with his family? Also, weird that the dementia started developing as he became a minor. I mean, he's aging backwards, getting younger. Wouldn't his brain just become more sound? I guess the director just wanted to avoid the weird pedophilia thing. Can't blame him. But just weird way to tie up that loose end. I would feel the same way as Daisy though, very self conscious and insecure about a younger and younger gorgeous looking guy being with an old lady. Like, would he stop loving me? I wouldn't want to know the answer to that.

Also, why wasn't he super famous and studied because of the way he was aging? I feel bad that they took a basically 12/13 year old (was that how old he was) to a brothel! Crazy. Not funny or sweet.",2
The Curious Case of Benjamin Button,"However,the film falls so short. The movie is a complete study of what it is like for two movie stars that have no chemistry. I love movies and have been a fan for over forty years. Now after seeing this movie, I know what it is like to watch a movie and see people trying to act like they care about each other. There is just nothing between Pitt and Blanchett. The two leads in this story are incredible actors and bring much to their craft. It seems the lack of chemistry is more in the direction of the movie and ineptness of taking the story to a level that moves you. The cinematopography is nice and the soundtrack is average. There are some points in the movie that they try to convey but they come across as just so-so. Not the epic, this movie is being portrayed as being.

I like the premise of the story but the movie fails to capture me emotionally, and please there is not the slightest bit of similarity between this and ""Forrest Gump"". It is not fair to compare one story against another so that each can stand on it's own. However you might see and love it. If that is the case, enjoy! It was just a ""curious"" disappointment for me as a person who loves a good movie.",2
The Curious Case of Benjamin Button,"This film i felt was just so average, I really don't think this should be up for many Oscars apart from best effect and still there are better films out there. The whole concept of this film is just ridiculous a man growing younger comes from a baby then dies as a baby, doesn't really make much sense. The film was quite sad at the end but just was so predictable I struggled to stay awake as it just seemed to drag beyond belief. The effects were brilliant and acting was just above par. This is surely an embarrassment for the writer who probably wrote this as a joke. This Overall is just an average film and giving it a 5/10.",2
The Curious Case of Benjamin Button,"Contains spoilers everywhere. Any resemblance between this movie and Scott Fitzgerald's slight, whimsical short story, which, from its peculiar perspective, allowed its author to make some wry comments about filial piety, marriage and family ties, is non-existent.

This is one of the most tedious films I have ever sat through. Spoiler:Particularly insulting, was the spelling out of all the minute factors which led to Daisy's accident.

For the script to borrow only a single motif from Fitzgerald, namely, a life lived from old age to infancy, and then steal his title would be bad enough. But to purposely make your film an ""over the years"" biography with the history of America for backdrop and then get ALL the details(big and little) wrong is preposterous. The numerous ""goofs"" made in the film have been recounted elsewhere on this site. But what dwarfs comparison is the blatant ignorance about race relations in America for most of the twentieth century, especially in the South. Spoiler:Presenting an openly inter-racial couple in the Jim Crow South in 1918 would have been impossible. Afterward, a white baby is adopted by a black couple. OK. Even if we accept Benjamin as theirs,what follows is impossible. This apparently black man is discovered by a white grandmother concealed under the table with her grand-daughter, without any consequences. (An actual child, Emmett Till, was lynched for whistling at a white woman.) Queenie's dialect is black; her ""son's"" is not. The entire relationship between Benjamin and Daisy, or Benjamin with the old white people in the nursing home in the 1930's and '40's would have been impossible, given the premise made by the screenwriters. A white tugboat captain fraternizing with a black man?(Benjamin still thinks he is Queenie's son or her sister's at that point)Let alone taking him to a white brothel?In the pre-WWII South? Get real!

An old lady in the nursing home plays a superb Scott Joplin rag on the piano. Possible, but not likely. Composer Virgil Thompson once snapped on TV that, when he was a child, respectable (white) women in Kansas City did not play ""The Twelfth Street Rag,"" because they somehow knew what went on on Twelfth Street.

Somebody said this already on the goof site: Tugboats on the high seas? In WWII combat? Impossible.

If they decided to make an over-the-years movie of America, how could they have been so stupid or so arrogant as to set it in eras which members of the audience had to know better than they did? Watching this movie was like having an accident you witnessed described to you by someone who obviously never saw it.",2
The Curious Case of Benjamin Button,"I used to like this film a long time ago when I was won over by the visual effects and manipulative emotional themes that are actually hollow and have little depth. This film haphazardly has a lengthy runtime centering on a main character who is insanely DULL, two-dimensional, and nothing interesting happens to him. This film had a lot of potential, however, falls flat on its face in terms of the script, cast (especially miscast Brad Pitt and yawn-inducing lack of chemistry between him and Cate Blanchett), over dependence on visual effects and age makeup to compensate for lack of depth in the characters and storyline, and dialogue that's so cheesy, pretentious, and way too much platitudes to try to evoke meaning but seriously fail, and end up being laughable/annoying.

Upsides of this film... the great performances of Tilda Swinton (I wish her character had more screen time!) and Taraji P. Henson, the music score, production design, some visual effects on the aging makeup (some look glaringly badly done though) and costumes, and yeah that's it lol.

Wouldn't recommend this bloated film. It's too pretentious, tries too hard, and aims but misses the mark in clumsily attempting to be a remarkable story through the ages depicting a man traversing through life circumstances like Forrest Gump (1994), which did it more successfully and is an extremely superior film overall.",2
The Curious Case of Benjamin Button,"At nearly 3 hours, this is one long and, unfortunately, boring movie. The problem isn't so much the main story arc - it's the seemingly endless disconnected and meaningless story lines scattered throughout the film.

Let's start with the structure of the film. It copies directly from The Titanic. So we have a dying old woman who shares her memories of her lover with her daughter. And just like in Titanic, she dies and the daughter finds out who her father really is. Boring, been there, done it before.

Then there's nearly 30 minutes devoted to a character who does't propel the storyline along. Benjamin has an affair in a Russian hotel with a woman married to a British spy. This story acr had no consequence to the main storyline of the film. Why was it included? Why was she married to a British spy? Why does she up and leave him? He doesn't even seem to care, and neither did I.

Then there is the hummingbird. The hummingbird is related to the death of Benjamin's captain and appears when the captain dies. It later appears when Daisy dies. Why? What does the hummingbird have to do with Daisy? Then there are the countless other characters who we are told are significant on Benjamin's life by the voice-over but then have no corresponding storyline. Most annoying was the woman with the dog. The dog appeared to be given great significance when it appears - but then disappears without consequence. Same as Benjamin's sister. Same with the clock maker. These vignettes padded the movie to distraction.

And then there's the old man who was hit by lightning 7 times. The first 3 flashbacks are funny, and from then on, it's like groan - what does this character have to do with anything?

Brad's performance is good. It's probably his best role - but let's face it, he's not really an actor's actor. Cate is her luminous best and as always absolutely steals the show. Daisy is the most enigmatic and interesting character. It's her story, rather than Benjamin's that is of most interest. Had the film been edited much more heavily and concentrated on the Benjamin / Daisy story, it could have been an amazing film.

It's beautifully shot, great score, great effects, some good performances - but watching this film is like listening to a story told by someone who continually goes off track. In the end, you just want them to stop talking and you no longer care what happens.

If you liked Titanic - you'll probably like this film. It has all the hokey plot devices and narration, and it's too long with too many characters. As with the Titanic, a great story is sacrificed by lack of editing. And you know it's bad when the audience leaves the theatre too bored to talk about the movie they just saw.",2
The Curious Case of Benjamin Button,"I went into this movie with high hopes--it had a high IMDb rating, and a friend had personally recommended it. So when I sat down at the theatre, I expected to enjoy the movie. From the opening scene, however, my expectations were lowered drastically.

Was there any point whatsoever in setting the movie's narration in a New Orleans hospital just before Hurricane Katrina hit? Because it seams as if the filmmakers said, ""Oh, this is New Orleans. Let's include Katrina!"" and did so without any further reason.

The movie was also exceedingly long--almost 3 hours. Even if I LIKE a movie a great deal, that length is stretching my patience. The story would have been a great deal tighter and more interesting if they hadn't attempted to cram every tiny detail of Benjamin's life in--or even if they had decreased the returns to the narrator by a few. As it is, the story was almost lost in the filmmakers' need to include every tiny detail--and increasingly irrelevant ones, at that.

One thing I cannot fault is the acting, and that is why this review is given 2 stars instead of only 1. All the actors (and there are a LOT of them) were superb. Brad Pitt in the titular role was particularly good--hearing the character mature as his body became younger was particularly disturbing.

Overall, I would not recommend anyone to see this movie unless you have a taste for incomprehensible, overly-long movies with little discernible plot.",2
The Curious Case of Benjamin Button,"Why on earth do they inflict these terribly long films on us? It is pure self-indulgence and, though this film was nothing like as bad as that awful 'Titainic' film, it suffered horribly from bloat. They could easily have cut two hours out of the film and have been left with a reasonably good one.

The first hour wasn't bad. Actually there were some interesting episodes. The novelty of the age thing was played fairly well - by the middle of the film, in his forties, it was sagging badly, no longer novel and not really working.

They should have had more actors. The makeup wasn't bad, it's true, but trying to make people in their forties look as if they are in their twenties simply doesn't work, even though it was clear that they'd tried very hard with their photoshop style special effects.

I was dragged to this by my wife - I'd recommend resisting it if yours tries this! It really is far, far too slight a plot with actors too insubstantial to carry all that time.

Voice overs are lazy - with a very short film you can understand that they are there to overcome the time limitation with this long tedious film there was no such excuse.",2
The Curious Case of Benjamin Button,"Seriously, the 200th best film of all time? Are all of you drunk? I liked this movie better the first time I saw it when it was called Forrest Gump. The only problem is that this microwaved turd was weirder than Forrest Gump. This movie was just weird! Weird, I say! Yeah, I get it; there were some cool special effects (but there were also some pretty cheesy ones like the sound stage shots the first time Benjamin goes out to sea on the tugboat). The ONLY reason that we endured the 2.5+ hours was that the actors are all top-notch, and their acting in this particular film was good. Makeup was great. BUT, I don't watch a movie JUST for special effects and makeup. Otherwise, I'd have really loved the Star Wars prequels ... which also stank. My wife and I have an ongoing anti-competition of sorts regarding what the worst movie of all time is. Currently, it's Out for a Kill, starring Steven Seagal. We had a pretty heated discussion about whether Button is worse than that crap and crud omelet. It was the acting that kept Button from taking over the spot from Seagal. (Seagal beat out Bruce Willis's Striking Distance - really? water cops? are you kidding?)",2
The Curious Case of Benjamin Button,"Brad Pitt cannot act! I repeat: BRAD PITT CANNOT ACT! No matter the situation in this movie - that the man who has befriended him is his father; that he is to become a father; that his foster mother has died (the body count here puts Jason and Freddy Krueger to shame) - Pitt reacts with a blank stare! I bet when Angelina informed him that she was preggers the first time, and Pitt responded with that stare, she got Lara Croft on his retarded ass!

The clichés would make the folks at Hallmark puke! And the explanation of the ""fates"" which ""conspired"" to destroy Daisy's career when, in fact, she had no one to blame but her fool self, was obscene! Even more obscene is the portrayal of African-Americans as a bunch of wide-eyed rubes who scream ""Praise Jesus"" at the drop of a hat!

""Curious"" how Blanchett's face was airbrushed, but Pitt - who has an ""I am SO hunky"" moment on a motorcycle - doesn't get the airbrush treatment! From ""1962"" on, he looks exactly the same (complete with that stare)!

Also ""curious"" is how Benjamin catches The Beatles on Ed Sullivan, but was AWOL when JFK's head was blown off three months earlier! He was also out to lunch during The Great Depression, Germany's assault on Murmansk (while he was IN Murmansk!), The Cold War, The Civil Rights Movement, The Moon Landing, and Vietnam, just to name a few minor events.

Why wasn't Button reported when he snatched Benjamin? How could a black woman get away with raising a white baby in the Jim Crow South? How could the ""old"" Benjamin bone a whore like an 18 year old on Viagra? How did he know Elizabeth's hubby was a spy? Why does Daisy accept him bailing on her, then accept him showing up years later? Why does he expect her to take care of him? Why does she keep him a secret from their daughter? Why does he talk like a Toaist Nike commercial? How is it that he never registers a blip on anyone's radar? More importantly, how does this hack Eric Roth keep getting work?

If F. Scott Fitzgerald wanted to set his story in 21st Century New Orleans, he would have! And if he had wanted to create the idiot characters that populate this tripe, he would have done that, too! That whirring sound you hear is him spinning in his grave!",2
The Curious Case of Benjamin Button,"Much has been said on this title already; so, although i must write for my own sake, I will be brief.

The plot seemed to me to be hackneyed and entirely languid in its pace. In fact, the entire enterprise was akin to a very vain person, casually strolling down the street while gazing ever so lovingly at themselves in every store front. Furthermore, it seemed horribly predictable. I can not help but think this view affirmed by the fact that ""The Curious Case"" strolled out of the gate for a one hundred sixty six minute race while the original Fitzgerald story lasted but a few pages to chew over, ultimately, the same philosophic point of life having kairos for all things.

The acting was decent and I enjoy Mr. Pitt almost omnifariously but here he seemed hampered by the sluggish pace and the films tedious qualities. It all seemed very disaffected in a strong way. Not a powerful disaffection just a general indolence.

I will admit that all the wonderful hype this movie received made things much more difficult for it, both in that I expected much more than I was liable to receive (i.e. had I never heard of it and then seen the same film, I would most likely have enjoyed it slightly more than I did as my expectations would be so aligned) and, second, in that many people's continual love- affair with the film brought out some sort of pompous revolutionary quality in me: the desire to free the hoi polloi from their manufactured confusion (as I deemed it) have certainly made me color the film worse than it deserves.

So all in all, will the Curious Case of Benjamin Button change your life? No, assuredly no. Is it enjoyable? For the most part, yes.",2
The Curious Case of Benjamin Button,"Ouch. I never thought I'd be giving a David FINCHER movie a rating under 6 stars. As it turns out... you really never should say ""never"".

Like I said, I love Fincher. I watched this movie primarily for the fact that he directed it. That, AND the fact that Cate Blanchett is in it. Had Blanchett not been in it, it would have been a zero star rating, if I could give it that!!! The movie was bad right from the start. First off, the old lady was so over-acted and WAY over exaggerated. I have NEVER heard an old woman talk like that before, and I was there when my Grandmother (on my mom's side) was sick in the hospital. Add the obligatory Hurricane Katrina reference to that and, yep, it was clear this was going to be one VERY bad movie. Should you encounter a start as bad as this, I ask that you eject the disc from the player, drop it in a bucket of ice-cold water, and call the poison control, as you have something very toxic on your hands! The plot was rubbish for two reasons: One being that it was just a remake of Forrest Gump. Ferchrissake, it was written by the same screen writer! Another being that it was just nonsensical, despite it sounding interesting. For starters, he is a FREAK. He was born an old man. He was adopted. He should have had a rough life but no, he has it all wonderful and what not. There were several parts where I just fell on the ground and flailed around laughing because it was just so hokey and over-the-top.

The BIGGEST problem with the plot was that there was not enough conflict. I mean, come on, this movie is almost three hours long, and whatever conflict there is, it gets resolved in 2 minutes. This got on my nerves. Come on, with the whole ""Midnight lover with Tilda Swinton"" and ""Pursuing Daisy"" story, there should be a conflict. Simply put, there isn't. It got on my nerves.

The movie is simply WAY TOO LONG too. Come on, it runs 167 minutes. The same story could have been told in about TWO hours or less! But no, Fincher had to overflow it with so much unnecessary crap (like the Tilda Swinton plot) and 5 minute shots.

Oh the ending was lame too. Come on you drag the plot out for THAT LONG and then suddenly try to end with the *GROOOOAAAANNN* inducing ""Some are mothers, some dance, some get struck by lightning"" lameness. Way to rush the ending to a very unnecessarily long and slow paced movie. Can someone also tell me why the humming bird was important??? I was just face-palming when it appeared at the end.

By the time the movie was over, I just left the theatre feeling depressed and sick. Come on, too much lame-ness and bleakness, it wasn't even uplifting-depressing, it was just plain draining and depressing.

Overall, this movie is a total plagiarism and a very overlong and unorganized mess of a film, and I love Davind Fincher. Let's hope his Dragon Tattoo adaptation turns out good. As for this, AVOID!!!!",2
The Curious Case of Benjamin Button,"This movie was designed to make you cry. Watching it was like being a guest on Oprah. You know -- those guests who are larger than life but end up bawling on her couch after she brings up every sad thing that's ever happened to them? That's what this movie was like. Unfortunately the dying old people, parental betrayal, and creepy infant Alzheimer's moments weren't enough. We had to relive Hurricane Katrina as well. Meanwhile, I'm squirming in my seat about to have a panic attack and begging an usher for one of those morphine drips Cate Blanchett's character was fortunate enough to abuse throughout the movie.

There were no dry eyes in the house when I saw it. I think Fincher could've slit the throats of scores of puppies on screen with that freaking Sarah McLachlan song in the background for three hours and it would almost equal a third of the crushing sadness of The Curious Case of Benjamin Button.

You never know what's comin'. But you can bet it's going to be f***ing god awful!",2
The Curious Case of Benjamin Button,"I saw this today and I came out of it relieved to see it end. This just went on too long and didn't need a lot of the exposition and filler it had to tell the story, which from what I've seen certainly was a lot shorter in F. Scott Fitzgerald print form.

There were three things about this movie that cause me to say it does not deserve to be Best Picture.

1) I understand the story that was trying to be told with the old woman and her daughter in the hospital. However, the constant cutaways to Benjamin's life story and then back to the hospital for this subplot just got to be annoying after awhile; i.e., this subplot just got in the way and added about 45 minutes of screen time that could have been shortened or just outright eliminated.

2) There were so many times in this movie as it moved along that I kept being reminded of ""Forrest Gump"". There's just a lot of the styles and elements of that film from 1994 that I saw here: the friendship as children that grew into love as adults, the main character as a child having trouble walking, the love story that oftentimes couldn't be, the crazy but ultimately likable guy running the ship that the main character works on, etc. I can't believe I haven't already heard more about just how similar these stories are on film.

3) The whole element of Hurricane Katrina. Was it really necessary? Did it add anything to the story? I'm sure there are plenty of people out there who didn't need a reminder of that.

Yeah, all in all, I gave this a ""6"" but I'm thinking even that's generous...the film was fine, but just too long and too much like another (and better) film that won Oscars 15 years ago. I don't feel this deserves the honor.

UPDATE: Time has passed and with more and more blatant obvious similarities to ""Gump"" having come into the public eye, this now gets a ""2"". Next time Eric Roth does a film, I hope someone does some cross-referencing. This film did about as well in the Oscars as it deserved to: 3-for-13 with no major wins.",2
The Curious Case of Benjamin Button,"I saw it up there on the screen but I didn't connect with it. It was a beautifully mounted movie with nothing interesting to say -- not to me, anyway. I did my best to accept the central premise as a fantasy not to be questioned -- I mean when I found myself wondering how the body of an infant born with the skin and the arthritis and the cataracts of an old man might conveniently be blessed with growth spurts in old age followed by shrink spurts in youth ... nah, I decided there's no need to go down that road. Repeat after me: The movie is a fantasy. Benjamin Button was born old and progressed to infancy and that's the movie's premise and I accepted it. And with that behind me, I wanted to see the life of Benjamin Button developed into a story that would fascinate -- that might offer insights on life as viewed by someone living it backwards.

Instead I got a mishmash of vignettes told in flashback from a dying woman's hospital room in New Orleans -- with EEK! HURRICANE KATRINA! bearing down to no apparent dramatic purpose whatsoever. I saw a pygmy and a brothel and a Russian beauty and a boat and lightning strikes and a broken leg and a war and ... Cate Blanchett kept getting older while Brad Pitt kept getting younger and by the time Benjamin Button met his daughter she was an adolescent and so was he ... and it was just one melancholy development after another and ... how in the world am I supposed relate to any of this disjointed, stupefying nonsense? Here's the movie: Benjamin Button's friends and family grew older and died as he grew younger and died. Period, that's it, no more, no lessons learned, no insights gained, no emotional connection, not even any marveling by the world of science at what was happening to this unique individual.

Well, OK, this happened too: Some young man died in WWI so his blind father built a clock that ran backwards and I never figured out how this related substantively to the rest of the movie. I do know, though, that it is not the nature of New Orleanians to replace ornate, historic, quirky old railway station clocks with digital monstrosities. Bleh. I truly regret that I invested time in this mistake of a movie.",2
The Curious Case of Benjamin Button,"Okay, this might be difficult for some to hear, but just bear with me: the fact that ""The Curious Case of Benjamin Button"" is getting such high praise is indicative of how shallow and easily entertained Americans have become. Not one time in the nearly three hours of watching this film did I ever become emotionally involved with Benjamin Button or any of the other characters, something which is extremely important if you are trying to keep the audiences' attention for that length of time. The potential was there, with a long and winding story rivaling that of ""Forrest Gump"" (no surprise there, as Eric Roth worked on both), but there were several reasons why this film fell flat where the other found its way into the Pantheon of great films.

The main reason, as I mentioned before, is the lack of emotional involvement with any of the characters in the film. When making an epic movie, or any movie for that matter, the goal is to make the audience invested in characters. Love them, hate them, feel sorry for them, whatever, but the goal is to make us react emotionally to the people we see on screen. In ""Benjamin Button"", the only thing that gives us a slight reason to be interested in the main character is his strange predicament. We begin with a Caucasian child who is born old and decrepit, and as a result abandoned by his well-to-do father. He is found and taken in by a kind African American woman who works in a rest home, and in the subsequent years he begins to age in reverse. The issues surrounding such a situation could convey potent insight into aging, race, ageism, love, marriage, parenting, being a step-child, etc. What we get, however, is a stoic child who drifts easily through childhood into adulthood without ever experiencing any particular challenges and/or failure (any of the things that might, I don't know, build character). The patented blank gaze of Brad Pitt (think of his role as Death in Meet Joe Black) accompanies us through year after year of rest home domesticity until our main character finally decides to leave town. But what a town it is! He is never heckled, ridiculed, or treated differently than any other person despite his bizarre physical condition, his creepy fixation on the daughter of a resident of the rest home, or the fact that he is a white child being raised by a black woman. There isn't even a single incidence of racial bias despite all the interracial relationships in the film. I didn't realize that everyone in New Orleans in the early twentieth century was free of racism and xenophobia. What a great time it must have been! The next section, which include all of his years spent traveling, include a random assortment of characters, some more developed than others, but none who contribute anything particularly meaningful to the plot. As a matter of fact, the whole section involving the wife of the British spy (Tilda Swinton) could have been completely left out and it wouldn't have made a difference to the film as a whole. And the same goes for the watered down version of Lieutenant Dan, Captain Mike (Jared Harris). Whereas the narration gives us a hint of emotional connections to people and places, or even the occasional philosophical tidbit of insight into the nature of man, the acting completely fails to convey these things. Even in the scene where Captain Mike dies, Benjamin sits coldly by watching it all transpire. In fact, that seems like all Benjamin ever does. He watches, not necessarily thinking or studying or learning, the emotional equivalent of a camcorder.

The last place to look, and the sole idea supposedly driving much of the film, is his eternal love for Daisy. Forget for a moment, if you can, the creepy early encounters between a wrinkled old/young Benjamin and the Lolita-esquire Daisy, and focus on the adult interactions between the two. There are a bare minimum of scenes including any wooing, chivalrous acts by Benjamin, or emotional connections between the two (which is typical of male-female relationships in F. Scott Fitzgerald's works, such as the short story this film is based on, but still). Does she ever express any desire to do anything besides jump his bones? While sex on a gazebo, or sex on a boat, or sex on a beach might show us how physically passionate they are towards each other, it does nothing to indicate any deeper emotional connection between the two. It goes from awkward to entirely sexual and then back to awkward again, or, from our angle, disturbing to arousing and back to disturbing. That's not the kind of enduring love that great movies are based on. By the time Forrest finally consummated his love for Jenny, we could feel it, yearn for it, and appreciate it the way he did because we had seen all he had gone through to finally win her heart. This is exactly what is missing in ""Benjamin Button"".

I understand what the film makers were trying to do. They had an interesting concept to build on, they certainly had a big budget, and they hired popular actors to fill most of the main roles. But somewhere in the casting, direction, or writing, they forgot what the main point of a movie is: to make us care.",2
The Curious Case of Benjamin Button,"This one is pretty easy to scope out. It really is a movie aimed at the Forrest Gump, Green Mile, Shawshank Redemption crowd. You know, where all mysteries and problems of life have simple and simplistic answers.

To be fair the concept is interesting, if not original, (The Once and Future King and Slaughterhouse Five come to mind) but can not sustain the film. There are few decent moments in the film and at times it seems to try for a magic realism that might have worked. However, the swell of the dramatic music and explicit narrator explanation of such moments show how well the filmmakers know their intended audience.

It's not my cup of tea but if you like Forrest Gump type of movies you will like this one.",3
The Curious Case of Benjamin Button,"Once again ti's the Season for Oscar contenders and as history teaches us to win an Oscar a movie doesn't have to be profound, original or even interesting.

This is the case with ""The Curious Case of Benjamin Button"". This movie follows a life of an orphan born an old man whose ""life is like a box of chocolates"". Benjamin discovers his humanity interacting with various characters and growing younger in the process - that's the original part.

The premise is interesting but the movie isn't. It borderlines on plagiarism of Forrest Gump. Thank God Brad Pitt is good looking, and for all the ladies, he grows younger as the movie wears on - 3/4 in, all the Cougars in the Theater want to rip his shirt off, which aging Cate Blanchett does after little hesitation.

As for Forrest Gump plagiarism, this movies has a: - southern, disabled man - lifelong, unfulfilled love who comes around at the end - boat and a boat captain - war - some other stuff

All in all if you're taking your wife or a girlfriend to the movies go and watch ""The Slumdog Millionaire"" and wait for this to come out on DVD.",3
The Curious Case of Benjamin Button,"I can't say that this was a bad movie, I just didn't quite enjoy it. A friend described it as Forrest Gump with reverse aging. This description is very accurate. I think there are many people who would like this movie, its just kind of boring since you don't grow to love the characters at all throughout the movie. It is like Forrest Gump in many, many ways, but primarily because it is a string of small stories tracking a characters life. While I think this can make a great movie, I only actually enjoy it if there is enough character development to make me love or at least deeply care about the character you are following. I'm sure this is a hard balance to find - to tell so many stories but also make you love the character. I think it is possible to do both though; PT Anderson did it at least twice. Cate Blanchett was great, Tilda Swinton was good, and Brad Pitt was okay. The best though was Taraji Henson; I hope she gets some recognition.",3
The Curious Case of Benjamin Button,"Looks like I'm in the minority of reviewers.

This movie is Boring with a capital B. And, incredibly long to boot! As the main character gets younger, you feel yourself getting older.

I thought it might get interesting when Cate Blanchett's character was finally introduced but even her good acting couldn't save it for me.

The only redeeming feature was the ending. If you can make it that far without dying of old age, that is. My suggestion? Go to the last 20 minutes of the movie and watch that.

At least Forrest Gump had some interesting things going on around a very ordinary guy. Benjamin Button is just, plain, ordinary.",3
The Curious Case of Benjamin Button,"There was such a movie once - everybody was talking with southern accent, there were some big events rolling around the plot, and the time was going by so meaningfully that almost every little thing was a starter spark for that big events mentioned above. And that was Robert Zemeckis' Forrest Gump - very life-cherish story with some nice ideas how to sell so called ""village-wisdom"" to all the folks ""from the city"" in a way they couldn't notice. It was done with some bullshit moments, but summing all up - IT WAS ALMOST AN MASTERPIECE.

""Curious Case of Benjamin Button"" tries to repeat that simple form of journey to the deep-down-well-known basic truths about life. But you CAN'T be Forrest Gump just like that - to tell a simple story JUST about life you have to manage staying unpretentious, because an idea of telling such story is pretentious in the first place. Zemeckis nearly achieved it in Forrest Gump, so did - in a different way though - Jeunet in Amélie. Sadly to say, Fincher was much much MUCH closer to it in... Se7en (yes!).

In ""Benjamin Button"" we have everything that SHOULD sum up to that magical mystery tour - Stars in the cast, a story full of coincidences and simple truths, southern accent all over, childly innocent leading character, unnoticed special effects, and epic kick. We even have here a symbol, a logo of the movie (like the feather in Forrest Gump)! But finally we end up with two and half hour masturbation movie for make-up artists, because even though the make-up is truly amazing, there are no REAL feelings beneath it.

Summing up: pretentious, empty, commercial-like, boring way of quoting DESIDERATA. I suggest saving money. And time.",3
The Curious Case of Benjamin Button,"The Curious Case of Benjamin Button is a movie about a man who ages backwards. Okay, i'll admit, sound interesting but...

When i started to watch the movie it was very slow-going and not very interesting in terms of the story being told but i gave it time and after 2 1/2 hours .. it was still boring.

I can surely appreciate the genre of the movie i do not expect a car chase, but there was no suspense, nothing that made you want to keep watching.

The Plot in itself is a lot like Forrest Gump, but lacks the controversy, humor and charm that Forrest Gump had.

Although i must say, the cast is very good in this movie, except the character of Daisy when she is older, i never understood a word she said.

I can understand the moral of the story being about love, loss, and atonement , and all that good stuff, but to me the movie is more about the story of a man and his love life.

Also, the fact that he ages backwards had a lot and so little to do with the story. It's a strange thing, but his condition did nothing to make the movie more interesting. But at the same time, it was a big factor of the movie. ... strange, i know.

Needless to say, the movie was not HORRIBLE, it was a great story, but an uninteresting movie. But it will most likely become a classic. These types of movies usually do.

:)",3
The Curious Case of Benjamin Button,"When I saw the trailer back in the day, I knew it was a movie I wasn't going to see. I decided to give it a shot recently. I couldn't get over how it kind of felt like Forrest Gump, and then I discovered the screenplay was written by the same guy who did that movie. I found that aspect very distracting. Then there was the weird CGI. Brad Pitts transplanted on an old face, with a young-sized body. Strangely, when Button gets older, they choose to use separate actors to play him in the 'youthful' roles. Why didn't they just do that with him in the younger-older self earlier in the film? And then there's the problem with Brad Pitt's acting, or maybe its the Benjamin Button character in general. It doesn't seem like anything is really going on with this guy. He's adopted by a black lady, but doesn't seem to hold much emotion for her. And strange coincidence, the day he returns, she just died. Too convenient, maybe if he had shown up a few weeks later, because he had been sailing around up to that point, it would have been more realistic. But then there's the funeral, and that's it. No emotion, no regrets about not being there for mama. Well, he does go to India, no explanation really given why he choice that place, and comes back physically changed, but it doesn't seem like he's learned anything. Or developed as a person, or character. So the Benjamin Button is similar to Forrest Gump, in the sense that he maintains the same personality, note, rhythm, for the entire course of the movie, while the world around him changes. When he does, it's like 'oh well'. And the modern day setting of the hospital in Hurricane Katrina. I was waiting for a 'well, that's interesting' moment, but it seemed pointless. They might as well have set it in 2003 or 2001, why bother connecting it to Katrina without any point? David Fincher has put out some great movies. I think he excels in thrillers, not dramas about characters set over long periods of time. I'm surprised this movie didn't get Robert Zemeckis to do it. At least it would completed the Forrest Gump-esque nature of the movie.",3
The Curious Case of Benjamin Button,"An original idea for a super boring movie. Two hours and a half of the same story, nothing changes, no surprises, no unexpected events. And the most bothering thing is that characters do not ever have any doubt or emotion. They're just abc cyborg. There is no questioning of life, no mystery, no life in this movie. It's a story without characters, it's a series of events for 2 hours and half. It's kind of difficult to make such a predictable movie with such a strange set up idea. I was able to watch the all movie only because of the ridiculous 8 stars this movie got on IMDb. There is no jokes, no suspense, no nothing, no philosophy, no passion. wtf was this movie about??",3
The Curious Case of Benjamin Button,"Completely in the spirit of my expectations the probably most anticipated premiere for the winter turned out to be just the next disappointment. I've been always surprised at the abilities of some people to tell short and not especially full of matter stories for extremely long time. If a story encompasses a whole human life, is it absolutely necessary to tell it over the same time span? After 'The Curious Case of Benjamin Button' I'm absolutely sure that the redundant accents on the completely uninteresting daily routine of the main character are no longer trademark of the untalented, working with low funding, inexplainably pretentious 'artists', who think that a three hours long scene, depicting a hay chewing cow, is the ultimate form of cinematographic art.

'The Curious Case of Benjamin Button' is based on several sentences (including the title) of an otherwise good short story, stuffed with Viagra (yes, it does go on for hours), and turned by Eric Roth into a FrankenForestGump, completely devoid of the humour, the solid content and the wonderful special effects of the original he wrote and Robert Zemeckis directed.

The commonality with the 1921 short story by F. Scott Fitzgerald is quite bleak and unpersuasive and I can't help but wonder why. Even the main concept of a rejuvenating person is twisted (again, why?) - in the short story Benjamin Button (depicted by Brad Pitt) is born physically and mentally developed as an old man (he can speak barely a few hours after being born) and his rejuvenation is also both physical and mental. In the movie he is born with an old man's body, reminding the one of the master jedi Yoda, and with the mental development of a new-born, and only is getting younger. And that's it. If the sight of a rejuvenating Brad Pitt riding a bike is enough to keep you almost for three hours in the theater - this movie is for you. I was expecting (probably for the last time) something more of David Fincher and Co.

To conclude: visually appealing, but annoyingly and groundlessly dragging and overextended. The acceptable acting of Brad Pitt and Cate Blanchett is held hostage by the weak screenplay, based on the F. Scott Fitzgerald's short story barely enough to pass as an adaptation. The movie is filled to the brim with horribly pointless and stereotypic dialogue and lacks any hook or at least some attempt for a plausible character development. On top of that there is an irritating nasal overacted voice-over. Instead of watching something that doesn't contain anything you haven't seen before, just read the story again.",3
The Curious Case of Benjamin Button,"The ""Benjamin Button"" has a certain pretense which you realize after an analysis. It is slow, contemplative, with numerous promising setups and sub-plots. You attempt to grasp symbolism, hypothesize what could a ""great new ideas"" be derived from here. You think of cinematic experience, special effects, montage, mise-en-scène. You wait anticipating all of this tie up at some point and create a catharsis. Finally, it ends, and you are left with nothing. All the stories, scenes, episodes  everything is left unresolved, childishly trivial, superficial and weak. No ideas, no character development, no thought. Many story lines, such as daughter, learning of her real father's precarious condition, her mother, dying of cancer, the hospital scenes in the onset of Katrina in New Orleans (?). What's missing is 9-11, Afghanistan and Iraq wars and election of Obama. I started from detail analysis of all sub-plots, but had to give up finding this exercise utterly exhausting.

This is pretentious small 'moving pictures' which only be remembered for the utter inaptness of directorial and screen writer's work.",3
The Curious Case of Benjamin Button,"I was very excited about going to see this film but it was a spectacular disappointment.

It is a very contrived film and any hint of originality is ruined by being presented in a heavy handed and clumsy way. There are grandiose attempts at profundity that come across as awkward and contrived. This is particularly apparent in the attempt to picture the alcoholic, tattooist, tug-boat captain as an artist - it might have worked with a different director or better script but in this situation it is trite and blatant. Also, watch out for the hummingbird...

The script is also packed with absurd lines that I think were meant to be profound and insightful but are downright banal and obvious leaving one with the urge to laugh in embarrassment. The characters are unlikeable and self-absorbed (he abandons his wife and child without any good reason). Some of the minor characters are very interesting, namely Mr Gateau and Tilda Swinton's character and their stories would perhaps have made the better film.

What has happened to Brad Pitt? He couldn't carry this movie but perhaps no one could have. You leave with the distinct impression that a committee set out to create an 'original' and 'beautiful' film, utilised the most clichéd lines and scenes in their arsenal and managed to produce a hackneyed, dull and ugly movie.",3
The Curious Case of Benjamin Button,"As I left the theater there was only one thought running through my head; what ever happened to David Fincher? This film, although it has a nice central idea of a man growing younger and meeting a woman growing older, is ultimately about nothing. 45mins could EASILY have been chopped out of this. Did you need the Tilda Swinton story? All the crap on the boat?

The Forrest Gump analogies are rampant. In fact this is the love child of Big Fish and Forrest Gump. Alabama voice over, Lieutenant Dan, even having a symbol that was supposed to represent the them of the film - which by the way was WEAK in this movie. What a stupid idea the humming bird was - it's wings beat in a figure 8 motion and 8 is the symbol for infinity... Give me a break. Although I'm not Forrest Gump's biggest fan at least the feather was subtle and poetic. The Humming bird feels forced.

The special effects were a mixed bag. The digital make up was good and Pitt as an old man (except for one or two overly fake lip movements) were spot on. However traditional effects and digital matte paintings were atrocious and substandard. At first I thought the film was going to be a 300(esque) blue screen job - but then Fincher betrays that overly stylized style by having the film post-1950s being uber real. He even has Brad Pitt traveling around the world at one point and they look as if they were filmed in the real locations.

There a sequence in it that involves a traffic accident that almost made me yawn out loud. I get it Fincher. I see the point you are trying to make. It is a scene that feels robbed from Jean Pierre Jeunet or someone (only he'd have made it more entertaining by speeding it up and having the action happened really fast so you are playing catch up).

In also ends without any real closure and left me feeling... Meh. Stick to the darkness Fincher, you work best in that world.",3
The Curious Case of Benjamin Button,"How about a long, drawn out epic tale about one ordinary (but different) man with his unique set of struggles from birth to death, where he builds character as history unfolds around him. Sound familiar? The central difference between this and Gump is that Benjamin Button isn't a retard played by Tom Hanks. That's why I gave it a three out of ten....two points for not casting a retarded Tom Hanks, one point for effort. Apparently the proceeding isn't enough text, so let me add some more...good special effects, which will never save a movie on their own, and Cate Blanchett in her least memorable role to date...maybe if Forrest Gump had never happened, I wouldn't have hated this trite waste of time nearly as much as I did.",3
The Curious Case of Benjamin Button,"The movie is going for a Forrest Gump-y vibe, with an original man character who lives a long life in the 20th century, with a love interes that comes and goes. There is also an angry boat captain here, I had to concentrate hard not to think of Gary Sinise in those scenes.

A man living his life backwards is an intriguing pitch for a movie, but there is no story to back it up. Pitt and Blanchett are fine together, but there is not much for them to do. Some scenes are meant to pack an emotional punch, but they feel forced. (One such scene is the one where Blanchett gets hit by a car. A lot of build up, but the scene is noe nearly as important as the build up makes ut believe.)

As overly long ""so what?"" feeling. (Had I been anywhere but on a plane, I would not have seen it to the end.)",3
The Curious Case of Benjamin Button,"There are some things wrong and some things right with this movie, but the former outnumber the latter.

First, what's right: the art direction. Every image, every shot has been executed with great attention to detail and the authentic look. The New Orleans of the 1920s and thereafter, the New York of the 1940s, the episodes at sea during WWII feel right and credible. I'm not sure how much of these scenes were computer-generated, but the money spent was not wasted. The same can be said with regard to all the CGI work.

Next, the love story: I believed the chemistry between Benjamin and Daisy, as well as the lifelong mutual attraction they felt. First love often refuses to wane,even if circumstances intervene and impede it, as they did in this case. For this reason, the middle part of the movie where Benjamin and Daisy reunite is the most watchable. Cate Blanchett and Brad Pitt are convincing in the display of passion for one another. In fact, all of the actors in the film are very good, outstanding among them the actress who plays Benjamin's mother, Queenie, the actor who plays the Irish captain, and an actress I admire, Tilda Swinton as the British diplomat's wife.

I also think, however, all the actors were wasted in a film whose point is lost upon me, and this is where my dissatisfaction with the film lies. I believe it attempts to say and do too many different things, and it fails to accomplish any of them compellingly. If this is a love story, then it's formulaic and hardly original. We've had too many movies where an elderly person on his or her deathbed recalls a great love once lived. That storyline was used in The Notebook and Evening with better results. If, on the other hand, the point of the movie is to depict 20th century historical events in the US, then where was the Depression of the 1930s? The Civil Rights movement of the 1960s? The Vietnam War? The social conscience of the 1960s and the 1970s is replaced with footage of The Beatles on the Ed Sullivan show. And the formula of looking at history through an individual life was done better in Forrest Gump. If, finally, the film attempts to underscore the fragility of our lives and the random events that shape them (Daisy's accident and the end of her dance career), that point was made early on in the movie, as soon as an elderly character began repeating to Benjamin that he was struck seven times by lightning. All references to life's tenuousness became repetitive after that, which brings me to my last complaint: the film was too long. The Curious Case of Benjamin Button is, indeed, a curious film, not in best sense of that word. It tries too hard to be significant, and it fails.",3
The Curious Case of Benjamin Button,"Perhaps the most overwhelming emotion I experienced during and after this film was that we have only so much time in which to enjoy life. Unfortunately this reminder of our mortality had nothing to do with having watched a deep, insightful, thought-provoking film, but instead was because I had just sat through over 2 and a half hours of really very dull movie.

I have nothing against slow films. I am not an action film junkie in any way and would rather enjoy a thoughtful experience at the cinema than some car-chase thriller with a generic plot/characters/dialogue/soundtrack. But The Curious Case of Benjamin Button was a big disappointment. In fact the only curious thing about it was that it ever made it into my local picturehouse cinema.

It did not strike me as a particularly original or clever concept, not that a film necessarily has to be either, but in this case at least a dose of one or the other would have made the experience more bearable. As it was I spent a good deal of the second half looking at my watch... which seemed to be going backwards. Unfortunately unlike Benjamin instead of feeling younger at the end I felt a good deal older than when I had taken my seat.

So I am writing this a long time after having watched it, but having seen that somehow it rated 8/10 on IMDb I felt duty bound to add my voice of discontent!",3
The Curious Case of Benjamin Button,"I was really looking forward to this movie - I am a fond reader of FSF. The beginning started well, but It was long, and it felt long. Tilda Swinton and Cate Blanchett were great. Great story and filming overall. In my opinion Brad Pitt cannot act. He only has 2 speeds; goofy (Thelma & Louise, Ocean's 11, burn after reading) and quiet (Joe Black & this one). Never once did I believe that he was an actual character other than Brad Pitt EXCEPT when he was really old and had lots and lots of make up on and voice was changed. Too bad they couldn't have picked a better lead actor. It was sad and poignant and all that, but disappointed that the movie couldn't add anything to the already good story/premise. Otherwise, it was worth seeing, but I doubt I'll see it again.",3
The Curious Case of Benjamin Button,"Too long, too slow and full of painful, dreadful ""faux"" philosophy. Agree with most of the negative comments on here so wont repeat them. Hilariously this is ranked as number 125 on the IMDb top 250! Ranks above Annie Hall, Kinds Hearts and Coronets, Kill Bill, The Deer Hunter, Ben Hur, Big Lebowski etc etc I think the rating system might be slightly flawed! The effort that has gone in to making this film is remarkable and plaudits must go to costume design and other areas of technical excellence. But what a waste of some brilliant movie making. This was based on a short story which I would like to read but why o why drag the film out for three hours. I guess it's a shoe in for best film Oscar this week",3
The Curious Case of Benjamin Button,"Literally watching paint dry would be more lively that this movie.

While the visual tricks and sepia are all wonderful, this film is a massively tedious failure. The characters are less alive than slabs in a mortuary and they move through the scenes like wooden props. And it's all so solemn, as if life's lessons are delivered in homily style.

Benjamin Button is like Forrest Gump but with all the life, action and wit and humor sucked out of him.

The reason lies with the script which has removed any action and turned it all into reaction. The script is executed in reported style, so Benjamin tells the audience what is happening, as the actors do it but without any agency. The problem is fundamental as it starts the film, with the book reading and the old woman in the bed: the story is narrated not acted. A basic lesson from film school and scriptwriting is not to make this mistake or the end product is this dull. Benjamin is not the agent of his life – things happen to him. Another lesson fro drama and script wring, the protagonist must be the agent of their own life.

Due to this failure in the script the actors are all redundant – it's a novel with pictures. And ultimately the musings on life and time are just pretentious and incomplete.

Go outside to a lawn, get a chair and a drink, sit down and watch the grass grow. That will say more about life and time than this movie.",3
The Curious Case of Benjamin Button,"This is a bizarre story of a baby born with symptoms of old age grows up to become a baby with symptoms of old age. This is all there is to it.

As if this is not bizarre enough, the movie fails to establish any connection between different yet apparently significant episodes. Sexual promiscuity is the main theme, at least that is what it is made it out to be. Story moves from an episode to a different one which has no consequence on each other or on the life of the protagonist.

A baby boy is dumped by his father and later given all his father has got - a thriving button making business but this has no consequence in his life.

He sleeps with different women (including hookers) and this has nothing to do with anything in the movie.

His girl friend too sleeps with several men: no consequence whatever to this story.

Suspend your disbelief: A tug boat (on which lead character is working) overruns a German U-boat (yes, this is fiction of course) and yes you got it, that is inconsequential to Benjamin's life and story in general.

Benjamin learns to play piano; his foster mother dies; he abandons his girlfriend; several years later meets his grownup daughter (he just says 'hi'); and these are all disconnected with the plot that is supposed to be there.

And what the heck is a humming bird doing in the middle of pacific or at a hospital window in a storm?

Julia Ormond has no role other than just reading a diary and she is wasted, so is Brad Pitt, and so was my time watching this crap.",3
The Curious Case of Benjamin Button,"I don't think you can write a spoiler for this movie, because the entire film can be encapsulated in four words: Brad Pitt ages backward.

Here's a list of things that made this movie so bad:

It was overly sentimental--which is to be expected, considering the screenwriter of Forrest Gump wrote this. You can also see his handiwork in the convenient road signs we have to make sure we all know what year it is. Oh, they're watching The Beatles on Ed Sullivan. See, this is the 60s.

The characters all have one trait--Brad Pitt ages backward. Other than that, he's pretty damn boring. Elizabeth likes to swim. Daisy likes ballet. Queeny is a no-nonsense black woman. In the real world, people like this have NEVER existed ANYWHERE.

This one's just a matter of taste--CGI SUCKS BALLS. Nobody thinks it looks real, okay? Just go back to putting cartoons in if you're too damn lazy to build something with your hands.

Overall, this movie was just very very boring. And it was almost three hours long. It said nothing, and the one slightly interesting thing about it was already exhausted in the trailer: Brad Pitt ages backward.",3
The Curious Case of Benjamin Button,"I look for character, plot, and some insight into the human condition. None of these elements were present in this movie. It was essentially, a string of distantly-related events in a life lived backwards. OK - I get it. An episodic movie: ""Forest Gump"" with a plot twist. It may have been a nice short story, but there just isn't enough content to fill up an almost 3-hour movie. We never delve beneath the surface of any character. People dance, make buttons, or play the piano because that's what they do. Now, there are many highly charged moments, and they are portrayed with stunning visual poetry. The tugboat, for instance, almost becomes a separate character because of all the angles and focal lengths at which it's photographed. Outside of the plot device of a life lived backwards, it's a rather plain tale.",3
The Curious Case of Benjamin Button,"As soon as I saw the trailer for this film i was intrigued. The idea of a man born old and growing younger seemed like an interesting concept and I looked forward to seeing exactly how this would be included in the story.

In the end, the fact that Benjamin Button gets younger was about the only thing I brought away from the movie. The story was incredibly weak, with very little really happening other than Button and Daisy being together, then apart, then together, and so on and so forth. The film was so long and slow I found myself just waiting for it to end, rather than hoping it wouldn't.

There seemed to be parts in the film that there was either no need for, or just didn't make sense. Why did we need to see Benjamin going to a brothel? Why was there a random hummingbird in the middle of the ocean, and in the middle of a storm at the end? I understand the relationship of the hummingbird with Buttons captain, but why have the bird at the end. It had no relation to the old woman other than through Button. What was the point of Hurricane Katrina at the end anyway??? It just seemed pointless to me. But most of all, what was the significance of the clock in the beginning and the end?? It might have made sense if the clock had been involved somehow. I was expecting that once Benjamin died, the clock to stop at the same time to show some sort of connection between the two. But no the last thing we see is that clock still going. Maybe I totally missed something but it seemed pointless to me.

The movie wasn't a total disappointment though. I thought the acting was good, and the special effects couldn't be faulted. However, acting and effects count for very little when there is such a weak storyline. In the end I was glad I saw it, but I wont be watching it again (and definitely wont be buying the DVD)",3
The Curious Case of Benjamin Button,"Ha! 7.8. That just goes to show, acting ability alone is what most people score upon. I can tell within the first 30 mins that this is an American film, why is it so religious, if i wanted to watch a film about a cult, i'd watch Hereditary. I was also so bored that i gave up with this after just 30 mins, so it may have got better, but honestly, i don't care, it was so boring i couldn't take anymore. I do like some Dramas, but at least have them going somewhere. What is the point. This is all style no substance. Maybe it's just too high brow for me, but i like things to actually happen, i can watch paint dry any time.",3
The Curious Case of Benjamin Button,"Is there a reason why everybody is praising this movie so much? Definitely Brad Pitt's worst film to date. Benjamin Button attempts to be deep and meaningful, but falls unbelievably short. The film is way to slow and wayyyy to long. I found myself looking at my watch repeatedly throughout the film. Once the film starts and he is an old child, you begin to realize that you now must wait 3 hours for him to grow ""old"" and die.True, the film is beautiful looking, but beyond that, it is painfully boring. The movie doesn't ever pick up until about the last 20 minutes or so, and in a 3 hour film that's a death sentence. The love story was pointless and never even explained. How does a young girl fall in love with an elderly looking kid? Nobody knows, and it is never explained or discussed. The lighting, CGI, and effects were all beautifully done, but the story was so insanely pointless. The movie could have been shortened immensely, even cut in half. This is a movie that the critics will love, and few others will claim it's beautiful and moving, when really it's just another piece of crap pushing to be meaningful. And i agree with many of the posts, don't even compare it to Forrest Gump. They are in no way similar.",3
The Curious Case of Benjamin Button,"Like ""The Reader"",Benjamin is a great disappointment. But,while ""The Reader"" was entertainingly implausible, this film was just tiresome. For starters how did so many mediocre directors get the idea that if you film something in an amber light it gives a more realistic sense of the past.It doesn't. The second problem noticed was this film often needed subtitles, so many of the speeches were delivered in a mush-mouth fashion. From the beginning, it was riddled with clichés, the angry father, the beyond compassionate black woman,the beyond-wise oldsters, the good-hearted but tough sailor, the cliché cat house. Pitt, usually talented, was wooden. But then the script was solid oak. The only moments worth watching were with Tilda Swinton and even her character had enough sense to pack up and leave.This is one of those films, like ""Titanic"" where you could spend an entire afternoon commenting on its many flaws, inconsistencies and unintentional laughs. All these film buffs who praise Fincher must be the same people who think that Ronnie Howard is a talented director.Almost every scene is predictable or borrowed from somebody else. The only thing curious about the case of Benjamin Button is why anybody made this saccharine film.",4
The Curious Case of Benjamin Button,"Brad Pitt has performed many great roles, but to me this isn't one of them. The single idea of a man going backwards in time is rich in possibilities but this story does a poor job of exploiting them.

Instead it offers a very weak version of Forrest Gump with nothing remarkable happening.

For me it was a tortuous experience sitting through this long film with not enough happening to keep me interested to the end. My favourite Brad Pitt film is Twelve Monkeys which is also about time travel but at the other end of the spectrum; Twelve Monkeys having an extremely rich plot.

The most famous character to live backwards in time is Merlin but that aspect hasn't been explored in recent Arthurian renditions.",4
The Curious Case of Benjamin Button,"I honestly don't understand the people who praise this movie. I guess the people who loved this movie to the extent that they really praise it, should seriously watch a few of the good movies out there. Honestly how can someone say this movie was awesome, or was the best story ever or was really emotional and touching .. Pleaseeeeeeeeeeeeeee

This movie was absolutely boring and the hype made me expect a lot from the movie. But the movie didn't meet even 1 percent of my expectations... It was the slowest story ever.. And if u have seen the trailer, then there is nothing really new or unique happening in the movie.. They just drag the trailer into 3 hours of non stop boredom.

And they nominated Brad Pitt for an Oscar. I ask WHY???

I mean he was not bad but he didn't have to act a lot in the movie. It was just the make up and he was just reading his lines..

I feel sorry for Will smith not getting an Oscar nomination when he really deserved it for Seven pounds and Brad Pitt getting the nomination for ABSOLUTELY NO REASON.

The movie is okay to watch on video once if u can survive till the end. But going to the cinema to watch this boring piece of art is really a waste of time..",4
The Curious Case of Benjamin Button,"Although negative, I will point out that the movie was well acted, and the very visually apealling.

That being said, I must say I think it's a shame that people in this day and age feel fine about taking someone else's story, re-writing it, and making all the money off their ""creation"".

This movie had very little to with F. Scott Fitzgerald's ""Curious Case...."".

I won't go into detail, for spoilers and the like, but I think it's awful that people do that.

This movie is NOT ""The Curious Case of Benjamin Button"". This movie is ""I'm going to write some story, put the name of someone else's story on it so it will sell."" Final note, this is a work of re-writing for the sake of making money. Any artistic value in this movie is unintentional. Any similarities between this, and the actual story it is ""based"" upon is purely coincedental.

Now, I'm off to film Grease. But, there won't be singing, or gangs, or cars, or set in the 50's. There will just be a hot chick named Sandra Dee. She'll show her boobs, and I'll make millions.",4
The Curious Case of Benjamin Button,"I did not hate this movie. There are some wonderful, individual scenes. But it is so bloody long, I had to fast forward through many of the scenes. As usual IMDb voters went initially crazy in their ratings but the truth slowly sinks in and the vote meter is slowly going down.

So this is another case of hype and celebrity overcoming editing, directing, and plot.

Why does their need to be 10 lines.

Why does their need to be 10 lines

Why does their need to be 10 lines and I am sick of Bruno already. Talk about hype.",4
The Curious Case of Benjamin Button,"I finally got around to seeing Benjamin a couple of weeks. In case anybody doesn't know it stars Brad Pitt in the lead role of Benjamin Button who grows younger as he grows older. I've always found Brad Pitt a very engaging actor who has put in many fine performances over the years. He probably had eyes on the academy when he took this role, but ultimately his only recognition was a nomination. I was not totally convinced about Pitt in this role and think that Blanchett took the honours in terms of acting.

It is undoubtedly true that this is an interesting subject for a movie, but for me it wasn't quite realised. Based on it's IMDb rating it seems that I am in the minority on this and I would certainly recommend that people watch it and make up their own mind.",4
The Curious Case of Benjamin Button,"The movie had a good story line and some interesting plot points. Although the film was very Intriguing with its unique plot, this movie was very boring. At some parts of the film, I found it to be very slow and hard to pay attention. Over all I thought it was an ok movie with a interesting story arch",4
The Curious Case of Benjamin Button,"I HATE pretentious movies with long hours. They tend to ignore the importance of the compact and organized storyline. Does 'The Curious Case of Benjamin Button' deliver 166 minutes worthy story or events? Does it intrigue people to let them think the time passes by? NO! Here comes analogy. Let's talk about coffee. The important thing to remember when making a coffee. Right amount of coffee, sugar, milk, and water. Perfect ratio needed for perfect taste. What happens if you pour too much water, it loses the density. That's what is happened to this movie. Fincher stretches and lengthens it without purpose, and it loses tension and focus.

'The Curious Case of Benjamin Button' reminds me of 'Forrest Gump' the whole time. The general structure of narrative and characters show many similar sides. Two movies narrate the lifetime of one protagonist going through personal development and being wrapped around historical events unintentionally. They have embedded narrative structure while the inner story remains to be the main one. Both Gump and Button are born different with certain distinction viewed as flaws in the society, therefore missing the chance to connect to the society in the early stage. As a result, they both have calm, thoughtful, and self-sacrificing personality, and they value and treasure each relationship they form along the way.

Then, what is the difference between the masterpiece and this tame one? The quality of narrative structure. In 'Forrest Gump', each chunk of event is refreshed with scenes in the bus stop, so it gives audience pause and time to regain focus, therefore forgetting how long the movie is. The same script writer Roth tries this effective method once again, but the timing of coming back to the present time in the hospital is a little off. Sometimes, the whole section of plot seems disconnected and unfinished because it changes to the present scene too early. Other times, the inner story goes on forever without stopping, making the audience FEEL it is elongated. Moreover, the focus should be the inner story, and outer story is the tool to deliver inner story more efficiently and clearly. However, the subject of Hurricane Katrina keeps coming up and becomes ominous harbinger and feels like an unfinished homework hovering on the back of viewers' mind. In addition to ill-timed transition, 'Benjamin Button' touches just the surface of each plot. In 'Forrest Gump', for example, his relationship with his mother, his memorable event with his first love, his time in war, each segment of story goes deep and finishes itself completely. In contrast, Button's time in care home and relationship with Queenie, his father revealing Button is his son, his story with Daisy, losing his mentor in Pearl Harbor, all of them are lukewarm, dipping just one toe in the water.

Brad Pitt's acting and chemistry with other characters are insufficient to lead the whole 166 minutes. I understand his character is an old, shy, quiet ponderer. However, he can portray and realize Button with efforts and energy. I cannot erase Pitt watching Button and keep thinking 'Pitt just does not want to act Button. Gump is slow, monotonous, and quiet, but he IS the example of life in the movie, delivering the message that life is a box of chocolate. I get the message. Even though you are different or have limitations, you can choose to live happy. However, story, directing, and performance all fail to send this message effectively to the audience. I'm just gonna go watch 'Forrest Gump' one more time.",4
The Curious Case of Benjamin Button,"Taking the Fitzgerald story as a premise, the movie attempts to weave a love story around it. Since Hollywood is bereft of experiential knowledge of what true love actually looks like, they predictably insert a series of affairs (fornication) in its place. Set mostly in New Orleans, the viewer is expected to view fornication and infidelity (adultery) as normal, natural expressions of love. The predictable result: no commitment, empty sentimentality, no heart, no soul--a perfect reflection of Hollywood itself--flat as celluloid.

Exceptions: Queenie, Benjamin's adoptive mother; a mother's love; she takes him in despite his looks and always remains a mother to him. Captain Mike--a kind of Lieutenant Dan Taylor reincarnation (Forrest Gump)--displays sacrificial love.

Other observations: A visual work of art, even a masterpiece (train station, boarding house, brothel, Russian hotel, tugboat, New York Ballet, summer house). New Orleans life and culture are interesting. In fact, all that is fascinating about this movie is completely incidental to its very poor, long, boring, and boorish script.

The movie attempts to retain some light humor, but misses the element of farce. Besides its title and the character's name, and the premise, a man ages backwards, the film bears no resemblance to Fitzgerald's short story whatsoever, which, ironically, can be read in about twenty minutes (It's hilarious!). Even the setting, New Orleans, is different, and the movie is clearly, in part, meant to be a kind of tribute to that city, as is born out at the end.",4
The Curious Case of Benjamin Button,"I had high hopes for this film, although I heard it was a bit dull, so wasn't expecting miracles. Plus I really like David Fincher (Fight Club and Seven are superb) This film was worse than expected. How on earth did it get nominated for an Oscar. The story was so boring. Yes, a baby starts out old and gets younger, but so what? There was barely a story to support the concept. You could tell it wasn't based on a novel because it had no substance whatsoever. It was based on a short story and they dragged it out and out and out to death. I didn't feel any emotion during this film or for any of the characters. Benjamin was so boring it was painful. This film had nothing to say. I have no idea what the clock story was about at the start and how it related to the Benjamin story. And how would the dying woman know about this story? They could have made this film without it. It seems that plenty of people like this film for some reason. Maybe I missed all the symbolism and metaphors - nonsense!",4
The Curious Case of Benjamin Button,"3 hours later, the lesson of this movie is that Brad Pitt is still able to look like he's in high school (even though he's really in his 40's). That's not jealousy, i promise. I really enjoy Brad Pitt's movies (i.e. Fight Club, Troy, Burn After Reading, Snatch, etc), but what i want to iterate in this comment, is that they chose him for the role, because he's Brad Pitt.

This is an original story, at least it's original to me. Although this movie does have it's good points, after 3+ hours, I just felt like it is an un-realized version of a possibly GREAT story. This is a mediocre fantasy movie. Good fantasy movies are able to ascertain credibility through the reactionary tendencies, chance encounters, and equally large/fantastic introductions of the ""extras"" and ""supporting characters"" in the story. It may just be my affinity for his work, but i feel like Guillermo Del Toro could have told this story better, in less time, with more substance (it's a 4 star movie if he does it, and it's in Spanish).

This movie does pull at your heart strings a little bit. I felt like the scenes between the dying mother and daughter in the hospital were very well done, and obviously relevant to everything else in the movie. But i also felt a lack of any sort of chemistry between Brad Pitt and Ms. Blanchette.

In summation, i didn't like the way Benjamin Button's condition was taken with a grain of salt by everyone in the movie. The reaction of the rest of the characters to him is what really makes or breaks the movie. Also; the movie was too long, with countless scenes contributing to the ""not moving forward"" factor which was never lost on me. And lastly, I think that it's too wrapped up in a not-so-genuine love plot between Brad Pitt and Kate Blanchette.

4 out of 10 from me...",4
The Curious Case of Benjamin Button,"The main problem of Benjamin Button is that the original story is probably one of the most smart and interesting stories ever written, but the movie cannot adapt this idea well because of several reasons that I will mention in order. The first reason of this is that the movie changes a lot of things in the short story. Why? Benjamin Button was not boring to me at all, but it was soulless and conventional. I read the book after watching the movie which I seldomly do and I saw the differences and saw that how Fincher turns an interesting and heartbreaking story into a soulless and usual movie. For example, in the end of the movie, I felt nothing, but the book made me stunned. The book is very short, in fact too short for such a story, but somehow, the author fits everything into 70, 80 pages and it becomes wholly satisfying, not scratchy at all. What a success! In the movie, the script writer wrote a screenplay that makes a two hour and a half movie. Why? To make it an epic in order to win Oscar? Then, can we say that Benjamin Button is Oscar-driven (and I believe that also audience-driven) If the movie had been 100 minutes for example, still it would not have made it great, but much better, because there are unnecessary additions and omissions in the movie which the main problem as I said. Aren't there some movies which are pretty short, but one of the best ones of all times like 12 Angry Men? From now on, my review will contain spoilers about the movie and the book both. In the book, the writer is the narrator and his observations are very interesting and amusing as well. To tell some parts of the story by using a narrator is a cliché way, but in this book, it sounds mesmerizing. In the movie, we hear the story from a diary of a woman by his daughter. This is real cliché! In the book, the beginning, the hospital part is much more realistic than the movie, the reactions of the father, the nurses, the doctor, all the people are much more realistic. Instead, the movie uses a cliché, an ill old woman in a bed and her daughter who reads her mother's diary, uninspiring. One more thing, in the movie, Button is born as a deformed baby, in the book, it is a tiny old man. Benjamin Button in the original story is a much more interesting and amusing character, also his questions and his answers are the same. The tone of the movie, especially the story telling are not magical, it is conventional. For example, the battle scene in the sea, entertaining, but audience-driven, unnecessary and conventional. In the book, the first days of Button in home are very interesting too, it does not need such scenes, but the movie does not focus on Benjamin Button, his character, his psychology, the situations he is in, the reactions of the people around him etc. I loved this part in the book: his father brings a rattle and Button takes it by a weary expression and jingles it at intervals. He buys toys, but Button is not interested in, he reads medical articles to find an answer for his weird situation. The relationship between Button and his father id very important too, but in the movie, it was just uninspiring and does not make any sense. Yes, the book is about love also, but in the book, the love affairs of Button are very realistic, but the point is that it is not the center of the story. In the movie, the little girl is interested in Button when he is an odd-looking old man. Is such a spoiled little girl interested in such an odd looking old man? What a mess! At night, she invites him to play under a table. This is ''two children are interested in each other while playing'' matter. Obviously, she likes him which opens door to pedophilia. And the images which Button and Daisy live in a flat that has no furniture were inappropriate for such a content by the way. The movie is almost a pure romance, love story. It means that an interesting story turns into a love story. In the book, his wife does not attract him anymore, because he gets younger, it tells something about love. One of the most stunning parts in the book takes place in the university. The movie does not even refer to this. He looses weight, gets weaken, so cannot be as successful as he does in the first year in the football team. These parts make you sorry for him. In the movie, the childhood years of Benjamin Button is told in a too scratchy way. We see him while playing piano and later on the roof, that's all. What is the point? He is very angry, he swears that seems odd. Yes, spiritually, he gets older, so being awkward is normal, but it is against the original idea that is much more consistent and brilliant. In the book, Benjamin becomes a normal child, nothing more nothing less, he plays toy soldiers etc. then is sent to a kindergarten. The author describes his childhood years in detail (yes, imagine, this is a 80 pages book) Only by two pages, two pages!, Fitzgerald tells his childhood and babyhood periods and it is so effective, we feel everything that baby Button feels. In the movie, we see that he is in Daisy's arms and closes his eyes. Honestly, I felt nothing. Besides being visually well and entertainment in some scenes, the only good thing in the movie is Brad Pitt, who is one of my favorite actors. That's all.",4
The Curious Case of Benjamin Button,"Here's a phrase I rarely use: 'The Curious Case of Benjamin Button' is one of the most overrated movies of the year, as 'Atonement' was last year. What easily could have been a 'Forrest Gump' remake, 'Button' stars Brad Pitt as a man aging backwards  interesting concept enough, but thoroughly uninteresting, spiteful character. By the end of the film, all that we gathered was that he liked playing the piano, alcohol and sex with multiple women, married or not, despite having a 'Jenny' (from 'Forrest') complex for Cate Blanchett (who, coincidentally, also doesn't mind fooling around while married.) I believe the movie was trying to be the next 'Forrest' but failed on many counts, including lack of heart and (interesting) characters to believe in or care about. I could never get into Pitt's character, as he starts out wholesome as 'Forrest' but then shows a completely aimless, selfish and shallow personality. And one of the things that irked me the most, just when he had everything he ever wanted, he leaves due to his ""condition"" of aging backwards, when I knew then, and the final half hour proved, he had plenty of time left with the life he would leave behind. If this was supposed to be a lesson in ""acceptance"" for differences in people, he learned basically nothing in his extremely meaningless life. And the worse scenes involved a speech-impaired Blanchett (not telling, but) listening to the 'Button' story. 'Titanic' got it right by narrowing its ""older-Rose"" scenes to but a few, not every 10 minutes. Now, the good: the special effects, background sets, score and cinematography were excellent, as they were for 'Atonement.' Overall, neither was terrible, but lacked the heart that would make them great movies.",4
The Curious Case of Benjamin Button,"A quirk of film spectatorship is how, ever so often, and despite being several stages removed from the alchemic processes of collaboration that power creativity, you just sense that a film isn't going to work. In the case of Benjamin Button, the news that Eric Roth, who penned the interminably folksy Forrest Gump, had written a screenplay which David Fincher would direct, raised an eyebrow in the Frames household. The portents were as black as Carol Thatcher's nightmares. Like Gump, Button would chart the lifetime of a boorish miscreant, or cipher, whose job it was to guide us through several decades of American History. Robert Zemeckis, a technocentric director whose movies had been enhanced by bravura visual effects, directed Gump and although being his blandest film, attained a clutch of Oscars for his trouble. Oscars that his funnier, edgier and more entertaining pictures had never stood a chance of winning.

David Fincher, like Zemeckis, is a director whose grip on the use of effects as a story enhancing tool rather than a sideshow, is so tight that his direction is almost an effect itself. He gave us Fight Club, one of the most astute and thematic rich satires ever made. Seven was a classic thriller. Zodiac a genre shredding police procedural where the devil really was in the detail. Three superb pictures and no industry recognition whatsoever. What to do? Well perhaps, reasoned Fincher, doing 'a Zemeckis', was the way forward. After all, good as he is, the man's got an ego right? This alone must explain why a filmmaker previously attracted to such engaging, edgy material, was motivated to direct Roth's fatuous slab of homespun whimsy - a light touch jaunt through the 20th century as seen through the eyes of a glaze eyed non-entity.

If Forrest Gump succeeded at all, and the debate goes on, it was as a result of it's canny juxtaposing of the dull everyman with extraordinary moments in US History and the characters that populated it. Look, there's Gump shaking hands with President Kennedy! There he is with John Lennon! But Benjamin Button, bless his one dimensional heart, barely makes a mark on history as he inoffensively passes through it. The fact he's aging backwards making him one of the most extraordinary humans to have ever lived, if anything, goes virtually unnoticed, as if it was no more remarkable than an unusual skin disease. The potential of the premise is therefore offensively wasted, to the point where you're not convinced his aging normally would have made much of an impact on his life. Button's plight (he is born computer generated) might have given him a unique perspective on the human condition and what a different movie it could have been had Pitt played someone with the mind of Oscar Wilde - a cutting intelligence and wit brought to bear on his inverted existence and the lives he touched upon the way. But the Gump model only works it's magic if you find profundity in the banal and the chocolate box truisms that have the least demanding members of the audience nodding their heads and wiping a tear from their sentimentally swollen eyes. Thus it's a superficial, curiously still piece of work that hopes you'll graft your own experiences on to Pitt's blank canvas and in doing so, squeeze out the melancholy as you remember your own lost loves, your own disappointments, your own missed opportunities. That's fine if you're in the mood but otherwise you might think Fincher is wasting your time and unlike Pitt, you're not getting any younger.

The only thing that saves Button from complete irrelevance is the technical showmanship on display. As with Fincher's previous efforts, the meticulousness in the framing of each shot married with the highly inventive use of CGI speaks to the intelligence behind the camera. It's also a handsome film, as they say in New Orleans, impressively mounted and richly photographed. But Fincher, who to his credit pulls back from fully fledged Gump levels of sentiment, can do nothing with Roth's mawkish script and consequently Button is easy on the eye but unforgiving on the mind. Has Fincher sold out with it? Well he may finally get his Oscar but as he stands at the podium, golden statuette in hand and grin fixed for the cameras he'd do well to remember Tyler Durden's warning from the long long ago - ""The things you own end up owning you"".",4
The Curious Case of Benjamin Button,"You can tell it is Oscar season when films like 'The Curious Case of Benjamin Button' are released, a film telling the story of a man born old, who ages backwards in almost a reworking of 'Forrest Gump' (both films sharing the same screen writer). The films premise does not really get any further than that, nor does it present any real insight allowing Benjamin Button or the audience to see things differently, or indeed develop into any sort of character. Instead we see the story of a fairly regular man experiencing a somewhat regular life for the time: growing up, going to war, falling in love and dying, and with very little said about Benjamin's condition.

While there may be people that say the focus of the film is the love story between Brad Pitt and Cate Blanchett that is not the case as they never have any good chemistry on screen. Most of the appeal for Button comes not from the script or even the direction of David Fincher, but mainly the visuals of ageing effects. It is certainly not the performance of Pitt's career. From the director that gave us 'Fight Club', 'Se7en' and 'Zodiac' 'Benjamin Button' will come as a big disappointment.",4
The Curious Case of Benjamin Button,"Thank heavens I watched this on a screener so I could fast forward! Two hours and 46 minutes, I thought this movie would never end. It's no secret, this film is the story of a guy that ages backwards. Told from the perspective of flashbacks from a diary being read to a woman on her deathbed. He's born an ugly old, wrinkled, and arthritic baby in a scene that reminded me of ""It's Alive"" (people look at the baby and gasp from fear). The first part of the movie is like an extended ""Twilight Zone"" episode. And then the film continues on to tell his life story; touching, sensitive, and emotional throughout. He has many life experiences, but always goes back to his childhood sweetheart (his childhood being a 12 year old that looked like Dick Cheney). It is, obviously, a love story. But Benjamin knows he is aging backwards and doesn't want to burden his sweetheart with his old age (which in his case will be {SPOILER ALERT} an infant with dementia) so he splits, only to be found later as a demented boy and cared for by her anyway. I have not read F. Scott Fitzgerald's book so I don't know how true the movie is to the story. But I do know that this movie could have told the story in much less than 166 minutes. It's just too darn long, and the length (in my opinion) undermines the enjoyability if the film because some scenes just drag on. Fincher has done some excellent work in the past and it seems his goal was to outdo himself on this film. Sometimes less is better. The makeup, score, and cinematography are great. But if I was a member of AMPAS this would not be my choice for the Best Picture Oscar. Slumdog Millionaire tells a love story and story of growing up in less time, and with exceptional cinematography, a better screenplay, and fantastic performances by actors I have never heard of. It gets my vote (if I had one).",4
The Curious Case of Benjamin Button,"I avoided reading through the posts here in the forum, as well as reviews about this film, because I wanted to let this film affect me ""freely"".

I therefore recommend reading this post or that of the other users only after the film.

Right at the start, it dawned on me that the director was wrongly hired. This visual language does not come from David Fincher, certainly the lighting and the color dramaturgy, but never this rhythm, the screens and the ""image carried off"" ... but since it represents the special characteristics of this work, the influence of Jean Pierre is revealed Jeunet, you recognize a ""copy"" ... an ""idea"" ... a series of story boards

Jean Pierre Jeunet would have confidently integrated the very striking (and certainly necessary) processing of digital technology into a swinging narrative structure, which would have conveyed the inevitable lack of ""provocation"" of emotions.

So the film seems pitiful from the start.

It was only with the arrival of Tilda Swinton that the film was able to exude magic and poetry, and that without or because without visual effects and retouching, and because ... Tilda Swinton.

For the last 6th part of the film, he still tore me into sentimentality, so that I sat with puffy eyes, howled snot and water. It was like a short firm touch that suddenly became intense, and therefore inevitable.

As a result, I unfortunately did not feel enriched after the film, as I usually do in sentimentalities that were skillfully staged (including the color purple, Amelie, beyond Africa, bridges on the river ...), but felt an oppressive emptiness.

It is not the big hit that a Jean Pierre Jeunet would be able to produce, because the ingredients were made for a Jeunet, unfortunately given away to David Fincher and thus provided well below their value.

I can therefore neither recommend the film nor advise against a visit ... this ""multiple"" voidness is simply too strong.",4
The Curious Case of Benjamin Button,"I went to this moving expecting to go on a journey, to learn a few lessons... perhaps to see things in a different way? Im still waiting....

The film gets lost half way through and stays that way to the end when magically, a man shrinks into the size of a newborn and then dies. I appreciate the fantasy aspect of the story but this is just ridiculous. And it hits none of its hinted at high points, there is no meaning, no outcome, nothing really. Its beautifully shot and well acted (Cate's crackling/dying/southern voice is completely over the top though)but the storyline is rubbish. Its like the exam paper you started and then went to a party instead so just winged it in the morning when you woke up with a hangover to hand in at 10am.

There is also absolutely no chemistry between Brad and Cate which makes the love story mildly unbelievable BUT this really doesn't matter when the storyline is so rubbish. I really wonder about the people who think its amazing - swept up in the hype/marketing millions perhaps?",4
The Curious Case of Benjamin Button,"I had mixed feelings going into watching this film. I had read bad reviews by critics, both ""professional"" and IMDb peoples. I had also read some good reviews and seen the '8.7' overall vote on IMDb.

The previews alone shown a wonderfully filmed movie. But beyond that, I wondered what a story of a man growing young could really be about? What substance was this film made of? The answer made me cry...and not in a good way.

I'm going to make this quick: the first 1/3 of the film is wonderful in its honest, somewhat magical tale of a baby born old, raided by a couple who watch over old people in their dying years, Benjamin relating to their deaths, growing fond of a young girl his age. Here the artistry and visual style are magnificent with just the right touch to give the tale a magical ""fable"" like quality.

And then Benjamin, at 17 in real years, looking and feeling as a 60 year old, sets off into the world, to experience life. But we ask, why? There's no real motive, no overall ""pull"" to his journey, somewhat pointless, yet entertaining...after all, it's his journey. But, from here on out the film starts to slip...it's still entertaining for another 1/3, or middle act, but we the audience have no idea where we're being taken, and by the last 1/3 of the film, it seems that the writers didn't either.

The last 1/3 is sheer awful drek. It really is like watching a train fly off a cliff. This film didn't know where it was going and it was very plain. Thematic dialogue happens far too late in the film, our protagonist, Button, makes decisions that have no precident, we the audience don't really know why. The magic of the beginning is completely gone...completely abandoned. Lost.

I will say this. The cinematography reminded me of Raging Bull in that many different styles and shots were used, different visual techniques that are just a wonder to watch. But in the end, the camera-work is not enough to save this film.

It's a shame, because I thoroughly enjoyed the first half of this film. By the end I was literally, laughing/crying at every expositive and pointless word coming out of Pitt and Blanchett's mouths.

Kudos to Pitt and Blanchett for giving solid performances, but alas, all for naught.

The only reason this film is up for best picture in the Acadamy Awards is because this is the only ""popular"" movie that was half decent, whereas the rest of the nominees, all excellent in their own right, were not nearly as popular, and more 'cinema' than just 'entertianment'.

I would normally give this film a 6 out of 10, but the sites 8.7 has led me to take the stance of a 'hater' and drop a phat uno on this one to try to average it out. I don't like doing this, but the writers of this script have forced my mouse-click.

Please, watch the first half, then save yourself from the torment of the second.",4
The Curious Case of Benjamin Button,"Good lord, this was so pretentious, it hurt. TCCOBB is the absolute dictionary definition of ""self-important. Confusing length with quality seems to be an increasingly common problem (see also Dark Knight, No Country for Old Men, There Will Be Blood), and when it's 2 and a half hours of sixth-form debating society-quality cod-philosophising, it simply won't do. Of course it looks amazing at times, and the set design/attention to detail is pretty impressive, but the same could be said of any number of recent films at which a large CGI/SFX budget is thrown (parts of ""Hotel for Dogs"", for example...). Other reviewers seem to have seen this as some sort of perfectly encapsulated and realised life-lesson/fable; if so, you must have led very insular lives so far.",4
The Curious Case of Benjamin Button,"Let's get one thing clear straight of the bat - I love David Fincher as a director. ""Fight Club"", one of my favourite ever films about male-empowerment, is a post-modern masterpiece. ""Seven"" - the most effective Serial Killer movie of its generation featured an unhappy ending totally at odds with the typical conventions of narrative cinema, while (more importantly) being a terrifyingly dark and effective thriller. ""Zodiac"" on the other hand, was a fascinating period-piece study on obsession that subverted the genre to make the investigators as flawed by obsession as the criminal they were hunting. All fascinating films, all compellingly brilliant.

So I was really looking forward to ""The Curious Case of Benjamin Button"", the adaptation of F Scott Fitzgerald's Short Story, starring Ladies favourite Brad Pitt (who had, of course, worked so effectively with Fincher in Fight Club).

Instead, after nearly 3 longish hours of admittedly beautiful cinematography I was curiously... underwhelmed. And the main problem is that Benjamin's life, though going backwards, is not really an interesting enough existence to warrant this amount of screen time. Pitt plays Ben as an observer rather than a protagonist, a watcher rather than a doer, and as a result he never seems to get particularly angry, elated, emotional or upset, even whilst being dumped, finding out his father abandoned him as a child, dodging bullets or watching his friends die (often right in front of him). This makes it hard for the audience to engage with him emotionally, and so the romance between him and his dancer love ""Daisy"" (Cate Blanchett), which is supposed to be the simmering hot focus of the story, barely reaches a Luke-warm temperature.

It doesn't help that the writer (Eric Roth) has clearly borrowed a large chuck of his ""Forrest Gump"" screenplay to pen the script. The whole thing is narrated in the Deep South accent which is an unwanted and uncomfortable reminder, while heavy-handed symbolism (like the humming bird) reeks of that annoying dancing leaf. Still at least Forrest had gumption (so to speak) and was involved - sometimes ridiculously so, in the events of his own life, and that of history. Ben just sits on the sidelines, his face a perpetual blank, and whether it's caked in CGI animatronics as a wrinkled old man (pensioner) or sporting a silly grey wig with glasses (middle-aged), or even decked out in quiff and Leather jacket (early 20s) he's just not an interesting enough character to make this film a worthwhile effort. A disappointing shame.",4
The Curious Case of Benjamin Button,"Overall, this movie bored me. Surely it was pretty to watch; but for nearly three hours of my time, I wanted a little more.

My biggest gripe is that the screenwriter wasted the most interesting aspect of this movie: a man is born elderly and grows into a child. A life lived in reverse seems the ultimate fantasy, a true curiosity, a source of constant inner conflict. Yet we never see Benjamin grapple with his existence. Instead, as Benjamin's growing younger by the day takes a back seat to the romance between him and Daisy and -- even more unfortunately -- the production value of the film. To take such a brilliant plot concept and perpetually discard it over the course of three hours is simply irritating.

In addition, the use of Hurricane Katrina as a backdrop struck me as gratuitous and unnecessary. I have yet to reconcile the Katrina storyline with the story of Benjamin Button. In fact, the melodrama of Daisy and her daughter in a hospital room strikes me as something you'd fine on ""The Bold and the Beautiful.""

Overall, this film is pretty disappointing.

THE HIGHLIGHTS OF THIS FILM: -The cinematography -An outstanding musical score -Make-up, costumes, and set design -Clever flashback scenes

THE DEFICIENCIES: -Character development -A viable plot -Emotion",4
The Curious Case of Benjamin Button,"This movie was super inflated by advertising, created a huge expectation, and was partly a victim of it. They spoke of David Fincher like a first-class director, which I think he will never be. They spoke of the excellence of the cast, and in fact only two actors (Brad Pitt, the protagonist, and Cate Blanchett, with whom he makes an unlikely romantic couple) is that really deserve this adjective. Here in Portugal, people have a saying, which states that ""presumption and holy water, each takes how much wants"". I think it perfectly applies to this film or, at least, to the enormous publicity that was done to it.

The film adapts a story by F. Scott Fitzgerald, which I never read to judge. The script, by Eric Roth (writer of ""Forrest Gump"", a film that - surprise, surprise - has some similarities with this one) is far from being extraordinary. The problem with this story is the character development, particularly the main character, with which I personally never felt any empathy. Despite being a totally different person from all others, Benjamin Button is a man who does not show who he is. He just shows what he does, where he goes, etc. We never realize why he was born old and rejuvenate, or what the relationship of this with an old clock that gives the time backwards (we do not know if such a link exists). We never know his thoughts and all the psychology, potentially rich, of a person so different from the all the rest, its never revealed. And the same with all characters. This makes this film a superficial, impersonal story, that never touches us, excites us in a more close and personal way.

Technically, its a regular film, within what Hollywood has accustomed us. The make-up effects (in particular those that aged the young Button) pleased me, as the scenarios, and how they were able to actually fit in their times, and show the passage of decades. As for the work of the actors, it's good but not excellent. I think its difficult, with so poor characters, have an inspired performance. The effort of Pitt and Blanchett, however, deserves some merit.",4
The Curious Case of Benjamin Button,"The term one-dimensional character is a character who lacks depth and who never seems to learn or grow. When a character is one-dimensional, he or she does not demonstrate a sense of learning in the course of a story. Curious Case Of Benjamin Button is a perfect example of a one-dimensional premise. It's a tedious, pretentious story without any solid context or substance to it. Where was the catharsis? Where was the hero's journey? If the film is about mindfulness, life, nihilism or other philosophical topics, please, explain that to the audience. A good movie is a movie that forces one to think beyond just being entertained. A good film has a compelling plot, relatable, and round characters that make you rethink about your behaviour in life.",4
The Curious Case of Benjamin Button,"I was very eager to see this film - based on a story by a great pillar of American literature, directed by the ingenious director of 'Fight Club' and 'Se7en', multi-million dollar state-of- the-art special effects, Brad Pitt as a teenager... To say I was disappointed would be an understatement. The film lacked any originality and screenwriter Eric Roth clearly couldn't be bothered to think of any new ideas, so just copied and pasted the screenplay for his previous Oscar-winner (Forrest Gump), changed some names, used a thesaurus, and 'hey presto, nobody's going to notice I've just written the same film I wrote fifteen years ago!'. But indeed, we have noticed. Just check the FAQ to see the innumerable similarities. The times I heard lines to the effect of 'Life is like a box of chocolates' left me fighting the urge to shout 'Run, Forrest, Run... away from this remarkably crap film!' But to be fair, 'Forrest Gump' is a lovely film with (surprisingly) a lot to say for it, so seeing a re-hashed version of it wouldn't be so bad? Well, not when the new version is a whole lot worse. The dialogue is boring, dreary and pointless throughout the whole film, with one in three lines being an aphorism regarding human lives such as 'With life, you've just got to take things as they come' or 'People die and people are born and that's just the way things are.' Yes, Benjamin, we all know this and just because you say it in a deep, rasping Southern accent doesn't make it philosophically insightful. Of course another massive flaw in the screenplay is that it completely ignores the potential of the premise of the film - a man who ages backwards. There is some ACTUAL thought one could put in about that idea, perhaps regarding the temporal nature of life?, the waste of youth on the young? No, no, no... Forrest Gump doesn't need to think of things like that. Ignoring the silliness of the premise, for which there is no attempt to reduce such ridiculousness by making the whole world more fantastical and magical, or finding some kind of scientific explanation for it, he lives his life as any other man, so we must ask, 'What's the point of this movie?' I think I may have realised. There is one way this film can be considered a masterpiece... as a satire. This film is full of every possible Hollywood stereotype of sentimentalism and cheese and the characters have as much depth and emotional intrigue as a penny, yet from a director of a film that said 'They make you believe through the movies that you're gonna be millionaires or rock stars but you're slowly realising that you're not. And you're very angry about that' (or something to that effect), that I think 'either Fincher has had an aneurysm and ingested vast quantities of sugar or this must be intentional'. I've realised that every individual section was in fact a parody of one of the generic Hollywood movies (most of them ending in either a sunset or a sunrise). There were so many moments in film I felt a sense of deja-v, thinking 'I know I've seen this image somewhere before in another movie... or maybe a postcard'. I shan't spoil it, but towards the end there is unnecessary 'pain and heartache' (and I mean really unnecessary - ' He didn't have to leave! He would have had twenty years!'- I nearly shouted) to make sure the audience got in enough of a cry. I have a theory that what Fincher was doing with all of this is making a subtle comment on the emptiness of the Hollywood cliché and how we should look beyond this to find the true soul of our characters beneath the cardboard. But of course, nobody has noticed this so it is really nothing more than pointless clichéd schmaltz. There is real credit to the film in its technical wizardry. The ageing (and rejuvenating) of characters is done with admirable precision and finesse. Physically, the film is quite an achievement. So it is probably there that it earns the majority of its four out of ten stars. A quick note on the acting - perfectly capable given what was provided. Nothing more or less. Overall, I'm very disappointed as this film really could have been something so much more than what it was.",4
