title,comment,rating
The Lord of the Rings: The Return of the King,"I know all the fans of the books loved the LOTR movies, but I never could stomach the books, never got more than 125 pages into the first one, even though I tired a dozen times. The books were tremendously dull, and uninspired. the movies were very true to this vision. Think about it for a few minutes, what exactly happened over the course of about 10 hours of film ? A few creatures went for a walk with some computer animated ""battles"" along the way. Big whoop. Dull, bored me to sleep. If I could write ten lines about how dull this movie series was, I might inspire you readers to the same amount of dis-interest that these movies make arise in me. I was enthralled by a lot of the scenery shots, but the dull color palette used in most of the scenes was just as unappealing as the dull plot. I'm not going to bother comparing this to another series of movies, because I can't think of another instance of such patently dull movies being so universally heralded. I wish some really good books would be afforded the lavish treatment these dry tomes got.",1
The Lord of the Rings: The Return of the King,"Not since the godfather has there been such a long boring and overrated trilogy! The characters are wooden and uninteresting, the story is simple and executed like it's suppose to be a masterpiece but instead it's just a boring CGI long walk to the top of a mountain. Which let's be honest could have been fine in a two hour movie not a 13 hour trilogy. Spoiler! They take a long long long oh god long walk to the top of a volcano and drop a ring into it compelling story telling at its best (not)! The scary movie franchise is more compelling and I can't stand them either so that says it all.",1
The Lord of the Rings: The Return of the King,"I was not a huge fan of Fellowship of the Ring when I first saw it. The Two Towers was an improvement, though I still could not figure out why so many people were putting these films on such a pedestal. Since then, the two films have grown on me and I was actually psyched to see Return of the King.

It proved to be the best of the lot. The movie was long, but it didn't feel long. The action, characters and storylines are now more familiar to me than when I first saw Fellowship and Return of the King proved to be an entertaining and rewarding experience.

The acting, as with the previous entries, is excellent. The dialogue is crisp. The special effects, mindblowing. And the storytelling, though sometimes confusing, is for the most part captivating.

Frodo's approach to the fiery pit of Mount Doom probably ranks as the trilogy's single best sequence.

Much has been said about the movie's number of endings. I think they were appropriate and welcome groups of epilogues.

Because a lot of the moviegoing public is on a Lord of the Rings high, not a whole lot is said about the trilogy's flaws. And just like in the previous entries, this film has its share.

For one, there has been some talk about a homoerotic chemistry between Frodo and Sam in the previous films. Well, you ain't seen nothing yet. There were times where I thought Frodo and Sam were perfectly capable of planting a big wet one on each other's lips and declaring their love for one another. Imagine Han Solo stopping in the middle of the Death Star to proclaim his feelings for Luke Skywalker and you get the idea. Merry and Pippin have similar scenes. It was just too distracting. There's also a lot of crying in this film. But to the film's credit, Peter Jackson somehow makes it work.

I was also disappointed there were not more scenes of wizardry and magic. A lot is said about how the Lord of the Rings trilogy blows away the Star Wars prequels with its use of special effects. I have to say that while that is true to a degree, some of what is up in Return of the King looks like CGI. Sometimes, though rarely, horribly so.

Viggo Mortensen, for me, steals the show as Aragorn. He's kinda like the Lord of the Rings version of Han Solo, but more fleshed out. He's tough, cool and a lady's man, but there's room here for more human characteristics.

Ian McKellan's performance as Gandalf ranks right up there as well. The other characters, like Gimli and Leogalas, have become loveable and kind of like old friends. We're glad to see them and glad to see their competitive friendship in the heat of battle.

Finally, I was really concerned when I heard that Christopher Lee's scenes were deleted. I still say that was a mistake, but it was not nearly as distracting as I thought it would be.

This was a great, satisfying way to end the trilogy and, for once, the third film is the best film.",1
The Lord of the Rings: The Return of the King,"I could not watch this properly, far too much shakycam jerking the camera around all over the place, could not see what was going on without feeling dizzy... I recommend you give it a miss unless you want a headache.",1
The Lord of the Rings: The Return of the King,"Well, as all of the Tolkien's books are nothing more than some dumb fairy-tales , any movie based on Tolkien's book is gonna...(well Jay and Silent Bob fans, you know the quote).I don't like, but I tolerate fanatsy in gerenal, but this is by far! Anyone who likes sitting and watching orcs and goblins speaking single-minded lines about some trashcan-worth ring for 2 hours are welcome. Any sane person KEEP OUT! 0/10",1
The Lord of the Rings: The Return of the King,Obviously i am aware of the fact that the lord of the rings trilogy is a movie but since it was released in parts that's how i am judging the way of king is the final chapter and since it is not but it is in some ways so i am just saying that its about time to be aware of the movie or not but since it was the last chapter and since it is the climax and resolution of the movie which has a little more intensity and urgency than the previous installment thankyou,1
The Lord of the Rings: The Return of the King,"""I KNOW this movie is garbage"" -Casey Glendening and its an insult to humanity that it be ranked so high on the best films of all time. It is a boring cash cow for Hollywood only strangling real films from ever getting off paper and into the aperture. I would like to thank the academy for my opinion because they decide what is righteous and unmarred. I would like to thank the millions of non-thinkers who voted this so high and voted for President Bush. I know you must be all one in the same and statistics show you thirst for mindless violence more so than anyone else, so why not make a pointless three and half hour yawn fest your favorite film when the production studios final destination for bunkum such as this is a video game. Feel free not to have an opinion, just do what others tell you.",1
The Lord of the Rings: The Return of the King,"This movie was terrible, long and boring. Both my wife and I hated it. I love Star Wars (the old ones). I am told I am just not a fantasy fan, but I think I am just not a fan of badly done commercialized fantasy. If I want to see a documentary on New Zeland landscape, I will rent it. The movie should tell a compelling story. With 20 characters, and none of them even close to well developed, I had no attachment to any of them. Yes, I did not read the books. I actually read ""The Hobbit"" as a kid and loved it, and remember it well. I think they were just too true to the books, and didn't realize that the books don't make a good movie unless you have read and loved the books. Call me the Grinch, I am not harsh on most movies. All my friends love this movie and are avid fans. I have no idea how it is anywhere in the top 250. Maybe I could say this is a decent flick if you have nothing mildly stimulating to watch some weekend, or need a decent rental. My wife walked out of this movie, I bared through it in the theaters just to give it a chance. I would never rent it, don't bother. Dragonslayer from back in the day does it much better, and with triple the drama and action.",1
The Lord of the Rings: The Return of the King,"This movie was awful for me first and foremost because it did not draw me in to the story, for only seconds at a time did I care for or could I make sense of the story and the acting, I was simply bored and restless. And the directing was awful. The cinematography boring and predictable. The editing confusing. The score predictable. The storyline infantile. The acting, without any exception TERRIBLE. The lenght insane. The events too much for fantasy. The CGI effects hokey. It is a childs movie a la Jungle book. It belongs on Nickelodeon between Spongebob and Johnny Bravo. In fact, there oughta be a law against Peter Jackson movies.",1
The Lord of the Rings: The Return of the King,"I think it is the worst film I've seen in a long time and I've seen the original Star Wars.The characters are so annoying and I wished they all died at the end of the film. I wised Orlando Blooms character Legalos would be shot in the face with an arrow by Lurtz. Also I think Aragon should get a hair cut and have a shave because ll you see is hair! Also what is up with that little guy Gimli he is so annoying he makes little jokes (which are not even funny) during a supposedly serious film. The group always overact about everything what is the point of Leglos saying ""Blood has been spilt this night"" and walking right up to the camera this look very mincy. How did it win Best Film Award! How did it win any award!Also the other two films were just as bad They could have cut the films lengths by half if they did not put in so much pointless chatter. It would also help if they had real actors and did not rely on CGI so much",1
The Lord of the Rings: The Return of the King,"The Lord of the Rings: Return of the King is certainly this century's masterpiece. It has everything that a person could want in a film. It has an amazing story, impressive special effects, top quality acting, and some of the best cinematography of the past years. It will scare you, it will make you cry, it will make you laugh and jump with joy and gasp at the immense scale of the epic tale. This is the film that over ran films such as Star wars and Citizen Kane as. Everyone in the world should be made to watch it. It is a film that will be around for hundreds of years and will continue to amaze people even then. A truly amazing film.",1
The Lord of the Rings: The Return of the King,"Without the use of computer graphics, this film would not be worth the price of a cheap bargain day 3 for 1 special rental at the local video store. True the locations and cinematography add to the film, however, heaven forbid that the cast should either have to act, or in the case of the veteran actors, overact! CG removed, and this thespian (in name only) grouping are woefully short of the depth and quality characterization brought forth in the classic book. The direction is sporadic, and the pace is inconsistent, leaving little to the imagination why so much of the budget was spent on computer technicians instead of acting lessons. Sorry for all those who jumped on the lemming band wagon for this one, but, lift your heads above middle earth and return to the land of the living.",1
The Lord of the Rings: The Return of the King,"However, the real acting triumph of the film is Elijah Wood as Frodo Baggins. He continues his descent into corruption with an incredible talent that many could not pull off. Wood's performance is so critical to the film because it determines the ring's power to corrupt, which, needless to say, is absolute.

The first two films established Jackson as an incredible visionary, shooting vast landscapes from his native New Zealand. With 'Return of the King,' Jackson really gets a chance to show off. With, hands down, the most beautiful visuals of the trilogy, Jackson makes 'Return of the King' a gorgeous feast for the eyes, while never resorting to McG level over-the-topless. Jackson stays very grounded in his characters, not letting the effects tell the story, but only assist the wonderful dialog and characters. Think of 'Return' as a mix of 'Fellowship' and 'Two Towers,' with enough action and character development worthy of ending a film event of this magnitude.

The bottom line, fans of the films will not be disappointed. Hardcore Tolkien lovers might be upset by plot changes and interpretations made by Jackson and the other writers, however, it is unrealistic to expect a completely true adaptation of the novels, being that film is an entirely different medium. Despite the alterations, Jackson consistently stays true to the major themes and ideas from the original text, while adding some of the finest film-making ever put to screen. 'The Lord of the Rings: The Return of the King' is one of the most finely tuned and cinematically perfect films ever made. Not only the best of the trilogy, but a crowning achievement in epic film-making.",1
The Lord of the Rings: The Return of the King,"how can people vote for this one I dont understand, it has no political, sociological or human qualities whatsoever, it may be entertaining but its scope is more like a football game or time spent playing a video game, entertainment pure and simple.If this ever wins an Oscar it will only serve to cheapen the value of those awards, how can people pick this over Schindlers list or Sunset Blvd is beyond me.It may be good entertainment value but it will never be a classic in the classic sense.",1
The Lord of the Rings: The Return of the King,"Actually I was hoping for a grand finale! Since the first installment was a glorious epic tale, and the second was a piece of rubbish, I was thinking that this moive would at least save the triology's face. All starts good, with a nice version of ""the becoming of Gollum"". But to my dissapointment, once again, the story is told with the use of too much action scenes and some bland conversations. And a gruesome amount of corny one-liners! The feel of an epic dissappears the moment the first flashback comes and the undeniably bad actress Liv Taylor makes an appearance. Yuck! Adn what's the deal with Eowen? She was alright in ""The Two Towers"" but now she suddenly becomes this ""girl power"" icon. ""I'm not a man!"", she says and slays a Nazgul... So what you say? Well, it's not the fact that she isn't a man that kills the Witchmaster, but the fact that it's a Elven blade that strikes him. And if I recall it correctly it's Merry who deals that strike. If the movie only would of stayed true to the book! WHY DOESN'T IT? This was a once in an eternity opportunity... and that dork Peter Jackson blew it! As a movie-fan I'm appaled and as a Tolkien fan I'm angry! RAPE!!!",1
The Lord of the Rings: The Return of the King,"Lord of the rings has been hailed as The literary work for half a decade. There are some of us who are completely baffled by this, this hysteria. My conclusion is that this story is celebrating tyranny, hierarchy, racism and attacking basic feminism. And that's why it is so popular. People like to have a mirror of their own daily life, a life they desperately claim is a good one. It is the defense of a world filled with ignorance, injustice and intolerance.

So, when the source material is this bad, the movie couldn't really be much to speak of. And it isn't. From the first moment we're confronted by the old, trite ideas of good versus evil, foreigner versus patriot, and so on. This story could just as well have been used and written as a propaganda tool for old Britain, and it was, and it is. So old fashioned and so supportive of strong «leadership» that one wants to puke.

Tolkien supports strong leaders, a hierarchical society. Doing the good vs evil illusion. Two countries going to war, generally speaking are basically equally bad.

The village is presented as a kind of ideal life. Yet, they are kind of simpletons, who enjoy village life and don't want to take part in ruling society. They leave that to the kings, the lords and such. Life, society in his stories is basically fair. Sauron (outside influence) and ""traitors"" make it bad. Nothing about society itself being bad.

Agriculture is hailed as a paradise. Nothing about the amount of pollution and poisons being produced by it.

Even the virtual complete lack of blacks in the story is proof in itself that it is racist. The orcs are another telling example.

Women, in the sense they are present at all, are merely ornaments. The worst part is Arwen, who is sacrificing immortality to follow a man and his preferences. And this story is hailed as some of the best of the previous century?

Unbelievable.

Intelligent men and women don't dislike the story because of the action, but because it is an insult to their intelligence.

Let me point out that I have respect for the amount of work Tolkien put into it. Or would have had, if the end result had been better, if he wasn't soiled in conservatism.

As stated the emperor has no clothes.

1 of 10",1
The Lord of the Rings: The Return of the King,"This film won 11 Oscars including best Picture. The Return of The King is an awful film. At well over three hours, it is an exercise in boredom. Orlando Bloom and Viggo Moretensen are completely miscast. The story does not make sense and the characters are contrived. It is like playing a bad video game. So many actors are wasted in this colassal disaster. Peter Jackson, winner of the Best Director Academy Award, seems as though he thought that his film was too precious to edit. The film goes on and on and on. Weak acting all around. The film relies on special effects to cover for a script that is completely pretentious. The musical score is like listening to someone scratching a chalkboard.",1
The Lord of the Rings: The Return of the King,"Lord of the Rings is an overlong piece of crap from one of the biggest hacks in Hollywood. Peter Jackson used to make low-budget horror films that were amazing. Now he makes big Hollywood movies with big Hollywood stars. His aim now isn't to make good movies. His aim is now to make as much money as he can. Why can't Hollywood start making films that are actually good instead of films that they make to reel in cash? Who needs so much money? Why does Peter Jackson need more money??? Seriously, Peter Jackson needs to stop making movies. He ruined King Kong recently, and he made three films that are ENTIRELY TOO LONG based on a crappy OVERLONG series. Get this film off the top 250 of all time. IT SUCKS.",1
The Lord of the Rings: The Return of the King,"This is nothing but green screens and CGI and wafer thin characters in a tedious story that goes nowhere. After three super long films these characters are still so thin and boring. I remember reading these books as a child. I was only eight or nine years old. I loved the first book. The Shire, the start of the adventure, the Black Riders, the Old Man Willow... Then the chase with Aragorn, the elves, the creepy mines of Moria... This was all so exciting. Then came the second book, which was all doom and gloom, and we were treated to the majestic battle in Rohan. I don't remember where the second book actually ended, but I must say I was starting to feel abused. I did not feel the excitement from the first book any more, and it was becoming a depressing and abusive experience. Also, I was getting tired and even bored. I felt like it was time for the adventure to end. And then came the third book, the thickest in the trilogy. I don't know how I made it to the end of that one, but it was truly a tiresome experience.

Tolkien was criticized for not paying any attention to form and I think the criticism stands. He indulged himself and kept writing something that ended up alienating the reader. There came a point where the plot became repetitive, oppressive and boring, and that happened in the third book. The fun in reading this ended long before the end of the book. And that is a real shame.

A similar thing happened with the films, although I hated all three of them equally. The third film is a tedious repetition of things we already saw before. More orcs, another fortress is besieged, again Legolas and Gimli engage in bizarre, out of place comedic exchanges that shatter the serious tone of the film, in scenes that resemble a video game, and Frodo and Sam are still in some swamp, bored to death, staring at each other and boring us as well. And when the battle is over, the film still isn't over, because there is yet another battle. And then it's still not over because there are ten more endings. I was in a coma by the time it was over. We had to watch all these fake, tedious characters complete their dull and meaningless 'arc'... They were as vapid at the end as they were at the start.

I have to add that the entire trilogy was ill conceived from the very start. The director cannot direct drama, action, or suspense. He can only direct B-movie gore movies unironically called 'bad taste' and such. The cinematography is mostly atrocious, with some exceptions. By that I mean inappropriate, not incompetent or cheap. Jut not what the film needed. The costumes are hit and miss, a lot of them look fake or silly. I hated most monster designs in particular. I hated the fact that orcs were photographed in broad daylight 90% of the time, which only accentuated the fact it was guys in suits. I hated the disgustingly clean and neat Shire. It was so sterile. So were the elves and the CGI white city... All so sterile, fake, computer-generated, crisp, soulless... Everything about this movie looks fake, not least due to extensive use of CGI. But the bottom line is that the writers, the director and the cinematographer just didn't know what they were doing.

That much criticized animated film from 1978 understood these books so much better and managed to get the proper mood in almost every scene, not to mention the dread and the suspense. Just take the first encounter with a Black Rider and how it is depicted in the animated film vs. Jackson's movie. It really shows how Peter Jackson understands nothing about mood or suspense. To him big and dark means scary, and that's it. He doesn't understand the film medium. The only reason he got the job, I presume, was that he had a childish mentality and immense energy which was required for a project like that, and someone thought it was a good bet to give him the money. What a mistake. Granted, the films were a box office success, but they were such a failure when one considers what a much more competent director and a better team of writers could have accomplished.

For Jackson, movies consist either of relentless video game style action scenes or cute postcards where emotion is generated through closeups and music, because he can't do it any other way. I really felt like I was watching postcards most of the time, and not scenes where meaningful things that created emotion took place. It was all fake. I didn't care about any of these characters, and I hated at least half of them. I didn't see any genuine art in this film. I saw excellent craft, but no true art.

The Hobbit trilogy that came afterwards was even more soulless, the writing was even more lazy, and it all turned into a tedious computer game posing as a film. They could have made all the protagonists with CGI and you wouldn't have noticed the difference.",1
The Lord of the Rings: The Return of the King,"A great film, sorely let down by the ending. I know Jackson is only trying to stick to Tolkien's version but the ending was unsuited for a film. It just dragged on and on and on. It really soured my experience of what otherwise was a great trilogy. The interminable ending should have been resigned to a Director's Cut DVD version to satisfy Tolkien fans.

The worst ending ever? A.I. of course :)",1
The Lord of the Rings: The Return of the King,"Holy Smokes, this has got to be one of the most pointless trilogies I've ever seen. I do not even know how it scored this high, there was nothing that made it stand out at all. Throughout the 9 excruciating hours of watching Frodo turn into a mentally disoriented fool, I cannot recount a single moment in time where I said, ""Wow, that's interesting."" First off, the plot is simply unenjoyable; it has no twist, no character building and for god's sake, its about a possessive ring. Watching the characters go through pointless trials to burn a single ring is not something i can find appealing. In fact I was ready to watch any of these uptight Hobbits meet their end. That is a huge problem in this series, not one character was tragically killed in the midst of any orc battle. OK, there was that no-name in the Fellowship of the Ring, but the audience didn't give a damn as to what was going on with him. What made me even more angry was that these fools looked almost invincible. When Legolas and Gimli were slaying orcs left and right as easily as brushing snowflakes away I was ready to step out of the theater.

I can see why people liked this movie. The action was indeed thrilling and had great deal of special effects thrown into it. I remember Legolas' first arrow being launched smoothly into an orc, what a marvelous scene. Then I looked and he was launching another arrow in a similar fashion, then another one, and another one! Sure it looked great, but it was so repetitive I got bored. Every battle in this movie is almost exactly the same: swords swinging, arrows launching, and people screaming, I just can't see what was so special about it. I also could not get through my head the final battle scene. Honestly an army of the undead destroying the orc forces, gee that must have been a difficult victory. It was so predictable and unfair I simply hated this movie.

For all of the action attempts and turning a really old trilogy into a movie, I was considering giving this film two stars, but then I remembered the conclusion. Frodo and Sam were being saved by a bunch of hawks or something and everything seemed to be at peace - not a bad ending. Then the story stretches into farewells and goodbyes, good luck and god bless - OK I can tolerate this. Now Bilbo is going into a boat and heading off to god knows where - When is this bloody movie going to end? By the time I got out of the theater it was nearly half an hour after the part where the movie would have made an effective conclusion, my behind sweating like an oxen from boredom. I would definitely not recommend this movie to anyone, unless you are amazed by a couple of special effects. I don't know how this movie did so well, I think one critic said it was a good movie and it spread like wildfire or maybe there was simply nothing else to do but worship elves. Whatever the reason, I do not want to see this ever again!",1
The Lord of the Rings: The Return of the King,"How long was this awful film? Almost 4 hours?

The last 30 minutes were really taking the mickey in no uncertain terms. The ring gets destroyed, that's it, movie over. We really don't need to see sam & frodo get saved by eagles or them return to hobbiton or see bilbo & frodo leave with the elves (does that even happen in the book?).

The end of the film drags on far too long. Also the build-up to the 2 main big battles drags on far too long as well.

If you are going to adapt a very long novel, learn from Frank Herberts Dune which originally was 8 hours long when Dino DeLaurentis shot it.

Don't Bother.",1
The Lord of the Rings: The Return of the King,I feel like I'm on another planet when I hear people talk about this movie. It is probably the worst movie that I have ever seen. Its only rivals are the two previous LOR movies. Was there some weird subliminal suggestion that I'm immune to? Were they serving some drugged cool-aid that I missed?,1
The Lord of the Rings: The Return of the King,"More attention should have been paid to the eyes in the blue screen sequences in the film---it is all too easy to see three distinct light bulbs reflected in the eyes. If we are to believe the actors are on the mountain, then they should not be lit as if they are in a studio.

At times I felt like I was watching a weather broadcast--you know, the ones where it is so blatantly obvious that that what is going on behind them is only a projection.

I'm sad to say that there is still a long way for CGI to go in terms of becoming believable.",1
The Lord of the Rings: The Return of the King,"Man, fellowship was much better than this piece of junk. A lot of the shots were horrible, the cgi except for gollum sucked, the dialogue was beyond cheesy, the battles were anti-climatic, the way the war ended w/ the dead people was dumb, the ending dragged on, and on, and on. I checked my watch at least 15 times during this movie. The battle scenes blah. And if the fate of the world is in your hands and your supposedly out numbered, why freakin' joke while your fighting and putting notches on your belt. That's just so freakin' lame. The attempts at 'comedy' in this movie were laughable.

If you want to watch a movie w/ real battle scenes, do yourself a favor and go see Last Samurai. I've seen that movie 2 times, and I'm going to have to see it again to get the bad taste out of my mouth that is ROTK.",1
The Lord of the Rings: The Return of the King,"This movie is overrated and frankly sucks as a film. It has very few elements of a good film and was toooooo long. Anyone can make a good movie in about four hours. The trick is to stay under three hours and still have a forceful impact. The movie had too many 'fronts'. There were frodo-sam-gollum, aragorn-dead people, mary-rohirran, and gandalf-pippin. The movie is good entertainment-if you're willing to sit long enough. LOTR freaks have kept giving this movie a 10, making a mockery of the voting. No thought is actually being given during voting, and personally I think people should just give it a one just to counteract the false voting.",1
The Lord of the Rings: The Return of the King,"you people are so comic it makes me batty. is it a good movie.....yes. was it a brilliantly imagined and epic series of films.......yes. was it one of the best 50 films of all time.......NOT A CHANCE IN HELL.

i don't care if you 15 year olds want to live in fantasy land the rest of your lives but spare us from this ""LOTR are the best movies ever crap"" we don't need to hear it and it makes us laugh. it was a great series to watch but when you come on here and disrespect the film greats of all time and have any of these LOTR movies in the top 100 it disrespects the entire film industry. if you want to play fantasy time then go on a Disney board and post away. but do us all a favor and leave the IMDb for real movies.",1
The Lord of the Rings: The Return of the King,"Perhaps I can't lay all the blame on Peter Jackson. The story was dumb to begin with. For those that don't know, the idea of the ring originates from Plato's ""The Republic"", The Ring of Gyges. Basically this ring gives Gyges the power of invisibility, which he exploits to take over some kingdom and yada yada. Not a very interesting story on its own, but good within the context of ""The Republic."" Glaucon and Plato were arguing over the tendency of man to do good over evil and vice versa. LOTR does not intertwine philosophical explorations with a clever plot. Instead it merely takes this stupid ring story out of its origin and assumes that is insightful. Blah.

This is why I rarely akin to fantasy. Its authors are prone to employing cheap fiction. Thanks for making America even dumber Peter Jackson. Never make another movie, please.",1
The Lord of the Rings: The Return of the King,"3hours and 15minutes long - ouch

I have never seen an ending that took 45minutes. We were so grateful that it was over.

Plot stretched too thin.

If the movie was 2hours long - it would have been great.",1
The Lord of the Rings: The Return of the King,"The whole trilogy achieves to translate admirably well the deep boringness of the book, replacing infinite descriptions with long, empty, tired, repetitious and over-emotional sequences, totally misplaced considering the Britney spears-like deepness of characters.

Characters are so flat and numerous, that you waste half of the movie trying to remember who is who, but it doesn't really matter anyway.

Actions sometimes come to wake you up, they are mostly entertaining but the most decisive and very awaited one is reduced to a game-like greenish flow that is the only thing that happens to be fast in the whole movie.

Be happy, the end is near.

(Should be rated 5 to 7)",1
The Lord of the Rings: The Return of the King,"This movie is the longest out of all the three movies of the trilogy and it is incredibly boring.

It is not epic at all, although it tries to be, but its just boring. I would rather watch a 90s tv show than this lol.",1
The Lord of the Rings: The Return of the King,"Peter Jackson's reach exceeded his grasp!!! In what can only be described as one of the greatest Gay fests of all time, LOTR 3 delivers more repetition than all of the disco records combined!! If you've seen one battle seen, you've seen them all!! Mindless subplots,where a corrupt ruler usurps a kingdom, and mercifully jumps over a cliff in flames, describes how many viewers felt , after the first hour and a half of this mess!!! The Academy was one film too late !! Where LOTR 2 delivers a film of considerable achievement, LOTR 3 is the complete opposite !!! Not since ""The Greatest Show on Earth"" has a film been this overrated!!! J.R.R. Tolkein must be turning over in his grave, with this double edged sword !!! In what is becoming a trend, the computers are receiving Academy Awards, for carrying movies , that have little merit of their own!!!",1
The Lord of the Rings: The Return of the King,"I must say that after Titanic and Shakespeare in Love won ''Best Picture of the Year'' on their respective years I could not avoid to feel sad for the masterpieces that were competing for the award and that deserved it more than the actual winners. Having said that I must say I felt deeply insulted when The Lord of the Rings: The Return of the King won, over such a delightful film as Mystic River. I honestly think the Academy cheated all the viewers with an actual taste form films.

My reasons for this: First. Even though the production values are amazing, only a few technical aspects are really worthy of recognition, art direction, sound direction and mixing, film edition and make-up, however other technical departments are not so worthy of the recognition they received. This statement is especially true for the visual effects department. It is true that for 2003, the visual effects were honestly good, however unlike many winners in the visual effects category, the visuals of TLOFR: ROTK, have aged in a very unflattering way. The visual effects, especially the Oliphants sequence and the charge of the ghost army look so outdated now, that makes me wonder why did the Academy awarded this department that year, especially when the visuals of the other two nominated films on that category have aged so much better than the visuals of this movie. Both Master and Commander and Pirates of the Caribbean, have more realistic looking visual effects and today still look impressive, compared to the awkward looking Legolas during the Oliphants CGI scene. Academy Award winners on this category have the amazing property of still impress after so many years, the best example of this is Jurassic Park, the visuals of JP have aged wonderfully compared to ROTK's visuals, the visuals still impress and look so much more real than most of the CGI flicks these days.

Second. The adaptation of the book is nothing else but disappointing, many, many, many, missing things from the book, things that actually made the whole trilogy make sense, that gave the whole, the natural, small man versus the industrialization sense to the story were left behind in order to add more sense-less fantasy action that the fans demanded. Also the characters look only like a pale shadow of the characters we fell in love with on the books and the first two films, especially Gandalf, Sir Ian McKellen did such a wonderful job in the first two films, especially in The Fellowship of the Ring, impressive enough to received an Academy Award nomination on a kind of movie that almost never receives that kind of nominations, but on this one is almost painful to watch actors as good as him and Viggo Mortensen. Shame on you mister Jackson.

Third. Even though the sound department deserved the nomination and the Academy Award they received, the music department is far from good, is in fact very deficient. The original Shire themes and the action cues from the first film are reused thru the trilogy, however they fail to get fresh with each film, to be honest after more than 7 hours of the same themes, they get very tiresome and boring. Not counting the horrible themes provided by Enya, boring, un-exiting and devoid of heart and soul, which is the complete opposite of the feeling everyone gets when reading the books.

In short, this movie is not a bad movie, it is average to good, with great values in some departments but for the most disappointing for missing the main themes from the books, turning a very interesting, moving and appealing story into a fantasy action massive blockbuster for the masses.",1
The Lord of the Rings: The Return of the King,Don't get on the band wagon for this one it actually is the worst thing i have ever seen in my whole life. boring hard to follow and just horrible.,1
The Lord of the Rings: The Return of the King,"This movie is awful, the ending was longer than any battle scene. The entire final battle was completely meaningless, the humans might as well have stood there because the only ones that did any fighting were the ghosts, very anti-climatic, and the ending was about 35 minutes too long. Even the most hardcore of fans has to agree on those two points, the only good part about this movie was the final battle, it seemed, and then the ghosts came and completely dominated everything, therefore making the previous half hour meaningless. I want my 3 hours of my life back and also my ten bucks. In all, the action was meaningless, and the movie would have been much better had it been about 2 hours long tops.",1
The Lord of the Rings: The Return of the King,"Indeed, a more appropriate name would have been ""Lord of the Trash"". I have not seen anything sicker, perverse or violent than this one especially considering the Oscars it won. It says a lot about the culture and times we live in.

No doubt, a lot of money has been spent and a lot of effort has gone in. But what is the final result ? Violence, blood and gore..... What is the purpose I wonder ? Has human culture stooped so low that we need such forms of entertainment ?

Its time Lord of the Rings is confined to the dustbins of history! Awful, filthy and violent piece of crap.

Here goes the story. Apparently somebody has forged a bunch of rings and given some to different groups of beings on a fantasy place called Middle Earth. One of these rings is more powerful than the others. So there is this big bad guy who wants it to dominate the others. So the good guys decide that it is better to destroy the ring than let it fall in the hands of the evil guy. The rest of this garbage is full of magic and sorcery. Things do not make sense at all ! Any idiot can write a stupid story like this....",1
The Lord of the Rings: The Return of the King,Waste of my time and money (and the studio's). Multiple endings were irritating. Battle scenes gave me motion sickness. Women's roles were disgraceful. No plot. Overdone computer graphics. Popcorn and coke were good.,1
The Lord of the Rings: The Return of the King,"I don't know if you have seen the same movie I've seen but this movie was awful. I really, really liked the first movie, an obvious 10, the second was a little bit worse, yet still a 7, but this one was really bad. I mean, what is the reason for a happy, happy, happy, happy end which is 30 minutes too long. The characters are flat and no one cares if anyone of the main characters dies or not(like the king) because you can't feel connected to them. Gollum should be dead two times before he is falling into the fire. It is just boring after the second part if hords of orks are fighting against man. And the worst thing was Legolas after sliding down this elephant like animal and posing. So bad animated and so silly. Unfortunately, this movie was so disappointing like Matrix 3.",1
The Lord of the Rings: The Return of the King,"This movie is a pain.Simply horrible, boring, too long, bad acting, bad writing.Pratically i don' t save nothing of this pile of garbage.The fake-looking special effects are some of the worst i have ever seen.The sad thing is that this overrated turkey won so many Oscar:quite a testament of the low level of the academy awards.Terrible.The editing is a complete mess, the only saving grace are the wonderful New Zealnd landscapes.How many ending it had? 10, 20, come on, it's simply laughable.In conclusion, a very bad and overrated movie.Another thing:this movie is number 3 of all the time? IMDb webmaster, it's time to change the IMDb vote modalities.",1
The Lord of the Rings: The Return of the King,"I don't know what the Academy was thinking when it gave The Return of the King those 11 awards. It did not deserve a single one, especially best picture. Lost in Translation, Mystic River, Cold Mountain, and even Seabiscuit were all far better. Those films actually had depth and meaning where as the Lord of the Rings is just like Titanic; a bunch of shotty acting and film making covered up with tons of high budget special effects. Neither film deserved their awards and both in my view, are among the most overrated, and crappiest films in history. I wish the academy would stop choosing the films that are the most popular or will give them the greatest approval rating.",1
The Lord of the Rings: The Return of the King,"Okay, this is a pretty good movie, but I just find it hard to see it in the top five, thus the low score.

Although it certainly has a lot of great things about it, there is a great deal wrong with it as well, which I suppose must be expected from a film that is trying to condense 500 pages of literature into over three hours. It must first be said that this clearly too long, or at least there are points in the film were it does seem to lumber along. It also seems that Jackson's choice in which parts of the film were to remain in the final cut left out a great deal of interesting stories from the books, and the ending is completely different to that of the book and unnecessary.

That said, it is still an incredible achievement overall, with excellent battle scenes and amazing effects surrounding an already lovable story, but I still wish Jackson had made more use of the characters. It's a great film to watch for sure, much better then a lot of the stuff were seeing now, but it still could have been a great deal better.",1
The Lord of the Rings: The Return of the King,"ROTK is one of the most hyped movies of all time. I think that it is also the most personally disappointing movie i have ever watched. I was so excited to see this film. I was left with a bitter taste in my mouth. The first blow came when instead of showing the white wizard Sauroman's demise we open the film with something from the hobbit...Gollum's backstory. This made me mad because i was told that Sauroman was cut because they didn't want to dwell on Two Towers. Apparently they didn't mind dwelling on the Hobbit. So what you have in Return of the King is a villianous army with no general. No main villian save for Sauron who is only in the film as a spirit only. What you have as the main villian is a bunch of stunt guys in very good costumes. The action is fine in the film but Aragorn just doesn't sell his part well IMHO. His leaving to find the ghost army is waaaaaaay understated. Legolas and Gimli are made into nothing more than his stooges who look assuringly at him whenever he has doubt. Frodo/Sam/Gollum on the other hand give great performances and are the only bright spot of the film. Although i think Sheloub was a huge disappointment and did not live up to the hype preceding the film. The ghost army looks like scooby doo animators drew it and the action scenes involving them are all wide sky shots where you can't see what is going on. The multiple endings are also a plod along as the movie stops, starts, stops, starts, and finally comes to a end long after i was ready to leave. The movie just overall disappointed me greatly.",1
The Lord of the Rings: The Return of the King,"If you are a Tolkien fan, I guess this is as good as it gets.

For the rest of us, it's just another movie, and a fairly peculiar one.

Imagine Star Wars ""Return of the Jedi"" without an appearance by Darth Vader or the Evil Emperor. That's what you get here. A struggle between good and evil, with the leaders of the evil hordes conspicuously absent. It's quite strange!

Then there's the consistent theme that the better looking you are, the better your character is. Dr. King convinced me that it was the content of my character that counted, not my appearance. But in all three movies of this trilogy the two go together quite closely. It's an old Hollywood theme, but not particularly to be admired.

As for Aragorn preferring Arwen to Eowen, I suppose there is just no accounting for taste; and I'm sure it is faithful to the author.

And what can one say about the seemingly endless multiple endings? Not very dramatic, but perhaps more interesting than the usual single climactic ending.

So on the whole I find the ""Return of the King"" a watchable film, but hardly one of the greatest of all time. Eleven Oscars? I guess it must have been a bad year for movies. Now that you mention it, there's been a lot of those in recent years.",1
The Lord of the Rings: The Return of the King,I am a huge fantasy fan but these movies were horrendous. The three movies are essentially one long movie. They don't break the story apart. They are all 3 hours but could easily cut the time down. The story is confusing as best. I tried. I watch them all 3 times before I wrote a review. But this is the most overrated movie trilogy EVER. Save yourself the 9 and half Hours.,1
The Lord of the Rings: The Return of the King,"This movie is not great its barley border-line good. The only two reason I cant think this was rated so high was the extremely high budget on 3D-animation and the fact that people are so easily enticed by the name and actors.

Now I am not insulting the books as I have never read them. But other than what I stated what makes this movie so ""great""?

Is it the acting? I don't really think Orlando Bloom can preform any other role (take a look at both The Lord Of the Rings and Pirates of the Caribbean)

Is it Climax? I think even the people who didn't even read the book knew that from the first half of the first movie knew that the ring would be destroyed

Is it the Characters? It had all the basic characters for all movie storyline the only entertaining and not bland character was Golem

What is it that makes you think its in the league with Schindler's List and Casablanca

I don't claim to know what the best movie ever is but i know this movie dose not rank high in greatness it only high in its budget.",1
The Lord of the Rings: The Return of the King,"i saw this this movie and thought it was terrible. this movie is stupid and there is no point to it.

destroy a bloody ring is it that hard.

i don't see why this movie is rated well its stupid boring and pointless

i was waiting for the movie to end the whole time i was in the cinemas and when it did end i asked myself what the hell was the point of that.

i had wasted good money which i could've spent on something half descent but i spent it on this movie what a waste

complete waste of money and time",1
The Lord of the Rings: The Return of the King,"Not the strongest of the trilogy! A lengthy, drawn-out ""conclusion."" It lacks the heart of the previous two, and lapses on awkwardly with trivial and extraneous characters while he focus obviously should have been elsewhere. I especially despised that tacky ""girlpower"" bit.

Just goes to show, directors actually CAN drag out irrelevant tacked-on plot pieces, and the ignorant hordes call it EPIC because, hey, it's really long!You can pee 3 times , get popcorn and soda refills,answer your pager,and not miss anything. Most of the dialog is redundant expectancies of ...the end! It's got to end, right? However tediously! And it is tedious! With proper editing, this movie could have been condensed into an hour. But...Guess WHAT? The whole trilogy's been padded so extensively for length so you can pay to see 3, not just 2 films...it's most obvious in this one. Wow. This passes for classic?",1
The Lord of the Rings: The Return of the King,"What an over-rated pile of toss! OOoooooooooh look at the effects! Oooooooh Gollum is so real! Ooooooooooh I'd love to have long blond hair and pointy ears! SHUT UP YOU FOOLS!!!!!! Why can't people just watch excellent films and appreciate them instead of being tossed around by the wild current of sensationalism and hype. All three of the films were, at best, average adaptations of the book but just because this is the last one, it gets the highest rating. It's a travesty that rubbish like this overtakes actual classic films on an otherwise excellent database. And don't get me started on Star Wars. This is fantastic nonsense. Over produced and under thought. Bad Taste is a far superior film. Stick with Schlock horror Jackson...and learn how to tie a tie!",1
The Lord of the Rings: The Return of the King,"It's an okay film, epic and all, of course, the fact that it's an epic like Gladiator or Troy doesn't mean it's good, Troy proved that fact, and Alexander continued to prove it with one star antics.

To be quite frank, Peter Jackson is an overrated director, much like the Lord of the Rings movies are overrated movies. If you notice, all three are located in the top fifteen films, this one happens to be ranked higher than greatly superiour films such as Seven Samurai; Schindler's List; and even Casablanca! This is not the case...

With camera angles that make you sick, utilising the, admittedly beautiful landscape of New Zealand, to help push across into our heads the true epic feeling of Middle Earth. But wait! Where are the interesting characters? Every one of them you feel so bored with by the time the first film is up, you seem to hope that they'd be dead by the second one, but no, they come along to the third one to kick some Sauron ass.

Here's my view of Lord of the Rings: A whole load of walking.

Lord of the Rings- Fellowship of the Ring: *points* There! *walks* Lord of the Rings- The Two Towers: *points* There! *walks, trips up, walks on* Lord of the Rings- Return of the King: *points* There! *walks, throws ring into mountain, walks away*

Take those completely identical scenarios and pile them up with useless plot for three to four hours per movie (depending on which one you watch, and I myself wouldn't touch the Extended versions...), you really get the idea that the Academy Awards truly are flawed. Why look! Forrest Gump won best film of 1994 instead of The Shawshank Redemption or Pulp Fiction! Titanic won best film of 1997 instead of L.A. Confidential! And, why, lookey here! LOTR- ROTK won best ****ing film of 2003 instead of Mystic River...

Perhaps next year we'll have The Constant Gardener as the best film of 2005, that may actually redeem the Oscars' failing reputation, a reputation that had truly fallen when they took this half-arsed effort of a movie and worshipped it as ""Best Film"".",1
The Lord of the Rings: The Return of the King,"OK so I saw this movie on DVD last weekend and after those long 200 minutes I still can't understand all the hype and hoopla associated with it and being called the greatest trilogy of films of all time(??). I'll be the first guy to agree that the visual effects are amazing and they blew me away and directing a fantasy tale like this is a colossal task. But I can't comprehend this movie getting 11 Oscars - probably because there weren't too many strong candidates this year. It deserved every award in the visual effects category but Best Editing???? , c'mon now I'm sure they could have done a lot better than 200 minutes!!!

After watching it for awhile, the plots (if i may call them) seem to repeat themselves - its just another new breed of evil guys/creatures with new out-of-this-world names and our heroes get past them. IMHO Mystic River was a better movie and deserved the Best Motion Picture for the Year. I don't think the academy should give best picture award to a movie just for its visual effects.

Don't get me wrong... I'm really not trying to bash this movie but I really cant see why this is rated the #3 movie of all time on IMDb with the other two parts in the top 10. The only reason I can think why this movie is rated so high and other exceptional movies are falling in the ""ratings"" is due to more people voting (especially for the latest movies) nowadays. Besides every other person has a computer these days and I wouldn't be too surprised if the younger audience preferred this visual grandeur to an intellectual movie which may be harder to grasp. I personally like movies which make me use my brain for thinking and not just for watching - like Matrix, Mulholland Drive, Sixth Sense, Memento etc. At the end of the day this is nothing but a huge fantasy tale movie which has a few human characters in the midst of grand visual effects. I haven't read the book but I'm sure the whole trilogy could have been concised to 4-5 hours instead of 9-10 hours.

I kinda feel that the film trilogy is over-rated, but that's just me. I've noticed some people can't seem to accept that others don't like a particular film. But after all likes and dislikes are just a matter of opinion. Watch the movie if you have a lot of time in hand and don't want to think too hard.",1
The Lord of the Rings: The Return of the King,This movie has lost all the magic of the two parts before. Why not show the battle of the cavalry of Basamir against the thorgs and their archers? Why not show the battle against the human pirates? Why the travel for the Ring and Frodo is so long? Why are the battles so short? Why is there no confrontation between Nahzul and the white wizard? Why do all the Nahzuls (the flying monsters) suddenly disappear? Why is there no real battle between the army of the dead and the enemy? This movie concentrates too much on the bringing of the Ring to its destiny and not enough on the battles. And what happens to Sauron or Sauriman?,2
The Lord of the Rings: The Return of the King,"This had to have been the most anticipated films of the year, Lord of the rings return of the king had everything going for it except a storyline or purpose. What was the point of this film. For starters it would have been more than easy to finish the film within the first ten minutes of it starting. If they had spent more time actually doing something instead of crying then Perhaps i would be writing a totally different review here. It has to be said that the Special effects with the fight scenes are the best i have ever seen, not to mention the amazing Scenery, but in all honesty there really was nothing else to this film.

The film was always going to be hard to make as people are never going to be happy that it isn't exactly happens in the book, but really did they even read it. On an overall rating i shouldn't even score it, but with the best Special effects and amazing Scenery i would give it 3/10 grudgingly",2
The Lord of the Rings: The Return of the King,"If I had never watched a movie in my lifetime, this might be so.. however it is not so. I haven't read its book and my words are not for its source, but this is a boring film with lots of conflicts.. the only thing looked nice was the city design and some war scenes.. but these does not make something a movie.. People who read the book around me forced me to see the imagination of the writer? Sorry but is this an imagination? :) The good who is weak but handsome always beats the BAD who looks very strong and having all the advantages.. it was also interesting to watch the adventures of the cut on Frodo's face :)) I m very surprised to see this movie almost at the top of list..",2
The Lord of the Rings: The Return of the King,"I think that ""Lord of the rings"" series mislead the viewers especially the Christian viewers in indirect way, because these series promote magic (""good magic"") as a solution for the world & hints strongly that it's good to benefit from dealing with the souls of the dead people, & because these series consider that ""good magic"" not ""God's care & his miracles"" or any ""high good power"" is the only way to deliver mankind from evil. That ""good magic"" is done by ""Gondolf"" who is a wizard, a magician & a sorcerer! Who follow an unknown & invisible & enigmatic power; and also by fictional entities called ""elves"". I believe that there is no good magic, because every real magic is from the devil, the old serpent, the great dragon (Satan). So how evil can fight evil & win on it?",2
The Lord of the Rings: The Return of the King,"Characters make little sense, logical flaws every 5 minutes. It's a real pain to watch. Drama is also very cheap, at moment it makes me more laughing then supposedly crying. Battles are spectacular but constant breaking of logic turns all battles into jiggles.

Some scenes are way to dragged out while others are two fast.

There are no turn around that surprise you, everything is very easily foreseen, and when not, the turn doesn't make any sense, like with invincible ghosts, why did they fight using men at all when ghost are invincible?

All in all, i wonder why Hobbits don't control this middle earth, looking at the movies they seem to be the greatest warriors.",2
The Lord of the Rings: The Return of the King,"I cannot believe this film was liked by everyone. The annoying presence of Elijah Woods and Orlando Bloom made it unwatchable. I was surprised that a good actor like Hugo Weaving could be in this after being brilliant on the three Matrix films. The sillies t thing about this film is that the good guys use ghosts to win the war. I am not surprised that they won. I mean the Orcs had no chance against ghosts! i cannot believe the fans took this rubbish seriously. The most annoying thing about this film is that bloody Smeagle with its stupid voice. I just wanted someone to beat the crap out of it all the way through. I know I am supposed to want this but it really is annoying. Why oh why do the Orcs have cockney accents and those hobbits despite coming from the same place, have different ones. One of them is Scottish and the others sound from Cornwall. One thing I cannot stand is Elijah Woods's horrible bitten nails they are painful to look at. Why this is liked so much when the books are so bad I will never know. Bad and boring in a BIG way.",2
The Lord of the Rings: The Return of the King,"can't believe this movie is even and the list. The movie was way too long and the battle scenes were very drawn out and way to bloody to be PG-13. Also the ending seemed like it would never end. I liked the one before this one, and really looked forward to seeing ""The Return of the king. Why couldn't it have been more faithful to the book. The fight scenes took up too much of the movie. I can't believe this movie won best picture, because there were others that deserved the Oscar, but no movie since American Beauty has deserved to win and that was going back to 2000. I was so disappointed and they won't let Peter Jackson direct The Hobbit, although maybe it will be OK because I thought he did a good job with King Kong.",2
The Lord of the Rings: The Return of the King,I hate these movies. End of discussion. Stupid fantasy movies. The short bald guy is fun to watch though.,2
The Lord of the Rings: The Return of the King,"Dull, Inadequate Finale.

From it's start, you sense the drawn-out nature of this supposedly epic ending... its all over the place, trying to involve you with the tedious ""now's a good time to go out for popcorn!"" fluff/added-on characters who obviously serve only to pad the whole sequence of events.

Peter Jackson heard that trilogies were trendy, so he decided to milk the audience for 3 films, when 2 would have been much more concise.

Really, he could have had a very tight and meaningful 2-pat LOTR, but unnecessarily watered it down to make us spend the extra $9 to be bored on the long route to the predictable conclusion.

It upsets me that the DVD's are so full of extra's. What ever happened to Editing? Keeping the theme tight? Concise work w/o crappy filler?",2
The Lord of the Rings: The Return of the King,"My lord, what a mawkish slab of overwrought merde. No medium shots here, just washed out and incoherent long shots of battle and close up after close up of meaningful lip quivering as the music deafens all theater goers with the more dramatic strains of what seems to have been borrowed from Stargate. And what is with the weepers in the audience? This is worse than the previous two films.",2
The Lord of the Rings: The Return of the King,"I can't believe that I canceled an entire outing to watch the full 3.5 hrs of this movie which turned out to be extremely disappointing and downright boring at times. I followed the hype, the rating and thought that this movie must really be one of the best in the world and it certainly is not. It is actually one of the poorer movie efforts I've seen. The story is very weak and the happy ending is expected. The pile of CGI ie the Golem was rendered completely pointless by his portrayal in this film and the series could have actually gone on without it. There is even less of a villain in this movie than there was in the first and second movies. The movie is divided into two parts, namely Frodo's boring and mostly event-less journey and a banal war which the good guys obviously win. Avoid this movie despite all the hype. It has nothing new.",2
The Lord of the Rings: The Return of the King,"How can a well-made adventure like RETURN OF THE KING be

so numbingly dull?

It's hard to fault the production design and special effects -- every

inch of the widescreen palate is filled with colorful imagery. In

addition, the cast acquits itself well, even though they're stuck with

stilted and annoying faux Middle English dialog. Ultimately, the

whole thing is so stiff and scripted that it comes off as lifeless,

even as castles fall to the ground and thousands of creatures die.

Maybe its least forgiving fault is the ending. Well, it's not quite an

ending, because it never ends; it's one coda after another, and

snickers could be heard from my otherwise reverent first day

audience as the film refused to die.

A great cinematic achievement? Peter Jackson's achievement is

only technical, and I'm relieved that there aren't any more volumes

in the trilogy.",2
The Lord of the Rings: The Return of the King,"Is what I kept asking myself when watching this movie, it could have easily been 30 minutes shorter.

Loved the first one, but didn't really care for the second two.

In Part 3, we have many of the same scenarios repeated from earlier in the film or in the other films; good guys defending their city, outnumbered by the Orcs; looks like they're about to die, but then another group of good guys come to save them, yaay!

How many times will we see Frodo having doubts or being tempted by the ring, and Sam comes to the rescue? How many times will we see someone dying and their friend there to comfort them? How many times will we see the same close up shot of Frodo with that same look on his face? Was there a point to Liv Tyler being in any of the movies? Her character did nothing. Sauron and his role was barely mentioned in this movie, therefor his defeat (the big eye falling over; lame) was very unsatisfying.

This is another example of a big budget, over-hyped movie being filled with amazing graphics (and they are amazing) but little depth to the storyline. I felt no emotion while watching this movie, it did nothing to draw me in.",2
The Lord of the Rings: The Return of the King,"Several points that I agree with:

1. Characters and story are dull, hence... 2. I lose interest and lose track of who's fighting whom and why 3. People take this way too seriously 4. On a technical level, the film is very well done and impressive to look at, but ultimately, it never involves you emotionally unless you are taking it too seriously, hence... 5. This is one of the most overrated movies of all-time to be up at #4 on this list.",2
The Lord of the Rings: The Return of the King,"Many people commented that more than three hours passed by when the movie finished. It's not hard to explain: just note how slow the people speak, always rendered in a Hollywood-heroic form; or otherwise it seems that they are acting under influence. Other moments, they just gaze at each other, or the landscape, and then the epic-ish (Irish?) music starts. The movie could be compressed to 90 minutes. And still, three hours aren't enough for a decent portrait of the personalities: the good guys talk like saints, the evil ones like worms.

The plot is the same old one: people run around to fight the evil and save the world, with every episode looking like the end of the world. The visual effects of the fighting scenes are exceptional, but it is not dissimilar to a combination of Jurassic Park & Last Samurai & The Eruption of Mt St Helen.

Probably a good preparation step to the Ring Cycles.",2
The Lord of the Rings: The Return of the King,"Well the fact is that from time to time I have put it at home, even knowing that I did not like the movies, but I feel like watching an adventure movie and I say come on, I'll see the. The problem is that in a while I start to get bored I start to see that I do not like anything like this carried, that does not catch me. It should be a movie with the typical values of friendship, honor, courage, but apart from having great fights and adrenaline rush through your veins. I should create a spirit of wanting to enter the adventure to the end, no matter what I do tomorrow, but when you think that you have to endure this nine hours to see what you think, if it were another movie if but not this one.

I had a complete material to create a world at his feet, to do what I wanted, had money to do everything and for my taste has not got almost nothing. I do not think he took advantage of all the material he had. I do not think he took advantage of the spaces he had. The possibilities were immense and it remained in a simple film.

The photograph is very well, telling that there is no plane touched by computer and with the means that he can not.

But the management does not get me to catch. I do not believe that fascination that adventure movies created for me years ago. Let's not talk about plans. With that material, he only knows how to make airplanes or close-ups. How can you make an adventure film in the foreground? He does not know how to compose plans, he only knows how to make general plans or close-ups.

Of course the makeup, the hairdresser and the dressing room is spectacular, but there is a lot of money behind.

I will not make the criticisms of the other two because they will be like that, I will only say that I was watching the second part and it seemed that I was filming in Aranjuez, not wanting to disparage Aranjuez and the third I do not know how many endings , But too many. When it seems the end has already come, go on and on and on and on and on and up seven times.

Anyway, I must be me, I imagine you will all be against me, I'm sorry, forgive me the fans of these films.",2
The Lord of the Rings: The Return of the King,"Perfect? Give me a break--or at least let me qualify that statement. At best Jackson should state/warn viewers that the movie is ""loosely based"" on JRR Tolkien's ""Lord of the Rings"" Trilogy. The second and third films progressively deviate from the story and Tolkien, so much so, that it renders the whole story trite, unpalatable and predictable (Hollywood's modus operandi); and it is this aspect of the film that makes it ""perfect""--perfect for American audiences.

Jackson did a hatchet-job to Tolkien's work. Even the battle scenes, the one area of the film that I hoped would visually flesh out parts of the books, were buried beneath the offal of cheap entertainment. Bloom sucks. Liv Tyler sucks. The dialogue sucks. The notion of Gondor being a bunch of inept lolly-gaggers (in the face of a seemingly new threat) is laughable--they had contained Saurun for decades. Denathor's character is reduced to its most laughable level. The whole movie is a joke.

This is not a great film. It may be mildly entertaining for some, wildly entertaining for others, but for Tolkien aficionados and those who value quality in terms of human creativity, this is awful. I pray Jackson stays away from Tolkien's other works. Please don't encourage filmmakers with all this ""best of all time"" dribble. This movie is awful. Peter Jackson ought to be ashamed of the mess he made of Tolkien. This is one book where--in regard to adapting it to film--if you are not going to do it right, just leave it alone.

Final appraisal: This film and the rave reviews it has received is indicative of the ""dumbing down"" of Western culture and especially American culture. Prepare the way for the New Dark Ages.",2
The Lord of the Rings: The Return of the King,"This movie needs major editing! At over 3 hours, it's way too long and too slow. There are many parts with no dialog that a viewer can skip without missing any of the story. In addition, there is little explanation of the relationship between the various characters and groups of people, most of whom have nonsensical names. It takes 3 movies and over 9 hours to resolve a relatively straightforward plot -- Frodo has to destroy the ring by throwing it in the fire. It took me at least 3 attempts to watch the entire movie without falling asleep. I finally succeeded to get through the entire movie by watching it in the morning instead of in the evening.",2
The Lord of the Rings: The Return of the King,"Not typically drawn to epic fantasy, I approached this acclaimed film with curiosity. However, the experience left me disengaged, as the plot mostly centered on characters preparing for a big event with little actual development. Despite stunning visuals, the sluggish pace and lack of a compelling storyline left me feeling disconnected and ultimately disappointed. While it may satisfy die-hard fantasy fans, it failed to captivate a more casual viewer like myself.

While The Lord of the Rings: The Return of the King may appeal to fervent fans of the fantasy genre, it regrettably did not manage to capture my interest or appreciation, leaving me to ponder the essence of its widespread acclaim in the realm of cinematic history.",2
The Lord of the Rings: The Return of the King,"This movie blurs into the first two. There is nothing unique about it. The ugly fantasy creatures and the crescendo of fighting battles are boring beyond

belief. Orlando Bloom, as the cool elf guy, is the highlight of this otherwise monotonous three hour fiasco. I can't believe this horrendously disgusting film would receive academy awards. I am so glad this trilogy is over with. Please let there be no more!",2
The Lord of the Rings: The Return of the King,"Follow in ""The Lord of the Rings"" creator's (J.R.R. Tolkien's) footsteps. Project a malevolent universe. Invent a world and animate it with creatures in conflict. Make the conflict a battle between good and evil, but don't identify clearly the moral value or purpose of either side. In fact, remove morality's essence altogether by eliminating the power of choice for your characters. Emphasize the corruptibility of men. Glamorize the supernatural. Dwell interminably on the preparations for and the wreaking of violence and destruction, on the fragility of hope and happiness. Name the scene of action: Middle-earth. Sound like an environment you'd care to envision? Would you ""live"" there? If so, fate alone will decide its survival and your own. You can visit this predetermined ""paradise"" by watching/enduring/suffering Peter Jackson's elaborately filmed adaptation of Tolkien's epic trilogy, which concludes with ""The Return of the King."" I hold it is true that what is not worth contemplating in life is not worth contemplating in art. For its dismaying lack of meaningful moral definition, its pervasive pictorial ugliness, the quantity of its scenes of mind-numbing graphic violence, and its minimizing of the value of happiness, ""The Lord of the Rings"" films--including this one--ought to be shunned and damned.",2
The Lord of the Rings: The Return of the King,"This part three of the trilogy was boring. It was geared to overaged adolescents who love vicarious fights...with digital demons. Ho hum. ""Enough! I wanted to shout,"" ""We Get IT! They had to fight!! Get this blinkin' film over with! I surrender!!""

And just when you thought your bum would see the light of day again, wham, ANOTHER ending! My mother and father once (in pre Vatican III days) attended an Italian Catholic high mass wedding. Being Quakers to boot, they had no idea they should have ordered out for pizza and left a wake up call. Each time the congregation rose, they breathed their own silent ""Thank God"" and started to file out, but the guests then en masse kneeled, addressed a different station of the cross,and off things went for another hour.

""The Return of the King"" echoed that oft told experience to me. And I wasn't even in a theater. I could have left at any time, but where to file out to at 1AM? It became an ordeal, my own quest to see the turkey through.

Now I ask you, Peter Jackson, WHY all the endings??

Another thing I noticed in the DVD versions of these three movies; the guy who played Aragon did not do commentary, and did not appear to be pleased with the whole deal to me. He and Liv Taylor had zero chemistry, and I got the sensation he was glad to be done with it. Did anyone else catch this?

If I had seen one more, just one more, animated monster, I would have...well, I can't think of anything worse than sitting through the whole darn movie, and I did that anyway, so I will end this diatribe on that note.",2
The Lord of the Rings: The Return of the King,"Extremely boring and long movie with poor storyline. What is wrong with ending? It felt like 4 endings put together one after one, I swear he made 4 different endings and put them all in this movie. The action and special effects were great tho.",2
The Lord of the Rings: The Return of the King,"Peter Jackson set himself up really well as a director when The Lord of the Rings: The Fellowship of the Ring was released. He had created a fast-paced and exciting yet beautiful and poetic thriller that utilized old cinematic tricks in fantastic new ways and, despite its three-hour running time, left me breathless. I had pretty high hopes for the rest of the trilogy.

But alas! Jackson did not deliver. The Two Towers was, in a word, boring: it lacked the great screenplay and the emotional depth that Fellowship conveyed so wonderfully.

And then came The Return of the King, which won twelve Oscars as well as critical acclaim.

The three and a half hours that I spent in the theatre enduring that schlock are three and a half hours of my life that, very regretfully, I will never, ever have back.

Why did this film fail almost completely in my eyes? Well, perhaps it's because Jackson spread himself too thin in the second movie: while the Frodo-Fellowship dual storyline worked fairly well (I won't say particularly well, but it worked) in Tolkein's books, in the cinema it has the unfortunate effect of making the story seem choppy, and the flow of the story is lost.

Another unfortunate by-product of the dual storyline is that the divergent elements must come back together. How did Jackson accomplish this in Return of the King? By making the story's dénouement last over 30 excruciatingly long minutes. Jackson chose the tear-jerking happy/sad path for the ending, which wears its heart on its sleeve and reeks, to me, of a sort of Hollywood melodrama raised to the nth degree. While the dialogue in Fellowship had a poetic charm to its semi-Shakespearean prose, here it feels inflated and pretentious. Aragorn's address is reduced to a ridiculous and shallow ""Let's all live together in harmony"" speech that, to me, is a huge disappointment in context of the film's gigantic scale.

Return of the King suffers in its two hours and fifty minutes before the ending from the same shortcomings as The Two Towersa broken storyline and a pretentious screenplay. The tricks that were used so well at first have become worn thinthe Ringwraiths, which in Fellowship managed to magnificently convey a real sense of evil and terror, are reduced to dinosaur-riding apparitions that are almost laughable. With the exception of the very well-done tunnel scene (which does produce the desired effect of suspense and shock), the monster scenes make you feel like you're watching some B-flick. One particularly ugly Orc, which I guess we are supposed to believe is some sort of supreme embodiment of Orc-like evilness, is never explained, never given any sort of credibility. In fact, none of the monsters have that grippingly real feel, which takes away from their scariness.

The main thing that keeps a film alive for me is characters, especially in a film that tries to convey some deeper meaning like the Rings trilogy does. Most of the characters in Return of the King were about as three-dimensional as a life-size cardboard representation of a popular actor or sports figure. There is a clear demarcation here between good and evil, with little nuance to either side. Even the scenes where Gollum ""battles"" with himself are two-dimensional, from the ""dialogue"" right down to the cinematography, which shows that there are two very clear sides and nothing in between. The movie seems to be trying to show here that people can have complexities, but it doesn't work because it doesn't set up any complexities in its moral world. The Ring gives Evil a single embodiment: it is the source of evil Saurons' power, and the source of Gollum's treachery. The idea that all the bad deeds in the movie can be traced back to this one palpable object reduces the entire story to a one-dimensional and shallow didactic fable.

And with all the fireworks that the film provides, the glories it tries to convey, the tragedies, this doesn't feel credible. I find myself yearning for something more complex, deeper, more meaningful. Maybe that's why I didn't like this movie: despite its remarkable action sequences, its overblown and inflated dialogue, it didn't have any real heart. I would say that this is okay, except for the fact that the film tried to be so much more than it really was. It set itself up as a gargantuan epic and ended up getting lost in itself. This is surely one of the greatest efforts in film historyI admire Jackson just for taking the risk. I can understand why he was chosen for the Oscarsthe trilogy does manage to sweep you along with its story and the breathtaking scenery and cinematography certainly keep your eyes glued to the screen.

Unfortunately, such a huge, epic project needs more than dazzling special effects, more than flowery dialogue, more than huge battle sequences, more than a plethora of characters. It needs a heart behind it to match. As Dr. Seuss would say, Return of the King's heart is ""three sizes too small."" Despite its epic proportions, the film just doesn't feel ""real."" It plays on emotions, it dazzles the mind, but it doesn't really touch the heart; and ultimately, this lack of depth left me feeling insatiated after the bombardment of glories and tragedies.

In conclusion, this is a film that impresses but does not stay. In terms of scope, it may be the greatest epic ever made; but unfortunately, it doesn't live up to itself. It could have been vastly improved even just by cutting the running time down to three hours; instead, it feels grand but emptyin a word, pretentious.

And pretentiousness is, in my mind, inexcusable.

""A"" for effort, ""D"" for product. Thumbs down. Two stars.",2
The Lord of the Rings: The Return of the King,"Like the others in the trilogy, ROTK may be awesome to look at but what on earth is the point of the whole thing? A lot of people with silly names speaking cod-Shakesperean dialogue fighting battles in equally silly-named places - the final part is more like an episode of Stars Wars than anything else. And they all take it so seriously!! What a shame that so much time, effort and cost could not have gone into producing something of genuine artistic merit and substance.",2
The Lord of the Rings: The Return of the King,"Spoilers!! Gerald: Well, Marsha, you got me to The Lord of the Rings part 3, my thought throughout it was, ""ridiculous nonsense interspersed with ugly nonsense"" or ""What Crap!"". Okay, I grant you it was exciting in a Star Wars meets the middle ages kinda way. But I was bored a lot, how come the elves won't share their shampoo with the humans. Aragon doesn't wash his hair till the final coronation scene. Hope I'm not giving anything away for those of you who thought the hero might actually die in this formulaic Nordic sword opera. And speaking of Nordic, is this movie white or what? Marsha:I was bored. I kept thinking about what I was going to wear to work the next day. Now there's a bad sign. These people take themselves so seriously too. At least in Stars Wars there was humor. Nothing much funny happens in this movie. The battle scenes are very real, special effects incredible, scenery gorgeous but the story just doesn't work for me. I'm just not into this kind of fantasy. If you loved the books go see this. If you don't like fantasy or war movies, don't bother. Gerald: And characters, the only characters with more than one dimension are Frodo and the animated Gollum/Smigel. A friends ten year old loved it. I'd say that was the appropriate audience, though I know this puts me in a tiny minority.Me I wanna see the new Nicholson movie, or Stuck on You, I like my stupid movies to be funny, not ugly.The Lord of the Rings-#3 if you loved 1&2 you'll love #3. They're all #2 to me.",3
The Lord of the Rings: The Return of the King,"Advertising, advertising, advertising and there is no contents. Nothing new than Star Wars - Return of the Jedi. Horrible commercial trash.",3
The Lord of the Rings: The Return of the King,"Somewhere in the ""trilogy"", this book lost it`s content and became an action movie like Terminator or Rambo. Okay, so they do have some really good animations and fighting scenes, but is it really what Lord Of The Rings is about?",3
The Lord of the Rings: The Return of the King,"Some of the more devoted and insane people will claim this movie perfect and what-not, but it is pretty good. Return of the King concludes the trilogy in a battle-packed finish. When i heard the movie was 3 and a half hours long, i was skeptical that i could keep my interest, but the pacing is done well for the most of the three hours and then crawls for the final 30 minutes. It just didn't know when to end. I never read the books, but i'm sure you can't cram every detail into a feature-length film. Other than that and the fact it tried to be too emotional, it delivered exactly what it should: an entertaining conclusion. The battle scenes were fast and furious and there were some very suspenseful moments. However, it is really nothing more than a good trilogy. Some people are taking it way too far. But that's just my opinion. 6/10",3
The Lord of the Rings: The Return of the King,"The directing and editing are still so bad. Better than before, but it's always a big deception. Jackson have no sens of space, proportion, he don't mind of his character. The entire problem with The lords of the ring ""trilogie"", it's everything are shot at the size of the book, and never at size of the history or the characters. There's no ""point of vue"", we never passing trough the eyes, the heart, soul or passion of the characters.

The great saga what i would like so much to see is never come. This is just an adaptation, not cinema.",3
The Lord of the Rings: The Return of the King,"This ponderous, disappointing conclusion to the Lord of the Rings needs to back to the edit room. The film moves along like director Peter Jackson had all of this film footage and couldn't decide what to do with it.

If I didn't know better, I'd think that the producers thought they had a built in audience for LOTR, so they didn't have to work very hard to finish the trilogy. Shame!",3
The Lord of the Rings: The Return of the King,"Come on People, How can you rate this movie as no 3 all time??? I do agree it is a very good movie based on an excellent novel or series of novels (the one I read had all three in on book). Yes it swept the academy awards (just the third one though) but where is Al Pacino, or Marlon Brando, or Tim Robbins and Morgan Freeman? And to make things worse, the other 2 Movies are in the top 15!!! Don't get me wrong I did enjoy all three movies and if I sat down and made a list of my top 25 movies ROTK would probably be around 20th but definitely not top 10 or # 3 of all the movies ever made, or at least voted on in this list. I just don't think a movie should be voted one of the best of all time with no Great Actors in leading roles. Just my opinion, sorry my little Hobbit friends.",3
The Lord of the Rings: The Return of the King,"I love the books of Tolkien, and I think it's hard for every director to use such a draft for a movie which has to satisfy millions of expectant viewers. But sorry, I don't see the brilliance and own style of Peter Jackson, which in my opinion has to be there for rating this movie so good.

An important point is the missing ""atmosphere"" in the film. In the most threatening situations, the characters are still able to joke around and so destroy the atmosphere (I also don't want to see Michael Myers talking in Halloween, or make some jokes about his victims - that would destroy the atmosphere). Well, it's true, the books have also such scenes, but I think thats deliberately exaggerated to create this atmosphere like it's in f. ex. Beowulf. Thats not important and not meaningful for the movie...

OK, because I think every mediocre director can make a worth-seeing movie out of such great books, I can give the books 10 but the movie only 3 points. And in fact, the 3rd movie is really good in this digital stuff, but this incredible dialogues -thats really like Hollywood! Thats for the 3rd part, in my opinion the first part is the best one....

bye fans",3
The Lord of the Rings: The Return of the King,"Alas, the third part of the cult 'Lord of the Rings' is the weakest series of all three. Because for the fans.

The siege of the fortress, which could be saved from complete destruction by evil spirits only by the arrival of reinforcements, we have already seen in 'The Two Fortresses' - that was Helm's Deep. Only that siege was more stylish.

Roughly speaking, stylistically 'The Return of the King' is a variation on the theme of 'The Two Towers'. Those are right there. Only tougher.

Peter Jackson's thrashman past is out. Catapulting the heads of the warriors of Gondor, the leader of the orcs with some kind of fleshy sore on one eye, Shelob's lair, Cirith-Ungol ... Sometimes you just wonder if this came from some other movie?

Also, this movie is very long. And the battles could have been shorter and more dynamic, and empty scenes, like the endless crawling of hobbits on slag, could have been smaller. The final farewell of the hobbits in general greatly filled the Latin American soap - so long.

Clearly, all these reproaches (with the exception of the last one) should be directed to Tolkien, who wrote a producer-relevant, linguistically correct, but artistically weak and boring book.

And Hollywood rushed to film it in full (almost).",3
The Lord of the Rings: The Return of the King,"Story line dragged. 3 movies, 10+ hours of my life given never to get back. 20 years ago, perhaps SFX and CGI was better then, but now rather poor. The entire movie is centered around the ring, not Elijah Wood for one, is a bad actor, and two, having to continually look at his nasty chew bitten fingernails. A stand in would have been better but again a better actor to even boost the movie. He is such a terrible and pathetic actor. Overall, I cannot comment. I only watched this due to the upcoming TV series I've heard so much about, so hopefully I don't waste more of my life. Fingers crossed!!!!",3
The Lord of the Rings: The Return of the King,"Watching it on TV in 2022 may be this movie with kind of visual is good watch in theaters but i saw triology but none was that good as it was made out to be. Was wondering millions spend to make a movie where every one is fighting with every one. Thank fully i was not born in that era when one kingdom use to attack other kingdom as if no one during that period had anything else to do may be there was no entertainment, internet, mobile, movies etc so for time pass they were playing war with each other. Back to the movie I feel it is over rated nothing great no doubt the visuals was good. If the old man was capable of riding the eagle why to take so much pain he could have easily flies frodo with him and destroyed the ring. I was so confused all the three parts I was not able to understand who was fighting the war with whom, which army belong to which kingdom since the names were also complicated. I had heard a lot about this movie when it got released but watching after almost two decades I am not impressed.",3
The Lord of the Rings: The Return of the King,"Well, the movie started off pretty slow. The middle was pretty slow. And the end was well... slow. There was not a single moment out of the entire three and a half hours that I felt any tension (except for the encounter with Shelob, but that's only because I'm terrified of spiders...) The seige of Minas Tirith reminded me of the battle of Hoth, but not nearly as dramatic. Jackson's device to build emotions is to have the characters stare at each other for a long period of time, sometimes in slow motion.

In the end, it seems to me that there were different people that worked on each of the three films. I thoroughly enjoyed the Fellowship of the Ring. It had everything - two battles in which you actually cared about the characters. With the extended DVD there was great character development. And there was a comedic value. The last two films have had none of the above. I can only say that I am glad the movie was made as some of the technical achievements during the filming are amazing. But that's it.",3
The Lord of the Rings: The Return of the King,Why this movie is so much over rated? There is literally nothing good in the movie. unnecessary wars fully predictable ending waste of so much hours...,3
The Lord of the Rings: The Return of the King,"I lost more than three hours in my life watching this crap I'm really STUNNED of the ratings, the Oscars, and the millions of dollars this movie generated.

The story: It was clear from the first part what is going to happen! no need to waste your money on two towers and the return of the king.

The acting, to be fair, most of the cast held their own, but the problem was that the worst actor got the biggest share: Elijah Wood! come on! that puppy face might have worked when you were three, but here, it is really over used and not at all convincing.

Pace: at the beginning its good, then it slows down until it reaches the snail speed at about two hours left to the movie ending. I mean...COME ON! was the last 40 minutes even necessary? Special effects: they are the only reason why I didn't give the movie 1 star.

Directing: AN Oscar!!!! I'm surprised he didn't get a razzie! I mean come on, the pace was totally unrealistic, one universe, people are gathering troops and fighting then gathering some more then running then doing all sorts of stuff and fighting some more, and in a a parallel universe, the stupid Frodo is only climbing a mountain from beginning of the movie till the end! Another stupid thing was when he brought in children in some takes and shoot them from behind to show that they are Frodo and his midget friends, then in the next take a frontal view of Frodo and his gang, the scenes appeared really stupid and challenged how much a viewer can numb his mind. The director was NOT convincing.

To be fair, it is a hard film to direct, but that should have made the lame Peter Jackson leave the task with someone more capable.

All in all: crap.",3
The Lord of the Rings: The Return of the King,"The Lord Of the Rings series was something I was never really into. I like fantasy, action, drama, and all that stuff but to me they were a bit monotonous and clichéd. That said I enjoyed the first two especially the second one but I had no big interest to see this one. My neighbor however insisted that it was a crime against nature to have never seen it so I borrowed it from him. With in the first half hour or so I shut it off. I was in disbelief that this could possibly be the movie so many were raving about. I then heard it gets much better, so I put it back in and started to watch it where I left off. The amount of overacting is just astounding...from Viggo to Bloom, everyone seemed to be trying way to hard. The action scenes were not great either. Just because they are big does not mean they are good. I saw so many awkward battles and terrible reactions to CGI enemys....ugh. ANd then there is the ending that is complained about even by fans. It dragged on and on as if to say ""we know you have to pee but instead here is some crap to make you think we are artistic by showing 300 different endings"". Really, I feel that a lot of the appeal of this movie comes from Dungeons and Dragons type people who think anything Peter Jackson makes, and anything Tolken writes is immediately gold....it is not.

Summary Acting-5/10 Story-3/10 Action Scenes-3/10 Paceing-1/10 Dirrection-6/10 Ending-0/10 OVERALL-3/10 do not be fooled by the die-hard fans. This movie is absolutely terrible and an extreme waste of talent for everyone involved.",3
The Lord of the Rings: The Return of the King,"There is no reason why this film needed to be three and a half hours long. You could trim the last hour of the film that is just a never-ending farewell that could have been completed in about 15 minutes. There are also plenty of dramatic pauses and sluggish scenes that should be on the editing room floor. Even the battle scenes are redundant. Didn't we basically see the assault on Gondor in the second installment? How many times do we need to see an overwhelming numbers of Orcs being inexplicably defeated by a depleted band of humans? Everyone who thinks that this is great epic film making needs to go back and take another look at films like Lawrence of Arabia, Doctor Zhivago, Spartacus or even Gone with the Wind. These films use their long formats to build characters and emotion whereas The Return of the King just piles on the battles and speeches and teary-eyed goodbyes to no overall effect (plus some were kind enough to include an intermission). It's as if Jackson believed that a film has too be bloated and long in order to be important. This is an epic waste of time.",3
The Lord of the Rings: The Return of the King,"I didn´t like this movie, because it´s story is pretty much based on Clichés, and the target for it are children with 14 yrs - less. While the photography, the music and the especial effects are really good, the acting (if there was any) and the history itself are plain lame. I can´t understand why it´s so overrated, there isn´t really anything that good on this flick...",3
The Lord of the Rings: The Return of the King,"Well, this was stunning to say the least, for i've never seen a movie filled with more gaps than this one, and i kid you not. IMHO P.Jackson should keep true to the story if hes actualy gonna use or even walk by the name Lord of the Rings, and not put in half-rubbish quests and tales, remove the most vital parts.

Well, enough said about that, the movie has gaps, ok.

However, there are some positive sides in the movie too, the camera angles, the light settings and the composision principles are followed up with great accuracy and care, Filmaticaly, id say this movie is the greatest ever made, but considering the story, its rather a show-off for the new technology lurking around.

Hopefully the extended edition, or the ""rumored"" ""Directors Uncut Edition"" will be better and fill in the huge gaps in the story, but i have my doubhts.

Imho, the movie should be called ""Peter Jackson's Lord of the Rings"" [Based on Tolkien's master piece ""Lord of the Rings""]",3
The Lord of the Rings: The Return of the King,"Well New Zealand gets a 1.5 for this movie. Way to long, 3.5 hours without an intermission is not good. Did the director never see ""Gone With the Wind"" when he was a young child?

I also found somethings quite disjointed, they just didn't make sense, such as, the switching of the ring back and forth between Sam and Frodo. And why do they have some of the redundancy in the lines. When Mr Evil says ""No man can do..."", the King's daughter then takes off her helmet, but has to reiterate, that she's no man. Duh!! Another part that was poorly done was the ending, they get to what should be the climatic ending and then decide, well we've shot an extra 15 minutes of celluloid, so let's put that in the film also!

As for people who've asked about getting 200 horses and riders to go up or down a hill, that's already been done, it's called the Civil War (a reality show from the 1860s, not a SciFi makeup). Speaking of the battlefield, next time please get Dale Dye (Cpt, USMC, Ret) or somebody to please help. Frontal assaults with light cavalry rarely work against infantry, except in favor of the infantry and usually resulting in a lot of bloodshed. Also where was all the blood on the battlefield, with that many dead, you would have expected to see pools of blood all over!

This story was done better in the original 3 of Star Wars, but without the benefit of all the latest in computer graphics.",3
The Lord of the Rings: The Return of the King,"Nothing but plot armor. Even the freaking earth caving from underneath only the orcs was outrageous. Frodo had a dopey grin and did nothing but disappoint and NOT throw the ring in. Samewise was the only redeeming character. Gandalf didn't use magic ONCE. Very lame. Also the girl killed the guy on the dragon... I love feminism being thrown in my face. Doctor who has better effects. I loved the elephants and the totally-not-cliche African looking people riding them. Also, elves and orcs aren't even real. Guess I'll play pretend because that's the only way all the main characters got out of that alive. Good movie though. :)",3
The Lord of the Rings: The Return of the King,"It had taken me quite a while to see the last part of the Lord of the Rings trilogy and I must say I wish I'd never seen it at all. I started watching, thinking I would have myself a nice evening watching a good film. I had this feeling, because I had seen the first two parts several times each and both films had a good impact on me. The Return of the King however vanished those good thoughts of me regarding the first two films rapidly. I will now explain to you people why this film is the worst of the three and, in my opinion, the most overrated film in film history (it is assumed to be the #11 of all time).

First of all I would like to point out that it is not the story I dislike. I've read the three books two times and that's quite unique considering the fact I've read about 10 books the last 10 years. And I'm not going to bring up the fact that the film doesn't really match the story told in the books. That doesn't bother me at all. I prefer films over books and I believe there's nothing wrong with bending the storyline a little bit to cut it short or make it possible to get on camera.

Now let me get to the film. This has to be one of the most corny, fake and unnecessarily dramatic films ever. The acting was just too much and because of that not real. The music just made me laugh even harder. The way the film was brought to the viewer is another thing the makers shouldn't be too proud about. Almost every shot had that corny white glow over it, that made me just want to press STOP on my remote control. I didn't, because I liked the book so much and I wanted to see what Jackson did to the rest of the book. And last but not least the 'great' special effects and visual delight everybody seems to love. Really, put on some glasses, and if you already have them; buy better ones. Because your overwhelmed by the great story you're not paying attention to the crappy work with the blue screen. This especially comes forward when Frodo comes into play in the film (for example on mount doom).

There are however, although very little, some things that I can't complain about. The battles are well made and Ian McKellen put on a good performance (because he didn't have to put on some sentimental scene). That however, is it.

I don't think I'll ever watch the first two parts again, since I might be disappointed. And even though this film has a great story(/book) at its foundations, IMDb is a site for films and not books. And for a film, LOTR III did really bad...",3
The Lord of the Rings: The Return of the King,"What a waste of time. The lack of realism was horrible. Why is it that everyone if raving about this director - his character relationships, etc. did not touch me in the slightest. I can suspend reality to belive in giants, trolls, orcs, and dragons but don't paint unrealistic human relationships and expect me to believe them.

So the orc army was killed by ghosts. Uh, okay. So women are killing bad ass shadowlords. So calvary can kill orc infantry+ huge animals bigger than mamoths.

So a stormed castle does not fall. So 2 hobbits are barely alive and exhausted, and they're running all around.

So a hobbit can kill trained warrior. So what's up with mister baggy eyes getting all that screen time again?

So we have a 80 year old wizard who seems to only be a master swordsman and not a magic user. So the humans approve and cheer when an freaky elf marries their king.

So what's with all these little reminesings prior to imminent death?

So how many loose ends you gonna tie up?

Perhaps the most annoying thing was the emphasis on the two other hobbits (although Frodo and Sam were bad also). I actually walked out of the movie early - just as they were about to go to the 'shire'",3
The Lord of the Rings: The Return of the King,"I have actually watched this movie having watched the previous two too. I guess the reason why I did it was because I was still hoping that something of some value would eventually come out of it.

I was wrong.

Truth is that I fell asleep after the first half of the first movie - the guy sitting next to me gave me a push to wake up. That was admittedly one of the slowest and most boring movies I had ever come across.

Things went slightly better during the second part, mostly because of the battle that managed to keep me awake due to noise.

Third movie just gave another back to the rule that if something starts wrong most likely ends up the same way.

Frankly I don't know why people value this movie that much - if you exclude the fancy effects the rest is absolutely flat. I suppose it is always a matter of perception. But placing this movie higher than other jewels in IMDb ranking, hey, something is wrong with this picture!

I give trilogy a 3 since it gave me a good sleep.",3
The Lord of the Rings: The Return of the King,"This movie dragged on for what seemed like six hours. The primary battle scenes are fantastic and a worthy final chapter to the story. Of course, all three movies dragged on seemingly endlessly with uninteresting hobbit conversation and bickering.

I rate this movie a ""3"" due to a 3 hr 21 minutes of mostly boredom for me. If it had been half that long...I'd rate it a ""6"" for being a very interesting story with great effects.",3
The Lord of the Rings: The Return of the King,"All I can say is this: I have watched Fellowship about 100 times, Two towers about 40 times and Return of the King 3 times. And I'd say that the number of times I've watched them is directly proportional to how I regard each film.

Before I discuss the film itself, let me start by saying that I'm not one of those who dis's this (and all the other LOTR movies) simply because they don't follow verbatim those the horribly written, over-baked novels. To those who think this way, I have this to say: I noticed that JRR seems to have lost patience with writing this trilogy towards the end. You'll notice that fellowship is neat and punchy and two towers is engaging, but drops off in parts. By the time JRR was writing RotK, he must have been absolutely fed up with the whole LOTR because the syntax and language is rough, awkward, rushed in parts; and the author's own interest in winding up the story in style is visibly lacking.

My criticism of the film itself is more reserved for the fact that the film-makers clearly attempted to hoodwink the population into thinking that this was a grand epic. Post production was over way the top and many elements were far too sentimental and over-dramatic (epic cinematic devices). If they wanted to create a truly great epic, they should have looked at films like Dances with Wolves where the powerful score, grand-standing and sentimentality work seamlessly with the story. For some reason, I felt that this film had all the elements of an epic.... but it just wasn't one. Perhaps the underlying novel didn't give them enough to work with. In any case, it really doesn't rank highly in my humble opinion. Fellowship was, without a doubt, the best of this series. How RotK ended up with all the awards and praise, both here and from the critics, has me absolutely stumped!

Sometimes, I get the feeling that everyone was waiting for the final chapter before showering with awards and praise ... and when they finally saw it and realised that it wasn't as great as they had hoped, they were either sucked in by the epic devices (as opposed to an epic MOVIE) or they felt obliged to simply reward it notwithstanding because they had held off their showering of praise on the first two and felt obliged to give one of them all the accolades simply out of respect for their dedication in executing a task this size. Yet... the final product is unsatisfactory.",3
The Lord of the Rings: The Return of the King,"OK I know I am in a very small minority of people who aren't fans of the LOTR trilogy (book and film), but hey for what it's worth...

Thinking of this as a film in its own right (imagine never having read the book or having seen the first two films), ROTK is a real mess. The first 1.5 hours or so are spent plodding along, introducing very confusing plot sidelines and small details that do nothing to further the story. You'd be hard pressed to name anyone whose acting actually made an impact - though the notable exception for me, at least, was Sean Astin who really is very convincing as what I would describe as a'young man far from home, having to grow up far too quickly, but keeping to his own straightforward ideals'. His is the one character I really believed in, that drew me in and tugged my emotions.

The film taken as a whole shows up the way it was filmed - this feels like a load of bits of scenic and studio film, with a director with far too much material to play with, cutting and splicing bits here and there, in a loose and sometimes bizarre manner. (Imagine having never read the book. Then explain for me, if you will, why exactly Arwen is well, then has dreams, then chooses mortality over elf life, then mysteriously gets sick and doesn't put in any appearances till near the end ... far too sketchy!).

Once again Gollum the animated character leaves me totally cold - I just don't get it! To me he is a cartoon character and no matter how brilliantly Andy Serkis portrays the voice, I cannot be convinced. I don't sense evil or split personality at all, except in the dialogue.

Frodo - to me, Elijah Wood is just not a good actor. It's all wan face and big eyes.

However, he does have the best bit of the movie - the encounter with Shelob, the great spider. Finally a piece of animation that really convinces, and terrifies if you're in the mood to be frightened! So much better and more intimate than the rapid-angle-change battle scenes that litter this film, and were such a drag in Two Towers.

And finally, the ending(s) - all 6 or more of them! I thought that the scene where Aragorn is crowned would be the end, a fitting climax. But no, we just keep getting more endings! By the end instead of crying at the sadness I was chuckling, it was like hearing a symphony where the composer can't work out how to make the ending really satisfying, so keeps putting in more and louder chords in a transparent effort to heighten the drama.

I, for one, am not sorry to see the end of this series of films. A phenomenon, yes, but not a classic trilogy at all. An even more disappointing final instalment than to the Matrix (but before you accuse me of wholesale negativity - I thought Matrix 1 and 2 were fantastic).",4
The Lord of the Rings: The Return of the King,"The movie is mostly a sequence of events with each bluntly announced before it occurs. I did not read the book so I had no idea what was going to happen, but at no point was I surprised. No twists in this one.

After 6 hours of the previous 2 movies, I would expect I would familiarize with characters and actually give a f*** about them, but they were all way too one-dimensional even after another 3 hours.

It would have been an OK movie if it wasn't for the incredibly cheesy, homo-erotic and, worst of all, overloooong long ending.

6/10.",4
The Lord of the Rings: The Return of the King,"The lord of the ring movies are the most overrated movies I have ever seen. I can't understand why there had to be three films instead of one. These films are extremely boring and they are even worse in the extended edition versions. I have seen both versions of the whole trilogy and I have also read the book which is a lot better than the films.

When I had seen the first thirty minutes of this film it was already like When will this end?! Only the battle scenes where something that can be watched once and Peter Jackson ruined them with those stupid looking computer effects and -creatures which I hate.

Why did the ending have to be so long? After Gollum fell to the volcano with the ring there was like thirty minutes of this really really boring stuff which included the ""heartbreaking"" separation of friends and wedding of Aragorn and Arwen. Those things were totally unnecessary but strengthened the image of childish movie. I would really recommend this film...for all who are under the age of 12.

Don't get me wrong. I like The Lord of the rings...as a book.",4
The Lord of the Rings: The Return of the King,"When it comes to TLOTR:The Return of the King, I personally think that this is not such a fabulous movie. First of all I would like to comment on the acting, many of the actors in the movie is to me very dorky. Orlando Bloom seems to only got one face that he uses throughout the whole movie,this is a very lousy performance. And Viggo Mortensen only seems good because many of his scenes are along with Bloom. That I mean is that, next to Orlando Bloom even Dolph Lundgren would appear to be a Oscar candidate. Of course many of the battle scenes are great, and very entertaining to watch, but this is not enough to make this a classic movie, but of course, it will become one anyway. And much of the comedy in the movie, specially the scenes with Gimli and Legolas, are totally unnecessary. This is not successful, and one of the things that could have been changed or even left out of the movie.",4
The Lord of the Rings: The Return of the King,"I am in that boat of people who must have seen a different movie.

This is just a louder, bigger version of Two Towers (Which was OK good and easily the best of the three). Well, there's another war on and we still don't have enough soldiers, so we're in for certain defeat. But then suddenly more support shows up from an unexpected quarter. But we still don't have enough, so we find even more unlikely help and a huge, CGI battle ensues. Then there is a ton of action, fun to watch I guess, though the graphics get *very* dodgy in places.

Meanwhile the parts with Gollum drag ON and ON (!!) and are exactly the same as in Two Towers. Well, he's leading the hobbits along for another hour and a half, and we don't know if we can trust him, and he has about 40 conversations with his ""Evil Self"" about how he's going to betray them. (Or NOT?! The suspense is dreadfully boring!) There is something *really* wrong when the only character that gets dialogue is the one constantly ranting about the ""Precious.""

Whose movie is this, anyway? Who is the main character, again??

Aragorn still feels conflicted about the same girl from the second one, and we get more weird flashbacks to Arwen and the supposed relationship that he has with her but that we've never seen and don't understand why he's so attached to her. Worse, while Part Two reduced Gimli to a scarce and bumbling punchline, Legolas is a ghost here with no lines who spends most of his screen time as a poorly-rendered CGI version of himself.

That's very sad, since we all know that people are only there to see Orlando Bloom. Well, he and Frodo are the only interesting characters. We all know it. This is why all those elves showed up randomly at Helm's Deep in Part 2. The audience loves Legolas and adores his cute little species and wants to take them all home and snuggle them. But the whole Aragorn/Arwen thing is just confusing and insubstantial and no one wants to take them home. (In all fairness, Aragorn hasn't showered in the 6 years we've been waiting for this epic to end.)

The pacing in this film is horrible. As with Two Towers, some scenes are way too long, and there is plenty more that you wish they would take the time to explain. Giant eagles show up out of nowhere. A new villain appears and he is supposedly a most feared and notorious character, but no one has heard of him and we never find out who he is or where he came from. And the evil wizard (Sauron?) just vanishes from the film at about the 3/4 mark. I guess he walked off the project and they forgot to write an ending for him? A lot of the characterization is just repetitive, like Sam who has no role except to encourage Frodo and keep him going, and a lot of it is just inexplicable, like the continued absence of black riders and ringwraiths. I guess they went extinct or something at the end of Part 1? Maybe they went on break and just never came back.

The story also jumps around between so many different characters that you have to be well-versed in the lore to be able to follow it. You're probably used to that already since Part Two had us careening between epic battle sequences, boring Gollum leading Frodo, and that giant Tree walking along carrying the other hobbits for an hour. The scene leaps here are even more jarring since even more characters get screen time in flashbacks and lots of those ""Meanwhile, back at Headquarters..."" moments.

I also did not really ""get"" the ending (When you go on that boat with Gandalf, does that mean you die, or..?) and it dragged on in a lot of sappiness and goodbyes. It was also a big jolt right after the battle scene to have everything so happy and wonderful, and suddenly Aragorn is king and has even less personality than before, if that's possible. It was all so joyous but at the same time so bland and weird and not fun. And Sam getting married: Who cares?

(It was made official several years ago: No one cares about Sam. I guess Pete Jackson didn't get the memo.)

There is some genuinely scary stuff in this movie (the huge spider and the ghost soldiers), and it held my attention OK and didn't *feel* long, but it was unsatisfying on the grandest scale. It always is when you spend this much time with characters but don't get to know them. The Lord of the Rings trilogy is a very expensive One-Trick Pony. People say this one is the best, but I think that just because it's all finally over and we can get back to our lives instead of spending years analyzing how so many people can love a movie like this when it is so obviously not very good.

I agree, too. The obscenely expensive FX already look dated and will be embarrassing pretty soon.",4
The Lord of the Rings: The Return of the King,"All the Lord of the Rings movies are over rated. I think there are much better movies out there, and people care too much about these stupid movies. Nothing all that great happens, the acting is okay, the landscape is pretty to look at, but the story is boring. I just feel that these movies are way to popular for what they are, or should I say what they are not. If you have seen these movies more than 3 times, get a life. If you know most of the lines in the movies, get a life. Movies are for enjoyment, they should not be a lifestyle. And most of the people who really likes these movies, let their obsessions rule their lives. So once a again, get a life. These movies are not that great.",4
The Lord of the Rings: The Return of the King,"Good art direction and visual style prevent me from giving this a lower rating. By the way, this opinion applies to all of the Lord of the Rings movies, not just this one.

TLofR is a hugely overrated trilogy, with a hugely overrated director. I like the books, but I'm not such a fan that I will hate anything that is different from the source. These not only drop the poetic and beautiful style of the books, these movies wrench them into by-the-books action movies, with overly dramatic acting and dialogue that is common in most modern historical epics.

Legolas is transformed into a typical sci-fi/superhero character who does flips and slides down stuff while managing ridiculous feats that just embarrass me. He's also played by the king of pretty-boys, the great Orlando Bloom. Meanwhile, Aragorn, who is probably the best of the main characters, is still very much the wise, down-to-earth, gritty hero a la Obi-wan- Kenobi or John McClaine. Gimli, in true Hollywood fashion, becomes a sidekick. He's the short fat guy who makes little self-deprecating comments that rarely are funny and actually seem to insult the audience.

This, like the other grossly overrated movie, Titanic, is a movie that plays off people's stupidity. It uses the cheapest way possible to get wide popularity, mainly with the most stereotypical, overused trash that makes up the components of your typical crowd-pleaser. It just makes it worse when people consider this ""amazing"", ""original"", ""unheard-of"", ""unpresidented"", etc. Hello! Get a life, this is your typical action flick that has one goal: to be popular without any real originality or creativity. That said, whoever did the production design on this did a good job, and that's pretty much the only award this film deserves, even with the flashy CG that seems too animated to work for such drama. I know people in the Academy can see this too, but why did they vote for this. Next time, give 11 Academy Awards to something that truly deserves it.",4
The Lord of the Rings: The Return of the King,"This is a review of all three movies, because really, they are all the same movie. Each movie is about 4 hours long which totals up for about 12 hours, so basically this is a 12 hour long movie. When watching this I am amazed that people can stand to watch this that long. The movie was really well done up, had above average acting, and had some cool fight scene, but in all, it was 12 hours of a couple of midgets walking to a mountain to pitch a ring in a pit of lava. Now a storyline like that isn't bad, the idea of going to a journey for one task (Saving Private Ryan was that, that movie was great) but when it is 12 hours long, the movie goes from being great to be crap. When watching the first one I thought the movie was great, a small story line that was going somewhere and had amazing scenes and creativity that impressed me, I thought ""this movie is great, simple story line but it is interesting."" But the problem is that this movie didn't end, I had to watch the next two. When watching the second (Two Towers) and the third (Return of the King) I got to the point, really about an hour in the second one, on thinking if this movie is going anywhere at all. I am watching a group of people walk, fight, ponder over what just happen, then walk again. Like for example, a scene that is so vivid in my mind because it was the point that about made me go crazy, the two midgets (Frodo and his little buddy) are laying there and there is this group of some weird creatures arguing on if they should eat them or not, then a bunch of horsemen come and another battle breaks out, then Frodo gets kicked in the head (which by then I was hoping that he died and the movie really changed course, but it didn't) then we found out later he got away, he runs into a talking tree, then blah blah blah, etc. etc. etc., the movie just went on with a bunch of crap, I got sick of it. They eventually get rid of the ring, but after that, the movie wouldn't end, there is more fighting, very annoying. So in all, if you enjoy watching 12 hours of people walk, fight, walk, fight, dramatize over everything, then so be it, but I would stick to my movies that get to the point, say what needs to be said, then ends without a bunch of crap in the end. 4 out of 10 for the whole series.",4
The Lord of the Rings: The Return of the King,"It had the same issue as the last three Harry Potter movies. They were entirely too catered to an audience that had read the books, which by now are complicated AND confusing. Lord of the Rings has it's own share of autistic males naming their pets after hobbits and playing the role play games, but this movie is simply not aging very well.",4
The Lord of the Rings: The Return of the King,This movie was ok maybe next time.......... good try,4
The Lord of the Rings: The Return of the King,This movie was ok some parts where lame maybe the next one will be better,4
The Lord of the Rings: The Return of the King,Generally not a fan of Lord of the Rings. I find fantasy to just be uninteresting.,4
The Lord of the Rings: The Return of the King,"It was enough pleasure to enjoy everything. I like the way the movie is placed and the time. However, there is not a specific place today or even if I had to do a couple things and then you have a good day to work with you guys in a few minutes and the same time of my time in a long way and the same for you you can not get it and you have no.",4
The Lord of the Rings: The Return of the King,"My only slight disappointment is the ending, it does feel overlong and bloated for me, almost as if there was more than one ending filmed. That said, what does make the ending at least watchable for me is the way it is shot, the marvellous score and the performance of Gollum.",4
The Lord of the Rings: The Return of the King,"I have problems appreciating this film.

All that weeping! I can't remember crying so much when I was a teenager. Nor did I call my friends Mr. this and that. Where did Sam get that from? Tolkien seems to be inspired by sagas like the Norwegian Viking sagas (Snorre's Kongesagaer) I read at school. These sagas tell the tale of brave kings and not of depressed and psychological unbalanced kids.

As mentioned in one of my other reviews, I have grown tired of computer animations. I found it interesting in 2003, but my fascination has somewhat faded over the past years.

I have no problem understanding teenagers fascination with this film. Star Wars was a big thing in my youth. Maybe this film wasn't meant for me...",4
The Lord of the Rings: The Return of the King,"battle scenes, battle scenes, battle scenes, battle scenes,battle scenes, battle scenes,battle scenes, battle scenes,battle scenes, battle scenes,battle scenes, battle scenes,battle scenes, battle scenes,battle scenes, battle scenes,battle scenes, battle scenes,battle scenes, battle scenes,battle scenes, battle scenes,battle scenes, battle scenes,

inane juvenile dialog

battle scenes, battle scenes,battle scenes, battle scenes,battle scenes, battle scenes,battle scenes, battle scenes,battle scenes, battle scenes,battle scenes, battle scenes,battle scenes, battle scenes,battle scenes, battle scenes,

tearjerker ending a la Nora Ephron.

has everyone gone insane liking this??? but, hey -Titanic sure comes to mind- the masses love a simple dialogue and a good tear",4
The Lord of the Rings: The Return of the King,"This movie is basically just more of the last hour of The Two Towers -- lots of CGI enhanced action with a lot of characters that have the same name as characters in Tolkien's books. One of the best characters, Gollum/Smeagol in The Two Towers is largely muted in this installation. In fact, Peter Jackson seemed to give up on character development altogether for the third film. Which is fine if one is only going in for a 90 minute film that doesn't have anything to do with one of the great novels of the 20th century. Unfortunately, The Return of the King doesn't fit that paradigm. My disappointment is only increased due to the fact that Fellowship of the Ring promised great things to come.",4
The Lord of the Rings: The Return of the King,"A horrible conclusion to an otherwise awesome saga.

The first two movies were good but the way Peter Jackson adapted this conclusive third film ended up having too many plot-holes.

The first movie was amazing, and as it went on it went slightly downhill with the second; although it was still a great movie.

This third just didn't keep up. I don't understand how it's the higher scoring of the three on many sites and praised... it was horrible in comparison.

What about those ghosts? Why didn't they just go to the ghosts to begin with? They slaughtered everything. It was comical. Stupid.",4
The Lord of the Rings: The Return of the King,I never truly understand this movie to be honest. I guess I just never really been into this kind of genre. I hope those who enjoyed this king of movies would enjoy it.,4
The Lord of the Rings: The Return of the King,"Where it is not the worst of the three (TTT was), it is still a very boring movie, the script has not an ounce of intelligence or grace or excitement. Art design and cinematography are excellent, as were in the previous two installments. The director is missing -probably giving interviews-, there is no sense of plot or purpose. The acting is so bad all across the cast that, to my total surprise, Liv Tyler does not seem the worse of the lot.

An unworthy movie.",4
The Lord of the Rings: The Return of the King,"Sorry but I'm not a fan. Years ago I tried reading the Hobbit but got bored by chapter 2. The first film was so so pedestrian and plodding and dare I say boring?? I saw the second on DVD such was the lack or exceitment, for me, caused by the first one.The second was little better and the third although the best of the lot is surely not THAT good?? Undoubtadly a brave production and full credit to Peter Jackson and co, awesome special effects, excellent acting but I just find this whole hobbity elf wizard thing SO BORING. It was like the Phantom Menace all that quasi neo religious clap trap was such a let down compared to the first Star Wars that I haven't bothered seeing the one about the clones and the third one.",4
The Lord of the Rings: The Return of the King,"I can't believe that this movie is rated as one of the best movies ever! I have never seen worse actors since Hercules in New York. The first 45 Minutes I was nearly sleeping and so the last half hour. The end, when they started laughing around Frodo was declamatory. Please, don't put that movie in the same drawer with the Godfather, Casablanca, Il buono, il brutto e il cattivo etc. I understand that many love the story behind the movie and that the settings are great, but that should not be all for a great movie. Since I read the book I know there are also some parts missing or different, but thats comprehensible. I rated it with 4 since the battle scenes and the setting are the only valuable thing.",4
The Lord of the Rings: The Return of the King,"I had heard that this was the best of the three. I thought the first one was very good, and the second one almost as good. So, why was I nodding off during the final episode? For one thing, the story isn't all that interesting. Characters abound but there is little depth to most of them, despite the extravagant amount of time available for character development. And really, yet another orc siege on a human stronghold, with a flimsy subplot about a father attempting to burn his not-quite-dead son. Nothing really new or interesting to add to the previous two episodes. I don't know which are more boring, the elves or the ghost army. And don't get me started about the extended epilogue. Pointless.

I apologize to the many true believers, but this movie is a bloated, boring, anticlimactic conclusion to the series. The three films as a whole provide a decent adaptation of trilogy. Unfortunately, the concluding episode only detracts from those that came before.",4
The Lord of the Rings: The Return of the King,"Quite clearly, this must be the most overrated film of all time. Right, if you are into special effects and fancy dresses, you get treated to some eye candy, but does this really justify three hours of nearly plot less costume drama. Halfway through the film it struck me that this is nothing more than some kind of violent war movie. Basically you get extremely tiring and brutal battle scenes that alternate with extremely tiring and boring dialog (usually one of the participants is dying, which makes communication a tad tedious). While 'Fellowship of the Ring' still had some humorous elements and a bit of a storyline, the third part comes across as a show reel for what computer animation can do today. But even that is not fully convincing. That little mutant that guides Frodo and his mate up the mountain remains a virtual character through most of his movements. As all the prime movers have already been established, the carnage starts annoyingly early. But hey, why bother at all with giving the cast some depth? As all the good guys are very cute, noble, good looking and dashing and all the bad ones are extremely ugly, mean, evil and nasty, every protagonist remains positively one dimensional. The condemnable moral being that ugly beings can't be nice. Well, being hardly a handsome object myself, I take offense to that. But what I really object to is the glorification of violence that is present throughout those excruciating 192 minutes, combined with unbearably stagy dialog to justify it. Hey, killing can be great fun. Though to give the director his due, this might not be Jackson's fault, but Tolkien's. However, no reason to like this monstrosity any better. Maybe I'm just a bit old fashioned but everything I like about films, i.e. great acting, an intricate script, an unpredictable plot, imaginative camera-work and clever editing is conspicuously absent here. I liked the fight with the giant spider though. Only for escapists.",4
The Lord of the Rings: The Return of the King,"The entire Lord of the Rings movie trilogy is a complete travesty. I read these books when I was very young (I'm 24 now) and after watching the movies and seeing the new covers for the books, my disappointment was heightened. One of the major purposes of any work of fiction is to exercise the imagination in the form of creating images of the things in the work, especially the characters. Now, when someone reads these books after watching the movies (even The Hobbitt) the reader will have a preset image of the characters that they've seen. The Lord of the Rings is one of history's greatest series of fictional books simply because of the imagination put forth in creating an entire world to base it on; that's now basically ruined because of the movies. A good comparison would be the Dune series, which I now feel uncomfortable reading simply because I saw the Sci-fi channels presentations of the book and Children of Dune. The only reason that the movie deserves a 4 is because of the quality of it.",4
