title,comment,rating
The Bourne Ultimatum,"Unfortunately, a lot of people will watch this movie expecting to see a dramatic, action-spy flick. Instead, what they will get is a comedy about a director trying to make a name for himself who thinks his in-your-face film style is the most important aspect of any film he directs. So he puts his epileptic cameramen on bungee cords while the camera rolls, and what he ends up with is a herky-jerky mess whose style is so distracting and dominating that no one pays any attention to the plot, acting, script, etc. Then one day movie audiences wake up and find out his style is no more cutting edge than a 90s TV melodrama. And that's how the story ends for the wannabe director.

Hope that helps.",1
The Bourne Ultimatum,"So, this highly acclaimed trilogy pretty much boils down to lots and lots and LOTS of shots of Matt Damon walking, rapid cutting the whole time as if there is actually something happening rather than just lots of walking, and the gimmick of constantly changing destinations and 'local colour'. Matt Damon isn't given much to do other than to look harried but very determined. His face doesn't really need to register anything else, and so doesn't register anything else. There are burst of violence, which seems to be what us as the audience is waiting for. Then the burst of violence is over and it's back to the walking. Of course, I will be told that it's all about surveillance and how anything is possible to the 'intelligence' services, and that we live our lives oblivious when we should just wake up. The thing is, who doesn't know all this already? Take that away, and all that's left is the aforementioned walking, rapid cutting, Tangiers, Paris, Madrid etc to do some more walking. Oh yes, the ""plot"". He's the result of an experiment, is an incredible fighter but doesn't know who he was before, and is trying to find his way to the source: hence the purposeful walking.",1
The Bourne Ultimatum,"It has been a year, a long time. A time of boring and ugliness that will make your world ****. The film is so so so so boring.................................... Die Hard 4 and James Bond were better than this crappy film. Action was boring, acting was dirty and I think I smelled something while watching this movie, OH yeah butt full of ****. Hollywood these days, I mean who wrote this story, Yuck. My brother and others loved it, only me and one of the family hated this movie. The people said yeah and I said What?. I have seen movie better and better than this crap. Ahhh, I want to kill myself, don't watch it, if you have a good taste then don't watch it. Please and Thank you for taking your time.",1
The Bourne Ultimatum,"I was so disappointed by this movie. Having seen the earlier two installments, I had high hopes for this film. The previews make it look so cool and action packed that it cant possibly be bad, right? WRONG! From the opening scene of the film you are overwhelmed with anti American, liberal propaganda to the point of feeling sick. This movie makes Michael Moore and Sean Penn look like fair, unbiased individuals. For whatever reason, the film makers decided to portray the American government as an evil, devious entity bent on world domination and willing to kill anyone who gets in the way. This movie is based around the fact that Bourne is looking to expose the ""evil"" ways of the CIA and the US government, and so he basically goes around beating up and killing US government agents around the world.

DO NOT SUPPORT MOVIES LIKE THIS! We need to stand up to the bias of Hollywood, and demand that they start making good movies again. By watching this movie you endorse the (extreme left wing) sentiment that America is the cause of all the worlds problems.",1
The Bourne Ultimatum,"The Bourne Ultimatum is a movie with a generic action movie plot. I am not the biggest fan of pure action movies but I can enjoy some fun explosions. I will (as respectful as possible) try to explain why The Bourne Ultimatum even fails to be that. I really tried not to be sarcastic but it didn't work at all times... Also I do not throw around 1-star ratings easily. I seriously could not find a single good aspect about this movie. Here is why:

1) Plot The generic plot that was made up for this movie only makes up about 5% of the movie, the rest is chase scenes. This is not exaggerated. It is easy to forget why Jason Bourne is chased in the first place because the plot is just sprinkled here and there to justify 2 hours of chasing. And then there is this role of the heroic woman that seems weirdly forced maybe to put a strong woman into the movie. Last there is the professional killer who doesn't shoot Bourne because he makes him question why he should kill him. This seems like a typical deus ex machina since this is not at all justified by the plot. Also the 2 last scenes where totally unneccessary, even made it worse. It seemed like this was decided in the editing phase: A cut of one actress with a TV and some edited in news show, then some footage of Bourne in the water when he swam back to the surface and the camera was still running.

2) Believability/VFX Despite the plot weaknesses the movie could have been fun if the chase scenes and visual effects would have been believable or visually pleasing. Most of the stunts where over the top, not action movie over the top but in a ridiculous way. This were several certain deaths he survived. Everything from explosions to sparks looked incredibly fake when they could easily have used real ones. And CGI was also way better at the time. Also the audience is supposed to believe that the protagonist shakes off local policemen through back alleys in a foreign city. It is as if he was born and raised there.

3) Cinematography -This can still be used for killing some time so how do we make it completely unwatchable?- must have been what someone said while making this movie. The cinematographer did it! Every single scene, and this is not exaggerated either, is shaky. When I say shaky I do not mean simply hand held. I mean that every close up, every computer screen, every little detail and of course every action scene is filmed as if the cinematographer filmed with parkinsons on an old mobile phone. I might be sensitive but I had to look away a few times because I got a headache from the blurry images.

4) Editing/SFX Better be safe that noone is able to enjoy the movie: The whole movie is cut as if the editor went cold turkey in the middle of cutting. Most scenes only last a few frames and they begin and end with a larger camera motion almost every time. This suits the cinematography well which is not a good thing. Sound effects are often off timing and sound cheesy/cartoonish.",1
The Bourne Ultimatum,"*SPOILERS*

Oh boy The Bourne Ultimatum the third movie in the Jason Bourne film series, it is the movie that I have never liked and honestly the weakest dumb movie I have saw. I think this movie is over hyped over praised on IMDb 8,1 and it is way over rated movie that it is not good. Honestly I don't care about Jason Bourne in this movie and about the lead character anymore.

The action sequences are terrible for me, I don't buy the action in this movie. Wow car crashes in New York or something. This is the movie I never liked, I never understood and I always forget what this movie is about! Is about nothing and I don't care.

What is so decent about this movie tell me?: Bourne realizes that the CIA is following Ross and helps him evade capture for a while, but when Ross panics and ignores Bourne's instructions, Blackbriar assassin Paz (Édgar Ramírez) shoots him dead, in the middle of a busy station, on orders of Deputy Director Noah Vosen (David Strathairn). Matt doesn't shows any emotions in this movie when Simon Ross (Paddy Considine) is killed. Like I try to save him, but I couldn't or that he would promise that he would get justice for an innocent person but no! He only showed to me how selfish he was in here.

Paz (Édgar Ramírez) killed Ross and Bourne let him go in the car crash he didn't killed him! Why did Bourne let him go? Paz killed an innocent human been a person, he was evil character and Bourne let him live an assassin! So that he could kill again and again!!

How dare you movie?, how dare you movie to let a bad guy live?!

As Bourne flees to the roof, he is confronted by Paz, who asks, ""Why didn't you take the shot?"" Bourne repeats the dying words of The Professor in The Bourne Identity: ""Look at us. Look at what they make you give."" Paz lowers his gun, but Vosen appears and shoots at Bourne as he jumps into the East River. How the heck did Bourne survive in this movie when he was shot in the back and he jump in the river?!

Only two actresses I like in this movie: Julia Stiles and her character are still alive, she helps Bourne and Bourne saves her by hiding her from CIA agents for termination. He saves her from Paz by defeating him in a fist fight with his martial arts.

Joan Allen her acting performance was incredible and it was a movie that it was a worth of watch but I never understood or liked this sequel I can't. I love the first two movie but I don't like this one at all.

Those are the only two things to watch those two girls I liked about this movie, that it is worth of time watching.

NOTE: I am still going to watch this movie as a time waster to complete trilogy, it is MILES way better than The Bourne Legacy and Jason Bourne the last two movies that come out!

I don't care about the full disclosure of Jason Bourne or that his real name is David Webb just like I don't care about Jason Bourne the fifth movie that come out this year that sucks ass! This movie is way better than The Bourne Legacy and Jason Bourne but is not a great movie it is not the best one at least not in my honest opinion.

He let the bad guys go, they won in this movie. I don't like it The Bourne legacy is worse movie than this I have issues with those three movies that come out. It is a step down from the first two movies that come out.

The ending is unexplained and not logical how Bourne is alive, what happened to Agency and the operation Blackbriar? What happened on the end? It is not logical and confusing.

I think this movie should have been the last Bourne movie, there was not needed by making any more sequels. The only good thing about the movie I can say is it is not boring or over long like The Bourne Legacy is.

This franchise to me is dead I only can enjoy the first two movies but that is all. I will try to make exception for this movie and change my opinion. But every time I am watching this movie I liked it less!

The rating for me is F 1/10 I don't hate the movie or the fans but I don't think it is a good movie mostly the lead character is not a decent bad-ass but a selfish prick in this movie for 2 hrs.",1
The Bourne Ultimatum,"Hollywood sure has it in for the CIA. After turning a pro-American book into an anti American movie you can see how Hollywood doesn't like the CIA. My hope is that its just simply an action movie and doesn't persuade anyone to thinking the the CIA has agents that kill when notified. Also genetic engineering has risen in this sci fi flick. You add or subtract and genetic material you will have mutations, and not the type you see in these movies. The CIA functions to get information from its agents who are in the field. There are no trained hit men that the left in Hollywood would like you to believe. God help you if you do.",1
The Bourne Ultimatum,Movie goers should stick together and punish all movies made with monkey-cam (shaky-cam) by giving a 1-star rating. This movie is nothing but endless chases using monkey-cam (shaky-cam) and every scene lasted for about 2 seconds. Very disgusting. Does this review contain spoilers? There is nothing to spoil here.,1
The Bourne Ultimatum,"To be completely honest I was not looking forward to this sequel what so ever. Unfortunately I felt compelled by ratings and the fact that I was unfortunate enough to watch the first 2. Matt Damon once again proves his complete inability to act and to be totally honest I think Universal should have gone with Jason Statham because I would rather have to watch crank every day for the rest of my life then see The Bourne Ultimatum again. 111 minutes of torture whilst watching Matt Damon be the absolute Spaz (for lack of a better word) that he is. The only upside to watching The Bourne Ultimatum is now I can look forward to the Wayans Brothers tearing this apart in a new spin off, Which will hopefully be entitled wannabe Bond! Well Matt, you're definitely no 007 but there's still hope for a rainman sequel!",1
The Bourne Ultimatum,"This was more than disappointing. I paid nine dollars to get so bored that I feel asleep. Despite my date's constant prodding, I couldn't wake up. There was no need to remember the plot because it was the same as the last Bourne film. Save your money and get the DVD of the last Bourne film. Nine dollars is too much for a sleeping pill. The reviews were great. That should have made me suspicious. Most film reviewers have a political agenda and not an entertainment one. I rarely agree with film reviewers and this film confirmed this point of view. I hope this is the last of this series. The author of ""The Bourne Identity""-Robert Ludlum- is dead and so should this character. There is only so much of these ""uber humans"" you can take.",1
The Bourne Ultimatum,"Although I thought the screen play was excellent I felt the videography and music score was absolutely atrocious. From the opening scene I felt I was watching a home video taken by someone with hyperactivity syndrome. The camera was NEVER still and that was in the scenes where people were just talking to each other. Once the action started it was impossible to comfortably watch. It gave me a feeling of vertigo. The car car chase I can only compare very unfavorably to classics like the ""French Connection"" and ""Bullitt"". The score was so loud it was painful rather than suspense building. Not to be totally negative, the fictional or not high tech CIA tools were fascinating.",1
The Bourne Ultimatum,"This third part of Bourne movies is a complete waste of time. There is no real development of characters. By the end of the movie we get to know Bourne's ""real"" name, but it doesn't add anything to the character and / or story. We get to know a bit more about some secret intelligence program which he was part of. But so what? There is no real suspense as Bourne is always at least two steps ahead of his enemies, always knows perfectly how to escape from the most dangerous situations without ever getting wounded severely. The only highlight in that respect is the fight against Desh, which on the other hand reminds me of the fight in Paris in the first Bounre flick. So again nothing really new. But what annoyed me the most was that always flickering shaky camera style. It is used throughout the whole movie in scenes where it is totally unsuitable. This is *not* innovative and supported action scenes only that far that you could not recognize what's happening no more (especially in the fight with Desh). Someone should have pumped the camera guy with a huge load of Ritalin. I only sat it through because I was not the driver that evening. Don't waste your money and time on it!",1
The Bourne Ultimatum,"We didn't see much of this movie - 5 minutes to be precise. It is a stinker. It was so badly done, we walked out and asked for our money back.....and got it! The camera work is lousy. It is to dark to see much of anything. Looks like a groups of kindergarten students edited it, form bits and pieces off the edit room floor. I got a head ache just trying to watch it.

Lack of detail. Lack of continuity. Lack of focus. Lack of texture. If this was a high school project, I'd burn it and tell the kids to look into some other line of work! It bounces around from 'memory to memory', I guess that what is was doing, hard to tell - looks like the camera is on a bungee cord, in an earth quake.

The theater, it self, is nice. The seats are comfortable, and the people working there are friendly. We would go back to this cinema anytime....as long as there is a movie worth seeing (this one isn't). I'd like to thank the theater for giving us our money back.

There are no 'pros' to this movie. It should destroyed, and somebody - that knows what they are doing - should do it over! Considering the price of fuel - it was a wasted trip! There needs to be a grading system so we can tell if the movies is stable or not. The price of a cinema tickets aren't cheap  but we love to go to the movies.",1
The Bourne Ultimatum,I must be the only person that thinks this is just a dumb movie. The lead character has no emotion at all but then considering he looks faintly Neanderthal I guess we can expect little else from him. The plot is so silly with no attempt to even explain things that any viewer would question. Like how does he manage to fly around the world at a drop of hat. No visa's or passports. One would have to presume that any identity papers he had would have long ago been zapped by the government. Where is the money coming from to do all this. Liekwise the guns and the id cards and the ability to be able to waltz into top secret headquarters get past all the security and just go anywhere without be stopped. Come on surely films have to have a modicum of reality to the plot. All that hocus pocus of being able to whip text messages out the ether almost instantly and have cameras at all the action spots so that the people back state side can watch. I give this 1 out of 10,1
The Bourne Ultimatum,"Either there was a constant stream of earthquakes during the shooting of the film, or the cameraman was an epileptic (or 90 yrs old).

Just horrible.

Snapshots and flickering light - no story, no connection. Like a bad bad, and I mean, BAD undergrad experimental video for a class.

It was probably shot with a camera phone, too.

The last Bond film was a PG rated action movie too, but what a world of difference! You don't need a trembling camera to convey you the drama of a chase, or the tension of a killing. It takes good acting and good screenplay, which this Bourne film was totally without.

Utterly disappointing...",1
The Bourne Ultimatum,"If I could give this a minus figure I would do. The well worn story of an amnesiac trained hit-man who is being chased by his own side because he has some secrets in his head. Yes, the plot of TV movie hidden away on US Fiver at three in the morning. But, no, the greatest action trilogy ever made!!!!!!!!! You are kidding me! The action was so repetitive - Bourne puts himself close up to his chasers and then as the technical wizardry of tracking him (my computer takes longer to start up than these people can trace a phone!) gets closer he outwits them, before we have a physical chase involving bikes, cars, and on foot, from which Bourne escapes to catch a plane or train to another fabulous location where the same thing is done all over again. Of course, the camera shakes (oh, so original), and the cutting is manic (oh so original), while Matt Damon out acts IKEA Knightley with B&Q Damon - a face so wooden that makes watching paint dry interesting! A word for Julia Stiles who acts her head off without any reward. The critics have lauded this derivative heap of junk (see Tom Cruise in MI whatever, John Frankenheimer's 'French Connection', or Peter Yates' 'Bullitt') because Paul Greengrass has apparently reinvented the spy movie - I must have missed that as I counted up the clichés and repeat shots! No, a director who has been praised for serious work on TV cannot be criticised, so like Tarentino, even Scorsese before him, if the critics have given you a huge reputation then they cannot afford to back down and call it cra*. I can, and it is!",1
The Bourne Ultimatum,"Rule one of movie-making - while hand-held camera work SOMETIMES increases the intensity and urgency of a situation. A whole film where the cameraman is drunk and someone lost the tripod - sux big time.

Buy a damn tripod guys. Yes you Hollywood.

I told 6 of my friends that this was the movie to see. Yeah yeah, it was gonna be good. etc. etc. Oh boy was I wrong. All of my friends complained about the 'indie' film-making technique. One of my friends had to close her eyes she was getting sea sick! Wobble, wobble, wobble. Verdict - this movie was ruined by rubbish camera work. Someone in the cinema actually shouted out, ""Hold the camera straight dude.""

And what is with the endless close-ups on out-of-focus faces or bits of people?

Go back to film school guys, or better yet, BUY A DAMN TRIPOD! I know you're trying to be way out and experimental, blah, blah, blah. I can't believe you finished this picture and released it in this condition.

Please tell me this is NOT the way filmaking is going. By the way Hollywood, the hand-held camera is NOT realistic. When i run along, my eyes focus on something and remain steady. If my head shook about like your camera, it would explode. Try using script, actors and pacing to forward your story, rather than amateurish camera-work that hides bad fight choreography and slow car chases where the filmmakers are restricted by inner city speed limits.",1
The Bourne Ultimatum,"Are we all so shallow that we need to sit for two hours to see one unbelievable crash scene after another? I kept waiting for the story line to develop but sadly, it never happened. ""Nicky Parsons""....can she really be an agent? She appeared extremely frightened and out of her depth throughout. She cowered in a corner while Jason heroically fought for his life, without offering any assistance. This after she, ran for her life, in mortal fear. Didn't she train for this type of scenario? And Vosen and Landy arguing in front of the ""staff""? That's going to happen. The last ""chase scene"" throughout the streets of NYC, would have killed hundreds of innocent people...is this entertainment?",1
The Bourne Ultimatum,"I didn't like ""The Bourne Ultimatum"" so much,I think this movie deserves 6.5 stars, so I give it 1 star because this movie shouldn't be in the 250 top IMDb.

I liked the first 2 movies of the trilogy: The Bourne Identity (2002)and The Bourne Supremacy (2004), and I think these movies deserve to be in the top 250 IMDb list.

I didn't like the rare shots in ""The Bourne Ultimatum"" because they are ugly and one can't watch very well what is going on specially in the parts of action. On the other hand I liked the scenes when Bourne is trying to be in contact with the journalist.

In my opinion:

The Bourne Identity (2002): 8.5 stars (very good +)

The Bourne Supremacy (2004): 8.5 stars (very good +)

The Bourne Ultimatum (2007): 6.5 stars (regular +)",1
The Bourne Ultimatum,"Great cast, based on a great story. Good action, good martial arts, lots of suspense. Sounds like a winner. I got up and walked out after about 15 minutes.

Why? The idiot director filmed the movie hand-held instead of steady-cam. The immediate result is motion sickness for a large number of people, including me. So I got the pleasure of spending $8.00 for a ticket, another $9.00 for a Coke and popcorn and another $5.00 in change on the video games in the lobby waiting for my wife to come out and tell me about it.

Hollywood needs to announce long and loud whether a movie is shot hand-held. That way, we don't waste our money on it.",1
The Bourne Ultimatum,"I recently returned from viewing this movie; and I must say that the filming was quite poor. It's as if the director attempted to make every scene jitter filled in an attempt to counter a week plot. Additionally much of the filming was zoomed in way to close, distracting from the character dialog (again perhaps covering for lacking in plot). I cannot think of a recent movie which I dislike watching as much as I disliked watching this film.

I recently returned from viewing this movie; and I must say that the filming was quite poor. It's as if the director attempted to make every scene jitter filled in an attempt to counter a week plot. Additionally much of the filming was zoomed in way to close, distracting from the character dialog (again perhaps covering for lacking in plot). I cannot think of a recent movie which I dislike watching as much as I disliked watching this film.",1
The Bourne Ultimatum,"I can't watch the movie without getting a headache and feeling sick. why do some dum @ss jurks think 'dynamic' filming adds anything special ?

fokked up a totaly good movie with shaky camera ...",1
The Bourne Ultimatum,"""The Bourne Ultimatum"" had a real chance at being something big, something to end what had began as the most admirable motion picture saga in years. ""The Bourne Identity"" blew our minds far enough to the point that we were going back to the theater again and again to experience that same excitement once more. ""The Bourne Supremacy"" promised just as much, and even delivered a good roller-coaster ride of a sequel, albeit a little inferior to it's high riding predecessor. Sadly, ""The Bounre Ultimatum"" falls completely flat from hitting anywhere near what the first two films had landed themselves. This film is has all the excitement of a snail race. Why? Well, let's see, it managed to screw itself up in more ways than one. It over blew it with the filming tactics, and the writing was disgusting! I will explain.

First off, the film begins with some dreadfully unexplainable way of taking place before the last film ended. Why the writers did this, I have but to know, anyway, Jason Bourne is still on the lamb. You'd think that after all these years he'd be okay to an extent...but wait a minute...it's only been two years since the first one, and about six weeks since the second installment...somehow before the second film ended??? Anyway, there is more conspiracy and intrigue that has Bourne as angry as a caged cobra, and he's fighting mad! Before we can digest a single up-to-date detail of what's going on, a useless story line appears, of a man who's been onto Bourne for years, following the story. The man is brought to Bourne for a quick instant before meeting his own death. Somebody was feeding him information, and somebody wasn't going to let him live...the pointlessness goes on, as does the ridiculous shaky camera-work. Soon enough, the extraneous character of Nicky is introduced this thrice time around, the film falls apart.

Despite the bad opening sequences, I was enjoying myself with the usual Bourne action stunts, and the always determined Matt Damon in the role. What's more, is that the first twenty minutes of the film is entirely DRENCHED in the memory of Marie Helena Kreutz (Franka Potente from B.I. & B.S.), giving us the notion that she might get a little more justice than before. Alas, the joy is short-lived when that lousy, disgusting, horrid actress Julia Stiles rears her ugly fat face into the film, and the character Nicky is supposed to be some resurrected position of the new Marie Helena Kreutz. That was when the film lost my admiration completely. It became the first film all over again, with many instances mirroring the first film on many levels. It is the same thing, with David Stathairn practically mimicking Chris Cooper, and that wretched Julia Stiles posing as a reminder of how wonderful Franka Potente was. Heck, that's all this movie is, a reminder how terrific the first film was, never mind the second. Joan Allens performance is a saving grace, but she can't manage to do it without a little help...and she has none, not even from Matt Damon. Everyone else runs, jumps, punches, types, speaks etc. like little miniatures programmed to function like the dangerous characters in the first two films. It's just dreadful. This is not fun or exciting for the fans. Fans more so feel the way I feel, that it is the writers and producers slapping us on the face. Do they think that we won't catch the stupid rehashing of ""Identity""?

Some people obviously find that take a refreshing, ironic stir, but I for one can't stand it! Theyshould scrap this garbage with the intentions of making another, more innovative climax to what should have been a great trilogy.",1
The Bourne Ultimatum,"OK, maybe I was having a bad day, but my opinion on this movie couldn't be more different from the majority of posters here. I've never written a review here before, but in the hope of saving someone the 2 hours I wasted watching this, I thought it worthwhile writing my first.

To me, this was run-of-the-mill action stuff where the makers couldn't be bothered actually making the story exciting, so they just shook the camera around a lot to make watching it a difficult experience (maybe exciting for some, but for me just tiring and headache inducing). There were too many plot holes, many of them huge, to make suspension of disbelief possible and the over-the-top stunts and ""Superman"" quality of the protagonist were just boringly predictably.

This move really came across as a James Bond try hard - the big difference being that that franchise is over-the-top in a humorous and tongue-in-cheek way - not taking itself far too seriously like this movie. Oh for the days when Hollywood grows up and resumes making intelligent, thought-provoking fare (I'm not holding my breath here)",1
The Bourne Ultimatum,"The last chase (I hope) is playing out as I write this--- typing is more enjoyable than getting sea sick watching this meth-cam production. But reading the ""hated it"" comments gave me another really great comment-- the person that said ""Get a tripod and some lights"". That ranks as one of my favorite comments, up there with ""This is what happens when your mother owns a production company"" for Dungeons and Dragons and ""We get it!"" for Snow Falling on Cedars. Sure the camera work is abominable--I would have had to leave the theater if this was on a large screen. The best video commentary is Milos Forman on Amadeus-- you can see his concern in making the story clear-- he worried that viewers would not understand the character walking thought the snow-- yes-- movies must be clear. Hitchcock knew to never hide stuff from the audience and that is all that passes for plot in this movie. People running to bad camera work and muddled storytelling do not make a great film-- it makes pretentious crap. As a technical worker I am also appalled by all the improbabilities-- his hands bleeding in one scene and Palmolive-smooth from then on. The way the phones and gizmos work was also pretty fanciful. I would like to think that the women that put all the secret documents into the FAX machine had them upside down-- all that got sent was the blank backs of the documents. And we all know about Hitchcock's McGuffin, but would the bad guys really keep every single incriminating thing in a handy set of files? After hanging around the mob and biker gangs I assure you that nobody, I mean nobody, acts the way these people do. Monologuing- they made fun of it in the Incredibles, I mean how can you have yet another boring chase if Jason Bourne does not call the antagonist and tell him he is in his office? Why not just run around downrange at the drunken redneck shooting academy? That is suspenseful too. And every time someone really has the jump on Jason, they go all squishy-- the girl in Tangier's, the women lead, and most unbelievably, the hit-man at the end. Yeah, the mob hit-men I knew always stopped and questioned their role in the universe when their mark made a sagacious comment. Oh, and Jason always tries to save the bad people's life, in real life he would kill everyone he comes across including the janitors, the children, and 20 or 30 other innocent people. The real pathos is that our country really does have a special rendition program that this movie could have exposed but it was so caught up in fantasy, derivative, make-believe behaviors and situations it could not comment on the grim reality all of us face as a formerly free peoples.",1
The Bourne Ultimatum,"I'm not even going to bother in analysing this piece of rubbish.Matt Damon is one of the most overrated actors ever. And this movie only serves to prove it ! The top 250 is sometimes a joke, starting with the number one movie. Not bad, but is one of the most predictable stories ever told. There are with no doubt way much better films below. But that's another thing. What matters is that Ultimatum is a mediocre film. Your head will be shaking after seeing this. These days if you have enough CGI and camera shakes you have a good film. When you squeeze that sponge, no talent comes out of it. Hollywood and the directors they hire these days haven't learned anything with the past. It's all about the money. The only purpose is to feed lazy minds. Avoid this if you can !",2
The Bourne Ultimatum,The title says it all. Just as bad the previous bourne movie.,2
The Bourne Ultimatum,"I urge you not to watch this unless you are under the age of 14 or inebriated.

No no no.",2
The Bourne Ultimatum,"There are no spoilers in this review because we all know exactly what the script is going to be. The Bourne Identity was a bit of fun if ultimately forgettable. Lots of good action, who is Bourne and a who's tying to kill who film. So if they did it once they can do it again with The Bourne Supremacy...wrong. You can only do it again if you write a new script with some new ideas in it. The Bourne Supremacy has neither of these. We have Bourne wandering around Europe trying to work out who he is and who is tying to kill him. Didn't we have that in the first film. The action scenes are fine especially the cab chase, but the script is non-existent. Matt Damon is good but the rest of the cast just look like they don't know which film they are in. They seem to be going though the motions until the next sequel. I shall not be watching The Bourne Ultimatum as I suspect we will have more of the same. On the other hand I've already watched it in the first 2 films...!!!",2
The Bourne Ultimatum,"The Bourne series has often been called the James Bond of this generation. Well, if that is so, the franchise has, with ""Ultimatum,"" hit its ""Roger Moore"" years. The action sequences are outstandingeverything else is poorly acted, poorly written, idiotic crap. I thought the scenes in the super-secret CIA subgroup's control center were some of the most ludicrous I've ever seen in a big budget movie. I thought the overwrought, ultra-clichéd, sub-Chuck Norris dialog was going to kill me! The CIA guy in command, David Strathairn, is constantly yelling out ridiculously obvious orders like ""I want to know everything about this guy before he even knows it!"" as though his team is doing this for the first time and doesn't know what they're supposed to do. And, even though these CIA spooks can apparently see anything they want on video at any time anywhere from the comfort of their secret lair, and even though they can put any number of operatives on the ground anywhere they want at a moment's noticethey still lose a key suspect they're tracking when Bourne tells the guy to STAND BEHIND A BUS. No, I'm not kidding. And there's also an inexplicable (and inexplicably stupid) sequence in which Strathairn (I hate to keep picking on him, but he was saddled with most of the idiocy) barks at his operatives in the secret command center to show him records with photos of the contents of an apartment that has been searched. What they show him are not scanned images or individual items, or anything like that, but photos of documents that have just been dumped in a pile at random. But lo and behold, they happen to see the info they need peeking up from behind some other papers! Wow! What luck. What dumb, dumb luck.

And the stupidity isn't limited to the CIA, either. Mr. Super-smart Bourne also has to depend on clues like file folders that have gigantic red stamps on them that read ""CENTRAL INTELLIGENCE AGENCY: TOP SECRET!"". I mean, reallyis there anyone above the level of an 8th grader who actually thinks the government puts big red stamps on their secret stuff? Is that what you do with stuff you don't want others to see, put a huge red sign on it that says DON""T LOOK? However, the action sequences were outstanding. Too bad the people behind the series have taken out all the brains.",2
The Bourne Ultimatum,"Very annoying music the entire time.. come on.. give me a break, literally! This is one of the most boring and meaningless movie I've seen for a long time now.

Matt Damon, Joan Allen and Albert Finney did a god job though. But it was totally lack of an interesting history plot there! Personally, I think I could walk in to the movie at the last 30 min and still get enough pictures of the story. The first part of the movie was totally wast of time!

I can only count 3 scenes at maximum that was novel and fun. The remaining 100 min of the movie is just endless action-crap!",2
The Bourne Ultimatum,"How, oh how, can I movie that presents itself as ""realistic action"" that features 50 officially recognized goofs get a rating of 8.2? Simple: viewers have essentially no standards for what comprises an effective action movie.

There are essentially two routes that an action movie can take to be successful: -It can be cheesy, fast, fun, over-the-top and unbelievable with larger than life characters.

-It can be rough, raw, intense, realistic, and stay within the confines and limitations of real people.

These two sub-genres of action should be mutually exclusive. The Bourne Ultimatum tries, unsuccessfully, to blend the two together in what can only be described as a train-wreck of a movie. The plot is a mix of sensible ordeals and unrealistic conspiracy that plays off in an unsatisfying manner. The action scenes are beyond amateurish - hits don't look real, the camera jumps around to avoid showing just how bad the actors are at conveying action, and the editing is perhaps the worst I have ever seen in a high-budget production. My grandmother could throw together a better action scene on her personal computer.

This is perhaps one of the most thoroughly unenjoyable movies I have ever had the misfortune of viewing in the theater. It wasn't smart, it wasn't fun, it wasn't funny, I felt no sense of danger, and the plot was very predictable. Adding to all of that, there are numerous errors in consistency that seriously tear down the fourth wall. Easily the worst in a trilogy of mediocre films, the other two are at least watchable...this feels like getting hit in the face with a hammer and having to sit through an amateur editing project.",2
The Bourne Ultimatum,"Matt Damon starts out all nice and innocent, but then grows phallus's all over his body and the action movie soon turns into nothing less than a messed up Japanese anime with furries. Yes, furries. These are not just the regular gross dogs and cats, they take it to a whole new level, introducing new hideous ones, such as whale furries or pterodactyl furries. The scaly scrotums of these beasts are used in every way imaginable. The orgy comes to a frenzy when Paco, a Mexican day laborer, throws a baby into the pit with Matt and the furries.It is instantly turned into a writhing sack of unidentifiable meat. Matt then proceeds to grind it to a pulp with his massive chin. The furries then feast on its flesh in a way so vile, i had to leave the room. Don't watch this, its gross.",2
The Bourne Ultimatum,"I enjoyed The Bourne Identity, despite it's slow start; I loved the Moby track at the end. I really loved The Bourne Supremacy - superior in every way to Bourne one, and I still loved the Moby track at the end. I settled down to watch The Bourne Ultimatum with great anticipation, especially as so many reviewers have raved over it - ranking it as the best of this initial trilogy. Well, if your thing is an endless hokum chase, shot through a lens being loosely held by a cinematographer who seems to have buttery fingers, a severe case of St. Vitus dance, and legs made of slinky-style springs - which constantly bounce and wobble, up and down, and from side to side - perhaps due to being located on a bouncy castle in some hyperactive earthquake zone, then this is the movie for you. The best thing about it was the Moby track at the end. It's the only thing worth scoring here.",2
The Bourne Ultimatum,"All right, all right, everyone just calm down. I know you're all agonizing over my controversial re-naming of the recent Boring Ultimatum--see how I changed it again!. I'm writing this review about the Bourne Malarkey much less as a review than as me personifying B3 by using an arrogant yet self-deprecating voice, along with several impressions of people who obsess over the film with less justification than my cat has for sucking his own nipple. At least he purrs. I swear, Bourne fans gain no milk from the teats of B3.

Allow me to present a case for The Bourne Ultimatum's overrated appeal.

*Curtains up* *Enter The Bourne Ultimatum. Appear shaking while, with the least amount of development you can muster, portray government figures who are overly corrupt* Bourne Ultimatum: ""Oh, hi guys! Didn't see ya there. Then again, you nor I can really see anything because we thought it would be way radical if we viewed the world from our Parkinson's-ridden hands."" *phone rings* Bourne Ultimatum: ""Hello?"" Matt Damon: ""This is Jason Bourne!"" Bourne Ultimatum: *include as many generic voices as possible that demand X amount of seconds to trace Bourne's call, yet, of course, fail at tracing his call because you are trying to catch Jason Bourne! Jason Bourne, Man Who Knows When To Hang Up Before His Call Is Traced* ""Where are you, Bourne?"" *pretend, go ahead, FANTASIZE that you are the one in control of the situation rather than Jason Bourne. Come on, I'm sure you could trowel to the murkiest chasms of your imagination and make-believe that YOU are the one at the reigns in this conversation with J-Bourne* Matt Damon: ""I'm *insert shocking location*"" Bourne Ultimatum: ""Blah blah blah, something about 'who's Bourne's source?' lets chase Bourne while we minimize discourse....I mean really minimize discourse.... like, how are there three books about this plot; there is so little interchange! Blah blah, oh look, some other girl who Jason Bourne was sketchy with and is now cool with and who now has to run from the Big Bad CIA just cut/dyed her hair. Umm, uh, I guess car scenes where the car gets hit a lot of times was cool in the first Bourne, so um, let's do that again. Get Bourne! Get Bourne! We're corrupt, duh! The End! Yipee!"" (dramatic Moby song)

I feel I didn't emphasize the camera-shaking enough.

Overarching cool themes: Jason Bourne's whole ""How can I not remember who I am or why I'm here, yet be so suavely brilliant as to facilitate slipping a phone into a journalist's pocket and omnisciently guide him to safety amongst a sea of CIA agents promiscuously lusting after the blood of said journalist"" (of course, this suave sequence to safety ceases immediately when Journalist disobeys Jason's command... perhaps paralleling Journalist to Adam's decision to defy God and eat from the tree of knowledge. Is Jason Bourne God? Or, if this scene didn't reflect the Fall of Man, it could also be analogous to the Visa commercial in the lunch cafeteria where everyone synchronously purchases food with a debit card until Stubborn Joe Schmoe decides to pay with cash and screws up the whole system).

Anyways, this is pretty much the only cool thing of the movie: people working for the CIA slowly realize they are fighting on the wrong side (e.g., sniper guy who lets Bourne escape, Julia Stiles, the Blonde Older Girl who was also in The Crucible). All of the mentioned characters are versions of Jason Bourne in that, like Jason Bourne, they originally wanted to be Mr. or Mrs. Good Guy, killed people or tried to killed people, realized they were killing/ trying to kill the wrong people, got angry at whoever was in charge of the CIA, and sought revenge. Say this next sentence out loud in the most sarcastic voice you could ever imagine in your wildest dreams, it'll be fun:

WOOOOOOOW, what a SWEEEEEEET PLOT DUUUUUUUUDE!

This whole ""I've been working for the wrong side"" morality flip-flopping is the source of the movie's stupidity, and I will explain why, starting now: The morality flip-flopping of Jason Bourne (which we only kind of see in stupid Tripppy flashbacks), the Sniper Dude, Julia Stiles, and Older Blonde Woman is stupid because their exodus from the Dark Side occurs for the stupidest reasons... that is, they just SUDDENLY HAPPPPPEN to realize they are corrupt. How convenient. I know, I know, thats how all moral 180s occur. But why specifically those characters? Can't all the bad guys just sit down, have a brew with our weird-smiling hero Matt Damon, and comprehend how the CIA had brainwashed them as well as them? If the Sniper, J. Stiles, and The Crucible could recognize their mistakes by simply acknowledging Bourne's harmlessness, couldn't Desh, Clive Owen (yes, thats a reference to the Bourne Identity), or the CIA Deputy Head Honcho guy (who kinda looks like a cross between Dustin Hoffman and whoever plays the funny butler guy who's obsessed with feet in Mr. Deeds) just as easily do the same?

Camera shaking!",2
The Bourne Ultimatum,"Was going to binge-watch all 5 of the Bourne movies. First one great, second with change of director, irritating.

This one, same director as the second, Greengrass. Switched it off halfway through. I think that must be the first time in my life I've 'walked out' of a movie because of the camera work.

His insistence on wobbly hand-held shots even in relatively static scenes, intentional blur using long exposures, and fast cuts (without even timing them, they're just random) rather than intelligent action was tiresome in the second Bourne. To have to sit through more of the same was just too much.

Other major action franchises, like Bond or Mission Impossible, can manage this without falling in the same trap. It can be done, just not by Greengrass apparently.

I'd love to know how the plot ended, but not enough to actually sit through it.",2
The Bourne Ultimatum,"typical action movie. bang bang. alert chick secret agent. dumb fights. car chasing and crashing. broken storyline. ridiculous expressive close ups. pathetic jokes. science fiction assumptions. expensive budget, you can easily tell that. unnatural behavior. incomplete cityscapes and everything looks like some household appliance that works even though you know it is unplugged. Matt is a good actor but well, bad movies good acting are everywhere. If i was 12 maybe i liked the movie, but come on, this is pure crap; yet another proof marketing and brainwashing do work nowadays. Actually Van Dame, could kick Bourne's $#%, cause besides fighting and being shot at, he could also have sex with the girl. Bourne lacked that skill! Badly!",2
The Bourne Ultimatum,"So what is the Bourne Ultimatum all about? Nothing really, it doesn't exist. The Bourne Supremacy, the 2nd movie, never really ended. As it turns out, the bad CIA people in the 1st & 2nd movies weren't really the Ultimate bad people. Now we just move it up a managerial level, use the same story, a few flash backs, and now we kill the REALLY bad people.

And of course, the American CIA is the root of all evil, so they're always the bad guys. All the other secret agencies in the world are just sweet-hearts, so we never make movies about China's Ministry of Security or the North Korean Police.

So other than a retread storyline, there's one more thing you have to look forward to: motion sickness and a headache.

To support the 1990 Americans with Disabilities Act, director Paul Greengrass only hired camera-men with severe Parkinsons Disease. So, if Speed II: Cruise Control gave you a headache, prepare for a serious migraine from this movie. I'm sure there were some great action scenes (the high speed chase on the scooter, for example), but I couldn't watch it long enough without my eyes throbbing. Even walking down a hallway, the cameraman must have had a hangover, because the DT shakes were severe.

I've played Doom, Quake, and Halo, with no ill effects, but The Bourne Ultimate Headache was nauseating.

Since the story line for this movie was so invigorating, fresh, and new, I can't wait for the next movie, where we find out that we didn't kill all the really bad CIA people, and we didn't find the truly bad doctor who caused all this. So get ready for the 4th movie: The Bourne Endoscopy.

Bottomline: go see Die-hard. Now THAT was a good movie!",2
The Bourne Ultimatum,"What is wrong with Paul Greengrass? This film has the same frenetic, sloppy feel of its predecessor which considerably takes away from the action. Camera movement can certainly accentuate a moment or scene, but the Greengrass does it, you can't tell what's going on half the time. All the other elements are in place for a good action film, but the director screws it up. I suppose there's a certainly freedom for a director to be able to show up on set with no shot list or storyboards and just be able to instruct his cameraman to just keep the camera moving and get what you can. If two people are fighting and you can't tell who's doing the hitting and who's getting hit...that's bad direction. If there's a car chase and half the time you can't tell who's shooting, crashing or dodging...that's bad direction. I can just imagine the editor being handed the raw footage and thinking ""what the hell am I supposed to do with this""! Well, he probably did the best he could. Fire the director!",2
The Bourne Ultimatum,Tried to watch this but the camera was so shaky I got a headache and had to give up after 20 minutes. It seems the bourne films started out a little shaky and it worsened For every film and this was just unwatchable. Motion sickness for the lose.,2
The Bourne Ultimatum,"At first, when the film started after the usual ads (always the more exciting part of these films), I thought I had by mistake gone for rebate tickets and got stuck in one of those places where they dish you with versions of the film that were filmed on the screen by some person hiding in the back of some dingy cinema. And I thought, well, to make matters worse, this guy obviously had a couple of beers before starting and might even have been swigging them during the film itself seeing how the camera jolted violently quite frequently, 'bout, say, once every two seconds or so. I also thought, this guy is going pretty heavy about it. Never mind about the guy now though, so, as I was saying, when I finally realised this was the state I was reduced to seeing this film in, although I had paid 9 entry fee, I nearly cried. Luckily, I didn't, because this would have proved unnecessary, since my eyes were watering in any case after five minutes from the shaky-cam camera. However, determined as I was on managing this task worthy of Hercules, I managed to stay the full two hours in the room. Don't even remember the plot. By the way, was there any?",2
The Bourne Ultimatum,"Many people call this an 'action classic', and if that's true it doesn't hold up very well as one. The 'action' is a series of quick cuts, hyper-sped up movements, and jostling cameras that prevent you from seeing anything that happens. Ugh. There is one acclaimed stunt where supposedly Matt Damon really jumped from a roof through a window. If he really did it, why couldn't the director show us more clearly? It takes something like five different, rapid shots to show him jumping through the window and for all we know they could be spliced together from different takes and he didn't to the stunt at all. That's just one example of why the action in this movie fails.

At its best this movie is the epitome of the 'realistic', 'documentary' action style that dominated the 2000s, when 911 happened and everyone was feeling angry and broody. For that I suppose it and the previous Bourne entries deserve some recognition in the archives of film history. Nevertheless, I'm glad American movies have more or less out-grown the shaky cam craze and I will be re-watching the recent Mission Impossible movies instead of going back to this.",2
The Bourne Ultimatum,"There were simply too many things I hated about this film for it to be anywhere near the grades people here have given this ridiculous movie. I almost got up and left when they, the film makers, tried to pass off Bourne giving CPR to a woman while under water. If you can swallow that then there is nothing more to say. Also, I am willing to bet that this film has more cuts edited together than any other film in history.This is the sort of film I loath being that it was made in the cutting room and not a clear vision of anyone in particular, usually the director. No one could have had a clue as to the out come of this film until the editor got his hands on it. Not my idea of great film making.

There was a time I would see anything with Matt Damon,because of the smart roles he chose. This film is a perfect example of how the public has been dumbed down by this sort of rubbish.

As for Joan Allen,she better eat something. She is painfully thin to look at.",2
The Bourne Ultimatum,"The movie starts out on a semi-promising note, but quickly goes downhill. Acting was sub-standard and static, the fight choreography, while impressive, was impossible to enjoy because of the spastic camera work. (More on that later...) and the plot was more full of holes than the average James Bond flick. I found the movie to be one of the largest disappointments to ever cross my eyes since Star Wars Episode 1.

Now, the camera work. It would seem that the production crew spend so much money paying for flights and accommodations in cool locations that they didn't have enough money left over to rent tripods for the cameras. Long-zoom shots taken from the shoulder, and what can best be described as an epileptic fit during the action scenes did nothing for the movie, except make it so I didn't want to eat any more popcorn for fear of spewing it out onto the floor.

The story line was so poorly constructed that I was nearly out of my mind with boredom. Because of the horrible acting, I had no connection with the characters on screen, so even when I was supposed to be gripping my seat in anticipation, I was yawning, and trying to stay awake.

Waiting to see this movie on network TV is your best bet at enjoying it. At least then you have the chance to be entertained by the commercials.",2
The Bourne Ultimatum,"The whole movie was a total let down. I enjoyed the first movie as it was interesting, but this was just a waste of time and money.

The whole movie screamed at me ""WE HAVE A HIGH BUDGET!!""... I don't care. They didn't manage to achieve anything. The whole movie seemed like it was dark and everything, but there was nothing particularly moving about the whole thing. All they did was destroy few things and run around some cities with a few hundred extras.

When I watched the fight scenes, my jaw dropped. Most certainly not in a good way, either. It was some extremely shaky filming and fast cuts. The majority of the time I had no idea what was going on. The fighting itself wasn't too bad, it was like the Vernita Green fight from Kill Bill, but everything was far too shaky and twisted. There were a few shots that I swear were actually upside down. While watching the fight again on YouTube I realized that I wasn't just being picky when I first watched it, it was THAT terrible. It would be the perfect fight to watch if you adore motion sickness.

The whole timing of the guy running around between the extras was pathetic. It was the same crap you see in any spy movie, but it was executed terribly. There was no spark, if you've seen anything like it before you'll know how bad it was done.

My parents were surprised to see my reaction to the movie as I loved action and thriller movies. I went with a group of 40-year-olds, most of them enjoyed it... I was close to shooting myself.

The entire movie was directed, filmed and edited pretty bad.

I can see how some people like it -- they simply never see any dramatic, thriller or action movies.

Watching the trailer on YouTube I barely recognize the movie, which just proves how unmemorable and plainly different the trailer is to the movie. I honestly couldn't look past the shaky camera work - it was just distracting. I might watch this movie again just to make sure that it IS that bad, and I'm not just making diamonds out of coal.",2
The Bourne Ultimatum,"My wife and I both enjoyed the first Bourne movies, enough so that we bought the DVDs. I really liked the soundtrack for The Bourne Supremacy, enough that I bought that at full retail at Borders.

So we were very, very disappointed at watching the movie last night. Paul Greengrass, who directed United 93 (excellent, difficult film) used and used and used the shaky camera technique as well as cuts so fast that you couldn't tell what was going on.

I felt the movie was basically a rehash of the second movie, something that wasn't helped by them using the same songs from the second album. Right down to the Moby song over final credits.

Rent it in a few months. Or just watch the second movie again - you'll enjoy it much more than you will this.",2
The Bourne Ultimatum,"Bourne travels all over the world? Why? And how? From where exactly he gets the money to afford it? And how he does it, having no disguise, while he's the most wanted man on the planet? Bourne jumps from window to another all over Tangier's buildings, while all the windows are opened and all the people are out! How, at the end of that chase, he knew the place of the one he chases? By the last's smell?! The CIA's offices have always glass, with no curtains, so whenever Bourne monitors them, he could see everything. So Bourne, finally, remembers, OK, what did he remember exactly and we didn't know?! Bourne could go inside the CIA while no camera filmed him? (He's the invisible man!). Bourne could survive a bomb that got exploded couple of meters behind him, not only this, he could also run after the one who exploded it, fight him, and kill him (Now he's Wolverine!).

Actually, it doesn't have plot holes since originally it doesn't have a plot. They didn't have much to write in this sequel, so they transformed it into idiot chase after another; someone wants to kill dear Bourne, and - surprisingly - fails, added to meeting the first mentor to know nothing new, and putting the whole gang into jail, so easily, by the end. The script reuses many points from the previous 2 movies; the big bosses are watching the lead through cameras in a surveillance room while beating their men, a car chases another.. one flips.. then the always great Jason Bourne comes out unharmed (the trademark of Bourne movies I guess, since it's present, as it is, in all the 3 already!), and - why not - (Julia Stiles)?? The only necessity of doing that is the penury. It has zero drama, zero attraction, and with (Matt Demon) around.. no credibility at all.

(Demon) as an action hero is a tragedy. No matter what Kung Fu he mastered, this guy is too poor to convince me that he can waste all of these men in seconds. As a charisma, he's just a flat boy. And as an actor, there wasn't anything to be acted in this movie. See, lesser actors like (Arnie) and (Sly) do the job better. They can convince me as fighters, they have tough charisma, and they act in a cool way (like saying their one-liners in memorable wit). So (Demon) here couldn't be them, and that script couldn't give him a decent chance to be a serious Bond either.

Director (Paul Greengrass) did some noticeable efforts concerning the action. And he handled the rest with his familiar style of shaking the camera deliberately as a different way to make the Hollywood fun while mixing it with a touch of realism. However, while there is no script to it, and a lot of (Demon), the action ran pointlessly and boringly. The green color that embodies the lead's pale memory, or the vague facts around him, didn't serve much, especially when he *remembers* this time (maybe Greengrass didn't remember that itself!). Sometimes shaking the camera was exaggerated for no reason. For big example, recall the scene of telling the brother that his sister / Bourne's love died; that was really annoying and adolescent!

The movie, self-conceited to the max, almost believes itself as one gritty political thriller. But by that empty absurd script, the whole thing turned into a long unfunny comedy. Scriptwriter (George Nolfi) is brilliant when it's about writing a collapsed movie, with dozen of unsolved questions, which looks so confident though. (Timeline - 2003), (Ocean's Twelve - 2004), and (The Sentinel - 2006) are good examples. Every one of them, including surely (The Bourne Ultimatum - 2007), seems like someone talks absolute nonsense yet so seriously. It isn't droll. It's rather pathetic, and with the insistence that it's droll: provoking!

Good things? The cinematography despite the over-shaking, the intense orchestrated music despite being unduly on for all the time, and the action stunts despite being detached segments that could be watched separately.

It is a mix of alleged script, too many whys and hows, very uninteresting lead, dull everything, and thrilling nothing. All of it encourages you not to interact, respect, hence watch. Long story short; I slept in front of it.. truly. (Ultimatum) is no more than inconsiderable movie that tries desperately and miserably to feel considerable. Let it, its publicity, and its blind fans delude anyone else. Voted as ""Movie of the Year 2007"" by Empire magazine MY FOOT!",2
The Bourne Ultimatum,"I was sleeping during half of this movie and still try to find out from which point it would be good to pay attention. My guess is that the ""moving camera"" is a sign of the directors doubts about the plot. He therefor creates action where there is no action. Although the movie is technically very good. It is sad that this should not even be mentioned for a movie ""made in Hollywood"". I like the cast despite the fact that they do not seem to act with each other...only everybody plays with them self.I like the music...very cool. Matt Damon never plays something else then Matt Mamon if he has no strong co-actor forcing him to step out o the box. This is my humble opinion and I like the idea that the is place where you can share your thoughts and learn from possible resp-ones.",2
The Bourne Ultimatum,"This movie was poor. I was bored out of my mind. Maybe the first 20 minutes of so was somewhat interesting as there was a big chase scene. That was followed by another chase scene. Which was followed by...well you get the drift. Actually this is all not true. The entire movie was one big chase scene. It is difficult to find a part where there was not a chase scene. Maybe if Bourne walked for 10 seconds that was a new scene. Each camera shot was one or two seconds max. It was MTV style direction. Total headache inducing cinematography. There was virtually no plot at all. I was bored. This is a good movie to go see at a drive in because you can talk throughout the whole second half of the movie and not miss a thing. This got a 8.4 on IMDb??? I was scanning the movie theaters yesterday and no less than six (6) movies were granted with a 8 rating or higher...in one theater alone. For perspective, a 7.9 was the #250 top movie of all time. Give me a break. People are getting way generous with these 8s these days. Talk about grade inflation. If you liked ""Independence Day"" or ""Armegeddon"" and ""films"" of that ilk, then perhaps you will like this. If you have a brain, do not go see this movie.",2
The Bourne Ultimatum,"Occasionally a film will come along that will leave me feeling totally disconnected from the movie-viewing (or at least the theatre-going) public. This was certainly the case with ""The Bourne Ultimatum"" (2007), whose popularity with viewing audiences and critics made me feel like I had grown up in some other culture and never learned the language of films. Because my disconnect was so total I have spent a bit of time reading reviews and comments, trying to pin down the reasons for my ""somewhat"" contrarian reaction. I say ""somewhat"" not because of my degree of disconnect but because I am not alone in these feelings, a fair number of viewers have had negative reactions as extreme as my own.

So for the benefit of those who are thinking about viewing the film here are a few points that may help you predict your reaction.

1. Have you seen the first two films? ""The Bourne Ultimatum"" is the third film in a popular trilogy based on a series of popular books. I had neither seen the first two films nor read the books. This is a bandwagon I had avoided (my attendance at the third film was almost accidental-I had some time to kill one afternoon and it was the film that was closest to starting when I arrived at the ticket window). I had avoided them despite being a huge Julia Stiles fan, mostly because I dislike Matt Damon almost as much as Titanic Leo. But my reaction to Damon's performance was unexpectedly positive in ""The Bourne Ultimatum"" so that turned out to be a non-factor. You probably will enjoy the film more if you know about the franchise and the background of the story. Not so much because it is all that hard of a mental exercise to follow the rather simplistic storyline but because of the second factor I am about to discuss.

2. Can you identify with the Jason Bourne character? I think this was a key reason for my own disconnect. Presumably most of those who who buy a ticket bring a ready-made identification with them, carried over from the first two films. If you don't already have it, don't expect it to happen during film three. At no point did I like, admire, or identify with this character; but I might have had I met him in the earlier films.

3. Can you suspend disbelief during action/conspiracy films that do not feature characters with superpowers or supernatural intervention, where a character exhibits implausible physical prowess? For me personally the Bourne franchise was doomed because of my inability or stubborn refusal to accept silly action sequences that have no credibility. ""The Bourne Ultimatum"" reminded me a lot of ""Mr. and Mrs. Smith"" without that film's element of humor. And while this exercise in excess is sometimes tolerable in obvious parody films like ""Ultraviolet"" or maybe not (insert ""Electra"" here), it just puts me to sleep when it is supposed to be taken seriously. My guess is that if you enjoyed Ronin"" (1998), ""The Ipcress File"" (1965), and ""Enemy of the State"" (1998); you will find the ""Bourne"" movies generally moronic.

4. Do you feel like a displaced person during your occasional visit to your local mega- multi-plex? Outside of some college towns you have to look long and hard to find anyone but wiggers and drones standing in line for Hollywood's latest saturation booked products. I'm not talking about the occasional family film or chick flick, but rather the standard dumbed-down blockbuster (both those that do well at the box office and those that tank). If so you have probably formed the same sort of theories about the sub-group of society that represent the target audience for this stuff and there is no need for me to elaborate.

5. Are you a big fan of computer generated sequences, fast editing, and production techniques that call attention to themselves? Most of the critical comments about ""The Bourne Ultimatum"" at least mention its reliance on ""unsteady cam"" filming and flurry editing. Like ""The Blair Witch"" stuff, these techniques are deliberately employed to create a subconscious disorientation in viewers; it is not the result of poor cinematography or cheap post-production work. Unfortunately they are done to such excess that they quickly call attention to themselves which tends to undermine any impact they might have had on the subconscious. Also, they are lazy ways to stage and to film action sequences, making most of this stuff on the authenticity level of ""Electra"". Unlike ""The Third Man"" and ""East of Eden"", where odd camera angles reinforce off- kilter ""moments"" in the story, the pervasive use of this stuff means that there are no normal scenes with which it can be contrasted.

Hopefully these five points will help you to determine in advance whether you should hit the theatre for this production. Then again, what do I know? I'm only a child.",2
The Bourne Ultimatum,"Somehow I was roped into believing this installment would be better than the previous two, which I thought were grossly overrated. I was duped again. It's amazing how many people think this movie, and the whole series, is quality. It's awful. From the first one to this one, the plot is unnecessarily convoluted, hard to follow, and filmed in a relentlessly frenetic pace, as though to camouflage a story that lacks excitement to begin with. It's all far fetched espionage gimmickry that requires a heightened suspension of disbelief. None of the characters are likable, and Damon is majestically milquetoast and boring. The plot is basically a prolonged chase scene, embellished with telecommunications gadgetry, spy-tech mumbo-jumbo and instantaneous escapes to various countries. We're supposed to think a lot is happening, and the tension is supposed to be building. Wrong. I was starting to fall asleep, actually. We're also to believe that because of multitudinous European locations, the movie must be sophisticated. But the most irritating element to the movie was the herky-jerky photography; again, seemingly meant to fool us into an on-the-edge-of-your-seat mindset. All it did was annoy me, and remind me of stupid forensic cop shows on cable TV. And the flashback scenes were laughably amateur, as well. How this movie has such a high rating here is beyond me. The whole series of Bourne films belong in the garbage bin. They comprise one muddled, disjointed, uninspired and ultimately stupid story that should have been saved for the writers strike to replace a few CSI episodes. Brutal.",3
The Bourne Ultimatum,"Yet another offering with a soundtrack thumping away in the background and an editor suffering from St Vitus' Dance. Are all current film production people unable to make a film where a scene does not change to another view after 0.93 seconds? Do they ALL assume that the audience need junk music every second to keep their interest? Why the relentless pace, lack of establishing shots, even a pause for breath? Then I changed my way of watching this film. Put the sub-titles on and mute the sound. Ah, thats much better. It does seem to me that the cartoon films (coming out in great numbers these days) do pretty good at mimicking human characteristics and the action films, showing humans in the starring roles, are now given the attributes that years back were only available to Tom and Jerry.",3
The Bourne Ultimatum,"I thought this was a new movie, but I must have misunderstood. It looks like the previous 2! and the 3 ""Bourne saga"" movies all together all look like the 3 days of the condor! I think that if there is one thing that we know about USA thanks to Hollywood blockbusters is that at CIA work some very dangerous people! What? Oh no, they are sending an ""asset"" to terminate me! IMDb requires at least 10 lines to allow me to publish my comment, but it's hard to find 10 lines of stuff to say about this movie. Maybe one could wonder about the planet hopping of Mr. Bourne, his infinite supply of passports, and of that thing, called money, that we all struggle (on a daily base) to procure. I know I know, a movie is a movie, it doesn't need to obey the rule of physics! I so wish I wasn't the obese 42 years old ""it consultant"" I am, and instead I was a highly trained CIA cover-op assassin, someone that could survive everything and anything. I think it's 10 now. No really, I didn't like this movie so much. :-)",3
The Bourne Ultimatum,"While I'm a great fan of the first two Bourne installments, this one clearly marks the demise of what should have been a duology kept intact. As the story has basically been closed with ""Supremacy"", where Bourne finally got into the clear about his Treadstone past and Neski assassination, the production team had to try hard and find something they still could tag onto and continue a finished story. Clearly, to squeeze some more bucks out of a financially successful franchise.

So we now gotta learn that there's been still *another* covert project behind Treadstone, called Blackbriar, and basically the same story we just went through starts over again. I.e. corrupt agent executives declaring Bourne to be a threat and chasing him in an eventually vain attempt to cover up their miserable deeds. Seen before? Yes.

And as the plot thins out, this movie naturally got to be more ""action packed"", where action basically means cars crashing, stuff exploding and stunt men performing various physical actions. So if you're happy with watching Bourne limping around after having crashed yet another car or jumped from yet another building, this movie could still be for you. Just make sure you leave both, brain and taste, at home though.

The really sad point about this is that those greedy losers ruin the first two Bourne's for us as well, because at least I just can't watch them with the same eyes as before. They've thoroughly been spoiled now, yet I'm confident the creators couldn't care less.

Incidentally, anybody hoping for an improvement on camera work and editing will be disappointed. It's the same crap as before. I guess it's their way of disguising bad planning and lousy choreography, by just tearing those miserable, shaky shots still further apart in the editing room and glue them together in cut fests which leave little to recognize for the viewer.

I hear they plan yet another sequel to drag this further through the mud. I can only hope they'll get to answer for this in final judgment, because too many sheep will go run and see it anyway, thus preventing the proper box office response. As said, the first two installments were just too good.",3
The Bourne Ultimatum,"Your a good guy programmed to be a controlled bad guy, turned good guy, who has to do bad-guy things. And you still don't really know who you are! The problem is, why is everyone else doing what they're doing?

This movies is pretty good - except for the story catalysts! The story all hinges on the actions of 3 characters. Pam Landy's actions make perfect sense, and are the saving grace of this film. But why does Neal Daniels, a man who is deeply entrenched with these covert operations, and has been from the beginning, suddenly start leaking information to the press? And don't you think this man would find a better way to get away with it?

And what are these lines supposed to mean? Nicky, ""It was really, hard for me, with you."" Bourne, ""What do you mean?"" Nicky, ""You really don't remember?"" Don't you think it would have been nice if the audience and Bourne find out what this means? Without this left-out explanation, Nicky's actions make absolutely no sense at all! I hate cheated scripts. I watched until the end to find out and never did. And who walks away from that many car wrecks! Please!

If you don't want to be aggravated, then don't watch this one",3
The Bourne Ultimatum,"I cannot believe this film has scored so highly. It's not terrible, but it's absolutely not worthy of an 8, and while I've seen a lot of really strangely rated movies here, this one's really hard to believe.

1. It's the SAME MOVIE. Have you seen the first one? It was good. The second one? Decent. This one? NOTHING NEW.

2. Did you watch the camera? Apparently the budget couldn't support TRIPODS. Even cameramen who weren't either on speed or suffering severe withdrawal were apparently nowhere to be found. There's something to be said for using the camera to affect a mood; it can't be said here, though, with a straight face.

Such an uninspired movie with such a predictable plot should be enjoyed with popcorn and plenty of salt, NOT hoisted up with the top-ranked movies on this site.",3
The Bourne Ultimatum,"The Bourne Ultimatum marks the third installment in the Bourne franchise. It seems that all three films basically follow Jason Bourne on one continuous journey as he runs from the powers that be; people who for one reason or another want him dead.

As the film begins, we find out, he is still in fact, on the never ending run. He is understandably hell bent on finding out who he is and why he is able to do what he does. The agency that comes after him apparently wants to kill him simply because he's the loose cannon, the lost piece of the big puzzle that is their human rights violating war on terror. We never find out in the film what Jason really knows. Perhaps he holds some key information apart from the existence of his organization that, if revealed, could collapse the entire CIA. It seems the entire film is based on the premise that Jason has to outrun and out think the people who hired and trained him, but the ends don't justify the means. In retrospect, there is no intent; no purpose as to why Jason has to run apart from wanting to stay alive and find out who he is. The agency apparently doesn't know he has amnesia, but that's neither here nor there. As someone watching the film, I really didn't have any reason to invest in the story or the characters apart from feeling sorry for Jason Bourne's sad state of affairs (or maybe I only cared because it's Matt Damon?).

Nonetheless, the film is without a doubt, edge of your seat stuff. The pacing was terrific and you really are sitting there thinking about what is going to happen next, even though the ending is not at all satisfying. One technical downside to the film is the over use of the shaky camera work, trying to make this seem more like a documentary rather than a film. There are scenes where I was wishing it would just stay still so I could see what's happening without having to think the cameraman was going to fall over.

As for the action, yes it is there. The film ends up being more about tension and pacing rather than the over the top action of say, Die Hard 4. One scene in particular though will go down as one of the best hand to hand fight scenes in cinematic history.

Every performance in the film seems a little stale. Jason doesn't seem to have any remorse for the deaths, although he does show some compassion to a fellow treadstone agent. It seems they took out the human factor and watered it down to make this more of a summer movie.

Over all, the film wasn't bad but the writing was a bit weak. I would've preferred a better story with a more satisfying conclusion and more intriguing characters than the thriller that was the final product. Either way don't wait for the DVD; go watch this one in theatres.",3
The Bourne Ultimatum,"I watched the first of the sequel, then the second, and at this point I was fed up already. However, being this one in top 250 by the time I write this, I though this one was a one of a kind. Instead, I was trapped with more of the same again. Only ""better"" in the sense of *much more* of the same. The camera work is frantic; I really wonder how director x(I don't care what his name is) managed to do this. It's outstanding... AND tiring. Does this ""outstandicity"" make a superb film? Definitely no, in my opinion. We see ""outstanding"" rarities by the minute these days. For example, take someone who is able to speak inverted (detrevni) fluently; I knew such a person. Now is this good at all for any useful means? The film has no heart: it doesn't trap and captivate the spectator; it's a full rush of (much more than is acceptable)unreal events unfolding frantically. This is reserved for science-fiction, but this is not science fiction, neither is it realistic at all. Look... there is a part when someone says ""if things bla,bla, bla, then he would have gone to CNN""!! Let's all laugh out loud!!!! Yeah, as if there remained ANY media that does not belong to, or has already been bought by those who really rule at this awful decadent times we're living in. Come on! Don't waste your time. There are better things to do.",3
The Bourne Ultimatum,"Would you loose any fun from this movie, if instead of watching ""fights"" in this movie a narrator said: ""There is a fight; Bourne wins, but does not kill"" ? Or in another case he would say ""Bourne runs on roofs and jumps from one roof onto another"" or ""All cars bump each other, Bourne's car looses its trunk""? Almost nothing. Another option is to close eyes and listen, then fights are good and chases are OK. Only one chase was interesting to watch, when Bourne rides bike. If you try to understand why the evil CIA officer order killing after killing, only one reason could be seen: to show how very-very bad the guy and CIA is after everyone. It does not matter that these killings send warnings - or maybe it makes the movie ""more intriguing"": how such stupid person could make so good career? He can't even explain purpose of his baby-project without cheap newspaper cliché. Matt Damon is good, and I like Julia Stiles with him: I use to have feeling in the previous movies that had something in the past. So it is not zero, it is 3.",3
The Bourne Ultimatum,"This is Supremacy on steroids and that's not a good thing. And endless string of action scenes, all ruined by the horrible camera work which doesn't even stop when the action slows down. And the story... pure madness. The whole thing would be unwatchable if not for Matt Damon who is a great actor. I am still a fan of Identity but the three sequels are utter rubbish. Great theme song though.",3
The Bourne Ultimatum,"Visually incoherent storytelling of the basest sort. Stuck with an action movie script that looks like it was put together in shop class, Paul Greengrass is then hampered by the dullest possible supporting cast and a mandate to pander. The result is like an 80s Bruce Willis movie, only blurry and less amusing.

All three of these Bourne movies fail on just about every level. The action scenes, while for the most part live-action, are trendily overcut and blown out. They end up containing all the visual appeal of weak pc graphics. At least briefly there was a human interest story; now, Damon's the terminator, there's no love, and there's not enough action to make it anything but a bore. The crude device of the turncoat spook boss, and the crutch of the hit man's existential quest: these are as old as spy movies, old and, yes, moldy. This plot is no more extensive than the introductory chapter of a first person shooter game. Less so, in fact. I know more about Raccoon City than I know about this less realized world.

Once again, the occasionally excellent Matt Damon is given nothing to do but run up and down stairs, point a gun, and not smile. It's too bad, and indicative of what else is wrong with most of this type of movie: there's nobody to care about. I liked Franka Potente, but that was for her own virtues, not because of any value these movies sought out in her. And they killed her at the top of the second act. So with ULTIMATUM we yet again enter Bourne's world on the run, are given a minimum of information related to the story and no personal information whatsoever, except what's rehashed from the previous films. There is no new information in this one except the empty scene with Albert Finney at the end, a scene that lacks every sort of power anyway. What a waste; what an unsurprising letdown.

Greengrass may be possessed of more film-making knowledge than anybody right now; his work on ""Bloody Sunday"" and ""United 93"" stands as superior by any measure. And he does something here that shows remarkable savvy: after each frantically edited fight scene, he pauses the action as a cue for the target audience to applaud. This is generalship and not to be taken lightly. To achieve a sense of claustrophobia he also limits himself to about four shots through the whole thing: over the shoulder close-up on one eye is his favorite. Technically, except for an annoying reliance on a shaky hand-held camera, he is very good. His handicaps here, especially the soon-to-be-dated visuals and the witless screenplay, relegate BOURNE to one-summer obscurity. Nobody will remember this moment. Probably this movie will make lots of money from people who like the way video games look, and allow Greengrass and Damon to make more personal films unhampered. That would be the only possible positive result of ""Bourne Ultimatum.""",3
The Bourne Ultimatum,"I entered the theatre almost certain of treating myself with two hours of well-written though action-packed spy thriller. I left it over-bored by the constant suspension of disbelief required by the movie to accept even the simplest twists of the story, all relying on coincidence and wild guess instead of necessity - see the Tangiers manhunt to get an idea - and disappointed by the utter irrelevance of the final ""revelation"" which in retrospect deflate the moral quest the entire trilogy is built upon.

So a secret agent needs to be programmed to kill targets at the Agency request? Unbelievable as it is, this only means that he has possibly chosen the wrong career, and the Government has wasted the taxpayers money by recruiting a subject unsuitable for the job. To discover that the agent himself enrolled voluntarily to the conditioning program only depicts Bourne as a weak character, by being first in need of some extra boost to sustain his vocation, then by collapsing guilt-ridden.

Two minor notations. First on style: the frantically fuzzy cinematography may well be urgent and subjective and in the middle of the action, but dispenses the director with accurately staged hunts, crashes and all that in an action movie requires to be choreographed. Throughout the entire ""Bourne Ultimatum"" you have to guess to complete the picture of what's happening on screen beyond simple dynamic effects, and in the end you can't escape fatigue and the feeling of a sloppy production.

Second: Matt Damon. I don't discuss here his acting skills, which for this kind of movie are more than adequate - elsewhere I usually find him wooden - but simply his being physically capable of holding the title of ""sexiest man alive"" recently bestowed on him by ""People"". Not in his prime for some time now, in this last Bourne incarnation the broad, coarse features of his face are more evident than ever, singling him out as a natural candidate for an ""Elephant Man"" remake. He's certainly redefining the concept of sexy, outstretching it to the point where no suspension of disbelief is ever possible.",3
The Bourne Ultimatum,"I really enjoyed the intelligent characters and plot in The Bourne Identity, but this piece of crap is just destroying everything that was great about the first Bourne movie. It seems like someone has forced 10 monkeys to write an arbitrary story line. It has literally no coherent plot whatsoever.

It is just a long and surprisingly boring series of consecutive man hunts accompanied by ridiculous cliché lines like ""We've got to move!"" and ""They are on the run!"" - and this annoying ""Now-things- are-really-exiting"" music score. News: You can't have peaks, if you try to sell every god damn scene like it was the most exciting clip in the history of movies ... then everything just ends up looking ridiculous!

Insultingly many plot holes, like how CIA is always able to put at least 6 men on rooftops and around in the park in matter of seconds, no matter where on the globe the rendezvous is. And how no one bat an eyelash of a high speed pursuit through close traffic in NY shooting in every direction, and wrecking 100 cars on the way. Are we supposed to believe that that's normal procedure at Langley? Please!

And finally the camera movements - it does not, and will never compensate for a lack of story, to let the movie consist of ½ seconds clips with hand-held camera and poor focus! Most of the man hunt scenes (which is pretty close to 90% of the movie) looks like they were taken with a mobile phone by a jogging cameraman with spastic seizures! That might be fun to play with, as an artistic feature in a Dogme movie - here it just makes the movie almost impossible to watch! :-O",3
The Bourne Ultimatum,"Does the exact same thing as the previous two films, Jason tries to find out more abiut his past. That's it. The whole plot. Most of the action is lame, exept for one cool car chase and that's it. It also has one of the lamest cliffhanger endings ever.",3
The Bourne Ultimatum,"I loved the movie for the story line but the action parts left me feeling sick to my stomach and with a headache. It was so fast and jerky that I had to look away during the action parts. My husband and I both sat there looking at each other in disbelief that the action portions were so poorly done. We came to the conclusion that the filming of the action scenes in such jerky flashes(almost as if they picked out a bunch of scenes clipped them out, threw them onto the floor picked them up and pieced them back together again at random)was just a cheap way of filming and less work for the actors and perhaps no need for extras. Other than that the storyline was great and we hope that when they make the next Bourne movie they will fire the person who did the filming and do a better job on the action scenes.",3
The Bourne Ultimatum,"I seriously can't understand who could hire that Greengrass guy again to direct another part of the Bourne franchise, really! This movie is again almost UNWATCHABLE because of an totally annoying, constantly shaking, zooming, whirling, jittery camera ""style"" which only made me angry and nothing else. Is it so hard to get a decent camera guy? Why use your hyperactive 2 year old kid for the task? Or buy a tripod, for God's sake! This is an insult to the senses of every paying moviegoer. Who approved this visual catastrophe? Didn't the producers watch the movie before the release? This could really have been a great movie like the first one, directed by a REAL director. Please someone tell this Greengrass guy and the responsible producers that a shaky/blurry/constantly zooming cam + fast cuts throughout the whole movie is NOT COOL! And especially not in normal/quiet conversation scenes and such. This is film student stuff. Please bring Doug Liman back!",3
The Bourne Ultimatum,"Over half this film (like several recent films I've seen) looked like it was made by some guy with a camcorder running around after the actors. Do they not take filming seriously anymore? If you have any urge to see this movie, take a pair of eye-shades with you. You'll understand more if your not confused with all the stupid photography.

This type of film should generate a new Academy Award category, ""Most Visually Impaired Movie"". I'm not saying The Bourne Ultimatum will win, but it will be a contender.

I watched this movie about 1/2hr ago, came home and checked IMDb. I have no idea how or why it has a rating of 8.6 with 21,659 votes. 45% of people rated it as 10/10? It just does not make sense - personally, I now question the bias of the IMDBs rating system.

For me, watching The Bourne Ultimatum was not a pleasant experience because of the motion sickness and head ache it gave me. I gave up thinking about the story line early in the show. If I had gone on my own, I would have walked out, but was with a group and had to suffer till the end.",3
The Bourne Ultimatum,"Although Matt did some nice acting and stunts, we think they had more fun making this movie than we had watching it. The gratuitous violence of the fight scene in the apartment went on far too long. The chase scene with Matt and Julia went on forever. The car scenes were a little idiotic. We actually got bored at times.

The director didn't bring out the actresses. They seemed to be somewhat insipid. Julia and Joan can act a lot better than they do here. Scott Glenn didn't convince me.

I did enjoy the exotic locations. Some of the music was merely pounding and for such a long periods of time.

The use of technology was interesting and refreshing.",3
The Bourne Ultimatum,"I like the other two movies, I liked the Story, I like the Acting, but all that steady cam crap wasn't very steady, and did the whole movie have to be a chase scene? It was a little long and they tried to make it seem shorter by keeping the pace. I like the fighting styles, but it's to hard to watch the way they shot it. If that's the way action movies are going to be done now, I'm giving them up. A few witty lines and a lot of blurred movement and you walk out with a head ache and confusion. I don't call that entertainment I call that annoying. I can get that for free. I wouldn't have minded some steady cam work, some chase scene work, and then some story line work. They whole thing was done like a student film. ""Hey Guys I learned this new technique let's shoot the whole film that way.""",3
The Bourne Ultimatum,"This is a run-of-the-mill film that - unless you are desperate and haven't seen a film in ages - it might just keep you entertained, just.

Th story was predictable, typical and nothing special. The photography sucked; the colours were dull and seemed to have an overcast of gray over the film PLUS there was constant camera shake. Well, it had to have something to keep this film alive and to keep the audiences eyeballs from falling asleep. Faux action is what this film should be categorised as!

I found myself regularly drifting off to far more interesting experiences I had earlier in the day.

I've seen way better action films, with smart story lines. This was meant for teenagers, or die-hard Bourne fans. Don't waste your money.",3
The Bourne Ultimatum,"I just saw this movie tonight and sadly I think the cameraman was an advanced epileptic. The camera-work beyond SUCKED!!! I sat in the middle of a 250-300 seat theater and after about 30 minutes of trying to get my eyes to focus for more than a millisecond (even during quiet scenes of conversation), I had a raging headache. It was simply impossible to follow the action and it was not just annoying; it ruined the movie. It would have been really nice for Universal Pictures and the audience if after reading the script, taking the time to meticulously choreograph the action, chase, and fight scenes, and paying all those nice people lots of money to act it out if Paul Greengrass had thought to actually have had it filmed professionally instead of having a drunken chimp wave a second-hand video camera in the vague direction of the action. What a waste of time and effort. It makes no difference how good the action is, how good the script is, how good the acting is, etc. if you are unable to follow what the hell is happening on the screen! Don't go see this. Wait till it comes out on video and then just listen to the audio when you rent it.",3
The Bourne Ultimatum,"OK, I know how much people generally love this movie, already voted into the Top 250... But it's predictable in that it doesn't deviate from the standard way movies like these and James Bond films do. That's not to say the action in between isn't bad, it just feels unnecessary and bland because we are already 99% sure how it's going to end. And we're right.

Even still, trying to enjoy it anyways is hard. Someone, and I think literally, went insane in the editing room. What is the average shot time? Can't be more than about 1 & 1/2 seconds. Warning, this movie is likely to induce headaches for those of us old enough to remember when films weren't afraid to move slowly, or at least at jogging pace. Without so many cuts it would be much easier to appreciate the story and the locales. But maybe nobody really cares about those types of things anymore. I don't mean to be a killjoy, although this movie deserves it.",3
The Bourne Ultimatum,"Hmmmm. . . why don't any of the cars involved in the car crashes have air bags? That's just a niggling little detail, but the movie is full of improbabilities and inconsistencies. It added nothing to what we had already seen and the first two installments did it better. I quickly became bored with the unimaginative chase scenes where you can't even tell what's going on. Same with the fight scenes. It is essentially the same plot as the first two movies. Maybe in the fourth installment Bourne will go after somebody that's even higher up in the food chain. There is no real attempt at character development here. The movie is aimed for those people who like hearing dramatic music leading up to car chases or fist fights. Obviously this is what a lot of people like, judging from the comments here, but I found the movie simply tedious after a while. I can not understand why it has received such high praise from critics.",3
The Bourne Ultimatum,"""Why me? WHY IS IT ALWAYS ME?"" This is the plaintive cry that was uttered repeatedly by Capt. Wally Binghamton whenever he was having a run-in with his nemesis Cmdr. Quinton McHale in McHale's Navy. Now I ask the same question, except I'm not contending with a Quinton McHale. Instead I wonder whether it is my fate to watch extremely bad movies, of which this movie may top the list. There is nothing more pathetic cinematically than a pretentious movie. This movie lacks a coherent storyline; lacks anything that even remotely approaches good acting; and is just another noisy Hollywood special effects-a-rama. There is nonstop fighting, ongoing violence, constant noise, but it's not a war movie. Actually I'm still trying to figure out whether this movie is a drama, thriller, action, science-fiction, or what? When I have to struggle figuring out what a movie is about (and Hollywood is not known to produce movies with complex plots) then there is a problem. Maybe it's me ... but maybe it's the movie. I opt for the latter. If you decide to watch this movie and don't like it, don't say I didn't warn you.",3
The Bourne Ultimatum,"I really enjoyed the previous Bourne movies and I loved the story of this one, too - it helped wrap up many of the loose ends from the previous movies.

But I can't give it a good rating because the filming was awful! WHY do filmmakers feel they have to constantly move the camera??? Even when focused in closely on one of the actor's faces, the camera never stopped. This movie had the most movement of any movie I've seen. It completely ruined the enjoyment for me.

It was at it's worst during the action scenes - my eyes were actually watering. And, at times, I wasn't sure what was really happening because of all the camera movement.

If this bothers you, too, then wait for it to come out on DVD where the movement will be less noticeable.",4
The Bourne Ultimatum,"Quite awful film, full of cliché and nothing new to movies. Shaky camera has been used in 1000 other films, super assassin in 100,000 and secret agent tricks etc. used in 100,000,000 movies. I couldn't see the meaning of this movie, why was it made? The teen movie price is JUST THE PRICE this movie deserves, nothing more...2hours of bullshit that has been used in 1000 films before.

I didn't see the two movies before and maybe that was a mistake, but usually when movies appear self titled they should also work as a single movie, not as a trilogy (for example Lord of the Rings: Return of the king). Well Matt Damon has a lot better movies than this and I really hope people could see trough this nonsense...

Maybe this works for the Americans, but I like to think in my movies and this gave nothing, just a -10e for my wallet...",4
The Bourne Ultimatum,"This is the trilogy of Bourne series. I had read the first novel about two decades ago, and the thrill of the imagining oneself as Bourne still remains with me, so I was excited to see what this new Bourne movie is to deliver.

The story line is wafer thin. CIA Government agents want to kill Jason Bourne (Matt Damon) who is trying to find out about his past. This leads to a global chase from Moscow to London to France to Berlin to Madrid to Morocco to New York (a side mention of India  just in talks). Obviously, in the end Jason Bourne remains unhurt and a winner  super hero! Director Paul Greengrass has maintained the same tempo as Bourne Supremacy. He uses hand held camera work (jarring and giddy) and quick edits (straining and blinding) to communicate a fast pace, but it leaves especially our eyes strained a lot.

As there is no story  there is a lot of actions. So actions lovers would love this movie. The feel one gets after seeing Jason Bourne is a resemblance to James Bond movies (but those have a lot of substance to it). Matt Damon is okay, a bit puffy faced.

Like Indian Bollywood movies  once we keep our brains outside the theatres and being empty-heads, watch this movie  this movie is somewhat enjoyable. Otherwise to accept those stupid globe trotting, easy sneak ins, child-play stunts, scratch-less hero, clichéd villains, perfect predictions of our hero - of cc-TV camera movements and people who follow him, etc. There are so many moments  where you shake your head and say to yourself  okay, this is a stupid movie silly, so do not use your gray cells! Coincidently I saw the movie on 13 Sep. So what? Jason Bourne's birthday was shown as 13 Sep.

As lots of Indian movies show their weird macho society's ego trip  so does this works to satisfy foolish American macho society's alter ego trip.

(Stars 4.5 out of 10)",4
The Bourne Ultimatum,"Let's face it: This is a pretty hyped movie. It has lots of plot holes and no ""soul"" at all.

Most annoying is the way this movie is cut: Nearly every take is filmed with a handy-cam and zooms, trembles and pans. On top of this, the vast majority of takes is less than a few seconds, at least it feels like this.

My girlfriend got a headache because of this and left the theater, many of my fellow co-viewers felt the same after the ending, including myself.

This is a pity, because both the Bourne movies and books are a great franchise and Matt Damon surely does his best and shows some impressive action. I rather enjoyed the fact that you won't see the typical CGI-enhanced stunts with exploding cars and buildings that were fashion until late.

But, I ask you, what is all of this worth if you leave the theater with a headache and sore eyes? I rated this a 4 (the first part I rated 8 back then), and just because I like the characters and the settings. If it wasn't for them, this would have been a 2 or 3 at most. It eludes me why this movie is rated among the #250 of all time. Would the director have chosen a more relaxed way of filming, this movie would've gotten even better ratings as far as I and my friends are concerned.

Very disappointing...",4
The Bourne Ultimatum,"I don't understand why this movie was hype so much in the media and among other movie goers. The movie was slow, the action scenes were horribly fake and such a far stretch. The ending was terrible (honestly he falls off an 10 story building while being shot in the shoulder and lives?), the script and dialog between the characters was horrible. How many times can they say this line ""Wow, you really don't know who you are?"" This movie was terrible. I loved the first and second one but this was sloppy. Movie goers just wanted an action packed movie. The action in this movie was by far the worst out of all three of them. Ultimatum was slow and drawn out. Do not see it.",4
The Bourne Ultimatum,"This movie may be many things but definitely not top 100 for all times! that's just ridiculous, what is up with people these years, what is up with Hollywood. All those big production companies pay ""rating agents"" crazy money to boost their movie ratings on websites like this one. IMDb is going down man :( Ultimatum is JUST another unrealistic action-hero flick. Stupid shaky fight sequences gave me a crazy headache, you can't even see the actors. The bad guys (CIA in this case) are BEYOND dumb as they're so easy to spy on, trick, beat, infiltrate, rob, etc.... its RIDICULOUS, so far from reality. And the Bourne character is basically a Robocop/Bruce Lee/Terminator/Batman mix. Its far beyond action-hero stuff, its SUPER HERO! It reminded me of Die Hard 4 which was even more ridiculous LOL

Which one of you uneducated creamy-pie-loving boys and girls can tell me how this movie can POSSIBLY rate higher than movies from Stanley Kubrick, Akira Kurosawa, Steven Spielberg, Francis Ford Coppola, Quentin Tarantino, Hayao Miyazaki, Ridley Scott, Oliver Stone, Christopher Nolan, etc... One day these names will be entirely gone from top 250 list because of bs like this. Its sad that movie goers are getting dumber by the generation...",4
The Bourne Ultimatum,"Missed chance for the Bourne vehicle. Great is Damon's believable performance of Bourne, although one might expect a bit more emotion after a three year run from everybody. Second best thing is the action which is spectacular but, unfortunately, in such overwhelming abundance, that it starts to annoy. Besides that, the story is... well, what IS the story? After two Bourne-is-on-the-run flicks, this is just a third. There's a bit of recap at the beginning and some wrapping up at the end, but it's just not satisfying enough to explain three years and three films of running and waiting. Too bad, for something that started from such a great story by Ludlum. But then again; what's the objective? If you're in it for the action, there might not be a better series so far. But if you're looking for a bit of a decent story, you might as well go back to the 1988 mini series with Richard Chamberlain. Might look a bit dusty, but great story.",4
The Bourne Ultimatum,"I would have scored this movie a 6 if the only point of a movie was to deliver some great chases. There are some great chases here. But is there anything else? Not really. Unless you count a completely uninteresting and unbelievable story. There are so many action films that actually bothered to have some kind of story but this is not one of them. And I like mind blowing action as much as the next guy, but I also like to believe what Im seeing. Especially if I'm watching a a modern day film thats not sci/fi or fantasy based. Not the best Bourne and definitely not a top 250 movie by a loooong shot. However if you want to see some good chase scenes, take a look! Thankfully this is the last bourne, cause another one along these lines would have been ultimately unbearable!",4
The Bourne Ultimatum,"I do not remember a darn thing about this. I did not see any of the movies and that may have helped. Hardly any of it was good and I thought it sucked. Please skip this. 2007 movies I recommend: Norbit, Daddy's Little Girls, Ratatouille, Shrek The 3rd, Bridge To Terabitha, Are We Done Yet, Firehouse Dog, The Simpsons Movie, Pirates/At World's End, Evan Almighty,and many more. Better Matt Damon Movies: Saving Private Ryan, We Bought A Zoo, The Departed, and more. These are movies you should see. Not this.",4
The Bourne Ultimatum,"Average action movie , nothing special.

doesn't deserve to be one of the 250 best movies of all time.

The plot is kinda interesting in the first film of this trilogy.

the second and the third just regular action movie with the same formula:

1. Average acting.

2. 90% of the film is jumping from rooftops and Cgi explodings.

Im not saying that this movie so bad but its just another action flick.

surely not deserve to be on 250 list.

overall this movie is a little better then most action movies in 2007 but thats it.!

4 / 10 .",4
The Bourne Ultimatum,"Big Headache -

I did have to close my eyes to ""watch"" much of this film in the theater. The bumpy camera work continued even during what should have been still close-ups. The sheer white burnout area of so many of the camera shots was like having a flashlight shine in my eyes every couple of milliseconds. The focus was horrible - and all over the place. Yes, I enjoy Jason Bourne, and maybe this film would be more effective on TV - but it was a very trying experience at the movies.

Do the stars of this picture look so bad that we should not be able to focus on them? I left the movie having a better idea of what the characters Landy and Daniels looked like than Bourne or the Stiles character.

Hopefully this style of camera-work it will be out of style soon.

So - the emperor has no clothes - this style of filming is flashy and unrelenting and makes for a painful viewing experience.

Enjoy the story with your eyes closed -",4
The Bourne Ultimatum,"I only comment because of it's rating of 8.7. #56 of the top 250??? This is an insult to the 194 movies with a lower rating. The story is not genuine at all. A special agent gets out of control, his agency is out of control too... What else is new? The action scenes could be impressive, but you hardly see what's going on. The pictures are cut in such an swift sequence that you can barely follow with your eyes, let alone your brain. Besides, what is it with this fashion of shaky cameras? Is Parkinson's decease now a condition of employment for camera men. Or are they all alcoholics who didn't get a drink in days? If you need to waste money for watching it in a theater, take the very last row or you will get splitting head aches, and don't forget your aspirin.",4
The Bourne Ultimatum,"No way this movie is a 8.7/10 as it currently is rated !

I haven't seen the first 2 Bourne movies, I guess there is no point now!

There was unnecessary camera shaking which often made it difficult to see what was going on. Unnecessary lack of realism in several spots distracted from movie, see minor spoiler below.

I didn't really care if any of the characters lived or died. I wanted to leave the theater half-way through and I would have if my friends weren't with me.

Save your $9.50 and go rent ""Casino Royale"" or ""The Good Shepherd"". These movies are way better and also have more realistic ratings.

Minor spoiler follows.

I thought it was stupid that Bourne could hit the acknowledge button on a RAZR cell phone to be able to confirm ""a kill"" in this age of passwords--and don't tell me he just knew the password. I also thought it was stupid that one could just look into a CIA building where classified materials are kept from another skyscraper--that's not how it works folks. Look up SCIF on wikipedia. There ain't no windows. I know there are more such stupid examples, I'm glad I can't remember them!

I thought it was sad that Motorola has bet its future on selling commodity RAZRs, such as the ones seen in this film. Movies already make a bloody fortune, don't need more advertising. Lots of people have been laid off from Motorola, probably should make a movie about that, it would be more interesting than this one.",4
The Bourne Ultimatum,"This movie was a steaming pile of garbage. Alleged super-spy Jason Bourne is apparently the only person in the movie with more than one neuron yet even he (hunted for by the UberCIA) is able to move around the world with ease, avoiding all facial recognition software, making no effort to chance his appearance, or even his clothes. He is also apparently made of titanium as he survives (essentially unscathed) fights, falls, explosions etc that would cripple an entire platoon of Marines. This is not the worst part. The worst part of the film is the utter lack of realism. The CIA conducting black bag ops in the UK without being cleared/found out by MI6? The CIA is able to get people into any place on a nanoseconds notice? The CIA can hack everything? They are able to get blueprints of a random hotel in Algeria? What, they've had people spanning the globe scanning blueprints of EVERY building? The CIA opens fire on the NYPD? The CIA executes a shoot on site order on US soil, in NYC never the less? This movie took more than a willing suspension of disbelief, it took a lobotomy. The action sequences were nothing special, almost all of it has been seen in other movies. Subpar garbage even for the summer.",4
The Bourne Ultimatum,"I guess I miss the point of these films. Big drum beats, shaky camera and quick scenes don't equate to a good film, in my opinion. I could use a bit more depth, but I guess it's not fitting for the plot. The frenetic pace actually wore on me at first and then bored me. The 'twists' really didn't seem all that surprising and the end did not seem all that fantastic or unbelievable to me. Is this the best they can come up with? With films like this being swallowed like precious wine from everyone, Hollowood won't be making anything good for a long time. Come on people, demand better. I can only go 5 of 10 here and as I think about it more and more, it's generous.",4
The Bourne Ultimatum,"The 'ultimate' in a series of movies which aims to dumb down human understanding of how intelligence agencies and their agents work. Move over movie-makers who believe that films are supposed to inform apart from entertain and closely resemble reality. Who needs your painstaking research in this digital age when a few humans in front of monitors can chase and track everyone they want by pressing a key? The movie portrays the working of CIA that no intelligence agency can hope to attain even if half the world is populated by its robots and can move on to track 'targets' as soon as a single voice instruction is given by an individual sitting pretty somewhere in the US. Bourne Ultimatum's 8.1 rating as against Topaz's 6.3 is the giveaway clue on why people are encouraged to make such movies. If not of fantasy genre, it should be classified as a comedy, given the number of times I laughed out loud.",4
The Bourne Ultimatum,"Do government secrets really get spoken of at the local coffee shop? Isn't that worse than at a chain coffee shop? How many spies have spilled the beans at Denny's?

That's a huge package for a prepaid phone.

Both sides f-n with Pam.

Convenient broken curb.

He's always busting out of a windshield.

A little Bond in the water finale.",4
The Bourne Ultimatum,"I could totally beat up Bourne. And I have never been in any fight. It irritates me so much why the producers would pick Matt Damon as the film's enemy of Rome. There is at least 10 people I can think of that would have been credible. Gladiator's Russell Crowe for a starter. Franka Potente, in later Bourne instalments, would beat Damon's butt, and it's glaringly obvious. In the movie however, it's a role reversal, and Bourne/Damon rescues Potente. The movies at this point completely loose me. Someone really close to Damon financed this movie, as a special present for him. Else this makes no sense to me.",4
The Bourne Ultimatum,"For me ""The Bourne Ultimatum"" is definitively the weakest of the (generally overestimated) Bourne trilogy. It boils down to a rehash of Bourne 1 & 2: spies hunt Bourne, Bourne escapes and/or kills spies, Bourne escapes keystone cops, Bourne wins another car chase. The plot is virtually non-existent, and incidentally -granted that action movies do not strive for realism- I was a bit surprised how easily it was to get into a CIA building and steal top-secret files those (bad, obviously bad) CIA agents are willing to kill to protect.

On the plus side it's still entertaining, Joan Allen is still a great actress, and the Waterloo Station sequence is inspired.",4
The Bourne Ultimatum,"For some, this movie will be nearly unwatchable; the plot seems to be really good, the action is non-stop and intense, the pacing may be a little frantic, and maybe, just maybe, there was some really good fight choreography.

But I couldn't tell through the disastrous camera work. It's as if someone not only shot everything hand-held, but added oscillating mass drivers turned up to 11. It took so much away from the film, I came away feeling ripped off. Yes, I know that that is Greengrass' style, but it was worse in this movie than his previous efforts, and when combined with the other movie-shooting clichés (the blurry obscured over-the-shoulder talking head shot, which is OK once or twice, but beaten like a dead horse here), ends up burying what felt like might have been a great movie in a total mess.",4
The Bourne Ultimatum,"It is possible. You can make also an action/survival movie that would be less over the top and more natural. Watch for instance ""Essential killing"" (2010) starring Vincent Gallo.",4
The Bourne Ultimatum,"If you didn't see the other movies- you might like this one. BUT, If you saw the first Bourne movie you will notice this third addition is a big fat ZERO compared to the first movie.

This is a pathetic addition to what was a fantastic start. Paul Greengrass is the director for the latter two parts of BOURNE Trilogy -the ones that totally SUCK- this movie and the one before it-Bourne Supremacy. I had wondered why the first movie was so GREAT and this third movie and the one before it were so terrible... they changed directors... to PAUL GREENGRASS instead of the original, DOUG LIMAN is what happened.

Paul Greengrass is the same idiot that brought you the propaganda piece flight 93.. as if!!

Now he has put the final touches on ruining what was originally a GENIUS movie from Doug Liman.

I found out why Paul ruined the films from his own mouth: (interview)

""Paul Greengrass: Directing a Bourne film is chaos like you've never ever seen, believe me! But the reason for that is the Bourne films are a very interesting collision between a sort of indie mentality, which is where (original director) Doug (Liman) would come from, and the mainstream Hollywood mentality.""

So Paul is obviously the Hollywood Hatchet Man for the Bourne series-his job is to cut out what's good in the footage and put in what's holly-popular and wonder why it isn't any good at the finished product.

You don't get genius by serving up year old leftovers!!!! That's a lesson Hollywood has yet to learn.

The Bourne Identity is a great movie. The Bourne Supremacy is utter faux-indie Hollywood shake camera crap. The Bourne Ultimatum is derivative of both films in that it serves up a new plot - but the same footage as before and nothing even slightly representative of having any imagination whatsoever.

I really wonder why they bothered shooting this film. It has so much Bourne footage that we have already seen, Ad Nauseam. How many times do we need to see the same scene of Jason Bourne running around with the CIA on his heels at every corner and some civilian in tow screaming at everything going on around them as Jason kicks their ass. This scene is played over and over and over- like there is nothing else to the story but this scene being repeated.

I can make the next flick- I'll just have Matt Damon run around a building with people chasing him.. that's pretty much the main plot twist in this movie- it's time to run around in a new building. there so much more you can do with this character than play a game of tag!!!!! Maybe they should read the Bourne Books for some ideas??? ;-)

It really and truly sucks to know that certain television episodes of La Femme Nikita are superior to a major Hollywood release with full budget.

PLOT: Bourne is getting closer to uncovering the secret of his training and his past- but we have to watch a whole lot of repetitive scenes of the same stupid chase over and over again with no character development, nothing that wasn't done better in the first movie, and not any interesting characters or situation whatsoever through the entire film. Sure there's some cool action here and there- but its the exact same action as was in the first one- only the first movie did it ten times better.

Go see the Bourne Identity and burn the other two movies in this trilogy of Hollywood excess leading to imbecile releases such as this one and it's ugly brother Bourne Supremacy. Both are infantile in character development and fully unoriginal in cinematography.",4
The Bourne Ultimatum,"I liked ""The Bourne Identity"", but I found the plot of ""The Bourne Ultimatum"" incredibly boring (a simple idea, drawn out too far). To be fair, I never saw the 2nd film in this series, but it seems to not be an issue as the relevant plot developments are mentioned like 3 or 4 times in this film (ad nauseam). I didn't really care about the characters.

The negative complaints about this film are dominated by complaints about the shaky camera work during some action sequences. Though it makes it harder to understand exactly what's happening, I accepted it. But now that I look back, I think that the camera was shaken just to make the scene feel more exciting than it actually was. I suspect that the people who think that these action sequences are good are those who either a) like overstimulation (e.g., loud music at clubs) or possibly b) really like the realistic feel that they add. The realism is, I guess, a selling point of the Bourne films.

Here's what I liked about this film: The first full-scale action sequence was cool and novel. I really thought the film was going to take off at that point.

The second major sequence had its moments, but I wound up fantasizing about how it could be better.

There were very tiny, clever things that Bourne did which I thought were cool.

Toward the end of this film I thought about leaving. As the best parts were over, I wish I had.",4
The Bourne Ultimatum,"I loved ""The Bourne Identity"" and enjoyed ""The Bourne Supremacy"" quite a bit, so I was looking forward to watching ""The Bourne Ultimatum"". Unfortunately this film is very difficult to watch due to the shaking camera and the flashing, sub-second scenes. I ended up closing my eyes and just listening to quite a bit of this movie in order to make it through to the end.

From what I did see, this movie could have been entertaining, though they might as well have put a Superman cape on Jason Bourne at times. That's part of the fun, though. I found it a little silly that Bourne was able to easily break into CIA headquarters and steal confidential material from a safe. (The building security folks must have been on lunch break.) It also seemed odd that he would call the CIA folks and let them know he was standing in their office, but it made for a more dramatic exit, I guess. These are very minor quibbles though, as I really don't want or expect realistic action in a movie like this.

Overall, I rated this move a 5/10. It could easily have received a 9/10 rating from me if I could have watched it all. Get rid of the gimmicky camera work (bouncing camera, sub-second scenes, and full screen shots of the back of someone's head and 1/3 of another person's face) and this movie would be very good.",4
The Bourne Ultimatum,Far too much shaky cam. Over use of shaky cam makes film almost unwatchable.,4
